date,wind_all_a_close,pb_dispersion_raw,pb_dispersion_ma5
2008-06-13,2252.7292,0.0695380723347156,
2008-06-14,,0.06998325562159771,
2008-06-15,,0.0699278013778405,0.06981637644471794
2008-06-16,2229.855,0.0706611130519011,0.07002756059651373
2008-06-17,2139.335,0.07214193445043797,0.07045043536729859
2008-06-18,2250.9656,0.06950100054164574,0.0704430210086846
2008-06-19,2083.8157,0.07515328374960967,0.071477026634287
2008-06-20,2139.811,0.07393679148798346,0.07227882465631559
2008-06-21,,0.07416691649920194,0.07297998534577575
2008-06-22,,0.07410847133253588,0.07337329272219534
2008-06-23,2094.6201,0.07356643146719843,0.07418637890730588
2008-06-24,2144.9851,0.07016064562046569,0.07318785128147709
2008-06-25,2238.4973,0.06608763598226865,0.07161802018033411
2008-06-26,2252.1694,0.06433360713040309,0.06965135830657435
2008-06-27,2122.6404,0.07156816545069797,0.06914329713020675
2008-06-28,,0.07181958833519397,0.06879392850380586
2008-06-29,,0.07176330339135761,0.06911446005798424
2008-06-30,2113.6631,0.07004922959861676,0.06990677878125387
2008-07-01,2053.7485,0.07441096633232674,0.07192225062163861
2008-07-02,2064.2075,0.07429724984129196,0.07246806749975741
2008-07-03,2122.0725,0.07145352233166827,0.07239485429905226
2008-07-04,2112.7629,0.06855916470318199,0.07175402656141715
2008-07-05,,0.0691710782256356,0.07157839628682092
2008-07-06,,0.0691171646806429,0.07051963595648415
2008-07-07,2221.668,0.06562245505683163,0.06878467699959208
2008-07-08,2240.6165,0.06749832130704457,0.06799363679466734
2008-07-09,2318.7688,0.06504798501990008,0.06729140085801096
2008-07-10,2283.7444,0.06295382413189447,0.06604795003926273
2008-07-11,2268.8818,0.06360050748902667,0.06494461860093949
2008-07-12,,0.0642266903544608,0.06466546566046531
2008-07-13,,0.06417690222240309,0.06400118184353702
2008-07-14,2294.5195,0.06415046834486325,0.06382167850852966
2008-07-15,2210.1504,0.06664195999313124,0.06455930568077702
2008-07-16,2122.2349,0.0691321215988072,0.06566562850273312
2008-07-17,2103.2764,0.07073031234133165,0.06696635290010729
2008-07-18,2178.1821,0.06444249721952446,0.06701947189953156
2008-07-19,,0.06537481212893598,0.06726434065634611
2008-07-20,,0.0653244074935243,0.06700083015642472
2008-07-21,2253.7065,0.06241469594293508,0.06565734502525031
2008-07-22,2252.3738,0.06210994312014118,0.06393327118101219
2008-07-23,2237.7495,0.06212090556496382,0.06346895285010007
2008-07-24,2304.0649,0.058852925271288346,0.06216457547857055
2008-07-25,2279.1467,0.06052303396050575,0.061204300771966834
2008-07-26,,0.06133400155599696,0.06098816189457921
2008-07-27,,0.06128696627873009,0.06082356652629699
2008-07-28,2302.4583,0.06151223785059448,0.06070183298342313
2008-07-29,2257.5042,0.06347038846487814,0.06162532562214109
2008-07-30,2244.2021,0.06259663771099665,0.06204004637223927
2008-07-31,2178.0352,0.06527350377953016,0.0628279468169459
2008-08-01,2208.052,0.0597997296029381,0.0625304994817875
2008-08-02,,0.061267983240081314,0.06248164855968487
2008-08-03,,0.061221249461866134,0.062031820759082465
2008-08-04,2156.8218,0.06118346288803795,0.06174918579449072
2008-08-05,2103.7373,0.06312964369733048,0.061320413778050795
2008-08-06,2115.1619,0.06052763030319525,0.06146599391810222
2008-08-07,2118.1353,0.057846088740805705,0.0607816150182471
2008-08-08,2004.8966,0.06580347887632856,0.061698060901139586
2008-08-09,,0.06589790107090059,0.06264094853771211
2008-08-10,,0.0658479026634113,0.06318460033092828
2008-08-11,1888.0345,0.07591853275871649,0.06626278082203253
2008-08-12,1871.2091,0.08209225716166009,0.0711120145062034
2008-08-13,1868.9642,0.08252250983747851,0.0744558206984334
2008-08-14,1870.9609,0.08298421532890787,0.07787308355003486
2008-08-15,1872.623,0.08245850065251442,0.08119520314785547
2008-08-16,,0.08258631711803922,0.08252876001972002
2008-08-17,,0.08252398782210109,0.08261510615180823
2008-08-18,1761.8535,0.10111438460089607,0.08633348110449172
2008-08-19,1787.8885,0.09775253354594303,0.08928714474789876
2008-08-20,1927.1768,0.07842211477994171,0.08847986757338423
2008-08-21,1858.3785,0.08546184786137612,0.0890549737220516
2008-08-22,1825.9785,0.08866286482948377,0.09028274912352814
2008-08-23,,0.08982858283829834,0.08802558877100859
2008-08-24,,0.08976114396229361,0.08642731085427871
2008-08-25,1824.4906,0.09111703530838093,0.08896629495996655
2008-08-26,1760.4016,0.10356840730683334,0.09258760684905801
2008-08-27,1755.5468,0.10296011180456312,0.09544705624407387
2008-08-28,1760.803,0.10279366314327096,0.09804007230506838
2008-08-29,1805.5679,0.09650266644773307,0.09938837680215629
2008-08-30,,0.0965734513782979,0.10047966001613969
2008-08-31,,0.09650132781490858,0.09906624411775472
2008-09-01,1748.1185,0.10430391808101572,0.09933500537304525
2008-09-02,1738.8132,0.10485901181759001,0.09974807510790906
2008-09-03,1716.3032,0.10647676073858596,0.10174289396607963
2008-09-04,1721.2094,0.10620326192712108,0.10366885607584428
2008-09-05,1662.0713,0.11500978344028419,0.10737054720091939
2008-09-06,,0.11563125698083036,0.10963601498088234
2008-09-07,,0.11554534965766482,0.11177328254889729
2008-09-08,1608.1196,0.12921748153893775,0.11632142670896765
2008-09-09,1618.4464,0.12311991633969158,0.11970475759148173
2008-09-10,1625.1553,0.11814806894262771,0.12033241469195044
2008-09-11,1579.8145,0.1343506857672668,0.12407630044923774
2008-09-12,1582.6263,0.13820283541764586,0.12860779760123392
2008-09-13,,0.13391581418923676,0.12954746413129375
2008-09-14,,0.13381683723861645,0.13168684831107874
2008-09-15,,0.1337180064873324,0.13480083582001964
2008-09-16,1533.5214,0.14922389416583903,0.1377754774997341
2008-09-17,1486.5234,0.15705812902016297,0.14154653622023755
2008-09-18,1453.3866,0.16436614128624263,0.1476366016396387
2008-09-19,1590.3312,0.1422431380135658,0.14932186179462859
2008-09-20,,0.13928973287187724,0.15043620707153754
2008-09-21,,0.1391873139506479,0.1484288910284993
2008-09-22,1679.5824,0.11731757823053587,0.1404807808705739
2008-09-23,1601.7056,0.1359068056910323,0.13478891375153182
2008-09-24,1618.7,0.13596624635504895,0.13353353541982843
2008-09-25,1675.3915,0.12284687392325425,0.13024496363010388
2008-09-26,1686.1022,0.12383036114835665,0.1271735730696456
2008-09-27,,0.11839659792823315,0.12738937700918507
2008-09-28,,0.11830998739573262,0.12387001335012512
2008-09-29,,0.1182235034868176,0.12032146477647884
2008-09-30,,0.11813714592400766,0.11937951917662955
2008-10-01,,0.11805091443063248,0.1182236298330847
2008-10-02,,0.11796480873082896,0.11813727199360387
2008-10-03,,0.11787882854953825,0.118051040224365
2008-10-04,,0.11779297361250292,0.11796493424950205
2008-10-05,,0.11770724364626381,0.11787895379395327
2008-10-06,1608.1893,0.1475973820087388,0.12378824730957454
2008-10-07,1593.7,0.1447369678610514,0.12914267913561903
2008-10-08,1540.7529,0.1564156092733024,0.13685003528037187
2008-10-09,1521.5822,0.15954831100932873,0.14520110275973702
2008-10-10,1445.8997,0.1699326758517335,0.15564618920083095
2008-10-11,,0.16796981835754507,0.15972067647059224
2008-10-12,,0.16784818923491107,0.16434292074536416
2008-10-13,1497.361,0.16567613220454086,0.16619502533161185
2008-10-14,1456.8213,0.17140498193728942,0.16856635951720397
2008-10-15,1443.6514,0.1725913238476799,0.16909808911639326
2008-10-16,1371.4117,0.18896306333120377,0.173296738111125
2008-10-17,1382.613,0.18685684719606283,0.17709846970335535
2008-10-18,,0.18443202413484214,0.18084964808941562
2008-10-19,,0.18429914803676228,0.18342848130931017
2008-10-20,1428.9537,0.1802591274716413,0.18496204203410246
2008-10-21,1418.5533,0.1804526698021931,0.18325996332830033
2008-10-22,1384.9044,0.18740745899366446,0.18337008568782065
2008-10-23,1386.801,0.183856985318444,0.18325507792454104
2008-10-24,1352.1517,0.18616519410187485,0.18362828713756355
2008-10-25,,0.18708902165336963,0.1849942659739092
2008-10-26,,0.18695490765935288,0.18629471354534116
2008-10-27,1254.2893,0.19374803942681845,0.18756282963197196
2008-10-28,1290.2927,0.19210725165565964,0.1892128828994151
2008-10-29,1251.1436,0.19279646817159463,0.19053913771335904
2008-10-30,1276.6953,0.1929514366682781,0.19171162071634074
2008-10-31,1251.954,0.1923012226409776,0.19278088371266572
2008-11-01,,0.19321182290643651,0.1926736404085893
2008-11-02,,0.1930740113351766,0.1928669923444927
2008-11-03,1242.5164,0.1940495246925183,0.19311760364867742
2008-11-04,1224.8977,0.1938553530868504,0.1932983869323919
2008-11-05,1269.8339,0.1967771502831909,0.19419357246083455
2008-11-06,1242.4136,0.19168701138580216,0.19388861015670766
2008-11-07,1263.4465,0.1921541299499146,0.19370463387965528
2008-11-08,,0.19370483462118465,0.19363569586538854
2008-11-09,,0.1935673578045621,0.19357809680893087
2008-11-10,1356.4547,0.19290996409274144,0.19280465957084097
2008-11-11,1341.7775,0.19051302542787912,0.19256986237925638
2008-11-12,1362.1101,0.18708928038132155,0.19155689246553778
2008-11-13,1418.5471,0.18563936596675049,0.18994379873465095
2008-11-14,1473.3234,0.17995504720437142,0.1872213366146128
2008-11-15,,0.17982040963853618,0.18460342572377175
2008-11-16,,0.1796934178238197,0.18243950420295987
2008-11-17,1517.0703,0.16764281328640696,0.17855021078397695
2008-11-18,1406.0109,0.19374694397717257,0.18017172638606135
2008-11-19,1495.3405,0.1755358465815743,0.17928788626150194
2008-11-20,1484.1514,0.17669816747980496,0.17866343782975572
2008-11-21,1473.2891,0.18200903566402768,0.1791265613977973
2008-11-22,,0.18420573201189025,0.18243914514289394
2008-11-23,,0.18407628314891633,0.1805050129772427
2008-11-24,1412.4614,0.1935263931560603,0.1841031222921399
2008-11-25,1407.3141,0.19561093042503688,0.1878856748811863
2008-11-26,1415.0844,0.18988403225116068,0.18946067419861287
2008-11-27,1436.2472,0.1862254228143349,0.18986461235910182
2008-11-28,1410.1641,0.19174073065699573,0.19139750186071772
2008-11-29,,0.1920854604129786,0.19110931531210135
2008-11-30,,0.19195113491618632,0.19037735621033125
2008-12-01,1445.2114,0.18415838634281528,0.18923222702866216
2008-12-02,1454.6228,0.18131846948881913,0.18825083636355902
2008-12-03,1516.3572,0.1734411806382339,0.18459092635980665
2008-12-04,1534.5244,0.16923578594363548,0.18002099146593803
2008-12-05,1562.1953,0.16328068614262703,0.17428690171122616
2008-12-06,,0.16198665560033668,0.16985255556273043
2008-12-07,,0.1618739300223267,0.16596364766943197
2008-12-08,1625.7947,0.14690156115311812,0.1606557237724088
2008-12-09,1584.543,0.15273827921682914,0.15735622242704755
2008-12-10,1627.9438,0.1461761940351746,0.15393532400555704
2008-12-11,1585.9695,0.15290636275558792,0.15211926543660728
2008-12-12,1518.5996,0.16503102415417192,0.15275068426297633
2008-12-13,,0.1642037828764488,0.15621112860764247
2008-12-14,,0.1640900683453709,0.15848148643335083
2008-12-15,1535.2996,0.1654931890829638,0.16234488544290865
2008-12-16,1553.1232,0.16501826704940856,0.1647672663016728
2008-12-17,1562.939,0.16240683280714924,0.16424242803226824
2008-12-18,1594.6024,0.15419707859454576,0.16224108717588764
2008-12-19,1603.7252,0.1520909398577444,0.15984126147836236
2008-12-20,,0.1500564268126438,0.15675390902429837
2008-12-21,,0.14995301094302793,0.1537408578030222
2008-12-22,1585.9991,0.15373189183972993,0.15200586960953838
2008-12-23,1502.5857,0.1713266275705639,0.155431779404742
2008-12-24,1475.2223,0.1726381445368172,0.15954122034055657
2008-12-25,1466.4025,0.17442724134235477,0.16441538324649876
2008-12-26,1460.0336,0.1753430958594595,0.16949340022978507
2008-12-27,,0.1771064776106842,0.17416831738397592
2008-12-28,,0.17698500540381817,0.17529999295062676
2008-12-29,1457.9377,0.17836626057178193,0.17644561615761972
2008-12-30,1444.764,0.17864628737075686,0.1772894253633001
2008-12-31,1430.793,0.1809444784957096,0.17840970189055014
2009-01-01,,0.1819271367348658,0.17937383371538645
2009-01-02,,0.1818027846249992,0.1803373895596227
2009-01-03,,0.1816786023950641,0.1809998579242791
2009-01-04,,0.1815545896971835,0.18158151838956443
2009-01-05,1486.1136,0.17225890975515168,0.17984440464145285
2009-01-06,1533.1956,0.16396953089126928,0.17625288347273355
2009-01-07,1530.2023,0.16088473037751724,0.17206927262323715
2009-01-08,1496.3386,0.1655444249046564,0.16884243712515562
2009-01-09,1526.0046,0.16135835073365953,0.1648031893324508
2009-01-10,,0.15802908934932683,0.16195722525128584
2009-01-11,,0.15792173263101886,0.16074766559923578
2009-01-12,1532.6343,0.15558530509841384,0.1596877805434151
2009-01-13,1495.7859,0.15878952025271253,0.15833679961302632
2009-01-14,1557.2196,0.1505792871800821,0.15618098690231083
2009-01-15,1562.3286,0.15144269348390868,0.15486370772922722
2009-01-16,1584.4375,0.14744667927006364,0.15276869705703616
2009-01-17,,0.14425903408729668,0.1505034428548127
2009-01-18,,0.14416149586276167,0.14757783797682253
2009-01-19,1596.2539,0.14397941214255097,0.14625786296931634
2009-01-20,1609.8495,0.1469011610328325,0.14534955647910108
2009-01-21,1605.8326,0.1447643783763126,0.14481309630035089
2009-01-22,1626.0684,0.1432122404679378,0.1446037375764791
2009-01-23,1618.8582,0.14414172030792619,0.14459978246551203
2009-01-24,,0.13994204109110847,0.1437923082552235
2009-01-25,,0.1398478674429987,0.14238164953725674
2009-01-26,,0.13975382045749565,0.14137953795349337
2009-01-27,,0.13965989987923125,0.14066906983575206
2009-01-28,,0.13956610545352324,0.13975394686487147
2009-01-29,,0.13947243692637318,0.1396600260319244
2009-01-30,,0.13937889404446419,0.1395662313522175
2009-01-31,,0.13928547655515822,0.13947256257175
2009-02-01,,0.13919218420649435,0.13937901943720263
2009-02-02,1648.2607,0.14107585416930996,0.13968096918036
2009-02-03,1689.7445,0.13216194141029214,0.13821887007714376
2009-02-04,1731.1626,0.12650908091326588,0.13564490745090413
2009-02-05,1715.0173,0.1267567136264806,0.13313915486516859
2009-02-06,1784.7722,0.11923513110711775,0.12914774424529327
2009-02-07,,0.11992040487342104,0.1249166543861155
2009-02-08,,0.11984045793683877,0.12245235769142482
2009-02-09,1834.1404,0.11580406166636614,0.12031135384204487
2009-02-10,1865.4177,0.11378750698541044,0.11771751251383082
2009-02-11,1870.326,0.11363884656195718,0.11659825560479872
2009-02-12,1874.5706,0.11564364353281549,0.11574290333667761
2009-02-13,1939.6035,0.11427538052312251,0.11462988785393435
2009-02-14,,0.11496028102839996,0.11446113172634112
2009-02-15,,0.1148839968339551,0.11468042969605005
2009-02-16,1985.515,0.10817581364662247,0.11358782311298313
2009-02-17,1918.4017,0.1124050593434209,0.11294010627510417
2009-02-18,1835.2311,0.11696867673861468,0.11347876551820262
2009-02-19,1860.3833,0.11961087329070579,0.1144088839706638
2009-02-20,1904.6025,0.11912957047120142,0.11525799869811307
2009-02-21,,0.11996199066390786,0.11761523410157013
2009-02-22,,0.11988275553136894,0.11911077333915973
2009-02-23,1959.897,0.11859912017030325,0.11943686202549744
2009-02-24,1873.5916,0.12388686351753238,0.12029206007086277
2009-02-25,1876.9362,0.12226595652022329,0.12091933728066714
2009-02-26,1772.6082,0.12203895232535544,0.12133472961295666
2009-02-27,1711.6703,0.13008007811165267,0.1233741941290134
2009-02-28,,0.12863054884280786,0.12538047986351433
2009-03-01,,0.1285459791197028,0.1263123029839484
2009-03-02,1737.5874,0.12938115279978163,0.1277353422398601
2009-03-03,1730.1986,0.13395920220177882,0.13011939221514476
2009-03-04,1841.6871,0.1206511101275568,0.1282335986183256
2009-03-05,1857.4594,0.1168254174428617,0.12587257233833635
2009-03-06,1843.645,0.11767385315398401,0.1236981471451926
2009-03-07,,0.11951722912401548,0.12172536241003937
2009-03-08,,0.11943901104212805,0.11882132417810923
2009-03-09,1772.0095,0.12579292722913574,0.119849687598425
2009-03-10,1807.3876,0.11891892837757453,0.12026838978536758
2009-03-11,1794.2286,0.12166806225936054,0.12106723160644287
2009-03-12,1793.281,0.12140921288135229,0.12144562835791024
2009-03-13,1782.4777,0.12200338805569101,0.12195850376062282
2009-03-14,,0.12380537089886114,0.12156099249456791
2009-03-15,,0.1237247159341062,0.12252215000587423
2009-03-16,1810.2043,0.1204441981095871,0.12227737717591954
2009-03-17,1874.5575,0.11685373558899878,0.12136628171744886
2009-03-18,1887.0389,0.11877021942276111,0.12071964799086288
2009-03-19,1927.8315,0.11650364806354502,0.11925930342379965
2009-03-20,1923.4618,0.11808721882992078,0.11813180400296257
2009-03-21,,0.11918633181395911,0.11788023074383695
2009-03-22,,0.11910903847296432,0.11833129132063007
2009-03-23,1968.694,0.11533958125933848,0.11764516368794553
2009-03-24,1981.022,0.11388233167660082,0.11712090041055671
2009-03-25,1937.1666,0.11588903089635902,0.11668126282384435
2009-03-26,1995.1011,0.1121046004265364,0.11526491654635981
2009-03-27,2011.5227,0.11139096446124915,0.11372130174401678
2009-03-28,,0.11305512351934435,0.11326441019601793
2009-03-29,,0.11298213764231442,0.11308437138916068
2009-03-30,2006.582,0.11493976626713101,0.11289451846331507
2009-03-31,2026.4078,0.11575674294940926,0.11362494696788965
2009-04-01,2057.6682,0.11336347538909419,0.11401944915345866
2009-04-02,2073.1357,0.11049998113716908,0.1135084206770236
2009-04-03,2063.1602,0.1090013591215884,0.11271226497287838
2009-04-04,,0.10979610571782107,0.1116835328630164
2009-04-05,,0.10972554266787389,0.11047729280670933
2009-04-06,,0.10965507025768256,0.10973561178042701
2009-04-07,2074.1763,0.10770652055502651,0.10917691966399849
2009-04-08,1997.9828,0.11624481349597424,0.11062561053887565
2009-04-09,2030.7097,0.11568638348995047,0.11180366609330154
2009-04-10,2093.5957,0.11326205586429984,0.11251096873258673
2009-04-11,,0.1139708861106739,0.11337413190318499
2009-04-12,,0.1138979680773337,0.11461242140764642
2009-04-13,2136.542,0.10769474381379732,0.11290240747121105
2009-04-14,2160.8674,0.10729116200883992,0.11122336317498893
2009-04-15,2177.2383,0.10848940204301781,0.11026883241073253
2009-04-16,2180.7097,0.10893229441882968,0.10926111407236369
2009-04-17,2152.6477,0.11113817502744278,0.10870915546238549
2009-04-18,,0.11172063243519365,0.10951433318666477
2009-04-19,,0.1116494727966999,0.11038599534423676
2009-04-20,2202.3171,0.10725895298073289,0.11013990553177977
2009-04-21,2184.1729,0.11147849858799987,0.1106491463656138
2009-04-22,2096.0049,0.1131102662361711,0.1110435646073595
2009-04-23,2109.4617,0.11492384765782844,0.11168420765188644
2009-04-24,2092.3784,0.11878826180398806,0.11311196545334408
2009-04-25,,0.12083083882712199,0.11582634262262188
2009-04-26,,0.12075421813033875,0.11768148653108967
2009-04-27,2033.5148,0.12006314813476744,0.11907206291080893
2009-04-28,2044.009,0.12355952826796944,0.12079919903283713
2009-04-29,2106.6289,0.11962682261332365,0.12096691119470426
2009-04-30,2126.0664,0.12323845270065951,0.12144843396941177
2009-05-01,,0.12428264661769382,0.12215411966688279
2009-05-02,,0.12420413578597071,0.12298231719712342
2009-05-03,,0.12412572408408563,0.12309555636034666
2009-05-04,2197.8037,0.11882625512937182,0.12293544286355629
2009-05-05,2212.7683,0.11886722393451087,0.12206119711032656
2009-05-06,2243.772,0.11939318810182327,0.12108330540715247
2009-05-07,2239.551,0.11722834841407218,0.11968814793277276
2009-05-08,2253.5981,0.11212823384994355,0.11728864988594434
2009-05-09,,0.11266120927324079,0.11605564071471812
2009-05-10,,0.11259039770235882,0.11480027546828772
2009-05-11,2192.4109,0.11287548733415124,0.11349673531475331
2009-05-12,2243.9802,0.11071614473475543,0.11219429457888996
2009-05-13,2262.6072,0.10976092752288472,0.1117208333134782
2009-05-14,2254.4841,0.11397209176700722,0.11198300981223148
2009-05-15,2261.9434,0.11444851681512674,0.11235463363478507
2009-05-16,,0.11491805404972266,0.11276314697789935
2009-05-17,,0.11484614037384673,0.11358914610571762
2009-05-18,2274.1082,0.11554854850563953,0.11474667030226857
2009-05-19,2295.6641,0.11426353938507595,0.11480495982588232
2009-05-20,2275.3721,0.11705438314336422,0.11532613309152981
2009-05-21,2228.4836,0.11810527778464583,0.11596357783851445
2009-05-22,2225.3162,0.11771741966594795,0.11653783369693471
2009-05-23,,0.1182019387406641,0.11706851174393962
2009-05-24,,0.1181282926729129,0.11784146240150699
2009-05-25,2233.5203,0.11900492106849445,0.11823156998653303
2009-05-26,2219.7119,0.12187459087407855,0.11898543260441959
2009-05-27,2241.2397,0.11445652747198794,0.1183332541656276
2009-05-28,,0.11549938602730414,0.1177927436229556
2009-05-29,,0.11542764727821886,0.11725261454401678
2009-05-30,,0.1153559975902746,0.11652282984837281
2009-05-31,,0.11528443679772479,0.11520479903310206
2009-06-01,2305.3772,0.10388031071131111,0.11308955568096671
2009-06-02,2313.6648,0.10577402743635478,0.11114448396277683
2009-06-03,2356.5671,0.09218207685453719,0.1064953698780405
2009-06-04,2363.4028,0.08481562637122834,0.10038729563423124
2009-06-05,2352.8701,0.08796879555232083,0.09492416738515044
2009-06-06,,0.08886240717538606,0.09192058667796543
2009-06-07,,0.08880751995662423,0.08852728518201933
2009-06-08,2354.9443,0.0740156009707969,0.08489399000527127
2009-06-09,2368.084,0.06838708339963281,0.08160828141095217
2009-06-10,2392.5452,0.06756429115040698,0.07752738053056939
2009-06-11,2375.4102,0.0659736788811084,0.07294963487171387
2009-06-12,2330.6055,0.06864428859181057,0.06891698859875113
2009-06-13,,0.06957772015846067,0.06802941243628388
2009-06-14,,0.06953492943265595,0.06825898164288852
2009-06-15,2373.0356,0.058214744355854095,0.06638907228397795
2009-06-16,2370.2083,0.059559143173108765,0.06510616514237802
2009-06-17,2406.8809,0.058848134382569944,0.0631469343005299
2009-06-18,2436.4673,0.054162859634687754,0.0600639621957753
2009-06-19,2450.0464,0.04927873904256005,0.05601272411775613
2009-06-20,,0.05060347320765082,0.05449046988811547
2009-06-21,,0.05057248516527015,0.052693138286547744
2009-06-22,2444.9011,0.04796860601860834,0.050517232613755424
2009-06-23,2442.7095,0.048660595887141105,0.0494167798642461
2009-06-24,2473.3696,0.05024681526892174,0.04961039510951844
2009-06-25,2471.8921,0.04921660551792188,0.04933302157157264
2009-06-26,2480.6362,0.049265527158154125,0.04907162997014944
2009-06-27,,0.0501727611661263,0.04951246099965303
2009-06-28,,0.050142168019073785,0.049808775426039564
2009-06-29,2513.2686,0.04820569447638477,0.04940055126753218
2009-06-30,2500.6418,0.04922330531022749,0.0494018912259933
2009-07-01,2547.8818,0.04937581926284222,0.04942394964693091
2009-07-02,2579.7644,0.04496714607739929,0.04838282662918551
2009-07-03,2611.188,0.045919269079236345,0.047538246841218025
2009-07-04,,0.046826833512492616,0.04726247464843959
2009-07-05,,0.04679840191958885,0.04677749397031187
2009-07-06,2643.4385,0.04532072881650712,0.04596647588104484
2009-07-07,2626.626,0.0472821695109398,0.04642948056775295
2009-07-08,2635.5596,0.043786201337593283,0.04600286701942434
2009-07-09,2675.8687,0.04299129447984666,0.045235759212895146
2009-07-10,2680.2454,0.04383510881384955,0.04464310059174728
2009-07-11,,0.04476723108968271,0.044532401046382404
2009-07-12,,0.04474016504912062,0.04402400015401857
2009-07-13,2668.1433,0.04788631489665492,0.04484402286583089
2009-07-14,2730.0032,0.04530140040685188,0.04530604405123193
2009-07-15,2755.821,0.04434990502467227,0.045409003293396484
2009-07-16,2754.8064,0.04234463124054809,0.044924483323569554
2009-07-17,2764.6948,0.04428947371983655,0.04483434505771274
2009-07-18,,0.04535108443401302,0.044327298965184364
2009-07-19,,0.04532378095151212,0.04433177507411641
2009-07-20,2815.5415,0.04385330638354737,0.04423245534589143
2009-07-21,2768.6079,0.04282828069193564,0.04432918523616893
2009-07-22,2816.3367,0.04128207000674081,0.04372770449354979
2009-07-23,2849.4561,0.0406912542991337,0.04279573846657393
2009-07-24,2852.0144,0.04243198779614074,0.042217379835499655
2009-07-25,,0.04281391531596643,0.04200950162198346
2009-07-26,,0.0427882475010288,0.042001494983802096
2009-07-27,2911.2957,0.04102116858163542,0.041949314698781014
2009-07-28,2928.2188,0.043411998816403174,0.04249346360223491
2009-07-29,2775.7808,0.04062546598985381,0.042132159240977525
2009-07-30,2828.9719,0.03897454505239007,0.041364285188262254
2009-07-31,2907.0378,0.041545703802599226,0.041115776448576336
2009-08-01,,0.04194636841560625,0.041300816415370506
2009-08-02,,0.04192132580759693,0.04100268181360926
2009-08-03,2953.0107,0.04072772334268706,0.04102313328417591
2009-08-04,2959.762,0.0423439610835965,0.041697016490417196
2009-08-05,2938.4719,0.043583112627613003,0.04210449825541994
2009-08-06,2884.1853,0.04616432829116058,0.04294809023053082
2009-08-07,2802.2051,0.04412523434852606,0.04338887193871664
2009-08-08,,0.04478928427209257,0.04420118412459774
2009-08-09,,0.04476265568453486,0.04468492304478542
2009-08-10,2804.4341,0.04525989097472777,0.04502027871420837
2009-08-11,2817.3872,0.045770685722722776,0.044941550200520805
2009-08-12,2693.9119,0.04574599218841514,0.045265701768498624
2009-08-13,2714.854,0.04393867160565088,0.045095579235210285
2009-08-14,2625.55,0.04860342238057659,0.04586373257441863
2009-08-15,,0.05071021512654773,0.04695379740478262
2009-08-16,,0.050680191316526076,0.04793569852354328
2009-08-17,2463.0603,0.06091888179092084,0.050970276444044414
2009-08-18,2494.3069,0.05940617697335248,0.054063777517584746
2009-08-19,2377.771,0.06878797436839647,0.05810068791514872
2009-08-20,2471.5894,0.06217531446843518,0.06039370778352621
2009-08-21,2523.7246,0.05990359821487602,0.0622383891631962
2009-08-22,,0.0642933451431112,0.06291328183363427
2009-08-23,,0.06425543633111644,0.06388313370518707
2009-08-24,2551.7378,0.06374303762111373,0.0628741463557305
2009-08-25,2477.8884,0.0704020470389721,0.06451949286983791
2009-08-26,2535.0442,0.07089944020984004,0.0667186612688307
2009-08-27,2538.0938,0.07185546322591894,0.06823108488539224
2009-08-28,2460.324,0.0811661669121732,0.0716132310016036
2009-08-29,,0.08314486265123466,0.0754935960076278
2009-08-30,,0.083096040066002,0.07803239461303377
2009-08-31,2290.3669,0.10103522988203058,0.08405955254747188
2009-09-01,2294.5708,0.08829256233609027,0.08734697236950614
2009-09-02,2321.7961,0.07916514531107617,0.08694676804928674
2009-09-03,2439.8274,0.06995053170860897,0.0843079018607616
2009-09-04,2464.2466,0.07194489278563014,0.08207767240468722
2009-09-05,,0.07330184318008931,0.07653099506429897
2009-09-06,,0.07325897660513019,0.07352427791810695
2009-09-07,2487.3386,0.07327821814878338,0.07234689248564839
2009-09-08,2535.074,0.0709592584830254,0.0725486378405317
2009-09-09,2550.4365,0.07246746531883196,0.07265315234717204
2009-09-10,2526.4753,0.07208068596512242,0.07240892090417868
2009-09-11,2581.6362,0.061838470717738854,0.0701248197267004
2009-09-12,,0.06303375160484583,0.0680759264179129
2009-09-13,,0.06299704004304917,0.06648348272991764
2009-09-14,2629.2842,0.06048318221121141,0.06408662610839354
2009-09-15,2641.1228,0.06251157194577205,0.06217280330452346
2009-09-16,2618.2334,0.06877063008488225,0.06355923517795214
2009-09-17,2669.7319,0.06347677230211085,0.06364783931740516
2009-09-18,2579.6609,0.0704765538507852,0.06514374207895235
2009-09-19,,0.0716156246938381,0.0673702305754777
2009-09-20,,0.07157408430828485,0.06918273304798025
2009-09-21,2597.3918,0.07353649339482173,0.07013590570996815
2009-09-22,2539.2256,0.07943751906610177,0.07332805506276632
2009-09-23,2480.3601,0.08100607575030018,0.07543395944266933
2009-09-24,2482.1772,0.07278249116940827,0.07566733273778335
2009-09-25,2462.6953,0.07229944691174303,0.075812405258475
2009-09-26,,0.07345901538072427,0.0757969096556555
2009-09-27,,0.07341657805237027,0.07459272145290921
2009-09-28,2398.6887,0.07709036110098863,0.0738095785230469
2009-09-29,2381.9404,0.07367131506802077,0.07398734330276939
2009-09-30,2406.5757,0.0756767038814362,0.07466279469670803
2009-10-01,,0.07732577050753363,0.0754361457220699
2009-10-02,,0.07728122801300165,0.07620907571419618
2009-10-03,,0.07723673680516457,0.07623835085503136
2009-10-04,,0.07719229679549532,0.07694254720052626
2009-10-05,,0.07714790789567041,0.07723678800337312
2009-10-06,,0.07710357001756946,0.07719234790538028
2009-10-07,,0.07705928307327448,0.07714795891743484
2009-10-08,,0.07701504697506939,0.0771036209514158
2009-10-09,2524.8125,0.06935655773948848,0.07553647314021444
2009-10-10,,0.07012544242451331,0.07413198004598301
2009-10-11,,0.0700852559245566,0.07272831722738045
2009-10-12,2521.8665,0.07123390608011504,0.07156324182874856
2009-10-13,2559.8716,0.06754538331833024,0.06966930909740074
2009-10-14,2582.9204,0.06543047711420658,0.06888409297234435
2009-10-15,2590.6694,0.06377908206575743,0.06761482090059318
2009-10-16,2591.2881,0.06628960288528399,0.06685569029273866
2009-10-17,,0.06669618471228123,0.0659481460191719
2009-10-18,,0.06665811611370118,0.06577069257824607
2009-10-19,2652.0996,0.06294145461619483,0.06527288807864373
2009-10-20,2691.3518,0.057053728572875884,0.06392781738006742
2009-10-21,2680.6519,0.05729243838499728,0.06212838448001008
2009-10-22,2669.231,0.05887336467350112,0.06056382047225406
2009-10-23,2716.1458,0.055497513841446564,0.058331700017803134
2009-10-24,,0.05875137807026504,0.057493684708617175
2009-10-25,,0.05871797762792835,0.05782653451962767
2009-10-26,2716.3091,0.0594517701527095,0.058258400873170114
2009-10-27,2644.3188,0.06751752457903033,0.059987232854275964
2009-10-28,2656.7363,0.06779683765998448,0.06244709761798354
2009-10-29,2598.5413,0.07809497629313483,0.0663158172625575
2009-10-30,2631.8694,0.08207566969563308,0.07098735567609844
2009-10-31,,0.08159855866893602,0.07541671337934375
2009-11-01,,0.0811387005157272,0.07814094856668312
2009-11-02,2712.1897,0.07667597765971867,0.07991677656662996
2009-11-03,2747.9316,0.07574224249094676,0.07944622980619234
2009-11-04,2763.1917,0.07575200837421044,0.07818149754190781
2009-11-05,2783.9746,0.07209231315198883,0.07628024843851837
2009-11-06,2792.7505,0.07229315847712924,0.07451114003079878
2009-11-07,,0.07314652671630864,0.07380524984211678
2009-11-08,,0.07310527092007833,0.0732778555279431
2009-11-09,2805.3755,0.0725286220151378,0.07263317825612857
2009-11-10,2812.5911,0.07079530011455189,0.07237377564864118
2009-11-11,2812.2412,0.07293536271414677,0.07250221649604469
2009-11-12,2814.8062,0.07523202965435512,0.07291931708365398
2009-11-13,2832.8015,0.07542843926980948,0.07338395075360021
2009-11-14,,0.07710807526022799,0.07429984140261825
2009-11-15,,0.07706475611682337,0.07555373260307255
2009-11-16,2908.8071,0.06853331144883339,0.07467332235000987
2009-11-17,2916.7578,0.06720858530477476,0.07306863348009379
2009-11-18,2932.8501,0.06419454190227272,0.07082185400658644
2009-11-19,2950.7432,0.0654333085286513,0.0684869006602711
2009-11-20,2944.5063,0.06671196641757536,0.0664163427204215
2009-11-21,,0.06849816659201369,0.06640931374905756
2009-11-22,,0.06845983521731192,0.066659563731565
2009-11-23,2976.0454,0.06801979835596246,0.06742461502230294
2009-11-24,2867.0957,0.0713700729273178,0.06861196790203625
2009-11-25,2934.5142,0.07169555686997393,0.06960868599251596
2009-11-26,2823.1077,0.07970114175567854,0.07184928102524893
2009-11-27,2757.782,0.08452227887705599,0.07506176975719775
2009-11-28,,0.08594447446833578,0.07864670497967241
2009-11-29,,0.0858965678493456,0.08155200396407797
2009-11-30,2855.1345,0.08117152008352327,0.08344719660678783
2009-12-01,2901.8079,0.0824539233213466,0.08399775291992144
2009-12-02,2934.136,0.08160287639017377,0.083413872422545
2009-12-03,2932.4329,0.08415977777101018,0.08305693308307989
2009-12-04,2950.3362,0.06640404582586819,0.0791584286783844
2009-12-05,,0.06944145313754542,0.07681241528918883
2009-12-06,,0.06940289597311593,0.0742022098195427
2009-12-07,2972.4902,0.06944976872335283,0.07177158828617851
2009-12-08,2947.2083,0.074485364380648,0.06983670560810608
2009-12-09,2901.2964,0.08113320223889015,0.07278253689071047
2009-12-10,2917.0291,0.08091886140983691,0.07507801854516877
2009-12-11,2912.7725,0.08173677810575508,0.0775447949716966
2009-12-12,,0.08328452077886275,0.08031174538279857
2009-12-13,,0.0832384563315293,0.08206236377297484
2009-12-14,2946.9395,0.07022329063879867,0.07988038145295653
2009-12-15,2931.4055,0.07566152366523442,0.07882891390403604
2009-12-16,2912.1089,0.07654432349041738,0.07779042298096851
2009-12-17,2841.1541,0.07912838748626151,0.07695919632244826
2009-12-18,2774.1475,0.07997068493684086,0.07630564204351056
2009-12-19,,0.08184874274619579,0.07863073246499
2009-12-20,,0.08180364702016482,0.07985915713597606
2009-12-21,2787.9209,0.08185296706184769,0.08092088585026214
2009-12-22,2724.9814,0.08834847230708573,0.08276490281442697
2009-12-23,2753.5435,0.09148109581350185,0.08506698498975918
2009-12-24,2831.748,0.08921305627914941,0.0865398476963499
2009-12-25,2828.4138,0.09312373184915007,0.08880386466214694
2009-12-26,,0.09521255149686822,0.09147578154915105
2009-12-27,,0.09516029433358783,0.09283814595445147
2009-12-28,2871.1904,0.08906084792442785,0.09235409637663668
2009-12-29,2890.7117,0.08553646884517573,0.09161877888984193
2009-12-30,2924.0989,0.07477976474401898,0.08794998546881572
2009-12-31,2939.7869,0.07385460072400084,0.08367839531424225
2010-01-01,,0.07482566009533803,0.07961146846659228
2010-01-02,,0.07478472702088765,0.07675624428588426
2010-01-03,,0.0747438387064968,0.07459771825814845
2010-01-04,2917.8525,0.07937550714657492,0.07551686673865965
2010-01-05,2941.4729,0.07623517650282127,0.07599298189442374
2010-01-06,2921.8748,0.07806196289797927,0.07664024245495198
2010-01-07,2860.3718,0.08184768573337359,0.07805283419744916
2010-01-08,2872.4092,0.0823568513641688,0.07957543672898357
2010-01-09,,0.08371017536715816,0.08044237037310023
2010-01-10,,0.08366458158972506,0.08192825139048096
2010-01-11,2879.4717,0.07876667752463522,0.08206919431581217
2010-01-12,2929.6306,0.07748710960658545,0.08119707909045454
2010-01-13,2849.6272,0.09765727222299893,0.08425716326222057
2010-01-14,2896.4685,0.09706670792098371,0.08692846977298567
2010-01-15,2909.5247,0.09624040505294343,0.08944363446562935
2010-01-16,,0.09803779788358802,0.09329785853741991
2010-01-17,,0.09798460320215362,0.09739735725653355
2010-01-18,2928.5186,0.10054341258106998,0.09797458532814775
2010-01-19,2930.5088,0.09612851093900962,0.09778694593175294
2010-01-20,2834.6848,0.10058761286242263,0.09865638749364877
2010-01-21,2848.9463,0.09777528411146202,0.09860388473922357
2010-01-22,2810.123,0.09079615437692756,0.09716619497417836
2010-01-23,,0.09268098684708004,0.09559370982738039
2010-01-24,,0.09263088901635187,0.09489418544284882
2010-01-25,2777.9014,0.09594552288591764,0.09396576744754784
2010-01-26,2703.8921,0.09607189242657845,0.0936250891105711
2010-01-27,2671.957,0.1020947048972819,0.09588479921464196
2010-01-28,2685.3835,0.10767906130198018,0.098884414105622
2010-01-29,2687.7942,0.11233647278656493,0.10282553085966462
2010-01-30,,0.11354915928738538,0.10634625813995817
2010-01-31,,0.11348801272880304,0.10982948220040309
2010-02-01,2649.4207,0.11551846037577844,0.1125142332961024
2010-02-02,2640.9209,0.11205538013518565,0.11338949706274348
2010-02-03,2699.0854,0.10210463603591019,0.11134312971261254
2010-02-04,2699.5786,0.10579619059239401,0.10979253597361427
2010-02-05,2648.3767,0.10874836668418723,0.1088446067646911
2010-02-06,,0.11049696588411585,0.10784030786635859
2010-02-07,,0.11043768639598059,0.10751676911851757
2010-02-08,2645.0698,0.10927085095446668,0.10895001210222888
2010-02-09,2653.5195,0.10583886395584059,0.10895854677491819
2010-02-10,2686.8813,0.10593239682757205,0.10839535280359516
2010-02-11,2688.6826,0.10861545477742171,0.10801905058225633
2010-02-12,2719.0105,0.11010295287881075,0.10795210387882234
2010-02-13,,0.1117564608410274,0.1084492258561345
2010-02-14,,0.11169672996938602,0.10962079905884359
2010-02-15,,0.11163706291277845,0.11076173227588486
2010-02-16,,0.11157745956899161,0.11135413323419885
2010-02-17,,0.11151791983603056,0.1116371266256428
2010-02-18,,0.111458443612118,0.11157752317986094
2010-02-19,,0.11139903079569363,0.11151798334512245
2010-02-20,,0.11133968128541355,0.11145850701964947
2010-02-21,,0.11128039498014976,0.11139909410188109
2010-02-22,2707.8972,0.11187017806598955,0.11146954574787289
2010-02-23,2695.8149,0.12284886776352351,0.113747630578154
2010-02-24,2737.2981,0.12290888406259658,0.11604960123153459
2010-02-25,2776.0027,0.11858632313518847,0.11749892960148958
2010-02-26,2771.115,0.122471262599649,0.11973710312538943
2010-02-27,,0.12416520681976106,0.12219610887614371
2010-02-28,,0.12409933668351715,0.12244620266014246
2010-03-01,2804.8689,0.11131056269784748,0.12012653838719263
2010-03-02,2796.9819,0.11319657889459207,0.11904858953907335
2010-03-03,2819.6604,0.11437359704849306,0.11742905642884216
2010-03-04,2746.6982,0.11762124618628925,0.11612026430214781
2010-03-05,2753.2737,0.11611422042222512,0.1145232410498894
2010-03-06,,0.11851707124830085,0.11596454275998007
2010-03-07,,0.11845443009013577,0.1170161129990888
2010-03-08,2775.3411,0.1150730953265186,0.11715601265469391
2010-03-09,2790.0388,0.10854484659175355,0.11534073273578678
2010-03-10,2767.6985,0.10869958464038572,0.1138578055794189
2010-03-11,2765.7578,0.10401544603450381,0.1109574805366595
2010-03-12,2729.1772,0.10787206523417889,0.1088410075654681
2010-03-13,,0.10990486702097207,0.1078073619043588
2010-03-14,,0.10984699189352554,0.1080677909647132
2010-03-15,2696.2683,0.11149439766005258,0.10862675356864657
2010-03-16,2715.127,0.11084961926017428,0.10999358821378066
2010-03-17,2773.3787,0.10931381543362814,0.11028193825367053
2010-03-18,2770.2295,0.11204819122737868,0.11071060309495184
2010-03-19,2790.5957,0.1103841815703295,0.11081804103031265
2010-03-20,,0.11172997672258246,0.11086515684281861
2010-03-21,,0.11167135658789065,0.11102950430836189
2010-03-22,2799.6973,0.11140339865892002,0.11144742095342026
2010-03-23,2781.646,0.11482093575065791,0.11200196985807612
2010-03-24,2789.1377,0.11770287885674323,0.11346570931535886
2010-03-25,2754.7568,0.12065351725279107,0.11525041742140059
2010-03-26,2792.1946,0.12236235216576852,0.11738861653697615
2010-03-27,,0.12375156433314027,0.1198582496718202
2010-03-28,,0.12368687454519822,0.12163143743072827
2010-03-29,2847.2852,0.10910381349672177,0.11991162435872398
2010-03-30,2854.9307,0.11046235964656073,0.11787339283747791
2010-03-31,2841.9175,0.11582567160909327,0.11656605672614287
2010-04-01,2879.197,0.11438369488294466,0.11469248283610374
2010-04-02,2888.1436,0.11439780497097454,0.112834668921259
2010-04-03,,0.11536269499573021,0.11408644522106068
2010-04-04,,0.11530261025875325,0.11505449534349918
2010-04-05,,0.11524258807746292,0.11493787863717313
2010-04-06,2887.6794,0.11474602184498121,0.11501034402958044
2010-04-07,2882.0188,0.11825542085521144,0.1157818672064278
2010-04-08,2859.2031,0.1369224275978464,0.12009381372685105
2010-04-09,2888.3198,0.13870856643161877,0.12477500496142416
2010-04-10,,0.13961056554581422,0.1296486004550944
2010-04-11,,0.1395381158491117,0.1346070192559205
2010-04-12,2877.9897,0.14905605361342428,0.14076714580756308
2010-04-13,2891.6836,0.13375944574618495,0.14013454943723078
2010-04-14,2903.678,0.13911037518768868,0.14021491118844476
2010-04-15,2890.3345,0.1329729625174723,0.13888739058277638
2010-04-16,2865.4258,0.14077985937641643,0.13913573928823733
2010-04-17,,0.14156044675098287,0.13763661791574905
2010-04-18,,0.14148725107013957,0.13918217898053994
2010-04-19,2729.0161,0.14899242833368131,0.14115858960973848
2010-04-20,2732.186,0.15912381247363158,0.14638875960097036
2010-04-21,2790.0979,0.16210079485895856,0.15065294669747878
2010-04-22,2769.5701,0.17052476723120102,0.1564458107935224
2010-04-23,2753.281,0.167811160161162,0.1617105926117269
2010-04-24,,0.168070527726708,0.16552621249033223
2010-04-25,,0.1679839380679101,0.16729823760918794
2010-04-26,2741.5742,0.170823320167053,0.16904274267080682
2010-04-27,2685.8318,0.1685174058875608,0.1686412704020788
2010-04-28,2675.7263,0.16966692033265907,0.1690124224363782
2010-04-29,2636.4863,0.16159736344922931,0.16771778958088246
2010-04-30,2623.2981,0.1566500880826891,0.16545101958383826
2010-05-01,,0.15651354212231763,0.16258906397489117
2010-05-02,,0.15643319636147454,0.1601722220696739
2010-05-03,,0.15635293304882117,0.15750942461290635
2010-05-04,2595.635,0.16184696797832795,0.15755934551872608
2010-05-05,2626.0454,0.1699302121507572,0.1602153703323397
2010-05-06,2525.6462,0.17124330906035656,0.16316132371994746
2010-05-07,2480.2161,0.1689530895424089,0.16566530235613436
2010-05-08,,0.169823250699665,0.16835936588630313
2010-05-09,,0.16973638458677515,0.16993724920799255
2010-05-10,2479.5588,0.1586296911061034,0.1676771449990618
2010-05-11,2426.5657,0.1535645943564287,0.16414140205827624
2010-05-12,2425.708,0.1451406212407224,0.15937890839793895
2010-05-13,2482.4351,0.14970079036034808,0.15535441633007555
2010-05-14,2474.2952,0.15470508960504192,0.15234815733372892
2010-05-15,,0.1549210106014621,0.15160642123280063
2010-05-16,,0.15484204984172642,0.15186191232986018
2010-05-17,2342.5325,0.14959748337889253,0.15275328475749422
2010-05-18,2376.4202,0.1471444039210121,0.15224200746962702
2010-05-19,2373.8977,0.15028851570815208,0.15135869269024904
2010-05-20,2342.7744,0.14835899472713837,0.1500462895153843
2010-05-21,2379.2729,0.15159169700735184,0.14939621894850938
2010-05-22,,0.15172924021815368,0.1498225703163616
2010-05-23,,0.15165218118299972,0.15072412576875913
2010-05-24,2467.0898,0.15534408576308947,0.15173523977974662
2010-05-25,2425.8643,0.15972264591884588,0.15400797001808814
2010-05-26,2429.6675,0.15900903595401286,0.1554914378074203
2010-05-27,2465.9141,0.16108166079757583,0.15736192192330475
2010-05-28,2466.4604,0.165048220231278,0.1600411297329604
2010-05-29,,0.1651995440178608,0.16201222138391466
2010-05-30,,0.16511594100975457,0.1630908804020964
2010-05-31,2405.4834,0.16223480576987628,0.1637360343652691
2010-06-01,2377.688,0.15862021512985644,0.16324374523172522
2010-06-02,2386.0808,0.1627978413111763,0.16279366944770488
2010-06-03,2371.7124,0.16278176042971276,0.16231011273007528
2010-06-04,2379.9822,0.1654647105718705,0.16237986664249845
2010-06-05,,0.16571006283339024,0.16307491805520127
2010-06-06,,0.1656264974966109,0.16447617452855215
2010-06-07,2346.9521,0.17255724918423235,0.16642805610316336
2010-06-08,2351.731,0.1759478940548542,0.16906128282819163
2010-06-09,2418.7344,0.17441209369710842,0.17085075945323921
2010-06-10,2400.9795,0.1799124368343945,0.17369123425344007
2010-06-11,2403.2544,0.17663836016120482,0.17589360678635885
2010-06-12,,0.17645404365278494,0.17667296568006938
2010-06-13,,0.17636537327909008,0.17675646152491656
2010-06-14,,0.17627679197658927,0.17712940118081272
2010-06-15,,0.1761882996111392,0.17638457373616165
2010-06-16,,0.17609989604886567,0.1762768809136938
2010-06-17,2389.9202,0.1667255586638066,0.17433118391589816
2010-06-18,2334.8423,0.15711810483299551,0.17048173022667926
2010-06-19,,0.1572721228978168,0.16668079641092476
2010-06-20,,0.1571933687050788,0.16288181022971268
2010-06-21,2405.1104,0.15334942597318157,0.15833171621457587
2010-06-22,2412.365,0.15425207044974923,0.1558370185717644
2010-06-23,2396.4272,0.15569215591606758,0.15555182878837878
2010-06-24,2398.7239,0.15613206779656116,0.15532381776812768
2010-06-25,2379.6174,0.15236583746922291,0.1543583115209565
2010-06-26,,0.15277142542136934,0.15424271141059404
2010-06-27,,0.1526951921751511,0.15393133575567441
2010-06-28,2358.3433,0.14762914640167465,0.15231873385279585
2010-06-29,2251.0808,0.14409988266493484,0.14991229682647056
2010-06-30,2221.4492,0.14354853303653003,0.14814883593993197
2010-07-01,2196.7825,0.14060161495540383,0.1457148738467389
2010-07-02,2199.1772,0.13509991507018718,0.1421958184257461
2010-07-03,,0.1353479474238567,0.13973957863018252
2010-07-04,,0.13528064362106013,0.13797573082140757
2010-07-05,2184.6946,0.13524257161786704,0.136314538537675
2010-07-06,2233.575,0.13782780315495904,0.135759776177586
2010-07-07,2250.4587,0.14059530928799738,0.13685885502114806
2010-07-08,2246.5378,0.13908847864407892,0.1376069612651925
2010-07-09,2302.0532,0.14107569398886166,0.13876597133875282
2010-07-10,,0.14156685812893044,0.14003082864096547
2010-07-11,,0.14149670606841067,0.1407646092236558
2010-07-12,2324.6489,0.14149885318408217,0.14094531800287277
2010-07-13,2289.8896,0.14384505803509978,0.14189663388107693
2010-07-14,2306.3728,0.14551482504875232,0.14278446009305507
2010-07-15,2261.5134,0.14376371511683883,0.14322383149063675
2010-07-16,2265.5232,0.14527744622663485,0.1439799795222816
2010-07-17,,0.14588471057710262,0.14485715100088567
2010-07-18,,0.14581266874471885,0.14525067314280948
2010-07-19,2316.978,0.14797709115783736,0.1457431263646265
2010-07-20,2370.1404,0.14976736681853417,0.14694385670496557
2010-07-21,2376.3601,0.14964558107172435,0.14781748367398348
2010-07-22,2405.2024,0.14931520150573901,0.14850358185971074
2010-07-23,2414.2734,0.14804137551954313,0.1489493232146756
2010-07-24,,0.1484474223971869,0.14904338946254553
2010-07-25,,0.14837436756333,0.1487647896115047
2010-07-26,2433.4854,0.15088943660790102,0.14901356071874
2010-07-27,2423.9746,0.15298997497565434,0.14974851541272308
2010-07-28,2478.6392,0.15125615992395833,0.1503914722936061
2010-07-29,2491.3989,0.15140012461564828,0.15098201273729842
2010-07-30,2485.0549,0.15105020545758713,0.15151718031614983
2010-07-31,,0.151195174157266,0.15157832782602282
2010-08-01,,0.15112102252697796,0.15120453733628753
2010-08-02,2525.6675,0.1533968426243924,0.15163267387637436
2010-08-03,2482.7773,0.1522338282655716,0.15179941460635898
2010-08-04,2495.1399,0.15526804659493085,0.15264298283382777
2010-08-05,2483.5369,0.16237131967216056,0.15487821193680668
2010-08-06,2522.8025,0.1658098603914475,0.15781597950970058
2010-08-07,,0.1659306660210563,0.16032274418903336
2010-08-08,,0.16584956598878794,0.16304589173367665
2010-08-09,2539.395,0.16997249115586346,0.16598678064586317
2010-08-10,2463.0813,0.16760983437418442,0.16703448358626793
2010-08-11,2480.165,0.17058009823617748,0.16798853115521392
2010-08-12,2450.4412,0.17057121196000397,0.16891664034300344
2010-08-13,2485.1851,0.17406545827923395,0.17055981880109267
2010-08-14,,0.17422193403706387,0.17140970737733272
2010-08-15,,0.17413707191624697,0.17271515488574524
2010-08-16,2539.3618,0.1735865099012274,0.17331643721875523
2010-08-17,2553.5396,0.17598063756160537,0.17439832233907554
2010-08-18,2550.1333,0.17518307579010747,0.1746218458412502
2010-08-19,2564.5752,0.17158619783605783,0.174094698601049
2010-08-20,2518.7383,0.1671399956276475,0.17269528334332912
2010-08-21,,0.16704334861133813,0.17138665108535128
2010-08-22,,0.16696225960715785,0.16958297549446177
2010-08-23,2521.7617,0.17293325378421362,0.169133011093283
2010-08-24,2537.6367,0.17665955787522047,0.1701476831011155
2010-08-25,2484.8027,0.17690856021486723,0.17210139601855948
2010-08-26,2493.9685,0.18005044285329738,0.17470281486695133
2010-08-27,2502.9478,0.1867753656316052,0.17866543607184077
2010-08-28,,0.18735219298444802,0.18154922391188769
2010-08-29,,0.18726155331682132,0.18366962300020784
2010-08-30,2552.074,0.19546708397919585,0.18738132775307353
2010-08-31,2548.1951,0.20231171704249237,0.19183358259091257
2010-09-01,2528.9971,0.19825609402194244,0.19412972826898
2010-09-02,2567.248,0.2015141491732814,0.19696211950674666
2010-09-03,2573.0613,0.20532933671195153,0.2005756761857727
2010-09-04,,0.20558025958713702,0.20259831130736097
2010-09-05,,0.20548113699331486,0.20323219529752543
2010-09-06,2601.4846,0.19432339044241975,0.2024456545816209
2010-09-07,2609.8606,0.19756295163523327,0.2016554150740113
2010-09-08,2612.4822,0.20522923694323444,0.2016353951202679
2010-09-09,2572.9863,0.20514607732942172,0.20154855866872481
2010-09-10,2584.1265,0.2102507087350671,0.20250247301707525
2010-09-11,,0.2105351728813067,0.20574482950485265
2010-09-12,,0.21043400268770684,0.20831903971534738
2010-09-13,2615.4402,0.21227372265031325,0.2097279368567631
2010-09-14,2618.3835,0.21325029858530348,0.21134878110793948
2010-09-15,2576.2893,0.21258070921809147,0.21181478120454433
2010-09-16,2523.9675,0.2059239072369005,0.2108925280756631
2010-09-17,2524.8979,0.20847669511142702,0.21050106656040715
2010-09-18,,0.20854959721273378,0.20975624147289124
2010-09-19,,0.20844971713744032,0.20879612518331864
2010-09-20,2512.1665,0.20293089577696147,0.20686616249509263
2010-09-21,2514.8953,0.2013966333563848,0.20596070771898947
2010-09-22,,0.20149947207254357,0.2045652631112128
2010-09-23,,0.20140315301323547,0.2031359742713131
2010-09-24,,0.20130692599316227,0.2017074160424575
2010-09-25,,0.2012107908804626,0.20136339506315776
2010-09-26,,0.20111474754352682,0.20130701790058617
2010-09-27,2559.8213,0.20891284020464493,0.20278969152700643
2010-09-28,2543.2634,0.2134355090557313,0.2051961627355056
2010-09-29,2532.3484,0.2062948044055026,0.20619373841797364
2010-09-30,2575.3315,0.20542765578979208,0.20703711139983955
2010-10-01,,0.2059099388945528,0.20799614967004473
2010-10-02,,0.20581193321207086,0.20737596827152993
2010-10-03,,0.20571402077952464,0.2058316706162886
2010-10-04,,0.20561620146389006,0.2056959500279661
2010-10-05,,0.20551847513239585,0.20571411389648686
2010-10-06,,0.205420841652523,0.20561629444808088
2010-10-07,,0.20532330089200415,0.20551856798406756
2010-10-08,2650.9824,0.20047788953941462,0.20447134173604553
2010-10-09,,0.20071485341114054,0.2034910721254956
2010-10-10,,0.20061968278363407,0.20251131365574326
2010-10-11,2705.4341,0.18722016358422996,0.19887117804208468
2010-10-12,2732.1619,0.1852590606135217,0.19485832998638816
2010-10-13,2755.6638,0.18382290414797986,0.19152733290810123
2010-10-14,2741.897,0.16920399016259607,0.18522516025839236
2010-10-15,2811.8662,0.15520956217698018,0.17614313613706156
2010-10-16,,0.15664566208864786,0.17002823583794513
2010-10-17,,0.1565716329477742,0.16429075030479562
2010-10-18,2793.7158,0.14796788899361954,0.15711974727392358
2010-10-19,2853.3816,0.15803534746625184,0.15488601873465474
2010-10-20,2865.0239,0.1658631558435154,0.15701673746796177
2010-10-21,2857.5168,0.17177248377583731,0.16004210180539966
2010-10-22,2862.9167,0.17798538351459672,0.16432485191876417
2010-10-23,,0.17738212000190243,0.17020769812042075
2010-10-24,,0.17729856742535888,0.17406034211224214
2010-10-25,2937.7632,0.17702846520852877,0.17629340398524482
2010-10-26,2930.7598,0.17895686742962677,0.17773028071600272
2010-10-27,2891.208,0.17825466077243204,0.17778413616756977
2010-10-28,2888.439,0.18242674397170916,0.17879306096153114
2010-10-29,2884.6086,0.19101216430286597,0.18153578033703255
2010-10-30,,0.19369786117155674,0.18486965952963813
2010-10-31,,0.1936069232085654,0.18779967068542586
2010-11-01,2961.3882,0.19729140218310812,0.19160701896756108
2010-11-02,2947.374,0.1947260805239807,0.19406688627801538
2010-11-03,2920.3315,0.18925212423951876,0.19371487826534595
2010-11-04,2972.9573,0.19132739758725495,0.1932407855484856
2010-11-05,3013.1863,0.1911867782564848,0.19275675655806945
2010-11-06,,0.1911299109618989,0.19152445831382764
2010-11-07,,0.19104047253842585,0.19078733671671663
2010-11-08,3047.5754,0.19390647556542995,0.19171820698189887
2010-11-09,3031.6108,0.19955853616418381,0.19336443469728465
2010-11-10,3021.8269,0.20337133755503778,0.19580134655699527
2010-11-11,3046.0369,0.19679883363652934,0.19693513109192134
2010-11-12,2885.9338,0.19659076417178142,0.19804518941859248
2010-11-13,,0.19586263343483015,0.1984364209924725
2010-11-14,,0.19577127959460872,0.1976789696785575
2010-11-15,2923.0405,0.20364425369495767,0.19773355290654146
2010-11-16,2806.0601,0.20709267933617911,0.1997923220464714
2010-11-17,2741.8477,0.1971040988883627,0.19989498898978766
2010-11-18,2774.5728,0.2003199131996711,0.20078644494275583
2010-11-19,2807.896,0.20965006952737003,0.20356220292930813
2010-11-20,,0.20908722319634504,0.2046507968295856
2010-11-21,,0.2089900185365606,0.20503026466966187
2010-11-22,2812.4807,0.21777588570495102,0.20916462203297956
2010-11-23,2763.8311,0.22351365396404713,0.21380337018585474
2010-11-24,2801.5005,0.2234623513338781,0.2165658265471564
2010-11-25,2833.8896,0.21985630357643038,0.21871964262317345
2010-11-26,2811.2627,0.22260842189663235,0.2214433232951878
2010-11-27,,0.22189864655780056,0.2222678754657577
2010-11-28,,0.22179582049359395,0.22192430877166708
2010-11-29,2811.4978,0.22445676859726005,0.22212319222434349
2010-11-30,2762.1379,0.22247688588533965,0.22264730868612528
2010-12-01,2761.8118,0.22165389687653936,0.2224564036821067
2010-12-02,2780.5613,0.21892109389586517,0.22186089314971963
2010-12-03,2777.4658,0.21267945719600065,0.22003762049020098
2010-12-04,,0.21203993806588314,0.2175542543839256
2010-12-05,,0.21194199814067952,0.2154472768349936
2010-12-06,2782.8362,0.2041798345192442,0.21195246436353452
2010-12-07,2806.1799,0.2051520376376812,0.20919865311189773
2010-12-08,2783.0981,0.20795715192265002,0.20825419205722762
2010-12-09,2740.5222,0.20393485907113565,0.20663317625827812
2010-12-10,2770.6641,0.20669727083308664,0.20558423079675955
2010-12-11,,0.2058350272138762,0.2059152693356859
2010-12-12,,0.20574025970595086,0.20603291374933988
2010-12-13,2853.1992,0.20610518024532273,0.20566251941387442
2010-12-14,2863.6184,0.20990143505593453,0.20685583461083418
2010-12-15,2848.1165,0.21006081824473027,0.2075285440931629
2010-12-16,2838.8376,0.2120001093664135,0.2087615605236704
2010-12-17,2834.1445,0.212851714152924,0.210183851413065
2010-12-18,,0.21153935469610807,0.2112706863032221
2010-12-19,,0.2114422737623329,0.21157885404450175
2010-12-20,2793.8491,0.21583963654095972,0.21273461770374763
2010-12-21,2841.6877,0.2080980883311674,0.21195421349669843
2010-12-22,2816.7048,0.20832824300551145,0.21104951926721588
2010-12-23,2787.8984,0.2034592516150803,0.20943349865101038
2010-12-24,2762.385,0.19781925853478025,0.20670889560549982
2010-12-25,,0.19739689430020718,0.20302034715734935
2010-12-26,,0.19730659379961238,0.20086204825103832
2010-12-27,2706.0044,0.19133478698362644,0.1974633570466613
2010-12-28,2658.0857,0.18967880742012463,0.19470726820767018
2010-12-29,2680.3623,0.1962209697265839,0.1943876104460309
2010-12-30,2689.5022,0.19828269637766185,0.19456477086152182
2010-12-31,2737.5686,0.20461295397173895,0.19602604289594713
2011-01-01,,0.20364435963683988,0.19848795742658984
2011-01-02,,0.20355149855173416,0.20126249565291174
2011-01-03,,0.20345872211666044,0.20271004613092708
2011-01-04,2780.821,0.2010504891663249,0.2032636046886597
2011-01-05,2768.9219,0.20228896261538,0.20279880641738787
2011-01-06,2754.5686,0.2015138761771525,0.2023727097254504
2011-01-07,2761.876,0.1957604338320858,0.20081449678152072
2011-01-08,,0.19539444908232545,0.19920164217465372
2011-01-09,,0.19530563342365165,0.1980526710261191
2011-01-10,2709.3159,0.18478357606038187,0.19455159371511943
2011-01-11,2717.3694,0.17703089310644157,0.18965499710097727
2011-01-12,2733.0605,0.1754776565459181,0.18559844164374373
2011-01-13,2739.29,0.17506408381938862,0.18153236859115635
2011-01-14,2701.4995,0.16940101278863434,0.1763514444641529
2011-01-15,,0.1696677797272671,0.17332828519752994
2011-01-16,,0.16959090261819265,0.17184028709988017
2011-01-17,2613.2771,0.16163419966554388,0.1690715957238053
2011-01-18,2617.2839,0.16382114382472387,0.16682300772487238
2011-01-19,2667.1047,0.1684311768777588,0.16662904054269725
2011-01-20,2585.6169,0.16256817622614406,0.16520911984247263
2011-01-21,2616.8625,0.15997458508251822,0.16328585633533776
2011-01-22,,0.16027832696302702,0.16301468179483442
2011-01-23,,0.16020593386141774,0.16229163980217315
2011-01-24,2589.7888,0.15485035940904224,0.15957547630842986
2011-01-25,2569.8977,0.14942110754404803,0.15694606257201066
2011-01-26,2601.6255,0.15267987290853785,0.15548712013721458
2011-01-27,2640.3801,0.15779835143162746,0.15499112503093465
2011-01-28,2649.1143,0.16302569285313567,0.15555507682927824
2011-01-29,,0.16373770593877207,0.15733254613522424
2011-01-30,,0.16366398342371635,0.1601811213111579
2011-01-31,2681.9158,0.16581244926869929,0.16280763658319017
2011-02-01,2690.3313,0.16523294525292015,0.1642945553474487
2011-02-02,,0.16517465441984788,0.16472434766079116
2011-02-03,,0.16510041862010863,0.16499689019705846
2011-02-04,,0.1650262495192011,0.1652693434161554
2011-02-05,,0.1649521470272751,0.16509728296787057
2011-02-06,,0.1648781110546417,0.1650263161282149
2011-02-07,,0.16480414151177286,0.1649522135465999
2011-02-08,,0.16473023830930122,0.1648781774844384
2011-02-09,2665.3159,0.16812390433034002,0.16549770844666617
2011-02-10,2717.4441,0.1757832005857332,0.16766391915835782
2011-02-11,2731.3635,0.17824873203792801,0.17033804335501507
2011-02-12,,0.17764322102062383,0.17290585925678525
2011-02-13,,0.17756373859511126,0.17547255931394729
2011-02-14,2800.1147,0.17577110093246795,0.17700199863437285
2011-02-15,2799.5637,0.17722360014954852,0.1772900785471359
2011-02-16,2828.8628,0.1804566133004243,0.17773165479963518
2011-02-17,2831.771,0.18360383750303044,0.1789237780961165
2011-02-18,2805.8582,0.1807608026370798,0.1795631909045102
2011-02-19,,0.1799373264976747,0.18039643601755154
2011-02-20,,0.17985706899254641,0.18092312978615116
2011-02-21,2843.2271,0.1860802969270939,0.18204786651148502
2011-02-22,2770.6711,0.18573327017447416,0.1824737530457738
2011-02-23,2779.2734,0.18917135817140815,0.18415586415263946
2011-02-24,2794.6472,0.18830205279734005,0.18582880941257254
2011-02-25,2795.606,0.18935698989500838,0.18772879359306494
2011-02-26,,0.18796155967002337,0.18810504614165083
2011-02-27,,0.18787798405434084,0.18853398891762413
2011-02-28,2824.3621,0.19277763597268469,0.18925524447787948
2011-03-01,2837.3442,0.19110805098468572,0.1898164441153486
2011-03-02,2832.2727,0.19064258969308645,0.1900735640749642
2011-03-03,2814.2871,0.18173125743312663,0.18882750362758485
2011-03-04,2852.2205,0.1803527859192453,0.18732246400056576
2011-03-05,,0.1804158336449925,0.18485010353502732
2011-03-06,,0.18033586208752575,0.18269566575559532
2011-03-07,2903.8962,0.17987615357240733,0.1805423785314595
2011-03-08,2908.6108,0.1828796183746396,0.1807720507197621
2011-03-09,2911.2871,0.1838482189999081,0.18147113733589465
2011-03-10,2871.9812,0.18643379824193185,0.18267473025528252
2011-03-11,2851.2944,0.18882623882260444,0.18437280560229824
2011-03-12,,0.18909571581856938,0.18621671805153067
2011-03-13,,0.18901215606787622,0.18744322559017798
2011-03-14,2860.9697,0.1949335442788859,0.18966029064597356
2011-03-15,2820.3303,0.19172412292382113,0.19071835558235142
2011-03-16,2855.3779,0.1958421408936185,0.19212153599655424
2011-03-17,2819.512,0.18843805390921528,0.1919900036146834
2011-03-18,2829.9917,0.19056342183377495,0.19230025676786316
2011-03-19,,0.19043738737451765,0.1914010253869895
2011-03-20,,0.19035349425232623,0.19112689965269053
2011-03-21,2828.0664,0.18576043596695624,0.18911055866735807
2011-03-22,2835.7634,0.18405576731451895,0.18823410134841878
2011-03-23,2865.4058,0.18570878288312356,0.18726317355828853
2011-03-24,2865.0012,0.18386355211274397,0.18594840650593378
2011-03-25,2893.759,0.1865296774654931,0.18518364314856717
2011-03-26,,0.1867151850318446,0.18537459296154485
2011-03-27,,0.18663318451140898,0.18589007640092284
2011-03-28,2893.6606,0.18282705333314617,0.18531373049092736
2011-03-29,2862.6104,0.1768188961152371,0.18390479929142597
2011-03-30,2857.54,0.17839266105368376,0.18227739600906412
2011-03-31,2829.7332,0.17648910236452608,0.1802321794756004
2011-04-01,2865.1155,0.1765898679578922,0.17822351616489707
2011-04-02,,0.17744598365559716,0.17714730222938724
2011-04-03,,0.17736829276958332,0.17725718156025652
2011-04-04,,0.177290669884345,0.17703678332638875
2011-04-05,,0.1772131149106423,0.177181585835612
2011-04-06,2887.885,0.17306424904927017,0.1764764620538876
2011-04-07,2896.3669,0.17612145014020536,0.17621155535080923
2011-04-08,2921.0498,0.17864863646408288,0.17646762408970912
2011-04-09,,0.1806577479285321,0.17714103969854655
2011-04-10,,0.18057889251695264,0.17781419521980862
2011-04-11,2909.5354,0.17864797915132666,0.17893094124021994
2011-04-12,2907.8835,0.17538293470653699,0.17878323815348626
2011-04-13,2935.5164,0.1746035785191948,0.17797422656450862
2011-04-14,2925.6855,0.17454113268291416,0.17675090351538505
2011-04-15,2931.2798,0.17027499746490707,0.17469012450497595
2011-04-16,,0.17130464512805807,0.1732214577003222
2011-04-17,,0.1712301000257395,0.1723908907641627
2011-04-18,2937.8306,0.17223745070127122,0.171917665200578
2011-04-19,2887.4048,0.17374634164888017,0.17175870699377122
2011-04-20,2895.0017,0.1732129666326949,0.17234630082732877
2011-04-21,2914.9758,0.17700669949004644,0.17348671169972646
2011-04-22,2899.5435,0.17671135393019327,0.17458296248061717
2011-04-23,,0.17771576415494833,0.17567862517135263
2011-04-24,,0.17763866404034748,0.17645708964964607
2011-04-25,2852.488,0.1718414405372019,0.1761827844305475
2011-04-26,2824.9434,0.16634497565125345,0.17405043966278888
2011-04-27,2808.5781,0.16360222525438056,0.17142861392762637
2011-04-28,2762.5298,0.1569225161420132,0.16726996432503932
2011-04-29,2791.1301,0.1660141724749762,0.16494506601196507
2011-04-30,,0.16706705855126172,0.16399018961477702
2011-05-01,,0.16699479771278802,0.16412015402708396
2011-05-02,,0.1669225993566649,0.1647842288475408
2011-05-03,2814.936,0.16875430136731517,0.1671505858926012
2011-05-04,2751.1128,0.1638214544573453,0.16671204228907502
2011-05-05,2755.7842,0.16578975503965468,0.1664565815867536
2011-05-06,2751.1357,0.16954743146279525,0.16696710833675504
2011-05-07,,0.17019382800497213,0.1676213540664165
2011-05-08,,0.1701204369622792,0.1678945811854093
2011-05-09,2761.4365,0.17245277356298558,0.16962084500653735
2011-05-10,2778.4812,0.17461442749111908,0.17138577949683026
2011-05-11,2774.4824,0.17533204068155608,0.17254270134058242
2011-05-12,2737.6516,0.17214054092882955,0.1729320439253539
2011-05-13,2761.165,0.17138704245384098,0.17318536502366627
2011-05-14,,0.17255385847170773,0.1732055820054107
2011-05-15,,0.17247967366582995,0.17277863124035286
2011-05-16,2743.126,0.1705521040110957,0.17182264390626079
2011-05-17,2744.4041,0.1692112216038369,0.17123678004126225
2011-05-18,2762.9775,0.17035287360682888,0.17102994627185983
2011-05-19,2751.4275,0.17000645898512484,0.17052046637454327
2011-05-20,2748.6934,0.16726847112454524,0.1694782258662863
2011-05-21,,0.1683656081521589,0.16904092669449894
2011-05-22,,0.16829344115337957,0.1688573706044075
2011-05-23,2664.0215,0.16097685607079598,0.1669821670972009
2011-05-24,2658.6104,0.16187099876038005,0.16535507505225194
2011-05-25,2633.7385,0.16001902777819363,0.16390518638298163
2011-05-26,2624.8015,0.15788642793246108,0.16180935033904206
2011-05-27,2595.0278,0.15196846680450427,0.158544355469267
2011-05-28,,0.15255679318119525,0.15686034289134684
2011-05-29,,0.15249159797043407,0.15498446273335767
2011-05-30,2585.5417,0.15022351655675614,0.15302536048907017
2011-05-31,2624.0471,0.15361044988201875,0.1521701648789817
2011-06-01,2632.594,0.15631300342271603,0.15303907220262405
2011-06-02,2595.8835,0.15716904511833474,0.15396152259005197
2011-06-03,2622.9783,0.16099527718895412,0.15566225843375597
2011-06-04,,0.16148680308400798,0.15791491573920632
2011-06-05,,0.1614179974584929,0.15947642525450115
2011-06-06,,0.1613492504408359,0.16048367465812513
2011-06-07,2641.468,0.16111956946999953,0.16127377952845806
2011-06-08,2649.2563,0.1639336004232063,0.1618614441753085
2011-06-09,2604.4683,0.15990443895866896,0.1615449713502407
2011-06-10,2611.3296,0.1612611481071099,0.16151360147996413
2011-06-11,,0.16154163705946772,0.16155207880369046
2011-06-12,,0.16147301274465914,0.16162276745862242
2011-06-13,2609.3252,0.16355522643405382,0.1615470926607919
2011-06-14,2641.2092,0.16678866532908468,0.16292393793487506
2011-06-15,2622.6199,0.1656334752213365,0.1637984033577204
2011-06-16,2580.7749,0.16165102506211904,0.16382028095825066
2011-06-17,2560.2351,0.1597050919056988,0.16346669679045855
2011-06-18,,0.16137579663986407,0.1630308108316206
2011-06-19,,0.16130744602714073,0.16193456697123182
2011-06-20,2537.3245,0.15838055700543435,0.1604839833280514
2011-06-21,2565.739,0.1629536977169948,0.16074451785902655
2011-06-22,2566.8528,0.16303820934904528,0.16141114134769582
2011-06-23,2608.8206,0.16762439659272,0.16266086133826702
2011-06-24,2666.0056,0.16764818915494994,0.16392900996382886
2011-06-25,,0.16830237290023756,0.16591337314278953
2011-06-26,,0.16823129926303307,0.16696889345199717
2011-06-27,2679.4917,0.17357025852604174,0.16907530328739645
2011-06-28,2681.9883,0.1762284692500165,0.17079611781885579
2011-06-29,2652.8499,0.17299106738222175,0.17186469346431013
2011-06-30,2687.1235,0.1755970726946679,0.1733236334231962
2011-07-01,2691.0337,0.17820324731522383,0.17531802303363433
2011-07-02,,0.1787408193955717,0.17635213520754034
2011-07-03,,0.17866556010319462,0.17683955337817597
2011-07-04,2746.8662,0.18187612718188906,0.17861656533810943
2011-07-05,2754.2375,0.1831312954576786,0.18012340989071157
2011-07-06,2753.6223,0.18290232548463614,0.18106322552459403
2011-07-07,2741.563,0.18301337491613082,0.18191773662870586
2011-07-08,2743.7161,0.1832257564810236,0.18282977590427163
2011-07-09,,0.1837858310708239,0.1832117166820586
2011-07-10,,0.18370867497045834,0.18332719258461455
2011-07-11,2752.8994,0.1858332475714315,0.18391337700197363
2011-07-12,2707.3723,0.1856712050014076,0.18444494301902897
2011-07-13,2748.9783,0.19036123497681337,0.18587203871818697
2011-07-14,2763.6812,0.19300098785514422,0.187715070075051
2011-07-15,2776.1682,0.19551491855366204,0.19007631879169173
2011-07-16,,0.19570146582611492,0.19204996244262842
2011-07-17,,0.19561954809240786,0.1940396310608285
2011-07-18,2772.282,0.19862549725750336,0.19569248351696647
2011-07-19,2750.6755,0.19681492465834344,0.19645527087760634
2011-07-20,2749.4531,0.19820305693387605,0.19699289855364915
2011-07-21,2721.759,0.19717572837216876,0.1972877510628599
2011-07-22,2729.4299,0.1986980317623165,0.19790344779684163
2011-07-23,,0.19900570095283546,0.19797948853590805
2011-07-24,,0.19892264348165312,0.19840103230057
2011-07-25,2644.8511,0.1924999203943221,0.19726040499265918
2011-07-26,2659.1072,0.18941585089253332,0.19570842949673212
2011-07-27,2684.0381,0.19497443389178343,0.1949637099226255
2011-07-28,2671.5337,0.19277798385167322,0.19371816650239304
2011-07-29,2659.6453,0.18824484415862155,0.19158260663778673
2011-07-30,,0.18803597005795947,0.1906898165705142
2011-07-31,,0.18795771955023666,0.19039819030205488
2011-08-01,2663.575,0.18690573413664704,0.1887844503510276
2011-08-02,2641.3945,0.18651518614337867,0.1875318908093687
2011-08-03,2642.2229,0.18995534393442834,0.18787399076453
2011-08-04,2648.7207,0.192618782241995,0.18879055320133714
2011-08-05,2592.8433,0.19065235957681417,0.18932948120665266
2011-08-06,,0.1898038142901805,0.18990909723735933
2011-08-07,,0.18972505752076546,0.19055107151283668
2011-08-08,2489.4368,0.18186497366339083,0.18893299745862918
2011-08-09,2487.9844,0.18234471096559388,0.18687818320334898
2011-08-10,2514.5574,0.18845439426624663,0.18643859014123546
2011-08-11,2549.6665,0.1926875969594372,0.1870153466750868
2011-08-12,2564.3523,0.1941216517731191,0.18789466552555753
2011-08-13,,0.19440656567639406,0.19040298392815816
2011-08-14,,0.19432613267445925,0.19279926826993127
2011-08-15,2598.3284,0.19322648936477477,0.19375368728963688
2011-08-16,2579.6392,0.18990747064507932,0.1931976620267653
2011-08-17,2571.9656,0.18687731092355395,0.19174879385685228
2011-08-18,2529.8167,0.18271417997670744,0.18941031671691494
2011-08-19,2505.7407,0.18333074583849185,0.18721123934972145
2011-08-20,,0.18353105038367692,0.1852721515535019
2011-08-21,,0.1834553362539807,0.18398172467528218
2011-08-22,2484.991,0.177067450502124,0.18201975259099618
2011-08-23,2522.812,0.17861577872652137,0.18120007234095897
2011-08-24,2513.7053,0.18172399874947273,0.18087872292315516
2011-08-25,2582.5657,0.18002633893216669,0.18017778063285309
2011-08-26,2582.3457,0.18414645258500167,0.18031600389905728
2011-08-27,,0.18397895515628726,0.18169830482988997
2011-08-28,,0.18390327479628882,0.18275580404384342
2011-08-29,2550.7104,0.18742739694753785,0.18389648368345646
2011-08-30,2538.542,0.1831220830115718,0.1845156324993375
2011-08-31,2537.5537,0.17998607520631135,0.18368355702359943
2011-09-01,2525.7266,0.17650592507094998,0.18218895100653193
2011-09-02,2498.5847,0.17264385790813983,0.17993706762890216
2011-09-03,,0.17289106201695817,0.17702980064278623
2011-09-04,,0.17282014689718092,0.17496941341990804
2011-09-05,2446.7664,0.16670455703931347,0.1723131097865085
2011-09-06,2433.6365,0.16323068787139305,0.1696580623465971
2011-09-07,2482.1575,0.16666974258947165,0.16846323928286347
2011-09-08,2464.1338,0.16597456665830942,0.16707994021113373
2011-09-09,2459.5559,0.16310763235576933,0.1651374373028514
2011-09-10,,0.16337721940878103,0.1644719697767449
2011-09-11,,0.16331039846014758,0.1644879118944958
2011-09-12,,0.16324363214843043,0.16380268980628757
2011-09-13,2430.4026,0.15919814793184764,0.1624474060609952
2011-09-14,2445.6694,0.1586416984333497,0.16155421927651128
2011-09-15,2446.2578,0.15862765232237994,0.16060430585923105
2011-09-16,2449.522,0.15947207256616386,0.15983664068043432
2011-09-17,,0.15981958070870578,0.15915183039248937
2011-09-18,,0.15975440143435474,0.15926308109299078
2011-09-19,2405.616,0.15754822962926948,0.15904438733217477
2011-09-20,2415.3489,0.15759443842746554,0.15883774455319188
2011-09-21,2480.3992,0.16144827510856383,0.15923298506167188
2011-09-22,2410.5479,0.15832430350637533,0.15893392962120578
2011-09-23,2396.9077,0.1556304586744087,0.15810914106921656
2011-09-24,,0.1559248436938737,0.15778446388213743
2011-09-25,,0.15586143383470577,0.15743786296358547
2011-09-26,2356.8569,0.15360912213770847,0.15587003236941438
2011-09-27,2376.2737,0.15363778434494219,0.15493272853712775
2011-09-28,2351.2627,0.15167634698959276,0.15414190620016457
2011-09-29,2317.3804,0.1480862521406404,0.1525741878895179
2011-09-30,2312.2429,0.1472006320261521,0.15084202752780718
2011-10-01,,0.14697361200166942,0.14951492550059936
2011-10-02,,0.14691401199680257,0.14817017103097146
2011-10-03,,0.14685446030973454,0.1472057936949998
2011-10-04,,0.14679495688173222,0.14694753464321816
2011-10-05,,0.1467355016541576,0.14685450856881926
2011-10-06,,0.14658592935612844,0.14677697203971107
2011-10-07,,0.14652660684323648,0.14669949100899787
2011-10-08,,0.14646733232590503,0.14662206541223194
2011-10-09,,0.14640810574591076,0.14654469518506766
2011-10-10,2298.0452,0.1449608338828651,0.14618976163080916
2011-10-11,2296.5129,0.14125650267349793,0.14512387629428306
2011-10-12,2367.7161,0.1411344355160627,0.1440454420288483
2011-10-13,2389.1013,0.14268036281434693,0.14328804812653667
2011-10-14,2380.6648,0.14218410249603766,0.14244324747656206
2011-10-15,,0.14230347036283772,0.1419117747725566
2011-10-16,,0.14224608993123977,0.14210969222410497
2011-10-17,2390.9915,0.14359160298383333,0.1426011257176591
2011-10-18,2330.9607,0.14349180564765793,0.14276341428432127
2011-10-19,2323.7573,0.1414886605393705,0.14262432589298785
2011-10-20,2274.0742,0.1379581804682877,0.14175526791407783
2011-10-21,2254.5029,0.1374520353164638,0.14079645699112264
2011-10-22,,0.1376560908473556,0.13960935456382711
2011-10-23,,0.13760074058967675,0.13843114155223085
2011-10-24,2304.9321,0.1337465554899908,0.13688272054235492
2011-10-25,2348.1189,0.13572647448996755,0.1364363793466909
2011-10-26,2367.5459,0.13489496036588494,0.13592496435657514
2011-10-27,2373.8008,0.13112548002264696,0.1346188421916334
2011-10-28,2414.7888,0.13271488139710003,0.13364167035311805
2011-10-29,,0.13257444652572717,0.1334072485602653
2011-10-30,,0.13252128916946185,0.1327662114961642
2011-10-31,2411.9854,0.13498385902966561,0.13278399122892032
2011-11-01,2413.5364,0.13544620797571502,0.13364813681953394
2011-11-02,2449.4392,0.13685028797407242,0.1344752181349284
2011-11-03,2456.4675,0.136996422852765,0.13535961340033598
2011-11-04,2475.6462,0.13520736866555036,0.13589682929955366
2011-11-05,,0.13534560760341263,0.13596917901430308
2011-11-06,,0.13529149100700982,0.13593823562056204
2011-11-07,2458.5745,0.13704850658643059,0.13597787934303368
2011-11-08,2449.9902,0.13360172310602167,0.135298939393685
2011-11-09,2474.2378,0.13622187457253607,0.13550184057508216
2011-11-10,2432.4189,0.13692517089586664,0.13581775323357295
2011-11-11,2432.9102,0.13670458210515687,0.13610037145320236
2011-11-12,,0.13689502040504328,0.1360696742169249
2011-11-13,,0.136840437063574,0.13671741700843537
2011-11-14,2483.5703,0.14009265538593837,0.13749157317111585
2011-11-15,2484.8682,0.1419778479192787,0.13850210857579826
2011-11-16,2422.9226,0.14057956875348399,0.13927710590546366
2011-11-17,2419.5859,0.14170520338133244,0.1402391425007215
2011-11-18,2369.6692,0.13795787566440593,0.14046263022088787
2011-11-19,,0.13814165396190337,0.14007242993608088
2011-11-20,,0.13808672686291254,0.13929420572480763
2011-11-21,2369.4299,0.13775675660183923,0.13872964329447868
2011-11-22,2367.1885,0.13875046565862267,0.13813869574993673
2011-11-23,2350.8801,0.14059982484990802,0.13866708558703716
2011-11-24,2353.9717,0.13886719662928634,0.13881219412051377
2011-11-25,2337.7026,0.14122539060641376,0.139439926869214
2011-11-26,,0.14149466707187053,0.14018750896322027
2011-11-27,,0.14137337538799136,0.140712090909094
2011-11-28,2340.6096,0.14130252487469155,0.1408526309140507
2011-11-29,2370.5764,0.1416449756379367,0.1414081867157808
2011-11-30,2290.1743,0.13851744562414356,0.14086659771932675
2011-12-01,2341.9871,0.13545328119162758,0.13965832054327815
2011-12-02,2312.4482,0.13303062473497002,0.13798977041267388
2011-12-03,,0.13300140438366742,0.13632954631446909
2011-12-04,,0.13287497751787347,0.1345755466904564
2011-12-05,2275.5403,0.12780325903306355,0.13243270937224041
2011-12-06,2271.2117,0.12786917850743473,0.13091588883540184
2011-12-07,2277.9377,0.1274560258244597,0.1298009690532998
2011-12-08,2275.4111,0.1279454569495938,0.12878977956648505
2011-12-09,2259.1169,0.12667644170726955,0.12755007240436428
2011-12-10,,0.12704233666673445,0.12739788793109846
2011-12-11,,0.12691012560065532,0.12720607734974257
2011-12-12,2234.6802,0.12610283914865875,0.12693544001458237
2011-12-13,2188.4912,0.12571137408257224,0.12648862344117806
2011-12-14,2166.0227,0.12427529315333061,0.12600839373039027
2011-12-15,2118.4556,0.12417903982781721,0.12543573436260685
2011-12-16,2164.1895,0.12560398616018054,0.12517450647451187
2011-12-17,,0.12565606666775989,0.1250851519783321
2011-12-18,,0.1255199250299067,0.12504686216779898
2011-12-19,2160.3008,0.12710034231685136,0.1256118720005031
2011-12-20,2157.2908,0.12558316281143497,0.12589269659722668
2011-12-21,2127.084,0.124272733940451,0.12562644615328078
2011-12-22,2119.521,0.1229096560298788,0.12507716402570457
2011-12-23,2137.8196,0.12277976927441189,0.12452913287460561
2011-12-24,,0.12267998806905984,0.1236450620250473
2011-12-25,,0.12254517533608042,0.1230374645299764
2011-12-26,2121.7813,0.12165930825497924,0.12251477939288205
2011-12-27,2091.3022,0.11971887830581102,0.12187662384806848
2011-12-28,2092.5945,0.11750249173917035,0.12082116834102016
2011-12-29,2096.7156,0.11922452776622611,0.12013007628045343
2011-12-30,2123.853,0.11856688511673198,0.11933441823658372
2011-12-31,,0.11833785981320116,0.11867012854822812
2012-01-01,,0.11820523158263561,0.11836739920359304
2012-01-02,,0.11807277958000044,0.11848145677175906
2012-01-03,,0.1179405043990292,0.11822465209831967
2012-01-04,2089.2793,0.11576322197877918,0.11766391947072911
2012-01-05,2057.3379,0.11081154096025943,0.11615865570014076
2012-01-06,2070.978,0.10927706769390023,0.11437302292239371
2012-01-07,,0.10917657470104379,0.11259378194660237
2012-01-08,,0.10903404288980534,0.11081248964475758
2012-01-09,2134.6294,0.10915415386578725,0.1094906760221592
2012-01-10,2198.0198,0.108571825533279,0.10904273293676311
2012-01-11,2190.5801,0.10949721191709437,0.10908676178140195
2012-01-12,2189.115,0.10809823895540667,0.10887109463227454
2012-01-13,2151.4587,0.10757010034006725,0.10857830612232691
2012-01-14,,0.10814042398806106,0.10837556014678167
2012-01-15,,0.10800163961536717,0.10826152296319931
2012-01-16,2107.7009,0.10454340516279456,0.10727076161233935
2012-01-17,2199.6736,0.10234952008915348,0.10612101783908871
2012-01-18,2163.0229,0.10184907806438688,0.10497681338395264
2012-01-19,2192.2012,0.10183468932376534,0.1037156664510935
2012-01-20,2217.0903,0.10032888259442134,0.10218111504690433
2012-01-21,,0.10033143065165633,0.10133872014467667
2012-01-22,,0.10018484862772875,0.10090578585239174
2012-01-23,,0.10003845504105958,0.10054366124772626
2012-01-24,,0.09989225072012164,0.10015517352699752
2012-01-25,,0.09975427845687206,0.10004025269948769
2012-01-26,,0.09960843579048699,0.09989565372725381
2012-01-27,,0.09947084190335125,0.09975285238237831
2012-01-28,,0.09933345569520531,0.09961185251320745
2012-01-29,,0.09919627802895148,0.09947265797497343
2012-01-30,2187.4016,0.1012486623403433,0.09977153475166767
2012-01-31,2192.6951,0.09974189446370772,0.09979822648631181
2012-02-01,2171.1606,0.10160720085043544,0.10022549827572864
2012-02-02,2213.4438,0.09910026337812122,0.10017885981231182
2012-02-03,2233.2681,0.09906827272486417,0.10015325875149436
2012-02-04,,0.09907499661024724,0.09971852560547516
2012-02-05,,0.09896823063051417,0.09956379283883646
2012-02-06,2237.395,0.10116313205785975,0.09947497908032131
2012-02-07,2199.533,0.10409749247462834,0.10047442489962273
2012-02-08,2255.2036,0.10135599855203296,0.1009319700650565
2012-02-09,2259.9009,0.10144144221072937,0.1014052591851529
2012-02-10,2263.8499,0.1003069104662564,0.10167299515230135
2012-02-11,,0.10019815431545029,0.10147999960381948
2012-02-12,,0.10008179394537434,0.10067685989796867
2012-02-13,2267.4424,0.10316830343548924,0.10103932087465992
2012-02-14,2261.8474,0.1048373305801051,0.10171849854853507
2012-02-15,2285.7166,0.10515517825510534,0.10268815210630486
2012-02-16,2277.4534,0.10534879411046925,0.10371828006530866
2012-02-17,2276.1909,0.10462631720022819,0.10462718471627944
2012-02-18,,0.10497746864066235,0.10498901775731403
2012-02-19,,0.1048800270433768,0.10499755704996838
2012-02-20,2281.907,0.10367943654715521,0.10470240870837835
2012-02-21,2301.4626,0.104447999276891,0.10452224974166271
2012-02-22,2328.3157,0.10573024111894672,0.10474303452540641
2012-02-23,2335.072,0.10525272901651013,0.10479808660057596
2012-02-24,2365.3137,0.10394342749986507,0.10461076669187364
2012-02-25,,0.1041551294207681,0.1047059052665962
2012-02-26,,0.10405587596280984,0.10462748060377998
2012-02-27,2373.1587,0.1032806865557734,0.10413756969114529
2012-02-28,2373.1238,0.10117535215284819,0.10332209431841292
2012-02-29,2348.573,0.1017885954863841,0.10289112791571672
2012-03-01,2348.2434,0.1033407255945863,0.10272824715048037
2012-03-02,2385.6973,0.10243563443168521,0.10240419884425545
2012-03-03,,0.10236059254086359,0.10222018004127346
2012-03-04,,0.10227939516696206,0.10244098864409626
2012-03-05,2372.512,0.10478766392452343,0.10304080233172412
2012-03-06,2340.6604,0.10732139023606753,0.10383693526002036
2012-03-07,2325.8052,0.10709103051303553,0.10476801447629043
2012-03-08,2351.4404,0.10757684941937201,0.10581126585199212
2012-03-09,2374.7258,0.10942432071999329,0.10724025096259837
2012-03-10,,0.10973324705082567,0.10822936758785881
2012-03-11,,0.10963413492053076,0.10869191652475145
2012-03-12,2372.4702,0.11173056159795075,0.1096198227417345
2012-03-13,2394.2798,0.11068815901109394,0.11024208466007887
2012-03-14,2324.0073,0.10865756459344729,0.11008873343476969
2012-03-15,2307.7808,0.10820439969887027,0.10978296396437862
2012-03-16,2343.3469,0.11152289567520107,0.11016071611531267
2012-03-17,,0.11145515515323534,0.11010563482636956
2012-03-18,,0.11136006764838559,0.11024001655382791
2012-03-19,2353.687,0.11454471921839314,0.11141744747881707
2012-03-20,2317.8767,0.11346789925749914,0.11247014739054287
2012-03-21,2319.1531,0.114947916162249,0.11315515148795244
2012-03-22,2314.96,0.11402593225455475,0.11366930690821633
2012-03-23,2286.2542,0.11278117586809701,0.11395352855215861
2012-03-24,,0.1123966020861615,0.11352390512571228
2012-03-25,,0.11227743889282873,0.11328581305277821
2012-03-26,2287.1401,0.11416257583965823,0.11312874498826005
2012-03-27,2281.6536,0.11564394840879048,0.11345234821910719
2012-03-28,2213.4287,0.1118038025917579,0.11325687356383937
2012-03-29,2180.4851,0.11196344005791521,0.11317024115819012
2012-03-30,2186.8015,0.11100165531997763,0.11291508444361989
2012-03-31,,0.11074219640744005,0.11223100855717624
2012-04-01,,0.11061680602289123,0.11122558007999642
2012-04-02,,0.11051928992343013,0.11096867754633086
2012-04-03,,0.11039409079676664,0.11065480769410115
2012-04-04,,0.11026899221871252,0.11050827507384811
2012-04-05,2232.1934,0.11267646718828102,0.11089512923001629
2012-04-06,2239.554,0.11277382125752212,0.11132653227694249
2012-04-07,,0.11297269374505284,0.11181721304126704
2012-04-08,,0.11287794827051431,0.11231398453601656
2012-04-09,2218.4792,0.11152728026821146,0.11256564214591636
2012-04-10,2238.6689,0.11068393566039206,0.11216713584033855
2012-04-11,2243.0652,0.11126537383396146,0.11186544635562642
2012-04-12,2284.4941,0.11022675488639698,0.11131625858389524
2012-04-13,2293.9775,0.11107556200946651,0.11095578133168568
2012-04-14,,0.11042744852273492,0.11073581498259037
2012-04-15,,0.11035864065210034,0.11067075598093204
2012-04-16,2291.6958,0.11004304596170214,0.11042629040648018
2012-04-17,2267.0884,0.11034430221901596,0.11044979987300399
2012-04-18,2312.2395,0.10910821727469901,0.11005633092605047
2012-04-19,2308.3257,0.10619790586936378,0.10921042239537623
2012-04-20,2333.3052,0.10409927530834892,0.10795854932662596
2012-04-21,,0.1039929481676886,0.10674852976782326
2012-04-22,,0.10392784712567137,0.10546523874915434
2012-04-23,2311.1604,0.10012275834799823,0.10366814696381418
2012-04-24,2307.0942,0.09748558813613507,0.10192568341716843
2012-04-25,2326.718,0.09810072685515339,0.10072597372652933
2012-04-26,2324.2986,0.09904924615872628,0.09973723332473686
2012-04-27,2316.031,0.10539666870319782,0.10003099764024218
2012-04-28,,0.10738601868088204,0.10148364970681892
2012-04-29,,0.10732690774900314,0.10345191362939254
2012-04-30,,0.10726786186987058,0.10528534063233597
2012-05-01,,0.10720888115096887,0.10691726763078449
2012-05-02,2356.9429,0.10635252372175147,0.10710843863449522
2012-05-03,2360.8232,0.10598551548010307,0.10682833799433941
2012-05-04,2375.5879,0.10816227861435572,0.10699541216740993
2012-05-05,,0.10858494960662662,0.10725882971476115
2012-05-06,,0.10847646136106916,0.10751234575678122
2012-05-07,2380.2893,0.11145189352447604,0.10853221971732611
2012-05-08,2375.166,0.11204959971424225,0.10974503656415395
2012-05-09,2335.0703,0.11134047798779756,0.11038067643884233
2012-05-10,2337.6311,0.1123130914817906,0.11112630481387513
2012-05-11,2323.1802,0.11250870966330323,0.11193275447432194
2012-05-12,,0.11311421268643525,0.1122652183067138
2012-05-13,,0.11300087682092211,0.11245547372804973
2012-05-14,2311.2295,0.11117377286504677,0.11242213270349959
2012-05-15,2307.1724,0.1110411393522929,0.11216774227760004
2012-05-16,2278.2566,0.10977338164414284,0.11162067667376799
2012-05-17,2309.2104,0.1083711075593409,0.1106720556483491
2012-05-18,2275.9709,0.10661772688361311,0.1093954256608873
2012-05-19,,0.10708686948153451,0.10857804498418484
2012-05-20,,0.10697744753859545,0.10776530662144537
2012-05-21,2280.9971,0.10907883776790138,0.10762639784619707
2012-05-22,2307.8838,0.10995649127406236,0.10794347458914136
2012-05-23,2299.9026,0.10976051319135582,0.1085720318506899
2012-05-24,2284.9473,0.10888915441504483,0.10893248883739197
2012-05-25,2266.5642,0.10725262701059562,0.108987524731792
2012-05-26,,0.10789628814766163,0.10875101480774405
2012-05-27,,0.10778542900918874,0.10831680235476933
2012-05-28,2296.9739,0.10757880127782887,0.10788045997206393
2012-05-29,2324.5713,0.1083607969198097,0.10777478847301691
2012-05-30,2321.0466,0.10804114079735977,0.10793249123036974
2012-05-31,2315.0503,0.11173102198744556,0.10869943799832653
2012-06-01,2316.0659,0.1121168509161251,0.1095657223797138
2012-06-02,,0.11278003711274678,0.11060596954669737
2012-06-03,,0.11269052049951644,0.11147191426263872
2012-06-04,2252.1699,0.11111632089313159,0.1120869502817931
2012-06-05,2253.936,0.11129392173516427,0.11199953023133684
2012-06-06,2250.8372,0.1119508168508546,0.11196632341828275
2012-06-07,2240.3032,0.11090840842468054,0.11159199768066949
2012-06-08,2229.5366,0.1085295642759998,0.11075980643596614
2012-06-09,,0.10943249366483317,0.11042304099030649
2012-06-10,,0.10934343071932646,0.1100329427871389
2012-06-11,2260.0667,0.11239699375120102,0.11012217816720819
2012-06-12,2247.0132,0.11254805483828088,0.11045010744992827
2012-06-13,2280.9197,0.11545995471363599,0.11183618553745552
2012-06-14,2266.3286,0.1167228255332443,0.11329425191113773
2012-06-15,2274.6348,0.11600746501811758,0.11462705877089593
2012-06-16,,0.11698120810171667,0.11554390164099908
2012-06-17,,0.11688591410197542,0.116411473493738
2012-06-18,2286.8459,0.1177132748680956,0.11686213752462993
2012-06-19,2271.0371,0.11650931012313981,0.116819434442609
2012-06-20,2268.2422,0.1151905852333591,0.11665605848565733
2012-06-21,2236.604,0.1142949958383864,0.11611881603299126
2012-06-22,,0.11512029116406915,0.11576569144541
2012-06-23,,0.11501448054684099,0.1152259325811591
2012-06-24,,0.11490877501824363,0.11490582556017985
2012-06-25,2195.2542,0.11155486325610531,0.1141786811647291
2012-06-26,2194.5483,0.10985371143812245,0.11329042428467631
2012-06-27,2190.0637,0.11166650513811636,0.11259966707948574
2012-06-28,2169.4102,0.11064171782548113,0.11172511453521379
2012-06-29,2197.4744,0.11324332264568777,0.11139202406070262
2012-06-30,,0.11376930673137602,0.11183491275575674
2012-07-01,,0.11367103863370748,0.11259837819487375
2012-07-02,2205.2075,0.11889109754998278,0.11404329667724704
2012-07-03,2210.3271,0.12088251844406862,0.11609145680096453
2012-07-04,2206.7317,0.11907525189502893,0.11725784265083276
2012-07-05,2178.7942,0.11663718627916043,0.11783141856038966
2012-07-06,2208.6255,0.12484334329357313,0.12006587949236278
2012-07-07,,0.1256207201597678,0.1214118040143198
2012-07-08,,0.1255366208012049,0.12234262448574704
2012-07-09,2157.0667,0.12281700635344543,0.12309097537743034
2012-07-10,2148.1135,0.11982082031934041,0.12372770218546633
2012-07-11,2162.8381,0.12143987651012753,0.12304700882877721
2012-07-12,2178.916,0.12581453178820576,0.1230857711544648
2012-07-13,2177.9543,0.1260824358053324,0.1231949341552903
2012-07-14,,0.12669971423620072,0.12397147573184138
2012-07-15,,0.1266145295816673,0.12533021758430676
2012-07-16,2130.8081,0.11854119959391415,0.12475048220106406
2012-07-17,2143.1953,0.1159644639875001,0.12278046864092293
2012-07-18,2149.8604,0.11629149097030886,0.12082227967391823
2012-07-19,2167.0112,0.1178704629151698,0.11905642940971203
2012-07-20,2150.0386,0.1163956642101256,0.1170126563354037
2012-07-21,,0.11627608413533112,0.1165596332436871
2012-07-22,,0.11616741074153462,0.11660022259449401
2012-07-23,2123.458,0.11487223096970342,0.1163163705943729
2012-07-24,2131.4973,0.11651274850107814,0.11604482771155458
2012-07-25,2120.0171,0.1150974409709315,0.11578518306371577
2012-07-26,2108.0332,0.11203801655080017,0.11493756954680959
2012-07-27,2107.4844,0.10859589479584007,0.11342326635767067
2012-07-28,,0.1078678532250527,0.1120223908087405
2012-07-29,,0.10777045895849496,0.11027393290022389
2012-07-30,2086.3672,0.10502642281566388,0.10825972926917035
2012-07-31,2075.749,0.09514597479281178,0.1048813209175727
2012-08-01,2098.7791,0.09719710970933441,0.10260156390027156
2012-08-02,2084.4507,0.09804297141331732,0.10063658753792448
2012-08-03,2109.8882,0.10268540617174367,0.0996195769805742
2012-08-04,,0.10246381432101759,0.09910705528164496
2012-08-05,,0.10235791074534425,0.10054944247215145
2012-08-06,2138.1489,0.10778044597068338,0.10266610972442125
2012-08-07,2143.9348,0.11045596499539484,0.10514870844083675
2012-08-08,2145.6272,0.10772738737908283,0.10615710468230458
2012-08-09,2163.3755,0.11391486925033055,0.10844731566816716
2012-08-10,2157.1125,0.11010758763935272,0.10999725104696886
2012-08-11,,0.10991578837959393,0.11042431952875098
2012-08-12,,0.10980711646264625,0.11029454982220126
2012-08-13,2121.9438,0.10896396981090445,0.11054186630856558
2012-08-14,2130.5437,0.10875938412987393,0.10951076928447426
2012-08-15,2109.0728,0.10680607242643925,0.10885046624189157
2012-08-16,2099.8696,0.10372460084805131,0.10761222873558304
2012-08-17,2099.6833,0.10201210414428265,0.10605322627191031
2012-08-18,,0.10183561483446125,0.10462755527662168
2012-08-19,,0.10171775927283219,0.10321923030521334
2012-08-20,2094.8035,0.10607090067040499,0.10307219595400648
2012-08-21,2109.8784,0.11270623336747718,0.10486852245789166
2012-08-22,2097.3894,0.11087446603282643,0.10664099483560041
2012-08-23,2104.0818,0.1131979730178989,0.10891346647228795
2012-08-24,2078.3987,0.10604483144337881,0.10977888090639727
2012-08-25,,0.10588643426750025,0.1097419876258163
2012-08-26,,0.10576429282413785,0.10835359951714844
2012-08-27,2038.9087,0.09871570948031247,0.10592184820664566
2012-08-28,2054.6292,0.0994897157212105,0.10318019674730798
2012-08-29,2035.7985,0.1004442452598825,0.10206007951060872
2012-08-30,2027.698,0.09232543401759864,0.0993478794606284
2012-08-31,2025.563,0.09332439210362727,0.09685989931652628
2012-09-01,,0.09319069273123305,0.09575489596671038
2012-09-02,,0.09305719722291703,0.0944683922670517
2012-09-03,2045.176,0.09855619903971809,0.09409078302301882
2012-09-04,2027.9742,0.09806157422781873,0.09523801106506283
2012-09-05,2026.1313,0.10147958703735602,0.09686905005180858
2012-09-06,2041.4193,0.10427797336520617,0.0990865061786032
2012-09-07,2117.1311,0.11192953215638045,0.1028609731652959
2012-09-08,,0.11181170187778573,0.10551207373290943
2012-09-09,,0.11169401467857394,0.10823856182306046
2012-09-10,2126.9775,0.11218571180479336,0.11037978677654794
2012-09-11,2114.2766,0.11274488135825125,0.11207316837515695
2012-09-12,2122.0603,0.11279072479705173,0.11224540690329121
2012-09-13,2102.7568,0.10845408667254959,0.11157388386224398
2012-09-14,2114.6616,0.1063127594950735,0.11049763282554388
2012-09-15,,0.10619810719780119,0.10930011190414546
2012-09-16,,0.10608358326222853,0.10796785228494091
2012-09-17,2066.6804,0.09957586979038503,0.10532488128360758
2012-09-18,2052.4927,0.0996557010026118,0.10356520414962
2012-09-19,2062.5359,0.10421398174770805,0.10314544860014692
2012-09-20,2015.2455,0.09320942809723688,0.10054771278003405
2012-09-21,2015.4238,0.08900165934091799,0.09713132799577194
2012-09-22,,0.0888915723417318,0.09499446850604129
2012-09-23,,0.08878165027613548,0.09281965836074604
2012-09-24,2024.37,0.08981511164574006,0.08993988434035245
2012-09-25,2019.2172,0.08790641577311233,0.08887928187552753
2012-09-26,1989.29,0.08275057961642131,0.08762906593062819
2012-09-27,2041.81,0.08602837050073595,0.08705642556242903
2012-09-28,2073.98,0.08879900095517246,0.08705989569823643
2012-09-29,,0.08869043683197933,0.08683496073548427
2012-09-30,,0.08858204177302574,0.08697008593546696
2012-10-01,,0.0884738163997067,0.08811473329212403
2012-10-02,,0.08836576133548618,0.08858221145907408
2012-10-03,,0.088257877205898,0.08847398670921919
2012-10-04,,0.08816344824837137,0.0883685889924976
2012-10-05,,0.08805587344202635,0.08826335532629773
2012-10-06,,0.08794847134915555,0.0881582863161875
2012-10-07,,0.08784124260328105,0.08805338256974646
2012-10-08,2061.06,0.09096485596541014,0.08859477832164889
2012-10-09,2105.03,0.09517000856388531,0.08999609038475168
2012-10-10,2113.82,0.09858214172094945,0.0921013440405363
2012-10-11,2093.38,0.09399094149535286,0.09330983806977576
2012-10-12,2093.87,0.09222352585087001,0.09418629471929356
2012-10-13,,0.09211588035876173,0.09441649959796387
2012-10-14,,0.09201781191693366,0.09378606026857354
2012-10-15,2086.66,0.09081810575782139,0.09223325307594793
2012-10-16,2088.35,0.09245490488336118,0.0919260457535496
2012-10-17,2094.0,0.09248863472350888,0.09197906752807736
2012-10-18,2123.0,0.09531882246575772,0.09261965594947656
2012-10-19,2119.54,0.09194315658008362,0.09260472488210655
2012-10-20,,0.09393738272992834,0.09322858027652794
2012-10-21,,0.09383768603464863,0.09350513650678544
2012-10-22,2124.96,0.09379021148722648,0.09376545185952896
2012-10-23,2104.08,0.08835989712256949,0.0923736667908913
2012-10-24,2103.47,0.08677696126565577,0.09134042772800574
2012-10-25,2088.19,0.08252697239225092,0.08905834566047025
2012-10-26,2051.26,0.08147561738463248,0.08658593193046703
2012-10-27,,0.08073815656087653,0.08397552094519703
2012-10-28,,0.08064383331199987,0.08243230818308311
2012-10-29,2045.04,0.08280972283442864,0.08163886049683769
2012-10-30,2047.89,0.07964240316320313,0.08106194665102813
2012-10-31,2055.02,0.08098146902077795,0.08096311697825723
2012-11-01,2091.44,0.08256635473856026,0.08132875661379398
2012-11-02,2102.39,0.08073346301310062,0.08134668255401413
2012-11-03,,0.08063080447263268,0.08091089888165492
2012-11-04,,0.08052834739481697,0.08108808772797768
2012-11-05,2097.24,0.07894845110425253,0.08068148414467262
2012-11-06,2087.55,0.07918875496291225,0.080005964189543
2012-11-07,2086.42,0.07928162457280132,0.07971559650148315
2012-11-08,2048.81,0.07491018680560128,0.07857147296807687
2012-11-09,2044.45,0.07398085187003144,0.07726197386311977
2012-11-10,,0.07387520322595469,0.0762473242874602
2012-11-11,,0.07376980812017014,0.07516353491891177
2012-11-12,2054.9,0.07335028190281756,0.07397726638491502
2012-11-13,2021.32,0.07207050305114321,0.0734093296340234
2012-11-14,2028.47,0.07295848916002755,0.07320485709202262
2012-11-15,2001.68,0.0716317261317877,0.07275616167318924
2012-11-16,1985.44,0.07004646172976454,0.07201149239510811
2012-11-17,,0.06994743169209089,0.07133092235296276
2012-11-18,,0.06984872769022892,0.07088656728077992
2012-11-19,1986.99,0.06907481665512293,0.070109832779799
2012-11-20,1979.87,0.06914652495359587,0.06961279254416063
2012-11-21,2001.31,0.06920108184907701,0.06944371656802313
2012-11-22,1984.53,0.06781944880759792,0.06901811999112453
2012-11-23,1995.25,0.06795275804922932,0.06863892606292461
2012-11-24,,0.06784960900946939,0.0683938845337939
2012-11-25,,0.06774678382877167,0.06811393630882907
2012-11-26,1980.47,0.06620761458128044,0.06751524285526975
2012-11-27,1948.17,0.06335627850694038,0.06662260879513823
2012-11-28,1925.32,0.05977688790409472,0.06498743476611132
2012-11-29,1913.6,0.058729670026897815,0.063163446969597
2012-11-30,1932.54,0.060079817755732096,0.06163005375498909
2012-12-01,,0.05992310750364605,0.06037315233946221
2012-12-02,,0.05976666126456645,0.059655228890987434
2012-12-03,1905.13,0.05451207068100201,0.05860226544636889
2012-12-04,1923.07,0.056439323755725905,0.0581441961921345
2012-12-05,1981.96,0.06027908908499806,0.05818405045798769
2012-12-06,1979.19,0.059309642699891175,0.05806135749723672
2012-12-07,2013.55,0.06096838489831001,0.05830170222398543
2012-12-08,,0.0608210728378552,0.05956350265535607
2012-12-09,,0.060658833526976326,0.060407404609606155
2012-12-10,2036.12,0.06261431824956118,0.06087445044251878
2012-12-11,2025.96,0.06113904637754937,0.061240331178050424
2012-12-12,2032.36,0.0616137659373388,0.06136940738585618
2012-12-13,2010.41,0.061198170405809195,0.06144482689944697
2012-12-14,2095.63,0.06293098358300157,0.061899256910652026
2012-12-15,,0.06286853063129721,0.061950099386999226
2012-12-16,,0.06269765257781336,0.06226182062705203
2012-12-17,2106.23,0.061466878206845696,0.062232443080953416
2012-12-18,2105.87,0.06205166005386541,0.06240314101056464
2012-12-19,2109.19,0.061298944650314054,0.062076733224027146
2012-12-20,2116.01,0.06352989449560525,0.06220900599688876
2012-12-21,2105.16,0.06448185786681103,0.06256584705468829
2012-12-22,,0.06432646644209643,0.06313776470173844
2012-12-23,,0.06416764711412519,0.06356096211379039
2012-12-24,2111.62,0.06565456336681884,0.06443208585709134
2012-12-25,2164.48,0.06750310693058667,0.06522672834408763
2012-12-26,2176.33,0.07035427001807625,0.06640121077434066
2012-12-27,2163.95,0.06816144725153149,0.06716820693622769
2012-12-28,2190.89,0.0702201393851431,0.06837870539043127
2012-12-29,,0.07008702348913315,0.06926519741489413
2012-12-30,,0.0699541532885987,0.06975540668649655
2012-12-31,2223.24,0.07201492484523216,0.07008753765192773
2013-01-01,,0.07188926813687432,0.0708331018289963
2013-01-02,,0.07176387782518082,0.07114184951700384
2013-01-03,,0.07163875530898506,0.0714521958809742
2013-01-04,2224.87,0.06824519095650483,0.07111040341455543
2013-01-05,,0.06823134857794962,0.07035368816109892
2013-01-06,,0.06811554319548671,0.0695989431728214
2013-01-07,2235.9,0.06722610760203462,0.06869138912819217
2013-01-08,2234.09,0.06843635605074087,0.06805090927654334
2013-01-09,2236.15,0.06876148916041576,0.06815416891732552
2013-01-10,2245.05,0.06871078729209178,0.06825005666015396
2013-01-11,2204.14,0.06513972223600493,0.0676548924682576
2013-01-12,,0.06497203347098603,0.06720407764204787
2013-01-13,,0.06485174329233401,0.06648715509036651
2013-01-14,2274.8,0.07134469906599533,0.06700379707148241
2013-01-15,2293.0,0.07778121855725237,0.06881788332451452
2013-01-16,2280.13,0.07982659557844812,0.07175525799300317
2013-01-17,2256.16,0.07884741362908937,0.07453033402462385
2013-01-18,2289.14,0.08249595980637756,0.07805917732743255
2013-01-19,,0.08248576917506509,0.0802873913492465
2013-01-20,,0.08239881873521936,0.0812109113848399
2013-01-21,2301.56,0.08213498796790167,0.0816725898627306
2013-01-22,2283.34,0.07576777079663274,0.08105666129623929
2013-01-23,2287.96,0.07439151952947744,0.07943577324085926
2013-01-24,2263.33,0.06740434801331266,0.07641948900850877
2013-01-25,2254.06,0.072244982849114,0.0743887218312877
2013-01-26,,0.07183889694058901,0.07232950362582517
2013-01-27,,0.0717618848355175,0.07152832643360212
2013-01-28,2307.68,0.07735434115602319,0.07212089075891127
2013-01-29,2321.96,0.07915044906594064,0.07447011096943687
2013-01-30,2341.01,0.07767969580774109,0.0755570535611623
2013-01-31,2336.44,0.07662858444861734,0.07651499106276795
2013-02-01,2365.68,0.07605489750781085,0.07737359359722662
2013-02-02,,0.07562170926641273,0.07702706721930452
2013-02-03,,0.07555211362422537,0.07630740013096146
2013-02-04,2361.0802,0.07240870695057379,0.07525320235952801
2013-02-05,2381.3447,0.07388051556087505,0.07470358858197956
2013-02-06,2390.3536,0.07627555687675985,0.07474772045576936
2013-02-07,2385.7977,0.0785797181606431,0.07533932223461542
2013-02-08,2407.6385,0.08470236168594245,0.07716937184695885
2013-02-09,,0.08463089230461669,0.07961380891776743
2013-02-10,,0.08455963772598073,0.08174963335078857
2013-02-11,,0.08448859849350467,0.08339224167413753
2013-02-12,,0.08441777515084269,0.08455985307217745
2013-02-13,,0.08434716824181998,0.08448881438335296
2013-02-14,,0.0842767783104195,0.0844179915845135
2013-02-15,,0.08420660590076864,0.08434738521947109
2013-02-16,,0.08413665155712577,0.08427699583219532
2013-02-17,,0.08406691582386666,0.0842068239668001
2013-02-18,2398.54,0.08776668819896756,0.08489072795822963
2013-02-19,2355.6624,0.08235821307714992,0.08450701491157572
2013-02-20,2383.5538,0.09112110071486425,0.08588991387439483
2013-02-21,2316.3375,0.08830896173851727,0.08672437591067314
2013-02-22,2306.6774,0.08919165328471482,0.08774932340284278
2013-02-23,,0.08896221509890284,0.08798842878282982
2013-02-24,,0.0888657652952174,0.08928993922644332
2013-02-25,2322.1645,0.09380096802631185,0.08982591268873283
2013-02-26,2290.0549,0.0937680266878738,0.09091772567860415
2013-02-27,2305.4933,0.08902769655988794,0.09088493433363877
2013-02-28,2366.067,0.09041927692841589,0.09117634669954137
2013-03-01,2376.7759,0.09833017183127628,0.09306922800675316
2013-03-02,,0.09830430222628751,0.0939698948467483
2013-03-03,,0.09820795263328268,0.09485788003583007
2013-03-04,2279.0616,0.0985291571605516,0.0967581721559628
2013-03-05,2341.9301,0.10809964499969239,0.1002942457702181
2013-03-06,2372.3616,0.11284499012441912,0.10319720942884665
2013-03-07,2344.7553,0.10613562136212316,0.10476347325601379
2013-03-08,2328.4314,0.10477453803759766,0.10607679033687678
2013-03-09,,0.10485019845054548,0.10734099859487556
2013-03-10,,0.1047434861408327,0.10666976682310363
2013-03-11,2321.14,0.1063974332342832,0.10538025544507645
2013-03-12,2277.1465,0.09588460896142914,0.10333005296493765
2013-03-13,2253.9512,0.09577885346193889,0.10153091604980588
2013-03-14,2261.0161,0.10075781001909928,0.10071243836351665
2013-03-15,2265.3878,0.1025191317473552,0.10026756748482116
2013-03-16,,0.10251301400837207,0.09949068363963891
2013-03-17,,0.10240079352769511,0.10079392055289212
2013-03-18,2233.6098,0.1066976570765425,0.10297768127581283
2013-03-19,2248.0284,0.10172816130422084,0.10317175153283716
2013-03-20,2317.1845,0.10479300070426566,0.10362652532421923
2013-03-21,2330.8682,0.1107036686527434,0.10526465625309349
2013-03-22,2336.3204,0.11105631768377969,0.10699576108431041
2013-03-23,,0.11205486191472074,0.10806720205194606
2013-03-24,,0.11195184364927868,0.11011193852095764
2013-03-25,2333.0266,0.1115565034420759,0.1114646390685197
2013-03-26,2306.5071,0.11413010718416387,0.11214992677480377
2013-03-27,2313.8929,0.1156957537054238,0.1130778139791326
2013-03-28,2241.0454,0.11154764206577482,0.11297637000934342
2013-03-29,2239.2658,0.11254628263877571,0.1130952578072428
2013-03-30,,0.1121745342737252,0.11321886397357268
2013-03-31,,0.11205586439603013,0.11280401541594594
2013-04-01,2244.8436,0.11396556320402387,0.11245797731566594
2013-04-02,2227.5937,0.10247555475839958,0.1106435598541909
2013-04-03,2216.901,0.0987566204964925,0.10788562742573427
2013-04-04,,0.09862933591785818,0.10517658775456085
2013-04-05,,0.0984843340697253,0.1024622816892999
2013-04-06,,0.09833952859966927,0.09933707476842897
2013-04-07,,0.09819492037647085,0.09848094789204323
2013-04-08,2214.7981,0.10890512816010936,0.10051064942476659
2013-04-09,2233.5536,0.1089773411719838,0.10258025047559172
2013-04-10,2227.8282,0.10256910420355304,0.10339720450235726
2013-04-11,2220.7394,0.10266955933522115,0.10426321064946764
2013-04-12,2204.9291,0.10021570252061354,0.10466736707829619
2013-04-13,,0.09982695719216154,0.10285173288470661
2013-04-14,,0.09970629802243883,0.10099752425479762
2013-04-15,2178.7007,0.09337854908219974,0.09915941323052696
2013-04-16,2199.6548,0.09825911012084344,0.09827732338765142
2013-04-17,2208.7298,0.10765793146340732,0.09976576917621018
2013-04-18,2215.5607,0.10855788973873698,0.10151195568552525
2013-04-19,2270.8455,0.11219980109011378,0.10401065629906026
2013-04-20,,0.11174534344918938,0.10768401517245818
2013-04-21,,0.11162551368775055,0.1103572958858396
2013-04-22,2275.9709,0.11837529497142354,0.11250076858744285
2013-04-23,2206.7378,0.11251876516544676,0.1132929436727848
2013-04-24,2251.8486,0.12172280516743406,0.11519754448824886
2013-04-25,2220.6789,0.11496400410118679,0.11584127661864833
2013-04-26,2192.4873,0.10366469480917215,0.11424911284293267
2013-04-27,,0.10385098720826898,0.11134425129030175
2013-04-28,,0.10372722954750256,0.1095859441667129
2013-04-29,,0.10360207178424642,0.10596179749007537
2013-04-30,,0.10347705125546465,0.10366440692093096
2013-05-01,,0.103352442411871,0.10360195644147072
2013-05-02,2198.8268,0.11267189108319241,0.10536613721645541
2013-05-03,2240.5778,0.12013456576246813,0.10864760445944852
2013-05-04,,0.12004260663372743,0.11193571142934473
2013-05-05,,0.11992065345311552,0.1152244318688749
2013-05-06,2275.4832,0.12565310382076564,0.11968456415065383
2013-05-07,2279.7942,0.1248826849677472,0.1221267229275648
2013-05-08,2290.8594,0.12967367989060027,0.12403454575319121
2013-05-09,2281.0241,0.13179774554308826,0.12638557353506336
2013-05-10,2294.4495,0.1309465760157278,0.12859075804758585
2013-05-11,,0.13057667792030794,0.12957547286749432
2013-05-12,,0.1304399681391338,0.13068692950177163
2013-05-13,2294.2275,0.1326739663828341,0.13128698680021839
2013-05-14,2263.9884,0.12944047216538426,0.1308155321246776
2013-05-15,2284.9903,0.13754313328259613,0.13213484357805125
2013-05-16,2317.6873,0.136240911241776,0.13326769024234486
2013-05-17,2352.7488,0.1387342849370936,0.13492655360193684
2013-05-18,,0.13965539642561797,0.1363228396104936
2013-05-19,,0.13952280930893196,0.13833930703920314
2013-05-20,2378.3958,0.14393975441037954,0.13961863126475982
2013-05-21,2395.2187,0.1511256019349014,0.1425955694033849
2013-05-22,2386.3744,0.14289572162806533,0.14342785674157923
2013-05-23,2361.4956,0.1417149950129688,0.14383977645904938
2013-05-24,2386.6296,0.1504015511537117,0.14601552482800537
2013-05-25,,0.1502762599959862,0.1472828259451267
2013-05-26,,0.1501311434366207,0.14708393424547056
2013-05-27,2400.0077,0.15291287915671273,0.14908736575120002
2013-05-28,2421.7043,0.14305883713649345,0.14935613417590496
2013-05-29,2428.7227,0.14616732424576553,0.1485092887943157
2013-05-30,2427.308,0.14688157153112136,0.14783035110134274
2013-05-31,2407.307,0.14499745086705154,0.14680361258742894
2013-06-01,,0.1448824665169507,0.1451975300594765
2013-06-02,,0.14475825152677094,0.14553741293753203
2013-06-03,2398.943,0.14119568507534325,0.14454308510344754
2013-06-04,2358.1384,0.1350337620738456,0.14217352321199242
2013-06-05,2361.7332,0.13735334668356097,0.1406447023752943
2013-06-06,2327.9651,0.134973271430211,0.13866286335794636
2013-06-07,2289.7591,0.13470268967097768,0.1366517509867877
2013-06-08,,0.1345839124751033,0.13532939646673972
2013-06-09,,0.13446530438242826,0.13521570492845622
2013-06-10,,0.1343468658408307,0.1346144087599102
2013-06-11,,0.13422859729912803,0.1344654739336936
2013-06-12,,0.13411483797794932,0.13434790359508791
2013-06-13,2219.7791,0.13411009033882743,0.13425313916783274
2013-06-14,2250.7129,0.14593259632668865,0.1365465975566848
2013-06-15,,0.14582481372552322,0.13884218713362334
2013-06-16,,0.1457172042641537,0.14113990852662844
2013-06-17,2249.4281,0.15172642899824595,0.1446622267306878
2013-06-18,2260.9749,0.15197608457378856,0.14823542557768002
2013-06-19,2247.3104,0.15019681747100685,0.14908826980654366
2013-06-20,2172.8514,0.14096045386735476,0.14811539783490996
2013-06-21,2166.0321,0.13999302698237667,0.14697056237855455
2013-06-22,,0.1398249789993697,0.1445902723787793
2013-06-23,,0.13972197730232955,0.1421394509244875
2013-06-24,2027.8147,0.12282084802028237,0.1366642570343426
2013-06-25,2021.8294,0.12660733368866317,0.13379363299860428
2013-06-26,2046.8099,0.14476843504552356,0.13474871461123367
2013-06-27,2026.719,0.13680589594492842,0.1341448980003454
2013-06-28,2046.2654,0.13621254934374208,0.13344301240862794
2013-06-29,,0.13607024463802836,0.13609289173217715
2013-06-30,,0.1359404049482411,0.1379595059840927
2013-07-01,2077.3679,0.14967776137277264,0.1389413712495425
2013-07-02,2099.1766,0.15700710493352382,0.1429816130472616
2013-07-03,2092.2695,0.16481753075800765,0.14870260933011473
2013-07-04,2108.1971,0.16216584963498717,0.15392173032950648
2013-07-05,2104.1384,0.15359637808882828,0.15745292495762392
2013-07-06,,0.15348754415208443,0.15821488151348628
2013-07-07,,0.15334993390883106,0.1574834473085477
2013-07-08,2035.8531,0.14404607081226914,0.1533291553194
2013-07-09,2041.58,0.14964460185179448,0.15082490576276147
2013-07-10,2101.616,0.15625657374651403,0.15135694489429863
2013-07-11,2182.7957,0.16123346745490635,0.152906129554863
2013-07-12,2151.3248,0.16619848549319954,0.15547583987173672
2013-07-13,,0.16577353475709267,0.15982133266070142
2013-07-14,,0.16563750162232055,0.1630199126148066
2013-07-15,2190.7301,0.17998414181928377,0.16776542622936058
2013-07-16,2208.5729,0.18277693516409668,0.17207411977119863
2013-07-17,2175.9152,0.18227729884951996,0.17528988244246274
2013-07-18,2155.8061,0.18557646364148733,0.17925046821934165
2013-07-19,2103.606,0.18305989995515515,0.18273494788590858
2013-07-20,,0.18280935451819733,0.18329999042569128
2013-07-21,,0.18267832834108352,0.18328026906108869
2013-07-22,2131.6978,0.1912947043566311,0.18508375016251088
2013-07-23,2190.0667,0.1951597184496254,0.1870004011241385
2013-07-24,2190.0674,0.20158660124259348,0.19070574138162616
2013-07-25,2162.2546,0.192080032726629,0.1925598770233125
2013-07-26,2155.8962,0.1940627582012239,0.19483676299534058
2013-07-27,,0.19354306740596916,0.19528643560520817
2013-07-28,,0.19340423939502743,0.19493533979428862
2013-07-29,2112.6081,0.19098078724904569,0.19281417699557904
2013-07-30,2115.9308,0.1845291969820825,0.19130400984666973
2013-07-31,2123.2617,0.18457648137119895,0.18940675448066474
2013-08-01,2178.8536,0.19302401592878554,0.18930294418522803
2013-08-02,2183.5817,0.1930392604739922,0.18922994840102098
2013-08-03,,0.1929272162681139,0.18961923420483462
2013-08-04,,0.19278778785533815,0.19127095237948574
2013-08-05,2216.1778,0.1954809578245268,0.1934518476701513
2013-08-06,2235.3115,0.19856274528192,0.1945595935407782
2013-08-07,2216.1088,0.19187667720360918,0.19432707688670162
2013-08-08,2218.7346,0.1955633440366057,0.19485430244039997
2013-08-09,2226.6079,0.19237741386120435,0.1947722276415732
2013-08-10,,0.1915329486003317,0.19398262579673417
2013-08-11,,0.191395692394917,0.1925492152193336
2013-08-12,2274.6617,0.18656021969120648,0.19148592371685305
2013-08-13,2285.2903,0.1880231068101084,0.18997787627155358
2013-08-14,2278.0506,0.1910623069457386,0.18971485488846046
2013-08-15,2252.2685,0.1890219810008594,0.189212661368566
2013-08-16,2219.2088,0.18050428083102954,0.18703437905578849
2013-08-17,,0.18025178164526776,0.18577269144660075
2013-08-18,,0.1801088111315763,0.1841898323108943
2013-08-19,2254.9359,0.18952369204515515,0.18388210933077762
2013-08-20,2244.6768,0.19220698081845322,0.1845191092942964
2013-08-21,2250.2605,0.1925233478341637,0.18692292269492322
2013-08-22,2251.2964,0.19746834456838505,0.19036623527954669
2013-08-23,2241.4076,0.20007015995415336,0.1943585050440621
2013-08-24,,0.1998806589950626,0.1964298984340436
2013-08-25,,0.19974324353189266,0.19793715097673148
2013-08-26,2289.4508,0.20370857048040564,0.20017419550597987
2013-08-27,2302.0611,0.2031927764159868,0.20131908187550024
2013-08-28,2285.4189,0.1966140289259757,0.20062785566986469
2013-08-29,2280.5502,0.1972685504754397,0.2001054339659401
2013-08-30,2263.4411,0.18451074076980276,0.19705893341352212
2013-08-31,,0.18506378260806897,0.1933299758390548
2013-09-01,,0.18494410734493846,0.1896802420248451
2013-09-02,2275.497,0.1906105949457099,0.18847955522879195
2013-09-03,2310.8608,0.1946266884811498,0.18795118282993398
2013-09-04,2311.2972,0.19397051435822876,0.18984313754761917
2013-09-05,2310.6908,0.19940094926933272,0.19271057087987192
2013-09-06,2328.5526,0.1997570039915109,0.1956731502091864
2013-09-07,,0.19963398979193905,0.19747782917843223
2013-09-08,,0.19950317201688839,0.19845312588557998
2013-09-09,2381.5211,0.19345753906241792,0.1983505308264178
2013-09-10,2409.7133,0.1889609719128268,0.19626253535511662
2013-09-11,2400.3912,0.17580872928260263,0.19147288041333496
2013-09-12,2415.7427,0.17683845488751235,0.1869137734324496
2013-09-13,2410.4245,0.18497051216219576,0.1840072414615111
2013-09-14,,0.18483867776563287,0.18228346920215407
2013-09-15,,0.1847069676575258,0.1814326683510939
2013-09-16,2410.5307,0.19027170688038342,0.18432526387065004
2013-09-17,2364.7648,0.1906655970780505,0.1870906923087577
2013-09-18,2378.7262,0.19550077596903406,0.18919674507012535
2013-09-19,,0.1953720202401449,0.19130341356502772
2013-09-20,,0.1952433862014924,0.19341069727382104
2013-09-21,,0.1951148740937579,0.19437933071649596
2013-09-22,,0.1949864841580289,0.19524350813249164
2013-09-23,2422.9623,0.19946616152968508,0.19603658524462184
2013-09-24,2410.3926,0.20549305008068475,0.19806079121272982
2013-09-25,2397.6218,0.20642785181898698,0.20029768433622874
2013-09-26,2352.0298,0.20537483307963209,0.20234967613340354
2013-09-27,2361.2407,0.20834436000293746,0.2050212513023853
2013-09-28,,0.2082057413799104,0.20676916727243033
2013-09-29,,0.20807697794750646,0.2072859528457947
2013-09-30,2385.7764,0.21393838773430934,0.20878806002885913
2013-10-01,,0.21380226945731587,0.21047354730439588
2013-10-02,,0.21365242148986455,0.21153515960178132
2013-10-03,,0.2135165150934433,0.21259731434448792
2013-10-04,,0.21338071299210495,0.2136580613534076
2013-10-05,,0.2132450153851061,0.21351938688356698
2013-10-06,,0.2131094224720573,0.21338081748651522
2013-10-07,,0.21297393445292334,0.213245120079127
2013-10-08,2421.8874,0.21368133451403368,0.2132780839632451
2013-10-09,2443.9107,0.2167990409902604,0.21396174956287614
2013-10-10,2421.6696,0.2149217555107113,0.2142970975879972
2013-10-11,2459.191,0.2123668985688844,0.21414859280736262
2013-10-12,,0.21208255146021993,0.21397031620882195
2013-10-13,,0.21193895244569988,0.21362183979515517
2013-10-14,2473.714,0.2112574613082705,0.21251352385875721
2013-10-15,2471.0884,0.20944495759862325,0.21141816427633958
2013-10-16,2411.0938,0.20526479202843442,0.20999774296824958
2013-10-17,2405.4876,0.20223172586642707,0.20802757784949102
2013-10-18,2419.2661,0.20610572708504032,0.2068609327773591
2013-10-19,,0.206105580066194,0.20583055652894383
2013-10-20,,0.2059570294467138,0.20513297089856192
2013-10-21,2473.2336,0.2101346651730602,0.2061069455274871
2013-10-22,2446.0026,0.20235271234340138,0.20613114282288195
2013-10-23,2401.3803,0.1959594430032167,0.2041018860065172
2013-10-24,2383.3206,0.19857206854047613,0.20259518370137367
2013-10-25,2344.9795,0.1917702127499666,0.1997578203620242
2013-10-26,,0.19167841132515437,0.19606656959244304
2013-10-27,,0.19154803137048573,0.1939056333978599
2013-10-28,2342.1083,0.19068798910095489,0.19285134261740752
2013-10-29,2315.1762,0.18284017159067817,0.18970496322744795
2013-10-30,2351.42,0.1841301490721732,0.18817695049188926
2013-10-31,2318.8737,0.17621284716023428,0.18508383765890526
2013-11-01,2319.5475,0.1732755707699079,0.1814293455387897
2013-11-02,,0.1731581089914321,0.17792336951688512
2013-11-03,,0.17304078937998177,0.17596349307474585
2013-11-04,2324.36,0.1739700647284177,0.17393147620599475
2013-11-05,2342.6119,0.18220018187937836,0.17512894314982358
2013-11-06,2316.9745,0.17565860458457205,0.1756055499127564
2013-11-07,2294.8829,0.1689993947952084,0.17477380707351164
2013-11-08,2261.9285,0.1659579933374944,0.1733572478650142
2013-11-09,,0.16581480666282883,0.1717261962518964
2013-11-10,,0.16567169288933595,0.1684204984538879
2013-11-11,2272.2524,0.16677721116757935,0.16664421977048938
2013-11-12,2295.8382,0.16967224697507577,0.16677879020646286
2013-11-13,2248.7408,0.1684227356499011,0.16727173866894418
2013-11-14,2273.7583,0.1783364508588818,0.1697760675081548
2013-11-15,2320.4968,0.18266346630551525,0.17317442219139065
2013-11-16,,0.1825626333218703,0.17633150662224883
2013-11-17,,0.18241967038961684,0.17888099130515706
2013-11-18,2388.0341,0.184988057368752,0.18219405564892727
2013-11-19,2384.0799,0.1865823443636065,0.18384323434987218
2013-11-20,2401.5114,0.18814788313015995,0.18494011771480112
2013-11-21,2390.2674,0.18931337075692345,0.18629026520181174
2013-11-22,2378.9506,0.18678213185436857,0.18716275749476208
2013-11-23,,0.18664757168424012,0.18749466035785972
2013-11-24,,0.18651307455868718,0.18748080639687587
2013-11-25,2374.629,0.1871513699878374,0.18728150376841135
2013-11-26,2377.4093,0.18963525347832963,0.1873458803126926
2013-11-27,2407.2912,0.1948960608729324,0.18896866611640534
2013-11-28,2429.3073,0.19394607754240212,0.19042836728803775
2013-11-29,2440.4994,0.1992331780219459,0.1929723879806895
2013-11-30,,0.1990895314239316,0.19536002026790833
2013-12-01,,0.19894623803673528,0.19722221717958946
2013-12-02,2365.4345,0.17563680315142705,0.1933703656352884
2013-12-03,2399.0027,0.17766801519575814,0.19011475316595958
2013-12-04,2432.0318,0.17824700794424286,0.185917519150419
2013-12-05,2423.7281,0.17301897809024808,0.18070340848368227
2013-12-06,2412.1374,0.17277484379452707,0.17546912963524064
2013-12-07,,0.17268137329849362,0.17487804366465395
2013-12-08,,0.1725880072447224,0.1738620420744468
2013-12-09,2424.1307,0.17861928827112586,0.1739364981398234
2013-12-10,2426.4633,0.17837015376778076,0.17500673327532995
2013-12-11,2394.6219,0.1800874945990922,0.17646926343624297
2013-12-12,2400.9593,0.18594253000358799,0.17912149477726183
2013-12-13,2403.7957,0.18834576029900488,0.18227304538811834
2013-12-14,,0.18815511766222212,0.1841802112663376
2013-12-15,,0.18808205455675264,0.18612259142413196
2013-12-16,2366.6506,0.18644657569384823,0.18739440764308318
2013-12-17,2353.2907,0.18255599619815197,0.18671710088199597
2013-12-18,2351.9716,0.1811452901918696,0.18527700686056892
2013-12-19,2329.1738,0.178401826533507,0.18332634863482591
2013-12-20,2287.2174,0.17621254726318203,0.18095244717611175
2013-12-21,,0.17615521242768734,0.1788941745228796
2013-12-22,,0.17609794482287766,0.17760256424782472
2013-12-23,2287.0727,0.17584840989740114,0.17654318818893106
2013-12-24,2298.8668,0.17954513188871954,0.17677184925997355
2013-12-25,2324.0864,0.18748600348815012,0.17902654050496714
2013-12-26,2283.058,0.17850130816958257,0.17949575965334622
2013-12-27,2322.4409,0.18510054125990064,0.1812962789407508
2013-12-28,,0.1849900801159396,0.1831246129844585
2013-12-29,,0.18490469297769696,0.184196525202254
2013-12-30,2326.2586,0.18603883311742722,0.1839070911281094
2013-12-31,2344.197,0.18424431639989547,0.18505569277417197
2014-01-01,,0.18419384479989218,0.18487435348217027
2014-01-02,2350.4008,0.1911935940038268,0.18611505625974772
2014-01-03,2328.8088,0.19553011943202855,0.18824014155061405
2014-01-04,,0.19549560257829057,0.1901314954427867
2014-01-05,,0.19541114641830581,0.19236486144646878
2014-01-06,2270.512,0.18621709185045837,0.192769510856582
2014-01-07,2279.1594,0.19152016118251292,0.19283482429231924
2014-01-08,2289.1021,0.2006550960315378,0.1938598196122211
2014-01-09,2261.7393,0.1967727943119246,0.19411525795894788
2014-01-10,2233.5439,0.19041333108989483,0.1931156948932657
2014-01-11,,0.19031986512804935,0.1939362495487839
2014-01-12,,0.19027537145683038,0.1936872916036474
2014-01-13,2225.104,0.18966298934793674,0.19148887026692718
2014-01-14,2257.0748,0.1985277651818693,0.19183986444091614
2014-01-15,2264.3103,0.2048011770421299,0.19471743363136312
2014-01-16,2265.7354,0.20048702684284048,0.19675086597432137
2014-01-17,2237.6606,0.19834222299859997,0.19836423628267527
2014-01-18,,0.19828625946302883,0.2000888903056937
2014-01-19,,0.19822744254311514,0.20002882577794284
2014-01-20,2222.3265,0.1932515026552495,0.19771889090056677
2014-01-21,2252.0037,0.20300692497239906,0.1982228705264785
2014-01-22,2308.3399,0.20878520840251555,0.20031146760726162
2014-01-23,2312.1356,0.21679028288287291,0.20401227229123045
2014-01-24,2335.9412,0.2209501229006824,0.20855680836274387
2014-01-25,,0.2208534453490207,0.21407719690149812
2014-01-26,,0.22077293885915336,0.21763039967884898
2014-01-27,2317.7889,0.2219018125138255,0.22025372050111097
2014-01-28,2317.2876,0.21881278355714706,0.22065822063596582
2014-01-29,2334.6716,0.22497950054919266,0.22146409616566784
2014-01-30,2316.1153,0.2244518436098684,0.2221837758178374
2014-01-31,,0.2243736274026581,0.22290391352653835
2014-02-01,,0.2242954703813623,0.2233826451000457
2014-02-02,,0.22421737260787364,0.22446356291019104
2014-02-03,,0.22415013524712804,0.22429768984977808
2014-02-04,,0.22408294521530792,0.224223910170866
2014-02-05,,0.22401580255499998,0.22415234520133437
2014-02-06,,0.22397790534112608,0.22408883219328715
2014-02-07,2344.8217,0.23343026803116465,0.22593141127794536
2014-02-08,,0.23323703724310207,0.22774879167714013
2014-02-09,,0.23316934012900753,0.22956607065988005
2014-02-10,2406.7256,0.2378571366118118,0.2323343374712424
2014-02-11,2417.1975,0.23485530827693107,0.2345098180584034
2014-02-12,2435.7584,0.23610266505294839,0.23504429746276018
2014-02-13,2407.1927,0.22669215830025977,0.2337353216741917
2014-02-14,2439.7267,0.2338512194943712,0.23387169754726442
2014-02-15,,0.233679517491053,0.23303617372311267
2014-02-16,,0.23361213704108047,0.23278753947594258
2014-02-17,2475.376,0.23984385126790111,0.23353577671893314
2014-02-18,2459.5531,0.2419434699335996,0.23658603904560108
2014-02-19,2473.8054,0.2380603219048403,0.2374278595276949
2014-02-20,2442.767,0.2307054039742981,0.23683303682434392
2014-02-21,2425.6615,0.23485632764883715,0.23708187494589525
2014-02-22,,0.2347599778618898,0.23606510026469296
2014-02-23,,0.23469084389493466,0.23461457505696
2014-02-24,2402.2019,0.24398270513029405,0.23579905170205073
2014-02-25,2322.892,0.2302958273171951,0.23571713637063016
2014-02-26,2333.124,0.22785162078126428,0.2343161949971156
2014-02-27,2310.2005,0.21588043789532047,0.23054028700380172
2014-02-28,2336.2127,0.21737347739854657,0.2270768137045241
2014-03-01,,0.21749340215695004,0.2217789531098553
2014-03-02,,0.21749340215695004,0.21921846807780626
2014-03-03,2369.1244,0.224260781104616,0.21850030014247662
2014-03-04,2366.2538,0.22199081362489068,0.21972237528839064
2014-03-05,2352.4065,0.22256759998992992,0.22076119980666734
2014-03-06,2357.8737,0.22209117347244398,0.22168075406976612
2014-03-07,2350.6957,0.21937137056057246,0.2220563477504906
2014-03-08,,0.2193738557525847,0.22107896268008434
2014-03-09,,0.2193738557525847,0.22055557110562315
2014-03-10,2267.4734,0.20634667495530132,0.2173113860986974
2014-03-11,2271.7781,0.20393791087620886,0.2136807335794504
2014-03-12,2272.4683,0.20338720106379815,0.21048389968009557
2014-03-13,2301.9955,0.2083268335056114,0.2082744952307009
2014-03-14,2289.6174,0.20919587872446563,0.2062388998250771
2014-03-15,,0.2091018001238114,0.2067899248587791
2014-03-16,,0.2091018001238114,0.20782270270829958
2014-03-17,2326.929,0.21876846248624296,0.21089895499278857
2014-03-18,2331.3211,0.2202192961688194,0.21327744752543015
2014-03-19,2320.6829,0.21755531008556123,0.21494933379764927
2014-03-20,2269.138,0.20414330004415615,0.21395763378171823
2014-03-21,2328.3506,0.20688201105879778,0.2135136759687155
2014-03-22,,0.20682848832513262,0.21112568113649344
2014-03-23,,0.20682848832513262,0.20844751956775606
2014-03-24,2342.9512,0.2003181750320496,0.2050000925570538
2014-03-25,2341.9343,0.2016756960034389,0.2045065717489103
2014-03-26,2345.2317,0.20725376497107545,0.2045809225313658
2014-03-27,2313.72,0.19748601968468577,0.20271242880327645
2014-03-28,2282.7451,0.18396697264103687,0.19814012566645733
2014-03-29,,0.18379013147634204,0.1948345169553158
2014-03-30,,0.18379013147634204,0.19125740404989644
2014-03-31,2270.9917,0.18208167190666333,0.18622298543701402
2014-04-01,2299.7064,0.18707454892855585,0.18414069128578803
2014-04-02,2305.1525,0.18062842338984791,0.18347298143555024
2014-04-03,2296.1375,0.18462227126521077,0.18363940939332396
2014-04-04,2321.408,0.18876266092362448,0.18463391528278045
2014-04-05,,0.18872236189384045,0.1859620532802159
2014-04-06,,0.18872236189384045,0.1862916158732728
2014-04-07,,0.18872236189384045,0.18791040357407135
2014-04-08,2360.401,0.18318901420153105,0.18762375216133537
2014-04-09,2373.7907,0.18809337993882894,0.18748989596437626
2014-04-10,2398.6632,0.18853107118876306,0.18745163782336077
2014-04-11,2391.0478,0.18769205844170164,0.18724557713293305
2014-04-12,,0.1874868591650787,0.18699847658718066
2014-04-13,,0.1874868591650787,0.18785804557989022
2014-04-14,2399.2251,0.1892782842419791,0.18809502644052026
2014-04-15,2370.4096,0.1902196435170927,0.18843274090618617
2014-04-16,2372.6283,0.1881192233934759,0.18851817389654102
2014-04-17,2368.2852,0.19002364599303742,0.18902553126213278
2014-04-18,2373.2912,0.19113026867996474,0.18975421316511
2014-04-19,,0.19080790082181973,0.19006013648107808
2014-04-20,,0.190629217210959,0.19014205121985134
2014-04-21,2334.1639,0.18921841138875134,0.19036188881890642
2014-04-22,2329.4756,0.18326355001859942,0.18900986962401886
2014-04-23,2323.5898,0.17864401337334893,0.1865126185626957
2014-04-24,2308.759,0.17459601276193923,0.1832702409507196
2014-04-25,2270.2834,0.16238545526083498,0.17762148856069476
2014-04-26,,0.16149134743125754,0.172076075769196
2014-04-27,,0.16149134743125754,0.16772163525172762
2014-04-28,2212.9089,0.14979913374241702,0.16195265932554126
2014-04-29,2241.296,0.15338587582595073,0.1577106319383436
2014-04-30,2253.5585,0.15777218230761883,0.15678797734770034
2014-05-01,,0.15777725040730708,0.15604515794291024
2014-05-02,,0.15777725040730708,0.15530233853812014
2014-05-03,,0.15777725040730708,0.15689796187109817
2014-05-04,,0.15777725040730708,0.15777623678736943
2014-05-05,2265.6108,0.1723412367135574,0.16069004766855716
2014-05-06,2274.6708,0.1766354708001864,0.16446169174713302
2014-05-07,2243.2121,0.1679942842159248,0.16650509850885656
2014-05-08,2243.8727,0.1661133593316878,0.1681723202937327
2014-05-09,2231.0451,0.1575704135563368,0.16813095292353863
2014-05-10,,0.1575762253365296,0.16517795064813307
2014-05-11,,0.1575762253365296,0.1613661015554017
2014-05-12,2283.5139,0.16479590731399063,0.1607264261750149
2014-05-13,2279.7317,0.1644321015510507,0.16039017461888747
2014-05-14,2278.9444,0.16416437507072462,0.161708966921765
2014-05-15,2241.0113,0.15736777703090016,0.16166727726063915
2014-05-16,2238.5607,0.15149992937857276,0.16045201806904777
2014-05-17,,0.15150658010635956,0.15779415262752156
2014-05-18,,0.15150658010635956,0.15520904833858334
2014-05-19,2217.3397,0.15202345341314785,0.15278086400706797
2014-05-20,2223.2404,0.15955248957444962,0.15321780651577788
2014-05-21,2244.5307,0.1634569977908804,0.1556092201982394
2014-05-22,2243.1566,0.16424741642122345,0.15815738746121216
2014-05-23,2266.2251,0.17500469274325653,0.1628570099885916
2014-05-24,,0.17498100306353323,0.16744851991866866
2014-05-25,,0.17498100306353323,0.17053422261648538
2014-05-26,2285.8699,0.18114446237025175,0.17407171553235962
2014-05-27,2277.061,0.17901394197219195,0.17702502064255335
2014-05-28,2304.6773,0.1874965325163701,0.17952338859717606
2014-05-29,2282.9865,0.1807915374810128,0.18068549548067198
2014-05-30,2287.1972,0.18286738473204228,0.18226277181437378
2014-05-31,,0.1828420844593031,0.18260229623218405
2014-06-01,,0.1828420844593031,0.18336792472960628
2014-06-02,,0.1828420844593031,0.18243703511819287
2014-06-03,2282.1169,0.182193107383081,0.18271734909860654
2014-06-04,2261.8948,0.18202589276201353,0.18254905070460076
2014-06-05,2290.1323,0.19151315275035904,0.18428326436281198
2014-06-06,2279.5168,0.1898028679642241,0.18567542106379614
2014-06-07,,0.1898028679642241,0.18706757776478036
2014-06-08,,0.1898028679642241,0.18858952988100897
2014-06-09,2271.7197,0.18627351517574908,0.18943905436375608
2014-06-10,2301.7727,0.1926297098906942,0.1896623657918231
2014-06-11,2308.9071,0.1928101929146524,0.19026383078190878
2014-06-12,2304.7196,0.19343824794847056,0.19099090677875807
2014-06-13,2331.2287,0.19581325643795244,0.19219298447350375
2014-06-14,,0.1958178509932262,0.19410185163699917
2014-06-15,,0.1958178509932262,0.19473947985750556
2014-06-16,2348.4206,0.19929645599368742,0.19603673247331257
2014-06-17,2326.356,0.19602413886372028,0.19655391065636252
2014-06-18,2313.2798,0.1922092257402228,0.1958331045168166
2014-06-19,2261.1809,0.17929179678213827,0.192527893674599
2014-06-20,2280.1732,0.18292606231210237,0.18994953593837424
2014-06-21,,0.18292606231210237,0.1866754572020572
2014-06-22,,0.18292606231210237,0.18405584189173363
2014-06-23,2292.4915,0.19161951232752572,0.1839378992091942
2014-06-24,2309.0536,0.1955012059834625,0.18717978104945907
2014-06-25,2298.2337,0.19239229334251529,0.18907302725554165
2014-06-26,2325.1149,0.19927136530841574,0.19234208785480433
2014-06-27,2336.5705,0.20376256510670973,0.1965093884137258
2014-06-28,,0.20378481391628164,0.19894244873147698
2014-06-29,,0.20378481391628164,0.2005991703180408
2014-06-30,2357.6363,0.20691199293506768,0.2035031102365513
2014-07-01,2366.0787,0.2093780719584751,0.20552445156656315
2014-07-02,2377.8769,0.2082988640132319,0.20643171134786759
2014-07-03,2393.4509,0.20598865864453128,0.2068724802935175
2014-07-04,2391.0989,0.20653466031258877,0.20742244957277894
2014-07-05,,0.2065443239263142,0.20734891577102826
2014-07-06,,0.2065443239263142,0.20678216616459605
2014-07-07,2390.151,0.20367385073023728,0.20585716350799715
2014-07-08,2402.6175,0.20741301607161905,0.2061420349934147
2014-07-09,2366.0937,0.2017674683746993,0.2051885966058368
2014-07-10,2364.7046,0.1980210581757396,0.2034839434557219
2014-07-11,2382.9688,0.1982504260090077,0.20182516387226057
2014-07-12,,0.1979941936694485,0.20068923246010284
2014-07-13,,0.19799419366944854,0.19880546797966875
2014-07-14,2413.9798,0.19845405679670136,0.19814278566406912
2014-07-15,2410.7474,0.19098470248216343,0.19673551452535393
2014-07-16,2395.6098,0.18293607038407209,0.19367264340036677
2014-07-17,2382.671,0.18105072544479564,0.19028394975543622
2014-07-18,2390.0218,0.17835358962088746,0.18635582894572397
2014-07-19,,0.17837393728173817,0.18233980504273137
2014-07-20,,0.17837393728173814,0.1798176520026463
2014-07-21,2387.7172,0.1805601114286978,0.17934246021157144
2014-07-22,2419.824,0.18165119389554782,0.1794625539017219
2014-07-23,2409.4374,0.17035087979615604,0.1778620119367756
2014-07-24,2425.3941,0.16320422396908973,0.1748280692742459
2014-07-25,2450.6978,0.16388142212134757,0.1719295662421678
2014-07-26,,0.16391760792356402,0.16860106554114104
2014-07-27,,0.16391760792356402,0.1650543483467443
2014-07-28,2509.3645,0.16988637622730607,0.1649614476329743
2014-07-29,2529.6144,0.17352947071197575,0.1670264969815515
2014-07-30,2532.8337,0.17711369386118606,0.16967295132951918
2014-07-31,2559.7216,0.17911833392804516,0.1727130965304154
2014-08-01,2533.1109,0.17347180133944773,0.17462393521359215
2014-08-02,,0.17351695613785723,0.17535005119570238
2014-08-03,,0.17351695613785723,0.17534754828087867
2014-08-04,2578.8804,0.17520713078964165,0.1749662356665698
2014-08-05,2586.0503,0.1822895436630325,0.17560047761356729
2014-08-06,2592.0718,0.18360068512906186,0.1776262543714901
2014-08-07,2560.6531,0.18344545360061218,0.1796119538640411
2014-08-08,2573.9955,0.18785485252330233,0.1824795331411301
2014-08-09,,0.1877839864218134,0.18499490426756443
2014-08-10,,0.18759009951287747,0.18605501543753344
2014-08-11,2613.973,0.18924382606027101,0.1871836436237753
2014-08-12,2618.0249,0.1901757313572731,0.18852969917510748
2014-08-13,2619.2087,0.18722124006276386,0.18840297668299977
2014-08-14,2599.7814,0.18883176380817224,0.18861253216027155
2014-08-15,2629.5969,0.19072359057831048,0.18923923037335816
2014-08-16,,0.19058591327880456,0.18950764781706483
2014-08-17,,0.1905859132788046,0.18958968420137115
2014-08-18,2659.8761,0.1996466059929623,0.19207475738741084
2014-08-19,2666.8075,0.201636393969292,0.1946356834196348
2014-08-20,2661.8176,0.2007535182310209,0.19664166895017685
2014-08-21,2658.3447,0.20739613227325196,0.20000371274906636
2014-08-22,2675.1288,0.2075115095246325,0.20338883199823193
2014-08-23,,0.20844498397965167,0.20514850759556982
2014-08-24,,0.20828102642695354,0.20647743408710212
2014-08-25,2652.3308,0.20796229255551632,0.2079191889520012
2014-08-26,2614.4655,0.20485057678472268,0.20741007785429533
2014-08-27,2623.4567,0.20874115561173123,0.2076560070717151
2014-08-28,2601.2021,0.2069517099406685,0.20735735226391844
2014-08-29,2632.1693,0.2111915121849513,0.207939449415518
2014-08-30,,0.21440759723049946,0.20922851035051465
2014-08-31,,0.21542687798466226,0.21134377059050252
2014-09-01,2668.6635,0.22202617571607233,0.21400077461137074
2014-09-02,2709.4786,0.22329126503826258,0.21726868563088958
2014-09-03,2733.3007,0.22310270188632772,0.21965092357116486
2014-09-04,2757.6845,0.22119841212994748,0.22100908655105447
2014-09-05,2776.7829,0.21890638600589477,0.22170498815530096
2014-09-06,,0.2189439909816009,0.2210885512084067
2014-09-07,,0.2189439909816009,0.22021909639707435
2014-09-08,,0.2189439909816009,0.21938735421612895
2014-09-09,2785.6049,0.2212643198148669,0.21940053575311286
2014-09-10,2787.1502,0.22472352755899955,0.22056396406373385
2014-09-11,2781.7142,0.22606536815748454,0.22198823949891056
2014-09-12,2809.5801,0.22544955207105308,0.223289351716801
2014-09-13,,0.2271195629742892,0.22492446611533862
2014-09-14,,0.22711956297428923,0.2260955147472231
2014-09-15,2826.6641,0.2311382515171351,0.22737845953885022
2014-09-16,2746.4511,0.221898702573519,0.22654512642205712
2014-09-17,2766.1497,0.2209599040496913,0.22564719681778475
2014-09-18,2782.2675,0.22215092476570997,0.22465346917606893
2014-09-19,2807.6867,0.22565546495364433,0.22436064957193996
2014-09-20,,0.22565546495364433,0.2232640922592418
2014-09-21,,0.2256554649536443,0.22401544473526683
2014-09-22,2763.8366,0.22871629170074204,0.225566722265477
2014-09-23,2797.5602,0.2319417440304528,0.22752488611842558
2014-09-24,2843.1642,0.2293304066474627,0.22825987445718923
2014-09-25,2841.5999,0.23135638901411182,0.22940005926928272
2014-09-26,2849.3836,0.2310502451004357,0.23047901529864104
2014-09-27,,0.2309107120549617,0.23091789936948492
2014-09-28,,0.2309107120549617,0.23071169297438673
2014-09-29,2872.4795,0.23183354525233119,0.2312123206953604
2014-09-30,2886.923,0.23525411491737827,0.2319918658760137
2014-10-01,,0.23340961373376273,0.2324637396026791
2014-10-02,,0.233379397811619,0.23295747675401057
2014-10-03,,0.2333492012467812,0.23344517459237452
2014-10-04,,0.2333190240467651,0.23374227035126127
2014-10-05,,0.23328886621908554,0.2333492206116027
2014-10-06,,0.2332587277712564,0.23331904341910148
2014-10-07,,0.23322860871079068,0.23328888559893576
2014-10-08,2926.7028,0.23364304166497327,0.2333476536825742
2014-10-09,2935.1389,0.2345159821112148,0.23358704529546417
2014-10-10,2920.1554,0.23305938180595615,0.23354114841283824
2014-10-11,,0.23307737135387444,0.23350487712936188
2014-10-12,,0.23307737135387446,0.23347462965797866
2014-10-13,2913.3186,0.23359127798974935,0.23346427692293387
2014-10-14,2904.3851,0.23407822633977074,0.23337672576864504
2014-10-15,2922.0237,0.23391647524231665,0.23354814445591715
2014-10-16,2885.7597,0.2312770079186992,0.23318807176888207
2014-10-17,2865.0514,0.2296671955810228,0.23250603661431177
2014-10-18,,0.22951773670547787,0.23169132835745745
2014-10-19,,0.22951773670547787,0.2307792304305989
2014-10-20,2896.9826,0.2327464588364507,0.2305452271494257
2014-10-21,2871.1582,0.23364920471070483,0.23101966650782685
2014-10-22,2843.1659,0.23210148761277197,0.23150652491417664
2014-10-23,2803.206,0.2294254822392032,0.2314880740209217
2014-10-24,2804.9073,0.2303414847333186,0.23165282362648987
2014-10-25,,0.23018964054221108,0.23114145996764193
2014-10-26,,0.2301896405422111,0.23044954713394322
2014-10-27,2805.8149,0.23629041998946396,0.2312873336092816
2014-10-28,2875.3501,0.23727644829846398,0.23285752682113375
2014-10-29,2919.0965,0.234915301660297,0.23377229020652943
2014-10-30,2929.2672,0.23246380659237978,0.2342271234165632
2014-10-31,2946.7975,0.2336983559313253,0.234928866494386
2014-11-01,,0.233705109168213,0.2344118043301358
2014-11-02,,0.233705109168213,0.2336975365040856
2014-11-03,2967.7062,0.23566808925429994,0.2338480940228862
2014-11-04,2958.8567,0.23191446472082095,0.23373822564857444
2014-11-05,2952.1657,0.23153854544267374,0.23330626355084413
2014-11-06,2967.9209,0.23533653722866346,0.23363254916293422
2014-11-07,2950.6497,0.23345772616781768,0.23358307256285515
2014-11-08,,0.23345772616781768,0.2331409999455587
2014-11-09,,0.23345772616781768,0.23344965223495806
2014-11-10,2999.8741,0.2275805167411575,0.23265804649465482
2014-11-11,2941.5907,0.21514263063653347,0.2286192651762288
2014-11-12,2989.931,0.21690169622614267,0.22530805918789382
2014-11-13,2960.5122,0.20977573719469383,0.22057166139326903
2014-11-14,2955.2078,0.20994556967392727,0.21586923009449094
2014-11-15,,0.20994556967392725,0.2123422406810449
2014-11-16,,0.20994556967392727,0.21130282848852366
2014-11-17,2968.5596,0.21864560213642006,0.2116516096705791
2014-11-18,2961.0866,0.22344101242770667,0.2143846647171817
2014-11-19,2970.164,0.22952509159207493,0.21830056910081122
2014-11-20,2968.441,0.22778111543797153,0.2218676782536201
2014-11-21,3012.7726,0.22646411603455952,0.22517138752574653
2014-11-22,,0.22640364752754144,0.22672299660397083
2014-11-23,,0.2264036475275415,0.22731552362393778
2014-11-24,3069.5884,0.22312617547534866,0.22603574040059252
2014-11-25,3116.5342,0.22472800609898164,0.22542511853279454
2014-11-26,3149.0462,0.2179725052214113,0.22372679637016488
2014-11-27,3180.834,0.21540626943104652,0.22152732075086595
2014-11-28,3212.4723,0.20977469810025604,0.21820153086540883
2014-11-29,,0.20977469810025604,0.2155312353903903
2014-11-30,,0.20977469810025604,0.21254057379064517
2014-12-01,3201.9071,0.20320185503084523,0.20958644375253196
2014-12-02,3282.7546,0.19863881477932602,0.20623295282218787
2014-12-03,3324.7291,0.20112035896171665,0.20450208499448
2014-12-04,3431.9547,0.19652589931574752,0.2018523252375783
2014-12-05,3402.2204,0.1882814081466668,0.19755366724686046
2014-12-06,,0.18740158904980672,0.19439361405065275
2014-12-07,,0.18740158904980672,0.19214616890474887
2014-12-08,3484.9839,0.18805359645051195,0.18953281640250794
2014-12-09,3322.1788,0.18706648058136124,0.1876409326556307
2014-12-10,3445.5359,0.1937250244563182,0.18872965591756097
2014-12-11,3450.6997,0.1983889461113232,0.19092712732986425
2014-12-12,3475.3887,0.1999797993290907,0.19344276938572105
2014-12-13,,0.20007013887176284,0.19584607786997124
2014-12-14,,0.20007013887176284,0.19844680952805155
2014-12-15,3518.0572,0.20449095091477337,0.2005999948197426
2014-12-16,3569.1121,0.2010048790681543,0.20112318141110883
2014-12-17,3582.4769,0.1951813653716675,0.20016349461962418
2014-12-18,3569.9189,0.19591966686933082,0.19933340021913776
2014-12-19,3571.3831,0.19110491435823054,0.1975403553164313
2014-12-20,,0.19111958621611258,0.19486608237669914
2014-12-21,,0.19111958621611258,0.1928890238062908
2014-12-22,3498.8571,0.17731754682381237,0.18931626009671979
2014-12-23,3427.023,0.1740303189220318,0.18493839050725996
2014-12-24,3402.8249,0.1810568401610751,0.1829287756678289
2014-12-25,3490.7739,0.1808115265922496,0.18086716374305628
2014-12-26,3566.9275,0.1814011194141874,0.17892347038267126
2014-12-27,,0.1814335315499607,0.17974666732790093
2014-12-28,,0.1814335315499607,0.18122730985348673
2014-12-29,3543.907,0.17372360831349418,0.17976066348397052
2014-12-30,3514.6842,0.1640626646456881,0.17641089109465824
2014-12-31,3573.4819,0.16171226658036902,0.17247312052789454
2015-01-01,,0.16253634629631308,0.168693683477165
2015-01-02,,0.16253634629631308,0.1649142464264355
2015-01-03,,0.16253634629631308,0.16267679402299928
2015-01-04,,0.16263766473450803,0.16239179404076326
2015-01-05,3654.6299,0.1556792036126708,0.1611851814472236
2015-01-06,3680.1953,0.1646417198278725,0.1616062561535355
2015-01-07,3683.243,0.1638235224179483,0.16186369137786255
2015-01-08,3627.0515,0.16542543013069771,0.16244150814473945
2015-01-09,3609.9161,0.16497173378194352,0.16290832195422658
2015-01-10,,0.1649426060099247,0.16476100243367733
2015-01-11,,0.1649426060099247,0.16482117967008778
2015-01-12,3567.8895,0.16917915813336357,0.16589230681317085
2015-01-13,3592.8609,0.17588391158808775,0.16798400310464884
2015-01-14,3579.5579,0.17524245281412887,0.1700381469110859
2015-01-15,3655.1497,0.17368899010587582,0.17178742373027617
2015-01-16,3695.2903,0.1778779562118507,0.17437449377066133
2015-01-17,,0.17790413004931735,0.1761194881538521
2015-01-18,,0.17790413004931735,0.17652353184609804
2015-01-19,3473.0615,0.18290306541869777,0.17805565436701182
2015-01-20,3557.0899,0.18926851854682092,0.18117156005520083
2015-01-21,3689.6525,0.18510688311582543,0.18261734543599578
2015-01-22,3728.6869,0.18715982064855397,0.18446848355584308
2015-01-23,3715.779,0.1849120174280246,0.18587006103158452
2015-01-24,,0.1839440378821905,0.1860782555242831
2015-01-25,,0.1839440378821905,0.185013359391357
2015-01-26,3774.7591,0.1870558247086672,0.18540314770992533
2015-01-27,3765.2033,0.18969986682577525,0.18591115694536958
2015-01-28,3727.6734,0.19115227249130823,0.18715920795802635
2015-01-29,3691.8513,0.19256314598061383,0.188883029577711
2015-01-30,3643.7429,0.1912424289458853,0.19034270779044998
2015-01-31,,0.1914345194703585,0.19121844674278823
2015-02-01,,0.1914482989787327,0.1915681331733797
2015-02-02,3590.2271,0.1995801936352363,0.19325371740216532
2015-02-03,3671.0827,0.19950921765261828,0.19464293173656624
2015-02-04,3646.7561,0.20325201225653497,0.19704484839869613
2015-02-05,3621.22,0.2062055543105081,0.19999905536672608
2015-02-06,3551.7317,0.20789564980539482,0.2032885255320585
2015-02-07,,0.20783324369460654,0.20493913554393256
2015-02-08,,0.20780385085374983,0.20659806218415885
2015-02-09,3558.7899,0.20107704528751577,0.206163068790355
2015-02-10,3616.748,0.2012177049827494,0.2051654989248033
2015-02-11,3655.3307,0.20514967740681234,0.20461630444508677
2015-02-12,3676.1756,0.20552657697365387,0.20415497110089623
2015-02-13,3723.4267,0.2056074204494016,0.20371568502002663
2015-02-14,,0.2045870948289271,0.20441769492830889
2015-02-15,,0.20459662460335398,0.20509347885242976
2015-02-16,3777.7856,0.20650060214049076,0.20536366379916546
2015-02-17,3806.6345,0.2060835361674392,0.20547505563792257
2015-02-18,,0.20591389142792244,0.20553634983362673
2015-02-19,,0.20585678189318404,0.20579028724647808
2015-02-20,,0.2058055016362449,0.20603206265305624
2015-02-21,,0.20575425949518805,0.20588279412399574
2015-02-22,,0.20570305549849832,0.20580669799020757
2015-02-23,,0.20564610808047262,0.2057531413207176
2015-02-24,,0.20555538715168514,0.20569286237241782
2015-02-25,3778.5016,0.20747818958247494,0.2060273999616638
2015-02-26,3845.9309,0.20257800810324306,0.20539214968327482
2015-02-27,3871.5947,0.20284614760368933,0.204820768104313
2015-02-28,,0.20268475305798084,0.20422849709981464
2015-03-01,,0.20258680746507288,0.2036347811624922
2015-03-02,3932.8695,0.20418772841324523,0.20297668892864626
2015-03-03,3870.0943,0.2073905236719304,0.20393919204238373
2015-03-04,3917.5815,0.20858508018313163,0.2050869785582722
2015-03-05,3905.6206,0.2114990069778268,0.2068498293422414
2015-03-06,3870.7088,0.20688929960373129,0.20771032776997309
2015-03-07,,0.20679402043608064,0.20823158617454016
2015-03-08,,0.20670832538307835,0.20809514651676975
2015-03-09,3934.1506,0.20137474205627462,0.20665307889139833
2015-03-10,3951.9327,0.20582840349713033,0.20551895819525906
2015-03-11,3953.2344,0.20358552373202463,0.2048582030209177
2015-03-12,3984.9179,0.19973347952079992,0.20344609483786158
2015-03-13,4029.4995,0.20095002741370563,0.202294435243987
2015-03-14,,0.2003662158463754,0.20209273000200717
2015-03-15,,0.20024149029790134,0.20097534736216138
2015-03-16,4148.2057,0.20172434531899464,0.20060311167955538
2015-03-17,4209.012,0.20162425574949183,0.20098126692529378
2015-03-18,4301.6797,0.20282561871008958,0.20135638518457055
2015-03-19,4315.8887,0.20514311546576192,0.2023117651084479
2015-03-20,4373.4976,0.20630233457806768,0.20352393396448112
2015-03-21,,0.20580691035927715,0.20434044697253761
2015-03-22,,0.2057343153524655,0.20516245889313237
2015-03-23,4481.9475,0.2079606923445321,0.20618947362002088
2015-03-24,4501.8857,0.21162722482113647,0.2074862954910958
2015-03-25,4511.0926,0.21585561417387789,0.20939695141025783
2015-03-26,4485.816,0.21006700233770992,0.21024896980594435
2015-03-27,4525.8519,0.2135647034299725,0.2118150474214458
2015-03-28,,0.2139248398616445,0.21300787692486828
2015-03-29,,0.21392200943293316,0.2134668338472276
2015-03-30,4611.4025,0.2103353762173554,0.2123627862559231
2015-03-31,4598.7378,0.21379811989626393,0.2131090097676339
2015-04-01,4705.2927,0.2150589351354237,0.21340785610872412
2015-04-02,4763.5682,0.21375737649408108,0.21337436343521143
2015-04-03,4842.6024,0.21494222443272343,0.2135784064351695
2015-04-04,,0.21484594399109772,0.21448051998991796
2015-04-05,,0.21474867308460763,0.21467063062758673
2015-04-06,,0.2146515098804039,0.21458914557658276
2015-04-07,4957.6867,0.20897980359125112,0.2136336309960168
2015-04-08,4956.1206,0.20771824984633985,0.21218883607874006
2015-04-09,4914.0293,0.20789719641391421,0.21079908656330337
2015-04-10,5036.9822,0.20760022874253908,0.20936939769488966
2015-04-11,,0.2076870957820823,0.20797651487522534
2015-04-12,,0.207592689808636,0.2076990921187023
2015-04-13,5141.9369,0.2067004602585972,0.20749553420115374
2015-04-14,5152.3342,0.20690713157663834,0.20729752123369857
2015-04-15,5009.2,0.2079087114294574,0.20735921777108227
2015-04-16,5119.334,0.20313466415014877,0.20644873144469553
2015-04-17,5186.3157,0.19966276491160326,0.20486274646528901
2015-04-18,,0.1992870916944142,0.2033800727524524
2015-04-19,,0.1991642629120285,0.2018314990195304
2015-04-20,5087.8646,0.20382267625153913,0.20101429198394677
2015-04-21,5249.3031,0.20195155851835644,0.2007776708575883
2015-04-22,5403.9609,0.19755702017781063,0.20035652191082978
2015-04-23,5438.7748,0.19540299206587639,0.1995797019851222
2015-04-24,5419.9956,0.198835278939511,0.1995139051906187
2015-04-25,,0.1997247969512991,0.19869432933057068
2015-04-26,,0.19960315711485957,0.19822464904987133
2015-04-27,5508.8168,0.19261082796020268,0.19723541060634975
2015-04-28,5384.3032,0.19516469853243365,0.1971877518996612
2015-04-29,5467.9976,0.1989267005119858,0.19720603621415617
2015-04-30,5470.8308,0.20519974718581854,0.19830102626106003
2015-05-01,,0.20506656375258994,0.19939370758860614
2015-05-02,,0.20494416271706764,0.2018603745399791
2015-05-03,,0.20482188736682744,0.2037918123068579
2015-05-04,5519.1104,0.2016498497293184,0.20433644215032437
2015-05-05,5314.8886,0.21135764828786022,0.20556802237073274
2015-05-06,5263.152,0.2130014471104719,0.2071549990423091
2015-05-07,5154.8992,0.21354159551834018,0.20887448560256364
2015-05-08,5329.7916,0.2122142066670896,0.21035294946261604
2015-05-09,,0.21207986995457226,0.2124389535076668
2015-05-10,,0.2119515103095742,0.21255772591200964
2015-05-11,5550.3613,0.2099089344035377,0.21193922337062276
2015-05-12,5665.1394,0.21033754474840669,0.2112984132166361
2015-05-13,5675.7465,0.2105071630375127,0.2109570044907207
2015-05-14,5684.1059,0.2111732552071278,0.21077568154123183
2015-05-15,5621.2568,0.21523176603166155,0.21143173268564927
2015-05-16,,0.21509621649660055,0.21246918910426188
2015-05-17,,0.2149656655552609,0.2133948132656327
2015-05-18,5676.6924,0.2185260789585968,0.21499859644984953
2015-05-19,5856.844,0.21237434564390487,0.21523881453720492
2015-05-20,5945.2356,0.21178294602286066,0.21454905053544474
2015-05-21,6125.0601,0.21003405317638807,0.21353661787140227
2015-05-22,6248.2252,0.20296184947870696,0.21113585465609147
2015-05-23,,0.20282256120026815,0.20799515110442574
2015-05-24,,0.20268733879731188,0.20605774973510713
2015-05-25,6420.5665,0.19474625151447938,0.2026504108334309
2015-05-26,6626.8028,0.191696826164607,0.1989829654310747
2015-05-27,6680.9892,0.1900734352759418,0.19640528259052165
2015-05-28,6240.9392,0.2076685391216666,0.19737447817480133
2015-05-29,6293.9139,0.20888025217874623,0.1986130608510882
2015-05-30,,0.20874178503595142,0.2014121675553826
2015-05-31,,0.20860333753971472,0.20479346983040414
2015-06-01,6639.3315,0.19700635675258835,0.20618005412573348
2015-06-02,6851.7341,0.19663904249701455,0.20397415480080308
2015-06-03,6871.8148,0.1960827295382936,0.2014146502727125
2015-06-04,6880.2018,0.18703313936796398,0.19707292113911504
2015-06-05,6975.5004,0.1850775746052034,0.19236776855221277
2015-06-06,,0.18492704691565148,0.1899519065848254
2015-06-07,,0.1847832444173238,0.18758074696888727
2015-06-08,6981.6123,0.1758708100435607,0.18353836306994067
2015-06-09,6962.6832,0.17582138874316192,0.18129601294498027
2015-06-10,7049.3456,0.17779476260662794,0.17983945054526515
2015-06-11,7132.1322,0.1766049631351929,0.17817503378917346
2015-06-12,7224.2644,0.1744602331819007,0.17611043154208886
2015-06-13,,0.17431342480278386,0.17579895449393346
2015-06-14,,0.1741698675690531,0.1754686502591117
2015-06-15,7067.8356,0.17813723810225024,0.17553714535823617
2015-06-16,6788.3894,0.18340137816960608,0.1768964283651188
2015-06-17,6922.5986,0.1807178989337229,0.17814796151548323
2015-06-18,6645.5906,0.18789095934237024,0.1808634684234005
2015-06-19,6180.0311,0.20421737843746898,0.1868729705970837
2015-06-20,,0.204075561502069,0.19206063527704742
2015-06-21,,0.20393591987342424,0.19616754361781108
2015-06-22,,0.20379631388048913,0.2007832266071643
2015-06-23,6286.6925,0.1930848030879685,0.20182199535628395
2015-06-24,6437.5464,0.18440589080429717,0.1978596978296496
2015-06-25,6178.1612,0.19390079923020676,0.19582474537527716
2015-06-26,5633.918,0.2151913395803788,0.19807582931666806
2015-06-27,,0.2150409219560133,0.20032475093177288
2015-06-28,,0.21490129005353453,0.20468804832488613
2015-06-29,5301.2064,0.21470324389828993,0.21074751894368465
2015-06-30,5631.7365,0.19807333163461674,0.21158202542456667
2015-07-01,5295.6058,0.21351540133356292,0.21124683777520348
2015-07-02,4975.3161,0.2119220188073754,0.2106230571454759
2015-07-03,4635.2585,0.21973335594333285,0.2115894703234356
2015-07-04,,0.21957154816382524,0.21256313117654263
2015-07-05,,0.21944428802464677,0.21683732245454865
2015-07-06,4588.1708,0.20623718770817714,0.21538167972947148
2015-07-07,4349.6699,0.19844799514020708,0.21268687499603783
2015-07-08,4015.7182,0.20580043910548876,0.209900291628469
2015-07-09,4362.9793,0.20130952405999158,0.20624788680770229
2015-07-10,4697.1833,0.20112820100363,0.2025846694034989
2015-07-11,,0.201229567767982,0.20158314541545988
2015-07-12,,0.20110830386553807,0.20211520716052606
2015-07-13,4954.8411,0.20536771010006538,0.2020286613594414
2015-07-14,4974.9568,0.21235753667650759,0.2042382638827446
2015-07-15,4711.8463,0.2108139507522159,0.2061754138324618
2015-07-16,4778.077,0.21149376782375867,0.20822825384361715
2015-07-17,5054.5184,0.21051712631661007,0.2101100183338315
2015-07-18,,0.21044743727179746,0.21112596376817794
2015-07-19,,0.2103320327910114,0.2107208629910787
2015-07-20,5134.0461,0.2122240358918256,0.21100288001900064
2015-07-21,5204.1691,0.21243303327321866,0.21119073310889264
2015-07-22,5248.824,0.21270662654981334,0.21162863315553332
2015-07-23,5420.5878,0.20839086763126755,0.2112173192274273
2015-07-24,5330.2106,0.209825362752726,0.21111598521977024
2015-07-25,,0.20970006605681757,0.21061119125276867
2015-07-26,,0.2095756079964471,0.21003970619741433
2015-07-27,4844.7753,0.22596321690845014,0.2126910242691417
2015-07-28,4734.7838,0.2248397417951635,0.21598079910192086
2015-07-29,4962.1658,0.22634920724024643,0.21928556799942495
2015-07-30,4799.3298,0.22888560661980417,0.22312267611202227
2015-07-31,4743.5066,0.22817170409551227,0.22684189533183532
2015-08-01,,0.22803672461043847,0.22725659687223296
2015-08-02,,0.22791625162123208,0.22787189883744668
2015-08-03,4626.3626,0.22332788983172594,0.22726763535574257
2015-08-04,4875.064,0.22375331741038879,0.22624117751385947
2015-08-05,4799.8174,0.22760765473363498,0.22612836764148403
2015-08-06,4763.1945,0.22771616840055972,0.22606425639950828
2015-08-07,4917.9309,0.22596925299411375,0.22567485667408463
2015-08-08,,0.22576026311735561,0.22616133133121058
2015-08-09,,0.2256322110943693,0.22653711006800664
2015-08-10,5197.4941,0.21936166025097717,0.22488791117147508
2015-08-11,5211.5926,0.21881606830206413,0.22310789115177596
2015-08-12,5134.7812,0.220962517285608,0.22210654401007482
2015-08-13,5263.6992,0.22082111480599534,0.22111871434780278
2015-08-14,5294.4142,0.2203317573660485,0.2200586236021386
2015-08-15,,0.22027547418784735,0.22024138638951266
2015-08-16,,0.22014203128803173,0.22050657898670617
2015-08-17,5359.8336,0.22242496169361195,0.22079906786830694
2015-08-18,4935.0459,0.2276908932866864,0.22217302356444518
2015-08-19,5051.6627,0.22917082841699396,0.22394083777463428
2015-08-20,4858.8353,0.2354278407311281,0.22697131108329044
2015-08-21,4571.8944,0.2413791489403886,0.2312187346137618
2015-08-22,,0.24128863162279698,0.2349914685995988
2015-08-23,,0.24116113722430108,0.23768551738712174
2015-08-24,4128.3529,0.24859885193552494,0.24157112209082796
2015-08-25,3767.892,0.2554554024527214,0.2455766344351466
2015-08-26,3655.7211,0.24683215762358182,0.24666723617178526
2015-08-27,3858.3369,0.24278008752311894,0.24696552735184962
2015-08-28,4104.6349,0.2480891837854475,0.24835113666407893
2015-08-29,,0.24872131474921594,0.24837562922681716
2015-08-30,,0.24859395020229658,0.24700333877673217
2015-08-31,4015.5468,0.2459467807021401,0.2468262633924438
2015-09-01,3851.2126,0.23020350663416742,0.2443109472146535
2015-09-02,3781.3288,0.22904240554865055,0.24050159156729412
2015-09-03,,0.22907950958649811,0.23657323053475054
2015-09-04,,0.22896056018253258,0.23264655253079775
2015-09-05,,0.2288416658963746,0.22922552956964465
2015-09-06,,0.22871652805337242,0.22892813385348565
2015-09-07,3737.9917,0.23629119495619041,0.23037789173499362
2015-09-08,3898.5718,0.23587444940596364,0.2317368796988867
2015-09-09,4030.5192,0.23425383254777718,0.23279553417193566
2015-09-10,3963.5204,0.23652466696349803,0.23433213438536032
2015-09-11,3983.5079,0.23852907424952893,0.23629464362459163
2015-09-12,,0.2384064085057827,0.2367176863345101
2015-09-13,,0.2382857836319917,0.2371999531797157
2015-09-14,3766.1446,0.23387484750238915,0.2371241561706381
2015-09-15,3556.587,0.22652854069745215,0.23512493091742895
2015-09-16,3806.5007,0.22873448547558678,0.23316601316264052
2015-09-17,3721.237,0.23262829466789425,0.23201039039506283
2015-09-18,3763.1659,0.236197251986712,0.2315926840660069
2015-09-19,,0.23609235224691058,0.23203618501491116
2015-09-20,,0.23597271122291114,0.23392501912000294
2015-09-21,3887.1021,0.24093826475161484,0.23636577497520855
2015-09-22,3922.8834,0.23733189955176837,0.23730649595198341
2015-09-23,3851.4532,0.242627159923803,0.23859247753940158
2015-09-24,3900.541,0.24372084276254555,0.24011817564252858
2015-09-25,3779.7617,0.23706782803243434,0.24033719900443323
2015-09-26,,0.2369377549215082,0.23953709703841192
2015-09-27,,0.23681869576712253,0.23943445628148274
2015-09-28,3839.4274,0.24339200950549547,0.2395874261978212
2015-09-29,3758.1244,0.24532790215902822,0.23990883807711777
2015-09-30,3777.8516,0.24569326021231427,0.24163392451309376
2015-10-01,,0.2455738143277803,0.24336113639434814
2015-10-02,,0.2454544051269162,0.2450882782663069
2015-10-03,,0.24533503266328585,0.24547688289786498
2015-10-04,,0.24521569699054102,0.24545444186416754
2015-10-05,,0.2450959487400427,0.24533497956971323
2015-10-06,,0.24497625119881852,0.24521546694392088
2015-10-07,,0.24485660444123578,0.24509590680678475
2015-10-08,3934.5299,0.2423802856244999,0.24450495739902758
2015-10-09,4000.7162,0.23887583383678931,0.24323698476827724
2015-10-10,,0.23867700646523435,0.24195319631331555
2015-10-11,,0.2385568655375648,0.24066931918106485
2015-10-12,4176.7736,0.23898053891316798,0.23949410607545127
2015-10-13,4210.5675,0.24392661761756637,0.23980337247406455
2015-10-14,4153.5132,0.24064581662844045,0.24015736903239476
2015-10-15,4291.0238,0.24283832393661792,0.24098963252667152
2015-10-16,4365.8373,0.24332611751924588,0.24194348292300774
2015-10-17,,0.2431869603187346,0.24278476720412107
2015-10-18,,0.24306746640865315,0.24261293696233838
2015-10-19,4367.6026,0.24411993055387463,0.24330775974742522
2015-10-20,4446.952,0.245582623246825,0.24385661960946664
2015-10-21,4197.7536,0.2363548031181598,0.24246235672924943
2015-10-22,4335.0177,0.24440792022414964,0.24270654871033245
2015-10-23,4448.3661,0.2452483265146939,0.24314272073154058
2015-10-24,,0.2454900838131069,0.24341675138338706
2015-10-25,,0.24536774274196455,0.24337377528241494
2015-10-26,4481.5407,0.24384042905356734,0.24487090046949644
2015-10-27,4506.0098,0.24520861086394807,0.24503103859745617
2015-10-28,4397.0567,0.24447151270969913,0.2448756758364572
2015-10-29,4428.6489,0.24480585327202614,0.24473882972824104
2015-10-30,4423.9262,0.24634356485555806,0.24493399415095976
2015-10-31,,0.24778477054441583,0.24572286244912944
2015-11-01,,0.2476780215089083,0.2462167445781215
2015-11-02,4328.9521,0.2520839029071431,0.24773922261761028
2015-11-03,4321.2562,0.2535409437130845,0.24948624070582195
2015-11-04,4559.8916,0.245087787189137,0.24923508517253773
2015-11-05,4610.1349,0.23698458316484386,0.24707504769662333
2015-11-06,4737.9198,0.2361284478693524,0.24476513296871216
2015-11-07,,0.23601722525937224,0.24155179743915803
2015-11-08,,0.23589727443198158,0.2380230635829374
2015-11-09,4818.9154,0.23308814411541465,0.23562313496819293
2015-11-10,4838.1778,0.23191189106301735,0.23460859654782765
2015-11-11,4896.0966,0.23558053121115646,0.23449901321618846
2015-11-12,4885.434,0.23809594284209043,0.2349147567327321
2015-11-13,4792.6335,0.23758350444147153,0.2352520027346301
2015-11-14,,0.23746129983432102,0.23612663387841137
2015-11-15,,0.2373391303563193,0.23721208173707176
2015-11-16,4870.8526,0.23865427136770884,0.23782682976838218
2015-11-17,4841.9881,0.23628273338016267,0.23746418787599666
2015-11-18,4764.7018,0.234591967032547,0.23686588039421178
2015-11-19,4885.4282,0.2364408379869148,0.2366617880247305
2015-11-20,4935.4392,0.23708977563184225,0.23661191707983514
2015-11-21,,0.2371085702940794,0.23630277686510923
2015-11-22,,0.23698360772622895,0.23644295173432245
2015-11-23,4896.5052,0.23848704652681688,0.23722196763317646
2015-11-24,4932.7778,0.24019491511262084,0.23797278305831765
2015-11-25,5010.1085,0.23961102409440282,0.2384770327508298
2015-11-26,4992.8174,0.23768206614089157,0.23859173192019223
2015-11-27,4672.1795,0.24834651664002777,0.24086431370295197
2015-11-28,,0.24830893058235023,0.24282869051405864
2015-11-29,,0.248114602094429,0.24441262791042026
2015-11-30,4698.5424,0.2501876263531261,0.2465279483621649
2015-12-01,4709.4021,0.24778979433181428,0.24854949400034948
2015-12-02,4758.5477,0.23007299346670443,0.24489478936568482
2015-12-03,4851.6976,0.22812958977646314,0.24085892120450741
2015-12-04,4799.3737,0.23735042461323477,0.2387060857082685
2015-12-05,,0.23724248713765284,0.2361170578651739
2015-12-06,,0.23712000945609377,0.2339831008900298
2015-12-07,4845.671,0.24039974194451022,0.23604845058559093
2015-12-08,4747.672,0.2464162735179928,0.23970578733389689
2015-12-09,4742.7249,0.24389378681714766,0.24101445977467945
2015-12-10,4730.1529,0.24600865933315086,0.24276769421377903
2015-12-11,4697.2698,0.24611682622516487,0.24456705756759328
2015-12-12,,0.24603143527274496,0.24569339623324024
2015-12-13,,0.2459028068520192,0.24559070290004553
2015-12-14,4811.5121,0.23777876823575803,0.2443676991837676
2015-12-15,4838.2219,0.24490786691986435,0.24414754070111028
2015-12-16,4855.5434,0.24165772864543125,0.24325572118516353
2015-12-17,4980.2628,0.24105559574062085,0.24226055327873874
2015-12-18,4983.5214,0.2390411252039392,0.24088821694912274
2015-12-19,,0.23890679582996127,0.24111382246796337
2015-12-20,,0.2387804840389708,0.2398883458917847
2015-12-21,5070.1831,0.2323042207468084,0.23801764431206013
2015-12-22,5107.0962,0.23240538998787783,0.23628760316151148
2015-12-23,5061.0275,0.2315310237589177,0.23478558287250723
2015-12-24,5035.6828,0.23321183451175503,0.23364659060886597
2015-12-25,5066.93,0.23315826628335623,0.23252214705774304
2015-12-26,,0.23303112150995356,0.23266752721037207
2015-12-27,,0.23290596418861179,0.23276764205051886
2015-12-28,4932.3325,0.23860726324671616,0.23418288994807854
2015-12-29,4985.5973,0.2344652047743438,0.23443356400059628
2015-12-30,5023.4174,0.23651610489310287,0.23510513172254566
2015-12-31,4949.1953,0.23611234148511373,0.2357213757175777
2016-01-01,,0.2359900193200157,0.23633818674385845
2016-01-02,,0.23585951646367412,0.23578863738725006
2016-01-03,,0.23572906805153448,0.23604141004268814
2016-01-04,4534.4075,0.24482055817156795,0.23770230069838122
2016-01-05,4482.7447,0.24382162120329354,0.23924415664201715
2016-01-06,4595.6297,0.23312297563907644,0.2386707479058293
2016-01-07,4208.3515,0.23986959678141614,0.23947276396937772
2016-01-08,4270.3716,0.23221760971201164,0.23877047230147314
2016-01-09,,0.23219543168230075,0.2362454470036197
2016-01-10,,0.2320449233146707,0.23389010742589514
2016-01-11,3982.3778,0.2259536748740076,0.23245624727288136
2016-01-12,3991.9486,0.22655991148032384,0.2297943102126629
2016-01-13,3861.0293,0.22140681899540673,0.22763215206934193
2016-01-14,3986.1576,0.22751739533411208,0.2266965447997042
2016-01-15,3836.0848,0.2243278653538409,0.22515313320753821
2016-01-16,,0.2241972042521846,0.22480183908317364
2016-01-17,,0.2240562733239258,0.22430111145189402
2016-01-18,3890.478,0.2294023808074716,0.225900223814307
2016-01-19,4038.1686,0.23338371045671108,0.2270734868388268
2016-01-20,3989.1423,0.23252172624609704,0.228712259017278
2016-01-21,3829.41,0.22566869228721145,0.22900655662428338
2016-01-22,3886.3969,0.2262301597502508,0.2294413339095484
2016-01-23,,0.22604364947982064,0.2287695876440182
2016-01-24,,0.22590736522269686,0.22727431859721534
2016-01-25,3924.3307,0.22683578267711993,0.22613712988341997
2016-01-26,3631.7779,0.22124982446454997,0.22525335631888765
2016-01-27,3597.6812,0.2195295547446453,0.22391323531776655
2016-01-28,3450.6763,0.2120597509512654,0.2211164556120555
2016-01-29,3585.3366,0.21474957500515385,0.2188848975685469
2016-01-30,,0.2144702661376074,0.21641179426064436
2016-01-31,,0.21433897790983059,0.21502962494970052
2016-02-01,3530.4041,0.21774761776561952,0.21467323755389534
2016-02-02,3646.0243,0.2242252183344311,0.21710633103052848
2016-02-03,3651.7358,0.22875293298123447,0.21990700262574464
2016-02-04,3723.8562,0.22927006394480315,0.22286696218718377
2016-02-05,3687.7161,0.22844897186874089,0.2256889609789658
2016-02-06,,0.2283012294104782,0.22779968330793757
2016-02-07,,0.22816759445392112,0.2285881585318356
2016-02-08,,0.22803344788370755,0.2284442615123302
2016-02-09,,0.22789731665888638,0.22816971205514683
2016-02-10,,0.22776127776680088,0.22803217323475883
2016-02-11,,0.22762731772321818,0.22789739089730682
2016-02-12,,0.22749145068779136,0.22776216214408085
2016-02-13,,0.2273556764658859,0.22762660786051656
2016-02-14,,0.22700855005190992,0.22744885453912125
2016-02-15,3679.7448,0.2289320779029125,0.2276830145663436
2016-02-16,3833.1849,0.2288626186821097,0.22793007475812188
2016-02-17,3883.5525,0.23063181692400028,0.22855814800536364
2016-02-18,3872.9311,0.22983587791510496,0.22905418829520746
2016-02-19,3884.5579,0.23162480317969267,0.22997743892076405
2016-02-20,,0.23143601919253223,0.23047822717868796
2016-02-21,,0.2312955641227309,0.23096481626681223
2016-02-22,3976.8389,0.2275583955498853,0.23035013199198923
2016-02-23,3945.3136,0.22661439357228833,0.22970583512342588
2016-02-24,3966.3444,0.22378602982457232,0.2281380804524018
2016-02-25,3654.3998,0.21952598208684074,0.2257560730312635
2016-02-26,3667.6167,0.21200232617032064,0.22189742544078145
2016-02-27,,0.21528230035610327,0.21944220640202508
2016-02-28,,0.21515840248890433,0.21715100818534827
2016-02-29,3489.0276,0.2069626289069521,0.21378632800182423
2016-03-01,3569.2034,0.20450767557416263,0.2107826666992886
2016-03-02,3752.4739,0.2009008068875334,0.20856236284273116
2016-03-03,3762.4096,0.20047455131797867,0.20560081303510622
2016-03-04,3704.7443,0.18824445934455256,0.20021802440623587
2016-03-05,,0.19067329496625687,0.19696015761809682
2016-03-06,,0.1905660406765751,0.19417183063857932
2016-03-07,3766.2096,0.19377256714865201,0.19274618269080307
2016-03-08,3783.1705,0.19760435954052208,0.19217214433531174
2016-03-09,3707.6231,0.19785535039564006,0.19409432254552922
2016-03-10,3633.6898,0.1981156337722311,0.19558279030672404
2016-03-11,3630.629,0.1958489726335519,0.19663937669811943
2016-03-12,,0.19523506988586659,0.19693187724556235
2016-03-13,,0.19511879209681685,0.19643476375682128
2016-03-14,3738.5268,0.20145407300940343,0.19715450827957398
2016-03-15,3724.8118,0.2003419110802193,0.1975997637411716
2016-03-16,3710.874,0.19641234883974681,0.1977124389824106
2016-03-17,3810.2933,0.2046925618485318,0.19960393737494364
2016-03-18,3925.991,0.2096807464817187,0.202516328251924
2016-03-19,,0.20950363481774745,0.2041262406135928
2016-03-20,,0.2094977757731464,0.20595741355217823
2016-03-21,4037.7006,0.21143760432930206,0.20896246465008925
2016-03-22,4017.5754,0.21311742302059644,0.21064743688450221
2016-03-23,4049.3035,0.21483369478453818,0.2116780265450661
2016-03-24,3979.8127,0.21728973217162986,0.2132352460158426
2016-03-25,4008.1073,0.21779510368426924,0.21489471159806714
2016-03-26,,0.22274045372054452,0.21715528147631566
2016-03-27,,0.22259674918211417,0.2190511467086192
2016-03-28,3977.2732,0.21744044745881982,0.21957249724347552
2016-03-29,3914.5085,0.21148184095738484,0.21841091900062654
2016-03-30,4053.9082,0.21568679405990415,0.2179892570757535
2016-03-31,4062.2827,0.21859321356113873,0.21715980904387236
2016-04-01,4052.2932,0.2146361299552648,0.2155676851985025
2016-04-02,,0.21462359928218527,0.21500431556317556
2016-04-03,,0.214491815414114,0.2156063104545214
2016-04-04,,0.21436012241899594,0.21534097612633976
2016-04-05,4147.0874,0.21777732394768823,0.21517779820364963
2016-04-06,4157.875,0.21903343341542333,0.21605725889568136
2016-04-07,4088.832,0.2187103556457779,0.21687461016839987
2016-04-08,4053.0577,0.21731564342392998,0.21743937577036307
2016-04-09,,0.2168571696831256,0.21793878522318902
2016-04-10,,0.21672658648802093,0.21772863773125556
2016-04-11,4135.7803,0.21879480554615205,0.21768091215740126
2016-04-12,4108.9729,0.21669438436748592,0.21727771790174288
2016-04-13,4171.7964,0.2133620718568232,0.2164870035883215
2016-04-14,4210.2105,0.21526433379528268,0.21616843641075295
2016-04-15,4207.78,0.21134556692514453,0.21509223249817766
2016-04-16,,0.21114895198031397,0.21356306178501008
2016-04-17,,0.21101743399806278,0.21242767171112545
2016-04-18,4143.8979,0.210644834518063,0.2118842242433734
2016-04-19,4160.5685,0.21118025376792593,0.21106740823790204
2016-04-20,4003.2391,0.20130384751242336,0.20905906435535782
2016-04-21,3961.345,0.19662301801269264,0.20615387756183354
2016-04-22,3992.6692,0.19867334534662665,0.20368505983154633
2016-04-23,,0.19777051173368473,0.20111019527467064
2016-04-24,,0.19764952064867813,0.19840404865082112
2016-04-25,3972.3563,0.1951809674409174,0.19717947263651991
2016-04-26,4014.5266,0.1980177127372989,0.19745841158144115
2016-04-27,4000.5218,0.1995196895491395,0.19762768042194373
2016-04-28,3990.6383,0.19532703846780805,0.1971389857687684
2016-04-29,3986.7198,0.19959246709554262,0.19752757505814128
2016-04-30,,0.20078037791535328,0.19864745715302848
2016-05-01,,0.20066400194348577,0.19917671499426587
2016-05-02,,0.20054773249922206,0.19938232358428237
2016-05-03,4094.1689,0.21373950857965646,0.20306481760665201
2016-05-04,4094.2399,0.21581446462481846,0.20630921711250721
2016-05-05,4113.8905,0.21651000276556195,0.20945514208254892
2016-05-06,3963.6989,0.21132228105028183,0.21158679790390816
2016-05-07,,0.21119936019157173,0.2137171234423781
2016-05-08,,0.21107653312679098,0.213184528351805
2016-05-09,3824.3732,0.20542226554493045,0.2111060885358274
2016-05-10,3819.8512,0.20484006759674614,0.2087721015020642
2016-05-11,3809.2462,0.20041249419075333,0.20659014413015853
2016-05-12,3809.4648,0.19676646945517962,0.20370356598288009
2016-05-13,3795.6236,0.1964310630485733,0.20077447196723658
2016-05-14,,0.19632086497590168,0.19895419185343083
2016-05-15,,0.19621298697446665,0.19722877572897493
2016-05-16,3852.014,0.1988694670006137,0.196920170290947
2016-05-17,3844.6919,0.19800381965101205,0.19716764033011347
2016-05-18,3761.8322,0.19122952778835056,0.19612733327806892
2016-05-19,3773.6541,0.19321162924502572,0.19550548613189372
2016-05-20,3810.2145,0.19563017928340537,0.19538892459368146
2016-05-21,,0.19551923945097371,0.19471887908375346
2016-05-22,,0.19540746973224185,0.19419960909999945
2016-05-23,3854.0584,0.1994858384615638,0.19585087123464212
2016-05-24,3814.9564,0.19918956983865452,0.19704645935336784
2016-05-25,3805.4827,0.19880490523663996,0.19768140454401478
2016-05-26,3820.8325,0.19926930553945113,0.19843141776171028
2016-05-27,3817.7631,0.20069484485051303,0.1994888927853645
2016-05-28,,0.20058320074730351,0.1997083652425124
2016-05-29,,0.2004706107789983,0.1999645734305812
2016-05-30,3809.7091,0.19921659341544146,0.2000469110663415
2016-05-31,3968.2447,0.2006111026142792,0.2003152704813071
2016-06-01,3981.0261,0.20467855429375573,0.20111201236995563
2016-06-02,4010.961,0.20693255104523886,0.20238188242954275
2016-06-03,4032.2883,0.20515151861676983,0.203318063997097
2016-06-04,,0.20504567219651948,0.20448387975331261
2016-06-05,,0.20493140422534267,0.20534794007552531
2016-06-06,4037.4148,0.20876136034312243,0.20616450128539868
2016-06-07,4042.3205,0.20815728904447697,0.2064094488852463
2016-06-08,4030.1987,0.20727721553427098,0.2068345882687465
2016-06-09,,0.20725424077817647,0.2072763019850779
2016-06-10,,0.20715396403160638,0.20772081394633063
2016-06-11,,0.20705376797319563,0.2073792954723453
2016-06-12,,0.20695365272013921,0.20713856820747772
2016-06-13,3853.8192,0.20145101826823256,0.20597332875427005
2016-06-14,3868.1333,0.20014114170311503,0.20455070893925775
2016-06-15,3972.5894,0.20716165958415217,0.20455224804976693
2016-06-16,3961.3543,0.2086887648370668,0.20487924742254116
2016-06-17,3988.2795,0.2064579545983406,0.20478010779818145
2016-06-18,,0.20632008921441058,0.20575392198741707
2016-06-19,,0.20622450403996406,0.20697059445478683
2016-06-20,3998.7529,0.20794176443933107,0.2071266154258226
2016-06-21,3968.2781,0.2033446456223155,0.20605779158287235
2016-06-22,4025.3699,0.20330780385359945,0.2054277614339241
2016-06-23,4008.0336,0.20217240235494693,0.20459822406203138
2016-06-24,3964.9449,0.2054387734983507,0.20444107795370875
2016-06-25,,0.20534879061805142,0.20392248318945277
2016-06-26,,0.2052588816666895,0.2043053303983276
2016-06-27,4049.882,0.20961794573883663,0.20556735877537502
2016-06-28,4086.8065,0.21136420607260512,0.20740571951890666
2016-06-29,4104.8627,0.20949666240192258,0.20821729729962107
2016-06-30,4105.9422,0.20928420290175048,0.20900437975636085
2016-07-01,4103.0126,0.2067510160163698,0.2093028066262969
2016-07-02,,0.20654757773569554,0.20868873302566868
2016-07-03,,0.206448309016699,0.20770555361448748
2016-07-04,4178.9591,0.20407603521642648,0.2066214281773883
2016-07-05,4195.2216,0.20465577297509993,0.20569574219205813
2016-07-06,4212.8371,0.2044954806599032,0.2052446351207648
2016-07-07,4217.8994,0.20385514484358133,0.20470614854234198
2016-07-08,4204.7008,0.20776088137518026,0.20496866301403824
2016-07-09,,0.2077116196672865,0.20569577990421023
2016-07-10,,0.20758608247781557,0.20628184180475334
2016-07-11,4200.4209,0.20259819403972637,0.20590238448071801
2016-07-12,4270.3647,0.19678657327060708,0.20448867016612318
2016-07-13,4300.6545,0.19809656230275632,0.20255580635163833
2016-07-14,4301.8366,0.20004820204643345,0.20102312282746776
2016-07-15,4293.4247,0.19728130099020957,0.19896216652994658
2016-07-16,,0.1972788864625138,0.19789830501450406
2016-07-17,,0.1971482982070375,0.1979706500017901
2016-07-18,4273.9585,0.19729314489571928,0.1978099665203827
2016-07-19,4279.2522,0.1993202706601256,0.19766438024312113
2016-07-20,4273.7632,0.2017002753556768,0.19854817511621461
2016-07-21,4286.9601,0.19960129095709972,0.1990126560151318
2016-07-22,4248.3091,0.20016312187199498,0.19961562074812328
2016-07-23,,0.19974941345339547,0.2001068744596585
2016-07-24,,0.19962886498387694,0.20016859332440878
2016-07-25,4254.0688,0.198400740755088,0.19950868640429104
2016-07-26,4309.5318,0.19861714752919726,0.19931185771871054
2016-07-27,4161.2373,0.1909622284648999,0.19747167903729151
2016-07-28,4153.0655,0.1904989213629117,0.19562158061919477
2016-07-29,4127.5755,0.18873368661449622,0.19344254494531862
2016-07-30,,0.18849440872894388,0.1914612785400898
2016-07-31,,0.18837754606965693,0.18941335824818173
2016-08-01,4072.8104,0.18257477030592778,0.1877358666163873
2016-08-02,4103.1792,0.18366312344975944,0.18636870703375683
2016-08-03,4118.3028,0.18570726467835513,0.18576342264652862
2016-08-04,4140.2052,0.18668923998439493,0.18540238889761884
2016-08-05,4130.5709,0.18319618018039655,0.18436611571976674
2016-08-06,,0.1830276272274767,0.18445668710407656
2016-08-07,,0.1829040480335701,0.1843048720208387
2016-08-08,4175.4212,0.18234717111886972,0.18363285330894158
2016-08-09,4214.4844,0.18350282928330813,0.18299557116872425
2016-08-10,4200.9585,0.18220945606247335,0.1827982263451396
2016-08-11,4157.7337,0.1770325313715185,0.18159920717394795
2016-08-12,4220.3268,0.17399276465464228,0.1798169504981624
2016-08-13,,0.1738269198100689,0.17811290023640222
2016-08-14,,0.17372206110367783,0.17615674660047617
2016-08-15,4334.8756,0.1751609641091763,0.17474704820981676
2016-08-16,4343.6152,0.1782749698115126,0.17499553589781558
2016-08-17,4351.0155,0.17925907745187666,0.17604879845726246
2016-08-18,4347.8079,0.18089856222831946,0.1774631269409126
2016-08-19,4354.938,0.18168494956690712,0.17905570463355844
2016-08-20,,0.18122405511607878,0.18026832283493893
2016-08-21,,0.1811080232297214,0.18083493351858068
2016-08-22,4306.0128,0.17799881149242708,0.18058288032669076
2016-08-23,4317.2266,0.17687635253283254,0.1797784383875934
2016-08-24,4319.0841,0.1787965749163981,0.17920076345749159
2016-08-25,4290.4961,0.17866732211427747,0.1786894168571313
2016-08-26,4299.651,0.1790356533311199,0.17827494287741102
2016-08-27,,0.1787800375322045,0.1784311880853665
2016-08-28,,0.17866525844786316,0.17878896926837262
2016-08-29,4305.5985,0.17935058965337472,0.17889977221576794
2016-08-30,4309.4956,0.1772768525252512,0.1786216782979627
2016-08-31,4322.6367,0.17376427009813988,0.1775674016513667
2016-09-01,4288.2297,0.17420201178980543,0.17665179650288687
2016-09-02,4285.0685,0.17199565926989457,0.17531787666729315
2016-09-03,,0.1718141972453763,0.1738105981856935
2016-09-04,,0.17171350283237885,0.172697928247119
2016-09-05,4301.1094,0.1719063145394552,0.17232633713538206
2016-09-06,4353.5819,0.17745454978507738,0.17297684473443647
2016-09-07,4352.7613,0.17743825646315647,0.17406536417308885
2016-09-08,4363.2023,0.17801797197853952,0.17530611911972147
2016-09-09,4333.6867,0.17692498041735005,0.17634841463671572
2016-09-10,,0.1768738644862109,0.17734192462606688
2016-09-11,,0.1767757175673545,0.17720615818252228
2016-09-12,4225.0538,0.1751572911081708,0.17674996511152516
2016-09-13,4242.8843,0.17809861515421668,0.17676609374666058
2016-09-14,4217.7893,0.17979744671091907,0.17734058700537442
2016-09-15,,0.17971209969274643,0.1779082340466815
2016-09-16,,0.1796268611110422,0.17847846275541904
2016-09-17,,0.17954671100720554,0.179356346735226
2016-09-18,,0.17946665477848073,0.1796299546600788
2016-09-19,4261.8893,0.18051880873382964,0.1797742270646609
2016-09-20,4258.9707,0.17968125150552103,0.17976805742721585
2016-09-21,4268.9684,0.17936401789638495,0.1797154887842844
2016-09-22,4297.9314,0.17825079951184866,0.179456306485213
2016-09-23,4279.3676,0.17701440743373814,0.1789658570162645
2016-09-24,,0.1769014070234328,0.1782423766741851
2016-09-25,,0.1768120138894872,0.17766852915097836
2016-09-26,4191.9368,0.17409424721102348,0.17661457501390604
2016-09-27,4222.0913,0.17568303603237953,0.17610102231801222
2016-09-28,4212.5959,0.1759739684952912,0.17589293453032284
2016-09-29,4229.4343,0.1730159926691712,0.17511585165947055
2016-09-30,4247.6501,0.17307066304807092,0.17436758149118725
2016-10-01,,0.17300156418256646,0.17414904488549587
2016-10-02,,0.17292508331008,0.17359745434103596
2016-10-03,,0.1728487234271683,0.17297240532741137
2016-10-04,,0.17277248469425188,0.17292370373242752
2016-10-05,,0.17269636727177978,0.17284884457716929
2016-10-06,,0.1726203713202285,0.17277260600470168
2016-10-07,,0.1725452062025769,0.1726966305832011
2016-10-08,,0.17247012076895438,0.1726209100515583
2016-10-09,,0.17239511512347833,0.17254543613740358
2016-10-10,4324.1892,0.1754067738333461,0.17308751744971684
2016-10-11,4349.7034,0.17659530732032117,0.17388250464973537
2016-10-12,4348.2643,0.17764633537030766,0.17490273048328153
2016-10-13,4352.9453,0.17937039958831338,0.17628278624715332
2016-10-14,4350.6018,0.17724149252639493,0.17725206172773667
2016-10-15,,0.1772498330476257,0.17762067357059258
2016-10-16,,0.17717598012896282,0.1777368081323209
2016-10-17,4311.1057,0.17653909533882758,0.17751536012602487
2016-10-18,4376.5966,0.17617791947855088,0.17687686410407238
2016-10-19,4372.6182,0.17511709536137846,0.1764519846710691
2016-10-20,4381.0203,0.1759821938747446,0.17619845683649288
2016-10-21,4375.4471,0.17303468979208933,0.17537019876911816
2016-10-22,,0.1722288713582665,0.17450815397300595
2016-10-23,,0.1721588685846715,0.1737043437942301
2016-10-24,4421.6472,0.16853018074217674,0.1723869608703897
2016-10-25,4434.0385,0.16812068992261195,0.1708146600799632
2016-10-26,4416.2103,0.16723821092935068,0.16965536430741546
2016-10-27,4410.8514,0.16819076235717867,0.16884774250719792
2016-10-28,4384.935,0.1665937434715751,0.16773471748457863
2016-10-29,,0.1800840642281983,0.1700454941817829
2016-10-30,,0.18001734718499737,0.17242482563426004
2016-10-31,4381.6392,0.18040151835108673,0.17505748711860725
2016-11-01,4422.6856,0.18212924699723743,0.17784518404661898
2016-11-02,4393.1282,0.1817885056433385,0.18088413648097165
2016-11-03,4424.9614,0.18112790755238822,0.18109290514580964
2016-11-04,4414.3286,0.18167194533183376,0.18142382477517693
2016-11-05,,0.18159585012259902,0.1816626911294794
2016-11-06,,0.1815319086262658,0.18154322345528506
2016-11-07,4418.72,0.18220678140819568,0.1816268786082565
2016-11-08,4442.9161,0.1810582665860927,0.1816129504149974
2016-11-09,4417.467,0.1813175716812398,0.1815420756848786
2016-11-10,4475.1852,0.18240546213107137,0.18170399808657306
2016-11-11,4504.1193,0.1825570021925662,0.18190901679983315
2016-11-12,,0.18251125863192344,0.1819699122445787
2016-11-13,,0.18245581754850926,0.18224942243706202
2016-11-14,4520.1275,0.18327082498307015,0.18264007309742808
2016-11-15,4532.0966,0.18452906403816283,0.18306479347884635
2016-11-16,4534.0679,0.1847918941512155,0.18351177187057624
2016-11-17,4530.6667,0.18324222503697357,0.18365796515158625
2016-11-18,4513.231,0.18418120960302065,0.18400304356248853
2016-11-19,,0.18414247367186154,0.1841773733002468
2016-11-20,,0.1840844308692245,0.18408844666645915
2016-11-21,4534.03,0.1818106165962003,0.1834921911554561
2016-11-22,4572.2035,0.18051043259021354,0.18294583266610412
2016-11-23,4561.7805,0.17680353535042953,0.18147029781558588
2016-11-24,4556.8838,0.17741993787238605,0.1801257906556908
2016-11-25,4581.2461,0.17224283117518518,0.17775747071688291
2016-11-26,,0.1721878219335509,0.17583291178435306
2016-11-27,,0.17213288298907406,0.17415740186412515
2016-11-28,4589.0428,0.1741567988201005,0.17362805455805935
2016-11-29,4576.5278,0.1719114778167541,0.17252636254693293
2016-11-30,4554.3166,0.1756650858384794,0.17321081347959177
2016-12-01,4583.6848,0.17466322232649809,0.17370589355818122
2016-12-02,4520.5732,0.16757556641710072,0.17279443024378655
2016-12-03,,0.16721885583243928,0.17140684164625433
2016-12-04,,0.1671650912914047,0.17045756434118445
2016-12-05,4474.5188,0.16479151049902774,0.16828284927329412
2016-12-06,4476.1675,0.16486124701693144,0.16632245421138075
2016-12-07,4513.1093,0.16632156673950824,0.1660716542758623
2016-12-08,4497.8267,0.16369231873182552,0.16536634685573953
2016-12-09,4502.2006,0.15735931100302503,0.1634051907980636
2016-12-10,,0.15733618215121464,0.16191412512850095
2016-12-11,,0.15731308441614422,0.16040449260834352
2016-12-12,4335.8495,0.15117123379814032,0.15737442602006996
2016-12-13,4345.4468,0.1542772822748153,0.1554914187286679
2016-12-14,4318.915,0.1511765947067323,0.15425487546940936
2016-12-15,4319.3647,0.16375639197242503,0.15553891743365145
2016-12-16,4344.7809,0.16677938065335726,0.15743217668109405
2016-12-17,,0.1667598795588817,0.1605499058332423
2016-12-18,,0.1667135841075868,0.16303716619979663
2016-12-19,4334.267,0.16703065066679298,0.16620797739180876
2016-12-20,4319.2698,0.16936598486832372,0.1673298959709885
2016-12-21,4353.9751,0.16732926732819672,0.1674398733059564
2016-12-22,4350.8664,0.16417054700542108,0.16692200679526428
2016-12-23,4306.6444,0.16447371448876952,0.1664740328715008
2016-12-24,,0.16443311110309666,0.16595452495876153
2016-12-25,,0.16438704044024707,0.1649587360731462
2016-12-26,4324.1548,0.16525575512817164,0.16454403363314118
2016-12-27,4324.589,0.16790547977105044,0.16529102018626704
2016-12-28,4309.6458,0.16752373238734558,0.1659010237659823
2016-12-29,4300.0377,0.16767842481813905,0.16655008650899075
2016-12-30,4310.2245,0.16459059314073118,0.16659079704908758
2016-12-31,,0.1626796368462112,0.1660755733926955
2017-01-01,,0.16457824961320652,0.1654101273611267
2017-01-02,,0.16453284782007344,0.16481195044767227
2017-01-03,4351.6865,0.16062314907154268,0.16340089529835303
2017-01-04,4394.3682,0.16100540653044035,0.16268385797629487
2017-01-05,4394.8229,0.15714610154251493,0.16157715091555558
2017-01-06,4366.2491,0.15601067068542715,0.1598636351299997
2017-01-07,,0.15614623413217535,0.1581863123924201
2017-01-08,,0.1561025913901298,0.1572822008561375
2017-01-09,4387.1642,0.156259415825377,0.15633300271512485
2017-01-10,4375.9169,0.1549631254332873,0.15589640749327932
2017-01-11,4336.4592,0.15607533006823074,0.15590933936984003
2017-01-12,4305.1136,0.15457936776462483,0.15559596609632992
2017-01-13,4267.6611,0.14932339111091966,0.15424012604048792
2017-01-14,,0.149302658876758,0.1528487746507641
2017-01-15,,0.1492778653843779,0.15171172264098223
2017-01-16,4182.3449,0.14548557712947682,0.14959377205323143
2017-01-17,4210.241,0.14599962035229244,0.14787782257076498
2017-01-18,4208.9794,0.14799703552931462,0.14761255145444396
2017-01-19,4193.7814,0.14746018317262888,0.14724405631361814
2017-01-20,4243.4223,0.14717130747935483,0.14682274473261353
2017-01-21,,0.14750460184505212,0.14722654967572857
2017-01-22,,0.1474786631837336,0.14752235824201682
2017-01-23,4270.7044,0.14749912062441906,0.1474227752610377
2017-01-24,4263.4842,0.14898346201938908,0.1477274310303897
2017-01-25,4276.8487,0.1485559089384967,0.1480043513222181
2017-01-26,4299.3154,0.14059310845626571,0.14662205264446082
2017-01-27,,0.14061270578241822,0.14524886116419775
2017-01-28,,0.14058681841616963,0.14386640072254786
2017-01-29,,0.1405609649132236,0.14218190130131478
2017-01-30,,0.1405351452922691,0.14057774857206923
2017-01-31,,0.14050935957198427,0.14056099879521297
2017-02-01,,0.14048360777103652,0.14053517919293662
2017-02-02,,0.14045788990808233,0.14050939349131913
2017-02-03,4278.9102,0.14628751583330474,0.1416547036753354
2017-02-04,,0.14629528969055333,0.14280673255499224
2017-02-05,,0.14627024231984584,0.14395890910456455
2017-02-06,4309.6334,0.14744586467576423,0.1453513604855101
2017-02-07,4307.2802,0.14528850216465367,0.14631748293682437
2017-02-08,4334.4137,0.14605313145253906,0.14627060606067122
2017-02-09,4360.1036,0.14856967567175677,0.14672548325691193
2017-02-10,4365.7774,0.1469400951107185,0.14685945381508644
2017-02-11,,0.1468604173375418,0.14674236434744198
2017-02-12,,0.14681426061915612,0.14704751603834246
2017-02-13,4394.8249,0.14563544262548714,0.1469639782729321
2017-02-14,4394.0391,0.14823377164014884,0.1468967974666105
2017-02-15,4366.6943,0.14509106996402757,0.1465269924372723
2017-02-16,4394.2696,0.14672634924617886,0.14650017881899968
2017-02-17,4362.0815,0.14557707195461464,0.1462527410860914
2017-02-18,,0.14548811842964124,0.14622327624692222
2017-02-19,,0.14544330492503993,0.14566518290390046
2017-02-20,4410.8967,0.14500365991674805,0.14564770089444454
2017-02-21,4438.9683,0.14518043340370695,0.14533851772595013
2017-02-22,4453.1565,0.1449207868167118,0.1452072606983696
2017-02-23,4444.5598,0.14538538667055967,0.14518671434655328
2017-02-24,4452.5667,0.14879063919581645,0.1458561812007086
2017-02-25,,0.14852173510083236,0.14655979623752544
2017-02-26,,0.1484754803013287,0.1472188056170498
2017-02-27,4419.6888,0.1516177755063041,0.14855820335496825
2017-02-28,4435.085,0.1551691062762117,0.15051494727609865
2017-03-01,4445.4494,0.15377366791048513,0.15151155301903238
2017-03-02,4419.4808,0.15526846727191732,0.15286089945324938
2017-03-03,4421.7533,0.15944843873028597,0.15505549113904085
2017-03-04,,0.15940775912245536,0.15661348786227108
2017-03-05,,0.15932732484049228,0.1574451315751272
2017-03-06,4460.3374,0.16027519448880417,0.15874543689079101
2017-03-07,4471.6026,0.15781960767595218,0.159255664971598
2017-03-08,4460.1557,0.15889934245500653,0.15914584571654208
2017-03-09,4429.7199,0.16427016954602752,0.16011832780125654
2017-03-10,4431.9131,0.16803504962418606,0.1618598727579953
2017-03-11,,0.16905365199103822,0.1636155642584421
2017-03-12,,0.16897496189644012,0.1658466351025397
2017-03-13,4468.0484,0.16612044822932046,0.16729085625740248
2017-03-14,4464.2452,0.16687753148424458,0.16781232864504586
2017-03-15,4466.1639,0.16778131147348843,0.16776158101490637
2017-03-16,4503.6457,0.1647309034040413,0.166897031297507
2017-03-17,4464.5476,0.16821306250415413,0.1667446514190498
2017-03-18,,0.16900906145792946,0.1673223740647716
2017-03-19,,0.1689321437313382,0.16773329651419028
2017-03-20,4476.1813,0.16781864686690356,0.16774076359287332
2017-03-21,4491.6448,0.17203069601485976,0.16920072211503703
2017-03-22,4472.3515,0.17542125129422415,0.17064235987305104
2017-03-23,4479.9412,0.1752950838398112,0.17189956434942738
2017-03-24,4503.7742,0.17773534843010436,0.1736602052891806
2017-03-25,,0.17829844480884055,0.175756164877568
2017-03-26,,0.17820769301169465,0.176991564276935
2017-03-27,4491.7116,0.17848271051812387,0.17760385612171492
2017-03-28,4478.963,0.17773130772601162,0.17809110089895502
2017-03-29,4457.81,0.1790622224737643,0.178356475707687
2017-03-30,4392.6473,0.1754611375232883,0.17778901425057653
2017-03-31,4409.2625,0.17343961906385458,0.17683539946100854
2017-04-01,,0.17421925617367442,0.17598270859211865
2017-04-02,,0.17410104930058687,0.17525665690703368
2017-04-03,,0.1739949726259234,0.1742432069374655
2017-04-04,,0.17387393034107212,0.1739257655010223
2017-04-05,4486.1544,0.17248748714212941,0.17373533911667724
2017-04-06,4501.0606,0.17575138960506517,0.17404176580295538
2017-04-07,4505.2505,0.17270183397737357,0.17376192273831273
2017-04-08,,0.17308946490481117,0.1735808211940903
2017-04-09,,0.17295730386140803,0.17339749589815748
2017-04-10,4475.9766,0.17400662336222586,0.17370132314217676
2017-04-11,4504.6702,0.17712951915876357,0.17397694905291644
2017-04-12,4477.9436,0.17459645372125907,0.17435587300169356
2017-04-13,4490.9488,0.17562496131494432,0.1748629722837202
2017-04-14,4439.7558,0.18580105637978964,0.1774317227873965
2017-04-15,,0.186924517723195,0.1800153016595903
2017-04-16,,0.1868198177940689,0.18195336138665139
2017-04-17,4396.4485,0.1872681297634655,0.18448769659509265
2017-04-18,4364.6759,0.19180269032541714,0.18772324239718724
2017-04-19,4328.4572,0.19597765992143237,0.18975856310551578
2017-04-20,4326.6518,0.19759752004061554,0.1918931635689999
2017-04-21,4316.1348,0.19157166408891346,0.1928435328279688
2017-04-22,,0.18901025621878542,0.1931919581190328
2017-04-23,,0.18892352497953707,0.19261612504985676
2017-04-24,4230.0276,0.18094765222394618,0.18961012351035952
2017-04-25,4244.9811,0.1836577441115504,0.1868221683245465
2017-04-26,4255.9075,0.18258928189734455,0.1850256918862327
2017-04-27,4270.6964,0.1817568956871071,0.18357501977989704
2017-04-28,4279.7679,0.17913182505105313,0.18161667979420026
2017-04-29,,0.17902726222784168,0.18123260179497938
2017-04-30,,0.17894456122637817,0.1802899652179449
2017-05-01,,0.17886193041007165,0.17954449492049035
2017-05-02,4274.5669,0.18461933692188043,0.180116983167445
2017-05-03,4262.4621,0.18673638270059095,0.1816378946973526
2017-05-04,4249.8247,0.18932852305340014,0.18369814686246427
2017-05-05,4206.0474,0.18552603118985628,0.1850144408551599
2017-05-06,,0.185452484431862,0.18633255165951795
2017-05-07,,0.1853888594689011,0.1864864561689221
2017-05-08,4145.845,0.17592418842525573,0.18432401731385503
2017-05-09,4159.1516,0.17780933547665745,0.18202017979850652
2017-05-10,4108.8953,0.17608795145983627,0.1801325638525025
2017-05-11,4108.8766,0.1763158750621892,0.17830524197856795
2017-05-12,4125.7726,0.17176404060512415,0.17558027820581257
2017-05-13,,0.17170192860006192,0.1747358262407738
2017-05-14,,0.17163988224738427,0.17350193559491917
2017-05-15,4142.1041,0.16906293013231244,0.1720969313294144
2017-05-16,4205.2428,0.1758167042864542,0.1719970971742674
2017-05-17,4203.0022,0.1781948325155668,0.17328325555635593
2017-05-18,4180.1982,0.17480625819115345,0.17390412147457424
2017-05-19,4181.5603,0.1750385518978768,0.17458385540467275
2017-05-20,,0.17494257898988136,0.1757597851761865
2017-05-21,,0.17488101815100993,0.17557264794909766
2017-05-22,4143.6724,0.1734684251627339,0.17462736647853108
2017-05-23,4089.9242,0.1706168422778776,0.1737894832958759
2017-05-24,4102.7341,0.17148608542202246,0.17307899000070504
2017-05-25,4157.5835,0.16435100873354722,0.17096067594943823
2017-05-26,4156.1695,0.16573075362419207,0.16913062304407464
2017-05-27,,0.16568803313496708,0.16757454463852128
2017-05-28,,0.16560171476471527,0.16657151913588883
2017-05-29,,0.16552429682260775,0.1653791614160059
2017-05-30,,0.16543811808726971,0.16559658328675037
2017-05-31,4158.2803,0.16405150933042925,0.1652607344279978
2017-06-01,4106.6372,0.16220132687869349,0.1645633931767431
2017-06-02,4124.9052,0.1631609884505394,0.1640752479139079
2017-06-03,,0.16311611060403902,0.16359361067019418
2017-06-04,,0.1630578202162842,0.16311755109599707
2017-06-05,4134.9315,0.16516432319204166,0.16334011386831956
2017-06-06,4157.1651,0.16832769354374183,0.16456538720132924
2017-06-07,4227.8158,0.16975677259032812,0.16588454402928696
2017-06-08,4242.6996,0.1728039961021947,0.1678221211289181
2017-06-09,4255.4364,0.17265807723423512,0.16974217253250828
2017-06-10,,0.17255245428705823,0.1712197987515116
2017-06-11,,0.17245138014720895,0.17204453607220502
2017-06-12,4223.5128,0.1729921873190497,0.17269161901794933
2017-06-13,4258.8226,0.17200534526521447,0.1725318888505533
2017-06-14,4235.943,0.1710514326982396,0.17221055994335419
2017-06-15,4257.5649,0.1741743588812704,0.17253494086219662
2017-06-16,4250.8754,0.17258260295026806,0.17256118542280846
2017-06-17,,0.17259407008973393,0.17248156197694528
2017-06-18,,0.1725364218893366,0.17258777730176972
2017-06-19,4284.9504,0.1740399487874912,0.17318548051962004
2017-06-20,4284.1392,0.17381125545456272,0.17311285983427852
2017-06-21,4308.8417,0.17808464147859962,0.17421326753994482
2017-06-22,4274.3308,0.17456661759036857,0.17460777704007174
2017-06-23,4295.3467,0.17686476090308176,0.17547344484282076
2017-06-24,,0.17664107387214453,0.17599366985975146
2017-06-25,,0.1765537583969626,0.17654217044823142
2017-06-26,4350.5544,0.17909490900838881,0.17674422395418926
2017-06-27,4358.9623,0.17878331231877362,0.17758756289987027
2017-06-28,4329.9122,0.17702497046203136,0.1776196048116602
2017-06-29,4353.1551,0.17723122635190414,0.1777376353076121
2017-06-30,4357.9826,0.17780959368959748,0.17798880236613907
2017-07-01,,0.17773280421296997,0.1777163814070553
2017-07-02,,0.17764569729501006,0.1774888584023026
2017-07-03,4367.2225,0.17724468851433692,0.17753280201276372
2017-07-04,4344.4196,0.17498881519968087,0.17708431978231906
2017-07-05,4386.95,0.18014713201182905,0.1775518274467654
2017-07-06,4392.2279,0.1809901098980949,0.17820328858379036
2017-07-07,4401.7745,0.18310882064699202,0.17929591325418676
2017-07-08,,0.1830292618589454,0.18045282792310843
2017-07-09,,0.18293910354706533,0.18204288559258536
2017-07-10,4390.3421,0.17964792302586424,0.18194304379539236
2017-07-11,4373.7504,0.17992044671559304,0.181729111158892
2017-07-12,4367.3654,0.1799670713246385,0.1811007612944213
2017-07-13,4386.9915,0.17856218156178058,0.18020734523498833
2017-07-14,4386.9144,0.18087329320378073,0.1797941831663314
2017-07-15,,0.1807350919210252,0.1800116169453636
2017-07-16,,0.18067244244321315,0.1801620160908876
2017-07-17,4254.5455,0.18006161525015185,0.1801809248759903
2017-07-18,4277.3295,0.18296013580404735,0.18106051572444365
2017-07-19,4347.537,0.18746894576607134,0.18237964623690178
2017-07-20,4369.3883,0.18987981003201332,0.1842085898590994
2017-07-21,4362.3397,0.18905046105367926,0.18588419358119262
2017-07-22,,0.1887675737421114,0.18762538527958456
2017-07-23,,0.18868601950125546,0.18877056201902614
2017-07-24,4385.5692,0.18947437624822677,0.18917164811545725
2017-07-25,4367.9722,0.1862349840429611,0.1884426829176468
2017-07-26,4360.6756,0.18281006155787768,0.18719460301848648
2017-07-27,4389.8914,0.17453077211066145,0.1843472426921965
2017-07-28,4398.5199,0.1788943787363477,0.18238891453921496
2017-07-29,,0.17909774843272255,0.1803135889761141
2017-07-30,,0.1790462582283179,0.17887584381318544
2017-07-31,4428.3127,0.18206565793013887,0.17872696308763772
2017-08-01,4447.6331,0.18023769165564546,0.1798683469966345
2017-08-02,4426.7606,0.1821177554413088,0.18051302233762673
2017-08-03,4416.4775,0.1799760311858545,0.1806886788882531
2017-08-04,4395.0192,0.17704274197572242,0.18028797563773402
2017-08-05,,0.17760629129465902,0.17939610231063802
2017-08-06,,0.17755222670968185,0.17885900932144533
2017-08-07,4426.5875,0.18002082945839237,0.17843962412486203
2017-08-08,4436.4363,0.17664202050861494,0.17777282198941413
2017-08-09,4443.8954,0.17836230353572852,0.17803673430141534
2017-08-10,4416.7529,0.18038359502982446,0.17859219504844842
2017-08-11,4339.8056,0.17656891695303545,0.17839553309711914
2017-08-12,,0.1759922499918131,0.1775898172038033
2017-08-13,,0.1759385304447187,0.17744911919102405
2017-08-14,4409.893,0.17763918704933515,0.17730449589374536
2017-08-15,4426.2014,0.17744265712447388,0.17671630831267524
2017-08-16,4432.7146,0.17398267322275954,0.17619905956662008
2017-08-17,4462.4561,0.17484479346806026,0.17596956826186952
2017-08-18,4457.3262,0.1734069633474509,0.17546325484241593
2017-08-19,,0.17274418813360196,0.1744842550592693
2017-08-20,,0.17266511279777677,0.17352874619392988
2017-08-21,4486.0364,0.17259393188519573,0.17325099792641713
2017-08-22,4479.8391,0.17594624633345216,0.1734712884994955
2017-08-23,4467.5704,0.1720234422929103,0.1731945842885874
2017-08-24,4441.6692,0.17760678619955622,0.17416710390177823
2017-08-25,4500.9089,0.17573224490875977,0.17478053032397484
2017-08-26,,0.17529252937308515,0.17532024982155273
2017-08-27,,0.17521453660641428,0.17517390787614515
2017-08-28,4555.467,0.17361997871749132,0.17549321516106137
2017-08-29,4549.2297,0.17754157926705566,0.17548017377456124
2017-08-30,4559.6191,0.17793772929302926,0.17592127065141513
2017-08-31,4563.3839,0.17585297661372568,0.17603336009954323
2017-09-01,4586.2843,0.17793124826085407,0.1765767024304312
2017-09-02,,0.17787893197093332,0.17742849308111958
2017-09-03,,0.17782668535264132,0.17748551429823672
2017-09-04,4608.1634,0.17511830771075843,0.17692162998178257
2017-09-05,4617.022,0.17289218571257117,0.17632947180155165
2017-09-06,4625.7279,0.17176738931524294,0.17509670001242944
2017-09-07,4603.4147,0.1721588460555886,0.1739526828293605
2017-09-08,4608.2591,0.17141761291484736,0.1726708683418017
2017-09-09,,0.1714579908109166,0.17193880496183334
2017-09-10,,0.17138491223594446,0.171637350266508
2017-09-11,4633.9254,0.17243809596683748,0.1717714915968269
2017-09-12,4635.116,0.1741323294763401,0.1721661882809772
2017-09-13,4649.8148,0.17531142894589605,0.17294495148718694
2017-09-14,4640.0282,0.1729334545473436,0.1732400442344723
2017-09-15,4625.9249,0.16926339664993537,0.17281574111727052
2017-09-16,,0.16922012516067692,0.17217214695603839
2017-09-17,,0.16917196326590672,0.17118007371395172
2017-09-18,4651.1123,0.1684261133719565,0.16980301059916383
2017-09-19,4634.8521,0.16802598277895675,0.16882151624548647
2017-09-20,4661.6233,0.17003590917690123,0.16897601875087961
2017-09-21,4631.5215,0.1688478780643819,0.16890156933162065
2017-09-22,4619.7341,0.17066997310796614,0.16920117130003248
2017-09-23,,0.1706196386609903,0.16963987635783928
2017-09-24,,0.17056937804269867,0.17014855541058765
2017-09-25,4576.4413,0.1654257308266565,0.1692265197405387
2017-09-26,4582.8136,0.16712145143576462,0.16888123441481523
2017-09-27,4603.4429,0.1721285313483873,0.1691729460628995
2017-09-28,4595.0038,0.17231503862109948,0.1695120260549213
2017-09-29,4621.7526,0.17588514346017872,0.1705751791384173
2017-09-30,,0.17587682505494376,0.1726653979840748
2017-10-01,,0.17577683033782435,0.17439647376448672
2017-10-02,,0.17572277786278676,0.17511532306736663
2017-10-03,,0.1756687948639412,0.17578607431593496
2017-10-04,,0.17561488140535741,0.1757320219049707
2017-10-05,,0.17556103755110125,0.1756688644042022
2017-10-06,,0.17550726336523442,0.17561495100968422
2017-10-07,,0.17545355891181424,0.17556110721948973
2017-10-08,,0.1753999242548933,0.17550733309768013
2017-10-09,4675.0161,0.17934485064271122,0.1762533269451509
2017-10-10,4697.5437,0.1749519253090565,0.17613150449674195
2017-10-11,4694.0108,0.1723103449381766,0.1754921208113304
2017-10-12,4693.2808,0.1759525739859535,0.17559192382615824
2017-10-13,4712.6782,0.17685115495473042,0.17588216996612566
2017-10-14,,0.17655400444144928,0.17532400072587323
2017-10-15,,0.17647658675934244,0.17562893301593047
2017-10-16,4664.9258,0.18009316606333678,0.17718549724096247
2017-10-17,4663.1734,0.16892447339463787,0.17577987712269935
2017-10-18,4657.9714,0.16717884319049917,0.1738454147698531
2017-10-19,4626.4725,0.16743911957145177,0.1720224377958536
2017-10-20,4652.4421,0.1675365994339393,0.17023444033077298
2017-10-21,,0.16764698703774106,0.16774520452565383
2017-10-22,,0.16760662766873644,0.16748163538047356
2017-10-23,4669.927,0.17009779640640343,0.1680654260236544
2017-10-24,4674.4695,0.1713137458779973,0.16884035128496352
2017-10-25,4701.6305,0.17333827040968883,0.1700006854801134
2017-10-26,4720.3985,0.17100931816394535,0.17067315170535427
2017-10-27,4719.4875,0.17175467380557308,0.1715027609327216
2017-10-28,,0.17164433892278258,0.17181206943599742
2017-10-29,,0.17157370996722304,0.1718640622538426
2017-10-30,4656.249,0.17028281207767498,0.1712529705874398
2017-10-31,4672.854,0.1686592376216788,0.1707829544789865
2017-11-01,4668.3505,0.16738526213038418,0.16990907214394874
2017-11-02,4642.4485,0.16770296392992065,0.1691207971453763
2017-11-03,4620.7182,0.16606630413594592,0.16801931597912093
2017-11-04,,0.16603310197355178,0.16716937395829629
2017-11-05,,0.1659998663005802,0.16663749969407654
2017-11-06,4661.1561,0.17031858375726222,0.16722416401945214
2017-11-07,4693.8075,0.16874131046158766,0.16743183332578557
2017-11-08,4697.6831,0.1669322750383067,0.16760502750625772
2017-11-09,4727.8854,0.1693254319404146,0.16826349349963027
2017-11-10,4753.887,0.1732325844534888,0.169710037130212
2017-11-11,,0.17316159425215882,0.17027863922919134
2017-11-12,,0.17309833906833225,0.17115004495054023
2017-11-13,4770.0459,0.17546710965962348,0.1728570118748036
2017-11-14,4735.8962,0.17533831163144808,0.17405958781301029
2017-11-15,4697.459,0.18026990444942784,0.17546705181219807
2017-11-16,4710.5284,0.18452569364134275,0.17773987169003488
2017-11-17,4638.7152,0.18847973058451212,0.18081614999327086
2017-11-18,,0.18826616590943412,0.183375961243233
2017-11-19,,0.18820193775702412,0.1859486864683482
2017-11-20,4666.3182,0.18450595109638462,0.18679589579773953
2017-11-21,4707.0796,0.18693382336109057,0.1872775217416891
2017-11-22,4710.7427,0.18223234228166746,0.1860280440811202
2017-11-23,4585.8253,0.18052639572825185,0.18448009004488375
2017-11-24,4587.5722,0.1794027273027855,0.18272024795403602
2017-11-25,,0.17932834624660787,0.18168472698408067
2017-11-26,,0.1792917700115629,0.1801563163141751
2017-11-27,4530.7548,0.18227094206315972,0.18016403627047356
2017-11-28,4569.0251,0.18508238537290633,0.18107523419940447
2017-11-29,4573.6531,0.18645212575584927,0.18248511389001723
2017-11-30,4534.9359,0.18594662510793855,0.18380876966228338
2017-12-01,4551.1012,0.18332199421506623,0.18461481450298403
2017-12-02,,0.18332752991440174,0.18482613207323242
2017-12-03,,0.1832871418104262,0.18446708336073642
2017-12-04,4537.3096,0.1870461879222366,0.18458589579401388
2017-12-05,4491.2536,0.19092344551464446,0.18558125987535506
2017-12-06,4497.9069,0.1862915068296868,0.18617516239827916
2017-12-07,4467.9414,0.18161499577384008,0.18583265557016684
2017-12-08,4509.5484,0.18067964946756956,0.1853111571015955
2017-12-09,,0.1806552126311144,0.18403296204337105
2017-12-10,,0.18058673602932798,0.18196562014630774
2017-12-11,4570.1697,0.1803475532518767,0.18077682943074574
2017-12-12,4519.0509,0.18126007934974248,0.18070584614592622
2017-12-13,4553.8555,0.18478340262860082,0.1815265967781325
2017-12-14,4544.1888,0.18291484929232799,0.1819785241103752
2017-12-15,4508.2241,0.17709675212257645,0.1812805273290249
2017-12-16,,0.1770599566767724,0.18062300801400405
2017-12-17,,0.17696280282120944,0.1797635527082974
2017-12-18,4495.9247,0.1822847871195916,0.1792638296064956
2017-12-19,4538.7339,0.18252237824324286,0.17918533539667852
2017-12-20,4514.6474,0.1806114382170127,0.1798882726155658
2017-12-21,4542.4238,0.18628196401820493,0.1817326740838523
2017-12-22,4533.5057,0.18511818885428755,0.18336375129046792
2017-12-23,,0.18518209374595496,0.1839432126157406
2017-12-24,,0.18509018135397062,0.18445677323788617
2017-12-25,4500.2376,0.18454330215562062,0.1852431460256077
2017-12-26,4522.657,0.18268177475290212,0.1845231081725472
2017-12-27,4477.5067,0.17881694835669637,0.18326286007302894
2017-12-28,4499.8196,0.18423917639176032,0.18307427660219003
2017-12-29,4522.7222,0.18086379369135042,0.182228999069666
2017-12-30,,0.18078366769061838,0.18147707217666553
2017-12-31,,0.18113988345541265,0.18116869391716764
2018-01-01,,0.18064588951872163,0.18153448214957268
2018-01-02,4579.636,0.18494831394586334,0.18167630966039328
2018-01-03,4612.8901,0.183295562199036,0.18216266336193038
2018-01-04,4629.9289,0.1877117060892383,0.18354827104165436
2018-01-05,4636.9343,0.1865685406907045,0.18463400248871276
2018-01-06,,0.18651418865948763,0.18580766231686593
2018-01-07,,0.1864519322969468,0.18610838598708263
2018-01-08,4654.6714,0.19107301722442238,0.18766387699215992
2018-01-09,4668.9445,0.1941757428937909,0.18895668435307042
2018-01-10,4664.7907,0.19414204558027234,0.190471385330984
2018-01-11,4673.6481,0.185468765383377,0.1902623006757619
2018-01-12,4672.9302,0.1884104870060802,0.19065401161758858
2018-01-13,,0.18795739678220516,0.19003088752914513
2018-01-14,,0.18789456068905114,0.1887746510881972
2018-01-15,4616.8082,0.19381179483605068,0.18870860093935282
2018-01-16,4651.2195,0.19104971210380145,0.18982479028343774
2018-01-17,4640.868,0.1883939051840439,0.18982147391903045
2018-01-18,4659.5539,0.19216237711092574,0.1906624699847746
2018-01-19,4662.1456,0.19381629475482393,0.19184681679792912
2018-01-20,,0.19399528173219782,0.19188351417715857
2018-01-21,,0.19393294650021042,0.19246016105644034
2018-01-22,4707.6594,0.19141705832893863,0.1930647916854193
2018-01-23,4738.2899,0.19381451996471646,0.19339522025617745
2018-01-24,4757.4209,0.18706202070831163,0.192044365446875
2018-01-25,4738.2,0.18826400813869779,0.19089811072817497
2018-01-26,4743.2999,0.19134610578742361,0.19038074258561763
2018-01-27,,0.1907698143557939,0.19025129379098868
2018-01-28,,0.19071118131768192,0.18963062606158176
2018-01-29,4674.0651,0.19522643062436443,0.19126350804479234
2018-01-30,4643.3824,0.19013611711218867,0.19163792983949052
2018-01-31,4603.9187,0.20245416550729123,0.19385954178346404
2018-02-01,4504.2634,0.22258068518737403,0.20022171594978005
2018-02-02,4511.7744,0.2322871310043458,0.20853690588711285
2018-02-03,,0.23213408332809196,0.21591843642785835
2018-02-04,,0.23207158479131412,0.22430552996368344
2018-02-05,4508.1151,0.2372289519546887,0.23126048725316295
2018-02-06,4334.2159,0.2431600955884871,0.23537636933338554
2018-02-07,4284.7319,0.23130361516937503,0.2351796661663914
2018-02-08,4284.2583,0.22251639756630898,0.23325612901403478
2018-02-09,4124.0876,0.22061735349962228,0.23096528275569642
2018-02-10,,0.22072704333835683,0.22766490103243003
2018-02-11,,0.22068369417474412,0.22316962074968144
2018-02-12,4198.5447,0.22036103532408155,0.22098110478062277
2018-02-13,4230.0195,0.22027714648863272,0.2205332545650875
2018-02-14,4253.1452,0.22457864538366287,0.22132551294189562
2018-02-15,,0.22462768474073502,0.22210564122237125
2018-02-16,,0.2245868003566092,0.22288626245874427
2018-02-17,,0.2245459551655165,0.22372324642703126
2018-02-18,,0.22450514918884867,0.22456884696707444
2018-02-19,,0.22446438244799233,0.22454599437994033
2018-02-20,,0.2244236549643292,0.22450518842465916
2018-02-21,,0.22435033576553512,0.22445789550644438
2018-02-22,4337.2092,0.2270845567911056,0.2249656158315622
2018-02-23,4354.7585,0.22816071067560723,0.2256967281289139
2018-02-24,,0.2279922919537762,0.22640231003007066
2018-02-25,,0.2279241738013699,0.22710241379747878
2018-02-26,4426.4939,0.2261240433641763,0.22745715531720703
2018-02-27,4394.6736,0.2138349300111234,0.22480722996121064
2018-02-28,4380.6025,0.20451969600057862,0.22007902702620488
2018-03-01,4420.9926,0.20213825149864345,0.2149082189351783
2018-03-02,4392.6286,0.20125329075890402,0.20957404232668514
2018-03-03,,0.20392646739679274,0.20513452713320843
2018-03-04,,0.203916435785805,0.20315082828814476
2018-03-05,4403.0184,0.19634174038735172,0.2015152371654994
2018-03-06,4454.8802,0.19444815429964857,0.1999772177257004
2018-03-07,4423.8789,0.20119455275601408,0.19996547012512242
2018-03-08,4461.4807,0.20309464326915652,0.1997991052995952
2018-03-09,4510.6772,0.20092378882527184,0.19920057590748855
2018-03-10,,0.20086441597615587,0.20010511102524936
2018-03-11,,0.20082375581620993,0.20138023132856167
2018-03-12,4553.4736,0.200921013893061,0.20132552355597105
2018-03-13,4521.7447,0.20203001288157707,0.20111259747845517
2018-03-14,4489.0511,0.20731492062366014,0.2023908238381328
2018-03-15,4491.368,0.2103240021271067,0.20428274106832295
2018-03-16,4463.1689,0.2048086082867253,0.20507971156242605
2018-03-17,,0.2046687308110053,0.20582925494601492
2018-03-18,,0.20462756185278888,0.20634876474025726
2018-03-19,4477.2988,0.2028365984500419,0.20545310030553363
2018-03-20,4486.0675,0.20504411684768928,0.20439712324965015
2018-03-21,4461.205,0.20147554417673197,0.2037305104276515
2018-03-22,4435.6254,0.1952818891806061,0.20185314210157163
2018-03-23,4257.5483,0.19681629553989363,0.20029088883899257
2018-03-24,,0.19696743053351676,0.19911705525568754
2018-03-25,,0.19692299611652775,0.19749283110945526
2018-03-26,4277.7449,0.19443415401925887,0.19608455307796063
2018-03-27,4347.2306,0.19319936172403346,0.19566804758664608
2018-03-28,4293.6877,0.19317341636384106,0.19493947175143558
2018-03-29,4341.3845,0.19217919988567747,0.19398182562186772
2018-03-30,4376.2499,0.19518114603790246,0.19363345560614267
2018-03-31,,0.19310635119889824,0.19336789504207053
2018-04-01,,0.19295998201878364,0.19332001910102056
2018-04-02,4378.5765,0.19138972003381644,0.19296327983501566
2018-04-03,4344.4897,0.19476285085650666,0.1934800100291815
2018-04-04,4327.071,0.1947378723920403,0.19339135530000903
2018-04-05,,0.19474839223194684,0.19371976350661876
2018-04-06,,0.1947364313966009,0.19407505338218223
2018-04-07,,0.19472449771219122,0.19474200891785717
2018-04-08,,0.19465033696746906,0.19471950614004965
2018-04-09,4329.9234,0.19466597019285029,0.19470512570021165
2018-04-10,4377.5354,0.1959162919819052,0.19493870565020335
2018-04-11,4396.2282,0.1933822401118206,0.1946678673932473
2018-04-12,4362.5282,0.19584017725905137,0.1948910033026193
2018-04-13,4341.2102,0.19469621291530184,0.19490017849218585
2018-04-14,,0.1939898894985789,0.19476496235333157
2018-04-15,,0.19397824180239354,0.19437735231742923
2018-04-16,4298.61,0.19747902755518473,0.1951967098061021
2018-04-17,4220.464,0.18830865522888257,0.19369040540006832
2018-04-18,4258.0801,0.18885726337054784,0.19252261549111752
2018-04-19,4290.9286,0.19386782687244786,0.19249820296589132
2018-04-20,4217.1011,0.19005260093643395,0.1917130747926994
2018-04-21,,0.1902170595750336,0.19026068119666917
2018-04-22,,0.19015377440670939,0.1906297050322345
2018-04-23,4200.075,0.1906274819260844,0.19098374874334184
2018-04-24,4289.3938,0.19622364318211352,0.19145491200527498
2018-04-25,4287.7639,0.2008962996213431,0.1936236517422568
2018-04-26,4208.0601,0.1937066492530927,0.19432156967786862
2018-04-27,4213.4125,0.19760042432984462,0.19581089966249568
2018-04-28,,0.19277006902069574,0.19623941708141796
2018-04-29,,0.1927237713024882,0.19553944270549287
2018-04-30,,0.19267754096623946,0.19389569097447215
2018-05-01,,0.19264603810435402,0.1936835687447244
2018-05-02,4210.1133,0.20022097353748866,0.1942076785862532
2018-05-03,4246.048,0.20282433365802335,0.19621853151371874
2018-05-04,4234.8769,0.20501703585588202,0.1986771844243975
2018-05-05,,0.2049699176362713,0.2011356597584039
2018-05-06,,0.20492286239812488,0.20359102461715803
2018-05-07,4305.037,0.20891137869465662,0.2053291056485916
2018-05-08,4341.2048,0.20765683358213297,0.20629560563341354
2018-05-09,4336.0363,0.2094205107537786,0.2071763006129929
2018-05-10,4356.6987,0.21488316077570577,0.20915894924087977
2018-05-11,4324.9802,0.20942640761103543,0.21005965828346188
2018-05-12,,0.20931977043214134,0.2101413366309588
2018-05-13,,0.20921160783243656,0.21045229148101954
2018-05-14,4333.4393,0.2119945101763475,0.21096709136553332
2018-05-15,4364.4527,0.21585304535044336,0.21116106828048084
2018-05-16,4339.2378,0.21756767302285648,0.21278932136284504
2018-05-17,4315.8224,0.2153699788827727,0.21399936305297135
2018-05-18,4346.6182,0.21557821577868133,0.2152726846422203
2018-05-19,,0.2155477683674842,0.2159833362804476
2018-05-20,,0.21547874421747257,0.21590847605385344
2018-05-21,4385.563,0.2171937789484811,0.2158336972389784
2018-05-22,4388.905,0.2209144709329284,0.2169425956490095
2018-05-23,4336.5724,0.22046515645927933,0.2179199837851291
2018-05-24,4316.1762,0.22272680085131968,0.2193557902818962
2018-05-25,4289.1219,0.2228121119557756,0.22082246382955684
2018-05-26,,0.2227407697664048,0.22193186199314158
2018-05-27,,0.22266949181214687,0.22228286616898524
2018-05-28,4282.5155,0.22760021700973046,0.22370987827907549
2018-05-29,4247.8807,0.22443226705505812,0.22405097151982317
2018-05-30,4135.8552,0.22303801673438553,0.22409615247554515
2018-05-31,4210.9383,0.2352272850801361,0.22659345553829144
2018-06-01,4170.235,0.22631004778095415,0.22732156673205287
2018-06-02,,0.22627164347485876,0.22705585202507855
2018-06-03,,0.22623327893868264,0.22741605440180343
2018-06-04,4185.3093,0.23014540002543118,0.2288375310600126
2018-06-05,4240.9803,0.2407019936622481,0.22993247277643497
2018-06-06,4240.5291,0.24262200685718793,0.2331948645916817
2018-06-07,4225.5526,0.24766825607876072,0.2374741871124621
2018-06-08,4176.1768,0.25674720421086716,0.243576972166899
2018-06-09,,0.25668726568483186,0.24888534529877915
2018-06-10,,0.2566258091556586,0.25207010839746125
2018-06-11,4160.5071,0.25097491316312,0.2537406896586477
2018-06-12,4202.9103,0.2607902050331185,0.2563650794495192
2018-06-13,4150.5212,0.25539460226734517,0.25609455906081485
2018-06-14,4134.0117,0.24986705440099344,0.2547305168040471
2018-06-15,4085.3034,0.247485936107991,0.2529025421945136
2018-06-16,,0.24742011819790719,0.25219158320147106
2018-06-17,,0.24735407971495396,0.24950435813783817
2018-06-18,,0.24728808476578557,0.24788305463752622
2018-06-19,3882.9806,0.23546503745544095,0.24500265124841572
2018-06-20,3910.804,0.24418473373454452,0.24434241077372643
2018-06-21,3845.9319,0.24519655745372348,0.2438976986248897
2018-06-22,3882.4092,0.24818146614375644,0.2440631759106502
2018-06-23,,0.24810115040290542,0.24422578903807418
2018-06-24,,0.24803080688481882,0.2467389429239497
2018-06-25,3846.6151,0.2511662700306494,0.2481352501831707
2018-06-26,3846.6861,0.24822128173902241,0.2487401950402305
2018-06-27,3794.4735,0.2323686369589296,0.24557762920326512
2018-06-28,3755.1617,0.226740287671995,0.24130545665708306
2018-06-29,3860.3372,0.24115470657426488,0.23993023659497226
2018-06-30,,0.24172872796667788,0.23804272818217792
2018-07-01,,0.24099368740222588,0.23659720931481867
2018-07-02,3778.0198,0.2347050059230759,0.2370644831076479
2018-07-03,3802.338,0.228280280316344,0.2373724816365177
2018-07-04,3744.8972,0.2205644660924246,0.23325443354014963
2018-07-05,3685.2029,0.21596456685231813,0.2281016013172777
2018-07-06,3706.1205,0.21847718168671612,0.22359830017417576
2018-07-07,,0.21841196748171957,0.22033969248590451
2018-07-08,,0.21834159411972254,0.2183519552465802
2018-07-09,3798.1284,0.22831425419745424,0.21990191286758615
2018-07-10,3817.6416,0.2318826226071005,0.2230855240185426
2018-07-11,3744.9268,0.23040497778397975,0.2254710832379953
2018-07-12,3836.9795,0.23940224135800603,0.2296691380132526
2018-07-13,3853.3783,0.24920120144837157,0.23584105947898243
2018-07-14,,0.24909900733772997,0.23999801010703758
2018-07-15,,0.2490336675371926,0.24342821909305598
2018-07-16,3842.6481,0.2516495633996265,0.2476771362161853
2018-07-17,3834.3343,0.24746660109402727,0.2492900081633896
2018-07-18,3813.5347,0.2457035388350902,0.24859047564073328
2018-07-19,3792.2334,0.2422319888762777,0.24721707194844286
2018-07-20,3851.2965,0.2383715246746973,0.2450846433759438
2018-07-21,,0.2382381531408319,0.24240236132418486
2018-07-22,,0.23816343615490293,0.24054172833636
2018-07-23,3883.1899,0.22270981930425424,0.23594298443019285
2018-07-24,3945.4412,0.23016895853240593,0.2335303783614185
2018-07-25,3945.9419,0.23321325023416373,0.23249872347331174
2018-07-26,3916.2287,0.22863113395482507,0.23057731963611036
2018-07-27,3898.2481,0.22752415538211718,0.2284494634815532
2018-07-28,,0.22738267988632124,0.22938403559796666
2018-07-29,,0.22729317902779708,0.22880887969704483
2018-07-30,3869.4643,0.22197328455849083,0.22656088656191029
2018-07-31,3872.0117,0.22038220328605426,0.22491110042815615
2018-08-01,3803.2568,0.21909834602747774,0.22322593855722822
2018-08-02,3718.2967,0.21340019128399135,0.22042944083676225
2018-08-03,3665.3598,0.20441832947415542,0.21585447092603394
2018-08-04,,0.20438637874889432,0.21233708976411464
2018-08-05,,0.20431290005197755,0.2091232291172993
2018-08-06,3605.5606,0.20027653129043677,0.20535886616989107
2018-08-07,3704.8186,0.20803046912937753,0.2042849217389683
2018-08-08,3647.8478,0.20473903468235352,0.20434906278060794
2018-08-09,3733.9886,0.20948111994565788,0.20536801101996066
2018-08-10,3749.0849,0.20804025016203753,0.20611348104197263
2018-08-11,,0.20853282293861627,0.20776473937160853
2018-08-12,,0.20844516098073385,0.2078476777418798
2018-08-13,3748.4225,0.20962979825636033,0.20882583045668116
2018-08-14,3734.0611,0.21038890252695078,0.20900738697293977
2018-08-15,3653.8096,0.2025262804321661,0.20790459302696548
2018-08-16,3626.4409,0.19641148095124533,0.20548032462949126
2018-08-17,3569.4824,0.19023099939635715,0.2018374923126159
2018-08-18,,0.19028689267818785,0.19796891119698143
2018-08-19,,0.19023245973831504,0.19393762263925432
2018-08-20,3598.0727,0.1948543299687535,0.19240323254657177
2018-08-21,3650.4035,0.2032278906304286,0.19376651448240842
2018-08-22,3620.1858,0.1959983010272513,0.19491997480858725
2018-08-23,3638.2843,0.19567432254037315,0.19599746078102434
2018-08-24,3638.9517,0.19720929997794098,0.19739282882894948
2018-08-25,,0.19657151216481336,0.1977362652681615
2018-08-26,,0.19647657700263213,0.1963860025426022
2018-08-27,3720.6677,0.20854881639696787,0.1988961056165455
2018-08-28,3720.017,0.20533911843433403,0.2008290647953377
2018-08-29,3701.5104,0.20271198347147776,0.20192960149404504
2018-08-30,3653.3684,0.20018689035146495,0.20265267713137533
2018-08-31,3625.9119,0.18962864658174522,0.20128309104719797
2018-09-01,,0.18969186158275342,0.1975117000843551
2018-09-02,,0.1896154806785385,0.19436697253319596
2018-09-03,3619.7099,0.18721142326060863,0.19126686049102215
2018-09-04,3662.6577,0.1917520623477353,0.1895798948902762
2018-09-05,3599.9832,0.18359808038687117,0.18837378165130142
2018-09-06,3575.1071,0.17928214262080708,0.18629183785891215
2018-09-07,3586.9309,0.1880892302734413,0.1859865877778927
2018-09-08,,0.18804045124515537,0.18615239337480205
2018-09-09,,0.1879917400234404,0.18540032890994307
2018-09-10,3528.7268,0.18193375185900848,0.18506746320437054
2018-09-11,3526.2641,0.18484417984637322,0.18617987064948377
2018-09-12,3513.4459,0.18252553595016127,0.18506713178482775
2018-09-13,3544.9272,0.19300239557411342,0.18605952065061937
2018-09-14,3529.8022,0.195559504356475,0.18757307351722627
2018-09-15,,0.19547675937676737,0.19028167502077803
2018-09-16,,0.19539411632174392,0.1923916623158522
2018-09-17,3482.8986,0.19397919480835576,0.1946823940874911
2018-09-18,3547.9233,0.1988956670262643,0.19586104837792126
2018-09-19,3591.1678,0.20459910134784537,0.19766896777619536
2018-09-20,3586.3417,0.20655061742618322,0.1998837393860785
2018-09-21,3665.0561,0.21316013901977676,0.20343694392568507
2018-09-22,,0.2130946008260643,0.20726002512922678
2018-09-23,,0.21303433899491173,0.21008775952295627
2018-09-24,,0.2129574355336352,0.21175942636011422
2018-09-25,3643.1047,0.21095783936926638,0.2126408707487309
2018-09-26,3672.5872,0.2154808207130736,0.21310500708739025
2018-09-27,3639.5767,0.21540370177610801,0.213566827277399
2018-09-28,3674.7587,0.2180779777404171,0.21457555502650005
2018-09-29,,0.21806990462326012,0.21559804884442504
2018-09-30,,0.21783096082916764,0.2169726731364053
2018-10-01,,0.21800162499704784,0.21747683399320014
2018-10-02,,0.21795282138666563,0.21798665791531166
2018-10-03,,0.21790407626383498,0.2179518776199952
2018-10-04,,0.2178398493576522,0.21790586656687366
2018-10-05,,0.2177756925594445,0.21789481291292906
2018-10-06,,0.21771160593119168,0.21783680909975778
2018-10-07,,0.21764758953487867,0.2177757627294004
2018-10-08,3535.0847,0.2030706808157275,0.2148090836397789
2018-10-09,3535.7813,0.2068697367487836,0.21261506111800518
2018-10-10,3533.9827,0.2032562409214189,0.20971117079040008
2018-10-11,3325.895,0.18481547972524034,0.20313194554920982
2018-10-12,3341.8073,0.19210268412459255,0.19802296446715256
2018-10-13,,0.1920923755167658,0.19582730340736024
2018-10-14,,0.19207016287085976,0.1928673886317755
2018-10-15,3294.1467,0.1859638779972966,0.18940891604695104
2018-10-16,3246.2767,0.1829590514693974,0.18903763039578242
2018-10-17,3268.2958,0.1839261147263817,0.18740231651614025
2018-10-18,3179.5353,0.1497416375566406,0.1789321689241152
2018-10-19,3263.7825,0.16981924088991773,0.1744819845279268
2018-10-20,,0.1692871675985697,0.17114664244818142
2018-10-21,,0.1692871675985697,0.16841226567401588
2018-10-22,3412.7501,0.19360515905134515,0.1703480745390086
2018-10-23,3340.4615,0.1694915723800282,0.17429806150368612
2018-10-24,3343.1078,0.1575379803853422,0.171841809402771
2018-10-25,3339.0147,0.15186117495346607,0.16835661087375026
2018-10-26,3331.2439,0.14532051414758215,0.16356328018355276
2018-10-27,,0.14249729298320227,0.15334170696992416
2018-10-28,,0.14176204047260027,0.14779580058843858
2018-10-29,3255.2104,0.12033860028466901,0.14035592456830395
2018-10-30,3290.5602,0.12027470999771857,0.13403863157715445
2018-10-31,3338.8365,0.11895367152093735,0.12876526305182548
2018-11-01,3359.2869,0.12212213513574294,0.12469023148233363
2018-11-02,3468.1867,0.1372318095892094,0.12378418530565546
2018-11-03,,0.13712863633108402,0.12714219251493847
2018-11-04,,0.13703112988300833,0.1304934764919964
2018-11-05,3462.2941,0.13413067680673005,0.13352887754915493
2018-11-06,3450.4874,0.1331046745318819,0.13572538542838272
2018-11-07,3433.2097,0.12947578054286266,0.1341741796191134
2018-11-08,3421.3589,0.12811407200991423,0.13237126675487945
2018-11-09,3390.3621,0.12569121037328626,0.13010328285293501
2018-11-10,,0.12557457931183244,0.12839206335395548
2018-11-11,,0.1254580253174732,0.12686273351107377
2018-11-12,3456.6291,0.13046060195261958,0.12705969779302514
2018-11-13,3505.9612,0.13528087479496706,0.12849305835003572
2018-11-14,3485.5216,0.13329424750538896,0.13001366577645623
2018-11-15,3534.443,0.13602087699912266,0.13210292531391427
2018-11-16,3558.9289,0.13649223785411674,0.134309767821243
2018-11-17,,0.13634216969488847,0.13548608136969678
2018-11-18,,0.13620667991560984,0.13567124239382533
2018-11-19,3585.4853,0.13710586632331065,0.13643356615740967
2018-11-20,3496.3526,0.1292360372319342,0.13507659820397197
2018-11-21,3511.9951,0.12999162339705078,0.13377647531255882
2018-11-22,3505.7021,0.12908217517037882,0.13232447640765685
2018-11-23,3395.6001,0.11761940580154773,0.12860702158484444
2018-11-24,,0.11750249957868919,0.12468634823592015
2018-11-25,,0.1173816552131594,0.12231547183216518
2018-11-26,3390.2936,0.11477871304511862,0.11927288976177874
2018-11-27,3398.5431,0.11282622206535543,0.11602169914077406
2018-11-28,3441.0861,0.11811205725155043,0.11612022943077463
2018-11-29,3379.488,0.11055887649890106,0.114731504814817
2018-11-30,3409.7867,0.11329221891568146,0.11391361755532141
2018-12-01,,0.11315875613344764,0.11358962617298721
2018-12-02,,0.11303617255906445,0.11363161627172899
2018-12-03,3510.7539,0.128230266715632,0.11565525816454532
2018-12-04,3526.7663,0.13133812151752375,0.11981110716826986
2018-12-05,3506.5003,0.12825798547542427,0.12280426048021842
2018-12-06,3436.9268,0.11708777592499275,0.12359006443852745
2018-12-07,3437.0528,0.11888547158502359,0.12475992424371926
2018-12-08,,0.12216464187558407,0.12354679927570969
2018-12-09,,0.12204781391525069,0.12168873775525506
2018-12-10,3398.0427,0.11604446667533469,0.11924603399523717
2018-12-11,3419.7385,0.11904238005518142,0.1196369548212749
2018-12-12,3425.7215,0.12186023409287053,0.12023190732284428
2018-12-13,3468.5117,0.13386298578301353,0.12257157610433018
2018-12-14,3397.055,0.12572349682420791,0.12330671268612162
2018-12-15,,0.12574270262317988,0.12524635987569066
2018-12-16,,0.1256740945817281,0.126572702781
2018-12-17,3392.6726,0.12477136341458026,0.12715492864534192
2018-12-18,3364.5301,0.12091075202851345,0.12456448189444191
2018-12-19,3322.8267,0.11738726734448252,0.12289723599849685
2018-12-20,3316.5886,0.11544056689087526,0.12083680885203592
2018-12-21,3284.13,0.11334411485978388,0.11837081290764709
2018-12-22,,0.11328223292516905,0.11607298680976483
2018-12-23,,0.11321911945377518,0.11453466029481718
2018-12-24,3303.0189,0.11497168415303441,0.11405154365652755
2018-12-25,3273.9771,0.11465197529558531,0.11389382533746957
2018-12-26,3260.8401,0.11056881685906615,0.11333876573732601
2018-12-27,3231.2175,0.10950477109708795,0.11258327337170979
2018-12-28,3244.8955,0.11167839251859528,0.11227512798467383
2018-12-29,,0.1116083081319868,0.1116024527804643
2018-12-30,,0.11154541498504605,0.11098114071835645
2018-12-31,,0.1114657610943801,0.11116052956541922
2019-01-01,,0.11141462161610806,0.11154249966922328
2019-01-02,3214.2658,0.11034922220387651,0.11127666560627951
2019-01-03,3203.5551,0.10550009820048262,0.11005502361997868
2019-01-04,3282.2831,0.11029709823101205,0.10980536026917187
2019-01-05,,0.1102418017054415,0.10956056839138414
2019-01-06,,0.1101866147101152,0.10931496701018557
2019-01-07,3323.8462,0.11365563831036204,0.10997625023148268
2019-01-08,3317.8362,0.1135639588297537,0.11158902235733689
2019-01-09,3339.6651,0.12025430878393326,0.11358046446792114
2019-01-10,3333.0501,0.12110783012326011,0.11575367015148486
2019-01-11,3358.3954,0.12520960430824618,0.11875826807111105
2019-01-12,,0.125229543201103,0.12107304904925927
2019-01-13,,0.1251615308471693,0.12339256345274237
2019-01-14,3334.641,0.12214489292056711,0.12377068028006914
2019-01-15,3386.2528,0.13543440858118694,0.1266359959716545
2019-01-16,3383.5527,0.13421852364384781,0.12843777983877483
2019-01-17,3359.9352,0.1329752552028797,0.1299869222391302
2019-01-18,3403.2947,0.14189674469590874,0.13333396500887806
2019-01-19,,0.1419043210890102,0.13728585064256665
2019-01-20,,0.14184660867373375,0.13856829066107604
2019-01-21,3421.5607,0.1456131138725877,0.14084720870682405
2019-01-22,3379.5187,0.1392502110467416,0.14210219987559639
2019-01-23,3381.1585,0.13894891321326375,0.14151263357906738
2019-01-24,3399.1011,0.14139645869981168,0.14141106110122773
2019-01-25,3403.4975,0.14431412227478174,0.1419045638214373
2019-01-26,,0.1441815329636424,0.14161824763964823
2019-01-27,,0.14414841644183496,0.1425978887186669
2019-01-28,3392.5762,0.1446174253487642,0.143731591145767
2019-01-29,3372.3261,0.14640777233695443,0.14473385387319554
2019-01-30,3337.2465,0.1396478483471933,0.14380059908767787
2019-01-31,3333.465,0.14253374087284956,0.1434710406695193
2019-02-01,3400.7148,0.14768462378685035,0.14417828213852238
2019-02-02,,0.14763487175743378,0.1447817714202563
2019-02-03,,0.14760453760294673,0.14502112447345475
2019-02-04,,0.14760453760294673,0.14661246232460542
2019-02-05,,0.14760453760294673,0.14762662167062485
2019-02-06,,0.14754951349282405,0.14759959961181962
2019-02-07,,0.14749457141159994,0.14757153954265284
2019-02-08,,0.14743971145097642,0.14753857431225878
2019-02-09,,0.14739739708879096,0.1474971462094276
2019-02-10,,0.14735514164321714,0.1474472670174817
2019-02-11,3476.4956,0.15844664116081794,0.14962669255108046
2019-02-12,3510.0015,0.1582826831079095,0.1517843148903424
2019-02-13,3575.5265,0.16084064735922776,0.15446450207199264
2019-02-14,3586.3165,0.16469004490254097,0.15792303163474267
2019-02-15,3547.7599,0.161874297859976,0.16082686287809442
2019-02-16,,0.16178510327017792,0.16149455529996642
2019-02-17,,0.16170807853985122,0.1621796343863548
2019-02-18,3664.9033,0.16716287634625543,0.1634440801837603
2019-02-19,3667.6786,0.16579554682192346,0.1636651805676368
2019-02-20,3677.8153,0.1658860483680613,0.16446753066925388
2019-02-21,3668.3837,0.1691582134718386,0.165942152709586
2019-02-22,3751.6944,0.17271894463279525,0.1681443259281748
2019-02-23,,0.1727102345626549,0.1692537975714547
2019-02-24,,0.17260582381224443,0.17061585296951892
2019-02-25,3962.5882,0.17988078679600622,0.17341480065510786
2019-02-26,3936.8848,0.17629077393237724,0.17484131274721562
2019-02-27,3929.2381,0.1790153548843579,0.17610059479752813
2019-02-28,3928.2468,0.17060833946858747,0.17568021577871465
2019-03-01,3988.7126,0.1846772709377208,0.17809450520380993
2019-03-02,,0.1845745872652892,0.17903326529766656
2019-03-03,,0.18451121873181622,0.18067735425755432
2019-03-04,4052.0983,0.18777552460580393,0.18242938820184354
2019-03-05,4118.7246,0.189489146723597,0.18620554965284544
2019-03-06,4180.0182,0.19238882205367724,0.18774785987603673
2019-03-07,4191.7531,0.19290729357363393,0.1894144011377057
2019-03-08,4021.7682,0.19253961154101007,0.19102007969954443
2019-03-09,,0.1926424679516221,0.19199346836870806
2019-03-10,,0.19256905954180473,0.19260945093234963
2019-03-11,4140.5576,0.19206161600705488,0.19254400972302516
2019-03-12,4198.2511,0.19240658179307882,0.1924438673669141
2019-03-13,4133.0621,0.18726256168539063,0.19138845739579025
2019-03-14,4060.255,0.1882425740728396,0.19050847862003373
2019-03-15,4114.275,0.189741573119123,0.1899429813354974
2019-03-16,,0.1893056867175721,0.18939179547760082
2019-03-17,,0.18923090444990978,0.18875666000896701
2019-03-18,4222.9233,0.19286641111466446,0.1898774298948218
2019-03-19,4221.8907,0.19077708110015354,0.19038433130028456
2019-03-20,4221.3026,0.1918279223447352,0.190801601145407
2019-03-21,4246.9516,0.1911290181279287,0.19116626742747833
2019-03-22,4254.6575,0.19038790573861525,0.19139766768521943
2019-03-23,,0.18957818272068028,0.1907400220064226
2019-03-24,,0.18948958116953982,0.19048252202029986
2019-03-25,4183.1487,0.1880053564241915,0.1897180088361911
2019-03-26,4102.656,0.18926540853140122,0.18934528691688562
2019-03-27,4139.7307,0.19427048448687861,0.19012180266653828
2019-03-28,4102.166,0.19885261141973148,0.19197668840634852
2019-03-29,4241.5262,0.20464967871833972,0.1950087079161085
2019-03-30,,0.20545455615348496,0.1984985478619672
2019-03-31,,0.20543138015340565,0.2017317421863681
2019-04-01,4375.6531,0.20391827481670297,0.20366130025233295
2019-04-02,4385.7786,0.19978178906792954,0.20384713578197258
2019-04-03,4436.8796,0.2005069815222598,0.20301859634275657
2019-04-04,4470.6075,0.20068601592268345,0.2020648882965963
2019-04-05,,0.2007408080906456,0.20112677388404426
2019-04-06,,0.20065421774127176,0.20047396246895804
2019-04-07,,0.2005677911239149,0.2006311628801551
2019-04-08,4459.7424,0.20093520594095698,0.20071680776389456
2019-04-09,4474.5556,0.20262666282122468,0.2011049371436028
2019-04-10,4476.7299,0.20502801434528112,0.2019623783945299
2019-04-11,4387.1907,0.20230809427583366,0.20229315370144224
2019-04-12,4381.4391,0.2028607637357367,0.20275174822380665
2019-04-13,,0.20312870732289848,0.2031904485001949
2019-04-14,,0.20304395099086328,0.2032739061341226
2019-04-15,4354.3076,0.20395708317880065,0.20305971990082655
2019-04-16,4457.8845,0.20582976401215314,0.20376405384809043
2019-04-17,4476.3576,0.20718577976225586,0.20462905705339426
2019-04-18,4454.9795,0.2116102043774966,0.20632535646431394
2019-04-19,4497.5439,0.21610068269677876,0.208936702805497
2019-04-20,,0.21692808897248517,0.2115309039642339
2019-04-21,,0.21682280191725645,0.21372951154525457
2019-04-22,4419.6543,0.216188729901801,0.2155301015731636
2019-04-23,4378.8977,0.21988608530676085,0.21718527775901647
2019-04-24,4407.0132,0.21916882436531673,0.21779890609272404
2019-04-25,4273.6954,0.21877594428562758,0.21816847715535254
2019-04-26,4218.1447,0.2164278611260671,0.21808948899711464
2019-04-27,,0.21187356143393624,0.21722645530354168
2019-04-28,,0.21139621355580024,0.2155284809533496
2019-04-29,4153.6978,0.2137809132909611,0.21445089873847847
2019-04-30,4180.4348,0.2060372155255003,0.21190315298645301
2019-05-01,,0.2059422133147309,0.20980602342418572
2019-05-02,,0.2058605993129166,0.20860343099998185
2019-05-03,,0.2058050241287747,0.2074851931145767
2019-05-04,,0.20572367620890997,0.20587374569816647
2019-05-05,,0.2056424752871196,0.2057947976504903
2019-05-06,3905.261,0.2017643683977499,0.20495922866709412
2019-05-07,3949.1812,0.2037026649464978,0.2045276417938104
2019-05-08,3912.0864,0.20010525881147195,0.20338768873034985
2019-05-09,3856.6893,0.19839176818997742,0.20192130712656337
2019-05-10,3996.7084,0.20685421113487823,0.20216365429611508
2019-05-11,,0.20674305261689227,0.20315939113994355
2019-05-12,,0.2066466762994936,0.20374819341054268
2019-05-13,3947.6487,0.20587368431309905,0.20490187851086814
2019-05-14,3920.5117,0.2042074724658425,0.20606501936604116
2019-05-15,4007.8111,0.21091482560853778,0.206877142260773
2019-05-16,4029.7826,0.21101163812432464,0.2077308593622595
2019-05-17,3911.155,0.2084298606475267,0.20808749623186612
2019-05-18,,0.20821714526277627,0.2085561884218016
2019-05-19,,0.20811584806753464,0.20933786354213998
2019-05-20,3885.9203,0.20244434329238464,0.20764376707890939
2019-05-21,3946.6978,0.20506848561871624,0.20645513657778772
2019-05-22,3927.8031,0.20793655783252424,0.2063564760147872
2019-05-23,3851.8371,0.20169671932212863,0.20505239082665766
2019-05-24,3841.4163,0.20247411835514226,0.2039240448841792
2019-05-25,,0.20237085038698197,0.20390934630309868
2019-05-26,,0.20226805917804605,0.20334926101496462
2019-05-27,3917.853,0.20359950599779086,0.20248185064801794
2019-05-28,3940.8297,0.20760001505638254,0.20366250979486872
2019-05-29,3941.6073,0.20923483780662683,0.20501465368516567
2019-05-30,3919.7211,0.21023091380863662,0.20658666636949657
2019-05-31,3913.6616,0.21219975636609292,0.20857300580710597
2019-06-01,,0.21208127472028443,0.21026935955160467
2019-06-02,,0.21198102355309384,0.2111455612509469
2019-06-03,3889.759,0.2129126185598465,0.21188111740159088
2019-06-04,3843.2598,0.20621431455373126,0.2110777975506098
2019-06-05,3842.7727,0.2059845769258133,0.20983476166255385
2019-06-06,3781.7431,0.20217545267114678,0.2078535972527263
2019-06-07,,0.2020786342376605,0.20587311938963965
2019-06-08,,0.20198370285054357,0.20368733624777907
2019-06-09,,0.2018888747534772,0.20282224828772827
2019-06-10,3827.1806,0.20433698802656658,0.20249273050787892
2019-06-11,3955.1761,0.21491647617371498,0.20504093520839256
2019-06-12,3931.0368,0.2140017268946881,0.20742555373979807
2019-06-13,3939.7487,0.21248755189950894,0.20952632354959114
2019-06-14,3886.3414,0.21085750450125945,0.21132004949914762
2019-06-15,,0.2106727848189372,0.21258720885762172
2019-06-16,,0.21056741524325642,0.21171739667153
2019-06-17,3886.4524,0.20957059906172976,0.21083117110493835
2019-06-18,3892.4921,0.21079821539953386,0.21049330380494333
2019-06-19,3947.7002,0.21507261399874952,0.21133632570444133
2019-06-20,4041.811,0.22371527625996612,0.21394482399264714
2019-06-21,4075.8106,0.21826918765664785,0.21548517847532542
2019-06-22,,0.21817265143645617,0.2172055889502707
2019-06-23,,0.21808936847976237,0.21866381956631642
2019-06-24,4079.2811,0.2206374276316065,0.21977678229288777
2019-06-25,4038.1064,0.22054844488203404,0.21914341601730136
2019-06-26,4033.9107,0.21696569941261395,0.21888271836849463
2019-06-27,4072.5847,0.22124318453546127,0.21949682498829565
2019-06-28,4045.6673,0.2234184716096244,0.22056264561426803
2019-06-29,,0.22334549297080428,0.22110425868210762
2019-06-30,,0.22313009485149107,0.221620588675999
2019-07-01,4162.1771,0.22727070988324485,0.2236815907701252
2019-07-02,4161.9301,0.22712792982661145,0.22485853982835521
2019-07-03,4121.1364,0.2240862070133061,0.22499208690909156
2019-07-04,4103.4433,0.22145764768048704,0.2246145178510281
2019-07-05,4123.5121,0.22596731900974257,0.2251819626826784
2019-07-06,,0.22585316229441188,0.22489845316491178
2019-07-07,,0.22571913646862007,0.22461669449331353
2019-07-08,4009.2805,0.23005461156162332,0.22581037540297694
2019-07-09,4011.295,0.23053534464491543,0.22762591479586264
2019-07-10,3995.2698,0.23183835759427882,0.2288001225127699
2019-07-11,3996.882,0.23184794412918333,0.2299990788797242
2019-07-12,4019.3238,0.23244376118646287,0.23134400382329273
2019-07-13,,0.23236707796757256,0.2318064971044826
2019-07-14,,0.23223219396001646,0.2321458669675028
2019-07-15,4048.11,0.2343400346458686,0.23264620237782077
2019-07-16,4042.6903,0.22797130234819157,0.23187087402162243
2019-07-17,4041.7956,0.2289910898717421,0.23118033975867824
2019-07-18,3989.9056,0.22796552407780826,0.2303000289807254
2019-07-19,4023.931,0.23052544421032814,0.22995867903078776
2019-07-20,,0.23045563803241506,0.22918179970809702
2019-07-21,,0.23032600888544522,0.22965274101554778
2019-07-22,3961.1802,0.22648505287591933,0.22915153361638324
2019-07-23,3987.5029,0.2251459820857512,0.2285876252179718
2019-07-24,4025.8004,0.22712398316809282,0.22790733300952476
2019-07-25,4050.1625,0.231131648983669,0.22804253519977552
2019-07-26,4057.1744,0.23015432190505294,0.22800819780369705
2019-07-27,,0.22988855868345978,0.22868889896520517
2019-07-28,,0.22975141770322546,0.22960998608869998
2019-07-29,4054.2599,0.2321368510523818,0.2306125596655578
2019-07-30,4071.6626,0.23295439604570287,0.23097710907796457
2019-07-31,4041.1186,0.2306067528903384,0.23106759527502163
2019-08-01,4014.0584,0.23008042437350265,0.23110596841303024
2019-08-02,3957.1453,0.22961365997817454,0.23107841686802005
2019-08-03,,0.22959274954833894,0.2305695965672115
2019-08-04,,0.2294517231289224,0.2298690619838554
2019-08-05,3896.4643,0.2276441609612175,0.2292765435980312
2019-08-06,3828.9237,0.2283016282239831,0.2289207843681273
2019-08-07,3814.9229,0.22445755832767184,0.22788956403802674
2019-08-08,3854.0913,0.22841166946336075,0.22765334802103113
2019-08-09,3813.7681,0.22231493895619334,0.22622599118648531
2019-08-10,,0.22156663881035532,0.22501048675631288
2019-08-11,,0.22143531833668267,0.22363722477885278
2019-08-12,3880.489,0.2259895255781103,0.2239436182289405
2019-08-13,3853.106,0.22365812577456243,0.2229929094911808
2019-08-14,3872.5672,0.22569867698701573,0.22366965709734526
2019-08-15,3888.6125,0.22387119716213874,0.224130568767702
2019-08-16,3906.4409,0.22803287234684122,0.2254500795697337
2019-08-17,,0.22833533266805908,0.22591924098772345
2019-08-18,,0.22821900692209898,0.2268314172172307
2019-08-19,4007.8211,0.22730092263964422,0.22715186634775644
2019-08-20,4008.1256,0.22842276074970627,0.22806217906527
2019-08-21,4006.0419,0.22792886639808863,0.22804137787551942
2019-08-22,4017.7771,0.231089902476617,0.22859229183723104
2019-08-23,4030.2779,0.23042517824731323,0.22903352610227387
2019-08-24,,0.23024345788406717,0.22962203315115848
2019-08-25,,0.23013173710150056,0.2299638284215173
2019-08-26,3987.0161,0.2296646748470638,0.23031099011131237
2019-08-27,4048.0805,0.23171823917205453,0.23043665745039985
2019-08-28,4036.916,0.2349007797686898,0.23133177775467514
2019-08-29,4029.6473,0.23468464085703528,0.2322200143492688
2019-08-30,4011.1518,0.23573318531203202,0.23334030399137512
2019-08-31,,0.23636502488822694,0.23468037399960773
2019-09-01,,0.2362585530524432,0.23558843677568544
2019-09-02,4083.4267,0.2349092197135624,0.23559012476465999
2019-09-03,4100.597,0.23463044597709687,0.23557928578867227
2019-09-04,4135.7369,0.2316139150485379,0.23475543173597346
2019-09-05,4175.2055,0.23337139739463889,0.23415670623725587
2019-09-06,4194.4153,0.23307151290586542,0.2335192982079403
2019-09-07,,0.23296344863543123,0.23313014399231405
2019-09-08,,0.2328556846274108,0.23277519172237687
2019-09-09,4252.1028,0.23395910497250383,0.23324422970717004
2019-09-10,4245.2848,0.2319945963231927,0.2329688694928808
2019-09-11,4216.7622,0.22588623360954765,0.23153181363361722
2019-09-12,4250.2328,0.22864269169413237,0.23066766224535748
2019-09-13,,0.22852735063999727,0.22980199544787477
2019-09-14,,0.2284121279407528,0.22869260004152459
2019-09-15,,0.2282970237756019,0.22795308553200638
2019-09-16,4249.5564,0.22778151516212308,0.22833214184252149
2019-09-17,4167.5516,0.2262096358966094,0.22784553068301688
2019-09-18,4178.6862,0.2284218094523754,0.22782442244549253
2019-09-19,4208.2491,0.23314025240832437,0.2287700473390068
2019-09-20,4216.9551,0.2321485982670564,0.22954036223729773
2019-09-21,,0.2320818468905407,0.23040042858298126
2019-09-22,,0.23197030591611387,0.23155256258688217
2019-09-23,4175.2021,0.23163178159621764,0.2321945570156506
2019-09-24,4187.813,0.23224404845394514,0.23201531622477475
2019-09-25,4134.7675,0.22734115812835573,0.2310538281970346
2019-09-26,4064.2632,0.2208905856252211,0.22881557594397067
2019-09-27,4085.89,0.22147561443423644,0.22671663764759523
2019-09-28,,0.2213566203781257,0.2246616054039768
2019-09-29,,0.22123774464570256,0.22246034464232833
2019-09-30,4042.0189,0.22341671280114803,0.22167545557688678
2019-10-01,,0.21976790478035685,0.2214509194079139
2019-10-02,,0.21963610969543748,0.22108301846015413
2019-10-03,,0.21952073662106905,0.22071584170874278
2019-10-04,,0.21940548319087924,0.22034938941777815
2019-10-05,,0.21929034959351384,0.2195241167762513
2019-10-06,,0.2191753360178187,0.21940560302374368
2019-10-07,,0.2190604426528392,0.21929046961522397
2019-10-08,4055.2686,0.2230199923726514,0.21999032076554048
2019-10-09,4076.1451,0.2167301858302758,0.2194552612934198
2019-10-10,4120.1031,0.2201970834429141,0.21963660806329982
2019-10-11,4145.5256,0.22050540536228283,0.21990262193219268
2019-10-12,,0.2200537931699385,0.22010129203561252
2019-10-13,,0.21993585067399332,0.2194844636958809
2019-10-14,4198.9976,0.22197068911949436,0.22053256435372465
2019-10-15,4163.9593,0.22311171438511998,0.2211154905421658
2019-10-16,4145.7194,0.22203521662672096,0.2214214527950534
2019-10-17,4144.501,0.2240833188662395,0.2222273579343136
2019-10-18,4088.995,0.2231582689635462,0.22287184159222423
2019-10-19,,0.22279790248892822,0.22303728426611097
2019-10-20,,0.22268154229680173,0.22295124984844733
2019-10-21,4086.3368,0.2259255946408052,0.22372932545126417
2019-10-22,4116.2577,0.22631800733415686,0.22417626314484768
2019-10-23,4089.4879,0.22636678725000178,0.22481796680213875
2019-10-24,4086.6986,0.22431979109378922,0.22512234452311097
2019-10-25,4113.9003,0.22986043310834334,0.22655812268541928
2019-10-26,,0.23106592821267283,0.2275861893997928
2019-10-27,,0.23096413299424096,0.22851541453180962
2019-10-28,4166.1284,0.23300496724962103,0.22984305053173348
2019-10-29,4129.2614,0.23757251839650237,0.2324935959922761
2019-10-30,4097.0504,0.23503531427084862,0.23352857222477716
2019-10-31,4075.0093,0.23059908938364973,0.23343520445897256
2019-11-01,4129.6369,0.23370435944054938,0.23398324974823423
2019-11-02,,0.23358152763048695,0.23409856182440741
2019-11-03,,0.2334660257763971,0.2332772633003864
2019-11-04,4154.4825,0.2399379449892658,0.23425778944406977
2019-11-05,4175.8116,0.24158175937245926,0.2364543234418317
2019-11-06,4148.1374,0.23656385892310502,0.2370262233383428
2019-11-07,4164.023,0.23878631977646042,0.23806718176753755
2019-11-08,4147.4393,0.23896500050411132,0.23916697671308035
2019-11-09,,0.23883249528420386,0.23894588677206796
2019-11-10,,0.2387000871211261,0.23836955232180132
2019-11-11,4061.5692,0.2325904129083878,0.2375748631188579
2019-11-12,4065.7817,0.23107446038748553,0.2360324912410629
2019-11-13,4060.0514,0.23209867330288347,0.23465922580081738
2019-11-14,4076.2321,0.23559277985020985,0.23401128271401855
2019-11-15,4040.1528,0.23093780405458403,0.23245882610071011
2019-11-16,,0.23083314906004807,0.2321073733310422
2019-11-17,,0.23069710298145737,0.23203190184983655
2019-11-18,4069.6072,0.23332003059813536,0.23227617330888695
2019-11-19,4124.1438,0.23847369501817817,0.2328523563424806
2019-11-20,4090.7205,0.23372541189125529,0.23340987790981488
2019-11-21,4078.9226,0.2309557109402186,0.23343439028584897
2019-11-22,4038.0896,0.22056439509379877,0.23140784870831724
2019-11-23,,0.22036355027689003,0.22881655264406814
2019-11-24,,0.22023084671101006,0.22516798298263457
2019-11-25,4047.2928,0.21388978695484387,0.22120085799535225
2019-11-26,4051.5238,0.21715507094522038,0.2184407299963526
2019-11-27,4044.4235,0.217661663237311,0.21786018362505505
2019-11-28,4031.7731,0.21799784293099872,0.21738704215587684
2019-11-29,4013.6018,0.21451984938011726,0.2162448426896982
2019-11-30,,0.21439108810947868,0.2163451029206252
2019-12-01,,0.2648996980770838,0.2258940283469979
2019-12-02,4021.1939,0.2529781082858562,0.23295731735670694
2019-12-03,4039.8296,0.25474897782973993,0.24030754433645515
2019-12-04,4040.1762,0.2560289389458951,0.24860936224961075
2019-12-05,4077.0783,0.2608196321717413,0.2578950710620633
2019-12-06,4103.2352,0.2649289264168295,0.2579009167300124
2019-12-07,,0.26477992772368897,0.26026128061757897
2019-12-08,,0.264641830560514,0.2622398511637337
2019-12-09,4106.3628,0.26342468034628963,0.26371899944381266
2019-12-10,4119.4732,0.2667330706776375,0.26490168714499196
2019-12-11,4114.8383,0.2625784322174487,0.26443158830511576
2019-12-12,4105.7923,0.2636852223241486,0.26421264722520765
2019-12-13,4172.8878,0.26890249384696363,0.2650647798824976
2019-12-14,,0.268773122655236,0.2661344683442869
2019-12-15,,0.2686266559953926,0.2665131854078379
2019-12-16,4216.7192,0.27047597745083996,0.26809269445451617
2019-12-17,4272.3145,0.27056012450072925,0.26946767488983225
2019-12-18,4269.0354,0.27100255940895696,0.26988768800223095
2019-12-19,4273.325,0.26427349188623955,0.26898776184843165
2019-12-20,4247.7251,0.2624797373252159,0.2677583781143963
2019-12-21,,0.2623411264243116,0.2661314079090907
2019-12-22,,0.26220259312961586,0.264459901634868
2019-12-23,4178.105,0.2600913631410377,0.2622776623812841
2019-12-24,4224.9245,0.26069425265731705,0.2615618145354996
2019-12-25,4232.5594,0.26471884414042607,0.26200963589854165
2019-12-26,4267.3004,0.2627864092125982,0.262098692456199
2019-12-27,4249.5146,0.25845139057452254,0.2613484519451803
2019-12-28,,0.25830706843597756,0.2609915930041683
2019-12-29,,0.25816281435168076,0.26048530534304104
2019-12-30,4297.1198,0.2615761974547845,0.25985677600591267
2019-12-31,4316.4899,0.26173420499063244,0.2596463351615196
2020-01-01,,0.26062627339647537,0.2600813117259101
2020-01-02,4384.9895,0.264164611360579,0.26125282031083047
2020-01-03,4389.5669,0.25973767931862757,0.2615677933042198
2020-01-04,,0.25954977066484386,0.2611625079462317
2020-01-05,,0.2594004118965723,0.2606957493274196
2020-01-06,4397.9806,0.25791352385763217,0.260153199419651
2020-01-07,4443.0874,0.26328039862847663,0.2599763568732305
2020-01-08,4388.2569,0.26312945840786794,0.2606547126910786
2020-01-09,4449.6207,0.26754140763785655,0.2622530400856812
2020-01-10,4443.1762,0.2702225937790069,0.264417476462168
2020-01-11,,0.2702138980618459,0.2668775513030108
2020-01-12,,0.27006032318366374,0.2682335362140482
2020-01-13,4492.1389,0.2722379937782192,0.2700552432881185
2020-01-14,4480.3071,0.26867044619260694,0.2702810509990686
2020-01-15,4462.4975,0.2730495843936414,0.27084644912199546
2020-01-16,4449.5164,0.27340516156416067,0.2714847018224584
2020-01-17,4447.6152,0.27377806256878007,0.2722282496994817
2020-01-18,,0.27336308701326495,0.2724532683464908
2020-01-19,,0.2732141758718309,0.2733620142823356
2020-01-20,4492.0516,0.2745657064241705,0.2736652386884414
2020-01-21,4429.4453,0.27124890032885324,0.2732339864413799
2020-01-22,4451.1856,0.27501962633077065,0.2734822991937781
2020-01-23,4305.5828,0.27007976365850744,0.27282563452282654
2020-01-24,,0.2699283265459092,0.2721684646576422
2020-01-25,,0.26977920986640047,0.2712111653460882
2020-01-26,,0.26963015312889405,0.2708874159060964
2020-01-27,,0.2694760638617529,0.2697787034122928
2020-01-28,,0.26932203332737575,0.2696271573460665
2020-01-29,,0.26916806162659146,0.2694751043622029
2020-01-30,,0.26901414886042135,0.2693220921610071
2020-01-31,,0.2687541142411354,0.26914688438345535
2020-02-01,,0.2686014772213699,0.2689719670553788
2020-02-02,,0.268448900784717,0.268797340546847
2020-02-03,3954.3221,0.24020100774200703,0.26300392976993014
2020-02-04,4022.9634,0.25405837071276144,0.26001277414039814
2020-02-05,4098.8193,0.26205073201095375,0.25867209769436184
2020-02-06,4196.2012,0.2773124920270723,0.2604143006555023
2020-02-07,4216.9879,0.27757937852825487,0.2622403962042099
2020-02-08,,0.2774175267046955,0.2696836999967476
2020-02-09,,0.27726060299642896,0.2743241464534811
2020-02-10,4252.5931,0.2748389107787324,0.2768817822070368
2020-02-11,4260.021,0.2789015226281407,0.2771995883272505
2020-02-12,4317.1105,0.28124594857730906,0.2779329023370613
2020-02-13,4285.3349,0.2785917748900894,0.2781677519741401
2020-02-14,4304.3486,0.28046417687377956,0.27880846674961024
2020-02-15,,0.280183731890894,0.27987743097204254
2020-02-16,,0.28002949581117126,0.28010302560864864
2020-02-17,4423.7655,0.2871426197417522,0.2812823598415373
2020-02-18,4449.2731,0.287850234018318,0.283134051667183
2020-02-19,4427.3434,0.2883159586539199,0.2847044080232111
2020-02-20,4518.9507,0.2941292928619943,0.2874935202174311
2020-02-21,4551.1729,0.29594362781568984,0.29067634661833486
2020-02-22,,0.295516961852277,0.2923512150404398
2020-02-23,,0.29536346761284515,0.29385386175934525
2020-02-24,4577.4156,0.30365557988340997,0.29692178600524327
2020-02-25,4580.8139,0.3080936087658207,0.29971464918600854
2020-02-26,4496.1623,0.2953876080025445,0.29960344522337945
2020-02-27,4504.7625,0.2975559328195772,0.3000112394168395
2020-02-28,4304.3983,0.2841882020354355,0.29777618630135755
2020-02-29,,0.28588175374320496,0.29422142107331656
2020-03-01,,0.2857237319152987,0.2897474457032122
2020-03-02,4459.3354,0.2919824297818649,0.28906641005907624
2020-03-03,4499.4858,0.293088119049167,0.2881728473049942
2020-03-04,4522.9642,0.2862456011233292,0.288584327122573
2020-03-05,4609.0846,0.29643187570429885,0.2906943515147917
2020-03-06,4561.4842,0.2931345465900264,0.2921765144497373
2020-03-07,,0.29299561371043203,0.29237915123545066
2020-03-08,,0.2928483780548815,0.29233120303659355
2020-03-09,4398.4414,0.2875210160827993,0.29258628602848763
2020-03-10,4497.8226,0.2962599428034601,0.2925518994483199
2020-03-11,4438.8589,0.2938343523932832,0.2926918606089712
2020-03-12,4355.2386,0.28697032487001006,0.29148680284088685
2020-03-13,4305.995,0.2904511027297879,0.2910073477758681
2020-03-14,,0.29013019357633857,0.29152918327457594
2020-03-15,,0.2899703963282892,0.2902712739795418
2020-03-16,4118.5342,0.2727346736752097,0.2860513382359271
2020-03-17,4106.6356,0.27065281980033357,0.28278783722199174
2020-03-18,4031.7937,0.2694583472398367,0.2785892861240016
2020-03-19,4019.1355,0.27301633330385056,0.275166514069504
2020-03-20,4078.3899,0.2784504005179136,0.2728625149074288
2020-03-21,,0.2776983929771735,0.2738552587678216
2020-03-22,,0.2775446955180949,0.27523363391137384
2020-03-23,3923.1937,0.2554460205106071,0.27243116856552796
2020-03-24,4012.9197,0.2648811456649629,0.27080413103775036
2020-03-25,4115.5739,0.2760597935280442,0.27032600963977654
2020-03-26,4083.9763,0.27385497102265904,0.26955732524887366
2020-03-27,4078.4656,0.26853692505210175,0.267755771155675
2020-03-28,,0.2681070183426408,0.2702879707220817
2020-03-29,,0.26795217512979164,0.2709021766150475
2020-03-30,4013.943,0.2564549087504635,0.2669811996595313
2020-03-31,4023.3092,0.2664143008759176,0.26549306563018304
2020-04-01,4007.7124,0.2652821586904171,0.2648421123578461
2020-04-02,4088.1472,0.2774112980884638,0.26670296830701073
2020-04-03,4064.1495,0.2795475314720901,0.26902203957547044
2020-04-04,,0.2795403197627889,0.27363912177793553
2020-04-05,,0.2793860276532833,0.2762334671334087
2020-04-06,,0.2792317919681353,0.2790233937889523
2020-04-07,4174.4338,0.29401045463098285,0.2823432250974561
2020-04-08,4169.5332,0.2922316889894404,0.2848800566009262
2020-04-09,4195.9737,0.2967754771547062,0.2883270880793096
2020-04-10,4132.2752,0.2909363362927159,0.2906371498071961
2020-04-11,,0.2909052092016361,0.2929718332538963
2020-04-12,,0.2907495564429845,0.29231965361629664
2020-04-13,4104.4088,0.28634304444851033,0.2911419247081106
2020-04-14,4186.677,0.29320224617446844,0.29042727851206307
2020-04-15,4161.302,0.2928893283221242,0.29081787691794475
2020-04-16,4177.8109,0.293760282763941,0.2913888916304057
2020-04-17,4199.8891,0.29708925873337994,0.2926568320884848
2020-04-18,,0.29669396802236203,0.29472701680325514
2020-04-19,,0.2965401870794546,0.29539460498425235
2020-04-20,4233.4574,0.3014271938425436,0.2971021780883363
2020-04-21,4196.262,0.30021652849688263,0.29839342723492457
2020-04-22,4232.2959,0.3065467642146682,0.3002849283311822
2020-04-23,4216.31,0.30538289416670783,0.3020227135600514
2020-04-24,4161.9959,0.2972485234936162,0.30216438084288366
2020-04-25,,0.2955430141188824,0.30098754489815144
2020-04-26,,0.29539414526809177,0.3000230682523933
2020-04-27,4168.8347,0.2948991290533661,0.29769354122013286
2020-04-28,4156.5852,0.2942751113275003,0.29547198465229135
2020-04-29,4163.0848,0.2871739069970889,0.2934570613529859
2020-04-30,4233.8174,0.29003724697332184,0.2923559079238738
2020-05-01,,0.2901133336755124,0.29129974560535793
2020-05-02,,0.2899610062092069,0.29031212103652604
2020-05-03,,0.28980873786323386,0.28941884634367276
2020-05-04,,0.28965652873082953,0.2899153706904209
2020-05-05,,0.2895043789053898,0.2898087970768345
2020-05-06,4285.6301,0.2978317627059291,0.2913524828829178
2020-05-07,4276.2207,0.3016847785141682,0.29369723734391007
2020-05-08,4323.1817,0.3040291811217508,0.29654132599561345
2020-05-09,,0.3038938590826766,0.2993887920659829
2020-05-10,,0.30374417028332784,0.3022367503415705
2020-05-11,4316.5768,0.3003130587518794,0.30273300955076055
2020-05-12,4321.0615,0.30587775728430494,0.30357160530478794
2020-05-13,4338.5411,0.30919070523468906,0.30460391012737553
2020-05-14,4296.6761,0.3067268783906014,0.30517051398896056
2020-05-15,4300.3591,0.30520446271643664,0.3054625724755823
2020-05-16,,0.3050842430643042,0.30641680933806725
2020-05-17,,0.3049368929232428,0.3062286364658548
2020-05-18,4295.1484,0.30711555258938267,0.3058136059367935
2020-05-19,4341.4973,0.30878531925127845,0.3062252941089289
2020-05-20,4309.8904,0.30320960837702576,0.3058263232410468
2020-05-21,4273.6762,0.3033647276554595,0.30548242015927785
2020-05-22,4187.0032,0.29592354985168806,0.3036797515449669
2020-05-23,,0.29578166005553896,0.30141297303819814
2020-05-24,,0.2956398386011004,0.29878387690816255
2020-05-25,4187.4042,0.29719046359094753,0.2975800479509469
2020-05-26,4257.9915,0.3061571224721448,0.29813852691428394
2020-05-27,4230.2277,0.30006509169126666,0.29896683528219964
2020-05-28,4232.3559,0.29484682490117725,0.2987798682513273
2020-05-29,4258.3735,0.3036697683967221,0.3003858542104517
2020-05-30,,0.30346412866920164,0.3016405872261025
2020-05-31,,0.30331713530015264,0.30107258979170404
2020-06-01,4377.993,0.31213098521738364,0.30348576849692743
2020-06-02,4389.8386,0.3105894897055607,0.3066343014578042
2020-06-03,4391.0015,0.30992573526753536,0.3078854948319668
2020-06-04,4394.7864,0.3125505192456896,0.30970277294726445
2020-06-05,4408.0713,0.3129524028656084,0.31162982646035553
2020-06-06,,0.31281705884818334,0.3117670411865155
2020-06-07,,0.31267165686702103,0.3121834746188076
2020-06-08,4414.0362,0.31170728570083406,0.3125397847054673
2020-06-09,4441.59,0.3127258969034577,0.3125748602370209
2020-06-10,4440.6002,0.3153902521861403,0.3130624301011273
2020-06-11,4412.97,0.31533337286681495,0.3135656929048536
2020-06-12,4418.9719,0.3137523994356629,0.31378184141858195
2020-06-13,,0.31358850312459835,0.31415808490333486
2020-06-14,,0.3134450104048482,0.31430190760361293
2020-06-15,4389.4518,0.31649412910425995,0.31452268298723685
2020-06-16,4462.9749,0.3167252704840017,0.31480106251067425
2020-06-17,4474.6989,0.3177544656117161,0.3156014757458848
2020-06-18,4486.449,0.31823486384990385,0.31653074789094593
2020-06-19,4534.6497,0.32119458978588705,0.3180806637671537
2020-06-20,,0.3211000036616995,0.3190018386786416
2020-06-21,,0.32094217420331606,0.3198452194225045
2020-06-22,4544.247,0.32327029850151556,0.3209483860004644
2020-06-23,4560.7435,0.324333239694644,0.32216806116941243
2020-06-24,4571.5691,0.3243667157029361,0.32280248635282227
2020-06-25,,0.3238643592598403,0.3233553574724504
2020-06-26,,0.3236969792964114,0.32390631849106943
2020-06-27,,0.3235485261329831,0.323961964017363
2020-06-28,,0.3230321477376138,0.32370174562595694
2020-06-29,4546.03,0.32717046640565345,0.32426249576650046
2020-06-30,4616.4142,0.3284975272184463,0.3251891293582216
2020-07-01,4671.1755,0.32720847716113743,0.32589142893116685
2020-07-02,4749.6336,0.3209318646396549,0.32536809663250116
2020-07-03,4823.542,0.3165406368961155,0.32406979446420153
2020-07-04,,0.3163947059981964,0.32191464238271006
2020-07-05,,0.3162450123413701,0.3194641394072949
2020-07-06,5059.9656,0.3140202756843146,0.3168264991119303
2020-07-07,5111.1721,0.3168634493877568,0.3160128160615507
2020-07-08,5209.1669,0.3157678411863918,0.3158582569196059
2020-07-09,5314.5234,0.314377063920436,0.31545472850405387
2020-07-10,5258.9194,0.31525336545281685,0.3152563991263432
2020-07-11,,0.315055532453382,0.31546345048015667
2020-07-12,,0.3149056816320348,0.31507189692901233
2020-07-13,5403.8701,0.3127202006959846,0.3144623688309308
2020-07-14,5354.0397,0.31276567010382333,0.31414009006760835
2020-07-15,5253.2982,0.32122529643309133,0.31533447626366323
2020-07-16,4999.0198,0.3171227039424793,0.31574791056148266
2020-07-17,5021.9683,0.3216393248775213,0.31709463921057995
2020-07-18,,0.32095403131780276,0.3187414053349436
2020-07-19,,0.3208019566966816,0.32034866265351525
2020-07-20,5174.875,0.32260768857190997,0.320625141081279
2020-07-21,5195.8538,0.323151440846746,0.3218308884621323
2020-07-22,5226.8161,0.3242502538256161,0.32235307425175125
2020-07-23,5223.6138,0.3284256605731307,0.3238474001028169
2020-07-24,4985.5651,0.32395136986462353,0.32447728273640525
2020-07-25,,0.32342836900244437,0.32464141882251213
2020-07-26,,0.3232752381701391,0.3246661782871908
2020-07-27,4998.3768,0.3258060667528408,0.3249773408726357
2020-07-28,5048.8115,0.3265485557622304,0.3246019199104556
2020-07-29,5179.5662,0.33081743542480113,0.3259751330224912
2020-07-30,5162.4152,0.3333898242992104,0.3279674240818443
2020-07-31,5219.4998,0.3327786642920459,0.32986810930622573
2020-08-01,,0.3326785754595477,0.3312426110475671
2020-08-02,,0.3325227561634918,0.33243745112781936
2020-08-03,5337.0081,0.3291065828935073,0.3320952806215606
2020-08-04,5320.8232,0.3262978972676584,0.33067689521525023
2020-08-05,5351.9972,0.33084297480439245,0.33028975731771953
2020-08-06,5343.7968,0.3335597426983231,0.3304659907654746
2020-08-07,5278.3023,0.3362472513089398,0.3312108897945642
2020-08-08,,0.33605157083457443,0.3325998873827777
2020-08-09,,0.33589159584444983,0.3345186270981359
2020-08-10,5299.0336,0.32847036918179084,0.33404410597361556
2020-08-11,5224.7421,0.32981317559123724,0.3332947925521984
2020-08-12,5177.0818,0.32080051931189496,0.33020544615278946
2020-08-13,5180.2045,0.3199138523825027,0.3269779024623751
2020-08-14,5243.2632,0.32014059736988926,0.323827702767463
2020-08-15,,0.3197000666208326,0.32207364225527135
2020-08-16,,0.3195445097747999,0.32001990909198386
2020-08-17,5353.1013,0.31845589379659656,0.31955098398892423
2020-08-18,5371.5149,0.3186824532838897,0.3193047041692016
2020-08-19,5280.0945,0.313799167881655,0.31803641827155477
2020-08-20,5214.9036,0.3131447269518198,0.3167253503377522
2020-08-21,5255.5502,0.31255175724135426,0.31532679983106304
2020-08-22,,0.31001276127657285,0.31363817332705834
2020-08-23,,0.30982777309401843,0.3118672372890841
2020-08-24,5294.9692,0.3141305787644715,0.31193351946564735
2020-08-25,5286.7249,0.31611387385603223,0.31252734884648986
2020-08-26,5198.0166,0.3144322483801583,0.31290344707425066
2020-08-27,5241.9457,0.314047550806049,0.3137104049801459
2020-08-28,5337.4098,0.3164639910554174,0.31503764857242567
2020-08-29,,0.313603760693844,0.31493228495830017
2020-08-30,,0.31345194814308,0.31439989981570976
2020-08-31,5322.2441,0.3093106895154328,0.3133755880427646
2020-09-01,5350.9937,0.31130909973866683,0.3128278978292882
2020-09-02,5358.3642,0.313115287675418,0.3121581571532883
2020-09-03,5319.7411,0.3126048198489733,0.31195836898431417
2020-09-04,5288.369,0.31154853528482096,0.31157768641266237
2020-09-05,,0.3112808062263988,0.3119717097548556
2020-09-06,,0.3111282220403096,0.3119355342151841
2020-09-07,5183.653,0.30502248857703135,0.3103169743955068
2020-09-08,5214.3174,0.2988468649348802,0.3075653834126882
2020-09-09,5077.2414,0.29141928392100025,0.3035395331399241
2020-09-10,5001.1807,0.29529414719951436,0.30034220133454714
2020-09-11,5063.8504,0.2995761831629146,0.29803179355906817
2020-09-12,,0.2994360826471004,0.296914512373082
2020-09-13,,0.29928568182874554,0.297002275751855
2020-09-14,5110.9004,0.30065954736210176,0.2988503284400753
2020-09-15,5145.0168,0.30322280149980485,0.30043605930013345
2020-09-16,5110.626,0.29881452711416834,0.30028372809038417
2020-09-17,5104.6871,0.2979052455993257,0.29997756068082926
2020-09-18,5197.8772,0.2963800337638634,0.29939643106785285
2020-09-19,,0.29612664236494174,0.2984898500684208
2020-09-20,,0.29597870704316315,0.29704103117709246
2020-09-21,5166.6535,0.2956601998390447,0.29641016572206774
2020-09-22,5101.5924,0.2994588839935551,0.2967208934009136
2020-09-23,5126.8357,0.30352655880947255,0.2981501984100354
2020-09-24,5012.7212,0.3043581208681864,0.2997964941106844
2020-09-25,5004.3453,0.30421235345303094,0.30144322339265794
2020-09-26,,0.30406075834006097,0.3031233350928612
2020-09-27,,0.303914841281093,0.30401452655036876
2020-09-28,4979.8144,0.30125929600451734,0.30356107398937776
2020-09-29,5010.2148,0.30463402465520956,0.30361625474678233
2020-09-30,5004.5431,0.31015024413598336,0.3048038328833728
2020-10-01,,0.31000331983501017,0.3059923451823627
2020-10-02,,0.30985644478191415,0.3071806658825269
2020-10-03,,0.3097096190467604,0.3088707304909755
2020-10-04,,0.30956284269972356,0.30985649409987837
2020-10-05,,0.30941611581108763,0.30970966843489917
2020-10-06,,0.3092694384512463,0.3095628921581464
2020-10-07,,0.3091228106907032,0.30941616533990424
2020-10-08,,0.3089762326000718,0.30926948805056653
2020-10-09,5129.1035,0.3112031631317245,0.30959755213696666
2020-10-10,,0.3109339264077723,0.3099011142563036
2020-10-11,,0.31078481857902573,0.31020419028185947
2020-10-12,5285.5192,0.31223485320400207,0.31082659878451924
2020-10-13,5303.6057,0.31590385319566516,0.312212122903638
2020-10-14,5268.7216,0.3163303190093583,0.3132375540791647
2020-10-15,5242.1311,0.31293520576750206,0.3136378099511107
2020-10-16,5232.3367,0.30749001718357716,0.31297884967202094
2020-10-17,,0.307433214893891,0.31201852200999874
2020-10-18,,0.3072847311527821,0.31029469760142214
2020-10-19,5193.9962,0.30546792473030454,0.3081222187456114
2020-10-20,5240.549,0.307637604568035,0.307062698505718
2020-10-21,5204.0827,0.30547942260382016,0.30666057958976656
2020-10-22,5183.5348,0.30607674693529136,0.30638928599804666
2020-10-23,5107.4309,0.29881666294824927,0.30469567235714007
2020-10-24,,0.2985486329716142,0.303311814005402
2020-10-25,,0.2984024631308058,0.30146478571795615
2020-10-26,5099.4663,0.29894583273596675,0.30015806774438547
2020-10-27,5111.8936,0.30120711330350186,0.29918414101802754
2020-10-28,5137.7162,0.3031716021887958,0.3000551288661369
2020-10-29,5155.7816,0.30839742641046203,0.30202488755390644
2020-10-30,5057.2464,0.3068677553670739,0.30371794600116003
2020-10-31,,0.30431089815668033,0.3047909590853028
2020-11-01,,0.30417176818014446,0.30538389006063127
2020-11-02,5080.8997,0.30910085068088294,0.3065697397590487
2020-11-03,5157.4755,0.307159136649995,0.3063220818069553
2020-11-04,5173.3693,0.3095554701052496,0.30685962475459044
2020-11-05,5256.331,0.31088464360695556,0.3081743738446455
2020-11-06,5231.4378,0.30665869636967824,0.30867175948255227
2020-11-07,,0.306498632720275,0.30815131589043065
2020-11-08,,0.3063530494664903,0.3079900984537297
2020-11-09,5342.4545,0.30640752067539323,0.3073605085677585
2020-11-10,5300.6466,0.30143197854343134,0.3054699755550536
2020-11-11,5233.0593,0.2926342041154979,0.30266507710421753
2020-11-12,5242.2003,0.2984131833767872,0.30104798723551995
2020-11-13,5213.7678,0.30111415540553316,0.30000020842332853
2020-11-14,,0.3009604787529434,0.29891080003883863
2020-11-15,,0.30081279157372537,0.29878696264489746
2020-11-16,5264.1793,0.29454494908345796,0.2991691116384894
2020-11-17,5236.4137,0.2920070382956679,0.29788788262226557
2020-11-18,5235.9915,0.28853123272360887,0.2953712980858807
2020-11-19,5267.6443,0.28987648395818344,0.2931544991269287
2020-11-20,5294.0497,0.29412956747393243,0.2918178543069701
2020-11-21,,0.2939889126513568,0.2917066470205499
2020-11-22,,0.2938367974977601,0.2920725988609683
2020-11-23,5340.6596,0.2932744908381921,0.293021250483885
2020-11-24,5323.9734,0.29209624698693176,0.29346520308963464
2020-11-25,5245.5623,0.29140141283491733,0.2929195721618316
2020-11-26,5240.374,0.2844302734671181,0.29100784432498383
2020-11-27,5276.1683,0.2875056284407213,0.2897416105135761
2020-11-28,,0.28734287435745226,0.2885552872174281
2020-11-29,,0.28719191318646514,0.28757442045733483
2020-11-30,5258.6579,0.2862670085568098,0.2865475396017133
2020-12-01,5354.3265,0.29097287379535924,0.28785605966736155
2020-12-02,5360.578,0.28844070798417154,0.2880430755760516
2020-12-03,5353.0641,0.28992047093209555,0.28855859489098024
2020-12-04,5367.2557,0.2924832715922218,0.2896168665721316
2020-12-05,,0.29229628832837723,0.2908227225264451
2020-12-06,,0.2921439131790291,0.29105693040317904
2020-12-07,5337.2693,0.2955398765833246,0.29247676412300966
2020-12-08,5331.2758,0.2973284125794688,0.2939583524524843
2020-12-09,5249.2885,0.2945706170937462,0.2943758215527892
2020-12-10,5252.7626,0.29684753210762294,0.2952860703086383
2020-12-11,5190.5175,0.2974207205003906,0.2963414317729106
2020-12-12,,0.29728743971672716,0.29669094439959115
2020-12-13,,0.2971434662957822,0.29665395514285386
2020-12-14,5239.0874,0.303553823797031,0.2984505964835108
2020-12-15,5247.8144,0.3079725280225077,0.3006755956664877
2020-12-16,5235.6936,0.3100287437145445,0.3031972003093185
2020-12-17,5294.4876,0.3093581136267131,0.3056113350913157
2020-12-18,5277.1246,0.308897327653105,0.30796210736278024
2020-12-19,,0.30875145465922677,0.3090016335352194
2020-12-20,,0.30860791446570385,0.3091287108238586
2020-12-21,5345.4976,0.31948670899272813,0.31102030387949536
2020-12-22,5247.9682,0.320337972434599,0.3132162756410725
2020-12-23,5290.8974,0.32884830885852673,0.3172064718821569
2020-12-24,5245.9676,0.3298410279658226,0.3214243865434761
2020-12-25,5293.6063,0.33056633203397473,0.32581607005713026
2020-12-26,,0.3304213446220947,0.3280029971830035
2020-12-27,,0.330273370312706,0.32999007675862496
2020-12-28,5290.3145,0.3326879774403722,0.33075801047499404
2020-12-29,5261.4393,0.3225186985848328,0.32929354459879606
2020-12-30,5327.992,0.3307695743704074,0.3293341930660826
2020-12-31,5422.197,0.33464234306446866,0.3301783927545574
2021-01-01,,0.3344883197001386,0.33102138263204395
2021-01-02,,0.33433906596884383,0.33135160033773825
2021-01-03,,0.33418986047742816,0.33368583271625735
2021-01-04,5507.7356,0.33355875956253256,0.33424366975468234
2021-01-05,5570.0403,0.34024341265234687,0.335363883672258
2021-01-06,5579.6957,0.3380287068077296,0.3360719610937762
2021-01-07,5603.5645,0.3486476314791966,0.33893367419584675
2021-01-08,5589.1941,0.34344116435612543,0.3407839349715862
2021-01-09,,0.34329982485759153,0.342732148030598
2021-01-10,,0.34313328670620435,0.34331012284136947
2021-01-11,5514.9567,0.3420193927225739,0.34410826002433836
2021-01-12,5631.7194,0.34590585173997274,0.3435599040764936
2021-01-13,5591.8012,0.3417645294040367,0.34322457708607584
2021-01-14,5524.1729,0.3355994897516502,0.34168451006488754
2021-01-15,5532.0281,0.3345832240558608,0.33997449753481884
2021-01-16,,0.33445113848254765,0.33846084668681364
2021-01-17,,0.334220321440594,0.33612374062693784
2021-01-18,5605.949,0.33198137993561116,0.3341671107332528
2021-01-19,5549.6407,0.3246080693451919,0.3319688266519611
2021-01-20,5597.9016,0.33149837735304377,0.3313518573113977
2021-01-21,5673.0545,0.3353931333809692,0.33154025629108197
2021-01-22,5673.5702,0.3448026040393646,0.33365671281083614
2021-01-23,,0.34485724195960127,0.33623188521563413
2021-01-24,,0.34472117689394327,0.34025450672538443
2021-01-25,5688.9786,0.3508091347899963,0.34411665821277493
2021-01-26,5584.9245,0.3464262835379498,0.346323288244171
2021-01-27,5597.8054,0.3441235050773675,0.3461874684517716
2021-01-28,5463.7646,0.33871315537662183,0.34495865113517576
2021-01-29,5416.5439,0.34065125586173745,0.3441446669287346
2021-01-30,,0.3409110035919456,0.34216504068912446
2021-01-31,,0.3407520237786843,0.34103018873727137
2021-02-01,5466.9364,0.3478901355327828,0.3417835148283544
2021-02-02,5534.14,0.3569452342705963,0.3454299306071493
2021-02-03,5499.0933,0.3563987211868857,0.3485794236721789
2021-02-04,5456.0156,0.35478838383654554,0.35135489972109896
2021-02-05,5426.5029,0.35210512668185334,0.3536255203017327
2021-02-06,,0.3518868274187704,0.35442485867893025
2021-02-07,,0.3516817459967499,0.35337216102416097
2021-02-08,5494.1139,0.3577187168828668,0.3536361601633572
2021-02-09,5612.629,0.3639590270101434,0.3554702887980768
2021-02-10,5701.1918,0.36704519199172375,0.3584583018600509
2021-02-11,,0.3668120132517701,0.3614433390266508
2021-02-12,,0.3666453599434376,0.36443606181598837
2021-02-13,,0.36647873880123655,0.36618806619966227
2021-02-14,,0.3663121498690604,0.3666586907714457
2021-02-15,,0.3661455931908738,0.3664787710112757
2021-02-16,,0.365979068810713,0.36631218212306427
2021-02-17,,0.365812576772686,0.36614562548891394
2021-02-18,5713.7281,0.3567998019524073,0.3642098381191481
2021-02-19,5756.8633,0.3498650575404222,0.3609204196534205
2021-02-20,,0.3498452486315745,0.3576603507415606
2021-02-21,,0.3497065462563782,0.35440584623069366
2021-02-22,5649.6412,0.33945356635820456,0.34913404414779736
2021-02-23,5628.5608,0.33757040599904065,0.34528816495712406
2021-02-24,5519.9915,0.33115969863956046,0.34154709317695164
2021-02-25,5522.8174,0.3277889382872701,0.33713583110809076
2021-02-26,5416.1648,0.3207427107332489,0.3313430640034649
2021-02-27,,0.3197193218518953,0.32739621510220307
2021-02-28,,0.3195826321629634,0.3237986603349876
2021-03-01,5517.443,0.3267070767429455,0.32290813595566464
2021-03-02,5462.387,0.3247106707752203,0.3222924824532547
2021-03-03,5553.2347,0.3225535250957284,0.32265464532575056
2021-03-04,5412.2819,0.3073872480135151,0.32018823055807455
2021-03-05,5409.3377,0.3014266066064738,0.31655702544677655
2021-03-06,,0.3024938147281102,0.31171437304380956
2021-03-07,,0.3023262980420761,0.30723749849718074
2021-03-08,5256.2448,0.287572361339709,0.30024126574597687
2021-03-09,5131.6959,0.28336865741977363,0.2954375476272285
2021-03-10,5136.8684,0.2910717552048879,0.2933665773469114
2021-03-11,5261.8458,0.29856317119268627,0.2925804486398266
2021-03-12,5278.1342,0.29501295558343377,0.2911177801480981
2021-03-13,,0.29476932611769147,0.2925571731036946
2021-03-14,,0.2946147166456351,0.2948063849488669
2021-03-15,5194.4851,0.2847139531752065,0.2935348245429306
2021-03-16,5240.1459,0.2809659555435015,0.2900153814130937
2021-03-17,5266.8045,0.28751653206124067,0.288516096708655
2021-03-18,5301.0726,0.29047548546372787,0.2876573285778623
2021-03-19,5204.7114,0.2850694277136337,0.28574827079146203
2021-03-20,,0.2846197536160629,0.2857294308796333
2021-03-21,,0.28447805911662644,0.28643185159425827
2021-03-22,5268.7066,0.28022415120436794,0.2849733754228838
2021-03-23,5213.3897,0.27643996221896844,0.2821662707739319
2021-03-24,5138.5913,0.27180360933046355,0.2795131070972979
2021-03-25,5135.4995,0.27109060077079966,0.27680727652824516
2021-03-26,5237.8091,0.27654822972362303,0.27522131064964456
2021-03-27,,0.2766122845204702,0.27449893731286495
2021-03-28,,0.2764785189304926,0.2745066486551698
2021-03-29,5247.9828,0.2769179343656603,0.2755295136622092
2021-03-30,5275.1444,0.281965081428531,0.27770440979375544
2021-03-31,5246.2335,0.2754185419935924,0.27747847224774935
2021-04-01,5297.5769,0.27993575507651247,0.27814316635895775
2021-04-02,5336.3626,0.2883540907122371,0.28051828071530666
2021-04-03,,0.28822337317994545,0.2827793684781637
2021-04-04,,0.288090545582838,0.28400446130902507
2021-04-05,,0.2879435624570578,0.2865094654017182
2021-04-06,5340.192,0.2855035908645934,0.28762303255933436
2021-04-07,5325.1382,0.2806968229035507,0.2860915789975971
2021-04-08,5324.3354,0.28431193437366736,0.2853092912363414
2021-04-09,5276.0879,0.281295345663637,0.2839502512525013
2021-04-10,,0.28074666976027396,0.28251087271314446
2021-04-11,,0.28061391126547014,0.2815329367933198
2021-04-12,5189.337,0.2739674950008886,0.2801870712127874
2021-04-13,5174.529,0.2760153539887693,0.2785277551358078
2021-04-14,5228.8897,0.2786828388748626,0.2780052537780529
2021-04-15,5203.6271,0.27647232018929657,0.2771503838638575
2021-04-16,5240.8663,0.2725360208563843,0.27553480578204026
2021-04-17,,0.2696403417042756,0.2746693751227177
2021-04-18,,0.2694931633364274,0.2733649369922493
2021-04-19,5351.2677,0.27749565931657616,0.27312750108059203
2021-04-20,5343.3858,0.2789943113713019,0.27363189931699305
2021-04-21,5349.1223,0.2808532168099712,0.27529533850771043
2021-04-22,5356.6281,0.281859149911289,0.2777391001491131
2021-04-23,5380.145,0.2904203762014781,0.2819245427221233
2021-04-24,,0.28972827348641583,0.2843710655560912
2021-04-25,,0.289446307111053,0.28646146470404144
2021-04-26,5335.1209,0.2868016148994045,0.28765114432192807
2021-04-27,5334.8531,0.28987493487103827,0.2892543013138779
2021-04-28,5366.2093,0.2889790128523221,0.28896602864404675
2021-04-29,5387.5869,0.28712879717633827,0.28844613338203123
2021-04-30,5362.4199,0.28730134953214165,0.28801714186624894
2021-05-01,,0.286958312444512,0.28804848137527045
2021-05-02,,0.28680489451496305,0.28743447330405536
2021-05-03,,0.2866515324876738,0.2869689772311258
2021-05-04,,0.2864982264524174,0.28684286308634155
2021-05-05,,0.2863449764991264,0.28665158847973854
2021-05-06,5330.0832,0.28168708201615006,0.28559734239406614
2021-05-07,5265.9469,0.2733897096923459,0.2829143054295427
2021-05-08,,0.2732344782305892,0.2802308945781258
2021-05-09,,0.27307264950676896,0.2775457791889961
2021-05-10,5276.644,0.2811935898607623,0.2765155018613233
2021-05-11,5295.4885,0.27691495749679657,0.2755610769574526
2021-05-12,5334.7837,0.2778914566168948,0.27646142634236237
2021-05-13,5285.7191,0.26753528778784885,0.2753215882538143
2021-05-14,5383.4412,0.26792899257320774,0.27429285686710203
2021-05-15,,0.26777336111487277,0.2716088111179241
2021-05-16,,0.26762043900086974,0.2697499074187388
2021-05-17,5432.5626,0.2794864917662647,0.27006891444861275
2021-05-18,5443.7299,0.2782743695696261,0.2722167308049682
2021-05-19,5436.0359,0.281670726933544,0.2749650776770355
2021-05-20,5438.624,0.2808365138163355,0.27757770821732797
2021-05-21,5409.7582,0.28012281973850994,0.28007818436485604
2021-05-22,,0.27998456548113504,0.28017779910783014
2021-05-23,,0.27983352810244466,0.2804896308143938
2021-05-24,5437.0256,0.28087975145950095,0.2803314357195852
2021-05-25,5555.6546,0.2814865664468448,0.2804614462456871
2021-05-26,5562.346,0.28242210758501907,0.2809213038149889
2021-05-27,5598.4827,0.28375963220571176,0.28167631715990427
2021-05-28,5588.0635,0.28695028726736876,0.2830996689928891
2021-05-29,,0.2868002884033505,0.28428377638165897
2021-05-30,,0.28666274477866255,0.2853190120480225
2021-05-31,5637.7844,0.28963762355335204,0.28676211524168915
2021-06-01,5656.5774,0.2908653122262073,0.28818325124578825
2021-06-02,5601.3879,0.2898445709577801,0.2887621079838705
2021-06-03,5577.1465,0.2882532542675873,0.2890527011567179
2021-06-04,5606.7929,0.2908280755567425,0.2898857673123339
2021-06-05,,0.2906695723438912,0.29009215707044167
2021-06-06,,0.2905116755620133,0.29002142973760286
2021-06-07,5620.4087,0.28942303271636727,0.28993712208932026
2021-06-08,5582.6261,0.28452942561334826,0.2891923563584725
2021-06-09,5593.0621,0.2849196386286118,0.28801066897284633
2021-06-10,5642.0592,0.2909765304423878,0.2880720605925457
2021-06-11,5610.9939,0.29294792738789555,0.28855931095772214
2021-06-12,,0.2927809975447297,0.2892309039233946
2021-06-13,,0.29262294775226777,0.2908496083511785
2021-06-14,,0.29246494383955335,0.29235866939336685
2021-06-15,5557.4962,0.2934261496750566,0.2928485932399006
2021-06-16,5459.409,0.2810379403377984,0.29046659582988116
2021-06-17,5508.3908,0.28990008886791124,0.28989041409451743
2021-06-18,5540.5559,0.3000760575775009,0.2913810360595641
2021-06-19,,0.2999184084444095,0.29287172898053526
2021-06-20,,0.2997639293910747,0.2941392849237389
2021-06-21,5565.1353,0.30355550336106407,0.2986427975283921
2021-06-22,5599.1909,0.30314632626813626,0.3012920450084371
2021-06-23,5636.2213,0.3067662129255477,0.30263007607804643
2021-06-24,5621.9883,0.30440056643537733,0.30352650767624
2021-06-25,5688.208,0.30932361771584344,0.30543844534119374
2021-06-26,,0.3086574519352846,0.3064588350560379
2021-06-27,,0.30850089392780705,0.30752974858797205
2021-06-28,5715.0114,0.31203559991582125,0.30858362598602673
2021-06-29,5667.6022,0.31329417586074254,0.3103623478710998
2021-06-30,5717.827,0.31378387732415136,0.31125439979276137
2021-07-01,5685.6335,0.3144172394892647,0.31240635730355737
2021-07-02,5577.0396,0.3122549164176231,0.3131571618015206
2021-07-03,,0.31169541794097105,0.31308912540655054
2021-07-04,,0.31154698206715226,0.31273968664783247
2021-07-05,5612.0879,0.31775066701309396,0.313533044585621
2021-07-06,5603.7737,0.3119033618596486,0.31303026905969783
2021-07-07,5679.625,0.32344835499689983,0.3152689567755531
2021-07-08,5651.9085,0.32791548523885694,0.3185129702351303
2021-07-09,5657.301,0.3307091487935275,0.3223454035804053
2021-07-10,,0.33058989368674524,0.3249132489151356
2021-07-11,,0.33043921098845935,0.32862041874089776
2021-07-12,5744.4727,0.3332299558297555,0.3305767389074689
2021-07-13,5768.0512,0.32918884953785843,0.3308314117672692
2021-07-14,5705.0208,0.3272603816543489,0.33014165833943354
2021-07-15,5752.1658,0.3280952591138824,0.3296427314248609
2021-07-16,5704.7796,0.3265631905954936,0.3288675273462678
2021-07-17,,0.32647571895305977,0.3275166799709286
2021-07-18,,0.3263225231993685,0.3269434147032306
2021-07-19,5701.6128,0.33075147446112807,0.32764163326458645
2021-07-20,5710.4032,0.33467442327886865,0.3289574660975837
2021-07-21,5783.9364,0.3403013778091955,0.3317051035403241
2021-07-22,5808.0482,0.33707160299667727,0.33382428034904754
2021-07-23,5745.5307,0.34145262411611266,0.33685030053239645
2021-07-24,,0.34153542177382606,0.339007089994936
2021-07-25,,0.34138417053483117,0.34034903944612854
2021-07-26,5616.2444,0.34097149002272453,0.3404830618888343
2021-07-27,5446.1434,0.3383415219259959,0.3407370456746981
2021-07-28,5408.9731,0.3338936249939942,0.33922524585027436
2021-07-29,5548.2735,0.3438126323222237,0.3396806879599539
2021-07-30,5540.7776,0.34472191737310826,0.3403482373276093
2021-07-31,,0.34407951096128353,0.3409698415153211
2021-08-01,,0.3439226366543901,0.34208606446099993
2021-08-02,5657.0816,0.34010465970198506,0.34332827140259814
2021-08-03,5622.1199,0.3389901227628932,0.34236376949073205
2021-08-04,5708.4079,0.34449295701139593,0.34231797741838954
2021-08-05,5679.9469,0.34693811374662387,0.3428896979754576
2021-08-06,5670.4289,0.3465511386019303,0.3434153983649657
2021-08-07,,0.34645940665589303,0.34468634775574725
2021-08-08,,0.3462993661900569,0.34614819644118
2021-08-09,5712.0921,0.3409903212475466,0.34544766928841014
2021-08-10,5772.2138,0.34053132922391227,0.3441663123838678
2021-08-11,5777.4071,0.3392811170335464,0.3427123080701911
2021-08-12,5762.693,0.34016848235637226,0.3414541232102869
2021-08-13,5743.6873,0.3387288917400857,0.33994002832029263
2021-08-14,,0.33832221840195953,0.33940640775117525
2021-08-15,,0.3381568059761302,0.3389315031016188
2021-08-16,5720.3354,0.3342929235895148,0.33793386441281253
2021-08-17,5589.5794,0.33234903907881036,0.3363699757573001
2021-08-18,5646.6195,0.3285077755633003,0.334325752521943
2021-08-19,5641.2177,0.33341760546156074,0.3333448299338633
2021-08-20,5580.1617,0.3354489326214722,0.3328032552629317
2021-08-21,,0.3357816661437526,0.33310100377377927
2021-08-22,,0.33561935493186945,0.33375506694439105
2021-08-23,5687.4869,0.3387201877501193,0.3357975493817549
2021-08-24,5742.2448,0.3377458954994645,0.33666320738933564
2021-08-25,5773.1105,0.3354863977773165,0.33667070042050445
2021-08-26,5693.0904,0.33727264502945165,0.33696889619764425
2021-08-27,5716.5446,0.3384602553107078,0.33753707627341195
2021-08-28,,0.3385309369269216,0.33749922610877237
2021-08-29,,0.33856453562590927,0.33766295413406133
2021-08-30,5724.4721,0.3412057867006784,0.33880683191873373
2021-08-31,5719.3781,0.3396832850081854,0.3392889599144805
2021-09-01,5716.2587,0.3273017671338725,0.3370572622791134
2021-09-02,5754.858,0.3267851877520002,0.3347081124441291
2021-09-03,5722.9864,0.31820139318685636,0.33063548395631853
2021-09-04,,0.3179944394700796,0.3259932145101988
2021-09-05,,0.31782322512129674,0.32162120253282106
2021-09-06,5811.4242,0.31887346942679334,0.31993554299140525
2021-09-07,5893.545,0.32076143768986454,0.3187307929789781
2021-09-08,5891.8479,0.31561424910032565,0.318213364161672
2021-09-09,5901.0128,0.32000656487975376,0.31861578924360684
2021-09-10,5927.8089,0.31994544158372085,0.3190402325360916
2021-09-11,,0.319615201554379,0.3191885789616088
2021-09-12,,0.3194485529990582,0.3189260020234475
2021-09-13,5926.7779,0.3167073646574137,0.31914462513486513
2021-09-14,5867.8439,0.3211408714133388,0.3193714864415821
2021-09-15,5858.7769,0.32365696877170236,0.32011379187917843
2021-09-16,5751.9049,0.3222084042297468,0.320632432414252
2021-09-17,5772.7995,0.31863854971531574,0.32047043175750345
2021-09-18,,0.31857085754289044,0.3208431303345988
2021-09-19,,0.31840396570630325,0.3202957491931917
2021-09-20,,0.31823711431822893,0.31921177830249703
2021-09-21,,0.3180703034423221,0.3183841581450121
2021-09-22,5770.2285,0.32266413542190214,0.31918927528632934
2021-09-23,5797.335,0.31734359613491936,0.31894382300473517
2021-09-24,5751.4333,0.3132890299176934,0.3179208358470132
2021-09-25,,0.3131250161746895,0.31689841621830533
2021-09-26,,0.31296017040648577,0.315876389611138
2021-09-27,5684.4413,0.31280550783831945,0.31390466409442147
2021-09-28,5689.186,0.3138738277565992,0.3132107104187575
2021-09-29,5574.5267,0.310356143420595,0.3126241331193378
2021-09-30,5660.4207,0.313421380356245,0.31268340595564886
2021-10-01,,0.31286272399977144,0.31266391667430604
2021-10-02,,0.3126992135038088,0.3126426578074039
2021-10-03,,0.31253574776887305,0.31237504180985864
2021-10-04,,0.3123723268652351,0.31277827849878664
2021-10-05,,0.3122089508632936,0.3125357926001964
2021-10-06,,0.3120456198335755,0.3123723717669572
2021-10-07,,0.31188233384673586,0.3122089958355426
2021-10-08,5701.248,0.2969974684369294,0.3091013399691539
2021-10-09,,0.29783046580246963,0.30619296775660076
2021-10-10,,0.2976819759103908,0.3032875727660202
2021-10-11,5690.879,0.298140490501957,0.3005065468996965
2021-10-12,5603.4136,0.3003313594129717,0.2981963520129437
2021-10-13,5660.0674,0.3028023391422525,0.29935732615400834
2021-10-14,5663.1406,0.3054752286956782,0.30088627873265
2021-10-15,5680.0625,0.3133124432527623,0.3040123722011243
2021-10-16,,0.3131117966697876,0.3070066334346905
2021-10-17,,0.31294603826474826,0.3095295692050458
2021-10-18,5677.957,0.3196157213938141,0.3128922456553581
2021-10-19,5723.6479,0.3149208279686451,0.3147813655099515
2021-10-20,5718.8047,0.3156976643612702,0.3152584097316531
2021-10-21,5718.9907,0.3151344537871179,0.31566294115511917
2021-10-22,5709.5728,0.3123721511712497,0.3155481637364194
2021-10-23,,0.3112026907768279,0.31386555761302215
2021-10-24,,0.3110335497318406,0.3130881019656613
2021-10-25,5757.3022,0.3157643784319018,0.3131014447797876
2021-10-26,5739.4102,0.3199986079438883,0.31407427561114165
2021-10-27,5679.355,0.32349470617272363,0.31629878661143646
2021-10-28,5605.6665,0.3161612540026938,0.3172904992566096
2021-10-29,5679.895,0.32101350273150026,0.31928648985654157
2021-10-30,,0.32168500198988653,0.3204706145681385
2021-10-31,,0.3215327019213859,0.32077743336363806
2021-11-01,5693.3169,0.3211276299653826,0.3203040181221698
2021-11-02,5636.4702,0.3276651678241728,0.3226048008864656
2021-11-03,5631.168,0.32413359080604387,0.32322881850137436
2021-11-04,5693.2651,0.3256690175164092,0.3240256216066789
2021-11-05,5645.3477,0.32476047334306135,0.324671175891014
2021-11-06,,0.3246042329562472,0.32536649648918686
2021-11-07,,0.32445130414481965,0.3247237237533162
2021-11-08,5670.5869,0.32464268724730344,0.3248255430415682
2021-11-09,5704.2837,0.32854466784323966,0.3254006731069342
2021-11-10,5688.4155,0.32694426634337564,0.3258374317069971
2021-11-11,5755.4717,0.32301169441323824,0.3255189239983953
2021-11-12,5773.4028,0.32557250376024477,0.32574316392148034
2021-11-13,,0.32537347223884583,0.3258893209197888
2021-11-14,,0.3252035947089772,0.3252211062929363
2021-11-15,5757.4922,0.3202514913970371,0.3238825513036686
2021-11-16,5730.519,0.31613850252385584,0.3225079129257922
2021-11-17,5778.2954,0.31977915221755326,0.32134924261725384
2021-11-18,5743.3965,0.3233448177341804,0.3209435117163208
2021-11-19,5809.4834,0.3230264081378587,0.32050807440209705
2021-11-20,,0.322862241557644,0.3210302244342184
2021-11-21,,0.3226955718305757,0.3223416382955624
2021-11-22,5873.104,0.32725829723572014,0.32383746729919577
2021-11-23,5873.4526,0.3255565162714136,0.3242798070066424
2021-11-24,5871.7725,0.3226265436557744,0.32419983411022557
2021-11-25,5857.3442,0.323447274874596,0.324316840773616
2021-11-26,5839.6328,0.3273489260749157,0.325247511622484
2021-11-27,,0.3273524472706512,0.3252663416294702
2021-11-28,,0.3271908304575403,0.32559320446669554
2021-11-29,5853.2344,0.33222278068490557,0.32751245187252176
2021-11-30,5858.5244,0.33137131100233297,0.32909725909806914
2021-12-01,5873.4805,0.33213227122095773,0.3300539281272775
2021-12-02,5851.4707,0.32900183204189026,0.33038380508152543
2021-12-03,5898.1987,0.329599011020106,0.3308654411940385
2021-12-04,,0.3294748767930163,0.33031586041566063
2021-12-05,,0.3293188789916673,0.32990537401352754
2021-12-06,5847.1958,0.32527516715360333,0.3285339532000566
2021-12-07,5826.0215,0.3170270227012754,0.3261389913319337
2021-12-08,5915.0967,0.32106921994957444,0.32443303311782734
2021-12-09,5966.0537,0.31863809599050363,0.32226567695732483
2021-12-10,5966.8418,0.3204333614719176,0.3204885734533749
2021-12-11,,0.31995195349283906,0.31942393072122205
2021-12-12,,0.3197840765280354,0.319975341486574
2021-12-13,5998.8242,0.3190660166899779,0.3195747008346547
2021-12-14,5977.6509,0.3208379650813865,0.3200146746528313
2021-12-15,5946.5879,0.31792298898492777,0.31951260015543337
2021-12-16,5984.5181,0.317806028896517,0.3190834152361689
2021-12-17,5905.7598,0.31084248170690054,0.31729509627194197
2021-12-18,,0.310931538880316,0.31566820071000956
2021-12-19,,0.3107667604926154,0.31365395979225535
2021-12-20,5815.7769,0.3027819759035836,0.31062575717598656
2021-12-21,5873.5225,0.3001682804783187,0.30709820749234684
2021-12-22,5891.3955,0.3013032846850003,0.3051903680879668
2021-12-23,5909.4033,0.3044086206769196,0.30388578444728753
2021-12-24,5845.1006,0.2978157247881571,0.30129557730639583
2021-12-25,,0.2976203728109262,0.30026325668786435
2021-12-26,,0.2974640340633949,0.2997224074048796
2021-12-27,5844.8813,0.2952629706590916,0.2985143445996979
2021-12-28,5886.8496,0.29955741427151156,0.29754410331861625
2021-12-29,5835.2651,0.29988071589395704,0.2979571015397763
2021-12-30,5884.1489,0.2996129198268121,0.29835561094295343
2021-12-31,5919.3984,0.2975647937426227,0.29837576287879897
2022-01-01,,0.297513388763006,0.2988258464995819
2022-01-02,,0.2973595652857956,0.29838627670243867
2022-01-03,,0.2972057953064224,0.29785129258493176
2022-01-04,5907.1909,0.28984594005845915,0.2958978966312612
2022-01-05,5819.9868,0.27818239039069514,0.29202141596087566
2022-01-06,5807.8511,0.27560128645421267,0.28763899549911703
2022-01-07,5764.9707,0.2692361482395446,0.28201431208986677
2022-01-08,,0.2690936789798701,0.27639188882455634
2022-01-09,,0.26895371363940346,0.27221344354074517
2022-01-10,5792.7036,0.2692393200334694,0.2704248294693
2022-01-11,5741.6802,0.26423316138779573,0.26815120445601665
2022-01-12,5809.729,0.27314050688794395,0.2689320761856965
2022-01-13,5722.3853,0.2684788733559579,0.2688091150609141
2022-01-14,5700.3276,0.2726455421898665,0.26954748077100665
2022-01-15,,0.2726316390319516,0.27022594457070315
2022-01-16,,0.2724965406821705,0.2718786204295781
2022-01-17,5765.7837,0.2749701842591072,0.27224455590381075
2022-01-18,5773.2046,0.27358078780543105,0.27326493879370534
2022-01-19,5733.5049,0.2653011918202481,0.2717960687197817
2022-01-20,5703.1323,0.2611650412977893,0.26950274917294925
2022-01-21,5641.7495,0.26336471169431847,0.2676763833753788
2022-01-22,,0.26337620423713215,0.2653575873709838
2022-01-23,,0.2632668141307844,0.26329479263605443
2022-01-24,5652.9922,0.26736017586770117,0.2637065894455451
2022-01-25,5483.0464,0.2673406170612718,0.26494170459824157
2022-01-26,5518.1216,0.2668361555869665,0.26563599337677124
2022-01-27,5384.0767,0.2621058280413369,0.26538191813761214
2022-01-28,5359.2461,0.2544278350420445,0.2636141223198642
2022-01-29,,0.254287342643973,0.2609995556751185
2022-01-30,,0.2541867827359092,0.258368788810046
2022-01-31,,0.25408628835643904,0.2558188153639406
2022-02-01,,0.2540040969104184,0.2541984691377569
2022-02-02,,0.2539219705082194,0.2540972962309918
2022-02-03,,0.2538216524484925,0.25400415819189576
2022-02-04,,0.2537396466022616,0.25391473096516615
2022-02-05,,0.2536577059877582,0.25382901449143
2022-02-06,,0.2535758306682193,0.2537433612429902
2022-02-07,5437.9302,0.2540887102992216,0.2537767092011906
2022-02-08,5444.1621,0.24955310392727223,0.2529229994969466
2022-02-09,5512.897,0.25333517544090145,0.2528421052646746
2022-02-10,5496.2217,0.25059449943172385,0.25222946395346774
2022-02-11,5425.4336,0.2476467904324494,0.2510436559063137
2022-02-12,,0.24726491145224108,0.24967889613691757
2022-02-13,,0.24722426899332922,0.249213129150129
2022-02-14,5385.7925,0.25156749164228587,0.24885959239040586
2022-02-15,5443.8359,0.2559551089514401,0.24993171429434913
2022-02-16,5475.8062,0.25661710612659916,0.2517257774331791
2022-02-17,5487.1396,0.26354592423361173,0.2549819799894532
2022-02-18,5517.7168,0.26001743830678403,0.25754061385214416
2022-02-19,,0.2599612752711834,0.25921937057792366
2022-02-20,,0.2599257539223226,0.2600134995721002
2022-02-21,5534.7891,0.2578716182956202,0.2602644020059044
2022-02-22,5473.8442,0.26174439307293357,0.2599040957737687
2022-02-23,5556.1631,0.2688580057126239,0.2616722092549367
2022-02-24,5439.8687,0.27517864742408604,0.26471568368551723
2022-02-25,5492.999,0.2769300029361322,0.2681165334882792
2022-02-26,,0.27697191233476387,0.2719365922961079
2022-02-27,,0.2769390073640866,0.27497551515433855
2022-02-28,5510.0757,0.2803560542583458,0.27727512486348294
2022-03-01,5542.7778,0.27952749424711404,0.2781448942280885
2022-03-02,5519.8223,0.27784219177778896,0.27832733199641985
2022-03-03,5489.1416,0.2747263612991382,0.2778782217892947
2022-03-04,5423.3247,0.27454363399266934,0.2773991471150113
2022-03-05,,0.27421886172328136,0.27617170860799833
2022-03-06,,0.27418528721336316,0.2751032672012482
2022-03-07,5286.4106,0.2731226184493602,0.27415935253556245
2022-03-08,5148.6206,0.2710639016309839,0.27342686060193155
2022-03-09,5091.022,0.2749719262780052,0.27351251905899876
2022-03-10,5181.6675,0.27607215600965845,0.27388317791627415
2022-03-11,5208.5063,0.27269966268832263,0.27358605301126604
2022-03-12,,0.27264672807949136,0.2734908749372923
2022-03-13,,0.2726259033993013,0.27380327529095577
2022-03-14,5062.0039,0.26754476551331263,0.27231784313801727
2022-03-15,4822.1343,0.2549646609694055,0.26809634412996675
2022-03-16,5003.8247,0.2660366585417605,0.2667637433006543
2022-03-17,5095.8696,0.26698401763647855,0.26563120121205175
2022-03-18,5140.3975,0.26797430615834167,0.26470088176385975
2022-03-19,,0.2678837116822025,0.26476867099763773
2022-03-20,,0.26786158203750904,0.2673480552112585
2022-03-21,5163.1719,0.2733708280874101,0.2688148891203884
2022-03-22,5154.3003,0.2667612341304355,0.2687703324191798
2022-03-23,5178.5728,0.26775126997164933,0.2687257251818413
2022-03-24,5138.3662,0.27401168684839006,0.26995132021507884
2022-03-25,5068.1313,0.26860043068684997,0.27009908994494697
2022-03-26,,0.26724877862118596,0.2688746800517022
2022-03-27,,0.2672268819630401,0.2689678096182231
2022-03-28,5043.7026,0.2668750256122595,0.2687925607463451
2022-03-29,5017.6772,0.2687331739175497,0.26773685816017706
2022-03-30,5136.3721,0.26628783866840994,0.26727433975648907
2022-03-31,5095.6079,0.2626548196264183,0.2663555479575355
2022-04-01,5131.5835,0.25505105066156014,0.26392038169723947
2022-04-02,,0.25496628620089307,0.2615386338149662
2022-04-03,,0.2549444566154978,0.2587808903545558
2022-04-04,,0.2549226464614206,0.256507851913158
2022-04-05,,0.2549008557436493,0.2549570591366042
2022-04-06,5128.8027,0.24649049924853503,0.2532449488539992
2022-04-07,5039.9453,0.25437645971174777,0.25312698355617014
2022-04-08,5042.1172,0.2582620949316553,0.2537905112194016
2022-04-09,,0.2583330375600708,0.25447258943913165
2022-04-10,,0.25831096959233085,0.255154612208868
2022-04-11,4882.6587,0.24946703379523658,0.25574991911820827
2022-04-12,4965.2412,0.2513250848388457,0.25513964414362783
2022-04-13,4896.9531,0.25778187730600577,0.25504360061849796
2022-04-14,4954.7026,0.25751636670831723,0.2548802664481472
2022-04-15,4918.2358,0.2536007772439139,0.2539382279784638
2022-04-16,,0.2537539033396779,0.25479560188735206
2022-04-17,,0.2537294739742819,0.2552764797144393
2022-04-18,4918.6484,0.2560275440983609,0.2549256130729104
2022-04-19,4909.6665,0.2580576644171092,0.25503387261466876
2022-04-20,4830.9829,0.2504868828016583,0.2544110937262177
2022-04-21,4696.0176,0.2445525014786198,0.252570813354006
2022-04-22,4683.9014,0.24297429968274634,0.2504197784956989
2022-04-23,,0.2417394802049675,0.24756216571702022
2022-04-24,,0.2416373482312268,0.24427810247984377
2022-04-25,4401.3652,0.2283584076548111,0.2398524074504743
2022-04-26,4319.2905,0.22506613237228082,0.2359551336292065
2022-04-27,4468.8984,0.23420293233844136,0.2342008601603455
2022-04-28,4465.1904,0.23848204775260007,0.23354937366987202
2022-04-29,4610.7866,0.23907582190237103,0.2330370684041009
2022-04-30,,0.23430869245513836,0.23422712536416634
2022-05-01,,0.23403101646271932,0.23602010218225403
2022-05-02,,0.2338626272605207,0.23595204116666987
2022-05-03,,0.23383454739055629,0.23502254109426116
2022-05-04,,0.23380648737262757,0.23396867418831246
2022-05-05,4641.7261,0.23253077462164545,0.23361309062161384
2022-05-06,4548.4785,0.2244637716248877,0.23169964165404755
2022-05-07,,0.2244358393793063,0.22981428407780466
2022-05-08,,0.22440874212707485,0.22792912302510837
2022-05-09,4558.0654,0.2207584854744588,0.22531952264547464
2022-05-10,4622.0884,0.22363918061671859,0.22354120384448922
2022-05-11,4673.3125,0.23374787907848796,0.2253980253352093
2022-05-12,4674.2251,0.231279105242868,0.22676667850792165
2022-05-13,4708.29,0.23594540378031376,0.22907401083856943
2022-05-14,,0.23591922858733558,0.2321061594611448
2022-05-15,,0.23589449287021996,0.23455722191184503
2022-05-16,4692.6738,0.23448632310238032,0.23470491071662353
2022-05-17,4731.8604,0.24305817398268204,0.23706072446458631
2022-05-18,4728.564,0.24225107564512868,0.23832185883754936
2022-05-19,4753.9502,0.2454300387823337,0.24022402087654893
2022-05-20,4832.0273,0.255044673493757,0.24405405700125632
2022-05-21,,0.255017204493888,0.24816023327955788
2022-05-22,,0.2549952051083792,0.25054763950469733
2022-05-23,4845.6699,0.2553924892300475,0.25317592222168106
2022-05-24,4691.0728,0.2532946690097613,0.2547488482671666
2022-05-25,4745.3965,0.25645052979632665,0.2550300195276805
2022-05-26,4770.4072,0.25700630223410237,0.25542783907572336
2022-05-27,4773.332,0.2582237852920789,0.2560735551124633
2022-05-28,,0.25817166433283817,0.2566293901330215
2022-05-29,,0.2581140294085107,0.25759326221277135
2022-05-30,4814.9238,0.26494003928689985,0.25929116411088604
2022-05-31,4882.7134,0.26536127936252046,0.26096215953656965
2022-06-01,4887.3809,0.26771216515546065,0.26285983550924596
2022-06-02,4920.2983,0.2719792037702471,0.2656213433967277
2022-06-03,,0.2720452758852277,0.26840759269207115
2022-06-04,,0.27199082286432064,0.26981774940755526
2022-06-05,,0.27193639744927345,0.2711327730249059
2022-06-06,5017.0615,0.2815416734643034,0.27389867468667445
2022-06-07,5019.2007,0.2766773986515015,0.2748383136629253
2022-06-08,5048.3862,0.28327224371417653,0.2770837072287151
2022-06-09,4981.1206,0.2786521684832424,0.2784159763524995
2022-06-10,5068.269,0.28966015864481703,0.2819607285916082
2022-06-11,,0.2895781957303008,0.28356803304480765
2022-06-12,,0.28952755131265223,0.2861380635770378
2022-06-13,5047.3887,0.29774888220227136,0.28903339127465677
2022-06-14,5072.2256,0.29839910869984215,0.2929827793179767
2022-06-15,5099.0488,0.2903461496498718,0.29311997751898766
2022-06-16,5098.9443,0.2880743039589345,0.29281919916471444
2022-06-17,5157.6523,0.29388767131688637,0.29369122316556123
2022-06-18,,0.2937687599330424,0.2928951987117155
2022-06-19,,0.29372088122267553,0.29195955321628214
2022-06-20,5194.2451,0.2883202634337009,0.29155437597304795
2022-06-21,5172.7832,0.28112603986114115,0.2901647231534893
2022-06-22,5108.8716,0.2856387669823447,0.2885149422865809
2022-06-23,5206.7368,0.29096257691963345,0.28795370568389916
2022-06-24,5268.5293,0.29112970310765685,0.28743547006089537
2022-06-25,,0.2909723419398355,0.28796588576212234
2022-06-26,,0.2909276536057697,0.289926208511048
2022-06-27,5320.7534,0.29690748074847745,0.2921799512642746
2022-06-28,5383.9717,0.29935037332705955,0.2938575105457598
2022-06-29,5282.4185,0.28728192382929146,0.29308795469008675
2022-06-30,5355.3599,0.28759836473332195,0.292413159248784
2022-07-01,5340.4512,0.2931865574307735,0.29286494001378477
2022-07-02,,0.29297837046741637,0.2920791179575726
2022-07-03,,0.29291296916817505,0.2907916371257957
2022-07-04,5385.978,0.297883319444569,0.2929119162488512
2022-07-05,5368.7227,0.3016574982428814,0.29572374295076304
2022-07-06,5300.9619,0.3009867333155594,0.2972837781277203
2022-07-07,5336.9131,0.30799174731793577,0.3002864534978241
2022-07-08,5319.0015,0.3035216437211512,0.3024081884084194
2022-07-09,,0.3034980402530601,0.30353113257011755
2022-07-10,,0.30348106752163184,0.3038958464258677
2022-07-11,5245.2739,0.29942133680550265,0.3035827671238563
2022-07-12,5183.8301,0.2953760483580145,0.3010596273318721
2022-07-13,5211.1401,0.29577330680072084,0.299509959947786
2022-07-14,5233.8618,0.3013319076633183,0.2990767334298376
2022-07-15,5159.5005,0.3088588054525206,0.3001522810160154
2022-07-16,,0.3083500372486008,0.30193802110463497
2022-07-17,,0.3082587915677502,0.3045145697465822
2022-07-18,5236.2427,0.30867825922845055,0.3070955602321281
2022-07-19,5241.2861,0.3038963275861085,0.3076084442166861
2022-07-20,5281.1787,0.30471520874112623,0.30677972487440724
2022-07-21,5238.7979,0.2996986800813565,0.3050494534409584
2022-07-22,5227.0732,0.30063581562254205,0.30352485825191683
2022-07-23,,0.3004021492556577,0.3018696362573582
2022-07-24,,0.30027607142612567,0.30114558502536165
2022-07-25,5184.7227,0.29709141333507,0.2996208259441504
2022-07-26,5235.5039,0.29692979098753697,0.2990670481253865
2022-07-27,5244.4736,0.29981432431212524,0.2989027498633031
2022-07-28,5261.1455,0.2996606953651853,0.2987544590852086
2022-07-29,5212.4263,0.3037402947953007,0.2994473037590436
2022-07-30,,0.3036281199668153,0.30075464508539274
2022-07-31,,0.3035060364982725,0.3020698941875398
2022-08-01,5243.7412,0.3070713355359177,0.3035212964322983
2022-08-02,5106.2051,0.3102191669020629,0.30563299073967387
2022-08-03,5064.6743,0.3079696553361123,0.30647886284783615
2022-08-04,5108.2407,0.3034774551463963,0.3064487298837523
2022-08-05,5184.1265,0.29757779430384196,0.30526308144486625
2022-08-06,,0.29743315962273953,0.30333544626223063
2022-08-07,,0.29733806049892153,0.30075922498160235
2022-08-08,5211.2627,0.3033516652065697,0.29983562695569377
2022-08-09,5227.814,0.30811007690141334,0.30076215130669726
2022-08-10,5203.1167,0.30705896712919123,0.3026583858717671
2022-08-11,5288.7939,0.3028005079366582,0.3037318555345508
2022-08-12,5271.1523,0.29687226662878363,0.30363869676052324
2022-08-13,,0.29624018233665717,0.3022164001865407
2022-08-14,,0.2961352345024072,0.29982143170673947
2022-08-15,5286.1924,0.3042876654898527,0.2992671713788718
2022-08-16,5299.6431,0.30530378878825276,0.29976782754919074
2022-08-17,5328.9575,0.3012995840882056,0.3006532910410751
2022-08-18,5313.5684,0.30647184770781255,0.30269962411530615
2022-08-19,5256.5205,0.29906945043335337,0.3032864673014954
2022-08-20,,0.298934227905249,0.3022157797845747
2022-08-21,,0.2988212238536789,0.30091926679765985
2022-08-22,5298.522,0.30038573483755215,0.3007364969475292
2022-08-23,5295.6328,0.30520008457180514,0.3004821443203277
2022-08-24,5159.1011,0.299922734531013,0.3006528011398596
2022-08-25,5174.1421,0.29365880213295703,0.29959771598540125
2022-08-26,5156.2861,0.29461567208864653,0.2987566056323948
2022-08-27,,0.2943183781500165,0.29754313429488766
2022-08-28,,0.2945281076599094,0.2954087389125085
2022-08-29,5161.2134,0.2939461704864054,0.294213426103587
2022-08-30,5138.103,0.2859412064848489,0.29266990697396533
2022-08-31,5063.103,0.27799089908706176,0.2893449523736484
2022-09-01,5030.5938,0.27531435404646826,0.2855441475529387
2022-09-02,5042.9673,0.27317588341405946,0.2812737027037687
2022-09-03,,0.27306019703431783,0.27709650801335123
2022-09-04,,0.2729646835114099,0.27450120341866346
2022-09-05,5047.8652,0.27431701540414666,0.2737664266820804
2022-09-06,5116.3101,0.27803100245520534,0.2743097563638278
2022-09-07,5131.3926,0.2837787393334001,0.276430327547696
2022-09-08,5099.5518,0.28150323396968535,0.27811893493476947
2022-09-09,5136.7305,0.2768417966161959,0.27889435755572667
2022-09-10,,0.2766866706324407,0.27936828860138546
2022-09-11,,0.27663537348067596,0.2790891628064796
2022-09-12,,0.2765841046775099,0.2776502358753016
2022-09-13,5146.4307,0.2796757116220674,0.277284731405778
2022-09-14,5095.9146,0.27580434646305024,0.27707724137514883
2022-09-15,5001.4746,0.267532891347572,0.2752464855181751
2022-09-16,4887.5737,0.26890724913355596,0.2737008606487511
2022-09-17,,0.26883197141436505,0.27215043399612215
2022-09-18,,0.2687746425631896,0.2699702201843466
2022-09-19,4857.4463,0.27134261177558716,0.26907787324685395
2022-09-20,4892.1943,0.2772707355231023,0.27102544208196
2022-09-21,4878.0693,0.2733647674451426,0.2719169457442773
2022-09-22,4854.7466,0.27726125103318877,0.2736028016680421
2022-09-23,4800.9067,0.2738326433593604,0.2746144018272762
2022-09-24,,0.2737612879367844,0.2750981370595157
2022-09-25,,0.27370325210264806,0.2743846403754248
2022-09-26,4754.0244,0.27440271610121575,0.2745922301066395
2022-09-27,4838.3618,0.27380702575576654,0.273901385051155
2022-09-28,4729.6182,0.2693789856158251,0.273010653502448
2022-09-29,4726.3193,0.27227100533641163,0.27271259698237343
2022-09-30,4679.8784,0.2669760152849002,0.27136714961882386
2022-10-01,,0.2668640434618049,0.26985941509094163
2022-10-02,,0.26679981505515993,0.26845797295082036
2022-10-03,,0.26673561044316774,0.2679292979162889
2022-10-04,,0.2666714296430148,0.2668093827776095
2022-10-05,,0.26660727267189815,0.2667356342550091
2022-10-06,,0.2665431395470246,0.26667145347205307
2022-10-07,,0.2664790302856112,0.2666072965181433
2022-10-08,,0.2664525401047668,0.26655068245046315
2022-10-09,,0.2664728059829899,0.2665109577184581
2022-10-10,4583.1909,0.2634067356159827,0.26587085030727503
2022-10-11,4602.6572,0.26709874684332335,0.26598197176653476
2022-10-12,4700.4351,0.26931557931781075,0.26654928157297475
2022-10-13,4698.4761,0.26625866645571356,0.2665105068431641
2022-10-14,4809.6855,0.27046984710145716,0.26730991506685753
2022-10-15,,0.2702575711819052,0.268680082180042
2022-10-16,,0.27020185859068835,0.269300704529515
2022-10-17,4839.522,0.26632101888331994,0.2687017924426168
2022-10-18,4845.8281,0.2666793804132761,0.26878593523412936
2022-10-19,4787.521,0.26136750305817164,0.26696546642547225
2022-10-20,4766.1064,0.2560766769325437,0.26412928757559995
2022-10-21,4761.6475,0.25615495476977973,0.26131990681141826
2022-10-22,,0.2555365486205571,0.25916301275886566
2022-10-23,,0.25548392612451876,0.2569239219011142
2022-10-24,4670.8804,0.25021239125580524,0.2546928995406409
2022-10-25,4660.9868,0.25299701729861435,0.25407696761385506
2022-10-26,4725.9692,0.25176694518687914,0.25319936569727497
2022-10-27,4700.0435,0.24335636249615214,0.2507633284723939
2022-10-28,4562.3662,0.23441701866944262,0.2465499469813787
2022-10-29,,0.22759885030126248,0.24202723879047014
2022-10-30,,0.22767988623337196,0.23696381257742166
2022-10-31,4560.7642,0.22309438639568313,0.23122930081918244
2022-11-01,4693.1382,0.23625881489835143,0.22980979129962234
2022-11-02,4751.5718,0.2419624562335856,0.23131887881245095
2022-11-03,4746.2798,0.24347898165372453,0.23449490508294332
2022-11-04,4870.1187,0.2559532577718026,0.24014957939062948
2022-11-05,,0.2558886657025999,0.2467084352520128
2022-11-06,,0.2558462293235476,0.25062591813705204
2022-11-07,4882.7373,0.2531077227014851,0.25285497143063196
2022-11-08,4863.3242,0.2496315322313122,0.25408548154614946
2022-11-09,4840.6401,0.2451329042529888,0.25192141084238673
2022-11-10,4805.9214,0.23937377270136312,0.24861843224213936
2022-11-11,4879.6641,0.2437431390911526,0.2461978141956604
2022-11-12,,0.24363903886902635,0.24430407742916863
2022-11-13,,0.24359379021216346,0.2430965290253389
2022-11-14,4871.5342,0.23008918715751528,0.24008778560624416
2022-11-15,4967.6611,0.23439055965302974,0.2390911429965775
2022-11-16,4935.0522,0.23490404614773888,0.23732332440789478
2022-11-17,4933.9326,0.22598394185254747,0.23379230500459897
2022-11-18,4906.1016,0.2248421156567842,0.23004197009352315
2022-11-19,,0.22477857899340217,0.2289798484607005
2022-11-20,,0.2247334022769981,0.22704841698549413
2022-11-21,4895.2773,0.22761506324634756,0.2255906204052159
2022-11-22,4861.2119,0.22084846828249644,0.2245635256912057
2022-11-23,4855.0981,0.22611272803912474,0.2248176481676738
2022-11-24,4852.6724,0.22484503136023215,0.22483093864103978
2022-11-25,4839.731,0.21830919006010424,0.22354609619766103
2022-11-26,,0.21826905749344958,0.2216768950470814
2022-11-27,,0.21822082601882348,0.22115136659434684
2022-11-28,4805.9175,0.2199552303064856,0.21991986704781902
2022-11-29,4916.749,0.21754254885780053,0.2184593705473327
2022-11-30,4919.1675,0.22452011349385462,0.21970155523408277
2022-12-01,4964.3853,0.22302319276186883,0.22065238228776662
2022-12-02,4957.8892,0.22061800815552218,0.22113181871510634
2022-12-03,,0.22054015640982777,0.22124880393577478
2022-12-04,,0.22046799942406414,0.2218338940490275
2022-12-05,5018.9106,0.2175003545020302,0.22042994225066265
2022-12-06,5025.9209,0.2204620964047776,0.21991772297924433
2022-12-07,5020.7334,0.21894147168022238,0.21958241568418443
2022-12-08,5009.9189,0.2185667062362972,0.2191877256494783
2022-12-09,5034.1484,0.21657514295401759,0.218409154355469
2022-12-10,,0.21638214838140976,0.2181855131313449
2022-12-11,,0.21628002574296357,0.21734909899898208
2022-12-12,4997.3232,0.21239303922911476,0.21603941250876058
2022-12-13,4976.7031,0.20768912529069372,0.21386389631963984
2022-12-14,4974.8843,0.210487747555948,0.21264641724002598
2022-12-15,4980.2021,0.21289937683007087,0.2119498629297582
2022-12-16,4956.4048,0.21012370407334147,0.21071859859583375
2022-12-17,,0.2100319920807775,0.21024638916616628
2022-12-18,,0.2099479281261129,0.21069814973325016
2022-12-19,4863.9556,0.21233418824969183,0.21106743787199891
2022-12-20,4807.6191,0.20989888959214253,0.21046734042441323
2022-12-21,4790.874,0.2100983720940794,0.21046227402856083
2022-12-22,4759.4253,0.20613576895061905,0.20968302940252914
2022-12-23,4744.8447,0.20601283402639345,0.20889601058258522
2022-12-24,,0.20584025329046182,0.20759722359073923
2022-12-25,,0.2057272995558593,0.20676290558348262
2022-12-26,4796.2217,0.21032428519599244,0.2068080882038652
2022-12-27,4841.2563,0.2131387228348601,0.20820867898071344
2022-12-28,4809.855,0.21768131348800843,0.2105423748730364
2022-12-29,4795.7388,0.21336196437700378,0.21204671709034484
2022-12-30,4815.1133,0.21278021453459905,0.2134573000860928
2022-12-31,,0.21268373018443068,0.2139291890837804
2023-01-01,,0.21257463315448477,0.21381637114770533
2023-01-02,,0.21246557138081348,0.21277322272626634
2023-01-03,4876.1689,0.23197834921976052,0.2164964996948177
2023-01-04,4882.208,0.22054602568452414,0.21804966192480274
2023-01-05,4948.02,0.22560600323442828,0.22063411653480225
2023-01-06,4955.3682,0.23086392399480204,0.2242919747028657
2023-01-07,,0.23076174952374612,0.22795121033145221
2023-01-08,,0.23066002226683033,0.22768754494086618
2023-01-09,4988.4229,0.2307416522761767,0.22972667025919669
2023-01-10,4991.3716,0.2339797760344232,0.2314014248191957
2023-01-11,4966.8706,0.23376700837833564,0.23198204169590236
2023-01-12,4971.4663,0.23514644525298972,0.2328589808417511
2023-01-13,5015.8892,0.232122025422769,0.23315138147293885
2023-01-14,,0.23193852811597512,0.23339075664089853
2023-01-15,,0.2318343911627127,0.23296167966655643
2023-01-16,5080.7969,0.22949887134396188,0.23210805225968167
2023-01-17,5080.3257,0.23031801439149374,0.2311423660873825
2023-01-18,5084.5347,0.22930135017040845,0.23057823103691039
2023-01-19,5118.5767,0.2280337521288745,0.22979727583949025
2023-01-20,5156.5342,0.230102630953305,0.22945092379760873
2023-01-21,,0.22987111851152162,0.22952537323112066
2023-01-22,,0.22977010681991814,0.22941579171680554
2023-01-23,,0.22966682700377877,0.22948888708347961
2023-01-24,,0.22955539160268942,0.2297932149782426
2023-01-25,,0.22945448094963833,0.22966358497750927
2023-01-26,,0.22935361045268834,0.2295600833657426
2023-01-27,,0.22924228673457375,0.22945451934867372
2023-01-28,,0.22910915158517559,0.2293429842649531
2023-01-29,,0.2289979313278784,0.22923149220999087
2023-01-30,5192.1968,0.23195318216584107,0.22973123245323146
2023-01-31,5170.5684,0.23118813516888623,0.230098137396471
2023-02-01,5234.7876,0.23312897795225238,0.23087547564000674
2023-02-02,5232.1499,0.23212393883100776,0.23147843308917318
2023-02-03,5204.1182,0.2320259140638513,0.23208402963636776
2023-02-04,,0.23181715196617209,0.23205682359643393
2023-02-05,,0.23171038268469366,0.23216127309959544
2023-02-06,5159.8003,0.23039265388248353,0.23161400828564166
2023-02-07,5175.9844,0.228930096732111,0.2309752398658623
2023-02-08,5148.4321,0.22833476574831968,0.230237010202756
2023-02-09,5220.4902,0.23006795116980852,0.2298871700434833
2023-02-10,5198.4746,0.22349955685179168,0.2282450048769029
2023-02-11,,0.2234558681308458,0.22685764772657535
2023-02-12,,0.2233675061219624,0.22574512960454562
2023-02-13,5246.6123,0.2230648121176561,0.2246911388784129
2023-02-14,5250.0117,0.22282420498860062,0.2232423896421713
2023-02-15,5239.0425,0.22269676542434064,0.22308183135668114
2023-02-16,5166.2476,0.21913274939811586,0.22221720761013514
2023-02-17,5110.3418,0.21957391715660074,0.2214584898170628
2023-02-18,,0.2195184562807689,0.22074921864968539
2023-02-19,,0.21945078664309492,0.2200745349805842
2023-02-20,5205.8223,0.21375998002774987,0.21828717790126606
2023-02-21,5224.3301,0.21905821130209557,0.218272270282062
2023-02-22,5203.2368,0.21883950765241122,0.2181253883812241
2023-02-23,5194.0791,0.2235590961064957,0.21893351634636948
2023-02-24,5160.5078,0.22122222782175568,0.21928780458210162
2023-02-25,,0.2210526185987016,0.22074633229629198
2023-02-26,,0.2209869158698592,0.22113207320984468
2023-02-27,5131.311,0.22224652265296688,0.2218134762099558
2023-02-28,5169.3423,0.2207749941083389,0.22125665581032444
2023-03-01,5223.1338,0.21588881004704066,0.22018997225538145
2023-03-02,5205.5132,0.21244886661909496,0.2184692218594601
2023-03-03,5214.9028,0.2134331625542199,0.21695847119633224
2023-03-04,,0.21342061690678452,0.21519329004709578
2023-03-05,,0.21335612107446825,0.21370951544032163
2023-03-06,5208.8076,0.21676229517893744,0.21388421246670103
2023-03-07,5120.1553,0.21801890677619926,0.21499822049812187
2023-03-08,5126.7046,0.216210875687622,0.2155537631248023
2023-03-09,5117.4863,0.2144616826240973,0.21576197626826485
2023-03-10,5049.7905,0.21176898049275697,0.21544454815192257
2023-03-11,,0.21169374427835272,0.21443083797180568
2023-03-12,,0.21162836982364444,0.21315273058129466
2023-03-13,5085.4775,0.21197084203642605,0.2123047238510555
2023-03-14,5044.6875,0.21093445920635684,0.21159927916750743
2023-03-15,5061.9106,0.20756621624560845,0.21075872631807774
2023-03-16,4991.2212,0.1998160330691335,0.20838318407623388
2023-03-17,5020.2534,0.20292022838189394,0.20664155578788374
2023-03-18,,0.20294581898160605,0.20483655117691976
2023-03-19,,0.20288224255573797,0.20322610784679598
2023-03-20,5001.8198,0.20421222644254758,0.2025553098861838
2023-03-21,5063.1289,0.20645827466968694,0.2038837582062945
2023-03-22,5086.6421,0.2072019951246722,0.2047401115548501
2023-03-23,5118.0625,0.2116259934439787,0.20647614644732468
2023-03-24,5112.6572,0.21429374173176988,0.20875844628253107
2023-03-25,,0.21384657872739607,0.21068531673950072
2023-03-26,,0.21378581632241334,0.21215082507004604
2023-03-27,5107.9961,0.2150749036056488,0.21372540676624135
2023-03-28,5078.501,0.21010914760953756,0.21342203759935313
2023-03-29,5074.6992,0.20974022918783417,0.212511335090566
2023-03-30,5093.2051,0.2109115543522061,0.21192433021552798
2023-03-31,5126.6401,0.21722588137085944,0.21261234322521722
2023-04-01,,0.21691969748051407,0.21298130200019028
2023-04-02,,0.216857452719684,0.21433096302221957
2023-04-03,5183.2988,0.22311246950273003,0.21700541108519875
2023-04-04,5178.5171,0.21935599467377534,0.21869429914951258
2023-04-05,,0.2192624320342869,0.21910160928219807
2023-04-06,5179.4204,0.21556785578392243,0.21883124094287973
2023-04-07,5220.0708,0.21269193525706487,0.2179981374503559
2023-04-08,,0.21235909074222642,0.21584746169825522
2023-04-09,,0.2122852373322933,0.2144333102299588
2023-04-10,5178.2808,0.20738232299353426,0.21205728842180824
2023-04-11,5181.4858,0.20746254919015164,0.21043622710305407
2023-04-12,5197.4741,0.21266142797484178,0.21043012564660946
2023-04-13,5162.8628,0.2143345145965505,0.2108252104174743
2023-04-14,5192.0205,0.21662641757658416,0.21169344646633248
2023-04-15,,0.21630189343591255,0.21347736055480815
2023-04-16,,0.21621930433081085,0.21522871158293996
2023-04-17,5227.7842,0.21758557372463028,0.2162135407328977
2023-04-18,5226.2095,0.2151241922084787,0.2163714762552833
2023-04-19,5193.6133,0.21491057023690158,0.2160283067873468
2023-04-20,5182.6411,0.21811022565389085,0.21638997323094245
2023-04-21,5061.4814,0.20702202024383676,0.21455051641354764
2023-04-22,,0.20720062677288742,0.21247352702319908
2023-04-23,,0.20707702321328653,0.2108640932241606
2023-04-24,5015.5239,0.20650709676463666,0.20918339852970766
2023-04-25,4957.2275,0.20604846060176277,0.20677104551928202
2023-04-26,4969.5352,0.20465001346298406,0.2062966441631115
2023-04-27,4986.0073,0.1994110519495648,0.20473872919844696
2023-04-28,5052.5781,0.2084460801744753,0.20501254059068472
2023-04-29,,0.20997085058718384,0.20570529135519416
2023-04-30,,0.20988605784683118,0.20647281080420785
2023-05-01,,0.21031033138274072,0.2076048743881592
2023-05-02,,0.21024600259441392,0.20977186451712898
2023-05-03,,0.2101484456252974,0.2101123376072934
2023-05-04,5062.9556,0.21117404291265227,0.2103529760723871
2023-05-05,5028.9648,0.21103192735103488,0.21058214997322783
2023-05-06,,0.2110123393540158,0.21072255156748287
2023-05-07,,0.21095129561182305,0.21086361017096467
2023-05-08,5075.4214,0.22036597697782997,0.21290711644147117
2023-05-09,5016.6982,0.21707793641187004,0.21408789514131477
2023-05-10,5001.6328,0.21480724174322796,0.21484295801975337
2023-05-11,5001.771,0.21535296067946177,0.21571108228484256
2023-05-12,4940.9409,0.20923203013105815,0.21536722918868959
2023-05-13,,0.2067657255456956,0.21264717890226273
2023-05-14,,0.2067183739357773,0.21057526640704416
2023-05-15,5000.9639,0.207018373618071,0.20901749278201276
2023-05-16,4967.1592,0.20619533408144713,0.20718596746240986
2023-05-17,4972.2549,0.2060848423279037,0.20655652990177895
2023-05-18,4981.4028,0.2080504257846724,0.20681346994957434
2023-05-19,4976.5044,0.20149326744704005,0.20576844865182684
2023-05-20,,0.2014420946332221,0.20465319285485709
2023-05-21,,0.2013909930910073,0.2036923246567691
2023-05-22,4994.7192,0.20196879402286957,0.2028691149957623
2023-05-23,4934.4033,0.19648954695681245,0.2005569392301903
2023-05-24,4895.5996,0.19851188697532604,0.19996066313584748
2023-05-25,4887.8315,0.19619014177517172,0.1989102725642374
2023-05-26,4906.4922,0.1948983834341382,0.19761175063286357
2023-05-27,,0.19481829336419734,0.19618165050112918
2023-05-28,,0.19479527873611036,0.19584279685698874
2023-05-29,4891.395,0.19978816263973473,0.19609805198987046
2023-05-30,4907.7236,0.20550535628612804,0.19796109489206176
2023-05-31,4885.2329,0.20616106815371887,0.20021363183597787
2023-06-01,4896.4546,0.20790190735378256,0.20283035463389493
2023-06-02,4949.2451,0.20617458799768215,0.20510621648620928
2023-06-03,,0.20614200931973714,0.20637698582220976
2023-06-04,,0.20610969733047005,0.20649785403107815
2023-06-05,4944.3584,0.21069724253396796,0.207405088907128
2023-06-06,4870.2979,0.20297568354905773,0.206419844146183
2023-06-07,4868.1655,0.20388741470632138,0.20596240948791084
2023-06-08,4872.3535,0.2010905325544446,0.20495211413485234
2023-06-09,4905.0732,0.21124277250836107,0.20597872917043056
2023-06-10,,0.21105028618596647,0.20604933790083027
2023-06-11,,0.2110396194897654,0.20766212508897178
2023-06-12,4922.6626,0.2098127764865852,0.20884719744502456
2023-06-13,4946.5439,0.21318375916633633,0.21126584276740287
2023-06-14,4954.2358,0.2146583739965969,0.2119489630650501
2023-06-15,5006.3384,0.21419120485179027,0.2125771467982148
2023-06-16,5052.0854,0.21763783706904755,0.21389679031407124
2023-06-17,,0.21764021091684674,0.21546227720012356
2023-06-18,,0.2176263705041803,0.21635079946769237
2023-06-19,5039.2021,0.22469121056737743,0.21835736678184844
2023-06-20,5031.3608,0.22839357634882487,0.22119784108125534
2023-06-21,4944.4326,0.21936749725195567,0.221543773117837
2023-06-22,,0.2192443847404524,0.22186460788255813
2023-06-23,,0.2192291084438142,0.22218515547048492
2023-06-24,,0.21921388001708283,0.221089689360426
2023-06-25,,0.21919869938202943,0.2192507139670669
2023-06-26,4861.9678,0.21274995412263112,0.21792720534120197
2023-06-27,4921.6782,0.21248761426622786,0.2165758512463571
2023-06-28,4911.1406,0.21297219431964204,0.21532446842152267
2023-06-29,4916.1631,0.21523796245940302,0.21452928490998668
2023-06-30,4962.3574,0.21760820007916512,0.21421118504941386
2023-07-01,,0.217898552074951,0.21524090463987783
2023-07-02,,0.21786373548639312,0.21631612888391089
2023-07-03,5004.4282,0.21842575434467443,0.21740684088891732
2023-07-04,5018.9712,0.2212296974007059,0.21860518787717792
2023-07-05,4982.917,0.21868466848497806,0.2188204815583405
2023-07-06,4963.0649,0.21819693351781025,0.21888015784691234
2023-07-07,4937.8364,0.21579050924045917,0.21846551259772556
2023-07-08,,0.21566630665701578,0.21791362306019382
2023-07-09,,0.2156116235926729,0.21679000829858724
2023-07-10,4951.7686,0.21860516773023608,0.2167741081476388
2023-07-11,4987.5083,0.21765602192117353,0.2166659258283115
2023-07-12,4939.9316,0.22293737874039246,0.21809529972829816
2023-07-13,5006.6826,0.22493597478176114,0.2199492333532472
2023-07-14,5006.9863,0.22621169653683723,0.2220692479420801
2023-07-15,,0.22607979285800853,0.2235641729676346
2023-07-16,,0.22602427592871355,0.2252378237691426
2023-07-17,4982.6167,0.2213579781095284,0.22492194364296977
2023-07-18,4972.5068,0.21841409719561639,0.2236175681257408
2023-07-19,4965.7075,0.21722959758008828,0.22182114833439098
2023-07-20,4917.6475,0.21249747195312807,0.2191046841534149
2023-07-21,4912.9604,0.21162298552401904,0.21622442607247602
2023-07-22,,0.21144330419210505,0.21424149128899134
2023-07-23,,0.21138799865321117,0.21283627158051033
2023-07-24,4900.5581,0.2100382218061581,0.2113979964257243
2023-07-25,5008.3105,0.20928137084675702,0.21075477620445007
2023-07-26,4990.0718,0.20437860357698698,0.20930589981504366
2023-07-27,4969.0811,0.20218926748733496,0.2074550924740896
2023-07-28,5048.4375,0.20169958269116578,0.20551740928168058
2023-07-29,,0.20160198036537275,0.2038301609935235
2023-07-30,,0.2015356696266449,0.20228102074950108
2023-07-31,5085.0405,0.2053884248387094,0.20248298500184556
2023-08-01,5075.3325,0.20873208043994684,0.2037915475923679
2023-08-02,5053.1904,0.20472453227975915,0.2043965375100866
2023-08-03,5076.4502,0.1989911778616981,0.20387437700935168
2023-08-04,5095.1533,0.20070906777207798,0.2037090566384383
2023-08-05,,0.20054370048078168,0.20274011176685275
2023-08-06,,0.20051099010145468,0.20109589369915432
2023-08-07,5061.7344,0.20600505592192295,0.20135199842758705
2023-08-08,5044.3872,0.2061705164994092,0.2027878661551293
2023-08-09,5016.0059,0.20064708700643685,0.20277547000200108
2023-08-10,5027.0103,0.20280225364190346,0.2032271806342254
2023-08-11,4926.0972,0.19477835084533435,0.20208065278300139
2023-08-12,,0.1947913731174122,0.1998379162220992
2023-08-13,,0.19470054949469479,0.19754392282115635
2023-08-14,4916.1016,0.19702126767193798,0.19681875895425655
2023-08-15,4892.019,0.19420933334810866,0.1951001748954976
2023-08-16,4848.5972,0.18654502357853825,0.19345350944213838
2023-08-17,4881.9849,0.19361915070735516,0.19321906496012697
2023-08-18,4810.3403,0.18537910799165377,0.19135477665951878
2023-08-19,,0.18488617649907071,0.1889277584249453
2023-08-20,,0.18484941043039013,0.1870557738414016
2023-08-21,4755.1182,0.1863905948185485,0.18702488808940365
2023-08-22,4785.8223,0.18950866598051455,0.18620279114403554
2023-08-23,4701.0122,0.18264241604600986,0.18565545275490675
2023-08-24,4721.729,0.1862371493599972,0.18592564732709205
2023-08-25,4669.7632,0.1764808381009701,0.18425193286120806
2023-08-26,,0.17621400700786313,0.18221661529907096
2023-08-27,,0.17549827441044602,0.17941453698505727
2023-08-28,4718.0024,0.17532906301543033,0.17795186637894136
2023-08-29,4814.3613,0.18304331348259587,0.1773130992034611
2023-08-30,4827.4541,0.1847437720450924,0.17896568599228554
2023-08-31,4799.5811,0.18402318708408127,0.1805275220075292
2023-09-01,4817.8965,0.1860553712735196,0.1826389413801439
2023-09-02,,0.1859985609872773,0.18477284097451327
2023-09-03,,0.1859546675734292,0.18535511179267994
2023-09-04,4888.5835,0.19481317077905738,0.18736899153947295
2023-09-05,4856.5366,0.19559662070204428,0.18968367826306554
2023-09-06,4862.0874,0.19510323414189285,0.1914932508367402
2023-09-07,4786.564,0.19527988779553315,0.19334951619839139
2023-09-08,4782.1445,0.19051693882133972,0.19426197044797347
2023-09-09,,0.19046437019527457,0.1933922103312169
2023-09-10,,0.19041803550870182,0.1923564932925484
2023-09-11,4826.4111,0.19678199267221247,0.19269224499861234
2023-09-12,4820.2075,0.19449961872247146,0.192536191184
2023-09-13,4776.5146,0.19470382210951284,0.19337356784163462
2023-09-14,4760.4082,0.19761409870702762,0.19480351354398523
2023-09-15,4750.0229,0.19635664354003407,0.19599123515025169
2023-09-16,,0.19628461626602323,0.19589175986901383
2023-09-17,,0.19620698921626872,0.1962332339677733
2023-09-18,4769.1543,0.20333243941320037,0.19795895742851083
2023-09-19,4743.3843,0.19941037697975236,0.19831821308305578
2023-09-20,4716.2031,0.19615643854640877,0.19827817208433068
2023-09-21,4680.0586,0.19168009109025919,0.1973572670491779
2023-09-22,4764.9443,0.1923299608159791,0.19658186136911995
2023-09-23,,0.19227681049313558,0.194370735585107
2023-09-24,,0.19222794428391968,0.19293424904594048
2023-09-25,4738.854,0.19345926836081892,0.1923948150088225
2023-09-26,4716.2422,0.19322664252012325,0.1927041252947953
2023-09-27,4733.1914,0.1934336318977586,0.1929248595111512
2023-09-28,4747.2549,0.19558162804980309,0.1935858230224847
2023-09-29,,0.19553802637646767,0.1942478394409943
2023-09-30,,0.1960467846000706,0.19476534268884466
2023-10-01,,0.1954413858872051,0.195208291362261
2023-10-02,,0.19539556115913767,0.19560067721453683
2023-10-03,,0.19534979054609075,0.19555430971379434
2023-10-04,,0.19530407403905278,0.19550751924631138
2023-10-05,,0.1952584116291773,0.19534984465213273
2023-10-06,,0.19521280330778207,0.19530412813624812
2023-10-07,,0.19516724906634833,0.19525846571769026
2023-10-08,,0.19512174889651995,0.19521285738777608
2023-10-09,4734.1919,0.19958967249556817,0.19606997707907917
2023-10-10,4712.1758,0.196046776163712,0.1962276499859861
2023-10-11,4724.4858,0.19232605213018192,0.19565029975046608
2023-10-12,4762.7461,0.19046942017064414,0.1947107339713252
2023-10-13,4727.3765,0.19208865917558718,0.19410411602713867
2023-10-14,,0.19205740085491363,0.19259766169900777
2023-10-15,,0.1920141695079151,0.1917911403678484
2023-10-16,4685.6201,0.1967730941190033,0.19268054876561266
2023-10-17,4692.0557,0.19648185964550885,0.1938830366605856
2023-10-18,4635.8154,0.19997816909001143,0.19546093864347044
2023-10-19,4564.2036,0.1893179449726626,0.19491304746702026
2023-10-20,4525.6245,0.18934852386339088,0.1943799183381154
2023-10-21,,0.18910882791399117,0.19284706509711297
2023-10-22,,0.18909887227055894,0.191370467622123
2023-10-23,4446.6909,0.18318297634742725,0.18801142907360618
2023-10-24,4495.5483,0.18732356936902705,0.18761255395287907
2023-10-25,4534.0161,0.18599306841892846,0.18694146286398658
2023-10-26,4550.853,0.18688836206919307,0.18649736969502695
2023-10-27,4616.6357,0.18583493866913212,0.1858445829747416
2023-10-28,,0.1895886685104329,0.1871257214073427
2023-10-29,,0.18970948471449206,0.18760290447643574
2023-10-30,4663.4907,0.18451838067410167,0.18730796692747037
2023-10-31,4644.6113,0.18409403213303838,0.18674910094023942
2023-11-01,4641.4038,0.18593414151737556,0.18676894150988813
2023-11-02,4604.4424,0.18587967496021848,0.18602714279984522
2023-11-03,4653.8384,0.18837621833065282,0.1857604895230774
2023-11-04,,0.188374709392497,0.18653175526675644
2023-11-05,,0.18836033796596194,0.18738501643334118
2023-11-06,4734.5488,0.1872929891519747,0.18765678596026097
2023-11-07,4739.2085,0.19290988257005504,0.1890628274822283
2023-11-08,4741.2632,0.19620105342892305,0.19062779450188233
2023-11-09,4725.7734,0.1990709430183478,0.19276704122705252
2023-11-10,4703.3721,0.19712894880483117,0.19452076339482635
2023-11-11,,0.19709344071387774,0.19648085370720697
2023-11-12,,0.19704831730564107,0.19730854065432418
2023-11-13,4722.4448,0.20045407861123338,0.19815914569078624
2023-11-14,4740.9961,0.1993890864680922,0.19822277438073513
2023-11-15,4769.4585,0.2020804278516541,0.1992130701900997
2023-11-16,4725.9409,0.20192451733851027,0.20017928551502623
2023-11-17,4741.7764,0.20510867498666124,0.20179135705123025
2023-11-18,,0.20506377820374488,0.20271329696973256
2023-11-19,,0.20502641480092937,0.20384076263629997
2023-11-20,4768.667,0.20606885614049672,0.2046384482940685
2023-11-21,4756.8428,0.20464369849198943,0.20518228452476434
2023-11-22,4706.7573,0.20472030652106346,0.20510461083164477
2023-11-23,4740.8179,0.2061454185749959,0.20532093890589498
2023-11-24,4696.7534,0.20323980430545976,0.20496361680680106
2023-11-25,,0.20319956909514114,0.20438975939772996
2023-11-26,,0.20316884707789976,0.204094789114912
2023-11-27,4681.7515,0.20612642049515473,0.20437601190973026
2023-11-28,4700.5537,0.209088375572629,0.20496460330925687
2023-11-29,4666.6958,0.20842270847972427,0.20600118414410978
2023-11-30,4660.8901,0.20947138380034247,0.20725554708515004
2023-12-01,4670.1191,0.1943486534894168,0.20549150836745347
2023-12-02,,0.19431041818527486,0.20312830790547748
2023-12-03,,0.19426644709465918,0.20016392220988352
2023-12-04,4655.0293,0.19764442394743287,0.19800826530342525
2023-12-05,4569.439,0.18771065183962365,0.19365611891128148
2023-12-06,4584.7573,0.19039602435678166,0.19286559308475443
2023-12-07,4576.8438,0.19356791470241352,0.1927170923881822
2023-12-08,4575.7017,0.18988456776188448,0.19184071652162724
2023-12-09,,0.18984196062423783,0.19028022385698823
2023-12-10,,0.18979939371264534,0.19069797223159257
2023-12-11,4616.606,0.19968347672197784,0.1925554627046318
2023-12-12,4627.2588,0.20189672146963925,0.19422122405807693
2023-12-13,4572.2969,0.19962425114160662,0.19616916073402138
2023-12-14,4552.4518,0.2004651331651518,0.19829379524220417
2023-12-15,4531.8247,0.1983113035053054,0.1999961772007362
2023-12-16,,0.19830129337606517,0.19971974053155367
2023-12-17,,0.19826216839389843,0.1989928299164055
2023-12-18,4489.3057,0.1952136905236291,0.19811071779280998
2023-12-19,4493.874,0.19420058166280746,0.1968578074923411
2023-12-20,4440.2671,0.18920681712520795,0.19503691021632164
2023-12-21,4473.9873,0.19067739913310774,0.19351213136773013
2023-12-22,4448.5288,0.18321370486640054,0.19050243866223054
2023-12-23,,0.18310797147347066,0.18808129485219888
2023-12-24,,0.18305903177466606,0.18585298487457058
2023-12-25,4452.4097,0.18636641793308276,0.18528490503614553
2023-12-26,4407.3709,0.1833592518577139,0.18382127558106678
2023-12-27,4430.6574,0.18625339667335872,0.18442921394245843
2023-12-28,4520.8377,0.1840633426011387,0.184620288167992
2023-12-29,4565.1779,0.18707708912481338,0.1854238996380215
2023-12-30,,0.18703116339652034,0.18555684873070902
2023-12-31,,0.1869345628180866,0.18627191092278356
2024-01-01,,0.18693936702156905,0.18640910499242563
2024-01-02,4532.8621,0.19337943602267343,0.18827232367673255
2024-01-03,4517.3972,0.19801002624564742,0.19045891110089935
2024-01-04,4483.8735,0.19929484964734284,0.19291164835106386
2024-01-05,4429.6126,0.1974845543589536,0.19502164665923727
2024-01-06,,0.19743639365028484,0.19712105198498042
2024-01-07,,0.19738872085069917,0.19792290895058556
2024-01-08,4353.984,0.19633288097690613,0.1975874798968373
2024-01-09,4366.0659,0.19593943209408612,0.19691639638618597
2024-01-10,4338.5867,0.1938463609734191,0.19618875770907906
2024-01-11,4388.9562,0.19025924602430044,0.1947533281838822
2024-01-12,4364.5545,0.19254647706155792,0.19378487942605394
2024-01-13,,0.19245527392290449,0.1930093580152536
2024-01-14,,0.19240639494020817,0.19230275058447802
2024-01-15,4357.2937,0.1929896526833779,0.19213140892646977
2024-01-16,4362.7485,0.19251215606387032,0.19258199093438375
2024-01-17,4257.9449,0.18786178917806426,0.19164505335768506
2024-01-18,4278.9708,0.18397968193649464,0.18994993496040308
2024-01-19,4248.7487,0.17828316674190506,0.18712528932074243
2024-01-20,,0.17801969886400404,0.18413129855686766
2024-01-21,,0.1779648294606466,0.18122183323622293
2024-01-22,4092.2816,0.17077338142219142,0.17780415168504837
2024-01-23,4124.4359,0.17468814582487463,0.17594584446272435
2024-01-24,4180.5605,0.18627152538655403,0.17754351619165415
2024-01-25,4291.5396,0.20545480813954325,0.183030538046762
2024-01-26,4270.7665,0.2139835414308651,0.19023428044080568
2024-01-27,,0.21395729986413328,0.19887106412919406
2024-01-28,,0.21390672074471523,0.2067147791131622
2024-01-29,4189.714,0.21233319168512307,0.211927112372876
2024-01-30,4091.6608,0.20922176407434964,0.21268050355983728
2024-01-31,3990.2123,0.21276969951975105,0.21243773517761447
2024-02-01,3971.2525,0.2013277896913097,0.20991183314304976
2024-02-02,3874.7094,0.20138087351993633,0.20740666369809396
2024-02-03,,0.20131404218605561,0.20520283379828047
2024-02-04,,0.20125741055995602,0.20360996309540175
2024-02-05,3769.1725,0.2083796590311274,0.20273195499767702
2024-02-06,3934.9468,0.20828104281232623,0.20412260562188028
2024-02-07,4001.382,0.21368793455728027,0.20658401782934913
2024-02-08,4096.4091,0.21260243439997847,0.2088416962721337
2024-02-09,,0.21254272106436686,0.21109875837301587
2024-02-10,,0.21248556078259226,0.21191993872330883
2024-02-11,,0.21242843921609597,0.21274941800406277
2024-02-12,,0.21237135636654983,0.21248610236591667
2024-02-13,,0.21231431223575079,0.21242847793307112
2024-02-14,,0.21225730682562005,0.2123713950853218
2024-02-15,,0.21220034013820266,0.21231435095644385
2024-02-16,,0.21214341217566718,0.21225734554835812
2024-02-17,,0.21208652294030467,0.21220037886310905
2024-02-18,,0.21202967243452883,0.21214345090286466
2024-02-19,4155.3781,0.2311451630557713,0.21592102214889491
2024-02-20,4173.5853,0.23000817891461753,0.2194825899041779
2024-02-21,4216.808,0.23012937624132576,0.2230797827173096
2024-02-22,4269.1985,0.24354201183549332,0.22937088049634732
2024-02-23,4308.4332,0.23900406317854844,0.2347657586451513
2024-02-24,,0.238940936717533,0.2363249133775036
2024-02-25,,0.23885000970035372,0.23809327953465081
2024-02-26,4304.5313,0.23115483711564846,0.23829837170951537
2024-02-27,4388.3565,0.23416538686800994,0.23642304671601871
2024-02-28,4256.387,0.23307119176971475,0.235236472434252
2024-02-29,4375.9846,0.23212516692184612,0.23387331847511458
2024-03-01,4412.523,0.2315269615497553,0.23240870884499493
2024-03-02,,0.2315388598679486,0.23248551339545492
2024-03-03,,0.2314895064865548,0.2319503373191639
2024-03-04,4423.4407,0.24667692874619077,0.2346714847144591
2024-03-05,4411.3589,0.24819271268155013,0.2378849938663999
2024-03-06,4414.1171,0.2481019905661222,0.2411999996696733
2024-03-07,4372.9602,0.24799337391150852,0.24449090247838529
2024-03-08,4410.9755,0.25025604333606527,0.2482442098482874
2024-03-09,,0.2503696812205303,0.24898276034315528
2024-03-10,,0.2502848155036918,0.24940118090758362
2024-03-11,4480.5472,0.24833147057062563,0.2494470769084843
2024-03-12,4496.7715,0.2347504393767797,0.24679849000153853
2024-03-13,4486.1692,0.23985806525155695,0.24471889438463687
2024-03-14,4466.2591,0.24207758650276215,0.24306047544108328
2024-03-15,4500.382,0.2400525571915207,0.24101402377864903
2024-03-16,,0.23953343956314851,0.2392544175771536
2024-03-17,,0.2394479926363856,0.24019392822907476
2024-03-18,4561.3726,0.24024953514051423,0.24027222220686623
2024-03-19,4531.8549,0.24036626990939966,0.2399299588881937
2024-03-20,4555.7831,0.2452925658627524,0.2409779606224401
2024-03-21,4551.3417,0.2450241729995421,0.2420761073097188
2024-03-22,4500.3241,0.24577749719910186,0.24334200822226207
2024-03-23,,0.24384326946867865,0.24406075508789496
2024-03-24,,0.24376344240822817,0.24474018958766064
2024-03-25,4435.3308,0.24352900687993898,0.24438747779109793
2024-03-26,4439.4678,0.23714918838983004,0.24281248086915555
2024-03-27,4342.7611,0.2361926299949888,0.24089550742833293
2024-03-28,4398.9736,0.23980876660681893,0.24008860685596098
2024-03-29,4435.1098,0.24538088983257186,0.2404120963408297
2024-03-30,,0.24541998550804653,0.24079029206645122
2024-03-31,,0.24533693995546485,0.2424278423795782
2024-04-01,4519.0707,0.2404509603335544,0.24327950844729132
2024-04-02,4500.5372,0.24309001850235748,0.243935758826399
2024-04-03,4478.8871,0.24642379199147055,0.24414433925817874
2024-04-04,,0.2462779234286468,0.2443159268422988
2024-04-05,,0.24619527903630747,0.24448759465846734
2024-04-06,,0.2461126713753939,0.24561993686683525
2024-04-07,,0.24603010046493373,0.2462079532593505
2024-04-08,4416.1446,0.2544090270362263,0.24780500026830166
2024-04-09,4439.7638,0.25198832875357585,0.24894708133328747
2024-04-10,4380.8903,0.2582373700019994,0.2513554995264259
2024-04-11,4387.4179,0.26155085473934403,0.2544431361992159
2024-04-12,4356.7316,0.26013548152570964,0.25726421241137104
2024-04-13,,0.2598043350164762,0.258343274007421
2024-04-14,,0.25972458417886196,0.25989052509247823
2024-04-15,4368.3113,0.2672963512362906,0.26170232133933646
2024-04-16,4239.2136,0.2658148355596046,0.26255511750338856
2024-04-17,4369.0544,0.26674733251192745,0.2638774877006322
2024-04-18,4370.8841,0.2629528674926513,0.26450719419586716
2024-04-19,4342.403,0.2637317877028142,0.2653086349006576
2024-04-20,,0.2634989856377076,0.26454916178094107
2024-04-21,,0.26332305915262044,0.26405080649954416
2024-04-22,4321.2901,0.25579406106362346,0.2618601522098834
2024-04-23,4301.2628,0.24655322360486306,0.2585802234323258
2024-04-24,4345.7351,0.24786948554203508,0.25540776300016993
2024-04-25,4353.7176,0.24718976251748165,0.2521459183761247
2024-04-26,4427.542,0.24178533433272328,0.24783837341214535
2024-04-27,,0.23733402891144026,0.24414636698170863
2024-04-28,,0.23725599015692886,0.24228692029212184
2024-04-29,4506.2531,0.23140780187658638,0.23899458355903208
2024-04-30,4480.3562,0.23128719406773215,0.23581406986908218
2024-05-01,,0.23119843525974978,0.2336966900544875
2024-05-02,,0.23114965877799545,0.2324598160277985
2024-05-03,,0.23107286915386904,0.23122319182718654
2024-05-04,,0.2309961164845477,0.23114085474877882
2024-05-05,,0.230919400807073,0.23106729609664697
2024-05-06,4556.4887,0.23022486393278943,0.23087258183125492
2024-05-07,4564.1459,0.23065218016894087,0.230773086109444
2024-05-08,4514.7695,0.23638659475234985,0.23183583122914014
2024-05-09,4570.8079,0.23634518149367015,0.23290564423096466
2024-05-10,4552.7143,0.23959869846674545,0.2346415037628992
2024-05-11,,0.2395192638314163,0.23650038374262455
2024-05-12,,0.23944520635350994,0.23825898897953834
2024-05-13,4525.4566,0.24010051789919773,0.23900177360890792
2024-05-14,4532.1805,0.23600336084861875,0.23893340947989766
2024-05-15,4494.5781,0.2320575151301656,0.23742517281258166
2024-05-16,4503.8462,0.22501018366000852,0.2345233567783001
2024-05-17,4555.3299,0.22691721349475077,0.23201775820654827
2024-05-18,,0.2268160615659148,0.22936086693989166
2024-05-19,,0.22674197649673614,0.22750859006951515
2024-05-20,4575.5809,0.2388503175617905,0.22886715055584012
2024-05-21,4546.0698,0.2379888559204006,0.23146288500791856
2024-05-22,4554.4472,0.23650297518782312,0.23338003734653304
2024-05-23,4481.6219,0.23618151168760504,0.23525312737087106
2024-05-24,4435.0462,0.24339995364836453,0.23858472280119675
2024-05-25,,0.2432995282012878,0.23947456492909622
2024-05-26,,0.24321458987083708,0.24051971171918352
2024-05-27,4476.8058,0.2494628864886651,0.24311169397935192
2024-05-28,4439.0381,0.2576665599700374,0.2474087036358384
2024-05-29,4446.5073,0.2607910693330237,0.2508869267727702
2024-05-30,4425.2234,0.25549318621484746,0.25332565837548215
2024-05-31,4426.3293,0.2528451904838324,0.2552517784980812
2024-06-01,,0.2527612671254476,0.2559114546254377
2024-06-02,,0.25267736555304854,0.2549136157420399
2024-06-03,4402.9872,0.257851861997118,0.25432577427485886
2024-06-04,4425.0451,0.2553256165329788,0.25429226033848507
2024-06-05,4379.6327,0.2542870793958848,0.2545806381208956
2024-06-06,4327.8137,0.26101217640799557,0.25623081997740516
2024-06-07,4333.6119,0.2658033090040539,0.2588560086676062
2024-06-08,,0.26567931957231417,0.2604215001826454
2024-06-09,,0.26559719048947006,0.2624758149739437
2024-06-10,,0.2655150844356992,0.26472141598190657
2024-06-11,4328.2667,0.2599503819717262,0.2645090570946527
2024-06-12,4346.8879,0.26759491774659244,0.2648673788431605
2024-06-13,4325.4072,0.26825938019237827,0.2653833909671733
2024-06-14,4340.2543,0.26110586304776445,0.26448512547883213
2024-06-15,,0.26103001435987067,0.2635881114636664
2024-06-16,,0.2609489031495514,0.2637878156992315
2024-06-17,4333.9212,0.25467002568122066,0.26120283728615706
2024-06-18,4360.6621,0.25705630031630716,0.2589622213109429
2024-06-19,4333.8946,0.259128929965025,0.258566834694395
2024-06-20,4279.4251,0.2635390300884686,0.2590686378401146
2024-06-21,4275.5397,0.26210572637577956,0.25930000248536017
2024-06-22,,0.26201003644843596,0.26076800463880323
2024-06-23,,0.2619257732766642,0.26174189923087465
2024-06-24,4198.4928,0.2609633182409925,0.26210877688606815
2024-06-25,4174.5527,0.25951088379310777,0.26130314762699597
2024-06-26,4238.4196,0.2597391644603395,0.26082983524390796
2024-06-27,4181.3884,0.2563760323510841,0.25970303442443765
2024-06-28,4199.3747,0.26901340497583703,0.2611205607642722
2024-06-29,,0.2689415623012394,0.2627162095763215
2024-06-30,,0.26884610019496674,0.2645832528566934
2024-07-01,4230.951,0.2787174237414796,0.26837890471292136
2024-07-02,4215.4878,0.2805132751757467,0.27320635327785386
2024-07-03,4192.7359,0.2789120319004689,0.2751860786627803
2024-07-04,4137.9276,0.27901081895305807,0.277199929993144
2024-07-05,4149.9424,0.276317114931138,0.27869413294037826
2024-07-06,,0.2762599855531859,0.27820264530271954
2024-07-07,,0.27618413346997406,0.277336816961565
2024-07-08,4086.8971,0.2828149762207922,0.27811740582562966
2024-07-09,4152.2358,0.2864379648607553,0.2796028350071691
2024-07-10,4134.8016,0.275346957794574,0.27940880357985626
2024-07-11,4214.7016,0.27792440676962193,0.2797416878231435
2024-07-12,4213.648,0.27361091487257294,0.2792270441036633
2024-07-13,,0.27376244880887024,0.2774165386212789
2024-07-14,,0.27368952956379,0.27486685156188584
2024-07-15,4192.386,0.2807555179605972,0.27594856359509046
2024-07-16,4213.0957,0.2825810707901151,0.2768798963991891
2024-07-17,4194.0183,0.2711371342955541,0.2763851402837853
2024-07-18,4210.7645,0.2761694374005887,0.276866538002129
2024-07-19,4227.3695,0.27435306435086376,0.27699924495954376
2024-07-20,,0.2742756315646801,0.2757032676803603
2024-07-21,,0.27419750242671503,0.27402655400768033
2024-07-22,4218.1778,0.26990568442438506,0.2737802640334465
2024-07-23,4120.8518,0.2651157776333482,0.2715695320799984
2024-07-24,4079.097,0.27073676571070826,0.27084627235196734
2024-07-25,4070.4083,0.2636104603060546,0.2687132381002423
2024-07-26,4111.5559,0.26000428664126013,0.26587459494315124
2024-07-27,,0.2598757842245154,0.26386861490317737
2024-07-28,,0.25983551957290363,0.26281256329108843
2024-07-29,4098.0432,0.26281390011351774,0.26122799017165027
2024-07-30,4090.8662,0.2480805017983885,0.2581219984701171
2024-07-31,4210.7578,0.2513761522860599,0.256396371599077
2024-08-01,4193.3057,0.25574632866230773,0.2555704804866355
2024-08-02,4143.6852,0.24743707885944496,0.2530907923439437
2024-08-03,,0.24753510387411823,0.25003503309606384
2024-08-04,,0.2475336233366118,0.24992565740370853
2024-08-05,4067.3253,0.23308997810630075,0.24626842256775666
2024-08-06,4098.7394,0.23415155155150255,0.24194946714559565
2024-08-07,4098.2141,0.2438639751236176,0.24123484639843018
2024-08-08,4095.6687,0.2387907604540646,0.23948597771441946
2024-08-09,4074.5521,0.24108190968466933,0.23819563498403099
2024-08-10,,0.2410781938126016,0.2397932781252911
2024-08-11,,0.24107673512258165,0.24117831483950694
2024-08-12,4059.7773,0.24225516043373196,0.24085655190152983
2024-08-13,4076.4095,0.24493719424049434,0.24208583865881578
2024-08-14,4043.1121,0.24681213494976986,0.2432318837118359
2024-08-15,4080.1328,0.25323110762989876,0.24566246647529527
2024-08-16,4072.6531,0.25466962664795667,0.24838104478037032
2024-08-17,,0.254509582759085,0.25083192924544095
2024-08-18,,0.25443010030026164,0.25273051045739436
2024-08-19,4078.0505,0.256317906439059,0.2546316647552522
2024-08-20,4028.8527,0.24200824464963766,0.25238709215919997
2024-08-21,4014.7491,0.2392492125974641,0.24930300934910146
2024-08-22,3982.4303,0.24208764670239033,0.24681862213776254
2024-08-23,3989.1201,0.2380816359398683,0.2435489292656839
2024-08-24,,0.23796590472764043,0.23987852892340017
2024-08-25,,0.2391498275104679,0.2393068454955662
2024-08-26,3999.0746,0.24252644447264768,0.23996229187060295
2024-08-27,3961.6986,0.24970127526981775,0.24148501758408844
2024-08-28,3956.3542,0.24851557452912829,0.2435718053019404
2024-08-29,3978.8921,0.23293154937188718,0.24256493423078976
2024-08-30,4043.6315,0.23113547032913537,0.24096206279452326
2024-08-31,,0.23063639571066163,0.23858405304212607
2024-09-01,,0.23063484822968328,0.23477076763409915
2024-09-02,3971.6889,0.23791249914834775,0.23265015255794302
2024-09-03,3996.9862,0.2245368552272273,0.23097121372901105
2024-09-04,3973.3605,0.21483090993930934,0.22771030165104586
2024-09-05,3991.1031,0.20922141538036818,0.2234273055849872
2024-09-06,3942.4562,0.20339843934363297,0.2179800238077771
2024-09-07,,0.20339134288900765,0.21107579255590908
2024-09-08,,0.20338984492625561,0.20684639049571474
2024-09-09,3908.8328,0.19305001540579195,0.20249021158901126
2024-09-10,3916.7744,0.19465277460180455,0.19957648343329853
2024-09-11,3907.9708,0.1842510916309975,0.19574701389077148
2024-09-12,3893.7332,0.18785865768885146,0.1926404768507402
2024-09-13,3863.6721,0.1886716937832062,0.18969684662213032
2024-09-14,,0.1886563132885253,0.18881810619867698
2024-09-15,,0.1886548868202404,0.18761852864236417
2024-09-16,,0.18865346704971134,0.18849900372610692
2024-09-17,,0.1886520539533884,0.18865768297901434
2024-09-18,3865.8215,0.1961723787966063,0.19015781998169437
2024-09-19,3916.1655,0.19624509105640078,0.19167557553526945
2024-09-20,3912.5495,0.19830639319186416,0.1936058768095942
2024-09-21,,0.19825796348016939,0.1955267760956858
2024-09-22,,0.1982095540180633,0.19743827610862077
2024-09-23,3921.0134,0.20564700218450918,0.19933320078620137
2024-09-24,4079.2128,0.22722024819246134,0.20552823221341346
2024-09-25,4131.1913,0.22987904615460236,0.2118427628059611
2024-09-26,4296.84,0.23784967450536068,0.21976110501099938
2024-09-27,4504.4061,0.23824503844350328,0.22776820189608737
2024-09-28,,0.2381980604077241,0.23427841354073037
2024-09-29,,0.23815109745974158,0.23646458339418638
2024-09-30,4941.7275,0.25430205574299475,0.24134918531186492
2024-10-01,,0.25424187617521987,0.24462762564583676
2024-10-02,,0.25416912644878686,0.24781244324689347
2024-10-03,,0.25409640297997166,0.25099211176134295
2024-10-04,,0.2540237057850819,0.254166633426411
2024-10-05,,0.2539510348804507,0.2540964292539022
2024-10-06,,0.2538783902824367,0.25402373207534557
2024-10-07,,0.253805772007424,0.253951061187073
2024-10-08,5294.792,0.25176275319106906,0.2534843312292925
2024-10-09,4899.6543,0.2550451965563353,0.25368862938354314
2024-10-10,4907.319,0.26266188821559205,0.25543080005057145
2024-10-11,4742.1827,0.25831159306039203,0.25631744060616246
2024-10-12,,0.25821984939534887,0.25720025608374747
2024-10-13,,0.2581391064766815,0.25847552674086993
2024-10-14,4864.2238,0.2653917081446412,0.26054482905853116
2024-10-15,4754.9405,0.2550527592556213,0.25902300326653693
2024-10-16,4745.3126,0.24881761503981603,0.2571242076624218
2024-10-17,4710.3352,0.24994434288357587,0.2554691063600672
2024-10-18,4889.4013,0.2613333702852718,0.2561079591217853
2024-10-19,,0.26097976920178206,0.25522557133321344
2024-10-20,,0.2609143441894049,0.2563978883199701
2024-10-21,4944.9284,0.26549677498695007,0.25973372030939695
2024-10-22,4977.758,0.25812899904306513,0.2613706515412948
2024-10-23,4995.4101,0.25943646072934484,0.2609912696301094
2024-10-24,4957.3711,0.2559543900177249,0.25998619379329796
2024-10-25,5022.5303,0.2502825300793768,0.25785983097129234
2024-10-26,,0.24273782000612015,0.2533080399751264
2024-10-27,,0.24265817198857412,0.25021387456422817
2024-10-28,5081.5979,0.24057338440758733,0.24644125929987667
2024-10-29,5020.5098,0.23894480306576918,0.24303934190948553
2024-10-30,5013.6678,0.236471097795456,0.24027705545270134
2024-10-31,5054.3226,0.23890770002781977,0.23951103145704128
2024-11-01,4976.8841,0.2307266437718559,0.23712472581369765
2024-11-02,,0.23065050032083695,0.23514014899634755
2024-11-03,,0.23057990465829017,0.23346716931485173
2024-11-04,5061.8783,0.23588727537445528,0.23335040483065161
2024-11-05,5212.045,0.2432631110677099,0.23422148703862966
2024-11-06,5218.0346,0.24066098144159617,0.23620835457257772
2024-11-07,5350.1851,0.23651466634299514,0.23738118777700934
2024-11-08,5330.5147,0.24202367837914543,0.2396699425211804
2024-11-09,,0.24192302088410547,0.24087709162311038
2024-11-10,,0.2418191517414146,0.24058829975785137
2024-11-11,5407.365,0.249489082002167,0.24235391986996552
2024-11-12,5344.8833,0.2421368817520463,0.24347836295177577
2024-11-13,5359.6833,0.24689491581762943,0.24445261043947256
2024-11-14,5229.5623,0.23638695355025935,0.24334539697270335
2024-11-15,5120.602,0.23284525199444572,0.24155061702330957
2024-11-16,,0.23275702533191564,0.23820420568925932
2024-11-17,,0.23263782432397243,0.23630439420364452
2024-11-18,5046.4506,0.22682883009358173,0.232291177058835
2024-11-19,5125.5366,0.22932516556524676,0.23087881946183245
2024-11-20,5182.5554,0.23123016450456887,0.23055580196385708
2024-11-21,5189.8625,0.23325365080515653,0.23065512705850527
2024-11-22,5014.2224,0.22295248196201917,0.2287180585861146
2024-11-23,,0.22286761726677026,0.22792581602075232
2024-11-24,,0.22277736582457455,0.22661625607261787
2024-11-25,5017.7428,0.22177440410617424,0.22472510399293893
2024-11-26,4984.1892,0.21585067893993362,0.22124450961989436
2024-11-27,5076.9522,0.22324192536782883,0.2213023983010563
2024-11-28,5050.4115,0.2224905065754854,0.22122697616279932
2024-11-29,5122.2044,0.2327828639833199,0.2232280757945484
2024-11-30,,0.23268692121197102,0.22541057921570778
2024-12-01,,0.2326285183261778,0.2287661470929566
2024-12-02,5199.6527,0.23615937798996442,0.23134963761738372
2024-12-03,5203.1262,0.2362684867274086,0.23410523364776833
2024-12-04,5153.1801,0.2394251716035362,0.23543369517181162
2024-12-05,5179.6643,0.24512737977279475,0.23792178688397633
2024-12-06,5240.2152,0.24536579232377764,0.24046924168349632
2024-12-07,,0.24526847915638839,0.24229106191678113
2024-12-08,,0.24518746482103104,0.24407485753550562
2024-12-09,5221.1887,0.2447024550297917,0.24513031422075668
2024-12-10,5260.6148,0.24368224917099546,0.24484128810039682
2024-12-11,5291.3625,0.24667694989535915,0.24510351961471316
2024-12-12,5339.9429,0.246275772584182,0.24530497830027187
2024-12-13,5229.8204,0.24768346261064295,0.24580417785819425
2024-12-14,,0.2476151950388335,0.24638672586000263
2024-12-15,,0.24754247806539093,0.24715877163888172
2024-12-16,5188.513,0.2531557221537425,0.24845452609055835
2024-12-17,5120.777,0.24778539980587871,0.24875645153489773
2024-12-18,5152.8923,0.2527310843065661,0.24976597587408236
2024-12-19,5158.2678,0.25077338251902515,0.2503976133701207
2024-12-20,5173.2699,0.25023852784259804,0.2509368233255621
2024-12-21,,0.25014813677116193,0.250335306249046
2024-12-22,,0.2500933113112426,0.2507968885501188
2024-12-23,5087.8783,0.2451365601241922,0.249277983713644
2024-12-24,5145.9493,0.2464281524358622,0.2484089376970114
2024-12-25,5104.5381,0.2524926649874976,0.2488597651259913
2024-12-26,5135.19,0.2534842922290739,0.24952699621757368
2024-12-27,5141.7851,0.2514834216728973,0.24980501828990462
2024-12-28,,0.25141853584166335,0.2510614134333989
2024-12-29,,0.2513512573261064,0.25204603441144774
2024-12-30,5136.5032,0.2553944471520362,0.25262639084435545
2024-12-31,5021.8567,0.25175050763776746,0.2522796339260941
2025-01-01,,0.2516868924889213,0.25232032808929894
2025-01-02,4889.8809,0.2459096048712267,0.25121854189521164
2025-01-03,4781.71,0.2381722704854258,0.2485827445270755
2025-01-04,,0.23807477257126836,0.24511880961092194
2025-01-05,,0.23799409409422417,0.24236752690221325
2025-01-06,4767.2041,0.22623218035997092,0.23727658447642316
2025-01-07,4829.9149,0.23022194735679188,0.23413905297353624
2025-01-08,4822.266,0.23484401453490475,0.23347340178343198
2025-01-09,4822.3855,0.23045596319085812,0.23194963990734996
2025-01-10,4735.1749,0.21924596080852118,0.2282000132502094
2025-01-11,,0.2191935197326788,0.22679228112475097
2025-01-12,,0.219141604931628,0.22457621263971816
2025-01-13,4732.1087,0.21836421319742083,0.2212802523722214
2025-01-14,4902.0367,0.23476740256732567,0.22214254024751487
2025-01-15,4872.2943,0.23341226206970533,0.22497580049975174
2025-01-16,4889.5614,0.23747785859342427,0.22863266827190082
2025-01-17,4905.9161,0.2329076107966754,0.23138586944491032
2025-01-18,,0.23290435993799827,0.23429389879302578
2025-01-19,,0.23283369582051627,0.23390715744366392
2025-01-20,4935.1282,0.23133085033571796,0.23349087509686642
2025-01-21,4943.4592,0.23400826631319402,0.2327969566408204
2025-01-22,4898.2979,0.2309395939769903,0.23240335327688336
2025-01-23,4894.4501,0.23054193927566421,0.23193086914441655
2025-01-24,4948.9252,0.23424637209489407,0.2322134043992921
2025-01-25,,0.2342515644804328,0.2327975472282351
2025-01-26,,0.23419983822156182,0.23283586160990866
2025-01-27,4905.415,0.22702400072138149,0.23205274295878686
2025-01-28,,0.22697752905592947,0.2313398609148399
2025-01-29,,0.22692680219399916,0.22987594693466096
2025-01-30,,0.22687613126713543,0.2284008602920015
2025-01-31,,0.22682551631396616,0.22692599591048235
2025-02-01,,0.2267749573731099,0.22687618724082803
2025-02-02,,0.22672445448317585,0.2268255723262773
2025-02-03,,0.22668177377256582,0.2267765666419906
2025-02-04,,0.22663913316813292,0.22672916702219012
2025-02-05,4913.1304,0.23322092591229132,0.22800824894185517
2025-02-06,5008.717,0.24657493064141037,0.23196824359551527
2025-02-07,5080.4359,0.24823027583993473,0.236269407866867
2025-02-08,,0.24814275947909673,0.2405616050081732
2025-02-09,,0.24805530931625688,0.244844840237798
2025-02-10,5127.2469,0.25839546289610327,0.2498797476345604
2025-02-11,5106.7693,0.26356273676924535,0.25327730886012734
2025-02-12,5167.2869,0.26866357726877615,0.25736396914589565
2025-02-13,5133.1056,0.2630049571332838,0.26033640867673313
2025-02-14,5165.1686,0.26275304510678277,0.26327595583483826
2025-02-15,,0.2645527923157835,0.2645074217187743
2025-02-16,,0.26445549258706025,0.2646859728823373
2025-02-17,5192.6154,0.26245281877340915,0.26344382118326387
2025-02-18,5107.5598,0.2539089123554178,0.26162461222769073
2025-02-19,5186.1747,0.2583011323639589,0.2607342296791259
2025-02-20,5199.9026,0.2596625048770557,0.25975617219138036
2025-02-21,5271.4195,0.26813576015981955,0.2604922257059322
2025-02-22,,0.26806331704328634,0.2616143253599077
2025-02-23,,0.26797322586762723,0.26442718806234955
2025-02-24,5269.5145,0.2598287332151332,0.26473270823258443
2025-02-25,5226.6677,0.2627628819029179,0.26535278363775683
2025-02-26,5285.7303,0.2578015565953169,0.2632859429248563
2025-02-27,5281.5282,0.2519555786269291,0.26006439524158487
2025-02-28,5137.9698,0.23726566407385213,0.2539228828828299
2025-03-01,,0.23721479899038983,0.24940009603788119
2025-03-02,,0.23711517792588604,0.2442705552424748
2025-03-03,5144.8037,0.23582651646787953,0.23987554721698734
2025-03-04,5176.5321,0.2339567102116543,0.23627577353393234
2025-03-05,5201.0337,0.2420060966411579,0.23722386004739354
2025-03-06,5285.3792,0.25051049176815604,0.23988299860294676
2025-03-07,5262.8346,0.24786787679660743,0.24203353837709102
2025-03-08,,0.24790199102506094,0.2444486332885273
2025-03-09,,0.2478032861342212,0.2472179484730407
2025-03-10,5260.9313,0.24394449069158322,0.2476056272831258
2025-03-11,5280.7371,0.2436918488093306,0.24624189869136068
2025-03-12,5280.8958,0.2499522641742705,0.2466587761668933
2025-03-13,5234.9372,0.24586465698991192,0.24625130935986345
2025-03-14,5341.0791,0.2472613537477851,0.24614292288257628
2025-03-15,,0.24699651310417967,0.24675332736509556
2025-03-16,,0.2468945410963646,0.24739386582250233
2025-03-17,5348.1072,0.24376093403527482,0.24615559979470322
2025-03-18,5366.7228,0.24452428471985985,0.24588752534069283
2025-03-19,5349.567,0.24267349066277197,0.2449699527236902
2025-03-20,5317.3979,0.24418061633018137,0.24440677336889052
2025-03-21,5228.7153,0.2330114687129923,0.24163015889221606
2025-03-22,,0.23225215663771326,0.23932840341270376
2025-03-23,,0.23346696319863508,0.2371169391084588
2025-03-24,5214.73,0.23184895145176257,0.2349520312662569
2025-03-25,5195.4124,0.22420541794204824,0.23095699158863026
2025-03-26,5201.7543,0.22508673077486582,0.22937204400100497
2025-03-27,5202.5216,0.22371709375955406,0.22766503142537314
2025-03-28,5161.0088,0.22321373976088177,0.2256143867378225
2025-03-29,,0.223506245630539,0.2239458455735778
2025-03-30,,0.22342387726114085,0.2237895374373963
2025-03-31,5117.2913,0.22436461228553545,0.2236451137395302
2025-04-01,5136.2041,0.21837022599559783,0.22257574018673898
2025-04-02,5139.7158,0.2167869672497418,0.22129038568451098
2025-04-03,5100.4322,0.218915533154166,0.22037224318923637
2025-04-04,,0.2188956182916789,0.21946659139534402
2025-04-05,,0.21881534104843162,0.21835673714792322
2025-04-06,,0.21873514031065647,0.21842972001093494
2025-04-07,4628.2407,0.1789758563048322,0.21086749782195305
2025-04-08,4674.5426,0.18710584352224374,0.2045055598955686
2025-04-09,4755.1606,0.19461366045095843,0.1996491683274245
2025-04-10,4846.7492,0.20726010284461793,0.19733812068666173
2025-04-11,4880.6828,0.21038135490404622,0.1956673636053397
2025-04-12,,0.210261795246766,0.20192455139372645
2025-04-13,,0.210208736650185,0.2065451300193147
2025-04-14,4924.7538,0.22175623337134942,0.2119736446033929
2025-04-15,4919.7316,0.22155150929760148,0.2148319258939896
2025-04-16,4893.4903,0.2226412832692003,0.21728391156702043
2025-04-17,4899.7635,0.21814019868650342,0.21885959225496793
2025-04-18,4899.6259,0.21705956060784362,0.22022975704649966
2025-04-19,,0.21712531336640953,0.21930357304551168
2025-04-20,,0.217059804103813,0.218405232006754
2025-04-21,4955.4689,0.22528348355490158,0.21893367206389422
2025-04-22,4953.1022,0.22653467174464756,0.22061256667552306
2025-04-23,4970.402,0.22761002904038924,0.22272266036203217
2025-04-24,4946.0798,0.22332165429603693,0.22396192854795766
2025-04-25,4956.1612,0.22532243474535638,0.22561445467626634
2025-04-26,,0.22197032615564488,0.22495182319641502
2025-04-27,,0.2218967188682573,0.22402423262113694
2025-04-28,4926.0366,0.2191593307144794,0.22233409295595497
2025-04-29,4935.83,0.21271382107772605,0.2202125263122928
2025-04-30,4956.0792,0.22468793998251624,0.22008562735972478
2025-05-01,,0.22509862443269865,0.22071128701513554
2025-05-02,,0.22503569977843838,0.22133908319717172
2025-05-03,,0.22497284496398431,0.22250178604707274
2025-05-04,,0.22491006004609781,0.22494103384074707
2025-05-05,,0.22484734508154233,0.2249729148605523
2025-05-06,5046.971,0.23088235235773483,0.22612966044555952
2025-05-07,5072.3134,0.23362020074190704,0.22784656063825323
2025-05-08,5106.6309,0.24151217018458024,0.23115442568237246
2025-05-09,5071.1068,0.23234739870503732,0.23264189341416036
2025-05-10,,0.23227483891440256,0.2341273921807324
2025-05-11,,0.23218031683512935,0.2343869850762113
2025-05-12,5136.7816,0.2415912844480694,0.23598120181744378
2025-05-13,5133.1114,0.2353872445119144,0.2347562166829106
2025-05-14,5168.2091,0.23657946591776233,0.2356026301254556
2025-05-15,5109.1193,0.2304430597916024,0.2352362743008956
2025-05-16,5107.7305,0.23090210024869012,0.23498063098360772
2025-05-17,,0.23080458426303982,0.23282329094660179
2025-05-18,,0.23070134676786483,0.23188611139779186
2025-05-19,5116.5152,0.23167839916472152,0.23090589804718373
2025-05-20,5150.8819,0.23254868318138755,0.23132702272514077
2025-05-21,5155.1355,0.23320680345690104,0.23178796336678292
2025-05-22,5122.6554,0.23323245311828175,0.23227353713783133
2025-05-23,5075.3741,0.22952007896109614,0.2320372835764776
2025-05-24,,0.22959292585442034,0.23162018891441738
2025-05-25,,0.2294977920434978,0.2310100106868394
2025-05-26,5082.5339,0.23105808603119143,0.2305802672016975
2025-05-27,5067.4346,0.2281221922196099,0.22955821502196314
2025-05-28,5057.1482,0.23265923420091247,0.2301860460699264
2025-05-29,5116.5032,0.23659325602230855,0.23158611210350402
2025-05-30,5074.2899,0.2326906965599584,0.23222469300679616
2025-05-31,,0.23262151428684383,0.23253737865792662
2025-06-01,,0.23252429587263576,0.2334177993885318
2025-06-02,,0.23242718653048433,0.2333713898544462
2025-06-03,5100.5836,0.23200967805245454,0.2324546742604754
2025-06-04,5136.9525,0.2307313135493003,0.23206279765834376
2025-06-05,5158.5486,0.23708823698480236,0.23295614219793545
2025-06-06,5156.209,0.2317589327900328,0.23280306958141486
2025-06-07,,0.23166126179779056,0.23264988463487613
2025-06-08,,0.2315681863026418,0.23256158628491358
2025-06-09,5195.2338,0.23429474267937983,0.23327427211092946
2025-06-10,5159.8043,0.23065984990121796,0.23198859469421257
2025-06-11,5193.2354,0.2451209725910797,0.23466100265442197
2025-06-12,5199.8212,0.24545769096839118,0.23742028848854208
2025-06-13,5142.4288,0.2527079836609999,0.2416482479602137
2025-06-14,,0.2526576231741147,0.24532082405916067
2025-06-15,,0.25256217599809283,0.24970128927853566
2025-06-16,5170.3295,0.25663343836923097,0.25200378243416593
2025-06-17,5165.0808,0.2597917789620609,0.25487060003289985
2025-06-18,5165.2194,0.2632785256264125,0.25698470842598237
2025-06-19,5103.1296,0.2635386770788645,0.2591609192069323
2025-06-20,5087.2637,0.254701075524827,0.2595886991122792
2025-06-21,,0.2547125859131988,0.2592045286210728
2025-06-22,,0.25463222607713276,0.2581726180440871
2025-06-23,5130.6655,0.26356319030519115,0.25822955097984285
2025-06-24,5210.4489,0.2615334374262884,0.2578285030493276
2025-06-25,5282.724,0.26810338671551653,0.26050896528746553
2025-06-26,5267.7059,0.2704587717338077,0.2636582024515873
2025-06-27,5268.1694,0.26534947406225856,0.2658016520486125
2025-06-28,,0.26518160203288166,0.26612533439415054
2025-06-29,,0.26503484328288046,0.26682561556546897
2025-06-30,5314.872,0.26867689713448273,0.26694031764926224
2025-07-01,5329.0521,0.2633346332268364,0.265515489947868
2025-07-02,5307.7694,0.257422551706216,0.26393010547665946
2025-07-03,5340.1446,0.2541477107298234,0.2617233272160478
2025-07-04,5332.3804,0.2560325118508895,0.2599228609296496
2025-07-05,,0.25589266848244274,0.2573660151992416
2025-07-06,,0.255721836004718,0.25584345575481793
2025-07-07,5330.8713,0.2580845741291921,0.25597586023941316
2025-07-08,5388.44,0.26007367180440855,0.25716105245433013
2025-07-09,5378.6626,0.2599618347741925,0.2579469170389908
2025-07-10,5398.9415,0.2571251266487203,0.25819340867224627
2025-07-11,5423.4645,0.25744135505612403,0.25853731248252754
2025-07-12,,0.2572696044486754,0.2583743185464241
2025-07-13,,0.25714192962997384,0.2577879701115372
2025-07-14,5432.5038,0.25466330381583896,0.25672826391986653
2025-07-15,5421.5253,0.2566039005301053,0.25662401869614354
2025-07-16,5424.5683,0.2555396060089507,0.25624366888670885
2025-07-17,5475.4651,0.25762360438441306,0.25631446887385634
2025-07-18,5499.2731,0.25506307643747717,0.25589869823535705
2025-07-19,,0.2550149299976392,0.25596902347171707
2025-07-20,,0.2548905546527453,0.25562635429624503
2025-07-21,5549.6797,0.2536853045492736,0.25525549400430964
2025-07-22,5583.482,0.25241245922650823,0.2542132649727287
2025-07-23,5567.8227,0.24991945724552486,0.2531845411343382
2025-07-24,5627.8596,0.24983194483119817,0.25214794410105
2025-07-25,5620.729,0.2500514145179478,0.2511801160740906
2025-07-26,,0.2500535074931167,0.2504537566628592
2025-07-27,,0.24993226647304573,0.24995771811216666
2025-07-28,5640.9018,0.2518789071024415,0.25034960808355
2025-07-29,5666.3109,0.24692833882739562,0.2497688868827895
2025-07-30,5643.6047,0.24615629102304945,0.2489898621838098
2025-07-31,5567.1021,0.24870165558413343,0.24871949180201317
2025-08-01,5559.6384,0.2452062729319941,0.2477742930938028
2025-08-02,,0.24505193772164593,0.24640889921764372
2025-08-03,,0.24493205349378575,0.24600964215092175
2025-08-04,5601.6675,0.24637261207247943,0.24605290636080773
2025-08-05,5645.2615,0.24751009875562208,0.24581459499510547
2025-08-06,5680.05,0.24961319319594963,0.24669597904789656
2025-08-07,5679.9163,0.250260466174431,0.24773768473845353
2025-08-08,5667.6804,0.24812878598442187,0.24837703123658078
2025-08-09,,0.2472260511147466,0.2485477190450342
2025-08-10,,0.24712857561397053,0.24847141441670395
2025-08-11,5723.5767,0.24627513556224487,0.24780380288996295
2025-08-12,5743.056,0.2496645952148229,0.24768462869804136
2025-08-13,5801.5876,0.252991077174894,0.24865708693613575
2025-08-14,5751.9262,0.25156216000493026,0.24952430871417253
2025-08-15,5834.9163,0.25202799452450914,0.2505041924962802
2025-08-16,,0.25194289842416256,0.25163774506866377
2025-08-17,,0.25181542873268487,0.2520679117722362
2025-08-18,5916.3394,0.2539835580826509,0.2522664079537875
2025-08-19,5913.6159,0.2535468258027497,0.2526633411133514
2025-08-20,5970.6991,0.25286540788476786,0.25283082378540317
2025-08-21,5962.9908,0.2541500642868807,0.25327225695794675
2025-08-22,6060.8219,0.2551280953512939,0.25393479028166854
2025-08-23,,0.254892510825608,0.25411658083026
2025-08-24,,0.25462902867108594,0.2543330214039273
2025-08-25,6170.1733,0.2512376971420512,0.25400747925538397
2025-08-26,6164.6898,0.2488560452569484,0.2529486754493975
2025-08-27,6057.2485,0.24993455998826497,0.2519099683767917
2025-08-28,6152.9877,0.25411580610866047,0.25175462743340216
2025-08-29,6175.7365,0.2542967754622737,0.25168817679163974
2025-08-30,,0.254914321146662,0.2524235015925619
2025-08-31,,0.25477742165768746,0.25360777687270974
2025-09-01,6225.5086,0.2590926238260772,0.25543938964027213
2025-09-02,6133.6321,0.25497708931693663,0.2556116462819274
2025-09-03,6060.7115,0.25469466985105144,0.2556912251596829
2025-09-04,5938.1473,0.24780507556524464,0.2542693760433995
2025-09-05,6090.9215,0.2495017785811912,0.2532142474281002
2025-09-06,,0.24939258722579055,0.2512742401080429
2025-09-07,,0.2492931501340596,0.2501374522714675
2025-09-08,6133.7657,0.2453438184339612,0.24826728198804943
2025-09-09,6078.9976,0.2421794221553898,0.24714215130607844
2025-09-10,6092.3103,0.24353230919555208,0.24594825742895066
2025-09-11,6230.1725,0.24663716252887583,0.2453971724895677
2025-09-12,6220.3379,0.24990837393830984,0.24552021725041775
2025-09-13,,0.2495672597347906,0.2463649055105836
2025-09-14,,0.2494674543075052,0.24782251194100668
2025-09-15,6225.9176,0.24755865913092606,0.2486277819280815
2025-09-16,6255.6584,0.24516323746202662,0.24833299691471167
2025-09-17,6297.6823,0.24925650372679703,0.2482026228724091
2025-09-18,6229.0207,0.2498600880922896,0.2482611885439089
2025-09-19,6209.368,0.24638593650430712,0.24764488498326925
2025-09-20,,0.24637856376715486,0.24740886591051506
2025-09-21,,0.24631949463649544,0.2476401173454088
2025-09-22,6241.6844,0.25558506225281347,0.2489058290506121
2025-09-23,6202.5976,0.2574575597260229,0.25042532337735873
2025-09-24,6289.6762,0.25905301194251296,0.25295873846499994
2025-09-25,6300.644,0.26581824761710016,0.256846675234989
2025-09-26,6224.9086,0.2627853158718245,0.2601398394820548
2025-09-27,,0.26273380113001116,0.26156958725749435
2025-09-28,,0.2626334147550888,0.2626047582633075
2025-09-29,6310.0606,0.26554812698255653,0.2639037812713162
2025-09-30,6348.9374,0.2699913282573618,0.26473839739936855
2025-10-01,,0.2698829854993839,0.2661579313248804
2025-10-02,,0.2697968408203336,0.26757053926294494
2025-10-03,,0.26970927759944,0.2689857118318152
2025-10-04,,0.2696218240502811,0.2698004512453601
2025-10-05,,0.269534480278232,0.2697090816495341
2025-10-06,,0.2694325507212198,0.2696189946939013
2025-10-07,,0.2693307280560061,0.2695257721410358
2025-10-08,,0.2692290124018127,0.2694297191015103
2025-10-09,6431.9586,0.273270709843152,0.2701594962600845
2025-10-10,6326.3977,0.2672230211390528,0.26969720443224865
2025-10-11,,0.26710584742472226,0.26923186377294916
2025-10-12,,0.26699990400730494,0.26876569896320895
2025-10-13,6304.0798,0.2722141399429609,0.2693627244714386
2025-10-14,6203.8354,0.2636225280767757,0.2674330881181633
2025-10-15,6296.205,0.2605723264128461,0.266102949172922
2025-10-16,6268.4252,0.25983151866511456,0.26464808342100044
2025-10-17,6108.4054,0.2572086313695228,0.26268982889344406
2025-10-18,,0.25613449700612145,0.25947390030607614
2025-10-19,,0.2560356622030466,0.2579565271313303
2025-10-20,6156.4391,0.25749661918321914,0.2573413856854049
2025-10-21,6256.2292,0.2570183022077838,0.2567787423939388
2025-10-22,6232.5479,0.25616985673116377,0.25657098746626694
2025-10-23,6241.3984,0.25770249182371235,0.2568845864297851
2025-10-24,6320.4098,0.2641480676481787,0.25850706751881153
2025-10-25,,0.2630872454377725,0.25962519276972224
2025-10-26,,0.26298625846829454,0.26081878402182435
2025-10-27,6395.7255,0.26577776487479643,0.2627403656505509
2025-10-28,6373.8151,0.2655377040607461,0.26430740809795766
2025-10-29,6447.7471,0.26916822452177097,0.2653114394726761
2025-10-30,6379.8691,0.26976056853259617,0.26664610409164086
2025-10-31,6346.6288,0.2691473905509814,0.2678783305081782
2025-11-01,,0.26903578267104994,0.2685299340674289
2025-11-02,,0.2688998731835931,0.2692023678919983
2025-11-03,6371.5943,0.2729281739305573,0.2699543577737556
2025-11-04,6305.8995,0.27273823763443594,0.2705498915941235
2025-11-05,6327.2909,0.2727554222256841,0.2712714979290641
2025-11-06,6402.8865,0.27659206963384525,0.27278275532162316
2025-11-07,6386.5586,0.27378555375794206,0.27375989143649293
2025-11-08,,0.2736674840595525,0.27390775346229196
2025-11-09,,0.2735307917971409,0.27406626429483294
2025-11-10,6411.0073,0.2655043213797741,0.27261604412565094
2025-11-11,6378.5141,0.26181449040234855,0.26966052827935166
2025-11-12,6354.0195,0.25899260089671144,0.2667019377071055
2025-11-13,6438.3486,0.2587787340061645,0.2637241876964279
2025-11-14,6356.5007,0.2591431056135801,0.2608466504597158
2025-11-15,,0.2590899585313322,0.2595637778900274
2025-11-16,,0.2590269968749794,0.2590062791845535
2025-11-17,6347.1153,0.26502870082258523,0.2602134991697283
2025-11-18,6288.1088,0.26409112108423516,0.2612759765853424
2025-11-19,6269.0927,0.2674411121142547,0.2629355778854773
2025-11-20,6227.9454,0.2633102949084731,0.2637796451609055
2025-11-21,6030.5616,0.2579307287907379,0.26356039154405725
2025-11-22,,0.2579151521667868,0.2621376818128975
2025-11-23,,0.2578325040558905,0.2608859584072286
2025-11-24,6068.1221,0.25829465604394464,0.25905666719316656
2025-11-25,6143.6281,0.26187122955247494,0.25876885412196693
2025-11-26,6158.7563,0.2604202613272205,0.25926676062926346
2025-11-27,6158.3105,0.26172180692307345,0.26002809158052076
2025-11-28,6205.6753,0.26218551742694707,0.2608986942547321
2025-11-29,,0.2620976935043436,0.26165930174681196
2025-11-30,,0.262017339936087,0.26168852382353436
2025-12-01,6264.6881,0.2643045594111388,0.262465383440318
2025-12-02,6224.3681,0.2645316221835199,0.2630273464924072
2025-12-03,6179.285,0.27693493919249307,0.26597723084551644
2025-12-04,6180.015,0.26213058420883995,0.2659838089864157
2025-12-05,6250.6399,0.26422717616735564,0.26642577623266944
2025-12-06,,0.2641154256409279,0.26638794947862726
2025-12-07,,0.2639951908118623,0.2662806632042957
2025-12-08,6315.4777,0.2674180628782901,0.2643772879414552
2025-12-09,6280.7118,0.27623548540484466,0.2671982681806561
2025-12-10,6288.2876,0.27157599449764586,0.2686680318467142
2025-12-11,6219.3831,0.27206234610744223,0.27025741594001707
2025-12-12,6267.0579,0.273113253824603,0.27208102854256516
2025-12-13,,0.27300291976000984,0.27319799991890914
2025-12-14,,0.2728692857485949,0.2725247599876591
2025-12-15,6227.4155,0.2696559243106755,0.27214074595026505
2025-12-16,6137.1082,0.26447583992298934,0.2706234447133745
2025-12-17,6231.5691,0.2662618871621156,0.26925317138087707
2025-12-18,6207.8774,0.2670756311121971,0.2680677136513145
2025-12-19,6257.5993,0.2636091207518685,0.2662156806519692
2025-12-20,,0.2635006420779468,0.26498462420542346
2025-12-21,,0.2633868417254951,0.2647668245659246
2025-12-22,6319.0887,0.264032773006487,0.2643210017347989
2025-12-23,6315.376,0.26532712034636907,0.2639712995816333
2025-12-24,6371.6852,0.26996885759279216,0.265243246949818
2025-12-25,6409.8935,0.27039787411412775,0.2666226933570542
2025-12-26,6431.5403,0.2705145712389537,0.26804823925974597
2025-12-27,,0.27046266646985356,0.2693342179524193
2025-12-28,,0.27035193836756866,0.2703391815566592
2025-12-29,6413.0056,0.27430875428318524,0.2712071608947378
2025-12-30,6421.0791,0.277039470894505,0.2725354802508132
2025-12-31,6410.2365,0.27636217008894765,0.273705000020812
2026-01-01,,0.2762580374870426,0.2748640742242498
2026-01-02,,0.2761466450221186,0.27602301555515985
2026-01-03,,0.2760353221292902,0.2763683291243808
2026-01-04,,0.27592406889236054,0.2761452487239519
2026-01-05,6537.9407,0.2753175614708523,0.2759363270003329
2026-01-06,6641.7651,0.27532403822041107,0.27574952714700657
2026-01-07,6654.1017,0.2751298003860203,0.2755461582197869
2026-01-08,6659.2149,0.27411359963598847,0.2751618137211266
2026-01-09,6737.7486,0.27556262221029676,0.27508952438471374
2026-01-10,,0.27543702705836,0.27511341750221535
2026-01-11,,0.2753084129044878,0.2751102924390307
2026-01-12,6853.531,0.2753524189950395,0.2751548161608345
2026-01-13,6772.5939,0.2776070341030003,0.2758535030542369
2026-01-14,6793.6415,0.2805540060899202,0.27685177983016157
2026-01-15,6782.5247,0.2810294686876438,0.27797026815601833
2026-01-16,6770.7863,0.28556457936458224,0.28002150144803717
2026-01-17,,0.2853359760349217,0.2820182128560137
2026-01-18,,0.2851646273239423,0.28352973150020205
2026-01-19,6798.6564,0.2827992932191608,0.2839787889260502
2026-01-20,6758.9302,0.2757913100806508,0.28293115720465156
2026-01-21,6797.3537,0.28265145063298613,0.2823485314583324
2026-01-22,6827.0542,0.28569505228736636,0.2824203467088213
2026-01-23,6893.1081,0.28756907878876536,0.2829012370017859
2026-01-24,,0.28752583028482637,0.28384654441491897
2026-01-25,,0.2873494633423081,0.28615817506725044
2026-01-26,6846.5237,0.2866440810081394,0.2869567011422811
2026-01-27,6855.8415,0.29080481987857604,0.287978654660523
2026-01-28,6863.2723,0.295455490043969,0.2895559369115638
2026-01-29,6847.2776,0.2821696552682543,0.2884847019082494
2026-01-30,6783.7863,0.28507022460423637,0.288028854160635
2026-01-31,,0.2848810986180989,0.28767625768262695
2026-02-01,,0.2847190629445637,0.2864591062958245
2026-02-02,6599.8868,0.2852029318293602,0.2844085946529027
2026-02-03,6739.7683,0.2824213486179007,0.28445893332283195
2026-02-04,6770.1418,0.2716182349230438,0.28176853538659347
2026-02-05,6695.0185,0.26730709072675807,0.2782537338083253
2026-02-06,6682.4687,0.2724655155743626,0.27580302433428505
2026-02-07,,0.273408775859812,0.27344419314037544
2026-02-08,,0.2732467122010617,0.2716092658570076
2026-02-09,6808.5034,0.272309834950773,0.27174758586255343
2026-02-10,6812.6651,0.27295443852906637,0.27287705542301516
2026-02-11,6802.4215,0.27365564565651257,0.27311508143944513
2026-02-12,6833.8759,0.279775326931731,0.2743883916538289
2026-02-13,6756.802,0.28154790769012683,0.276048630751642
2026-02-14,,0.2812370982483982,0.277834083411167
2026-02-15,,0.2810729452832131,0.2794577847619963
2026-02-16,,0.2809088361731543,0.2809084228653247
2026-02-17,,0.280744770995303,0.2811023116780391
2026-02-18,,0.28058074982689934,0.2809088801053936
2026-02-19,,0.2804167727453436,0.28074481500478266
2026-02-20,,0.28025283982819643,0.2805807939137793
2026-02-21,,0.2800889511531788,0.2804168169097842
2026-02-22,,0.2799251067981726,0.28025288407035814
2026-02-23,,0.27977470493411677,0.28009167509180166
2026-02-24,6828.5813,0.28368807119132883,0.28074593478099874
2026-02-25,6899.993,0.2825123995671026,0.28119784672877995
2026-02-26,6914.3884,0.2891848049170711,0.2830170174815584
2026-02-27,6942.4042,0.29030486578354076,0.28509296927863204
2026-02-28,,0.29032835450639705,0.2872036991930881
2026-03-01,,0.2901729817223983,0.28850068129930195
2026-03-02,6914.7202,0.299535212477358,0.291905243881353
2026-03-03,6709.2305,0.29676805996649375,0.2934218948912376
2026-03-04,6662.9327,0.29957682378762196,0.2952762864920538
2026-03-05,6734.944,0.3020788534745626,0.2976263862856869
2026-03-06,6783.0316,0.29508224402382005,0.2986082387459713
2026-03-07,,0.29488958512615554,0.29767911327573077
2026-03-08,,0.2947318503376296,0.297271871349958
2026-03-09,6726.3049,0.29858857542602646,0.29707422167763886
2026-03-10,6832.5721,0.2966426799104229,0.29598698696481096
2026-03-11,6850.5502,0.2939710507537601,0.2957647483107989
2026-03-12,6814.3781,0.2912158202756974,0.2950299953407073
2026-03-13,6750.4522,0.28755278995455574,0.29359418326409253
2026-03-14,,0.2873473126579845,0.29134593071048415
2026-03-15,,0.28719157359376246,0.28945570944715204
2026-03-16,6746.7614,0.28389151053494555,0.28743980140338915
2026-03-17,6641.552,0.27852374045254846,0.28490138543875937
2026-03-18,6694.6163,0.2837789191974323,0.28414661128733465
2026-03-19,6552.5569,0.28704501870966187,0.28408615249767016
2026-03-20,6471.9206,0.29215157257375085,0.2850781522936678
2026-03-21,,0.2908439541392394,0.2864686410145266
2026-03-22,,0.2906846265719631,0.2889008182384095
2026-03-23,6207.6972,0.30754572643102684,0.2936541796851284
2026-03-24,6338.802,0.3012591162392901,0.29649699919105404
2026-03-25,6452.3981,0.298283866938538,0.29772345806401146
2026-03-26,6358.2648,0.3003152891805831,0.2996177250722802
2026-03-27,6424.8465,0.2983277557802101,0.3011463509139296
2026-03-28,,0.2982623909427595,0.29928968381627613
2026-03-29,,0.2981056091711352,0.29865898240264516
2026-03-30,6427.8412,0.30060612645697443,0.2991234343063325
2026-03-31,6336.3825,0.30125736634119554,0.299311849738455
2026-04-01,6449.4831,0.2961713270452821,0.2988805639914694
2026-04-02,6355.5713,0.291466963724845,0.29752147854788646
2026-04-03,6280.2563,0.29619685752806485,0.29713972821927237
2026-04-04,,0.2958482086756048,0.2961881446629985
2026-04-05,,0.295688779590681,0.2950744273128955
2026-04-06,,0.29552939863451766,0.2949460416307427
2026-04-07,6314.7164,0.29690692916285194,0.29603403471834405
2026-04-08,6570.5046,0.295729297933314,0.29594052279939387
2026-04-09,6527.222,0.30389698505325496,0.2975502780749239
2026-04-10,6603.5487,0.3053216694014946,0.2994768560370866
2026-04-11,,0.30503438369614516,0.3013778530494121
2026-04-12,,0.30487213226457477,0.3029708936697567
2026-04-13,6620.1705,0.309537861869998,0.3057326064570935
2026-04-14,6704.6155,0.3068016290931075,0.306313535265064
2026-04-15,6675.3896,0.30106877860643955,0.305462957106053
2026-04-16,6768.0315,0.30398736011916927,0.3052535523906578
2026-04-17,6784.2759,0.31102760901559495,0.30648464774086187
2026-04-18,,0.3110837896926629,0.30679383330539484
2026-04-19,,0.3109163299522736,0.30761677347722804
2026-04-20,6834.1433,0.3110032800989167,0.3096036737757235
2026-04-21,6831.3062,0.3130307486953487,0.31141235149095936
2026-04-22,6897.0254,0.31609149744310466,0.3124251291764613
2026-04-23,6835.7936,0.3198771667555844,0.3141838045890456
2026-04-24,6803.5022,0.3211639898262332,0.3162333365638375
2026-04-25,,0.3208852672659896,0.3182097339972521
2026-04-26,,0.3207112236373175,0.31974582898564585
2026-04-27,6832.9618,0.3235235137783824,0.3212322322527014
2026-04-28,6779.4878,0.3215785815928344,0.32157251522015146
2026-04-29,6869.5203,0.3159047747430242,0.3205206722035096
2026-04-30,6886.8345,0.31930780645868634,0.320205180042049
2026-05-01,,0.31881107687583166,0.3198251506897518
2026-05-02,,0.31864868681228437,0.3188501852965322
2026-05-03,,0.3184863372880308,0.31823173643557146
2026-05-04,,0.3183240283636046,0.3187155871596875
2026-05-05,,0.3181686437481524,0.3184877546175808
2026-05-06,7024.1087,0.32308459805902723,0.31934245885421986
2026-05-07,7098.8693,0.32114201254039537,0.3198411239998421
2026-05-08,7099.3087,0.31821755752791747,0.31978736804781943
2026-05-09,,0.3181365542421636,0.3197498732235312
2026-05-10,,0.31796665520707695,0.31970947551531614
2026-05-11,7209.9514,0.3197155244773057,0.31903566079897183
2026-05-12,7177.7352,0.3222923172505655,0.31926572174100587
2026-05-13,7267.9712,0.32533997577090557,0.32069020538960347
2026-05-14,7120.6994,0.3241899805010561,0.32190089064138194
2026-05-15,7046.4338,0.32717539838919035,0.3237426392778046
2026-05-16,,0.32704496165487995,0.32520852671331946
2026-05-17,,0.32688494902457493,0.3261270530681214
2026-05-18,7044.3991,0.3347950091353059,0.32801805974100146
2026-05-19,7098.4511,0.3349730307011766,0.33017466978102555
2026-05-20,7100.1445,0.335308455721583,0.3318012812475041
2026-05-21,6927.5255,0.32518253177842205,0.33142879527221253
2026-05-22,7049.2425,0.33222685200027585,0.33249717586735267
2026-05-23,,0.3320716847887743,0.3319525109980464
2026-05-24,,0.33190865334322034,0.3313396355264551
2026-05-25,7134.3267,0.3336953390077073,0.33101701218367996
2026-05-26,7102.8425,0.33290959669205417,0.3325624251664064
2026-05-27,7007.5197,0.336063688503288,0.3333297924670088
2026-05-28,7049.1615,0.34348768515094047,0.33561299253944205
2026-05-29,6927.7861,0.3355655879924606,0.3363443794692901
2026-05-30,,0.3354114640576028,0.3366876044792692
2026-05-31,,0.3352463460811395,0.3371549543570863
2026-06-01,6874.8567,0.33670151641811996,0.3372825199400527
2026-06-02,6926.6419,0.3407904209490018,0.33674306709966495
2026-06-03,6955.5264,0.34815210956308446,0.33926037141378973
2026-06-04,6926.3282,0.34875881344063553,0.3419298412903963
2026-06-05,6846.5058,0.3440319467615484,0.34368696142647803
2026-06-06,,0.3438294616425663,0.3451125504713673
2026-06-07,,0.3436655631801687,0.3456875789176007
2026-06-08,6657.2555,0.34425765480927295,0.3449086879668384
2026-06-09,6805.5596,0.34707321751200654,0.34457156878111256
2026-06-10,6718.9664,0.3386843100200607,0.34350204143281504
2026-06-11,6686.5751,0.34040796767390247,0.34281774263908227
2026-06-12,6748.0159,0.33730288184807383,0.3415452063726633
2026-06-13,,0.33715565076746706,0.34012480556430214
2026-06-14,,0.33699738960360787,0.3381096399826224
2026-06-15,6947.1855,0.3364368395202458,0.3376601458826594
2026-06-16,6993.9368,0.3390488845636096,0.3373883292606008
2026-06-17,7054.6444,0.3413444455374828,0.3381966419984826
2026-06-18,7079.2256,0.3445963809487597,0.3396847880347411
2026-06-19,,0.3444002039504582,0.34116535090411115
2026-06-20,,0.3442322045732835,0.34272442391471875
2026-06-21,,0.34406424208691333,0.3437274954193795
2026-06-22,7213.8281,0.345281819555741,0.3445149702230312
2026-06-23,7064.4501,0.33088767341124103,0.3417732287155274
2026-06-24,7117.272,0.33770025443763435,0.3404332388129626
2026-06-25,7175.2802,0.33480984206921527,0.338548766312149
2026-06-26,6980.3608,0.33441224351500665,0.33661836659776767
2026-06-27,,0.33424265706978495,0.3344105341005765
2026-06-28,,0.33408560158096406,0.3350501197345211
2026-06-29,7030.1864,0.32811365106661877,0.33313279906031795
2026-06-30,7148.6961,0.335168031163032,0.3332044368790813
2026-07-01,7162.3754,0.32342240310447673,0.33100646879697526
2026-07-02,6961.4018,0.3132448962474308,0.32680691663250444
2026-07-03,6994.6543,0.31402377124540737,0.3227945505653932
2026-07-04,,0.3138796259453943,0.31994774554114824
2026-07-05,,0.3137293158487291,0.3156600024782877
2026-07-06,6935.9454,0.30933031709833636,0.3128415852770596
2026-07-07,6820.579,0.31006614015479644,0.3122058340585327
2026-07-08,6723.8685,0.30804147870389637,0.3110093755502305
2026-07-09,6886.5229,0.31549697404151683,0.31133284516945503
2026-07-10,6792.9352,0.30970033070267905,0.310527048140245
2026-07-11,,0.30951890649217845,0.31056476601901345
2026-07-12,,0.3093599203226447,0.3104235220525831
2026-07-13,6559.4696,0.30455698568062867,0.30972662344792956
2026-07-14,6685.3716,0.3074861937958932,0.30812446739880484
2026-07-15,6635.3728,0.2956768914421037,0.3053197795466897
2026-07-16,6508.5535,0.2857463422396897,0.300565266696192
2026-07-17,6199.2745,0.28084103740849176,0.2948614901133614
2026-07-18,,0.28065873529094465,0.2900818400354246
2026-07-19,,0.2805258423208765,0.28468976974042126
2026-07-20,6156.6635,0.2961971771584136,0.28479382688368327
2026-07-21,6368.6066,0.2965582440564935,0.286956207247044
2026-07-22,6322.968,0.3076116746144133,0.2923103346882283
2026-07-23,6351.2685,0.309679653133087,0.2981145182566568
2026-07-24,6212.7267,0.3044315408608947,0.3028956579646604
2026-07-25,,0.3042367459639267,0.30450357172576303
2026-07-26,,0.3040987761923996,0.3060116781529443
2026-07-27,6346.0913,0.2992439820701134,0.3043381396440843
2026-07-28,6174.8992,0.29007155260668,0.3004165195388029
2026-07-29,6220.2932,0.28512741087344134,0.2965556935413122
2026-07-30,6097.6959,0.28122824858585344,0.29195399406569755
