date,code,shares,nav,close_price,shares_prev,share_change,valuation_price,valuation_source,net_inflow_100mn,name,venue
2025-01-02,159919,38023416676.0,,3.865,,,3.865,ETF close,,沪深300ETF嘉实,SZSE
2025-01-03,159919,38205216676.0,,3.824,38023416676.0,181800000.0,3.824,ETF close,6.952032,沪深300ETF嘉实,SZSE
2025-01-06,159919,38334816676.0,,3.811,38205216676.0,129600000.0,3.811,ETF close,4.939056,沪深300ETF嘉实,SZSE
2025-01-07,159919,38399616676.0,,3.844,38334816676.0,64800000.0,3.844,ETF close,2.490912,沪深300ETF嘉实,SZSE
2025-01-08,159919,38512116676.0,,3.832,38399616676.0,112500000.0,3.832,ETF close,4.311,沪深300ETF嘉实,SZSE
2025-01-09,159919,38567916676.0,,3.829,38512116676.0,55800000.0,3.829,ETF close,2.136582,沪深300ETF嘉实,SZSE
2025-01-10,159919,38642616676.0,,3.781,38567916676.0,74700000.0,3.781,ETF close,2.824407,沪深300ETF嘉实,SZSE
2025-01-13,159919,38752416676.0,,3.766,38642616676.0,109800000.0,3.766,ETF close,4.135068,沪深300ETF嘉实,SZSE
2025-01-14,159919,38792916676.0,,3.867,38752416676.0,40500000.0,3.867,ETF close,1.566135,沪深300ETF嘉实,SZSE
2025-01-15,159919,38785716676.0,,3.842,38792916676.0,-7200000.0,3.842,ETF close,-0.276624,沪深300ETF嘉实,SZSE
2025-01-16,159919,38750616676.0,,3.845,38785716676.0,-35100000.0,3.845,ETF close,-1.349595,沪深300ETF嘉实,SZSE
2025-01-17,159919,38732616676.0,,3.861,38750616676.0,-18000000.0,3.861,ETF close,-0.69498,沪深300ETF嘉实,SZSE
2025-01-20,159919,38721816676.0,,3.876,38732616676.0,-10800000.0,3.876,ETF close,-0.418608,沪深300ETF嘉实,SZSE
2025-01-21,159919,38687616676.0,,3.881,38721816676.0,-34200000.0,3.881,ETF close,-1.327302,沪深300ETF嘉实,SZSE
2025-01-22,159919,38662416676.0,,3.844,38687616676.0,-25200000.0,3.844,ETF close,-0.968688,沪深300ETF嘉实,SZSE
2025-01-23,159919,38693016676.0,,3.852,38662416676.0,30600000.0,3.852,ETF close,1.178712,沪深300ETF嘉实,SZSE
2025-01-24,159919,38720016676.0,,3.888,38693016676.0,27000000.0,3.888,ETF close,1.04976,沪深300ETF嘉实,SZSE
2025-01-27,159919,38610216676.0,,3.867,38720016676.0,-109800000.0,3.867,ETF close,-4.245966,沪深300ETF嘉实,SZSE
2025-02-05,159919,38562516676.0,,3.842,38610216676.0,-47700000.0,3.842,ETF close,-1.832634,沪深300ETF嘉实,SZSE
2025-02-06,159919,38605716676.0,,3.894,38562516676.0,43200000.0,3.894,ETF close,1.682208,沪深300ETF嘉实,SZSE
2025-02-07,159919,38494116676.0,,3.949,38605716676.0,-111600000.0,3.949,ETF close,-4.407084,沪深300ETF嘉实,SZSE
2025-02-10,159919,38363616676.0,,3.956,38494116676.0,-130500000.0,3.956,ETF close,-5.16258,沪深300ETF嘉实,SZSE
2025-02-11,159919,38280816676.0,,3.937,38363616676.0,-82800000.0,3.937,ETF close,-3.259836,沪深300ETF嘉实,SZSE
2025-02-12,159919,38266416676.0,,3.975,38280816676.0,-14400000.0,3.975,ETF close,-0.5724,沪深300ETF嘉实,SZSE
2025-02-13,159919,38218716676.0,,3.964,38266416676.0,-47700000.0,3.964,ETF close,-1.890828,沪深300ETF嘉实,SZSE
2025-02-14,159919,38234916676.0,,3.996,38218716676.0,16200000.0,3.996,ETF close,0.647352,沪深300ETF嘉实,SZSE
2025-02-17,159919,38106216676.0,,4.003,38234916676.0,-128700000.0,4.003,ETF close,-5.151861,沪深300ETF嘉实,SZSE
2025-02-18,159919,38060316676.0,,3.971,38106216676.0,-45900000.0,3.971,ETF close,-1.822689,沪深300ETF嘉实,SZSE
2025-02-19,159919,38059416676.0,,3.997,38060316676.0,-900000.0,3.997,ETF close,-0.035973,沪深300ETF嘉实,SZSE
2025-02-20,159919,38016216676.0,,3.983,38059416676.0,-43200000.0,3.983,ETF close,-1.720656,沪深300ETF嘉实,SZSE
2025-02-21,159919,38006316676.0,,4.039,38016216676.0,-9900000.0,4.039,ETF close,-0.399861,沪深300ETF嘉实,SZSE
2025-02-24,159919,37906416676.0,,4.024,38006316676.0,-99900000.0,4.024,ETF close,-4.019976,沪深300ETF嘉实,SZSE
2025-02-25,159919,37887516676.0,,3.982,37906416676.0,-18900000.0,3.982,ETF close,-0.752598,沪深300ETF嘉实,SZSE
2025-02-26,159919,37785816676.0,,4.015,37887516676.0,-101700000.0,4.015,ETF close,-4.083254999999999,沪深300ETF嘉实,SZSE
2025-02-27,159919,37644516676.0,,4.026,37785816676.0,-141300000.0,4.026,ETF close,-5.688738,沪深300ETF嘉实,SZSE
2025-02-28,159919,37575216676.0,,3.947,37644516676.0,-69300000.0,3.947,ETF close,-2.735271,沪深300ETF嘉实,SZSE
2025-03-03,159919,37584216676.0,,3.944,37575216676.0,9000000.0,3.944,ETF close,0.35496,沪深300ETF嘉实,SZSE
2025-03-04,159919,37596816676.0,,3.942,37584216676.0,12600000.0,3.942,ETF close,0.496692,沪深300ETF嘉实,SZSE
2025-03-05,159919,37511316676.0,,3.957,37596816676.0,-85500000.0,3.957,ETF close,-3.383235,沪深300ETF嘉实,SZSE
2025-03-06,159919,37517616676.0,,4.016,37511316676.0,6300000.0,4.016,ETF close,0.253008,沪深300ETF嘉实,SZSE
2025-03-07,159919,37448316676.0,,4.001,37517616676.0,-69300000.0,4.001,ETF close,-2.772693,沪深300ETF嘉实,SZSE
2025-03-10,159919,37233216676.0,,3.985,37448316676.0,-215100000.0,3.985,ETF close,-8.571735,沪深300ETF嘉实,SZSE
2025-03-11,159919,37289016676.0,,3.995,37233216676.0,55800000.0,3.995,ETF close,2.22921,沪深300ETF嘉实,SZSE
2025-03-12,159919,37263816676.0,,3.986,37289016676.0,-25200000.0,3.986,ETF close,-1.004472,沪深300ETF嘉实,SZSE
2025-03-13,159919,37238616676.0,,3.967,37263816676.0,-25200000.0,3.967,ETF close,-0.999684,沪深300ETF嘉实,SZSE
2025-03-14,159919,37208016676.0,,4.07,37238616676.0,-30600000.0,4.07,ETF close,-1.2454200000000002,沪深300ETF嘉实,SZSE
2025-03-17,159919,37135116676.0,,4.056,37208016676.0,-72900000.0,4.056,ETF close,-2.956824,沪深300ETF嘉实,SZSE
2025-03-18,159919,37070316676.0,,4.068,37135116676.0,-64800000.0,4.068,ETF close,-2.6360639999999997,沪深300ETF嘉实,SZSE
2025-03-19,159919,36997416676.0,,4.073,37070316676.0,-72900000.0,4.073,ETF close,-2.969217,沪深300ETF嘉实,SZSE
2025-03-20,159919,36962316676.0,,4.037,36997416676.0,-35100000.0,4.037,ETF close,-1.416987,沪深300ETF嘉实,SZSE
2025-03-21,159919,36903816676.0,,3.971,36962316676.0,-58500000.0,3.971,ETF close,-2.323035,沪深300ETF嘉实,SZSE
2025-03-24,159919,36866016676.0,,3.989,36903816676.0,-37800000.0,3.989,ETF close,-1.507842,沪深300ETF嘉实,SZSE
2025-03-25,159919,36842616676.0,,3.992,36866016676.0,-23400000.0,3.992,ETF close,-0.934128,沪深300ETF嘉实,SZSE
2025-03-26,159919,36857916676.0,,3.977,36842616676.0,15300000.0,3.977,ETF close,0.608481,沪深300ETF嘉实,SZSE
2025-03-27,159919,36861516676.0,,3.988,36857916676.0,3600000.0,3.988,ETF close,0.143568,沪深300ETF嘉实,SZSE
2025-03-28,159919,36844416676.0,,3.972,36861516676.0,-17100000.0,3.972,ETF close,-0.679212,沪深300ETF嘉实,SZSE
2025-03-31,159919,36875916676.0,,3.947,36844416676.0,31500000.0,3.947,ETF close,1.243305,沪深300ETF嘉实,SZSE
2025-04-01,159919,36884016676.0,,3.946,36875916676.0,8100000.0,3.946,ETF close,0.319626,沪深300ETF嘉实,SZSE
2025-04-02,159919,36886716676.0,,3.942,36884016676.0,2700000.0,3.942,ETF close,0.106434,沪深300ETF嘉实,SZSE
2025-04-03,159919,36905616676.0,,3.921,36886716676.0,18900000.0,3.921,ETF close,0.741069,沪深300ETF嘉实,SZSE
2025-04-07,159919,38240316676.0,,3.657,36905616676.0,1334700000.0,3.657,ETF close,48.809979,沪深300ETF嘉实,SZSE
2025-04-08,159919,40961916676.0,,3.691,38240316676.0,2721600000.0,3.691,ETF close,100.454256,沪深300ETF嘉实,SZSE
2025-04-09,159919,41195916676.0,,3.718,40961916676.0,234000000.0,3.718,ETF close,8.70012,沪深300ETF嘉实,SZSE
2025-04-10,159919,41103216676.0,,3.778,41195916676.0,-92700000.0,3.778,ETF close,-3.502206,沪深300ETF嘉实,SZSE
2025-04-11,159919,41013216676.0,,3.799,41103216676.0,-90000000.0,3.799,ETF close,-3.4191,沪深300ETF嘉实,SZSE
2025-04-14,159919,40983516676.0,,3.809,41013216676.0,-29700000.0,3.809,ETF close,-1.131273,沪深300ETF嘉实,SZSE
2025-04-15,159919,41275116676.0,,3.809,40983516676.0,291600000.0,3.809,ETF close,11.107044,沪深300ETF嘉实,SZSE
2025-04-16,159919,42218316676.0,,3.824,41275116676.0,943200000.0,3.824,ETF close,36.067968,沪深300ETF嘉实,SZSE
2025-04-17,159919,42253416676.0,,3.821,42218316676.0,35100000.0,3.821,ETF close,1.341171,沪深300ETF嘉实,SZSE
2025-04-18,159919,42656616676.0,,3.83,42253416676.0,403200000.0,3.83,ETF close,15.44256,沪深300ETF嘉实,SZSE
2025-04-21,159919,42662916676.0,,3.836,42656616676.0,6300000.0,3.836,ETF close,0.241668,沪深300ETF嘉实,SZSE
2025-04-22,159919,42639516676.0,,3.84,42662916676.0,-23400000.0,3.84,ETF close,-0.89856,沪深300ETF嘉实,SZSE
2025-04-23,159919,42631416676.0,,3.844,42639516676.0,-8100000.0,3.844,ETF close,-0.311364,沪深300ETF嘉实,SZSE
2025-04-24,159919,42630516676.0,,3.839,42631416676.0,-900000.0,3.839,ETF close,-0.034551,沪深300ETF嘉实,SZSE
2025-04-25,159919,42590916676.0,,3.841,42630516676.0,-39600000.0,3.841,ETF close,-1.521036,沪深300ETF嘉实,SZSE
2025-04-28,159919,42537816676.0,,3.841,42590916676.0,-53100000.0,3.841,ETF close,-2.039571,沪深300ETF嘉实,SZSE
2025-04-29,159919,42535116676.0,,3.829,42537816676.0,-2700000.0,3.829,ETF close,-0.103383,沪深300ETF嘉实,SZSE
2025-04-30,159919,42527916676.0,,3.827,42535116676.0,-7200000.0,3.827,ETF close,-0.275544,沪深300ETF嘉实,SZSE
2025-05-06,159919,42474816676.0,,3.865,42527916676.0,-53100000.0,3.865,ETF close,-2.052315,沪深300ETF嘉实,SZSE
2025-05-07,159919,42391116676.0,,3.886,42474816676.0,-83700000.0,3.886,ETF close,-3.252582,沪深300ETF嘉实,SZSE
2025-05-08,159919,42364116676.0,,3.913,42391116676.0,-27000000.0,3.913,ETF close,-1.05651,沪深300ETF嘉实,SZSE
2025-05-09,159919,42290316676.0,,3.906,42364116676.0,-73800000.0,3.906,ETF close,-2.882628,沪深300ETF嘉实,SZSE
2025-05-12,159919,42255216676.0,,3.952,42290316676.0,-35100000.0,3.952,ETF close,-1.387152,沪深300ETF嘉实,SZSE
2025-05-13,159919,42217416676.0,,3.957,42255216676.0,-37800000.0,3.957,ETF close,-1.495746,沪深300ETF嘉实,SZSE
2025-05-14,159919,42217416676.0,,4.009,42217416676.0,0.0,4.009,ETF close,0.0,沪深300ETF嘉实,SZSE
2025-05-15,159919,42195816676.0,,3.974,42217416676.0,-21600000.0,3.974,ETF close,-0.858384,沪深300ETF嘉实,SZSE
2025-05-16,159919,42127416676.0,,3.95,42195816676.0,-68400000.0,3.95,ETF close,-2.7018,沪深300ETF嘉实,SZSE
2025-05-19,159919,42079716676.0,,3.944,42127416676.0,-47700000.0,3.944,ETF close,-1.881288,沪深300ETF嘉实,SZSE
2025-05-20,159919,42077016676.0,,3.967,42079716676.0,-2700000.0,3.967,ETF close,-0.107109,沪深300ETF嘉实,SZSE
2025-05-21,159919,42043716676.0,,3.982,42077016676.0,-33300000.0,3.982,ETF close,-1.326006,沪深300ETF嘉实,SZSE
2025-05-22,159919,42019416676.0,,3.976,42043716676.0,-24300000.0,3.976,ETF close,-0.966168,沪深300ETF嘉实,SZSE
2025-05-23,159919,41995116676.0,,3.95,42019416676.0,-24300000.0,3.95,ETF close,-0.95985,沪深300ETF嘉实,SZSE
2025-05-26,159919,42016716676.0,,3.93,41995116676.0,21600000.0,3.93,ETF close,0.84888,沪深300ETF嘉实,SZSE
2025-05-27,159919,42065316676.0,,3.908,42016716676.0,48600000.0,3.908,ETF close,1.899288,沪深300ETF嘉实,SZSE
2025-05-28,159919,42029316676.0,,3.903,42065316676.0,-36000000.0,3.903,ETF close,-1.40508,沪深300ETF嘉实,SZSE
2025-05-29,159919,42083316676.0,,3.926,42029316676.0,54000000.0,3.926,ETF close,2.12004,沪深300ETF嘉实,SZSE
2025-05-30,159919,41990616676.0,,3.914,42083316676.0,-92700000.0,3.914,ETF close,-3.628278,沪深300ETF嘉实,SZSE
2025-06-03,159919,41988816676.0,,3.916,41990616676.0,-1800000.0,3.916,ETF close,-0.070488,沪深300ETF嘉实,SZSE
2025-06-04,159919,41971716676.0,,3.934,41988816676.0,-17100000.0,3.934,ETF close,-0.672714,沪深300ETF嘉实,SZSE
2025-06-05,159919,41962716676.0,,3.945,41971716676.0,-9000000.0,3.945,ETF close,-0.35505,沪深300ETF嘉实,SZSE
2025-06-06,159919,41958216676.0,,3.948,41962716676.0,-4500000.0,3.948,ETF close,-0.17766,沪深300ETF嘉实,SZSE
2025-06-09,159919,42013116676.0,,3.959,41958216676.0,54900000.0,3.959,ETF close,2.173491,沪深300ETF嘉实,SZSE
2025-06-10,159919,41952816676.0,,3.933,42013116676.0,-60300000.0,3.933,ETF close,-2.371599,沪深300ETF嘉实,SZSE
2025-06-11,159919,41863716676.0,,3.966,41952816676.0,-89100000.0,3.966,ETF close,-3.533706,沪深300ETF嘉实,SZSE
2025-06-12,159919,41825916676.0,,3.968,41863716676.0,-37800000.0,3.968,ETF close,-1.499904,沪深300ETF嘉实,SZSE
2025-06-13,159919,41835816676.0,,3.942,41825916676.0,9900000.0,3.942,ETF close,0.390258,沪深300ETF嘉实,SZSE
2025-06-16,159919,41849316676.0,,3.953,41835816676.0,13500000.0,3.953,ETF close,0.533655,沪深300ETF嘉实,SZSE
2025-06-17,159919,41848416676.0,,3.951,41849316676.0,-900000.0,3.951,ETF close,-0.035559,沪深300ETF嘉实,SZSE
2025-06-18,159919,41845716676.0,,3.957,41848416676.0,-2700000.0,3.957,ETF close,-0.106839,沪深300ETF嘉实,SZSE
2025-06-19,159919,41834916676.0,,3.922,41845716676.0,-10800000.0,3.922,ETF close,-0.423576,沪深300ETF嘉实,SZSE
2025-06-20,159919,41805216676.0,,3.927,41834916676.0,-29700000.0,3.927,ETF close,-1.166319,沪深300ETF嘉实,SZSE
2025-06-23,159919,41807916676.0,,3.945,41805216676.0,2700000.0,3.945,ETF close,0.106515,沪深300ETF嘉实,SZSE
2025-06-24,159919,41688216676.0,,3.986,41807916676.0,-119700000.0,3.986,ETF close,-4.771242,沪深300ETF嘉实,SZSE
2025-06-25,159919,41591016676.0,,4.053,41688216676.0,-97200000.0,4.053,ETF close,-3.939516,沪深300ETF嘉实,SZSE
2025-06-26,159919,41469516676.0,,4.039,41591016676.0,-121500000.0,4.039,ETF close,-4.907385,沪深300ETF嘉实,SZSE
2025-06-27,159919,41390316676.0,,4.013,41469516676.0,-79200000.0,4.013,ETF close,-3.178296,沪深300ETF嘉实,SZSE
2025-06-30,159919,41240916676.0,,4.037,41390316676.0,-149400000.0,4.037,ETF close,-6.031278,沪深300ETF嘉实,SZSE
2025-07-01,159919,41189616676.0,,4.043,41240916676.0,-51300000.0,4.043,ETF close,-2.074059,沪深300ETF嘉实,SZSE
2025-07-02,159919,41177916676.0,,4.044,41189616676.0,-11700000.0,4.044,ETF close,-0.4731479999999999,沪深300ETF嘉实,SZSE
2025-07-03,159919,41159916676.0,,4.074,41177916676.0,-18000000.0,4.074,ETF close,-0.73332,沪深300ETF嘉实,SZSE
2025-07-04,159919,41116716676.0,,4.086,41159916676.0,-43200000.0,4.086,ETF close,-1.765152,沪深300ETF嘉实,SZSE
2025-07-07,159919,41116716676.0,,4.07,41116716676.0,0.0,4.07,ETF close,0.0,沪深300ETF嘉实,SZSE
2025-07-08,159919,41133816676.0,,4.103,41116716676.0,17100000.0,4.103,ETF close,0.701613,沪深300ETF嘉实,SZSE
2025-07-09,159919,41131116676.0,,4.103,41133816676.0,-2700000.0,4.103,ETF close,-0.110781,沪深300ETF嘉实,SZSE
2025-07-10,159919,41132016676.0,,4.126,41131116676.0,900000.0,4.126,ETF close,0.03713400000000001,沪深300ETF嘉实,SZSE
2025-07-11,159919,41141016676.0,,4.14,41132016676.0,9000000.0,4.14,ETF close,0.3726,沪深300ETF嘉实,SZSE
2025-07-14,159919,41129316676.0,,4.137,41141016676.0,-11700000.0,4.137,ETF close,-0.48402899999999993,沪深300ETF嘉实,SZSE
2025-07-15,159919,41086116676.0,,4.14,41129316676.0,-43200000.0,4.14,ETF close,-1.78848,沪深300ETF嘉实,SZSE
2025-07-16,159919,41084316676.0,,4.126,41086116676.0,-1800000.0,4.126,ETF close,-0.07426800000000001,沪深300ETF嘉实,SZSE
2025-07-17,159919,41069916676.0,,4.158,41084316676.0,-14400000.0,4.158,ETF close,-0.5987520000000001,沪深300ETF嘉实,SZSE
2025-07-18,159919,41042016676.0,,4.191,41069916676.0,-27900000.0,4.191,ETF close,-1.169289,沪深300ETF嘉实,SZSE
2025-07-21,159919,41044716676.0,,4.217,41042016676.0,2700000.0,4.217,ETF close,0.11385899999999999,沪深300ETF嘉实,SZSE
2025-07-22,159919,41027616676.0,,4.253,41044716676.0,-17100000.0,4.253,ETF close,-0.727263,沪深300ETF嘉实,SZSE
2025-07-23,159919,41030316676.0,,4.258,41027616676.0,2700000.0,4.258,ETF close,0.114966,沪深300ETF嘉实,SZSE
2025-07-24,159919,41043816676.0,,4.287,41030316676.0,13500000.0,4.287,ETF close,0.578745,沪深300ETF嘉实,SZSE
2025-07-25,159919,41047416676.0,,4.265,41043816676.0,3600000.0,4.265,ETF close,0.15353999999999998,沪深300ETF嘉实,SZSE
2025-07-28,159919,41019516676.0,,4.277,41047416676.0,-27900000.0,4.277,ETF close,-1.193283,沪深300ETF嘉实,SZSE
2025-07-29,159919,40948416676.0,,4.294,41019516676.0,-71100000.0,4.294,ETF close,-3.053034,沪深300ETF嘉实,SZSE
2025-07-30,159919,40882716676.0,,4.293,40948416676.0,-65700000.0,4.293,ETF close,-2.820501,沪深300ETF嘉实,SZSE
2025-07-31,159919,40825116676.0,,4.211,40882716676.0,-57600000.0,4.211,ETF close,-2.425536,沪深300ETF嘉实,SZSE
2025-08-01,159919,40813416676.0,,4.19,40825116676.0,-11700000.0,4.19,ETF close,-0.49023000000000005,沪深300ETF嘉实,SZSE
2025-08-04,159919,40812516676.0,,4.206,40813416676.0,-900000.0,4.206,ETF close,-0.037854000000000006,沪深300ETF嘉实,SZSE
2025-08-05,159919,40789116676.0,,4.242,40812516676.0,-23400000.0,4.242,ETF close,-0.992628,沪深300ETF嘉实,SZSE
2025-08-06,159919,40790016676.0,,4.253,40789116676.0,900000.0,4.253,ETF close,0.038277,沪深300ETF嘉实,SZSE
2025-08-07,159919,40761216676.0,,4.253,40790016676.0,-28800000.0,4.253,ETF close,-1.224864,沪深300ETF嘉实,SZSE
2025-08-08,159919,40727916676.0,,4.242,40761216676.0,-33300000.0,4.242,ETF close,-1.412586,沪深300ETF嘉实,SZSE
2025-08-11,159919,40746816676.0,,4.266,40727916676.0,18900000.0,4.266,ETF close,0.806274,沪深300ETF嘉实,SZSE
2025-08-12,159919,40760316676.0,,4.288,40746816676.0,13500000.0,4.288,ETF close,0.57888,沪深300ETF嘉实,SZSE
2025-08-13,159919,40765716676.0,,4.326,40760316676.0,5400000.0,4.326,ETF close,0.23360399999999995,沪深300ETF嘉实,SZSE
2025-08-14,159919,40758516676.0,,4.319,40765716676.0,-7200000.0,4.319,ETF close,-0.310968,沪深300ETF嘉实,SZSE
2025-08-15,159919,40808016676.0,,4.359,40758516676.0,49500000.0,4.359,ETF close,2.157705,沪深300ETF嘉实,SZSE
2025-08-18,159919,40812516676.0,,4.397,40808016676.0,4500000.0,4.397,ETF close,0.197865,沪深300ETF嘉实,SZSE
2025-08-19,159919,40811616676.0,,4.375,40812516676.0,-900000.0,4.375,ETF close,-0.039375,沪深300ETF嘉实,SZSE
2025-08-20,159919,40747716676.0,,4.422,40811616676.0,-63900000.0,4.422,ETF close,-2.825658,沪深300ETF嘉实,SZSE
2025-08-21,159919,40681116676.0,,4.442,40747716676.0,-66600000.0,4.442,ETF close,-2.958372,沪深300ETF嘉实,SZSE
2025-08-22,159919,40718916676.0,,4.546,40681116676.0,37800000.0,4.546,ETF close,1.718388,沪深300ETF嘉实,SZSE
2025-08-25,159919,40761216676.0,,4.639,40718916676.0,42300000.0,4.639,ETF close,1.962297,沪深300ETF嘉实,SZSE
2025-08-26,159919,40813416676.0,,4.612,40761216676.0,52200000.0,4.612,ETF close,2.407464,沪深300ETF嘉实,SZSE
2025-08-27,159919,40842216676.0,,4.545,40813416676.0,28800000.0,4.545,ETF close,1.30896,沪深300ETF嘉实,SZSE
2025-08-28,159919,40825116676.0,,4.635,40842216676.0,-17100000.0,4.635,ETF close,-0.792585,沪深300ETF嘉实,SZSE
2025-08-29,159919,40820616676.0,,4.673,40825116676.0,-4500000.0,4.673,ETF close,-0.210285,沪深300ETF嘉实,SZSE
2025-09-01,159919,40790016676.0,,4.689,40820616676.0,-30600000.0,4.689,ETF close,-1.434834,沪深300ETF嘉实,SZSE
2025-09-02,159919,40751316676.0,,4.662,40790016676.0,-38700000.0,4.662,ETF close,-1.804194,沪深300ETF嘉实,SZSE
2025-09-03,159919,40716216676.0,,4.619,40751316676.0,-35100000.0,4.619,ETF close,-1.621269,沪深300ETF嘉实,SZSE
2025-09-04,159919,40806216676.0,,4.52,40716216676.0,90000000.0,4.52,ETF close,4.068,沪深300ETF嘉实,SZSE
2025-09-05,159919,40876416676.0,,4.623,40806216676.0,70200000.0,4.623,ETF close,3.245346,沪深300ETF嘉实,SZSE
2025-09-08,159919,40800816676.0,,4.63,40876416676.0,-75600000.0,4.63,ETF close,-3.50028,沪深300ETF嘉实,SZSE
2025-09-09,159919,40778316676.0,,4.598,40800816676.0,-22500000.0,4.598,ETF close,-1.03455,沪深300ETF嘉实,SZSE
2025-09-10,159919,40752216676.0,,4.607,40778316676.0,-26100000.0,4.607,ETF close,-1.202427,沪深300ETF嘉实,SZSE
2025-09-11,159919,40753116676.0,,4.727,40752216676.0,900000.0,4.727,ETF close,0.042543,沪深300ETF嘉实,SZSE
2025-09-12,159919,40776516676.0,,4.696,40753116676.0,23400000.0,4.696,ETF close,1.098864,沪深300ETF嘉实,SZSE
2025-09-15,159919,40773816676.0,,4.703,40776516676.0,-2700000.0,4.703,ETF close,-0.126981,沪深300ETF嘉实,SZSE
2025-09-16,159919,40776516676.0,,4.692,40773816676.0,2700000.0,4.692,ETF close,0.126684,沪深300ETF嘉实,SZSE
2025-09-17,159919,40802616676.0,,4.727,40776516676.0,26100000.0,4.727,ETF close,1.2337470000000001,沪深300ETF嘉实,SZSE
2025-09-18,159919,40795416676.0,,4.659,40802616676.0,-7200000.0,4.659,ETF close,-0.335448,沪深300ETF嘉实,SZSE
2025-09-19,159919,40817916676.0,,4.674,40795416676.0,22500000.0,4.674,ETF close,1.0516500000000002,沪深300ETF嘉实,SZSE
2025-09-22,159919,40783716676.0,,4.691,40817916676.0,-34200000.0,4.691,ETF close,-1.604322,沪深300ETF嘉实,SZSE
2025-09-23,159919,40745016676.0,,4.689,40783716676.0,-38700000.0,4.689,ETF close,-1.814643,沪深300ETF嘉实,SZSE
2025-09-24,159919,40710816676.0,,4.737,40745016676.0,-34200000.0,4.737,ETF close,-1.620054,沪深300ETF嘉实,SZSE
2025-09-25,159919,40697316676.0,,4.771,40710816676.0,-13500000.0,4.771,ETF close,-0.644085,沪深300ETF嘉实,SZSE
2025-09-26,159919,40713516676.0,,4.727,40697316676.0,16200000.0,4.727,ETF close,0.765774,沪深300ETF嘉实,SZSE
2025-09-29,159919,40756716676.0,,4.807,40713516676.0,43200000.0,4.807,ETF close,2.0766240000000002,沪深300ETF嘉实,SZSE
2025-09-30,159919,40807116676.0,,4.822,40756716676.0,50400000.0,4.822,ETF close,2.430288,沪深300ETF嘉实,SZSE
2025-10-09,159919,40823316676.0,,4.902,40807116676.0,16200000.0,4.902,ETF close,0.794124,沪深300ETF嘉实,SZSE
2025-10-10,159919,40825116676.0,,4.794,40823316676.0,1800000.0,4.794,ETF close,0.086292,沪深300ETF嘉实,SZSE
2025-10-13,159919,40880916676.0,,4.771,40825116676.0,55800000.0,4.771,ETF close,2.662218,沪深300ETF嘉实,SZSE
2025-10-14,159919,40826016676.0,,4.718,40880916676.0,-54900000.0,4.718,ETF close,-2.590182,沪深300ETF嘉实,SZSE
2025-10-15,159919,40896216676.0,,4.789,40826016676.0,70200000.0,4.789,ETF close,3.361878,沪深300ETF嘉实,SZSE
2025-10-16,159919,40862916676.0,,4.799,40896216676.0,-33300000.0,4.799,ETF close,-1.598067,沪深300ETF嘉实,SZSE
2025-10-17,159919,40872816676.0,,4.695,40862916676.0,9900000.0,4.695,ETF close,0.464805,沪深300ETF嘉实,SZSE
2025-10-20,159919,40898016676.0,,4.713,40872816676.0,25200000.0,4.713,ETF close,1.187676,沪深300ETF嘉实,SZSE
2025-10-21,159919,40806216676.0,,4.785,40898016676.0,-91800000.0,4.785,ETF close,-4.39263,沪深300ETF嘉实,SZSE
2025-10-22,159919,40763916676.0,,4.771,40806216676.0,-42300000.0,4.771,ETF close,-2.018133,沪深300ETF嘉实,SZSE
2025-10-23,159919,40734216676.0,,4.782,40763916676.0,-29700000.0,4.782,ETF close,-1.420254,沪深300ETF嘉实,SZSE
2025-10-24,159919,40633416676.0,,4.843,40734216676.0,-100800000.0,4.843,ETF close,-4.881744,沪深300ETF嘉实,SZSE
2025-10-27,159919,40580316676.0,,4.904,40633416676.0,-53100000.0,4.904,ETF close,-2.604024,沪深300ETF嘉实,SZSE
2025-10-28,159919,40640616676.0,,4.882,40580316676.0,60300000.0,4.882,ETF close,2.943846,沪深300ETF嘉实,SZSE
2025-10-29,159919,40646916676.0,,4.94,40640616676.0,6300000.0,4.94,ETF close,0.31122000000000005,沪深300ETF嘉实,SZSE
2025-10-30,159919,40612716676.0,,4.9,40646916676.0,-34200000.0,4.9,ETF close,-1.6758,沪深300ETF嘉实,SZSE
2025-10-31,159919,40754916676.0,,4.833,40612716676.0,142200000.0,4.833,ETF close,6.872526,沪深300ETF嘉实,SZSE
2025-11-03,159919,40780116676.0,,4.846,40754916676.0,25200000.0,4.846,ETF close,1.221192,沪深300ETF嘉实,SZSE
2025-11-04,159919,40772016676.0,,4.808,40780116676.0,-8100000.0,4.808,ETF close,-0.389448,沪深300ETF嘉实,SZSE
2025-11-05,159919,40781916676.0,,4.808,40772016676.0,9900000.0,4.808,ETF close,0.475992,沪深300ETF嘉实,SZSE
2025-11-06,159919,40761216676.0,,4.883,40781916676.0,-20700000.0,4.883,ETF close,-1.010781,沪深300ETF嘉实,SZSE
2025-11-07,159919,40712616676.0,,4.868,40761216676.0,-48600000.0,4.868,ETF close,-2.365848,沪深300ETF嘉实,SZSE
2025-11-10,159919,40682916676.0,,4.887,40712616676.0,-29700000.0,4.887,ETF close,-1.451439,沪深300ETF嘉实,SZSE
2025-11-11,159919,40639716676.0,,4.842,40682916676.0,-43200000.0,4.842,ETF close,-2.091744,沪深300ETF嘉实,SZSE
2025-11-12,159919,40582116676.0,,4.839,40639716676.0,-57600000.0,4.839,ETF close,-2.787264,沪深300ETF嘉实,SZSE
2025-11-13,159919,40577616676.0,,4.891,40582116676.0,-4500000.0,4.891,ETF close,-0.220095,沪深300ETF嘉实,SZSE
2025-11-14,159919,40572216676.0,,4.814,40577616676.0,-5400000.0,4.814,ETF close,-0.259956,沪深300ETF嘉实,SZSE
2025-11-17,159919,40567716676.0,,4.783,40572216676.0,-4500000.0,4.783,ETF close,-0.215235,沪深300ETF嘉实,SZSE
2025-11-18,159919,40559616676.0,,4.759,40567716676.0,-8100000.0,4.759,ETF close,-0.385479,沪深300ETF嘉实,SZSE
2025-11-19,159919,40508316676.0,,4.772,40559616676.0,-51300000.0,4.772,ETF close,-2.448036,沪深300ETF嘉实,SZSE
2025-11-20,159919,40473216676.0,,4.753,40508316676.0,-35100000.0,4.753,ETF close,-1.668303,沪深300ETF嘉实,SZSE
2025-11-21,159919,40642416676.0,,4.64,40473216676.0,169200000.0,4.64,ETF close,7.85088,沪深300ETF嘉实,SZSE
2025-11-24,159919,40799916676.0,,4.637,40642416676.0,157500000.0,4.637,ETF close,7.303274999999998,沪深300ETF嘉实,SZSE
2025-11-25,159919,40722516676.0,,4.667,40799916676.0,-77400000.0,4.667,ETF close,-3.612258,沪深300ETF嘉实,SZSE
2025-11-26,159919,40715316676.0,,4.705,40722516676.0,-7200000.0,4.705,ETF close,-0.33876,沪深300ETF嘉实,SZSE
2025-11-27,159919,40712616676.0,,4.695,40715316676.0,-2700000.0,4.695,ETF close,-0.126765,沪深300ETF嘉实,SZSE
2025-11-28,159919,40716216676.0,,4.71,40712616676.0,3600000.0,4.71,ETF close,0.16956,沪深300ETF嘉实,SZSE
2025-12-01,159919,40677516676.0,,4.76,40716216676.0,-38700000.0,4.76,ETF close,-1.84212,沪深300ETF嘉实,SZSE
2025-12-02,159919,40606416676.0,,4.737,40677516676.0,-71100000.0,4.737,ETF close,-3.368007,沪深300ETF嘉实,SZSE
2025-12-03,159919,40601016676.0,,4.72,40606416676.0,-5400000.0,4.72,ETF close,-0.25488,沪深300ETF嘉实,SZSE
2025-12-04,159919,40612716676.0,,4.729,40601016676.0,11700000.0,4.729,ETF close,0.553293,沪深300ETF嘉实,SZSE
2025-12-05,159919,40639716676.0,,4.771,40612716676.0,27000000.0,4.771,ETF close,1.28817,沪深300ETF嘉实,SZSE
2025-12-08,159919,40666716676.0,,4.809,40639716676.0,27000000.0,4.809,ETF close,1.29843,沪深300ETF嘉实,SZSE
2025-12-09,159919,40636116676.0,,4.783,40666716676.0,-30600000.0,4.783,ETF close,-1.463598,沪深300ETF嘉实,SZSE
2025-12-10,159919,40565016676.0,,4.775,40636116676.0,-71100000.0,4.775,ETF close,-3.395025,沪深300ETF嘉实,SZSE
2025-12-11,159919,40561416676.0,,4.74,40565016676.0,-3600000.0,4.74,ETF close,-0.17064,沪深300ETF嘉实,SZSE
2025-12-12,159919,40643316676.0,,4.766,40561416676.0,81900000.0,4.766,ETF close,3.903354,沪深300ETF嘉实,SZSE
2025-12-15,159919,40636116676.0,,4.741,40643316676.0,-7200000.0,4.741,ETF close,-0.341352,沪深300ETF嘉实,SZSE
2025-12-16,159919,40691916676.0,,4.69,40636116676.0,55800000.0,4.69,ETF close,2.61702,沪深300ETF嘉实,SZSE
2025-12-17,159919,40812516676.0,,4.776,40691916676.0,120600000.0,4.776,ETF close,5.759856,沪深300ETF嘉实,SZSE
2025-12-18,159919,40830516676.0,,4.742,40812516676.0,18000000.0,4.742,ETF close,0.85356,沪深300ETF嘉实,SZSE
2025-12-19,159919,40840416676.0,,4.766,40830516676.0,9900000.0,4.766,ETF close,0.471834,沪深300ETF嘉实,SZSE
2025-12-22,159919,40703616676.0,,4.806,40840416676.0,-136800000.0,4.806,ETF close,-6.574608,沪深300ETF嘉实,SZSE
2025-12-23,159919,40556016676.0,,4.812,40703616676.0,-147600000.0,4.812,ETF close,-7.102512,沪深300ETF嘉实,SZSE
2025-12-24,159919,40608216676.0,,4.832,40556016676.0,52200000.0,4.832,ETF close,2.522304,沪深300ETF嘉实,SZSE
2025-12-25,159919,40618116676.0,,4.84,40608216676.0,9900000.0,4.84,ETF close,0.47916,沪深300ETF嘉实,SZSE
2025-12-26,159919,40694616676.0,,4.86,40618116676.0,76500000.0,4.86,ETF close,3.7179,沪深300ETF嘉实,SZSE
2025-12-29,159919,40638816676.0,,4.838,40694616676.0,-55800000.0,4.838,ETF close,-2.699604,沪深300ETF嘉实,SZSE
2025-12-30,159919,40769316676.0,,4.855,40638816676.0,130500000.0,4.855,ETF close,6.335775,沪深300ETF嘉实,SZSE
2025-12-31,159919,40818816676.0,,4.827,40769316676.0,49500000.0,4.827,ETF close,2.389365,沪深300ETF嘉实,SZSE
2026-01-05,159919,40874616676.0,,4.921,40818816676.0,55800000.0,4.921,ETF close,2.745918,沪深300ETF嘉实,SZSE
2026-01-06,159919,40938516676.0,,4.996,40874616676.0,63900000.0,4.996,ETF close,3.192444,沪深300ETF嘉实,SZSE
2026-01-07,159919,40876416676.0,,4.977,40938516676.0,-62100000.0,4.977,ETF close,-3.090717,沪深300ETF嘉实,SZSE
2026-01-08,159919,40880916676.0,,4.944,40876416676.0,4500000.0,4.944,ETF close,0.22248,沪深300ETF嘉实,SZSE
2026-01-09,159919,40925916676.0,,4.966,40880916676.0,45000000.0,4.966,ETF close,2.2347,沪深300ETF嘉实,SZSE
2026-01-12,159919,40908816676.0,,4.992,40925916676.0,-17100000.0,4.992,ETF close,-0.853632,沪深300ETF嘉实,SZSE
2026-01-13,159919,40905216676.0,,4.972,40908816676.0,-3600000.0,4.972,ETF close,-0.178992,沪深300ETF嘉实,SZSE
2026-01-14,159919,40830516676.0,,4.945,40905216676.0,-74700000.0,4.945,ETF close,-3.693915,沪深300ETF嘉实,SZSE
2026-01-15,159919,39934116676.0,,4.948,40830516676.0,-896400000.0,4.948,ETF close,-44.353872,沪深300ETF嘉实,SZSE
2026-01-16,159919,38584116676.0,,4.935,39934116676.0,-1350000000.0,4.935,ETF close,-66.62249999999999,沪深300ETF嘉实,SZSE
2026-01-19,159919,36875016676.0,,4.937,38584116676.0,-1709100000.0,4.937,ETF close,-84.378267,沪深300ETF嘉实,SZSE
2026-01-20,159919,35381916676.0,,4.923,36875016676.0,-1493100000.0,4.923,ETF close,-73.505313,沪深300ETF嘉实,SZSE
2026-01-21,159919,32694516676.0,,4.924,35381916676.0,-2687400000.0,4.924,ETF close,-132.32757600000002,沪深300ETF嘉实,SZSE
2026-01-22,159919,31417416676.0,,4.926,32694516676.0,-1277100000.0,4.926,ETF close,-62.909946,沪深300ETF嘉实,SZSE
2026-01-23,159919,29033316676.0,,4.898,31417416676.0,-2384100000.0,4.898,ETF close,-116.773218,沪深300ETF嘉实,SZSE
2026-01-26,159919,26264916676.0,,4.913,29033316676.0,-2768400000.0,4.913,ETF close,-136.011492,沪深300ETF嘉实,SZSE
2026-01-27,159919,25216416676.0,,4.91,26264916676.0,-1048500000.0,4.91,ETF close,-51.48135,沪深300ETF嘉实,SZSE
2026-01-28,159919,22070916676.0,,4.931,25216416676.0,-3145500000.0,4.931,ETF close,-155.104605,沪深300ETF嘉实,SZSE
2026-01-29,159919,20991816676.0,,4.974,22070916676.0,-1079100000.0,4.974,ETF close,-53.674434,沪深300ETF嘉实,SZSE
2026-01-30,159919,20773116676.0,,4.912,20991816676.0,-218700000.0,4.912,ETF close,-10.742544,沪深300ETF嘉实,SZSE
2026-02-02,159919,20667816676.0,,4.804,20773116676.0,-105300000.0,4.804,ETF close,-5.058612,沪深300ETF嘉实,SZSE
2026-02-03,159919,20722716676.0,,4.864,20667816676.0,54900000.0,4.864,ETF close,2.670336,沪深300ETF嘉实,SZSE
2026-02-04,159919,20585916676.0,,4.901,20722716676.0,-136800000.0,4.901,ETF close,-6.704568,沪深300ETF嘉实,SZSE
2026-02-05,159919,20559816676.0,,4.877,20585916676.0,-26100000.0,4.877,ETF close,-1.272897,沪深300ETF嘉实,SZSE
2026-02-06,159919,20601216676.0,,4.85,20559816676.0,41400000.0,4.85,ETF close,2.0079,沪深300ETF嘉实,SZSE
2026-02-09,159919,20592216676.0,,4.928,20601216676.0,-9000000.0,4.928,ETF close,-0.44352,沪深300ETF嘉实,SZSE
2026-02-10,159919,20510316676.0,,4.931,20592216676.0,-81900000.0,4.931,ETF close,-4.038489,沪深300ETF嘉实,SZSE
2026-02-11,159919,20489616676.0,,4.92,20510316676.0,-20700000.0,4.92,ETF close,-1.01844,沪深300ETF嘉实,SZSE
2026-02-12,159919,20450016676.0,,4.929,20489616676.0,-39600000.0,4.929,ETF close,-1.951884,沪深300ETF嘉实,SZSE
2026-02-13,159919,20224116676.0,,4.866,20450016676.0,-225900000.0,4.866,ETF close,-10.992294,沪深300ETF嘉实,SZSE
2026-02-24,159919,20210616676.0,,4.917,20224116676.0,-13500000.0,4.917,ETF close,-0.663795,沪深300ETF嘉实,SZSE
2026-02-25,159919,20207916676.0,,4.949,20210616676.0,-2700000.0,4.949,ETF close,-0.133623,沪深300ETF嘉实,SZSE
2026-02-26,159919,20092716676.0,,4.935,20207916676.0,-115200000.0,4.935,ETF close,-5.68512,沪深300ETF嘉实,SZSE
2026-02-27,159919,20089116676.0,,4.923,20092716676.0,-3600000.0,4.923,ETF close,-0.177228,沪深300ETF嘉实,SZSE
2026-03-02,159919,19879416676.0,,4.935,20089116676.0,-209700000.0,4.935,ETF close,-10.348695,沪深300ETF嘉实,SZSE
2026-03-03,159919,19914516676.0,,4.872,19879416676.0,35100000.0,4.872,ETF close,1.710072,沪深300ETF嘉实,SZSE
2026-03-04,159919,19974816676.0,,4.817,19914516676.0,60300000.0,4.817,ETF close,2.904651,沪深300ETF嘉实,SZSE
2026-03-05,159919,19909116676.0,,4.846,19974816676.0,-65700000.0,4.846,ETF close,-3.183822,沪深300ETF嘉实,SZSE
2026-03-06,159919,19921716676.0,,4.865,19909116676.0,12600000.0,4.865,ETF close,0.61299,沪深300ETF嘉实,SZSE
2026-03-09,159919,19889316676.0,,4.817,19921716676.0,-32400000.0,4.817,ETF close,-1.560708,沪深300ETF嘉实,SZSE
2026-03-10,159919,19877616676.0,,4.879,19889316676.0,-11700000.0,4.879,ETF close,-0.5708429999999999,沪深300ETF嘉实,SZSE
2026-03-11,159919,19803816676.0,,4.909,19877616676.0,-73800000.0,4.909,ETF close,-3.622842,沪深300ETF嘉实,SZSE
2026-03-12,159919,19775916676.0,,4.892,19803816676.0,-27900000.0,4.892,ETF close,-1.364868,沪深300ETF嘉实,SZSE
2026-03-13,159919,19721016676.0,,4.876,19775916676.0,-54900000.0,4.876,ETF close,-2.676924,沪深300ETF嘉实,SZSE
2026-03-16,159919,19726416676.0,,4.879,19721016676.0,5400000.0,4.879,ETF close,0.263466,沪深300ETF嘉实,SZSE
2026-03-17,159919,19762416676.0,,4.846,19726416676.0,36000000.0,4.846,ETF close,1.74456,沪深300ETF嘉实,SZSE
2026-03-18,159919,19796616676.0,,4.864,19762416676.0,34200000.0,4.864,ETF close,1.663488,沪深300ETF嘉实,SZSE
2026-03-19,159919,19856016676.0,,4.79,19796616676.0,59400000.0,4.79,ETF close,2.84526,沪深300ETF嘉实,SZSE
2026-03-20,159919,19900116676.0,,4.778,19856016676.0,44100000.0,4.778,ETF close,2.1070979999999997,沪深300ETF嘉实,SZSE
2026-03-23,159919,20086416676.0,,4.619,19900116676.0,186300000.0,4.619,ETF close,8.605197,沪深300ETF嘉实,SZSE
2026-03-24,159919,20082816676.0,,4.669,20086416676.0,-3600000.0,4.669,ETF close,-0.168084,沪深300ETF嘉实,SZSE
2026-03-25,159919,20040516676.0,,4.735,20082816676.0,-42300000.0,4.735,ETF close,-2.002905,沪深300ETF嘉实,SZSE
2026-03-26,159919,20032416676.0,,4.677,20040516676.0,-8100000.0,4.677,ETF close,-0.378837,沪深300ETF嘉实,SZSE
2026-03-27,159919,20035116676.0,,4.701,20032416676.0,2700000.0,4.701,ETF close,0.12692699999999998,沪深300ETF嘉实,SZSE
2026-03-30,159919,19998216676.0,,4.692,20035116676.0,-36900000.0,4.692,ETF close,-1.731348,沪深300ETF嘉实,SZSE
2026-03-31,159919,19964916676.0,,4.657,19998216676.0,-33300000.0,4.657,ETF close,-1.550781,沪深300ETF嘉实,SZSE
2026-04-01,159919,19943316676.0,,4.723,19964916676.0,-21600000.0,4.723,ETF close,-1.020168,沪深300ETF嘉实,SZSE
2026-04-02,159919,19839816676.0,,4.676,19943316676.0,-103500000.0,4.676,ETF close,-4.83966,沪深300ETF嘉实,SZSE
2026-04-03,159919,19848816676.0,,4.644,19839816676.0,9000000.0,4.644,ETF close,0.41796,沪深300ETF嘉实,SZSE
2026-04-07,159919,19890216676.0,,4.633,19848816676.0,41400000.0,4.633,ETF close,1.918062,沪深300ETF嘉实,SZSE
2026-04-08,159919,19868616676.0,,4.798,19890216676.0,-21600000.0,4.798,ETF close,-1.036368,沪深300ETF嘉实,SZSE
2026-04-09,159919,19744416676.0,,4.765,19868616676.0,-124200000.0,4.765,ETF close,-5.91813,沪深300ETF嘉实,SZSE
2026-04-10,159919,19625616676.0,,4.839,19744416676.0,-118800000.0,4.839,ETF close,-5.748732,沪深300ETF嘉实,SZSE
2026-04-13,159919,19602216676.0,,4.846,19625616676.0,-23400000.0,4.846,ETF close,-1.133964,沪深300ETF嘉实,SZSE
2026-04-14,159919,19585116676.0,,4.909,19602216676.0,-17100000.0,4.909,ETF close,-0.839439,沪深300ETF嘉实,SZSE
2026-04-15,159919,19579716676.0,,4.895,19585116676.0,-5400000.0,4.895,ETF close,-0.26432999999999995,沪深300ETF嘉实,SZSE
2026-04-16,159919,19587816676.0,,4.946,19579716676.0,8100000.0,4.946,ETF close,0.400626,沪深300ETF嘉实,SZSE
2026-04-17,159919,19515816676.0,,4.937,19587816676.0,-72000000.0,4.937,ETF close,-3.55464,沪深300ETF嘉实,SZSE
2026-04-20,159919,19469016676.0,,4.965,19515816676.0,-46800000.0,4.965,ETF close,-2.32362,沪深300ETF嘉实,SZSE
2026-04-21,159919,19370916676.0,,4.97,19469016676.0,-98100000.0,4.97,ETF close,-4.87557,沪深300ETF嘉实,SZSE
2026-04-22,159919,19260216676.0,,5.015,19370916676.0,-110700000.0,5.015,ETF close,-5.551605,沪深300ETF嘉实,SZSE
2026-04-23,159919,19082016676.0,,5.005,19260216676.0,-178200000.0,5.005,ETF close,-8.91891,沪深300ETF嘉实,SZSE
2026-04-24,159919,19002816676.0,,4.985,19082016676.0,-79200000.0,4.985,ETF close,-3.94812,沪深300ETF嘉实,SZSE
2026-04-27,159919,18896616676.0,,4.983,19002816676.0,-106200000.0,4.983,ETF close,-5.291945999999999,沪深300ETF嘉实,SZSE
2026-04-28,159919,18668016676.0,,4.966,18896616676.0,-228600000.0,4.966,ETF close,-11.352276,沪深300ETF嘉实,SZSE
2026-04-29,159919,18428616676.0,,5.021,18668016676.0,-239400000.0,5.021,ETF close,-12.020274,沪深300ETF嘉实,SZSE
2026-04-30,159919,17953416676.0,,5.028,18428616676.0,-475200000.0,5.028,ETF close,-23.893056,沪深300ETF嘉实,SZSE
2026-05-06,159919,17532216676.0,,5.096,17953416676.0,-421200000.0,5.096,ETF close,-21.464352,沪深300ETF嘉实,SZSE
2026-05-07,159919,17291916676.0,,5.121,17532216676.0,-240300000.0,5.121,ETF close,-12.305763,沪深300ETF嘉实,SZSE
2026-05-08,159919,16887816676.0,,5.088,17291916676.0,-404100000.0,5.088,ETF close,-20.560608,沪深300ETF嘉实,SZSE
2026-05-11,159919,16267716676.0,,5.176,16887816676.0,-620100000.0,5.176,ETF close,-32.096376,沪深300ETF嘉实,SZSE
2026-05-12,159919,15958116676.0,,5.169,16267716676.0,-309600000.0,5.169,ETF close,-16.003223999999996,沪深300ETF嘉实,SZSE
2026-05-13,159919,15594516676.0,,5.231,15958116676.0,-363600000.0,5.231,ETF close,-19.019916,沪深300ETF嘉实,SZSE
2026-05-14,159919,15304716676.0,,5.141,15594516676.0,-289800000.0,5.141,ETF close,-14.898618,沪深300ETF嘉实,SZSE
2026-05-15,159919,15258816676.0,,5.087,15304716676.0,-45900000.0,5.087,ETF close,-2.334933,沪深300ETF嘉实,SZSE
2026-05-18,159919,15233616676.0,,5.059,15258816676.0,-25200000.0,5.059,ETF close,-1.274868,沪深300ETF嘉实,SZSE
2026-05-19,159919,14900616676.0,,5.077,15233616676.0,-333000000.0,5.077,ETF close,-16.90641,沪深300ETF嘉实,SZSE
2026-05-20,159919,14540616676.0,,5.077,14900616676.0,-360000000.0,5.077,ETF close,-18.2772,沪深300ETF嘉实,SZSE
2026-05-21,159919,14087916676.0,,5.024,14540616676.0,-452700000.0,5.024,ETF close,-22.743648,沪深300ETF嘉实,SZSE
2026-05-22,159919,13908816676.0,,5.069,14087916676.0,-179100000.0,5.069,ETF close,-9.078579,沪深300ETF嘉实,SZSE
2026-05-25,159919,13002516676.0,,5.143,13908816676.0,-906300000.0,5.143,ETF close,-46.611009,沪深300ETF嘉实,SZSE
2026-05-26,159919,12804516676.0,,5.177,13002516676.0,-198000000.0,5.177,ETF close,-10.250459999999999,沪深300ETF嘉实,SZSE
2026-05-27,159919,12492216676.0,,5.148,12804516676.0,-312300000.0,5.148,ETF close,-16.077204,沪深300ETF嘉实,SZSE
2026-05-28,159919,12386916676.0,,5.143,12492216676.0,-105300000.0,5.143,ETF close,-5.415579,沪深300ETF嘉实,SZSE
2026-05-29,159919,12356316676.0,,5.132,12386916676.0,-30600000.0,5.132,ETF close,-1.570392,沪深300ETF嘉实,SZSE
2026-06-01,159919,12381516676.0,,5.081,12356316676.0,25200000.0,5.081,ETF close,1.280412,沪深300ETF嘉实,SZSE
2026-06-02,159919,12421116676.0,,5.143,12381516676.0,39600000.0,5.143,ETF close,2.036628,沪深300ETF嘉实,SZSE
2026-06-03,159919,12315816676.0,,5.172,12421116676.0,-105300000.0,5.172,ETF close,-5.446116,沪深300ETF嘉实,SZSE
2026-06-04,159919,12262716676.0,,5.136,12315816676.0,-53100000.0,5.136,ETF close,-2.727216,沪深300ETF嘉实,SZSE
2026-06-05,159919,12294216676.0,,5.049,12262716676.0,31500000.0,5.049,ETF close,1.590435,沪深300ETF嘉实,SZSE
2026-06-08,159919,12521016676.0,,4.937,12294216676.0,226800000.0,4.937,ETF close,11.197116,沪深300ETF嘉实,SZSE
2026-06-09,159919,12480516676.0,,5.026,12521016676.0,-40500000.0,5.026,ETF close,-2.03553,沪深300ETF嘉实,SZSE
2026-06-10,159919,12483216676.0,,4.97,12480516676.0,2700000.0,4.97,ETF close,0.13419,沪深300ETF嘉实,SZSE
2026-06-11,159919,12495816676.0,,4.952,12483216676.0,12600000.0,4.952,ETF close,0.623952,沪深300ETF嘉实,SZSE
2026-06-12,159919,12413016676.0,,5.013,12495816676.0,-82800000.0,5.013,ETF close,-4.150764,沪深300ETF嘉实,SZSE
2026-06-15,159919,12005316676.0,,5.124,12413016676.0,-407700000.0,5.124,ETF close,-20.890548,沪深300ETF嘉实,SZSE
2026-06-16,159919,11605716676.0,,5.114,12005316676.0,-399600000.0,5.114,ETF close,-20.435544,沪深300ETF嘉实,SZSE
2026-06-17,159919,11043216676.0,,5.169,11605716676.0,-562500000.0,5.169,ETF close,-29.075625,沪深300ETF嘉实,SZSE
2026-06-18,159919,10564416676.0,,5.192,11043216676.0,-478800000.0,5.192,ETF close,-24.859296,沪深300ETF嘉实,SZSE
2026-06-22,159919,10364616676.0,,5.315,10564416676.0,-199800000.0,5.315,ETF close,-10.619370000000002,沪深300ETF嘉实,SZSE
2026-06-23,159919,9492516676.0,,5.16,10364616676.0,-872100000.0,5.16,ETF close,-45.00036,沪深300ETF嘉实,SZSE
2026-06-24,159919,8598816676.0,,5.178,9492516676.0,-893700000.0,5.178,ETF close,-46.275786,沪深300ETF嘉实,SZSE
2026-06-25,159919,7650216676.0,,5.265,8598816676.0,-948600000.0,5.265,ETF close,-49.94379,沪深300ETF嘉实,SZSE
2026-06-26,159919,7608816676.0,,5.115,7650216676.0,-41400000.0,5.115,ETF close,-2.11761,沪深300ETF嘉实,SZSE
2026-06-29,159919,6996816676.0,,5.176,7608816676.0,-612000000.0,5.176,ETF close,-31.67712,沪深300ETF嘉实,SZSE
2026-06-30,159919,6939216676.0,,5.233,6996816676.0,-57600000.0,5.233,ETF close,-3.014208,沪深300ETF嘉实,SZSE
2026-07-01,159919,6554916676.0,,5.215,6939216676.0,-384300000.0,5.215,ETF close,-20.041245,沪深300ETF嘉实,SZSE
2026-07-02,159919,6319116676.0,,5.061,6554916676.0,-235800000.0,5.061,ETF close,-11.933838,沪深300ETF嘉实,SZSE
2026-07-03,159919,5428116676.0,,5.088,6319116676.0,-891000000.0,5.088,ETF close,-45.33408,沪深300ETF嘉实,SZSE
2026-07-06,159919,5361516676.0,,5.087,5428116676.0,-66600000.0,5.087,ETF close,-3.387942,沪深300ETF嘉实,SZSE
2026-07-07,159919,5356116676.0,,5.032,5361516676.0,-5400000.0,5.032,ETF close,-0.271728,沪深300ETF嘉实,SZSE
2026-07-08,159919,5368716676.0,,5.008,5356116676.0,12600000.0,5.008,ETF close,0.631008,沪深300ETF嘉实,SZSE
2026-07-09,159919,5343516676.0,,5.127,5368716676.0,-25200000.0,5.127,ETF close,-1.292004,沪深300ETF嘉实,SZSE
2026-07-10,159919,5380416676.0,,5.038,5343516676.0,36900000.0,5.038,ETF close,1.859022,沪深300ETF嘉实,SZSE
2026-07-13,159919,5609916676.0,,4.949,5380416676.0,229500000.0,4.949,ETF close,11.357955,沪深300ETF嘉实,SZSE
2026-07-14,159919,5614416676.0,,5.046,5609916676.0,4500000.0,5.046,ETF close,0.22707,沪深300ETF嘉实,SZSE
2026-07-15,159919,5569416676.0,,5.047,5614416676.0,-45000000.0,5.047,ETF close,-2.27115,沪深300ETF嘉实,SZSE
2026-07-16,159919,5683716676.0,,4.955,5569416676.0,114300000.0,4.955,ETF close,5.663565,沪深300ETF嘉实,SZSE
2026-07-17,159919,6239016676.0,,4.795,5683716676.0,555300000.0,4.795,ETF close,26.626635,沪深300ETF嘉实,SZSE
2026-07-20,159919,6374016676.0,,4.87,6239016676.0,135000000.0,4.87,ETF close,6.5745,沪深300ETF嘉实,SZSE
2026-07-21,159919,6194916676.0,,4.995,6374016676.0,-179100000.0,4.995,ETF close,-8.946045,沪深300ETF嘉实,SZSE
2026-07-22,159919,6182316676.0,,4.97,6194916676.0,-12600000.0,4.97,ETF close,-0.62622,沪深300ETF嘉实,SZSE
2026-07-23,159919,6192216676.0,,4.986,6182316676.0,9900000.0,4.986,ETF close,0.493614,沪深300ETF嘉实,SZSE
2026-07-24,159919,6244416676.0,,4.901,6192216676.0,52200000.0,4.901,ETF close,2.558322,沪深300ETF嘉实,SZSE
2026-07-27,159919,6290316676.0,,4.96,6244416676.0,45900000.0,4.96,ETF close,2.27664,沪深300ETF嘉实,SZSE
2026-07-28,159919,6335316676.0,,4.83,6290316676.0,45000000.0,4.83,ETF close,2.1735,沪深300ETF嘉实,SZSE
2026-07-29,159919,6424416676.0,,4.857,6335316676.0,89100000.0,4.857,ETF close,4.327587,沪深300ETF嘉实,SZSE
2026-07-30,159919,6544116676.0,,4.798,6424416676.0,119700000.0,4.798,ETF close,5.743206,沪深300ETF嘉实,SZSE
2026-07-31,159919,6608916676.0,,4.851,6544116676.0,64800000.0,4.851,ETF close,3.143448,沪深300ETF嘉实,SZSE
2026-08-03,159919,6705216676.0,,4.801,6608916676.0,96300000.0,4.801,ETF close,4.623363,沪深300ETF嘉实,SZSE
2025-01-02,510050,55558566800.0,,2.587,,,2.587,ETF close,,上证50ETF华夏,SSE
2025-01-03,510050,55419966800.0,,2.561,55558566800.0,-138600000.0,2.561,ETF close,-3.549546,上证50ETF华夏,SSE
2025-01-06,510050,55755666800.0,,2.55,55419966800.0,335700000.0,2.55,ETF close,8.56035,上证50ETF华夏,SSE
2025-01-07,510050,55652166800.0,,2.565,55755666800.0,-103500000.0,2.565,ETF close,-2.654775,上证50ETF华夏,SSE
2025-01-08,510050,55534266800.0,,2.571,55652166800.0,-117900000.0,2.571,ETF close,-3.031209,上证50ETF华夏,SSE
2025-01-09,510050,55624266800.0,,2.558,55534266800.0,90000000.0,2.558,ETF close,2.3021999999999996,上证50ETF华夏,SSE
2025-01-10,510050,55473066800.0,,2.535,55624266800.0,-151200000.0,2.535,ETF close,-3.83292,上证50ETF华夏,SSE
2025-01-13,510050,55783566800.0,,2.527,55473066800.0,310500000.0,2.527,ETF close,7.846335,上证50ETF华夏,SSE
2025-01-14,510050,55623366800.0,,2.572,55783566800.0,-160200000.0,2.572,ETF close,-4.120344,上证50ETF华夏,SSE
2025-01-15,510050,55337166800.0,,2.566,55623366800.0,-286200000.0,2.566,ETF close,-7.343892,上证50ETF华夏,SSE
2025-01-16,510050,55105866800.0,,2.557,55337166800.0,-231300000.0,2.557,ETF close,-5.914341,上证50ETF华夏,SSE
2025-01-17,510050,55214766800.0,,2.557,55105866800.0,108900000.0,2.557,ETF close,2.784573,上证50ETF华夏,SSE
2025-01-20,510050,55224666800.0,,2.563,55214766800.0,9900000.0,2.563,ETF close,0.253737,上证50ETF华夏,SSE
2025-01-21,510050,55158066800.0,,2.56,55224666800.0,-66600000.0,2.56,ETF close,-1.70496,上证50ETF华夏,SSE
2025-01-22,510050,54987966800.0,,2.527,55158066800.0,-170100000.0,2.527,ETF close,-4.298427,上证50ETF华夏,SSE
2025-01-23,510050,54848466800.0,,2.543,54987966800.0,-139500000.0,2.543,ETF close,-3.547485,上证50ETF华夏,SSE
2025-01-24,510050,55003266800.0,,2.558,54848466800.0,154800000.0,2.558,ETF close,3.959784,上证50ETF华夏,SSE
2025-01-27,510050,54561366800.0,,2.563,55003266800.0,-441900000.0,2.563,ETF close,-11.325897,上证50ETF华夏,SSE
2025-02-05,510050,54717966800.0,,2.539,54561366800.0,156600000.0,2.539,ETF close,3.976074,上证50ETF华夏,SSE
2025-02-06,510050,55128366800.0,,2.558,54717966800.0,410400000.0,2.558,ETF close,10.498031999999998,上证50ETF华夏,SSE
2025-02-07,510050,55390266800.0,,2.588,55128366800.0,261900000.0,2.588,ETF close,6.777972,上证50ETF华夏,SSE
2025-02-10,510050,55209366800.0,,2.598,55390266800.0,-180900000.0,2.598,ETF close,-4.699782,上证50ETF华夏,SSE
2025-02-11,510050,54662166800.0,,2.591,55209366800.0,-547200000.0,2.591,ETF close,-14.177952,上证50ETF华夏,SSE
2025-02-12,510050,54776466800.0,,2.618,54662166800.0,114300000.0,2.618,ETF close,2.992374,上证50ETF华夏,SSE
2025-02-13,510050,54492966800.0,,2.622,54776466800.0,-283500000.0,2.622,ETF close,-7.43337,上证50ETF华夏,SSE
2025-02-14,510050,54908766800.0,,2.639,54492966800.0,415800000.0,2.639,ETF close,10.972962,上证50ETF华夏,SSE
2025-02-17,510050,54382266800.0,,2.643,54908766800.0,-526500000.0,2.643,ETF close,-13.915395,上证50ETF华夏,SSE
2025-02-18,510050,54015966800.0,,2.633,54382266800.0,-366300000.0,2.633,ETF close,-9.644679,上证50ETF华夏,SSE
2025-02-19,510050,54076266800.0,,2.642,54015966800.0,60300000.0,2.642,ETF close,1.593126,上证50ETF华夏,SSE
2025-02-20,510050,54122166800.0,,2.628,54076266800.0,45900000.0,2.628,ETF close,1.206252,上证50ETF华夏,SSE
2025-02-21,510050,54204966800.0,,2.664,54122166800.0,82800000.0,2.664,ETF close,2.205792,上证50ETF华夏,SSE
2025-02-24,510050,53625366800.0,,2.651,54204966800.0,-579600000.0,2.651,ETF close,-15.365196,上证50ETF华夏,SSE
2025-02-25,510050,53292366800.0,,2.623,53625366800.0,-333000000.0,2.623,ETF close,-8.73459,上证50ETF华夏,SSE
2025-02-26,510050,53099766800.0,,2.646,53292366800.0,-192600000.0,2.646,ETF close,-5.096196,上证50ETF华夏,SSE
2025-02-27,510050,53247366800.0,,2.66,53099766800.0,147600000.0,2.66,ETF close,3.92616,上证50ETF华夏,SSE
2025-02-28,510050,52889166800.0,,2.625,53247366800.0,-358200000.0,2.625,ETF close,-9.40275,上证50ETF华夏,SSE
2025-03-03,510050,53068266800.0,,2.606,52889166800.0,179100000.0,2.606,ETF close,4.667346,上证50ETF华夏,SSE
2025-03-04,510050,52881966800.0,,2.598,53068266800.0,-186300000.0,2.598,ETF close,-4.840074,上证50ETF华夏,SSE
2025-03-05,510050,52737966800.0,,2.617,52881966800.0,-144000000.0,2.617,ETF close,-3.76848,上证50ETF华夏,SSE
2025-03-06,510050,53377866800.0,,2.66,52737966800.0,639900000.0,2.66,ETF close,17.02134,上证50ETF华夏,SSE
2025-03-07,510050,53165466800.0,,2.659,53377866800.0,-212400000.0,2.659,ETF close,-5.647716,上证50ETF华夏,SSE
2025-03-10,510050,52452666800.0,,2.647,53165466800.0,-712800000.0,2.647,ETF close,-18.867815999999998,上证50ETF华夏,SSE
2025-03-11,510050,52518366800.0,,2.659,52452666800.0,65700000.0,2.659,ETF close,1.746963,上证50ETF华夏,SSE
2025-03-12,510050,52527366800.0,,2.65,52518366800.0,9000000.0,2.65,ETF close,0.2385,上证50ETF华夏,SSE
2025-03-13,510050,52573266800.0,,2.643,52527366800.0,45900000.0,2.643,ETF close,1.213137,上证50ETF华夏,SSE
2025-03-14,510050,53109666800.0,,2.723,52573266800.0,536400000.0,2.723,ETF close,14.606172,上证50ETF华夏,SSE
2025-03-17,510050,52988166800.0,,2.718,53109666800.0,-121500000.0,2.718,ETF close,-3.30237,上证50ETF华夏,SSE
2025-03-18,510050,52961166800.0,,2.72,52988166800.0,-27000000.0,2.72,ETF close,-0.7344,上证50ETF华夏,SSE
2025-03-19,510050,53200566800.0,,2.729,52961166800.0,239400000.0,2.729,ETF close,6.533226,上证50ETF华夏,SSE
2025-03-20,510050,53316666800.0,,2.699,53200566800.0,116100000.0,2.699,ETF close,3.133539,上证50ETF华夏,SSE
2025-03-21,510050,53229366800.0,,2.654,53316666800.0,-87300000.0,2.654,ETF close,-2.316942,上证50ETF华夏,SSE
2025-03-24,510050,53013366800.0,,2.672,53229366800.0,-216000000.0,2.672,ETF close,-5.77152,上证50ETF华夏,SSE
2025-03-25,510050,53040366800.0,,2.672,53013366800.0,27000000.0,2.672,ETF close,0.72144,上证50ETF华夏,SSE
2025-03-26,510050,53356266800.0,,2.656,53040366800.0,315900000.0,2.656,ETF close,8.390304,上证50ETF华夏,SSE
2025-03-27,510050,53452566800.0,,2.67,53356266800.0,96300000.0,2.67,ETF close,2.57121,上证50ETF华夏,SSE
2025-03-28,510050,53415666800.0,,2.658,53452566800.0,-36900000.0,2.658,ETF close,-0.980802,上证50ETF华夏,SSE
2025-03-31,510050,53490366800.0,,2.645,53415666800.0,74700000.0,2.645,ETF close,1.975815,上证50ETF华夏,SSE
2025-04-01,510050,53628966800.0,,2.641,53490366800.0,138600000.0,2.641,ETF close,3.660426,上证50ETF华夏,SSE
2025-04-02,510050,53690166800.0,,2.636,53628966800.0,61200000.0,2.636,ETF close,1.613232,上证50ETF华夏,SSE
2025-04-03,510050,53625366800.0,,2.64,53690166800.0,-64800000.0,2.64,ETF close,-1.71072,上证50ETF华夏,SSE
2025-04-07,510050,54650466800.0,,2.491,53625366800.0,1025100000.0,2.491,ETF close,25.535241,上证50ETF华夏,SSE
2025-04-08,510050,57015666800.0,,2.548,54650466800.0,2365200000.0,2.548,ETF close,60.265296,上证50ETF华夏,SSE
2025-04-09,510050,57472866800.0,,2.568,57015666800.0,457200000.0,2.568,ETF close,11.740896,上证50ETF华夏,SSE
2025-04-10,510050,57291066800.0,,2.592,57472866800.0,-181800000.0,2.592,ETF close,-4.712256,上证50ETF华夏,SSE
2025-04-11,510050,57747366800.0,,2.597,57291066800.0,456300000.0,2.597,ETF close,11.850111,上证50ETF华夏,SSE
2025-04-14,510050,57564666800.0,,2.605,57747366800.0,-182700000.0,2.605,ETF close,-4.759335,上证50ETF华夏,SSE
2025-04-15,510050,58016466800.0,,2.611,57564666800.0,451800000.0,2.611,ETF close,11.796498,上证50ETF华夏,SSE
2025-04-16,510050,59471766800.0,,2.635,58016466800.0,1455300000.0,2.635,ETF close,38.347154999999994,上证50ETF华夏,SSE
2025-04-17,510050,60098166800.0,,2.638,59471766800.0,626400000.0,2.638,ETF close,16.524432,上证50ETF华夏,SSE
2025-04-18,510050,60698466800.0,,2.64,60098166800.0,600300000.0,2.64,ETF close,15.84792,上证50ETF华夏,SSE
2025-04-21,510050,61081866800.0,,2.631,60698466800.0,383400000.0,2.631,ETF close,10.087253999999998,上证50ETF华夏,SSE
2025-04-22,510050,60776766800.0,,2.636,61081866800.0,-305100000.0,2.636,ETF close,-8.042436,上证50ETF华夏,SSE
2025-04-23,510050,60642666800.0,,2.628,60776766800.0,-134100000.0,2.628,ETF close,-3.524148,上证50ETF华夏,SSE
2025-04-24,510050,60449166800.0,,2.635,60642666800.0,-193500000.0,2.635,ETF close,-5.098724999999999,上证50ETF华夏,SSE
2025-04-25,510050,60227766800.0,,2.63,60449166800.0,-221400000.0,2.63,ETF close,-5.82282,上证50ETF华夏,SSE
2025-04-28,510050,59946066800.0,,2.631,60227766800.0,-281700000.0,2.631,ETF close,-7.411526999999999,上证50ETF华夏,SSE
2025-04-29,510050,59935266800.0,,2.626,59946066800.0,-10800000.0,2.626,ETF close,-0.283608,上证50ETF华夏,SSE
2025-04-30,510050,60204366800.0,,2.613,59935266800.0,269100000.0,2.613,ETF close,7.031583,上证50ETF华夏,SSE
2025-05-06,510050,60409566800.0,,2.627,60204366800.0,205200000.0,2.627,ETF close,5.390604,上证50ETF华夏,SSE
2025-05-07,510050,59775966800.0,,2.651,60409566800.0,-633600000.0,2.651,ETF close,-16.796736,上证50ETF华夏,SSE
2025-05-08,510050,60312366800.0,,2.662,59775966800.0,536400000.0,2.662,ETF close,14.278968,上证50ETF华夏,SSE
2025-05-09,510050,60095466800.0,,2.664,60312366800.0,-216900000.0,2.664,ETF close,-5.778216,上证50ETF华夏,SSE
2025-05-12,510050,60385266800.0,,2.683,60095466800.0,289800000.0,2.683,ETF close,7.775334,上证50ETF华夏,SSE
2025-05-13,510050,60047766800.0,,2.689,60385266800.0,-337500000.0,2.689,ETF close,-9.075375,上证50ETF华夏,SSE
2025-05-14,510050,60039666800.0,,2.737,60047766800.0,-8100000.0,2.737,ETF close,-0.221697,上证50ETF华夏,SSE
2025-05-15,510050,59667966800.0,,2.723,60039666800.0,-371700000.0,2.723,ETF close,-10.121391,上证50ETF华夏,SSE
2025-05-16,510050,59359266800.0,,2.698,59667966800.0,-308700000.0,2.698,ETF close,-8.328726,上证50ETF华夏,SSE
2025-05-19,510050,59183766800.0,,2.689,59359266800.0,-175500000.0,2.689,ETF close,-4.719195,上证50ETF华夏,SSE
2025-05-20,510050,59235066800.0,,2.7,59183766800.0,51300000.0,2.7,ETF close,1.3851,上证50ETF华夏,SSE
2025-05-21,510050,59217066800.0,,2.713,59235066800.0,-18000000.0,2.713,ETF close,-0.48834,上证50ETF华夏,SSE
2025-05-22,510050,59217066800.0,,2.716,59217066800.0,0.0,2.716,ETF close,0.0,上证50ETF华夏,SSE
2025-05-23,510050,59073066800.0,,2.695,59217066800.0,-144000000.0,2.695,ETF close,-3.8808,上证50ETF华夏,SSE
2025-05-26,510050,59317866800.0,,2.684,59073066800.0,244800000.0,2.684,ETF close,6.570432,上证50ETF华夏,SSE
2025-05-27,510050,59378166800.0,,2.67,59317866800.0,60300000.0,2.67,ETF close,1.61001,上证50ETF华夏,SSE
2025-05-28,510050,59442966800.0,,2.667,59378166800.0,64800000.0,2.667,ETF close,1.728216,上证50ETF华夏,SSE
2025-05-29,510050,59608566800.0,,2.674,59442966800.0,165600000.0,2.674,ETF close,4.428144,上证50ETF华夏,SSE
2025-05-30,510050,59266566800.0,,2.669,59608566800.0,-342000000.0,2.669,ETF close,-9.12798,上证50ETF华夏,SSE
2025-06-03,510050,59424066800.0,,2.668,59266566800.0,157500000.0,2.668,ETF close,4.2021,上证50ETF华夏,SSE
2025-06-04,510050,59537466800.0,,2.675,59424066800.0,113400000.0,2.675,ETF close,3.03345,上证50ETF华夏,SSE
2025-06-05,510050,59494266800.0,,2.674,59537466800.0,-43200000.0,2.674,ETF close,-1.155168,上证50ETF华夏,SSE
2025-06-06,510050,59431266800.0,,2.676,59494266800.0,-63000000.0,2.676,ETF close,-1.68588,上证50ETF华夏,SSE
2025-06-09,510050,59969466800.0,,2.676,59431266800.0,538200000.0,2.676,ETF close,14.402232,上证50ETF华夏,SSE
2025-06-10,510050,59439366800.0,,2.662,59969466800.0,-530100000.0,2.662,ETF close,-14.111262,上证50ETF华夏,SSE
2025-06-11,510050,59517666800.0,,2.682,59439366800.0,78300000.0,2.682,ETF close,2.100006,上证50ETF华夏,SSE
2025-06-12,510050,59452866800.0,,2.68,59517666800.0,-64800000.0,2.68,ETF close,-1.73664,上证50ETF华夏,SSE
2025-06-13,510050,59221566800.0,,2.666,59452866800.0,-231300000.0,2.666,ETF close,-6.166458,上证50ETF华夏,SSE
2025-06-16,510050,59537466800.0,,2.673,59221566800.0,315900000.0,2.673,ETF close,8.444007,上证50ETF华夏,SSE
2025-06-17,510050,59611266800.0,,2.673,59537466800.0,73800000.0,2.673,ETF close,1.972674,上证50ETF华夏,SSE
2025-06-18,510050,59631966800.0,,2.67,59611266800.0,20700000.0,2.67,ETF close,0.55269,上证50ETF华夏,SSE
2025-06-19,510050,59789466800.0,,2.653,59631966800.0,157500000.0,2.653,ETF close,4.178475,上证50ETF华夏,SSE
2025-06-20,510050,59383566800.0,,2.669,59789466800.0,-405900000.0,2.669,ETF close,-10.833471,上证50ETF华夏,SSE
2025-06-23,510050,59764266800.0,,2.682,59383566800.0,380700000.0,2.682,ETF close,10.210374,上证50ETF华夏,SSE
2025-06-24,510050,59985666800.0,,2.712,59764266800.0,221400000.0,2.712,ETF close,6.004368,上证50ETF华夏,SSE
2025-06-25,510050,59699466800.0,,2.752,59985666800.0,-286200000.0,2.752,ETF close,-7.876223999999999,上证50ETF华夏,SSE
2025-06-26,510050,59445666800.0,,2.746,59699466800.0,-253800000.0,2.746,ETF close,-6.969348,上证50ETF华夏,SSE
2025-06-27,510050,59479866800.0,,2.715,59445666800.0,34200000.0,2.715,ETF close,0.92853,上证50ETF华夏,SSE
2025-06-30,510050,58952466800.0,,2.727,59479866800.0,-527400000.0,2.727,ETF close,-14.382198,上证50ETF华夏,SSE
2025-07-01,510050,58683366800.0,,2.73,58952466800.0,-269100000.0,2.73,ETF close,-7.34643,上证50ETF华夏,SSE
2025-07-02,510050,58452066800.0,,2.736,58683366800.0,-231300000.0,2.736,ETF close,-6.328368,上证50ETF华夏,SSE
2025-07-03,510050,58497066800.0,,2.74,58452066800.0,45000000.0,2.74,ETF close,1.233,上证50ETF华夏,SSE
2025-07-04,510050,58503366800.0,,2.756,58497066800.0,6300000.0,2.756,ETF close,0.173628,上证50ETF华夏,SSE
2025-07-07,510050,58411566800.0,,2.748,58503366800.0,-91800000.0,2.748,ETF close,-2.5226640000000002,上证50ETF华夏,SSE
2025-07-08,510050,58656366800.0,,2.765,58411566800.0,244800000.0,2.765,ETF close,6.76872,上证50ETF华夏,SSE
2025-07-09,510050,58638366800.0,,2.762,58656366800.0,-18000000.0,2.762,ETF close,-0.49716,上证50ETF华夏,SSE
2025-07-10,510050,58632966800.0,,2.778,58638366800.0,-5400000.0,2.778,ETF close,-0.150012,上证50ETF华夏,SSE
2025-07-11,510050,58809366800.0,,2.791,58632966800.0,176400000.0,2.791,ETF close,4.923324,上证50ETF华夏,SSE
2025-07-14,510050,58568166800.0,,2.789,58809366800.0,-241200000.0,2.789,ETF close,-6.727068,上证50ETF华夏,SSE
2025-07-15,510050,58308066800.0,,2.775,58568166800.0,-260100000.0,2.775,ETF close,-7.217775,上证50ETF华夏,SSE
2025-07-16,510050,58347666800.0,,2.77,58308066800.0,39600000.0,2.77,ETF close,1.09692,上证50ETF华夏,SSE
2025-07-17,510050,58434066800.0,,2.779,58347666800.0,86400000.0,2.779,ETF close,2.401056,上证50ETF华夏,SSE
2025-07-18,510050,58358466800.0,,2.804,58434066800.0,-75600000.0,2.804,ETF close,-2.119824,上证50ETF华夏,SSE
2025-07-21,510050,58337766800.0,,2.81,58358466800.0,-20700000.0,2.81,ETF close,-0.58167,上证50ETF华夏,SSE
2025-07-22,510050,58217166800.0,,2.834,58337766800.0,-120600000.0,2.834,ETF close,-3.417804,上证50ETF华夏,SSE
2025-07-23,510050,58060566800.0,,2.841,58217166800.0,-156600000.0,2.841,ETF close,-4.449006000000001,上证50ETF华夏,SSE
2025-07-24,510050,58234266800.0,,2.853,58060566800.0,173700000.0,2.853,ETF close,4.955661000000001,上证50ETF华夏,SSE
2025-07-25,510050,58109166800.0,,2.836,58234266800.0,-125100000.0,2.836,ETF close,-3.547836,上证50ETF华夏,SSE
2025-07-28,510050,57806766800.0,,2.849,58109166800.0,-302400000.0,2.849,ETF close,-8.615376000000001,上证50ETF华夏,SSE
2025-07-29,510050,57806766800.0,,2.854,57806766800.0,0.0,2.854,ETF close,0.0,上证50ETF华夏,SSE
2025-07-30,510050,57754566800.0,,2.863,57806766800.0,-52200000.0,2.863,ETF close,-1.494486,上证50ETF华夏,SSE
2025-07-31,510050,57850866800.0,,2.819,57754566800.0,96300000.0,2.819,ETF close,2.714697,上证50ETF华夏,SSE
2025-08-01,510050,58244166800.0,,2.796,57850866800.0,393300000.0,2.796,ETF close,10.996668,上证50ETF华夏,SSE
2025-08-04,510050,58168566800.0,,2.81,58244166800.0,-75600000.0,2.81,ETF close,-2.12436,上证50ETF华夏,SSE
2025-08-05,510050,57737466800.0,,2.832,58168566800.0,-431100000.0,2.832,ETF close,-12.208752,上证50ETF华夏,SSE
2025-08-06,510050,57673566800.0,,2.838,57737466800.0,-63900000.0,2.838,ETF close,-1.813482,上证50ETF华夏,SSE
2025-08-07,510050,57543966800.0,,2.841,57673566800.0,-129600000.0,2.841,ETF close,-3.681936,上证50ETF华夏,SSE
2025-08-08,510050,57473766800.0,,2.83,57543966800.0,-70200000.0,2.83,ETF close,-1.98666,上证50ETF华夏,SSE
2025-08-11,510050,58128966800.0,,2.832,57473766800.0,655200000.0,2.832,ETF close,18.555264,上证50ETF华夏,SSE
2025-08-12,510050,58110966800.0,,2.852,58128966800.0,-18000000.0,2.852,ETF close,-0.51336,上证50ETF华夏,SSE
2025-08-13,510050,58394466800.0,,2.86,58110966800.0,283500000.0,2.86,ETF close,8.1081,上证50ETF华夏,SSE
2025-08-14,510050,58073166800.0,,2.874,58394466800.0,-321300000.0,2.874,ETF close,-9.234162,上证50ETF华夏,SSE
2025-08-15,510050,58909266800.0,,2.885,58073166800.0,836100000.0,2.885,ETF close,24.121485,上证50ETF华夏,SSE
2025-08-18,510050,59136066800.0,,2.891,58909266800.0,226800000.0,2.891,ETF close,6.556788,上证50ETF华夏,SSE
2025-08-19,510050,59406966800.0,,2.857,59136066800.0,270900000.0,2.857,ETF close,7.739613,上证50ETF华夏,SSE
2025-08-20,510050,59495166800.0,,2.895,59406966800.0,88200000.0,2.895,ETF close,2.55339,上证50ETF华夏,SSE
2025-08-21,510050,59413266800.0,,2.91,59495166800.0,-81900000.0,2.91,ETF close,-2.38329,上证50ETF华夏,SSE
2025-08-22,510050,59600466800.0,,2.986,59413266800.0,187200000.0,2.986,ETF close,5.589792,上证50ETF华夏,SSE
2025-08-25,510050,59655366800.0,,3.044,59600466800.0,54900000.0,3.044,ETF close,1.671156,上证50ETF华夏,SSE
2025-08-26,510050,59733666800.0,,3.021,59655366800.0,78300000.0,3.021,ETF close,2.365443,上证50ETF华夏,SSE
2025-08-27,510050,59796666800.0,,2.971,59733666800.0,63000000.0,2.971,ETF close,1.87173,上证50ETF华夏,SSE
2025-08-28,510050,59494266800.0,,3.015,59796666800.0,-302400000.0,3.015,ETF close,-9.11736,上证50ETF华夏,SSE
2025-08-29,510050,58771566800.0,,3.032,59494266800.0,-722700000.0,3.032,ETF close,-21.912264,上证50ETF华夏,SSE
2025-09-01,510050,58345866800.0,,3.033,58771566800.0,-425700000.0,3.033,ETF close,-12.911481,上证50ETF华夏,SSE
2025-09-02,510050,58313466800.0,,3.048,58345866800.0,-32400000.0,3.048,ETF close,-0.987552,上证50ETF华夏,SSE
2025-09-03,510050,58125366800.0,,3.007,58313466800.0,-188100000.0,3.007,ETF close,-5.656167,上证50ETF华夏,SSE
2025-09-04,510050,58335066800.0,,2.954,58125366800.0,209700000.0,2.954,ETF close,6.194538,上证50ETF华夏,SSE
2025-09-05,510050,58338666800.0,,2.992,58335066800.0,3600000.0,2.992,ETF close,0.107712,上证50ETF华夏,SSE
2025-09-08,510050,58308066800.0,,2.987,58338666800.0,-30600000.0,2.987,ETF close,-0.914022,上证50ETF华夏,SSE
2025-09-09,510050,57846366800.0,,2.979,58308066800.0,-461700000.0,2.979,ETF close,-13.754043,上证50ETF华夏,SSE
2025-09-10,510050,57704166800.0,,2.992,57846366800.0,-142200000.0,2.992,ETF close,-4.254624,上证50ETF华夏,SSE
2025-09-11,510050,58328766800.0,,3.042,57704166800.0,624600000.0,3.042,ETF close,19.000332,上证50ETF华夏,SSE
2025-09-12,510050,58164966800.0,,3.024,58328766800.0,-163800000.0,3.024,ETF close,-4.953312,上证50ETF华夏,SSE
2025-09-15,510050,58092066800.0,,3.017,58164966800.0,-72900000.0,3.017,ETF close,-2.199393,上证50ETF华夏,SSE
2025-09-16,510050,58240566800.0,,3.002,58092066800.0,148500000.0,3.002,ETF close,4.4579699999999995,上证50ETF华夏,SSE
2025-09-17,510050,58310766800.0,,3.008,58240566800.0,70200000.0,3.008,ETF close,2.111616,上证50ETF华夏,SSE
2025-09-18,510050,57876066800.0,,2.968,58310766800.0,-434700000.0,2.968,ETF close,-12.901896,上证50ETF华夏,SSE
2025-09-19,510050,57982266800.0,,2.965,57876066800.0,106200000.0,2.965,ETF close,3.14883,上证50ETF华夏,SSE
2025-09-22,510050,58058766800.0,,2.974,57982266800.0,76500000.0,2.974,ETF close,2.27511,上证50ETF华夏,SSE
2025-09-23,510050,57964266800.0,,2.974,58058766800.0,-94500000.0,2.974,ETF close,-2.81043,上证50ETF华夏,SSE
2025-09-24,510050,57761766800.0,,2.992,57964266800.0,-202500000.0,2.992,ETF close,-6.0588,上证50ETF华夏,SSE
2025-09-25,510050,57734766800.0,,3.007,57761766800.0,-27000000.0,3.007,ETF close,-0.81189,上证50ETF华夏,SSE
2025-09-26,510050,57812166800.0,,2.997,57734766800.0,77400000.0,2.997,ETF close,2.319678,上证50ETF华夏,SSE
2025-09-29,510050,58037166800.0,,3.029,57812166800.0,225000000.0,3.029,ETF close,6.81525,上证50ETF华夏,SSE
2025-09-30,510050,57723966800.0,,3.046,58037166800.0,-313200000.0,3.046,ETF close,-9.540072,上证50ETF华夏,SSE
2025-10-09,510050,57846366800.0,,3.081,57723966800.0,122400000.0,3.081,ETF close,3.771144,上证50ETF华夏,SSE
2025-10-10,510050,57847266800.0,,3.032,57846366800.0,900000.0,3.032,ETF close,0.027288,上证50ETF华夏,SSE
2025-10-13,510050,57743766800.0,,3.021,57847266800.0,-103500000.0,3.021,ETF close,-3.126735,上证50ETF华夏,SSE
2025-10-14,510050,57733866800.0,,3.02,57743766800.0,-9900000.0,3.02,ETF close,-0.29898,上证50ETF华夏,SSE
2025-10-15,510050,57772566800.0,,3.058,57733866800.0,38700000.0,3.058,ETF close,1.183446,上证50ETF华夏,SSE
2025-10-16,510050,57864366800.0,,3.079,57772566800.0,91800000.0,3.079,ETF close,2.826522,上证50ETF华夏,SSE
2025-10-17,510050,57637566800.0,,3.03,57864366800.0,-226800000.0,3.03,ETF close,-6.87204,上证50ETF华夏,SSE
2025-10-20,510050,58119966800.0,,3.031,57637566800.0,482400000.0,3.031,ETF close,14.621544,上证50ETF华夏,SSE
2025-10-21,510050,58139766800.0,,3.064,58119966800.0,19800000.0,3.064,ETF close,0.606672,上证50ETF华夏,SSE
2025-10-22,510050,57783366800.0,,3.068,58139766800.0,-356400000.0,3.068,ETF close,-10.934352,上证50ETF华夏,SSE
2025-10-23,510050,57804966800.0,,3.087,57783366800.0,21600000.0,3.087,ETF close,0.666792,上证50ETF华夏,SSE
2025-10-24,510050,57910266800.0,,3.112,57804966800.0,105300000.0,3.112,ETF close,3.276936,上证50ETF华夏,SSE
2025-10-27,510050,58075866800.0,,3.136,57910266800.0,165600000.0,3.136,ETF close,5.193216,上证50ETF华夏,SSE
2025-10-28,510050,58523166800.0,,3.116,58075866800.0,447300000.0,3.116,ETF close,13.937868,上证50ETF华夏,SSE
2025-10-29,510050,58542066800.0,,3.13,58523166800.0,18900000.0,3.13,ETF close,0.59157,上证50ETF华夏,SSE
2025-10-30,510050,58137066800.0,,3.113,58542066800.0,-405000000.0,3.113,ETF close,-12.60765,上证50ETF华夏,SSE
2025-10-31,510050,58621266800.0,,3.08,58137066800.0,484200000.0,3.08,ETF close,14.91336,上证50ETF华夏,SSE
2025-11-03,510050,58241466800.0,,3.081,58621266800.0,-379800000.0,3.081,ETF close,-11.701638,上证50ETF华夏,SSE
2025-11-04,510050,57647466800.0,,3.076,58241466800.0,-594000000.0,3.076,ETF close,-18.27144,上证50ETF华夏,SSE
2025-11-05,510050,57730266800.0,,3.07,57647466800.0,82800000.0,3.07,ETF close,2.54196,上证50ETF华夏,SSE
2025-11-06,510050,57420666800.0,,3.11,57730266800.0,-309600000.0,3.11,ETF close,-9.62856,上证50ETF华夏,SSE
2025-11-07,510050,57390066800.0,,3.106,57420666800.0,-30600000.0,3.106,ETF close,-0.950436,上证50ETF华夏,SSE
2025-11-10,510050,57381066800.0,,3.121,57390066800.0,-9000000.0,3.121,ETF close,-0.28089,上证50ETF华夏,SSE
2025-11-11,510050,57293766800.0,,3.1,57381066800.0,-87300000.0,3.1,ETF close,-2.7063,上证50ETF华夏,SSE
2025-11-12,510050,57031866800.0,,3.117,57293766800.0,-261900000.0,3.117,ETF close,-8.163423,上证50ETF华夏,SSE
2025-11-13,510050,57131766800.0,,3.141,57031866800.0,99900000.0,3.141,ETF close,3.137859,上证50ETF华夏,SSE
2025-11-14,510050,57099366800.0,,3.103,57131766800.0,-32400000.0,3.103,ETF close,-1.005372,上证50ETF华夏,SSE
2025-11-17,510050,57466566800.0,,3.079,57099366800.0,367200000.0,3.079,ETF close,11.306088,上证50ETF华夏,SSE
2025-11-18,510050,57348666800.0,,3.07,57466566800.0,-117900000.0,3.07,ETF close,-3.61953,上证50ETF华夏,SSE
2025-11-19,510050,56975166800.0,,3.085,57348666800.0,-373500000.0,3.085,ETF close,-11.522475,上证50ETF华夏,SSE
2025-11-20,510050,57031866800.0,,3.076,56975166800.0,56700000.0,3.076,ETF close,1.744092,上证50ETF华夏,SSE
2025-11-21,510050,57197466800.0,,3.021,57031866800.0,165600000.0,3.021,ETF close,5.002776,上证50ETF华夏,SSE
2025-11-24,510050,57691566800.0,,3.014,57197466800.0,494100000.0,3.014,ETF close,14.892174,上证50ETF华夏,SSE
2025-11-25,510050,57616866800.0,,3.03,57691566800.0,-74700000.0,3.03,ETF close,-2.26341,上证50ETF华夏,SSE
2025-11-26,510050,57605166800.0,,3.034,57616866800.0,-11700000.0,3.034,ETF close,-0.354978,上证50ETF华夏,SSE
2025-11-27,510050,57816666800.0,,3.032,57605166800.0,211500000.0,3.032,ETF close,6.41268,上证50ETF华夏,SSE
2025-11-28,510050,57950766800.0,,3.033,57816666800.0,134100000.0,3.033,ETF close,4.067253,上证50ETF华夏,SSE
2025-12-01,510050,57458466800.0,,3.057,57950766800.0,-492300000.0,3.057,ETF close,-15.049611,上证50ETF华夏,SSE
2025-12-02,510050,57395466800.0,,3.042,57458466800.0,-63000000.0,3.042,ETF close,-1.91646,上证50ETF华夏,SSE
2025-12-03,510050,57224466800.0,,3.028,57395466800.0,-171000000.0,3.028,ETF close,-5.17788,上证50ETF华夏,SSE
2025-12-04,510050,57364866800.0,,3.036,57224466800.0,140400000.0,3.036,ETF close,4.262544,上证50ETF华夏,SSE
2025-12-05,510050,57533166800.0,,3.065,57364866800.0,168300000.0,3.065,ETF close,5.158395,上证50ETF华夏,SSE
2025-12-08,510050,57547566800.0,,3.084,57533166800.0,14400000.0,3.084,ETF close,0.444096,上证50ETF华夏,SSE
2025-12-09,510050,57420666800.0,,3.062,57547566800.0,-126900000.0,3.062,ETF close,-3.885678,上证50ETF华夏,SSE
2025-12-10,510050,57147066800.0,,3.052,57420666800.0,-273600000.0,3.052,ETF close,-8.350272,上证50ETF华夏,SSE
2025-12-11,510050,57341466800.0,,3.04,57147066800.0,194400000.0,3.04,ETF close,5.90976,上证50ETF华夏,SSE
2025-12-12,510050,57624966800.0,,3.054,57341466800.0,283500000.0,3.054,ETF close,8.65809,上证50ETF华夏,SSE
2025-12-15,510050,57502566800.0,,3.053,57624966800.0,-122400000.0,3.053,ETF close,-3.736872,上证50ETF华夏,SSE
2025-12-16,510050,57167766800.0,,3.023,57502566800.0,-334800000.0,3.023,ETF close,-10.121004,上证50ETF华夏,SSE
2025-12-17,510050,57162366800.0,,3.058,57167766800.0,-5400000.0,3.058,ETF close,-0.165132,上证50ETF华夏,SSE
2025-12-18,510050,57110166800.0,,3.064,57162366800.0,-52200000.0,3.064,ETF close,-1.599408,上证50ETF华夏,SSE
2025-12-19,510050,57485466800.0,,3.078,57110166800.0,375300000.0,3.078,ETF close,11.551734,上证50ETF华夏,SSE
2025-12-22,510050,57508866800.0,,3.092,57485466800.0,23400000.0,3.092,ETF close,0.723528,上证50ETF华夏,SSE
2025-12-23,510050,57093066800.0,,3.098,57508866800.0,-415800000.0,3.098,ETF close,-12.881484,上证50ETF华夏,SSE
2025-12-24,510050,57271266800.0,,3.099,57093066800.0,178200000.0,3.099,ETF close,5.522418,上证50ETF华夏,SSE
2025-12-25,510050,57219066800.0,,3.107,57271266800.0,-52200000.0,3.107,ETF close,-1.621854,上证50ETF华夏,SSE
2025-12-26,510050,57651066800.0,,3.12,57219066800.0,432000000.0,3.12,ETF close,13.4784,上证50ETF华夏,SSE
2025-12-29,510050,57466566800.0,,3.109,57651066800.0,-184500000.0,3.109,ETF close,-5.736105,上证50ETF华夏,SSE
2025-12-30,510050,57251466800.0,,3.108,57466566800.0,-215100000.0,3.108,ETF close,-6.685308,上证50ETF华夏,SSE
2025-12-31,510050,56664666800.0,,3.105,57251466800.0,-586800000.0,3.105,ETF close,-18.22014,上证50ETF华夏,SSE
2026-01-05,510050,56589066800.0,,3.174,56664666800.0,-75600000.0,3.174,ETF close,-2.399544,上证50ETF华夏,SSE
2026-01-06,510050,56683566800.0,,3.235,56589066800.0,94500000.0,3.235,ETF close,3.057075,上证50ETF华夏,SSE
2026-01-07,510050,56409066800.0,,3.22,56683566800.0,-274500000.0,3.22,ETF close,-8.8389,上证50ETF华夏,SSE
2026-01-08,510050,56404566800.0,,3.198,56409066800.0,-4500000.0,3.198,ETF close,-0.14391,上证50ETF华夏,SSE
2026-01-09,510050,56499066800.0,,3.209,56404566800.0,94500000.0,3.209,ETF close,3.032505,上证50ETF华夏,SSE
2026-01-12,510050,56337066800.0,,3.218,56499066800.0,-162000000.0,3.218,ETF close,-5.21316,上证50ETF华夏,SSE
2026-01-13,510050,55887966800.0,,3.214,56337066800.0,-449100000.0,3.214,ETF close,-14.434074,上证50ETF华夏,SSE
2026-01-14,510050,55833066800.0,,3.187,55887966800.0,-54900000.0,3.187,ETF close,-1.749663,上证50ETF华夏,SSE
2026-01-15,510050,52986366800.0,,3.18,55833066800.0,-2846700000.0,3.18,ETF close,-90.52506,上证50ETF华夏,SSE
2026-01-16,510050,50492466800.0,,3.16,52986366800.0,-2493900000.0,3.16,ETF close,-78.80724,上证50ETF华夏,SSE
2026-01-19,510050,48948966800.0,,3.153,50492466800.0,-1543500000.0,3.153,ETF close,-48.666555,上证50ETF华夏,SSE
2026-01-20,510050,47108466800.0,,3.15,48948966800.0,-1840500000.0,3.15,ETF close,-57.97575,上证50ETF华夏,SSE
2026-01-21,510050,42864066800.0,,3.145,47108466800.0,-4244400000.0,3.145,ETF close,-133.48638,上证50ETF华夏,SSE
2026-01-22,510050,41184666800.0,,3.131,42864066800.0,-1679400000.0,3.131,ETF close,-52.582014,上证50ETF华夏,SSE
2026-01-23,510050,38849166800.0,,3.106,41184666800.0,-2335500000.0,3.106,ETF close,-72.54063,上证50ETF华夏,SSE
2026-01-26,510050,34804566800.0,,3.129,38849166800.0,-4044600000.0,3.129,ETF close,-126.555534,上证50ETF华夏,SSE
2026-01-27,510050,33157566800.0,,3.131,34804566800.0,-1647000000.0,3.131,ETF close,-51.56757,上证50ETF华夏,SSE
2026-01-28,510050,28257966800.0,,3.138,33157566800.0,-4899600000.0,3.138,ETF close,-153.749448,上证50ETF华夏,SSE
2026-01-29,510050,25926966800.0,,3.196,28257966800.0,-2331000000.0,3.196,ETF close,-74.49876,上证50ETF华夏,SSE
2026-01-30,510050,25556166800.0,,3.147,25926966800.0,-370800000.0,3.147,ETF close,-11.669076,上证50ETF华夏,SSE
2026-02-02,510050,25177266800.0,,3.08,25556166800.0,-378900000.0,3.08,ETF close,-11.67012,上证50ETF华夏,SSE
2026-02-03,510050,25217766800.0,,3.108,25177266800.0,40500000.0,3.108,ETF close,1.25874,上证50ETF华夏,SSE
2026-02-04,510050,24993666800.0,,3.147,25217766800.0,-224100000.0,3.147,ETF close,-7.052427,上证50ETF华夏,SSE
2026-02-05,510050,25128666800.0,,3.137,24993666800.0,135000000.0,3.137,ETF close,4.23495,上证50ETF华夏,SSE
2026-02-06,510050,25022466800.0,,3.115,25128666800.0,-106200000.0,3.115,ETF close,-3.30813,上证50ETF华夏,SSE
2026-02-09,510050,24759666800.0,,3.161,25022466800.0,-262800000.0,3.161,ETF close,-8.307108,上证50ETF华夏,SSE
2026-02-10,510050,24513966800.0,,3.17,24759666800.0,-245700000.0,3.17,ETF close,-7.78869,上证50ETF华夏,SSE
2026-02-11,510050,24363666800.0,,3.17,24513966800.0,-150300000.0,3.17,ETF close,-4.76451,上证50ETF华夏,SSE
2026-02-12,510050,24387066800.0,,3.161,24363666800.0,23400000.0,3.161,ETF close,0.739674,上证50ETF华夏,SSE
2026-02-13,510050,23895666800.0,,3.114,24387066800.0,-491400000.0,3.114,ETF close,-15.302196,上证50ETF华夏,SSE
2026-02-24,510050,23806566800.0,,3.119,23895666800.0,-89100000.0,3.119,ETF close,-2.779029,上证50ETF华夏,SSE
2026-02-25,510050,23906466800.0,,3.134,23806566800.0,99900000.0,3.134,ETF close,3.130866,上证50ETF华夏,SSE
2026-02-26,510050,23733666800.0,,3.115,23906466800.0,-172800000.0,3.115,ETF close,-5.38272,上证50ETF华夏,SSE
2026-02-27,510050,23690466800.0,,3.123,23733666800.0,-43200000.0,3.123,ETF close,-1.349136,上证50ETF华夏,SSE
2026-03-02,510050,22951566800.0,,3.125,23690466800.0,-738900000.0,3.125,ETF close,-23.090625,上证50ETF华夏,SSE
2026-03-03,510050,22667166800.0,,3.096,22951566800.0,-284400000.0,3.096,ETF close,-8.805024,上证50ETF华夏,SSE
2026-03-04,510050,22869666800.0,,3.051,22667166800.0,202500000.0,3.051,ETF close,6.178275,上证50ETF华夏,SSE
2026-03-05,510050,22569066800.0,,3.066,22869666800.0,-300600000.0,3.066,ETF close,-9.216396,上证50ETF华夏,SSE
2026-03-06,510050,22976766800.0,,3.068,22569066800.0,407700000.0,3.068,ETF close,12.508236,上证50ETF华夏,SSE
2026-03-09,510050,22774266800.0,,3.041,22976766800.0,-202500000.0,3.041,ETF close,-6.158025,上证50ETF华夏,SSE
2026-03-10,510050,23028066800.0,,3.06,22774266800.0,253800000.0,3.06,ETF close,7.76628,上证50ETF华夏,SSE
2026-03-11,510050,22921866800.0,,3.062,23028066800.0,-106200000.0,3.062,ETF close,-3.251844,上证50ETF华夏,SSE
2026-03-12,510050,22611366800.0,,3.047,22921866800.0,-310500000.0,3.047,ETF close,-9.460935,上证50ETF华夏,SSE
2026-03-13,510050,22831866800.0,,3.035,22611366800.0,220500000.0,3.035,ETF close,6.692175,上证50ETF华夏,SSE
2026-03-16,510050,23191866800.0,,3.028,22831866800.0,360000000.0,3.028,ETF close,10.9008,上证50ETF华夏,SSE
2026-03-17,510050,23126166800.0,,3.039,23191866800.0,-65700000.0,3.039,ETF close,-1.996623,上证50ETF华夏,SSE
2026-03-18,510050,23280066800.0,,3.035,23126166800.0,153900000.0,3.035,ETF close,4.670865,上证50ETF华夏,SSE
2026-03-19,510050,23283666800.0,,2.993,23280066800.0,3600000.0,2.993,ETF close,0.107748,上证50ETF华夏,SSE
2026-03-20,510050,23851566800.0,,2.957,23283666800.0,567900000.0,2.957,ETF close,16.792803,上证50ETF华夏,SSE
2026-03-23,510050,24400566800.0,,2.868,23851566800.0,549000000.0,2.868,ETF close,15.74532,上证50ETF华夏,SSE
2026-03-24,510050,24251166800.0,,2.9,24400566800.0,-149400000.0,2.9,ETF close,-4.3326,上证50ETF华夏,SSE
2026-03-25,510050,23494266800.0,,2.93,24251166800.0,-756900000.0,2.93,ETF close,-22.17717,上证50ETF华夏,SSE
2026-03-26,510050,23510466800.0,,2.897,23494266800.0,16200000.0,2.897,ETF close,0.469314,上证50ETF华夏,SSE
2026-03-27,510050,23442066800.0,,2.909,23510466800.0,-68400000.0,2.909,ETF close,-1.989756,上证50ETF华夏,SSE
2026-03-30,510050,23263866800.0,,2.905,23442066800.0,-178200000.0,2.905,ETF close,-5.176709999999999,上证50ETF华夏,SSE
2026-03-31,510050,23022666800.0,,2.902,23263866800.0,-241200000.0,2.902,ETF close,-6.999624,上证50ETF华夏,SSE
2026-04-01,510050,23010066800.0,,2.951,23022666800.0,-12600000.0,2.951,ETF close,-0.371826,上证50ETF华夏,SSE
2026-04-02,510050,22862466800.0,,2.926,23010066800.0,-147600000.0,2.926,ETF close,-4.318776,上证50ETF华夏,SSE
2026-04-03,510050,22975866800.0,,2.901,22862466800.0,113400000.0,2.901,ETF close,3.289734,上证50ETF华夏,SSE
2026-04-07,510050,23004666800.0,,2.9,22975866800.0,28800000.0,2.9,ETF close,0.8352,上证50ETF华夏,SSE
2026-04-08,510050,23152266800.0,,2.978,23004666800.0,147600000.0,2.978,ETF close,4.3955280000000005,上证50ETF华夏,SSE
2026-04-09,510050,22963266800.0,,2.958,23152266800.0,-189000000.0,2.958,ETF close,-5.59062,上证50ETF华夏,SSE
2026-04-10,510050,22791366800.0,,2.972,22963266800.0,-171900000.0,2.972,ETF close,-5.108868,上证50ETF华夏,SSE
2026-04-13,510050,22703166800.0,,2.972,22791366800.0,-88200000.0,2.972,ETF close,-2.621304,上证50ETF华夏,SSE
2026-04-14,510050,22560066800.0,,2.997,22703166800.0,-143100000.0,2.997,ETF close,-4.288707,上证50ETF华夏,SSE
2026-04-15,510050,22468266800.0,,3.008,22560066800.0,-91800000.0,3.008,ETF close,-2.761344,上证50ETF华夏,SSE
2026-04-16,510050,22672566800.0,,3.014,22468266800.0,204300000.0,3.014,ETF close,6.157602,上证50ETF华夏,SSE
2026-04-17,510050,22883166800.0,,2.982,22672566800.0,210600000.0,2.982,ETF close,6.280092,上证50ETF华夏,SSE
2026-04-20,510050,22821066800.0,,3.007,22883166800.0,-62100000.0,3.007,ETF close,-1.867347,上证50ETF华夏,SSE
2026-04-21,510050,22488966800.0,,3.006,22821066800.0,-332100000.0,3.006,ETF close,-9.982925999999999,上证50ETF华夏,SSE
2026-04-22,510050,22121766800.0,,3.005,22488966800.0,-367200000.0,3.005,ETF close,-11.03436,上证50ETF华夏,SSE
2026-04-23,510050,21196566800.0,,3.001,22121766800.0,-925200000.0,3.001,ETF close,-27.765252,上证50ETF华夏,SSE
2026-04-24,510050,20806866800.0,,3.018,21196566800.0,-389700000.0,3.018,ETF close,-11.761146,上证50ETF华夏,SSE
2026-04-27,510050,20155266800.0,,3.013,20806866800.0,-651600000.0,3.013,ETF close,-19.632708,上证50ETF华夏,SSE
2026-04-28,510050,19282266800.0,,3.024,20155266800.0,-873000000.0,3.024,ETF close,-26.39952,上证50ETF华夏,SSE
2026-04-29,510050,18530766800.0,,3.041,19282266800.0,-751500000.0,3.041,ETF close,-22.853115,上证50ETF华夏,SSE
2026-04-30,510050,17234766800.0,,3.062,18530766800.0,-1296000000.0,3.062,ETF close,-39.68352,上证50ETF华夏,SSE
2026-05-06,510050,16327566800.0,,3.1,17234766800.0,-907200000.0,3.1,ETF close,-28.1232,上证50ETF华夏,SSE
2026-05-07,510050,15369066800.0,,3.103,16327566800.0,-958500000.0,3.103,ETF close,-29.742255,上证50ETF华夏,SSE
2026-05-08,510050,14096466800.0,,3.075,15369066800.0,-1272600000.0,3.075,ETF close,-39.13245,上证50ETF华夏,SSE
2026-05-11,510050,12960666800.0,,3.116,14096466800.0,-1135800000.0,3.116,ETF close,-35.391528,上证50ETF华夏,SSE
2026-05-12,510050,12424266800.0,,3.119,12960666800.0,-536400000.0,3.119,ETF close,-16.730316,上证50ETF华夏,SSE
2026-05-13,510050,12115566800.0,,3.123,12424266800.0,-308700000.0,3.123,ETF close,-9.640701000000002,上证50ETF华夏,SSE
2026-05-14,510050,11716866800.0,,3.074,12115566800.0,-398700000.0,3.074,ETF close,-12.256038,上证50ETF华夏,SSE
2026-05-15,510050,11909466800.0,,3.035,11716866800.0,192600000.0,3.035,ETF close,5.84541,上证50ETF华夏,SSE
2026-05-18,510050,12234366800.0,,3.008,11909466800.0,324900000.0,3.008,ETF close,9.772992,上证50ETF华夏,SSE
2026-05-19,510050,11014866800.0,,3.026,12234366800.0,-1219500000.0,3.026,ETF close,-36.902069999999995,上证50ETF华夏,SSE
2026-05-20,510050,10051866800.0,,3.029,11014866800.0,-963000000.0,3.029,ETF close,-29.16927,上证50ETF华夏,SSE
2026-05-21,510050,9796266800.0,,2.994,10051866800.0,-255600000.0,2.994,ETF close,-7.652664,上证50ETF华夏,SSE
2026-05-22,510050,9591066800.0,,2.995,9796266800.0,-205200000.0,2.995,ETF close,-6.14574,上证50ETF华夏,SSE
2026-05-25,510050,8579466800.000001,,3.039,9591066800.0,-1011599999.999999,3.039,ETF close,-30.74252399999997,上证50ETF华夏,SSE
2026-05-26,510050,8325666800.000001,,3.046,8579466800.000001,-253800000.0,3.046,ETF close,-7.730748,上证50ETF华夏,SSE
2026-05-27,510050,7809966800.000001,,3.008,8325666800.000001,-515700000.0,3.008,ETF close,-15.512256,上证50ETF华夏,SSE
2026-05-28,510050,7961166800.000001,,2.985,7809966800.000001,151200000.0,2.985,ETF close,4.51332,上证50ETF华夏,SSE
2026-05-29,510050,7810866800.000001,,2.997,7961166800.000001,-150300000.0,2.997,ETF close,-4.504491,上证50ETF华夏,SSE
2026-06-01,510050,8451666800.000001,,2.968,7810866800.000001,640800000.0,2.968,ETF close,19.018944,上证50ETF华夏,SSE
2026-06-02,510050,8494866800.000001,,2.993,8451666800.000001,43200000.0,2.993,ETF close,1.292976,上证50ETF华夏,SSE
2026-06-03,510050,8152866800.000001,,2.996,8494866800.000001,-342000000.0,2.996,ETF close,-10.24632,上证50ETF华夏,SSE
2026-06-04,510050,7852266800.000001,,2.964,8152866800.000001,-300600000.0,2.964,ETF close,-8.909784,上证50ETF华夏,SSE
2026-06-05,510050,7661466800.000001,,2.94,7852266800.000001,-190800000.0,2.94,ETF close,-5.60952,上证50ETF华夏,SSE
2026-06-08,510050,8115066800.000001,,2.901,7661466800.000001,453600000.0,2.901,ETF close,13.158936,上证50ETF华夏,SSE
2026-06-09,510050,7625466800.000001,,2.917,8115066800.000001,-489600000.0,2.917,ETF close,-14.281632,上证50ETF华夏,SSE
2026-06-10,510050,7508466800.000001,,2.931,7625466800.000001,-117000000.0,2.931,ETF close,-3.42927,上证50ETF华夏,SSE
2026-06-11,510050,7738866800.000001,,2.928,7508466800.000001,230400000.0,2.928,ETF close,6.746112,上证50ETF华夏,SSE
2026-06-12,510050,8164566800.000001,,2.982,7738866800.000001,425700000.0,2.982,ETF close,12.694374,上证50ETF华夏,SSE
2026-06-15,510050,8288766800.000001,,3.024,8164566800.000001,124200000.0,3.024,ETF close,3.755808,上证50ETF华夏,SSE
2026-06-16,510050,8330166800.000001,,2.993,8288766800.000001,41400000.0,2.993,ETF close,1.239102,上证50ETF华夏,SSE
2026-06-17,510050,7759566800.000001,,3.015,8330166800.000001,-570600000.0,3.015,ETF close,-17.20359,上证50ETF华夏,SSE
2026-06-18,510050,7699266800.000001,,3.017,7759566800.000001,-60300000.0,3.017,ETF close,-1.819251,上证50ETF华夏,SSE
2026-06-22,510050,7417566800.000001,,3.097,7699266800.000001,-281700000.0,3.097,ETF close,-8.724249,上证50ETF华夏,SSE
2026-06-23,510050,7343766800.000001,,3.005,7417566800.000001,-73800000.0,3.005,ETF close,-2.21769,上证50ETF华夏,SSE
2026-06-24,510050,6793866800.000001,,3.024,7343766800.000001,-549900000.0,3.024,ETF close,-16.628976,上证50ETF华夏,SSE
2026-06-25,510050,6468066800.000001,,3.059,6793866800.000001,-325800000.0,3.059,ETF close,-9.966222,上证50ETF华夏,SSE
2026-06-26,510050,6387966800.000001,,3.0,6468066800.000001,-80100000.0,3.0,ETF close,-2.403,上证50ETF华夏,SSE
2026-06-29,510050,6300666800.000001,,3.083,6387966800.000001,-87300000.0,3.083,ETF close,-2.691459,上证50ETF华夏,SSE
2026-06-30,510050,6392466800.000001,,3.083,6300666800.000001,91800000.0,3.083,ETF close,2.830194,上证50ETF华夏,SSE
2026-07-01,510050,6388866800.000001,,3.074,6392466800.000001,-3600000.0,3.074,ETF close,-0.110664,上证50ETF华夏,SSE
2026-07-02,510050,6675966800.000001,,3.003,6388866800.000001,287100000.0,3.003,ETF close,8.621613,上证50ETF华夏,SSE
2026-07-03,510050,6537366800.000001,,3.023,6675966800.000001,-138600000.0,3.023,ETF close,-4.189878,上证50ETF华夏,SSE
2026-07-06,510050,6405066800.000001,,3.046,6537366800.000001,-132300000.0,3.046,ETF close,-4.029858,上证50ETF华夏,SSE
2026-07-07,510050,6544566800.000001,,3.012,6405066800.000001,139500000.0,3.012,ETF close,4.20174,上证50ETF华夏,SSE
2026-07-08,510050,6595866800.000001,,3.009,6544566800.000001,51300000.0,3.009,ETF close,1.543617,上证50ETF华夏,SSE
2026-07-09,510050,6586866800.000001,,3.089,6595866800.000001,-9000000.0,3.089,ETF close,-0.27801,上证50ETF华夏,SSE
2026-07-10,510050,6408666800.000001,,3.057,6586866800.000001,-178200000.0,3.057,ETF close,-5.447574,上证50ETF华夏,SSE
2026-07-13,510050,6667866800.000001,,3.011,6408666800.000001,259200000.0,3.011,ETF close,7.804512,上证50ETF华夏,SSE
2026-07-14,510050,6852366800.000001,,3.058,6667866800.000001,184500000.0,3.058,ETF close,5.64201,上证50ETF华夏,SSE
2026-07-15,510050,7260066800.000001,,3.064,6852366800.000001,407700000.0,3.064,ETF close,12.491928,上证50ETF华夏,SSE
2026-07-16,510050,8150166800.000001,,3.004,7260066800.000001,890100000.0,3.004,ETF close,26.738604,上证50ETF华夏,SSE
2026-07-17,510050,8237466800.000001,,2.931,8150166800.000001,87300000.0,2.931,ETF close,2.558763,上证50ETF华夏,SSE
2026-07-20,510050,8322066800.000001,,3.007,8237466800.000001,84600000.0,3.007,ETF close,2.543922,上证50ETF华夏,SSE
2026-07-21,510050,7476066800.000001,,3.079,8322066800.000001,-846000000.0,3.079,ETF close,-26.04834,上证50ETF华夏,SSE
2026-07-22,510050,7475166800.000001,,3.086,7476066800.000001,-900000.0,3.086,ETF close,-0.027774,上证50ETF华夏,SSE
2026-07-23,510050,7829766800.000001,,3.084,7475166800.000001,354600000.0,3.084,ETF close,10.935864,上证50ETF华夏,SSE
2026-07-24,510050,7440066800.000001,,3.05,7829766800.000001,-389700000.0,3.05,ETF close,-11.88585,上证50ETF华夏,SSE
2026-07-27,510050,7619166800.000001,,3.054,7440066800.000001,179100000.0,3.054,ETF close,5.469714,上证50ETF华夏,SSE
2026-07-28,510050,7530966800.000001,,3.022,7619166800.000001,-88200000.0,3.022,ETF close,-2.6654039999999997,上证50ETF华夏,SSE
2026-07-29,510050,7340166800.000001,,3.023,7530966800.000001,-190800000.0,3.023,ETF close,-5.767884,上证50ETF华夏,SSE
2026-07-30,510050,7144866800.000001,,3.026,7340166800.000001,-195300000.0,3.026,ETF close,-5.909778,上证50ETF华夏,SSE
2026-07-31,510050,7214166800.000001,,3.033,7144866800.000001,69300000.0,3.033,ETF close,2.101869,上证50ETF华夏,SSE
2026-08-03,510050,7677666800.000001,,2.99,7214166800.000001,463500000.0,2.99,ETF close,13.85865,上证50ETF华夏,SSE
2025-01-02,510300,90110287700.0,,3.698,,,3.698,ETF close,,沪深300ETF华泰柏瑞,SSE
2025-01-03,510300,90437887700.0,,3.658,90110287700.0,327600000.0,3.658,ETF close,11.983608,沪深300ETF华泰柏瑞,SSE
2025-01-06,510300,90546787700.0,,3.642,90437887700.0,108900000.0,3.642,ETF close,3.966138,沪深300ETF华泰柏瑞,SSE
2025-01-07,510300,90594487700.0,,3.669,90546787700.0,47700000.0,3.669,ETF close,1.750113,沪深300ETF华泰柏瑞,SSE
2025-01-08,510300,90568387700.0,,3.663,90594487700.0,-26100000.0,3.663,ETF close,-0.956043,沪深300ETF华泰柏瑞,SSE
2025-01-09,510300,90473887700.0,,3.655,90568387700.0,-94500000.0,3.655,ETF close,-3.453975,沪深300ETF华泰柏瑞,SSE
2025-01-10,510300,90484687700.0,,3.612,90473887700.0,10800000.0,3.612,ETF close,0.390096,沪深300ETF华泰柏瑞,SSE
2025-01-13,510300,91008487700.0,,3.597,90484687700.0,523800000.0,3.597,ETF close,18.841086,沪深300ETF华泰柏瑞,SSE
2025-01-14,510300,91129087700.0,,3.695,91008487700.0,120600000.0,3.695,ETF close,4.45617,沪深300ETF华泰柏瑞,SSE
2025-01-15,510300,91062487700.0,,3.672,91129087700.0,-66600000.0,3.672,ETF close,-2.445552,沪深300ETF华泰柏瑞,SSE
2025-01-16,510300,90958087700.0,,3.674,91062487700.0,-104400000.0,3.674,ETF close,-3.835656,沪深300ETF华泰柏瑞,SSE
2025-01-17,510300,90883387700.0,,3.687,90958087700.0,-74700000.0,3.687,ETF close,-2.754189,沪深300ETF华泰柏瑞,SSE
2025-01-20,510300,90854587700.0,,3.706,90883387700.0,-28800000.0,3.706,ETF close,-1.067328,沪深300ETF华泰柏瑞,SSE
2025-01-21,510300,90794287700.0,,3.711,90854587700.0,-60300000.0,3.711,ETF close,-2.237733,沪深300ETF华泰柏瑞,SSE
2025-01-22,510300,90517087700.0,,3.675,90794287700.0,-277200000.0,3.675,ETF close,-10.1871,沪深300ETF华泰柏瑞,SSE
2025-01-23,510300,90528787700.0,,3.686,90517087700.0,11700000.0,3.686,ETF close,0.431262,沪深300ETF华泰柏瑞,SSE
2025-01-24,510300,90842887700.0,,3.718,90528787700.0,314100000.0,3.718,ETF close,11.678238,沪深300ETF华泰柏瑞,SSE
2025-01-27,510300,90156187700.0,,3.696,90842887700.0,-686700000.0,3.696,ETF close,-25.380432,沪深300ETF华泰柏瑞,SSE
2025-02-05,510300,90226387700.0,,3.676,90156187700.0,70200000.0,3.676,ETF close,2.580552,沪深300ETF华泰柏瑞,SSE
2025-02-06,510300,90994987700.0,,3.721,90226387700.0,768600000.0,3.721,ETF close,28.599606,沪深300ETF华泰柏瑞,SSE
2025-02-07,510300,90780787700.0,,3.777,90994987700.0,-214200000.0,3.777,ETF close,-8.090334,沪深300ETF华泰柏瑞,SSE
2025-02-10,510300,90197587700.0,,3.781,90780787700.0,-583200000.0,3.781,ETF close,-22.050792,沪深300ETF华泰柏瑞,SSE
2025-02-11,510300,89800687700.0,,3.765,90197587700.0,-396900000.0,3.765,ETF close,-14.943285,沪深300ETF华泰柏瑞,SSE
2025-02-12,510300,89671087700.0,,3.803,89800687700.0,-129600000.0,3.803,ETF close,-4.928688,沪深300ETF华泰柏瑞,SSE
2025-02-13,510300,89342587700.0,,3.793,89671087700.0,-328500000.0,3.793,ETF close,-12.460005,沪深300ETF华泰柏瑞,SSE
2025-02-14,510300,89571187700.0,,3.823,89342587700.0,228600000.0,3.823,ETF close,8.739378,沪深300ETF华泰柏瑞,SSE
2025-02-17,510300,89051887700.0,,3.83,89571187700.0,-519300000.0,3.83,ETF close,-19.88919,沪深300ETF华泰柏瑞,SSE
2025-02-18,510300,88800787700.0,,3.801,89051887700.0,-251100000.0,3.801,ETF close,-9.544311,沪深300ETF华泰柏瑞,SSE
2025-02-19,510300,89043787700.0,,3.822,88800787700.0,243000000.0,3.822,ETF close,9.28746,沪深300ETF华泰柏瑞,SSE
2025-02-20,510300,88551487700.0,,3.81,89043787700.0,-492300000.0,3.81,ETF close,-18.75663,沪深300ETF华泰柏瑞,SSE
2025-02-21,510300,88724287700.0,,3.864,88551487700.0,172800000.0,3.864,ETF close,6.676992,沪深300ETF华泰柏瑞,SSE
2025-02-24,510300,87952087700.0,,3.851,88724287700.0,-772200000.0,3.851,ETF close,-29.737422,沪深300ETF华泰柏瑞,SSE
2025-02-25,510300,87940387700.0,,3.81,87952087700.0,-11700000.0,3.81,ETF close,-0.44577,沪深300ETF华泰柏瑞,SSE
2025-02-26,510300,87387787700.0,,3.843,87940387700.0,-552600000.0,3.843,ETF close,-21.236418,沪深300ETF华泰柏瑞,SSE
2025-02-27,510300,87053887700.0,,3.856,87387787700.0,-333900000.0,3.856,ETF close,-12.875184,沪深300ETF华泰柏瑞,SSE
2025-02-28,510300,87088987700.0,,3.783,87053887700.0,35100000.0,3.783,ETF close,1.327833,沪深300ETF华泰柏瑞,SSE
2025-03-03,510300,87129487700.0,,3.77,87088987700.0,40500000.0,3.77,ETF close,1.52685,沪深300ETF华泰柏瑞,SSE
2025-03-04,510300,86934187700.0,,3.766,87129487700.0,-195300000.0,3.766,ETF close,-7.354998,沪深300ETF华泰柏瑞,SSE
2025-03-05,510300,86327587700.0,,3.783,86934187700.0,-606600000.0,3.783,ETF close,-22.947678,沪深300ETF华泰柏瑞,SSE
2025-03-06,510300,86469787700.0,,3.838,86327587700.0,142200000.0,3.838,ETF close,5.457636,沪深300ETF华泰柏瑞,SSE
2025-03-07,510300,86025187700.0,,3.828,86469787700.0,-444600000.0,3.828,ETF close,-17.019288,沪深300ETF华泰柏瑞,SSE
2025-03-10,510300,85143187700.0,,3.812,86025187700.0,-882000000.0,3.812,ETF close,-33.62184,沪深300ETF华泰柏瑞,SSE
2025-03-11,510300,85436587700.0,,3.824,85143187700.0,293400000.0,3.824,ETF close,11.219616,沪深300ETF华泰柏瑞,SSE
2025-03-12,510300,85457287700.0,,3.814,85436587700.0,20700000.0,3.814,ETF close,0.789498,沪深300ETF华泰柏瑞,SSE
2025-03-13,510300,85486087700.0,,3.794,85457287700.0,28800000.0,3.794,ETF close,1.092672,沪深300ETF华泰柏瑞,SSE
2025-03-14,510300,85619287700.0,,3.895,85486087700.0,133200000.0,3.895,ETF close,5.18814,沪深300ETF华泰柏瑞,SSE
2025-03-17,510300,85665187700.0,,3.883,85619287700.0,45900000.0,3.883,ETF close,1.782297,沪深300ETF华泰柏瑞,SSE
2025-03-18,510300,85566187700.0,,3.892,85665187700.0,-99000000.0,3.892,ETF close,-3.85308,沪深300ETF华泰柏瑞,SSE
2025-03-19,510300,85480687700.0,,3.898,85566187700.0,-85500000.0,3.898,ETF close,-3.33279,沪深300ETF华泰柏瑞,SSE
2025-03-20,510300,85327687700.0,,3.865,85480687700.0,-153000000.0,3.865,ETF close,-5.91345,沪深300ETF华泰柏瑞,SSE
2025-03-21,510300,85297987700.0,,3.799,85327687700.0,-29700000.0,3.799,ETF close,-1.128303,沪深300ETF华泰柏瑞,SSE
2025-03-24,510300,85188187700.0,,3.816,85297987700.0,-109800000.0,3.816,ETF close,-4.189968,沪深300ETF华泰柏瑞,SSE
2025-03-25,510300,85093687700.0,,3.818,85188187700.0,-94500000.0,3.818,ETF close,-3.60801,沪深300ETF华泰柏瑞,SSE
2025-03-26,510300,85195387700.0,,3.802,85093687700.0,101700000.0,3.802,ETF close,3.866634,沪深300ETF华泰柏瑞,SSE
2025-03-27,510300,85167487700.0,,3.816,85195387700.0,-27900000.0,3.816,ETF close,-1.064664,沪深300ETF华泰柏瑞,SSE
2025-03-28,510300,84976687700.0,,3.797,85167487700.0,-190800000.0,3.797,ETF close,-7.244676,沪深300ETF华泰柏瑞,SSE
2025-03-31,510300,85060387700.0,,3.773,84976687700.0,83700000.0,3.773,ETF close,3.158001,沪深300ETF华泰柏瑞,SSE
2025-04-01,510300,85209787700.0,,3.771,85060387700.0,149400000.0,3.771,ETF close,5.633874,沪深300ETF华泰柏瑞,SSE
2025-04-02,510300,85306087700.0,,3.768,85209787700.0,96300000.0,3.768,ETF close,3.628584,沪深300ETF华泰柏瑞,SSE
2025-04-03,510300,85574287700.0,,3.748,85306087700.0,268200000.0,3.748,ETF close,10.052136,沪深300ETF华泰柏瑞,SSE
2025-04-07,510300,90313687700.0,,3.484,85574287700.0,4739400000.0,3.484,ETF close,165.120696,沪深300ETF华泰柏瑞,SSE
2025-04-08,510300,94756987700.0,,3.519,90313687700.0,4443300000.0,3.519,ETF close,156.359727,沪深300ETF华泰柏瑞,SSE
2025-04-09,510300,95233087700.0,,3.555,94756987700.0,476100000.0,3.555,ETF close,16.925355,沪深300ETF华泰柏瑞,SSE
2025-04-10,510300,94814587700.0,,3.618,95233087700.0,-418500000.0,3.618,ETF close,-15.14133,沪深300ETF华泰柏瑞,SSE
2025-04-11,510300,94753387700.0,,3.629,94814587700.0,-61200000.0,3.629,ETF close,-2.220948,沪深300ETF华泰柏瑞,SSE
2025-04-14,510300,94306087700.0,,3.637,94753387700.0,-447300000.0,3.637,ETF close,-16.268301,沪深300ETF华泰柏瑞,SSE
2025-04-15,510300,94700287700.0,,3.64,94306087700.0,394200000.0,3.64,ETF close,14.34888,沪深300ETF华泰柏瑞,SSE
2025-04-16,510300,96043087700.0,,3.649,94700287700.0,1342800000.0,3.649,ETF close,48.998772,沪深300ETF华泰柏瑞,SSE
2025-04-17,510300,96669487700.0,,3.652,96043087700.0,626400000.0,3.652,ETF close,22.876128,沪深300ETF华泰柏瑞,SSE
2025-04-18,510300,97188787700.0,,3.662,96669487700.0,519300000.0,3.662,ETF close,19.016766,沪深300ETF华泰柏瑞,SSE
2025-04-21,510300,97511887700.0,,3.664,97188787700.0,323100000.0,3.664,ETF close,11.838384,沪深300ETF华泰柏瑞,SSE
2025-04-22,510300,97121287700.0,,3.667,97511887700.0,-390600000.0,3.667,ETF close,-14.323302,沪深300ETF华泰柏瑞,SSE
2025-04-23,510300,96947587700.0,,3.671,97121287700.0,-173700000.0,3.671,ETF close,-6.376527,沪深300ETF华泰柏瑞,SSE
2025-04-24,510300,96978187700.0,,3.671,96947587700.0,30600000.0,3.671,ETF close,1.123326,沪深300ETF华泰柏瑞,SSE
2025-04-25,510300,96887287700.0,,3.671,96978187700.0,-90900000.0,3.671,ETF close,-3.336939,沪深300ETF华泰柏瑞,SSE
2025-04-28,510300,96582187700.0,,3.665,96887287700.0,-305100000.0,3.665,ETF close,-11.181915,沪深300ETF华泰柏瑞,SSE
2025-04-29,510300,96510187700.0,,3.658,96582187700.0,-72000000.0,3.658,ETF close,-2.63376,沪深300ETF华泰柏瑞,SSE
2025-04-30,510300,96456187700.0,,3.655,96510187700.0,-54000000.0,3.655,ETF close,-1.9737,沪深300ETF华泰柏瑞,SSE
2025-05-06,510300,96506587700.0,,3.692,96456187700.0,50400000.0,3.692,ETF close,1.860768,沪深300ETF华泰柏瑞,SSE
2025-05-07,510300,96042187700.0,,3.716,96506587700.0,-464400000.0,3.716,ETF close,-17.257104,沪深300ETF华泰柏瑞,SSE
2025-05-08,510300,96199687700.0,,3.739,96042187700.0,157500000.0,3.739,ETF close,5.888925,沪深300ETF华泰柏瑞,SSE
2025-05-09,510300,95881987700.0,,3.734,96199687700.0,-317700000.0,3.734,ETF close,-11.862918,沪深300ETF华泰柏瑞,SSE
2025-05-12,510300,95821687700.0,,3.779,95881987700.0,-60300000.0,3.779,ETF close,-2.278737,沪深300ETF华泰柏瑞,SSE
2025-05-13,510300,95433787700.0,,3.783,95821687700.0,-387900000.0,3.783,ETF close,-14.674257,沪深300ETF华泰柏瑞,SSE
2025-05-14,510300,95622787700.0,,3.834,95433787700.0,189000000.0,3.834,ETF close,7.24626,沪深300ETF华泰柏瑞,SSE
2025-05-15,510300,95404987700.0,,3.8,95622787700.0,-217800000.0,3.8,ETF close,-8.2764,沪深300ETF华泰柏瑞,SSE
2025-05-16,510300,95233087700.0,,3.778,95404987700.0,-171900000.0,3.778,ETF close,-6.494382,沪深300ETF华泰柏瑞,SSE
2025-05-19,510300,95174587700.0,,3.772,95233087700.0,-58500000.0,3.772,ETF close,-2.20662,沪深300ETF华泰柏瑞,SSE
2025-05-20,510300,95199787700.0,,3.792,95174587700.0,25200000.0,3.792,ETF close,0.955584,沪深300ETF华泰柏瑞,SSE
2025-05-21,510300,95036887700.0,,3.808,95199787700.0,-162900000.0,3.808,ETF close,-6.203232,沪深300ETF华泰柏瑞,SSE
2025-05-22,510300,94929787700.0,,3.806,95036887700.0,-107100000.0,3.806,ETF close,-4.076226,沪深300ETF华泰柏瑞,SSE
2025-05-23,510300,94962187700.0,,3.777,94929787700.0,32400000.0,3.777,ETF close,1.223748,沪深300ETF华泰柏瑞,SSE
2025-05-26,510300,95369887700.0,,3.756,94962187700.0,407700000.0,3.756,ETF close,15.313212,沪深300ETF华泰柏瑞,SSE
2025-05-27,510300,95422087700.0,,3.735,95369887700.0,52200000.0,3.735,ETF close,1.94967,沪深300ETF华泰柏瑞,SSE
2025-05-28,510300,95314987700.0,,3.731,95422087700.0,-107100000.0,3.731,ETF close,-3.995901,沪深300ETF华泰柏瑞,SSE
2025-05-29,510300,95677687700.0,,3.755,95314987700.0,362700000.0,3.755,ETF close,13.619385,沪深300ETF华泰柏瑞,SSE
2025-05-30,510300,95407687700.0,,3.748,95677687700.0,-270000000.0,3.748,ETF close,-10.1196,沪深300ETF华泰柏瑞,SSE
2025-06-03,510300,95611087700.0,,3.746,95407687700.0,203400000.0,3.746,ETF close,7.619364,沪深300ETF华泰柏瑞,SSE
2025-06-04,510300,95553487700.0,,3.763,95611087700.0,-57600000.0,3.763,ETF close,-2.167488,沪深300ETF华泰柏瑞,SSE
2025-06-05,510300,95457187700.0,,3.773,95553487700.0,-96300000.0,3.773,ETF close,-3.633399,沪深300ETF华泰柏瑞,SSE
2025-06-06,510300,95328487700.0,,3.775,95457187700.0,-128700000.0,3.775,ETF close,-4.858425,沪深300ETF华泰柏瑞,SSE
2025-06-09,510300,95482387700.0,,3.784,95328487700.0,153900000.0,3.784,ETF close,5.823576,沪深300ETF华泰柏瑞,SSE
2025-06-10,510300,95206087700.0,,3.761,95482387700.0,-276300000.0,3.761,ETF close,-10.391643,沪深300ETF华泰柏瑞,SSE
2025-06-11,510300,95466187700.0,,3.793,95206087700.0,260100000.0,3.793,ETF close,9.865593,沪深300ETF华泰柏瑞,SSE
2025-06-12,510300,95179987700.0,,3.795,95466187700.0,-286200000.0,3.795,ETF close,-10.86129,沪深300ETF华泰柏瑞,SSE
2025-06-13,510300,95008987700.0,,3.769,95179987700.0,-171000000.0,3.769,ETF close,-6.44499,沪深300ETF华泰柏瑞,SSE
2025-06-16,510300,95433787700.0,,3.779,95008987700.0,424800000.0,3.779,ETF close,16.053192,沪深300ETF华泰柏瑞,SSE
2025-06-17,510300,95380687700.0,,3.778,95433787700.0,-53100000.0,3.778,ETF close,-2.006118,沪深300ETF华泰柏瑞,SSE
2025-06-18,510300,95336587700.0,,3.781,95380687700.0,-44100000.0,3.781,ETF close,-1.667421,沪深300ETF华泰柏瑞,SSE
2025-06-19,510300,95216887700.0,,3.75,95336587700.0,-119700000.0,3.75,ETF close,-4.48875,沪深300ETF华泰柏瑞,SSE
2025-06-20,510300,95159287700.0,,3.755,95216887700.0,-57600000.0,3.755,ETF close,-2.16288,沪深300ETF华泰柏瑞,SSE
2025-06-23,510300,95455387700.0,,3.768,95159287700.0,296100000.0,3.768,ETF close,11.157048,沪深300ETF华泰柏瑞,SSE
2025-06-24,510300,95731687700.0,,3.813,95455387700.0,276300000.0,3.813,ETF close,10.535319,沪深300ETF华泰柏瑞,SSE
2025-06-25,510300,95368987700.0,,3.878,95731687700.0,-362700000.0,3.878,ETF close,-14.065506,沪深300ETF华泰柏瑞,SSE
2025-06-26,510300,95018887700.0,,3.863,95368987700.0,-350100000.0,3.863,ETF close,-13.524363,沪深300ETF华泰柏瑞,SSE
2025-06-27,510300,94716487700.0,,3.84,95018887700.0,-302400000.0,3.84,ETF close,-11.61216,沪深300ETF华泰柏瑞,SSE
2025-06-30,510300,94042387700.0,,3.859,94716487700.0,-674100000.0,3.859,ETF close,-26.013519,沪深300ETF华泰柏瑞,SSE
2025-07-01,510300,93675187700.0,,3.865,94042387700.0,-367200000.0,3.865,ETF close,-14.19228,沪深300ETF华泰柏瑞,SSE
2025-07-02,510300,93523087700.0,,3.869,93675187700.0,-152100000.0,3.869,ETF close,-5.884749,沪深300ETF华泰柏瑞,SSE
2025-07-03,510300,93305287700.0,,3.892,93523087700.0,-217800000.0,3.892,ETF close,-8.476776,沪深300ETF华泰柏瑞,SSE
2025-07-04,510300,93061387700.0,,3.909,93305287700.0,-243900000.0,3.909,ETF close,-9.534051,沪深300ETF华泰柏瑞,SSE
2025-07-07,510300,93058687700.0,,3.891,93061387700.0,-2700000.0,3.891,ETF close,-0.105057,沪深300ETF华泰柏瑞,SSE
2025-07-08,510300,93191887700.0,,3.925,93058687700.0,133200000.0,3.925,ETF close,5.2281,沪深300ETF华泰柏瑞,SSE
2025-07-09,510300,93050587700.0,,3.922,93191887700.0,-141300000.0,3.922,ETF close,-5.541786,沪深300ETF华泰柏瑞,SSE
2025-07-10,510300,92954287700.0,,3.942,93050587700.0,-96300000.0,3.942,ETF close,-3.796146,沪深300ETF华泰柏瑞,SSE
2025-07-11,510300,93249487700.0,,3.956,92954287700.0,295200000.0,3.956,ETF close,11.678112,沪深300ETF华泰柏瑞,SSE
2025-07-14,510300,92931787700.0,,3.955,93249487700.0,-317700000.0,3.955,ETF close,-12.565035,沪深300ETF华泰柏瑞,SSE
2025-07-15,510300,92626687700.0,,3.955,92931787700.0,-305100000.0,3.955,ETF close,-12.066705,沪深300ETF华泰柏瑞,SSE
2025-07-16,510300,92563687700.0,,3.946,92626687700.0,-63000000.0,3.946,ETF close,-2.48598,沪深300ETF华泰柏瑞,SSE
2025-07-17,510300,92481787700.0,,3.979,92563687700.0,-81900000.0,3.979,ETF close,-3.258801,沪深300ETF华泰柏瑞,SSE
2025-07-18,510300,92452987700.0,,4.009,92481787700.0,-28800000.0,4.009,ETF close,-1.154592,沪深300ETF华泰柏瑞,SSE
2025-07-21,510300,92404387700.0,,4.034,92452987700.0,-48600000.0,4.034,ETF close,-1.960524,沪深300ETF华泰柏瑞,SSE
2025-07-22,510300,92306287700.0,,4.078,92404387700.0,-98100000.0,4.078,ETF close,-4.000518,沪深300ETF华泰柏瑞,SSE
2025-07-23,510300,92423287700.0,,4.076,92306287700.0,117000000.0,4.076,ETF close,4.76892,沪深300ETF华泰柏瑞,SSE
2025-07-24,510300,92725687700.0,,4.102,92423287700.0,302400000.0,4.102,ETF close,12.404448,沪深300ETF华泰柏瑞,SSE
2025-07-25,510300,92754487700.0,,4.08,92725687700.0,28800000.0,4.08,ETF close,1.17504,沪深300ETF华泰柏瑞,SSE
2025-07-28,510300,92551087700.0,,4.091,92754487700.0,-203400000.0,4.091,ETF close,-8.321094,沪深300ETF华泰柏瑞,SSE
2025-07-29,510300,92163187700.0,,4.112,92551087700.0,-387900000.0,4.112,ETF close,-15.950448,沪深300ETF华泰柏瑞,SSE
2025-07-30,510300,91845487700.0,,4.109,92163187700.0,-317700000.0,4.109,ETF close,-13.054293,沪深300ETF华泰柏瑞,SSE
2025-07-31,510300,91676287700.0,,4.032,91845487700.0,-169200000.0,4.032,ETF close,-6.822144,沪深300ETF华泰柏瑞,SSE
2025-08-01,510300,91583587700.0,,4.01,91676287700.0,-92700000.0,4.01,ETF close,-3.71727,沪深300ETF华泰柏瑞,SSE
2025-08-04,510300,91580887700.0,,4.029,91583587700.0,-2700000.0,4.029,ETF close,-0.108783,沪深300ETF华泰柏瑞,SSE
2025-08-05,510300,91525087700.0,,4.06,91580887700.0,-55800000.0,4.06,ETF close,-2.2654799999999997,沪深300ETF华泰柏瑞,SSE
2025-08-06,510300,91613287700.0,,4.071,91525087700.0,88200000.0,4.071,ETF close,3.590622,沪深300ETF华泰柏瑞,SSE
2025-08-07,510300,91459387700.0,,4.07,91613287700.0,-153900000.0,4.07,ETF close,-6.26373,沪深300ETF华泰柏瑞,SSE
2025-08-08,510300,91315387700.0,,4.06,91459387700.0,-144000000.0,4.06,ETF close,-5.8464,沪深300ETF华泰柏瑞,SSE
2025-08-11,510300,91408987700.0,,4.079,91315387700.0,93600000.0,4.079,ETF close,3.817944,沪深300ETF华泰柏瑞,SSE
2025-08-12,510300,91407187700.0,,4.105,91408987700.0,-1800000.0,4.105,ETF close,-0.07389000000000001,沪深300ETF华泰柏瑞,SSE
2025-08-13,510300,91550287700.0,,4.14,91407187700.0,143100000.0,4.14,ETF close,5.92434,沪深300ETF华泰柏瑞,SSE
2025-08-14,510300,91409887700.0,,4.133,91550287700.0,-140400000.0,4.133,ETF close,-5.802732,沪深300ETF华泰柏瑞,SSE
2025-08-15,510300,91783387700.0,,4.172,91409887700.0,373500000.0,4.172,ETF close,15.58242,沪深300ETF华泰柏瑞,SSE
2025-08-18,510300,91769887700.0,,4.204,91783387700.0,-13500000.0,4.204,ETF close,-0.56754,沪深300ETF华泰柏瑞,SSE
2025-08-19,510300,91684387700.0,,4.182,91769887700.0,-85500000.0,4.182,ETF close,-3.5756100000000006,沪深300ETF华泰柏瑞,SSE
2025-08-20,510300,91035487700.0,,4.241,91684387700.0,-648900000.0,4.241,ETF close,-27.519849,沪深300ETF华泰柏瑞,SSE
2025-08-21,510300,90871687700.0,,4.255,91035487700.0,-163800000.0,4.255,ETF close,-6.96969,沪深300ETF华泰柏瑞,SSE
2025-08-22,510300,91487287700.0,,4.356,90871687700.0,615600000.0,4.356,ETF close,26.815536,沪深300ETF华泰柏瑞,SSE
2025-08-25,510300,91697887700.0,,4.442,91487287700.0,210600000.0,4.442,ETF close,9.354852,沪深300ETF华泰柏瑞,SSE
2025-08-26,510300,91810387700.0,,4.418,91697887700.0,112500000.0,4.418,ETF close,4.97025,沪深300ETF华泰柏瑞,SSE
2025-08-27,510300,91564687700.0,,4.352,91810387700.0,-245700000.0,4.352,ETF close,-10.692864000000002,沪深300ETF华泰柏瑞,SSE
2025-08-28,510300,91434187700.0,,4.436,91564687700.0,-130500000.0,4.436,ETF close,-5.78898,沪深300ETF华泰柏瑞,SSE
2025-08-29,510300,91398187700.0,,4.478,91434187700.0,-36000000.0,4.478,ETF close,-1.61208,沪深300ETF华泰柏瑞,SSE
2025-09-01,510300,90885187700.0,,4.493,91398187700.0,-513000000.0,4.493,ETF close,-23.04909,沪深300ETF华泰柏瑞,SSE
2025-09-02,510300,90642187700.0,,4.467,90885187700.0,-243000000.0,4.467,ETF close,-10.85481,沪深300ETF华泰柏瑞,SSE
2025-09-03,510300,90393787700.0,,4.426,90642187700.0,-248400000.0,4.426,ETF close,-10.994184,沪深300ETF华泰柏瑞,SSE
2025-09-04,510300,90778087700.0,,4.333,90393787700.0,384300000.0,4.333,ETF close,16.651719,沪深300ETF华泰柏瑞,SSE
2025-09-05,510300,90976087700.0,,4.431,90778087700.0,198000000.0,4.431,ETF close,8.77338,沪深300ETF华泰柏瑞,SSE
2025-09-08,510300,90472087700.0,,4.432,90976087700.0,-504000000.0,4.432,ETF close,-22.33728,沪深300ETF华泰柏瑞,SSE
2025-09-09,510300,90228187700.0,,4.405,90472087700.0,-243900000.0,4.405,ETF close,-10.743795,沪深300ETF华泰柏瑞,SSE
2025-09-10,510300,89976187700.0,,4.415,90228187700.0,-252000000.0,4.415,ETF close,-11.1258,沪深300ETF华泰柏瑞,SSE
2025-09-11,510300,90112087700.0,,4.537,89976187700.0,135900000.0,4.537,ETF close,6.165783,沪深300ETF华泰柏瑞,SSE
2025-09-12,510300,90433387700.0,,4.498,90112087700.0,321300000.0,4.498,ETF close,14.452074,沪深300ETF华泰柏瑞,SSE
2025-09-15,510300,90238087700.0,,4.506,90433387700.0,-195300000.0,4.506,ETF close,-8.800218,沪深300ETF华泰柏瑞,SSE
2025-09-16,510300,90213787700.0,,4.497,90238087700.0,-24300000.0,4.497,ETF close,-1.092771,沪深300ETF华泰柏瑞,SSE
2025-09-17,510300,90285787700.0,,4.53,90213787700.0,72000000.0,4.53,ETF close,3.2616,沪深300ETF华泰柏瑞,SSE
2025-09-18,510300,90106687700.0,,4.471,90285787700.0,-179100000.0,4.471,ETF close,-8.007561,沪深300ETF华泰柏瑞,SSE
2025-09-19,510300,90081487700.0,,4.481,90106687700.0,-25200000.0,4.481,ETF close,-1.129212,沪深300ETF华泰柏瑞,SSE
2025-09-22,510300,89951887700.0,,4.496,90081487700.0,-129600000.0,4.496,ETF close,-5.826816,沪深300ETF华泰柏瑞,SSE
2025-09-23,510300,89662987700.0,,4.499,89951887700.0,-288900000.0,4.499,ETF close,-12.997611,沪深300ETF华泰柏瑞,SSE
2025-09-24,510300,89578387700.0,,4.54,89662987700.0,-84600000.0,4.54,ETF close,-3.84084,沪深300ETF华泰柏瑞,SSE
2025-09-25,510300,89448787700.0,,4.572,89578387700.0,-129600000.0,4.572,ETF close,-5.925312,沪深300ETF华泰柏瑞,SSE
2025-09-26,510300,89598187700.0,,4.528,89448787700.0,149400000.0,4.528,ETF close,6.764831999999998,沪深300ETF华泰柏瑞,SSE
2025-09-29,510300,89657587700.0,,4.605,89598187700.0,59400000.0,4.605,ETF close,2.73537,沪深300ETF华泰柏瑞,SSE
2025-09-30,510300,89716087700.0,,4.618,89657587700.0,58500000.0,4.618,ETF close,2.70153,沪深300ETF华泰柏瑞,SSE
2025-10-09,510300,89960887700.0,,4.693,89716087700.0,244800000.0,4.693,ETF close,11.488464,沪深300ETF华泰柏瑞,SSE
2025-10-10,510300,90294787700.0,,4.596,89960887700.0,333900000.0,4.596,ETF close,15.346044,沪深300ETF华泰柏瑞,SSE
2025-10-13,510300,90188587700.0,,4.569,90294787700.0,-106200000.0,4.569,ETF close,-4.852278,沪深300ETF华泰柏瑞,SSE
2025-10-14,510300,89700787700.0,,4.522,90188587700.0,-487800000.0,4.522,ETF close,-22.058316,沪深300ETF华泰柏瑞,SSE
2025-10-15,510300,89974387700.0,,4.583,89700787700.0,273600000.0,4.583,ETF close,12.539088,沪深300ETF华泰柏瑞,SSE
2025-10-16,510300,89705287700.0,,4.598,89974387700.0,-269100000.0,4.598,ETF close,-12.373218,沪深300ETF华泰柏瑞,SSE
2025-10-17,510300,89747587700.0,,4.501,89705287700.0,42300000.0,4.501,ETF close,1.903923,沪深300ETF华泰柏瑞,SSE
2025-10-20,510300,89954587700.0,,4.517,89747587700.0,207000000.0,4.517,ETF close,9.350190000000001,沪深300ETF华泰柏瑞,SSE
2025-10-21,510300,89793487700.0,,4.587,89954587700.0,-161100000.0,4.587,ETF close,-7.389657,沪深300ETF华泰柏瑞,SSE
2025-10-22,510300,89631487700.0,,4.572,89793487700.0,-162000000.0,4.572,ETF close,-7.40664,沪深300ETF华泰柏瑞,SSE
2025-10-23,510300,89440687700.0,,4.59,89631487700.0,-190800000.0,4.59,ETF close,-8.75772,沪深300ETF华泰柏瑞,SSE
2025-10-24,510300,89275987700.0,,4.647,89440687700.0,-164700000.0,4.647,ETF close,-7.653609,沪深300ETF华泰柏瑞,SSE
2025-10-27,510300,89155387700.0,,4.703,89275987700.0,-120600000.0,4.703,ETF close,-5.671818,沪深300ETF华泰柏瑞,SSE
2025-10-28,510300,89464087700.0,,4.679,89155387700.0,308700000.0,4.679,ETF close,14.444073,沪深300ETF华泰柏瑞,SSE
2025-10-29,510300,89587387700.0,,4.739,89464087700.0,123300000.0,4.739,ETF close,5.843187,沪深300ETF华泰柏瑞,SSE
2025-10-30,510300,89444287700.0,,4.7,89587387700.0,-143100000.0,4.7,ETF close,-6.7257,沪深300ETF华泰柏瑞,SSE
2025-10-31,510300,90507187700.0,,4.633,89444287700.0,1062900000.0,4.633,ETF close,49.244157,沪深300ETF华泰柏瑞,SSE
2025-11-03,510300,90368587700.0,,4.64,90507187700.0,-138600000.0,4.64,ETF close,-6.43104,沪深300ETF华泰柏瑞,SSE
2025-11-04,510300,89707087700.0,,4.606,90368587700.0,-661500000.0,4.606,ETF close,-30.46869,沪深300ETF华泰柏瑞,SSE
2025-11-05,510300,89555887700.0,,4.612,89707087700.0,-151200000.0,4.612,ETF close,-6.973344,沪深300ETF华泰柏瑞,SSE
2025-11-06,510300,89365987700.0,,4.682,89555887700.0,-189900000.0,4.682,ETF close,-8.891118,沪深300ETF华泰柏瑞,SSE
2025-11-07,510300,89201287700.0,,4.672,89365987700.0,-164700000.0,4.672,ETF close,-7.694784,沪深300ETF华泰柏瑞,SSE
2025-11-10,510300,89202187700.0,,4.684,89201287700.0,900000.0,4.684,ETF close,0.042156,沪深300ETF华泰柏瑞,SSE
2025-11-11,510300,89205787700.0,,4.64,89202187700.0,3600000.0,4.64,ETF close,0.16704,沪深300ETF华泰柏瑞,SSE
2025-11-12,510300,89221987700.0,,4.642,89205787700.0,16200000.0,4.642,ETF close,0.752004,沪深300ETF华泰柏瑞,SSE
2025-11-13,510300,89137387700.0,,4.689,89221987700.0,-84600000.0,4.689,ETF close,-3.966894,沪深300ETF华泰柏瑞,SSE
2025-11-14,510300,89258887700.0,,4.618,89137387700.0,121500000.0,4.618,ETF close,5.61087,沪深300ETF华泰柏瑞,SSE
2025-11-17,510300,89610787700.0,,4.587,89258887700.0,351900000.0,4.587,ETF close,16.141653,沪深300ETF华泰柏瑞,SSE
2025-11-18,510300,89725987700.0,,4.56,89610787700.0,115200000.0,4.56,ETF close,5.253119999999999,沪深300ETF华泰柏瑞,SSE
2025-11-19,510300,89469487700.0,,4.574,89725987700.0,-256500000.0,4.574,ETF close,-11.73231,沪深300ETF华泰柏瑞,SSE
2025-11-20,510300,89383087700.0,,4.553,89469487700.0,-86400000.0,4.553,ETF close,-3.933792,沪深300ETF华泰柏瑞,SSE
2025-11-21,510300,90225487700.0,,4.441,89383087700.0,842400000.0,4.441,ETF close,37.410984,沪深300ETF华泰柏瑞,SSE
2025-11-24,510300,91029187700.0,,4.434,90225487700.0,803700000.0,4.434,ETF close,35.636058,沪深300ETF华泰柏瑞,SSE
2025-11-25,510300,90810487700.0,,4.474,91029187700.0,-218700000.0,4.474,ETF close,-9.784638,沪深300ETF华泰柏瑞,SSE
2025-11-26,510300,90269587700.0,,4.503,90810487700.0,-540900000.0,4.503,ETF close,-24.356727,沪深300ETF华泰柏瑞,SSE
2025-11-27,510300,90182287700.0,,4.499,90269587700.0,-87300000.0,4.499,ETF close,-3.927627,沪深300ETF华泰柏瑞,SSE
2025-11-28,510300,90122887700.0,,4.512,90182287700.0,-59400000.0,4.512,ETF close,-2.680128,沪深300ETF华泰柏瑞,SSE
2025-12-01,510300,89819587700.0,,4.564,90122887700.0,-303300000.0,4.564,ETF close,-13.842612,沪深300ETF华泰柏瑞,SSE
2025-12-02,510300,89761087700.0,,4.543,89819587700.0,-58500000.0,4.543,ETF close,-2.657655,沪深300ETF华泰柏瑞,SSE
2025-12-03,510300,89817787700.0,,4.522,89761087700.0,56700000.0,4.522,ETF close,2.563974,沪深300ETF华泰柏瑞,SSE
2025-12-04,510300,89906887700.0,,4.534,89817787700.0,89100000.0,4.534,ETF close,4.039794,沪深300ETF华泰柏瑞,SSE
2025-12-05,510300,90042787700.0,,4.575,89906887700.0,135900000.0,4.575,ETF close,6.217425,沪深300ETF华泰柏瑞,SSE
2025-12-08,510300,90237187700.0,,4.609,90042787700.0,194400000.0,4.609,ETF close,8.959896,沪深300ETF华泰柏瑞,SSE
2025-12-09,510300,89907787700.0,,4.585,90237187700.0,-329400000.0,4.585,ETF close,-15.10299,沪深300ETF华泰柏瑞,SSE
2025-12-10,510300,89701687700.0,,4.579,89907787700.0,-206100000.0,4.579,ETF close,-9.437319,沪深300ETF华泰柏瑞,SSE
2025-12-11,510300,89500987700.0,,4.545,89701687700.0,-200700000.0,4.545,ETF close,-9.121815,沪深300ETF华泰柏瑞,SSE
2025-12-12,510300,90008587700.0,,4.571,89500987700.0,507600000.0,4.571,ETF close,23.202396,沪深300ETF华泰柏瑞,SSE
2025-12-15,510300,89779987700.0,,4.544,90008587700.0,-228600000.0,4.544,ETF close,-10.387583999999999,沪深300ETF华泰柏瑞,SSE
2025-12-16,510300,89722387700.0,,4.497,89779987700.0,-57600000.0,4.497,ETF close,-2.590272,沪深300ETF华泰柏瑞,SSE
2025-12-17,510300,90160687700.0,,4.576,89722387700.0,438300000.0,4.576,ETF close,20.056607999999997,沪深300ETF华泰柏瑞,SSE
2025-12-18,510300,90248887700.0,,4.545,90160687700.0,88200000.0,4.545,ETF close,4.00869,沪深300ETF华泰柏瑞,SSE
2025-12-19,510300,90034687700.0,,4.565,90248887700.0,-214200000.0,4.565,ETF close,-9.77823,沪深300ETF华泰柏瑞,SSE
2025-12-22,510300,89542387700.0,,4.607,90034687700.0,-492300000.0,4.607,ETF close,-22.680261,沪深300ETF华泰柏瑞,SSE
2025-12-23,510300,89040187700.0,,4.617,89542387700.0,-502200000.0,4.617,ETF close,-23.186574,沪深300ETF华泰柏瑞,SSE
2025-12-24,510300,89140987700.0,,4.634,89040187700.0,100800000.0,4.634,ETF close,4.671072000000001,沪深300ETF华泰柏瑞,SSE
2025-12-25,510300,89151787700.0,,4.643,89140987700.0,10800000.0,4.643,ETF close,0.501444,沪深300ETF华泰柏瑞,SSE
2025-12-26,510300,89312887700.0,,4.661,89151787700.0,161100000.0,4.661,ETF close,7.508870999999999,沪深300ETF华泰柏瑞,SSE
2025-12-29,510300,89022187700.0,,4.64,89312887700.0,-290700000.0,4.64,ETF close,-13.48848,沪深300ETF华泰柏瑞,SSE
2025-12-30,510300,89028487700.0,,4.65,89022187700.0,6300000.0,4.65,ETF close,0.29295000000000004,沪深300ETF华泰柏瑞,SSE
2025-12-31,510300,88829587700.0,,4.63,89028487700.0,-198900000.0,4.63,ETF close,-9.20907,沪深300ETF华泰柏瑞,SSE
2026-01-05,510300,89058187700.0,,4.721,88829587700.0,228600000.0,4.721,ETF close,10.792206,沪深300ETF华泰柏瑞,SSE
2026-01-06,510300,89344387700.0,,4.796,89058187700.0,286200000.0,4.796,ETF close,13.726152,沪深300ETF华泰柏瑞,SSE
2026-01-07,510300,89029387700.0,,4.778,89344387700.0,-315000000.0,4.778,ETF close,-15.050699999999997,沪深300ETF华泰柏瑞,SSE
2026-01-08,510300,89142787700.0,,4.74,89029387700.0,113400000.0,4.74,ETF close,5.37516,沪深300ETF华泰柏瑞,SSE
2026-01-09,510300,89509087700.0,,4.762,89142787700.0,366300000.0,4.762,ETF close,17.443205999999996,沪深300ETF华泰柏瑞,SSE
2026-01-12,510300,89154487700.0,,4.79,89509087700.0,-354600000.0,4.79,ETF close,-16.98534,沪深300ETF华泰柏瑞,SSE
2026-01-13,510300,88819687700.0,,4.773,89154487700.0,-334800000.0,4.773,ETF close,-15.980004,沪深300ETF华泰柏瑞,SSE
2026-01-14,510300,88242787700.0,,4.743,88819687700.0,-576900000.0,4.743,ETF close,-27.362367,沪深300ETF华泰柏瑞,SSE
2026-01-15,510300,84100987700.0,,4.752,88242787700.0,-4141800000.0,4.752,ETF close,-196.818336,沪深300ETF华泰柏瑞,SSE
2026-01-16,510300,79760287700.0,,4.736,84100987700.0,-4340700000.0,4.736,ETF close,-205.575552,沪深300ETF华泰柏瑞,SSE
2026-01-19,510300,77863087700.0,,4.738,79760287700.0,-1897200000.0,4.738,ETF close,-89.889336,沪深300ETF华泰柏瑞,SSE
2026-01-20,510300,75533887700.0,,4.724,77863087700.0,-2329200000.0,4.724,ETF close,-110.031408,沪深300ETF华泰柏瑞,SSE
2026-01-21,510300,71977987700.0,,4.73,75533887700.0,-3555900000.0,4.73,ETF close,-168.19407,沪深300ETF华泰柏瑞,SSE
2026-01-22,510300,68534587699.99999,,4.727,71977987700.0,-3443400000.0000076,4.727,ETF close,-162.76951800000037,沪深300ETF华泰柏瑞,SSE
2026-01-23,510300,64415287699.99999,,4.704,68534587699.99999,-4119300000.0,4.704,ETF close,-193.771872,沪深300ETF华泰柏瑞,SSE
2026-01-26,510300,60517387699.99999,,4.712,64415287699.99999,-3897900000.0,4.712,ETF close,-183.669048,沪深300ETF华泰柏瑞,SSE
2026-01-27,510300,57532987699.99999,,4.71,60517387699.99999,-2984400000.0,4.71,ETF close,-140.56524,沪深300ETF华泰柏瑞,SSE
2026-01-28,510300,51504787699.99999,,4.725,57532987699.99999,-6028200000.0,4.725,ETF close,-284.83244999999994,沪深300ETF华泰柏瑞,SSE
2026-01-29,510300,49260187699.99999,,4.768,51504787699.99999,-2244600000.0,4.768,ETF close,-107.022528,沪深300ETF华泰柏瑞,SSE
2026-01-30,510300,48687787699.99999,,4.711,49260187699.99999,-572400000.0,4.711,ETF close,-26.965764,沪深300ETF华泰柏瑞,SSE
2026-02-02,510300,47506987699.99999,,4.6,48687787699.99999,-1180800000.0,4.6,ETF close,-54.3168,沪深300ETF华泰柏瑞,SSE
2026-02-03,510300,47543887699.99999,,4.664,47506987699.99999,36900000.0,4.664,ETF close,1.721016,沪深300ETF华泰柏瑞,SSE
2026-02-04,510300,46987687699.99999,,4.707,47543887699.99999,-556200000.0,4.707,ETF close,-26.180334,沪深300ETF华泰柏瑞,SSE
2026-02-05,510300,47227987699.99999,,4.679,46987687699.99999,240300000.0,4.679,ETF close,11.243637,沪深300ETF华泰柏瑞,SSE
2026-02-06,510300,47461087699.99999,,4.649,47227987699.99999,233100000.0,4.649,ETF close,10.836819,沪深300ETF华泰柏瑞,SSE
2026-02-09,510300,47458387699.99999,,4.727,47461087699.99999,-2700000.0,4.727,ETF close,-0.127629,沪深300ETF华泰柏瑞,SSE
2026-02-10,510300,47128987699.99999,,4.733,47458387699.99999,-329400000.0,4.733,ETF close,-15.590502,沪深300ETF华泰柏瑞,SSE
2026-02-11,510300,47025487699.99999,,4.723,47128987699.99999,-103500000.0,4.723,ETF close,-4.888305,沪深300ETF华泰柏瑞,SSE
2026-02-12,510300,46940887699.99999,,4.727,47025487699.99999,-84600000.0,4.727,ETF close,-3.999042,沪深300ETF华泰柏瑞,SSE
2026-02-13,510300,46123687699.99999,,4.671,46940887699.99999,-817200000.0,4.671,ETF close,-38.171412,沪深300ETF华泰柏瑞,SSE
2026-02-24,510300,45907687699.99999,,4.716,46123687699.99999,-216000000.0,4.716,ETF close,-10.18656,沪深300ETF华泰柏瑞,SSE
2026-02-25,510300,45979687699.99999,,4.75,45907687699.99999,72000000.0,4.75,ETF close,3.42,沪深300ETF华泰柏瑞,SSE
2026-02-26,510300,45596287699.99999,,4.735,45979687699.99999,-383400000.0,4.735,ETF close,-18.153990000000004,沪深300ETF华泰柏瑞,SSE
2026-02-27,510300,45612487699.99999,,4.725,45596287699.99999,16200000.0,4.725,ETF close,0.76545,沪深300ETF华泰柏瑞,SSE
2026-03-02,510300,44765587699.99999,,4.739,45612487699.99999,-846900000.0,4.739,ETF close,-40.134591,沪深300ETF华泰柏瑞,SSE
2026-03-03,510300,44573887699.99999,,4.678,44765587699.99999,-191700000.0,4.678,ETF close,-8.967726,沪深300ETF华泰柏瑞,SSE
2026-03-04,510300,44960887699.99999,,4.61,44573887699.99999,387000000.0,4.61,ETF close,17.840700000000002,沪深300ETF华泰柏瑞,SSE
2026-03-05,510300,44612587699.99999,,4.654,44960887699.99999,-348300000.0,4.654,ETF close,-16.209882,沪深300ETF华泰柏瑞,SSE
2026-03-06,510300,44606287699.99999,,4.667,44612587699.99999,-6300000.0,4.667,ETF close,-0.294021,沪深300ETF华泰柏瑞,SSE
2026-03-09,510300,44621587699.99999,,4.629,44606287699.99999,15300000.0,4.629,ETF close,0.708237,沪深300ETF华泰柏瑞,SSE
2026-03-10,510300,44522587699.99999,,4.683,44621587699.99999,-99000000.0,4.683,ETF close,-4.63617,沪深300ETF华泰柏瑞,SSE
2026-03-11,510300,44094187699.99999,,4.711,44522587699.99999,-428400000.0,4.711,ETF close,-20.181924000000002,沪深300ETF华泰柏瑞,SSE
2026-03-12,510300,44007787699.99999,,4.694,44094187699.99999,-86400000.0,4.694,ETF close,-4.055616,沪深300ETF华泰柏瑞,SSE
2026-03-13,510300,43985287699.99999,,4.677,44007787699.99999,-22500000.0,4.677,ETF close,-1.052325,沪深300ETF华泰柏瑞,SSE
2026-03-16,510300,44097787699.99999,,4.68,43985287699.99999,112500000.0,4.68,ETF close,5.265,沪深300ETF华泰柏瑞,SSE
2026-03-17,510300,44332687699.99999,,4.646,44097787699.99999,234900000.0,4.646,ETF close,10.913454,沪深300ETF华泰柏瑞,SSE
2026-03-18,510300,44575687699.99999,,4.662,44332687699.99999,243000000.0,4.662,ETF close,11.32866,沪深300ETF华泰柏瑞,SSE
2026-03-19,510300,44822287699.99999,,4.599,44575687699.99999,246600000.0,4.599,ETF close,11.341134,沪深300ETF华泰柏瑞,SSE
2026-03-20,510300,44918587699.99999,,4.576,44822287699.99999,96300000.0,4.576,ETF close,4.406687999999999,沪深300ETF华泰柏瑞,SSE
2026-03-23,510300,45749287699.99999,,4.43,44918587699.99999,830700000.0,4.43,ETF close,36.80001,沪深300ETF华泰柏瑞,SSE
2026-03-24,510300,45670987699.99999,,4.479,45749287699.99999,-78300000.0,4.479,ETF close,-3.507057,沪深300ETF华泰柏瑞,SSE
2026-03-25,510300,45231787699.99999,,4.544,45670987699.99999,-439200000.0,4.544,ETF close,-19.957247999999996,沪深300ETF华泰柏瑞,SSE
2026-03-26,510300,45151687699.99999,,4.488,45231787699.99999,-80100000.0,4.488,ETF close,-3.5948880000000005,沪深300ETF华泰柏瑞,SSE
2026-03-27,510300,45160687699.99999,,4.508,45151687699.99999,9000000.0,4.508,ETF close,0.40572,沪深300ETF华泰柏瑞,SSE
2026-03-30,510300,44913187699.99999,,4.5,45160687699.99999,-247500000.0,4.5,ETF close,-11.1375,沪深300ETF华泰柏瑞,SSE
2026-03-31,510300,44828587699.99999,,4.463,44913187699.99999,-84600000.0,4.463,ETF close,-3.775698,沪深300ETF华泰柏瑞,SSE
2026-04-01,510300,44812387699.99999,,4.534,44828587699.99999,-16200000.0,4.534,ETF close,-0.734508,沪深300ETF华泰柏瑞,SSE
2026-04-02,510300,44718787699.99999,,4.489,44812387699.99999,-93600000.0,4.489,ETF close,-4.201704,沪深300ETF华泰柏瑞,SSE
2026-04-03,510300,44869087699.99999,,4.454,44718787699.99999,150300000.0,4.454,ETF close,6.694362,沪深300ETF华泰柏瑞,SSE
2026-04-07,510300,45052687699.99999,,4.446,44869087699.99999,183600000.0,4.446,ETF close,8.162856,沪深300ETF华泰柏瑞,SSE
2026-04-08,510300,45165187699.99999,,4.602,45052687699.99999,112500000.0,4.602,ETF close,5.177250000000001,沪深300ETF华泰柏瑞,SSE
2026-04-09,510300,44763787699.99999,,4.572,45165187699.99999,-401400000.0,4.572,ETF close,-18.352008,沪深300ETF华泰柏瑞,SSE
2026-04-10,510300,44077087699.99999,,4.642,44763787699.99999,-686700000.0,4.642,ETF close,-31.876614000000004,沪深300ETF华泰柏瑞,SSE
2026-04-13,510300,43858387699.99999,,4.652,44077087699.99999,-218700000.0,4.652,ETF close,-10.173924,沪深300ETF华泰柏瑞,SSE
2026-04-14,510300,43806187699.99999,,4.712,43858387699.99999,-52200000.0,4.712,ETF close,-2.459664,沪深300ETF华泰柏瑞,SSE
2026-04-15,510300,43920487699.99999,,4.694,43806187699.99999,114300000.0,4.694,ETF close,5.365242,沪深300ETF华泰柏瑞,SSE
2026-04-16,510300,43684687699.99999,,4.746,43920487699.99999,-235800000.0,4.746,ETF close,-11.191068,沪深300ETF华泰柏瑞,SSE
2026-04-17,510300,43258987699.99999,,4.739,43684687699.99999,-425700000.0,4.739,ETF close,-20.173923,沪深300ETF华泰柏瑞,SSE
2026-04-20,510300,42820687699.99999,,4.765,43258987699.99999,-438300000.0,4.765,ETF close,-20.884994999999996,沪深300ETF华泰柏瑞,SSE
2026-04-21,510300,42441787699.99999,,4.776,42820687699.99999,-378900000.0,4.776,ETF close,-18.096264,沪深300ETF华泰柏瑞,SSE
2026-04-22,510300,41816287700.0,,4.811,42441787699.99999,-625499999.9999924,4.811,ETF close,-30.092804999999633,沪深300ETF华泰柏瑞,SSE
2026-04-23,510300,41118787700.0,,4.801,41816287700.0,-697500000.0,4.801,ETF close,-33.486975,沪深300ETF华泰柏瑞,SSE
2026-04-24,510300,40922587700.0,,4.782,41118787700.0,-196200000.0,4.782,ETF close,-9.382284,沪深300ETF华泰柏瑞,SSE
2026-04-27,510300,40362787700.0,,4.782,40922587700.0,-559800000.0,4.782,ETF close,-26.769636,沪深300ETF华泰柏瑞,SSE
2026-04-28,510300,39860587700.0,,4.77,40362787700.0,-502200000.0,4.77,ETF close,-23.95494,沪深300ETF华泰柏瑞,SSE
2026-04-29,510300,39371887700.0,,4.821,39860587700.0,-488700000.0,4.821,ETF close,-23.560227,沪深300ETF华泰柏瑞,SSE
2026-04-30,510300,38204587700.0,,4.824,39371887700.0,-1167300000.0,4.824,ETF close,-56.310552,沪深300ETF华泰柏瑞,SSE
2026-05-06,510300,37932787700.0,,4.888,38204587700.0,-271800000.0,4.888,ETF close,-13.285584,沪深300ETF华泰柏瑞,SSE
2026-05-07,510300,36156187700.0,,4.912,37932787700.0,-1776600000.0,4.912,ETF close,-87.266592,沪深300ETF华泰柏瑞,SSE
2026-05-08,510300,35269687700.0,,4.886,36156187700.0,-886500000.0,4.886,ETF close,-43.31439,沪深300ETF华泰柏瑞,SSE
2026-05-11,510300,33945787700.0,,4.966,35269687700.0,-1323900000.0,4.966,ETF close,-65.744874,沪深300ETF华泰柏瑞,SSE
2026-05-12,510300,33371587700.0,,4.963,33945787700.0,-574200000.0,4.963,ETF close,-28.497546,沪深300ETF华泰柏瑞,SSE
2026-05-13,510300,32727187700.0,,5.017,33371587700.0,-644400000.0,5.017,ETF close,-32.329548,沪深300ETF华泰柏瑞,SSE
2026-05-14,510300,32091787700.0,,4.941,32727187700.0,-635400000.0,4.941,ETF close,-31.395114,沪深300ETF华泰柏瑞,SSE
2026-05-15,510300,32162887700.0,,4.878,32091787700.0,71100000.0,4.878,ETF close,3.468258,沪深300ETF华泰柏瑞,SSE
2026-05-18,510300,32182687700.0,,4.852,32162887700.0,19800000.0,4.852,ETF close,0.960696,沪深300ETF华泰柏瑞,SSE
2026-05-19,510300,31662487700.0,,4.869,32182687700.0,-520200000.0,4.869,ETF close,-25.328538,沪深300ETF华泰柏瑞,SSE
2026-05-20,510300,31027087700.0,,4.871,31662487700.0,-635400000.0,4.871,ETF close,-30.950334000000005,沪深300ETF华泰柏瑞,SSE
2026-05-21,510300,30494287700.0,,4.808,31027087700.0,-532800000.0,4.808,ETF close,-25.617024,沪深300ETF华泰柏瑞,SSE
2026-05-22,510300,29795887700.0,,4.862,30494287700.0,-698400000.0,4.862,ETF close,-33.956208,沪深300ETF华泰柏瑞,SSE
2026-05-25,510300,28458487700.0,,4.937,29795887700.0,-1337400000.0,4.937,ETF close,-66.027438,沪深300ETF华泰柏瑞,SSE
2026-05-26,510300,28028287700.0,,4.972,28458487700.0,-430200000.0,4.972,ETF close,-21.389544,沪深300ETF华泰柏瑞,SSE
2026-05-27,510300,27896887700.0,,4.932,28028287700.0,-131400000.0,4.932,ETF close,-6.480648,沪深300ETF华泰柏瑞,SSE
2026-05-28,510300,27968887700.0,,4.932,27896887700.0,72000000.0,4.932,ETF close,3.55104,沪深300ETF华泰柏瑞,SSE
2026-05-29,510300,27956287700.0,,4.923,27968887700.0,-12600000.0,4.923,ETF close,-0.620298,沪深300ETF华泰柏瑞,SSE
2026-06-01,510300,28199287700.0,,4.868,27956287700.0,243000000.0,4.868,ETF close,11.82924,沪深300ETF华泰柏瑞,SSE
2026-06-02,510300,28241587700.0,,4.936,28199287700.0,42300000.0,4.936,ETF close,2.087928,沪深300ETF华泰柏瑞,SSE
2026-06-03,510300,28047187700.0,,4.965,28241587700.0,-194400000.0,4.965,ETF close,-9.65196,沪深300ETF华泰柏瑞,SSE
2026-06-04,510300,27859987700.0,,4.926,28047187700.0,-187200000.0,4.926,ETF close,-9.221472,沪深300ETF华泰柏瑞,SSE
2026-06-05,510300,27904987700.0,,4.843,27859987700.0,45000000.0,4.843,ETF close,2.17935,沪深300ETF华泰柏瑞,SSE
2026-06-08,510300,28481887700.0,,4.739,27904987700.0,576900000.0,4.739,ETF close,27.339291,沪深300ETF华泰柏瑞,SSE
2026-06-09,510300,28331587700.0,,4.826,28481887700.0,-150300000.0,4.826,ETF close,-7.253478,沪深300ETF华泰柏瑞,SSE
2026-06-10,510300,28514287700.0,,4.784,28331587700.0,182700000.0,4.784,ETF close,8.740368,沪深300ETF华泰柏瑞,SSE
2026-06-11,510300,28730287700.0,,4.751,28514287700.0,216000000.0,4.751,ETF close,10.262160000000002,沪深300ETF华泰柏瑞,SSE
2026-06-12,510300,28624087700.0,,4.818,28730287700.0,-106200000.0,4.818,ETF close,-5.116715999999999,沪深300ETF华泰柏瑞,SSE
2026-06-15,510300,28382887700.0,,4.919,28624087700.0,-241200000.0,4.919,ETF close,-11.864628,沪深300ETF华泰柏瑞,SSE
2026-06-16,510300,27970687700.0,,4.91,28382887700.0,-412200000.0,4.91,ETF close,-20.23902,沪深300ETF华泰柏瑞,SSE
2026-06-17,510300,27082387700.0,,4.958,27970687700.0,-888300000.0,4.958,ETF close,-44.041914,沪深300ETF华泰柏瑞,SSE
2026-06-18,510300,26527087700.0,,4.984,27082387700.0,-555300000.0,4.984,ETF close,-27.676152,沪深300ETF华泰柏瑞,SSE
2026-06-22,510300,26384887700.0,,5.091,26527087700.0,-142200000.0,5.091,ETF close,-7.239402,沪深300ETF华泰柏瑞,SSE
2026-06-23,510300,24676687700.0,,4.942,26384887700.0,-1708200000.0,4.942,ETF close,-84.419244,沪深300ETF华泰柏瑞,SSE
2026-06-24,510300,22886587700.0,,4.967,24676687700.0,-1790100000.0,4.967,ETF close,-88.914267,沪深300ETF华泰柏瑞,SSE
2026-06-25,510300,20744587700.0,,5.048,22886587700.0,-2142000000.0,5.048,ETF close,-108.12816,沪深300ETF华泰柏瑞,SSE
2026-06-26,510300,20800387700.0,,4.907,20744587700.0,55800000.0,4.907,ETF close,2.738106,沪深300ETF华泰柏瑞,SSE
2026-06-29,510300,19936387700.0,,4.959,20800387700.0,-864000000.0,4.959,ETF close,-42.84576,沪深300ETF华泰柏瑞,SSE
2026-06-30,510300,18914887700.0,,5.019,19936387700.0,-1021500000.0,5.019,ETF close,-51.269085,沪深300ETF华泰柏瑞,SSE
2026-07-01,510300,18395587700.0,,4.998,18914887700.0,-519300000.0,4.998,ETF close,-25.954614,沪深300ETF华泰柏瑞,SSE
2026-07-02,510300,18532387700.0,,4.85,18395587700.0,136800000.0,4.85,ETF close,6.6348,沪深300ETF华泰柏瑞,SSE
2026-07-03,510300,17069887700.0,,4.876,18532387700.0,-1462500000.0,4.876,ETF close,-71.31150000000001,沪深300ETF华泰柏瑞,SSE
2026-07-06,510300,16821487700.0,,4.877,17069887700.0,-248400000.0,4.877,ETF close,-12.114468,沪深300ETF华泰柏瑞,SSE
2026-07-07,510300,17094187700.0,,4.826,16821487700.0,272700000.0,4.826,ETF close,13.160502,沪深300ETF华泰柏瑞,SSE
2026-07-08,510300,17203087700.0,,4.798,17094187700.0,108900000.0,4.798,ETF close,5.225022,沪深300ETF华泰柏瑞,SSE
2026-07-09,510300,17214787700.0,,4.916,17203087700.0,11700000.0,4.916,ETF close,0.5751720000000001,沪深300ETF华泰柏瑞,SSE
2026-07-10,510300,17157187700.0,,4.829,17214787700.0,-57600000.0,4.829,ETF close,-2.781504,沪深300ETF华泰柏瑞,SSE
2026-07-13,510300,18320887700.0,,4.744,17157187700.0,1163700000.0,4.744,ETF close,55.205928,沪深300ETF华泰柏瑞,SSE
2026-07-14,510300,18481987700.0,,4.837,18320887700.0,161100000.0,4.837,ETF close,7.792407,沪深300ETF华泰柏瑞,SSE
2026-07-15,510300,18395587700.0,,4.838,18481987700.0,-86400000.0,4.838,ETF close,-4.180032,沪深300ETF华泰柏瑞,SSE
2026-07-16,510300,19701487700.0,,4.753,18395587700.0,1305900000.0,4.753,ETF close,62.069427,沪深300ETF华泰柏瑞,SSE
2026-07-17,510300,21716587700.0,,4.589,19701487700.0,2015100000.0,4.589,ETF close,92.472939,沪深300ETF华泰柏瑞,SSE
2026-07-20,510300,24421987700.0,,4.65,21716587700.0,2705400000.0,4.65,ETF close,125.80110000000002,沪深300ETF华泰柏瑞,SSE
2026-07-21,510300,24357187700.0,,4.787,24421987700.0,-64800000.0,4.787,ETF close,-3.101976,沪深300ETF华泰柏瑞,SSE
2026-07-22,510300,24044887700.0,,4.765,24357187700.0,-312300000.0,4.765,ETF close,-14.881095,沪深300ETF华泰柏瑞,SSE
2026-07-23,510300,24026887700.0,,4.787,24044887700.0,-18000000.0,4.787,ETF close,-0.86166,沪深300ETF华泰柏瑞,SSE
2026-07-24,510300,24380587700.0,,4.701,24026887700.0,353700000.0,4.701,ETF close,16.627436999999997,沪深300ETF华泰柏瑞,SSE
2026-07-27,510300,24641587700.0,,4.753,24380587700.0,261000000.0,4.753,ETF close,12.40533,沪深300ETF华泰柏瑞,SSE
2026-07-28,510300,25334587700.0,,4.627,24641587700.0,693000000.0,4.627,ETF close,32.06511,沪深300ETF华泰柏瑞,SSE
2026-07-29,510300,25947487700.0,,4.657,25334587700.0,612900000.0,4.657,ETF close,28.542753,沪深300ETF华泰柏瑞,SSE
2026-07-30,510300,26483887700.0,,4.605,25947487700.0,536400000.0,4.605,ETF close,24.70122,沪深300ETF华泰柏瑞,SSE
2026-07-31,510300,26466787700.0,,4.653,26483887700.0,-17100000.0,4.653,ETF close,-0.795663,沪深300ETF华泰柏瑞,SSE
2026-08-03,510300,27058087700.0,,4.599,26466787700.0,591300000.0,4.599,ETF close,27.193887,沪深300ETF华泰柏瑞,SSE
2025-01-02,510310,63864644000.0,,3.572,,,3.572,ETF close,,沪深300ETF易方达,SSE
2025-01-03,510310,64037444000.0,,3.536,63864644000.0,172800000.0,3.536,ETF close,6.110208,沪深300ETF易方达,SSE
2025-01-06,510310,64168844000.0,,3.519,64037444000.0,131400000.0,3.519,ETF close,4.623966,沪深300ETF易方达,SSE
2025-01-07,510310,64164344000.0,,3.545,64168844000.0,-4500000.0,3.545,ETF close,-0.159525,沪深300ETF易方达,SSE
2025-01-08,510310,64239044000.0,,3.539,64164344000.0,74700000.0,3.539,ETF close,2.643633,沪深300ETF易方达,SSE
2025-01-09,510310,64232744000.0,,3.532,64239044000.0,-6300000.0,3.532,ETF close,-0.222516,沪深300ETF易方达,SSE
2025-01-10,510310,64280444000.0,,3.493,64232744000.0,47700000.0,3.493,ETF close,1.666161,沪深300ETF易方达,SSE
2025-01-13,510310,64390244000.0,,3.478,64280444000.0,109800000.0,3.478,ETF close,3.818844,沪深300ETF易方达,SSE
2025-01-14,510310,64628744000.0,,3.572,64390244000.0,238500000.0,3.572,ETF close,8.51922,沪深300ETF易方达,SSE
2025-01-15,510310,64614344000.0,,3.549,64628744000.0,-14400000.0,3.549,ETF close,-0.511056,沪深300ETF易方达,SSE
2025-01-16,510310,64553144000.0,,3.551,64614344000.0,-61200000.0,3.551,ETF close,-2.173212,沪深300ETF易方达,SSE
2025-01-17,510310,64536044000.0,,3.563,64553144000.0,-17100000.0,3.563,ETF close,-0.609273,沪深300ETF易方达,SSE
2025-01-20,510310,64537844000.0,,3.582,64536044000.0,1800000.0,3.582,ETF close,0.064476,沪深300ETF易方达,SSE
2025-01-21,510310,64495544000.0,,3.585,64537844000.0,-42300000.0,3.585,ETF close,-1.516455,沪深300ETF易方达,SSE
2025-01-22,510310,64379444000.0,,3.553,64495544000.0,-116100000.0,3.553,ETF close,-4.125033,沪深300ETF易方达,SSE
2025-01-23,510310,64370444000.0,,3.562,64379444000.0,-9000000.0,3.562,ETF close,-0.32058,沪深300ETF易方达,SSE
2025-01-24,510310,64649444000.0,,3.591,64370444000.0,279000000.0,3.591,ETF close,10.01889,沪深300ETF易方达,SSE
2025-01-27,510310,64329044000.0,,3.575,64649444000.0,-320400000.0,3.575,ETF close,-11.4543,沪深300ETF易方达,SSE
2025-02-05,510310,64240844000.0,,3.551,64329044000.0,-88200000.0,3.551,ETF close,-3.131982,沪深300ETF易方达,SSE
2025-02-06,510310,64286744000.0,,3.596,64240844000.0,45900000.0,3.596,ETF close,1.650564,沪深300ETF易方达,SSE
2025-02-07,510310,64254344000.0,,3.65,64286744000.0,-32400000.0,3.65,ETF close,-1.1826,沪深300ETF易方达,SSE
2025-02-10,510310,64087844000.0,,3.654,64254344000.0,-166500000.0,3.654,ETF close,-6.08391,沪深300ETF易方达,SSE
2025-02-11,510310,63881744000.0,,3.638,64087844000.0,-206100000.0,3.638,ETF close,-7.497918,沪深300ETF易方达,SSE
2025-02-12,510310,63817844000.0,,3.674,63881744000.0,-63900000.0,3.674,ETF close,-2.347686,沪深300ETF易方达,SSE
2025-02-13,510310,63808844000.0,,3.666,63817844000.0,-9000000.0,3.666,ETF close,-0.32994,沪深300ETF易方达,SSE
2025-02-14,510310,63931244000.0,,3.696,63808844000.0,122400000.0,3.696,ETF close,4.523904,沪深300ETF易方达,SSE
2025-02-17,510310,63692744000.0,,3.705,63931244000.0,-238500000.0,3.705,ETF close,-8.836425,沪深300ETF易方达,SSE
2025-02-18,510310,63618944000.0,,3.673,63692744000.0,-73800000.0,3.673,ETF close,-2.710674,沪深300ETF易方达,SSE
2025-02-19,510310,63705344000.0,,3.694,63618944000.0,86400000.0,3.694,ETF close,3.191616,沪深300ETF易方达,SSE
2025-02-20,510310,63549644000.0,,3.682,63705344000.0,-155700000.0,3.682,ETF close,-5.732874,沪深300ETF易方达,SSE
2025-02-21,510310,63627044000.0,,3.733,63549644000.0,77400000.0,3.733,ETF close,2.889342,沪深300ETF易方达,SSE
2025-02-24,510310,63371444000.0,,3.721,63627044000.0,-255600000.0,3.721,ETF close,-9.510876,沪深300ETF易方达,SSE
2025-02-25,510310,63233744000.0,,3.682,63371444000.0,-137700000.0,3.682,ETF close,-5.070114,沪深300ETF易方达,SSE
2025-02-26,510310,63073544000.0,,3.712,63233744000.0,-160200000.0,3.712,ETF close,-5.946624,沪深300ETF易方达,SSE
2025-02-27,510310,62789144000.0,,3.726,63073544000.0,-284400000.0,3.726,ETF close,-10.596744,沪深300ETF易方达,SSE
2025-02-28,510310,62659544000.0,,3.655,62789144000.0,-129600000.0,3.655,ETF close,-4.73688,沪深300ETF易方达,SSE
2025-03-03,510310,62559644000.0,,3.644,62659544000.0,-99900000.0,3.644,ETF close,-3.640356,沪深300ETF易方达,SSE
2025-03-04,510310,62493944000.0,,3.638,62559644000.0,-65700000.0,3.638,ETF close,-2.390166,沪深300ETF易方达,SSE
2025-03-05,510310,62094344000.0,,3.657,62493944000.0,-399600000.0,3.657,ETF close,-14.613372,沪深300ETF易方达,SSE
2025-03-06,510310,62115944000.0,,3.709,62094344000.0,21600000.0,3.709,ETF close,0.801144,沪深300ETF易方达,SSE
2025-03-07,510310,61942244000.0,,3.698,62115944000.0,-173700000.0,3.698,ETF close,-6.423426,沪深300ETF易方达,SSE
2025-03-10,510310,61574144000.0,,3.683,61942244000.0,-368100000.0,3.683,ETF close,-13.557123,沪深300ETF易方达,SSE
2025-03-11,510310,61987244000.0,,3.693,61574144000.0,413100000.0,3.693,ETF close,15.255783,沪深300ETF易方达,SSE
2025-03-12,510310,61904444000.0,,3.684,61987244000.0,-82800000.0,3.684,ETF close,-3.050352,沪深300ETF易方达,SSE
2025-03-13,510310,61818044000.0,,3.666,61904444000.0,-86400000.0,3.666,ETF close,-3.167424,沪深300ETF易方达,SSE
2025-03-14,510310,61925144000.0,,3.762,61818044000.0,107100000.0,3.762,ETF close,4.029102,沪深300ETF易方达,SSE
2025-03-17,510310,61733444000.0,,3.75,61925144000.0,-191700000.0,3.75,ETF close,-7.18875,沪深300ETF易方达,SSE
2025-03-18,510310,61443644000.0,,3.76,61733444000.0,-289800000.0,3.76,ETF close,-10.89648,沪深300ETF易方达,SSE
2025-03-19,510310,61431044000.0,,3.768,61443644000.0,-12600000.0,3.768,ETF close,-0.474768,沪深300ETF易方达,SSE
2025-03-20,510310,61394144000.0,,3.733,61431044000.0,-36900000.0,3.733,ETF close,-1.377477,沪深300ETF易方达,SSE
2025-03-21,510310,61284344000.0,,3.668,61394144000.0,-109800000.0,3.668,ETF close,-4.027464,沪深300ETF易方达,SSE
2025-03-24,510310,61232144000.0,,3.69,61284344000.0,-52200000.0,3.69,ETF close,-1.92618,沪深300ETF易方达,SSE
2025-03-25,510310,61205144000.0,,3.69,61232144000.0,-27000000.0,3.69,ETF close,-0.9963,沪深300ETF易方达,SSE
2025-03-26,510310,61236644000.0,,3.674,61205144000.0,31500000.0,3.674,ETF close,1.15731,沪深300ETF易方达,SSE
2025-03-27,510310,61181744000.0,,3.688,61236644000.0,-54900000.0,3.688,ETF close,-2.024712,沪深300ETF易方达,SSE
2025-03-28,510310,61099844000.0,,3.67,61181744000.0,-81900000.0,3.67,ETF close,-3.00573,沪深300ETF易方达,SSE
2025-03-31,510310,61076444000.0,,3.646,61099844000.0,-23400000.0,3.646,ETF close,-0.853164,沪深300ETF易方达,SSE
2025-04-01,510310,61083644000.0,,3.643,61076444000.0,7200000.0,3.643,ETF close,0.262296,沪深300ETF易方达,SSE
2025-04-02,510310,61088144000.0,,3.64,61083644000.0,4500000.0,3.64,ETF close,0.1638,沪深300ETF易方达,SSE
2025-04-03,510310,61007144000.0,,3.62,61088144000.0,-81000000.0,3.62,ETF close,-2.9322,沪深300ETF易方达,SSE
2025-04-07,510310,63596444000.0,,3.322,61007144000.0,2589300000.0,3.322,ETF close,86.016546,沪深300ETF易方达,SSE
2025-04-08,510310,67524044000.0,,3.401,63596444000.0,3927600000.0,3.401,ETF close,133.577676,沪深300ETF易方达,SSE
2025-04-09,510310,67961444000.0,,3.44,67524044000.0,437400000.0,3.44,ETF close,15.04656,沪深300ETF易方达,SSE
2025-04-10,510310,68085644000.0,,3.495,67961444000.0,124200000.0,3.495,ETF close,4.34079,沪深300ETF易方达,SSE
2025-04-11,510310,67922744000.0,,3.509,68085644000.0,-162900000.0,3.509,ETF close,-5.716161,沪深300ETF易方达,SSE
2025-04-14,510310,67631144000.0,,3.517,67922744000.0,-291600000.0,3.517,ETF close,-10.255572,沪深300ETF易方达,SSE
2025-04-15,510310,67896644000.0,,3.516,67631144000.0,265500000.0,3.516,ETF close,9.33498,沪深300ETF易方达,SSE
2025-04-16,510310,69171044000.0,,3.527,67896644000.0,1274400000.0,3.527,ETF close,44.948088,沪深300ETF易方达,SSE
2025-04-17,510310,69553544000.0,,3.531,69171044000.0,382500000.0,3.531,ETF close,13.506075,沪深300ETF易方达,SSE
2025-04-18,510310,70000844000.0,,3.535,69553544000.0,447300000.0,3.535,ETF close,15.812055,沪深300ETF易方达,SSE
2025-04-21,510310,70039544000.0,,3.541,70000844000.0,38700000.0,3.541,ETF close,1.370367,沪深300ETF易方达,SSE
2025-04-22,510310,69947744000.0,,3.544,70039544000.0,-91800000.0,3.544,ETF close,-3.253392,沪深300ETF易方达,SSE
2025-04-23,510310,69931544000.0,,3.55,69947744000.0,-16200000.0,3.55,ETF close,-0.5751,沪深300ETF易方达,SSE
2025-04-24,510310,69935144000.0,,3.549,69931544000.0,3600000.0,3.549,ETF close,0.127764,沪深300ETF易方达,SSE
2025-04-25,510310,69863144000.0,,3.548,69935144000.0,-72000000.0,3.548,ETF close,-2.55456,沪深300ETF易方达,SSE
2025-04-28,510310,69754244000.0,,3.543,69863144000.0,-108900000.0,3.543,ETF close,-3.858327,沪深300ETF易方达,SSE
2025-04-29,510310,69701144000.0,,3.534,69754244000.0,-53100000.0,3.534,ETF close,-1.876554,沪深300ETF易方达,SSE
2025-04-30,510310,69698444000.0,,3.531,69701144000.0,-2700000.0,3.531,ETF close,-0.095337,沪深300ETF易方达,SSE
2025-05-06,510310,69654344000.0,,3.569,69698444000.0,-44100000.0,3.569,ETF close,-1.573929,沪深300ETF易方达,SSE
2025-05-07,510310,69577844000.0,,3.592,69654344000.0,-76500000.0,3.592,ETF close,-2.74788,沪深300ETF易方达,SSE
2025-05-08,510310,69599444000.0,,3.613,69577844000.0,21600000.0,3.613,ETF close,0.780408,沪深300ETF易方达,SSE
2025-05-09,510310,69482444000.0,,3.609,69599444000.0,-117000000.0,3.609,ETF close,-4.22253,沪深300ETF易方达,SSE
2025-05-12,510310,69477044000.0,,3.651,69482444000.0,-5400000.0,3.651,ETF close,-0.197154,沪深300ETF易方达,SSE
2025-05-13,510310,69369044000.0,,3.657,69477044000.0,-108000000.0,3.657,ETF close,-3.94956,沪深300ETF易方达,SSE
2025-05-14,510310,69378944000.0,,3.703,69369044000.0,9900000.0,3.703,ETF close,0.366597,沪深300ETF易方达,SSE
2025-05-15,510310,69272744000.0,,3.671,69378944000.0,-106200000.0,3.671,ETF close,-3.898602,沪深300ETF易方达,SSE
2025-05-16,510310,69158444000.0,,3.651,69272744000.0,-114300000.0,3.651,ETF close,-4.173093,沪深300ETF易方达,SSE
2025-05-19,510310,69142244000.0,,3.645,69158444000.0,-16200000.0,3.645,ETF close,-0.59049,沪深300ETF易方达,SSE
2025-05-20,510310,69141344000.0,,3.664,69142244000.0,-900000.0,3.664,ETF close,-0.032976,沪深300ETF易方达,SSE
2025-05-21,510310,69133244000.0,,3.682,69141344000.0,-8100000.0,3.682,ETF close,-0.298242,沪深300ETF易方达,SSE
2025-05-22,510310,69152144000.0,,3.678,69133244000.0,18900000.0,3.678,ETF close,0.695142,沪深300ETF易方达,SSE
2025-05-23,510310,69138644000.0,,3.65,69152144000.0,-13500000.0,3.65,ETF close,-0.49275,沪深300ETF易方达,SSE
2025-05-26,510310,69146744000.0,,3.631,69138644000.0,8100000.0,3.631,ETF close,0.294111,沪深300ETF易方达,SSE
2025-05-27,510310,69153044000.0,,3.609,69146744000.0,6300000.0,3.609,ETF close,0.227367,沪深300ETF易方达,SSE
2025-05-28,510310,69158444000.0,,3.606,69153044000.0,5400000.0,3.606,ETF close,0.194724,沪深300ETF易方达,SSE
2025-05-29,510310,69236744000.0,,3.627,69158444000.0,78300000.0,3.627,ETF close,2.839941,沪深300ETF易方达,SSE
2025-05-30,510310,69158444000.0,,3.621,69236744000.0,-78300000.0,3.621,ETF close,-2.835243,沪深300ETF易方达,SSE
2025-06-03,510310,69180944000.0,,3.62,69158444000.0,22500000.0,3.62,ETF close,0.8145,沪深300ETF易方达,SSE
2025-06-04,510310,69156644000.0,,3.636,69180944000.0,-24300000.0,3.636,ETF close,-0.883548,沪深300ETF易方达,SSE
2025-06-05,510310,69087344000.0,,3.646,69156644000.0,-69300000.0,3.646,ETF close,-2.526678,沪深300ETF易方达,SSE
2025-06-06,510310,69036044000.0,,3.648,69087344000.0,-51300000.0,3.648,ETF close,-1.871424,沪深300ETF易方达,SSE
2025-06-09,510310,69073844000.0,,3.656,69036044000.0,37800000.0,3.656,ETF close,1.381968,沪深300ETF易方达,SSE
2025-06-10,510310,68979344000.0,,3.635,69073844000.0,-94500000.0,3.635,ETF close,-3.435075,沪深300ETF易方达,SSE
2025-06-11,510310,69023444000.0,,3.664,68979344000.0,44100000.0,3.664,ETF close,1.615824,沪深300ETF易方达,SSE
2025-06-12,510310,68918144000.0,,3.667,69023444000.0,-105300000.0,3.667,ETF close,-3.861351,沪深300ETF易方达,SSE
2025-06-13,510310,68856044000.0,,3.644,68918144000.0,-62100000.0,3.644,ETF close,-2.262924,沪深300ETF易方达,SSE
2025-06-16,510310,68917244000.0,,3.652,68856044000.0,61200000.0,3.652,ETF close,2.235024,沪深300ETF易方达,SSE
2025-06-17,510310,68882144000.0,,3.65,68917244000.0,-35100000.0,3.65,ETF close,-1.28115,沪深300ETF易方达,SSE
2025-06-18,510310,68856044000.0,,3.654,68882144000.0,-26100000.0,3.654,ETF close,-0.953694,沪深300ETF易方达,SSE
2025-06-19,510310,68769644000.0,,3.624,68856044000.0,-86400000.0,3.624,ETF close,-3.131136,沪深300ETF易方达,SSE
2025-06-20,510310,68808344000.0,,3.628,68769644000.0,38700000.0,3.628,ETF close,1.404036,沪深300ETF易方达,SSE
2025-06-23,510310,68897444000.0,,3.643,68808344000.0,89100000.0,3.643,ETF close,3.245913,沪深300ETF易方达,SSE
2025-06-24,510310,68917244000.0,,3.685,68897444000.0,19800000.0,3.685,ETF close,0.72963,沪深300ETF易方达,SSE
2025-06-25,510310,68832644000.0,,3.748,68917244000.0,-84600000.0,3.748,ETF close,-3.170808,沪深300ETF易方达,SSE
2025-06-26,510310,68727344000.0,,3.735,68832644000.0,-105300000.0,3.735,ETF close,-3.932955,沪深300ETF易方达,SSE
2025-06-27,510310,68515844000.0,,3.711,68727344000.0,-211500000.0,3.711,ETF close,-7.848765,沪深300ETF易方达,SSE
2025-06-30,510310,68268344000.0,,3.732,68515844000.0,-247500000.0,3.732,ETF close,-9.2367,沪深300ETF易方达,SSE
2025-07-01,510310,68237744000.0,,3.737,68268344000.0,-30600000.0,3.737,ETF close,-1.143522,沪深300ETF易方达,SSE
2025-07-02,510310,68226944000.0,,3.743,68237744000.0,-10800000.0,3.743,ETF close,-0.404244,沪深300ETF易方达,SSE
2025-07-03,510310,68202644000.0,,3.764,68226944000.0,-24300000.0,3.764,ETF close,-0.914652,沪深300ETF易方达,SSE
2025-07-04,510310,68163044000.0,,3.78,68202644000.0,-39600000.0,3.78,ETF close,-1.49688,沪深300ETF易方达,SSE
2025-07-07,510310,68112644000.0,,3.762,68163044000.0,-50400000.0,3.762,ETF close,-1.896048,沪深300ETF易方达,SSE
2025-07-08,510310,68138744000.0,,3.795,68112644000.0,26100000.0,3.795,ETF close,0.990495,沪深300ETF易方达,SSE
2025-07-09,510310,68064044000.0,,3.793,68138744000.0,-74700000.0,3.793,ETF close,-2.833371,沪深300ETF易方达,SSE
2025-07-10,510310,68045144000.0,,3.811,68064044000.0,-18900000.0,3.811,ETF close,-0.720279,沪深300ETF易方达,SSE
2025-07-11,510310,68033444000.0,,3.827,68045144000.0,-11700000.0,3.827,ETF close,-0.447759,沪深300ETF易方达,SSE
2025-07-14,510310,67904744000.0,,3.824,68033444000.0,-128700000.0,3.824,ETF close,-4.921488,沪深300ETF易方达,SSE
2025-07-15,510310,67812044000.0,,3.825,67904744000.0,-92700000.0,3.825,ETF close,-3.545775,沪深300ETF易方达,SSE
2025-07-16,510310,67803044000.0,,3.815,67812044000.0,-9000000.0,3.815,ETF close,-0.34335,沪深300ETF易方达,SSE
2025-07-17,510310,67729244000.0,,3.847,67803044000.0,-73800000.0,3.847,ETF close,-2.839086,沪深300ETF易方达,SSE
2025-07-18,510310,67637444000.0,,3.877,67729244000.0,-91800000.0,3.877,ETF close,-3.559086,沪深300ETF易方达,SSE
2025-07-21,510310,67696844000.0,,3.904,67637444000.0,59400000.0,3.904,ETF close,2.318976,沪深300ETF易方达,SSE
2025-07-22,510310,67700444000.0,,3.945,67696844000.0,3600000.0,3.945,ETF close,0.14202,沪深300ETF易方达,SSE
2025-07-23,510310,67715744000.0,,3.942,67700444000.0,15300000.0,3.942,ETF close,0.603126,沪深300ETF易方达,SSE
2025-07-24,510310,67745444000.0,,3.967,67715744000.0,29700000.0,3.967,ETF close,1.178199,沪深300ETF易方达,SSE
2025-07-25,510310,67717544000.0,,3.947,67745444000.0,-27900000.0,3.947,ETF close,-1.101213,沪深300ETF易方达,SSE
2025-07-28,510310,67583444000.0,,3.958,67717544000.0,-134100000.0,3.958,ETF close,-5.307678,沪深300ETF易方达,SSE
2025-07-29,510310,67476344000.0,,3.978,67583444000.0,-107100000.0,3.978,ETF close,-4.260438,沪深300ETF易方达,SSE
2025-07-30,510310,67406144000.0,,3.974,67476344000.0,-70200000.0,3.974,ETF close,-2.789748,沪深300ETF易方达,SSE
2025-07-31,510310,67315244000.0,,3.901,67406144000.0,-90900000.0,3.901,ETF close,-3.546009,沪深300ETF易方达,SSE
2025-08-01,510310,67344944000.0,,3.884,67315244000.0,29700000.0,3.884,ETF close,1.153548,沪深300ETF易方达,SSE
2025-08-04,510310,67330544000.0,,3.896,67344944000.0,-14400000.0,3.896,ETF close,-0.561024,沪深300ETF易方达,SSE
2025-08-05,510310,67294544000.0,,3.928,67330544000.0,-36000000.0,3.928,ETF close,-1.41408,沪深300ETF易方达,SSE
2025-08-06,510310,67317044000.0,,3.937,67294544000.0,22500000.0,3.937,ETF close,0.885825,沪深300ETF易方达,SSE
2025-08-07,510310,67237844000.0,,3.937,67317044000.0,-79200000.0,3.937,ETF close,-3.118104,沪深300ETF易方达,SSE
2025-08-08,510310,67165844000.0,,3.927,67237844000.0,-72000000.0,3.927,ETF close,-2.82744,沪深300ETF易方达,SSE
2025-08-11,510310,67187444000.0,,3.956,67165844000.0,21600000.0,3.956,ETF close,0.854496,沪深300ETF易方达,SSE
2025-08-12,510310,67184744000.0,,3.972,67187444000.0,-2700000.0,3.972,ETF close,-0.107244,沪深300ETF易方达,SSE
2025-08-13,510310,67276544000.0,,4.005,67184744000.0,91800000.0,4.005,ETF close,3.67659,沪深300ETF易方达,SSE
2025-08-14,510310,67245944000.0,,4.002,67276544000.0,-30600000.0,4.002,ETF close,-1.224612,沪深300ETF易方达,SSE
2025-08-15,510310,67292744000.0,,4.034,67245944000.0,46800000.0,4.034,ETF close,1.887912,沪深300ETF易方达,SSE
2025-08-18,510310,67264844000.0,,4.065,67292744000.0,-27900000.0,4.065,ETF close,-1.1341350000000001,沪深300ETF易方达,SSE
2025-08-19,510310,67208144000.0,,4.044,67264844000.0,-56700000.0,4.044,ETF close,-2.2929479999999995,沪深300ETF易方达,SSE
2025-08-20,510310,67111844000.0,,4.101,67208144000.0,-96300000.0,4.101,ETF close,-3.949263,沪深300ETF易方达,SSE
2025-08-21,510310,67044344000.0,,4.114,67111844000.0,-67500000.0,4.114,ETF close,-2.77695,沪深300ETF易方达,SSE
2025-08-22,510310,67128044000.0,,4.213,67044344000.0,83700000.0,4.213,ETF close,3.526281,沪深300ETF易方达,SSE
2025-08-25,510310,67267544000.0,,4.296,67128044000.0,139500000.0,4.296,ETF close,5.99292,沪深300ETF易方达,SSE
2025-08-26,510310,67317944000.0,,4.274,67267544000.0,50400000.0,4.274,ETF close,2.154096,沪深300ETF易方达,SSE
2025-08-27,510310,67290044000.0,,4.211,67317944000.0,-27900000.0,4.211,ETF close,-1.1748690000000002,沪深300ETF易方达,SSE
2025-08-28,510310,67385444000.0,,4.287,67290044000.0,95400000.0,4.287,ETF close,4.089798,沪深300ETF易方达,SSE
2025-08-29,510310,67390844000.0,,4.331,67385444000.0,5400000.0,4.331,ETF close,0.23387400000000003,沪深300ETF易方达,SSE
2025-09-01,510310,67304444000.0,,4.348,67390844000.0,-86400000.0,4.348,ETF close,-3.756672,沪深300ETF易方达,SSE
2025-09-02,510310,67282844000.0,,4.317,67304444000.0,-21600000.0,4.317,ETF close,-0.932472,沪深300ETF易方达,SSE
2025-09-03,510310,67284644000.0,,4.277,67282844000.0,1800000.0,4.277,ETF close,0.076986,沪深300ETF易方达,SSE
2025-09-04,510310,67318844000.0,,4.189,67284644000.0,34200000.0,4.189,ETF close,1.432638,沪深300ETF易方达,SSE
2025-09-05,510310,67326944000.0,,4.287,67318844000.0,8100000.0,4.287,ETF close,0.347247,沪深300ETF易方达,SSE
2025-09-08,510310,67295444000.0,,4.289,67326944000.0,-31500000.0,4.289,ETF close,-1.351035,沪深300ETF易方达,SSE
2025-09-09,510310,67169444000.0,,4.261,67295444000.0,-126000000.0,4.261,ETF close,-5.36886,沪深300ETF易方达,SSE
2025-09-10,510310,67128944000.0,,4.27,67169444000.0,-40500000.0,4.27,ETF close,-1.7293499999999997,沪深300ETF易方达,SSE
2025-09-11,510310,67137044000.0,,4.387,67128944000.0,8100000.0,4.387,ETF close,0.355347,沪深300ETF易方达,SSE
2025-09-12,510310,67130744000.0,,4.348,67137044000.0,-6300000.0,4.348,ETF close,-0.273924,沪深300ETF易方达,SSE
2025-09-15,510310,67060544000.0,,4.356,67130744000.0,-70200000.0,4.356,ETF close,-3.057912,沪深300ETF易方达,SSE
2025-09-16,510310,67058744000.0,,4.349,67060544000.0,-1800000.0,4.349,ETF close,-0.078282,沪深300ETF易方达,SSE
2025-09-17,510310,67052444000.0,,4.379,67058744000.0,-6300000.0,4.379,ETF close,-0.275877,沪深300ETF易方达,SSE
2025-09-18,510310,66971444000.0,,4.331,67052444000.0,-81000000.0,4.331,ETF close,-3.5081100000000007,沪深300ETF易方达,SSE
2025-09-19,510310,66966944000.0,,4.336,66971444000.0,-4500000.0,4.336,ETF close,-0.19512,沪深300ETF易方达,SSE
2025-09-22,510310,66839144000.0,,4.349,66966944000.0,-127800000.0,4.349,ETF close,-5.558022,沪深300ETF易方达,SSE
2025-09-23,510310,66757244000.0,,4.349,66839144000.0,-81900000.0,4.349,ETF close,-3.561831,沪深300ETF易方达,SSE
2025-09-24,510310,66723944000.0,,4.388,66757244000.0,-33300000.0,4.388,ETF close,-1.461204,沪深300ETF易方达,SSE
2025-09-25,510310,66692444000.0,,4.418,66723944000.0,-31500000.0,4.418,ETF close,-1.39167,沪深300ETF易方达,SSE
2025-09-26,510310,66683444000.0,,4.377,66692444000.0,-9000000.0,4.377,ETF close,-0.39393,沪深300ETF易方达,SSE
2025-09-29,510310,66737444000.0,,4.452,66683444000.0,54000000.0,4.452,ETF close,2.40408,沪深300ETF易方达,SSE
2025-09-30,510310,66728444000.0,,4.466,66737444000.0,-9000000.0,4.466,ETF close,-0.40194,沪深300ETF易方达,SSE
2025-10-09,510310,66797744000.0,,4.535,66728444000.0,69300000.0,4.535,ETF close,3.142755,沪深300ETF易方达,SSE
2025-10-10,510310,66741044000.0,,4.446,66797744000.0,-56700000.0,4.446,ETF close,-2.520882,沪深300ETF易方达,SSE
2025-10-13,510310,66981344000.0,,4.419,66741044000.0,240300000.0,4.419,ETF close,10.618856999999998,沪深300ETF易方达,SSE
2025-10-14,510310,66954344000.0,,4.373,66981344000.0,-27000000.0,4.373,ETF close,-1.18071,沪深300ETF易方达,SSE
2025-10-15,510310,66996644000.0,,4.434,66954344000.0,42300000.0,4.434,ETF close,1.875582,沪深300ETF易方达,SSE
2025-10-16,510310,67009244000.0,,4.447,66996644000.0,12600000.0,4.447,ETF close,0.560322,沪深300ETF易方达,SSE
2025-10-17,510310,67072244000.0,,4.36,67009244000.0,63000000.0,4.36,ETF close,2.7468,沪深300ETF易方达,SSE
2025-10-20,510310,67108244000.0,,4.367,67072244000.0,36000000.0,4.367,ETF close,1.57212,沪深300ETF易方达,SSE
2025-10-21,510310,67047944000.0,,4.439,67108244000.0,-60300000.0,4.439,ETF close,-2.676717,沪深300ETF易方达,SSE
2025-10-22,510310,66979544000.0,,4.42,67047944000.0,-68400000.0,4.42,ETF close,-3.02328,沪深300ETF易方达,SSE
2025-10-23,510310,66920144000.0,,4.438,66979544000.0,-59400000.0,4.438,ETF close,-2.6361719999999997,沪深300ETF易方达,SSE
2025-10-24,510310,66869744000.0,,4.493,66920144000.0,-50400000.0,4.493,ETF close,-2.2644720000000005,沪深300ETF易方达,SSE
2025-10-27,510310,66835544000.0,,4.547,66869744000.0,-34200000.0,4.547,ETF close,-1.555074,沪深300ETF易方达,SSE
2025-10-28,510310,66857144000.0,,4.524,66835544000.0,21600000.0,4.524,ETF close,0.977184,沪深300ETF易方达,SSE
2025-10-29,510310,66884144000.0,,4.584,66857144000.0,27000000.0,4.584,ETF close,1.23768,沪深300ETF易方达,SSE
2025-10-30,510310,66851744000.0,,4.545,66884144000.0,-32400000.0,4.545,ETF close,-1.47258,沪深300ETF易方达,SSE
2025-10-31,510310,66971444000.0,,4.482,66851744000.0,119700000.0,4.482,ETF close,5.364954,沪深300ETF易方达,SSE
2025-11-03,510310,66940844000.0,,4.488,66971444000.0,-30600000.0,4.488,ETF close,-1.373328,沪深300ETF易方达,SSE
2025-11-04,510310,66732044000.0,,4.455,66940844000.0,-208800000.0,4.455,ETF close,-9.30204,沪深300ETF易方达,SSE
2025-11-05,510310,66683444000.0,,4.462,66732044000.0,-48600000.0,4.462,ETF close,-2.168532,沪深300ETF易方达,SSE
2025-11-06,510310,66680744000.0,,4.528,66683444000.0,-2700000.0,4.528,ETF close,-0.12225599999999998,沪深300ETF易方达,SSE
2025-11-07,510310,66665444000.0,,4.518,66680744000.0,-15300000.0,4.518,ETF close,-0.691254,沪深300ETF易方达,SSE
2025-11-10,510310,66653744000.0,,4.53,66665444000.0,-11700000.0,4.53,ETF close,-0.53001,沪深300ETF易方达,SSE
2025-11-11,510310,66617744000.0,,4.487,66653744000.0,-36000000.0,4.487,ETF close,-1.61532,沪深300ETF易方达,SSE
2025-11-12,510310,66568244000.0,,4.49,66617744000.0,-49500000.0,4.49,ETF close,-2.22255,沪深300ETF易方达,SSE
2025-11-13,510310,66483644000.0,,4.536,66568244000.0,-84600000.0,4.536,ETF close,-3.8374559999999995,沪深300ETF易方达,SSE
2025-11-14,510310,66446744000.0,,4.464,66483644000.0,-36900000.0,4.464,ETF close,-1.6472160000000002,沪深300ETF易方达,SSE
2025-11-17,510310,66436844000.0,,4.437,66446744000.0,-9900000.0,4.437,ETF close,-0.439263,沪深300ETF易方达,SSE
2025-11-18,510310,66453044000.0,,4.41,66436844000.0,16200000.0,4.41,ETF close,0.71442,沪深300ETF易方达,SSE
2025-11-19,510310,66426044000.0,,4.429,66453044000.0,-27000000.0,4.429,ETF close,-1.19583,沪深300ETF易方达,SSE
2025-11-20,510310,66363044000.0,,4.405,66426044000.0,-63000000.0,4.405,ETF close,-2.77515,沪深300ETF易方达,SSE
2025-11-21,510310,66365744000.0,,4.299,66363044000.0,2700000.0,4.299,ETF close,0.11607300000000002,沪深300ETF易方达,SSE
2025-11-24,510310,66480044000.0,,4.294,66365744000.0,114300000.0,4.294,ETF close,4.908041999999999,沪深300ETF易方达,SSE
2025-11-25,510310,66440444000.0,,4.329,66480044000.0,-39600000.0,4.329,ETF close,-1.714284,沪深300ETF易方达,SSE
2025-11-26,510310,66364844000.0,,4.36,66440444000.0,-75600000.0,4.36,ETF close,-3.29616,沪深300ETF易方达,SSE
2025-11-27,510310,66336044000.0,,4.351,66364844000.0,-28800000.0,4.351,ETF close,-1.253088,沪深300ETF易方达,SSE
2025-11-28,510310,66352244000.0,,4.366,66336044000.0,16200000.0,4.366,ETF close,0.707292,沪深300ETF易方达,SSE
2025-12-01,510310,66312644000.0,,4.415,66352244000.0,-39600000.0,4.415,ETF close,-1.74834,沪深300ETF易方达,SSE
2025-12-02,510310,66297344000.0,,4.395,66312644000.0,-15300000.0,4.395,ETF close,-0.672435,沪深300ETF易方达,SSE
2025-12-03,510310,66290144000.0,,4.375,66297344000.0,-7200000.0,4.375,ETF close,-0.315,沪深300ETF易方达,SSE
2025-12-04,510310,66321644000.0,,4.387,66290144000.0,31500000.0,4.387,ETF close,1.381905,沪深300ETF易方达,SSE
2025-12-05,510310,66372944000.0,,4.424,66321644000.0,51300000.0,4.424,ETF close,2.269512,沪深300ETF易方达,SSE
2025-12-08,510310,66416144000.0,,4.459,66372944000.0,43200000.0,4.459,ETF close,1.9262879999999998,沪深300ETF易方达,SSE
2025-12-09,510310,66331544000.0,,4.435,66416144000.0,-84600000.0,4.435,ETF close,-3.7520099999999994,沪深300ETF易方达,SSE
2025-12-10,510310,66280244000.0,,4.428,66331544000.0,-51300000.0,4.428,ETF close,-2.271564,沪深300ETF易方达,SSE
2025-12-11,510310,66278444000.0,,4.398,66280244000.0,-1800000.0,4.398,ETF close,-0.07916399999999998,沪深300ETF易方达,SSE
2025-12-12,510310,66362144000.0,,4.421,66278444000.0,83700000.0,4.421,ETF close,3.700377,沪深300ETF易方达,SSE
2025-12-15,510310,66342344000.0,,4.395,66362144000.0,-19800000.0,4.395,ETF close,-0.8702099999999998,沪深300ETF易方达,SSE
2025-12-16,510310,66351344000.0,,4.349,66342344000.0,9000000.0,4.349,ETF close,0.39141,沪深300ETF易方达,SSE
2025-12-17,510310,66426044000.0,,4.424,66351344000.0,74700000.0,4.424,ETF close,3.304728,沪深300ETF易方达,SSE
2025-12-18,510310,66426944000.0,,4.395,66426044000.0,900000.0,4.395,ETF close,0.03955499999999999,沪深300ETF易方达,SSE
2025-12-19,510310,66398144000.0,,4.416,66426944000.0,-28800000.0,4.416,ETF close,-1.271808,沪深300ETF易方达,SSE
2025-12-22,510310,66207344000.0,,4.458,66398144000.0,-190800000.0,4.458,ETF close,-8.505864,沪深300ETF易方达,SSE
2025-12-23,510310,66106544000.0,,4.464,66207344000.0,-100800000.0,4.464,ETF close,-4.499712000000001,沪深300ETF易方达,SSE
2025-12-24,510310,66130844000.0,,4.484,66106544000.0,24300000.0,4.484,ETF close,1.089612,沪深300ETF易方达,SSE
2025-12-25,510310,66116444000.0,,4.488,66130844000.0,-14400000.0,4.488,ETF close,-0.6462720000000001,沪深300ETF易方达,SSE
2025-12-26,510310,66153344000.0,,4.507,66116444000.0,36900000.0,4.507,ETF close,1.663083,沪深300ETF易方达,SSE
2025-12-29,510310,66018344000.0,,4.485,66153344000.0,-135000000.0,4.485,ETF close,-6.05475,沪深300ETF易方达,SSE
2025-12-30,510310,66002144000.0,,4.496,66018344000.0,-16200000.0,4.496,ETF close,-0.728352,沪深300ETF易方达,SSE
2025-12-31,510310,65853644000.0,,4.479,66002144000.0,-148500000.0,4.479,ETF close,-6.651315,沪深300ETF易方达,SSE
2026-01-05,510310,65969744000.0,,4.565,65853644000.0,116100000.0,4.565,ETF close,5.299965,沪深300ETF易方达,SSE
2026-01-06,510310,65983244000.0,,4.639,65969744000.0,13500000.0,4.639,ETF close,0.626265,沪深300ETF易方达,SSE
2026-01-07,510310,65926544000.0,,4.62,65983244000.0,-56700000.0,4.62,ETF close,-2.61954,沪深300ETF易方达,SSE
2026-01-08,510310,65921144000.0,,4.582,65926544000.0,-5400000.0,4.582,ETF close,-0.247428,沪深300ETF易方达,SSE
2026-01-09,510310,65934644000.0,,4.605,65921144000.0,13500000.0,4.605,ETF close,0.6216750000000001,沪深300ETF易方达,SSE
2026-01-12,510310,65813144000.0,,4.633,65934644000.0,-121500000.0,4.633,ETF close,-5.629095,沪深300ETF易方达,SSE
2026-01-13,510310,65710544000.0,,4.61,65813144000.0,-102600000.0,4.61,ETF close,-4.72986,沪深300ETF易方达,SSE
2026-01-14,510310,65505344000.0,,4.586,65710544000.0,-205200000.0,4.586,ETF close,-9.410472,沪深300ETF易方达,SSE
2026-01-15,510310,64113944000.0,,4.596,65505344000.0,-1391400000.0,4.596,ETF close,-63.948744,沪深300ETF易方达,SSE
2026-01-16,510310,62414744000.0,,4.586,64113944000.0,-1699200000.0,4.586,ETF close,-77.925312,沪深300ETF易方达,SSE
2026-01-19,510310,61218644000.0,,4.581,62414744000.0,-1196100000.0,4.581,ETF close,-54.79334100000001,沪深300ETF易方达,SSE
2026-01-20,510310,59718344000.0,,4.569,61218644000.0,-1500300000.0,4.569,ETF close,-68.548707,沪深300ETF易方达,SSE
2026-01-21,510310,56698844000.0,,4.572,59718344000.0,-3019500000.0,4.572,ETF close,-138.05154,沪深300ETF易方达,SSE
2026-01-22,510310,53355344000.0,,4.569,56698844000.0,-3343500000.0,4.569,ETF close,-152.764515,沪深300ETF易方达,SSE
2026-01-23,510310,48859844000.0,,4.548,53355344000.0,-4495500000.0,4.548,ETF close,-204.45534,沪深300ETF易方达,SSE
2026-01-26,510310,43849544000.0,,4.558,48859844000.0,-5010300000.0,4.558,ETF close,-228.369474,沪深300ETF易方达,SSE
2026-01-27,510310,41232344000.0,,4.554,43849544000.0,-2617200000.0,4.554,ETF close,-119.187288,沪深300ETF易方达,SSE
2026-01-28,510310,34965644000.0,,4.567,41232344000.0,-6266700000.0,4.567,ETF close,-286.200189,沪深300ETF易方达,SSE
2026-01-29,510310,33000944000.0,,4.611,34965644000.0,-1964700000.0,4.611,ETF close,-90.592317,沪深300ETF易方达,SSE
2026-01-30,510310,32475344000.0,,4.554,33000944000.0,-525600000.0,4.554,ETF close,-23.935824,沪深300ETF易方达,SSE
2026-02-02,510310,32368244000.0,,4.455,32475344000.0,-107100000.0,4.455,ETF close,-4.771305,沪深300ETF易方达,SSE
2026-02-03,510310,32525744000.0,,4.512,32368244000.0,157500000.0,4.512,ETF close,7.106399999999999,沪深300ETF易方达,SSE
2026-02-04,510310,32446544000.0,,4.553,32525744000.0,-79200000.0,4.553,ETF close,-3.605976,沪深300ETF易方达,SSE
2026-02-05,510310,32514044000.0,,4.523,32446544000.0,67500000.0,4.523,ETF close,3.053025,沪深300ETF易方达,SSE
2026-02-06,510310,32568944000.0,,4.496,32514044000.0,54900000.0,4.496,ETF close,2.4683040000000003,沪深300ETF易方达,SSE
2026-02-09,510310,32569844000.0,,4.571,32568944000.0,900000.0,4.571,ETF close,0.041138999999999995,沪深300ETF易方达,SSE
2026-02-10,510310,32469044000.0,,4.579,32569844000.0,-100800000.0,4.579,ETF close,-4.615632,沪深300ETF易方达,SSE
2026-02-11,510310,32410544000.0,,4.569,32469044000.0,-58500000.0,4.569,ETF close,-2.672865,沪深300ETF易方达,SSE
2026-02-12,510310,32373644000.0,,4.572,32410544000.0,-36900000.0,4.572,ETF close,-1.687068,沪深300ETF易方达,SSE
2026-02-13,510310,32201744000.0,,4.522,32373644000.0,-171900000.0,4.522,ETF close,-7.773318,沪深300ETF易方达,SSE
2026-02-24,510310,32180144000.0,,4.562,32201744000.0,-21600000.0,4.562,ETF close,-0.985392,沪深300ETF易方达,SSE
2026-02-25,510310,32181044000.0,,4.589,32180144000.0,900000.0,4.589,ETF close,0.041301000000000004,沪深300ETF易方达,SSE
2026-02-26,510310,31995644000.0,,4.581,32181044000.0,-185400000.0,4.581,ETF close,-8.493174000000002,沪深300ETF易方达,SSE
2026-02-27,510310,31969544000.0,,4.571,31995644000.0,-26100000.0,4.571,ETF close,-1.193031,沪深300ETF易方达,SSE
2026-03-02,510310,31801244000.0,,4.584,31969544000.0,-168300000.0,4.584,ETF close,-7.714871999999999,沪深300ETF易方达,SSE
2026-03-03,510310,31669844000.0,,4.527,31801244000.0,-131400000.0,4.527,ETF close,-5.948478,沪深300ETF易方达,SSE
2026-03-04,510310,31752644000.0,,4.46,31669844000.0,82800000.0,4.46,ETF close,3.69288,沪深300ETF易方达,SSE
2026-03-05,510310,31769744000.0,,4.503,31752644000.0,17100000.0,4.503,ETF close,0.770013,沪深300ETF易方达,SSE
2026-03-06,510310,31785944000.0,,4.518,31769744000.0,16200000.0,4.518,ETF close,0.731916,沪深300ETF易方达,SSE
2026-03-09,510310,31785944000.0,,4.475,31785944000.0,0.0,4.475,ETF close,0.0,沪深300ETF易方达,SSE
2026-03-10,510310,31729244000.0,,4.53,31785944000.0,-56700000.0,4.53,ETF close,-2.56851,沪深300ETF易方达,SSE
2026-03-11,510310,31654544000.0,,4.558,31729244000.0,-74700000.0,4.558,ETF close,-3.404826,沪深300ETF易方达,SSE
2026-03-12,510310,31608644000.0,,4.543,31654544000.0,-45900000.0,4.543,ETF close,-2.085237,沪深300ETF易方达,SSE
2026-03-13,510310,31619444000.0,,4.53,31608644000.0,10800000.0,4.53,ETF close,0.48924,沪深300ETF易方达,SSE
2026-03-16,510310,31651844000.0,,4.526,31619444000.0,32400000.0,4.526,ETF close,1.466424,沪深300ETF易方达,SSE
2026-03-17,510310,31629344000.0,,4.499,31651844000.0,-22500000.0,4.499,ETF close,-1.0122749999999998,沪深300ETF易方达,SSE
2026-03-18,510310,31632944000.0,,4.512,31629344000.0,3600000.0,4.512,ETF close,0.162432,沪深300ETF易方达,SSE
2026-03-19,510310,31702244000.0,,4.448,31632944000.0,69300000.0,4.448,ETF close,3.082464,沪深300ETF易方达,SSE
2026-03-20,510310,31705844000.0,,4.432,31702244000.0,3600000.0,4.432,ETF close,0.15955200000000003,沪深300ETF易方达,SSE
2026-03-23,510310,31870544000.0,,4.288,31705844000.0,164700000.0,4.288,ETF close,7.062336,沪深300ETF易方达,SSE
2026-03-24,510310,31875044000.0,,4.332,31870544000.0,4500000.0,4.332,ETF close,0.19494,沪深300ETF易方达,SSE
2026-03-25,510310,31836344000.0,,4.395,31875044000.0,-38700000.0,4.395,ETF close,-1.7008649999999996,沪深300ETF易方达,SSE
2026-03-26,510310,31799444000.0,,4.343,31836344000.0,-36900000.0,4.343,ETF close,-1.602567,沪深300ETF易方达,SSE
2026-03-27,510310,31839944000.0,,4.363,31799444000.0,40500000.0,4.363,ETF close,1.7670150000000002,沪深300ETF易方达,SSE
2026-03-30,510310,31797644000.0,,4.357,31839944000.0,-42300000.0,4.357,ETF close,-1.843011,沪深300ETF易方达,SSE
2026-03-31,510310,31699544000.0,,4.318,31797644000.0,-98100000.0,4.318,ETF close,-4.235957999999999,沪深300ETF易方达,SSE
2026-04-01,510310,31673444000.0,,4.386,31699544000.0,-26100000.0,4.386,ETF close,-1.144746,沪深300ETF易方达,SSE
2026-04-02,510310,31633844000.0,,4.342,31673444000.0,-39600000.0,4.342,ETF close,-1.719432,沪深300ETF易方达,SSE
2026-04-03,510310,31637444000.0,,4.309,31633844000.0,3600000.0,4.309,ETF close,0.155124,沪深300ETF易方达,SSE
2026-04-07,510310,31640144000.0,,4.303,31637444000.0,2700000.0,4.303,ETF close,0.116181,沪深300ETF易方达,SSE
2026-04-08,510310,31658144000.0,,4.455,31640144000.0,18000000.0,4.455,ETF close,0.8019,沪深300ETF易方达,SSE
2026-04-09,510310,31565444000.0,,4.423,31658144000.0,-92700000.0,4.423,ETF close,-4.100121,沪深300ETF易方达,SSE
2026-04-10,510310,31350344000.0,,4.49,31565444000.0,-215100000.0,4.49,ETF close,-9.65799,沪深300ETF易方达,SSE
2026-04-13,510310,31285544000.0,,4.505,31350344000.0,-64800000.0,4.505,ETF close,-2.91924,沪深300ETF易方达,SSE
2026-04-14,510310,31319744000.0,,4.56,31285544000.0,34200000.0,4.56,ETF close,1.55952,沪深300ETF易方达,SSE
2026-04-15,510310,31380944000.0,,4.541,31319744000.0,61200000.0,4.541,ETF close,2.779092,沪深300ETF易方达,SSE
2026-04-16,510310,31396244000.0,,4.591,31380944000.0,15300000.0,4.591,ETF close,0.702423,沪深300ETF易方达,SSE
2026-04-17,510310,31334144000.0,,4.586,31396244000.0,-62100000.0,4.586,ETF close,-2.847906,沪深300ETF易方达,SSE
2026-04-20,510310,31293644000.0,,4.612,31334144000.0,-40500000.0,4.612,ETF close,-1.86786,沪深300ETF易方达,SSE
2026-04-21,510310,31157744000.0,,4.622,31293644000.0,-135900000.0,4.622,ETF close,-6.281298,沪深300ETF易方达,SSE
2026-04-22,510310,31055144000.0,,4.658,31157744000.0,-102600000.0,4.658,ETF close,-4.779108000000001,沪深300ETF易方达,SSE
2026-04-23,510310,30822944000.0,,4.647,31055144000.0,-232200000.0,4.647,ETF close,-10.790334,沪深300ETF易方达,SSE
2026-04-24,510310,30807644000.0,,4.627,30822944000.0,-15300000.0,4.627,ETF close,-0.707931,沪深300ETF易方达,SSE
2026-04-27,510310,30598844000.0,,4.625,30807644000.0,-208800000.0,4.625,ETF close,-9.657,沪深300ETF易方达,SSE
2026-04-28,510310,30415244000.0,,4.616,30598844000.0,-183600000.0,4.616,ETF close,-8.474975999999998,沪深300ETF易方达,SSE
2026-04-29,510310,30152444000.0,,4.665,30415244000.0,-262800000.0,4.665,ETF close,-12.25962,沪深300ETF易方达,SSE
2026-04-30,510310,29693444000.0,,4.67,30152444000.0,-459000000.0,4.67,ETF close,-21.4353,沪深300ETF易方达,SSE
2026-05-06,510310,29198444000.0,,4.731,29693444000.0,-495000000.0,4.731,ETF close,-23.41845,沪深300ETF易方达,SSE
2026-05-07,510310,28725944000.0,,4.755,29198444000.0,-472500000.0,4.755,ETF close,-22.467375,沪深300ETF易方达,SSE
2026-05-08,510310,28219244000.0,,4.729,28725944000.0,-506700000.0,4.729,ETF close,-23.961843,沪深300ETF易方达,SSE
2026-05-11,510310,27433544000.0,,4.809,28219244000.0,-785700000.0,4.809,ETF close,-37.784313,沪深300ETF易方达,SSE
2026-05-12,510310,26773844000.0,,4.804,27433544000.0,-659700000.0,4.804,ETF close,-31.691988,沪深300ETF易方达,SSE
2026-05-13,510310,26267144000.0,,4.857,26773844000.0,-506700000.0,4.857,ETF close,-24.610419,沪深300ETF易方达,SSE
2026-05-14,510310,25810844000.0,,4.782,26267144000.0,-456300000.0,4.782,ETF close,-21.820266,沪深300ETF易方达,SSE
2026-05-15,510310,25719044000.0,,4.722,25810844000.0,-91800000.0,4.722,ETF close,-4.334796000000001,沪深300ETF易方达,SSE
2026-05-18,510310,25583144000.0,,4.697,25719044000.0,-135900000.0,4.697,ETF close,-6.383223,沪深300ETF易方达,SSE
2026-05-19,510310,25185344000.0,,4.717,25583144000.0,-397800000.0,4.717,ETF close,-18.764225999999997,沪深300ETF易方达,SSE
2026-05-20,510310,24927044000.0,,4.713,25185344000.0,-258300000.0,4.713,ETF close,-12.173679,沪深300ETF易方达,SSE
2026-05-21,510310,24446444000.0,,4.654,24927044000.0,-480600000.0,4.654,ETF close,-22.367124,沪深300ETF易方达,SSE
2026-05-22,510310,23973944000.0,,4.71,24446444000.0,-472500000.0,4.71,ETF close,-22.25475,沪深300ETF易方达,SSE
2026-05-25,510310,22965944000.0,,4.784,23973944000.0,-1008000000.0,4.784,ETF close,-48.22272,沪深300ETF易方达,SSE
2026-05-26,510310,22320644000.0,,4.814,22965944000.0,-645300000.0,4.814,ETF close,-31.064742,沪深300ETF易方达,SSE
2026-05-27,510310,22120844000.0,,4.768,22320644000.0,-199800000.0,4.768,ETF close,-9.526464,沪深300ETF易方达,SSE
2026-05-28,510310,22100144000.0,,4.776,22120844000.0,-20700000.0,4.776,ETF close,-0.988632,沪深300ETF易方达,SSE
2026-05-29,510310,22109144000.0,,4.777,22100144000.0,9000000.0,4.777,ETF close,0.42993,沪深300ETF易方达,SSE
2026-06-01,510310,22122644000.0,,4.713,22109144000.0,13500000.0,4.713,ETF close,0.636255,沪深300ETF易方达,SSE
2026-06-02,510310,22100144000.0,,4.776,22122644000.0,-22500000.0,4.776,ETF close,-1.0746,沪深300ETF易方达,SSE
2026-06-03,510310,22049744000.0,,4.807,22100144000.0,-50400000.0,4.807,ETF close,-2.422728,沪深300ETF易方达,SSE
2026-06-04,510310,21899444000.0,,4.774,22049744000.0,-150300000.0,4.774,ETF close,-7.175322,沪深300ETF易方达,SSE
2026-06-05,510310,21995744000.0,,4.687,21899444000.0,96300000.0,4.687,ETF close,4.513581,沪深300ETF易方达,SSE
2026-06-08,510310,22299944000.0,,4.593,21995744000.0,304200000.0,4.593,ETF close,13.971906,沪深300ETF易方达,SSE
2026-06-09,510310,22268444000.0,,4.67,22299944000.0,-31500000.0,4.67,ETF close,-1.47105,沪深300ETF易方达,SSE
2026-06-10,510310,22306244000.0,,4.632,22268444000.0,37800000.0,4.632,ETF close,1.750896,沪深300ETF易方达,SSE
2026-06-11,510310,22319744000.0,,4.599,22306244000.0,13500000.0,4.599,ETF close,0.620865,沪深300ETF易方达,SSE
2026-06-12,510310,22206344000.0,,4.666,22319744000.0,-113400000.0,4.666,ETF close,-5.291244000000001,沪深300ETF易方达,SSE
2026-06-15,510310,21475544000.0,,4.763,22206344000.0,-730800000.0,4.763,ETF close,-34.808004,沪深300ETF易方达,SSE
2026-06-16,510310,20565644000.0,,4.758,21475544000.0,-909900000.0,4.758,ETF close,-43.293042,沪深300ETF易方达,SSE
2026-06-17,510310,19510844000.0,,4.806,20565644000.0,-1054800000.0,4.806,ETF close,-50.693688,沪深300ETF易方达,SSE
2026-06-18,510310,19000544000.0,,4.828,19510844000.0,-510300000.0,4.828,ETF close,-24.637284,沪深300ETF易方达,SSE
2026-06-22,510310,18380444000.0,,4.933,19000544000.0,-620100000.0,4.933,ETF close,-30.589533,沪深300ETF易方达,SSE
2026-06-23,510310,17021444000.0,,4.796,18380444000.0,-1359000000.0,4.796,ETF close,-65.17764,沪深300ETF易方达,SSE
2026-06-24,510310,15741644000.0,,4.817,17021444000.0,-1279800000.0,4.817,ETF close,-61.647966,沪深300ETF易方达,SSE
2026-06-25,510310,13868744000.0,,4.894,15741644000.0,-1872900000.0,4.894,ETF close,-91.659726,沪深300ETF易方达,SSE
2026-06-26,510310,13886744000.0,,4.764,13868744000.0,18000000.0,4.764,ETF close,0.85752,沪深300ETF易方达,SSE
2026-06-29,510310,13210844000.0,,4.811,13886744000.0,-675900000.0,4.811,ETF close,-32.517549,沪深300ETF易方达,SSE
2026-06-30,510310,11600744000.0,,4.88,13210844000.0,-1610100000.0,4.88,ETF close,-78.57288,沪深300ETF易方达,SSE
2026-07-01,510310,11335244000.0,,4.841,11600744000.0,-265500000.0,4.841,ETF close,-12.852855,沪深300ETF易方达,SSE
2026-07-02,510310,10822244000.0,,4.695,11335244000.0,-513000000.0,4.695,ETF close,-24.08535,沪深300ETF易方达,SSE
2026-07-03,510310,9175244000.0,,4.731,10822244000.0,-1647000000.0,4.731,ETF close,-77.91957,沪深300ETF易方达,SSE
2026-07-06,510310,9121244000.0,,4.729,9175244000.0,-54000000.0,4.729,ETF close,-2.55366,沪深300ETF易方达,SSE
2026-07-07,510310,9129344000.0,,4.68,9121244000.0,8100000.0,4.68,ETF close,0.37908,沪深300ETF易方达,SSE
2026-07-08,510310,9169844000.0,,4.657,9129344000.0,40500000.0,4.657,ETF close,1.886085,沪深300ETF易方达,SSE
2026-07-09,510310,9177944000.0,,4.768,9169844000.0,8100000.0,4.768,ETF close,0.386208,沪深300ETF易方达,SSE
2026-07-10,510310,9177044000.0,,4.687,9177944000.0,-900000.0,4.687,ETF close,-0.042183,沪深300ETF易方达,SSE
2026-07-13,510310,9428144000.0,,4.601,9177044000.0,251100000.0,4.601,ETF close,11.553111,沪深300ETF易方达,SSE
2026-07-14,510310,9660344000.0,,4.703,9428144000.0,232200000.0,4.703,ETF close,10.920366,沪深300ETF易方达,SSE
2026-07-15,510310,9753944000.0,,4.695,9660344000.0,93600000.0,4.695,ETF close,4.39452,沪深300ETF易方达,SSE
2026-07-16,510310,9969944000.0,,4.612,9753944000.0,216000000.0,4.612,ETF close,9.96192,沪深300ETF易方达,SSE
2026-07-17,510310,10621544000.0,,4.455,9969944000.0,651600000.0,4.455,ETF close,29.02878,沪深300ETF易方达,SSE
2026-07-20,510310,11019344000.0,,4.52,10621544000.0,397800000.0,4.52,ETF close,17.980559999999997,沪深300ETF易方达,SSE
2026-07-21,510310,11144444000.0,,4.648,11019344000.0,125100000.0,4.648,ETF close,5.814648,沪深300ETF易方达,SSE
2026-07-22,510310,11163344000.0,,4.621,11144444000.0,18900000.0,4.621,ETF close,0.8733690000000002,沪深300ETF易方达,SSE
2026-07-23,510310,11184944000.0,,4.647,11163344000.0,21600000.0,4.647,ETF close,1.003752,沪深300ETF易方达,SSE
2026-07-24,510310,11281244000.0,,4.562,11184944000.0,96300000.0,4.562,ETF close,4.393206,沪深300ETF易方达,SSE
2026-07-27,510310,11356844000.0,,4.617,11281244000.0,75600000.0,4.617,ETF close,3.490452,沪深300ETF易方达,SSE
2026-07-28,510310,11460344000.0,,4.491,11356844000.0,103500000.0,4.491,ETF close,4.648185,沪深300ETF易方达,SSE
2026-07-29,510310,11574644000.0,,4.523,11460344000.0,114300000.0,4.523,ETF close,5.169789,沪深300ETF易方达,SSE
2026-07-30,510310,11658344000.0,,4.473,11574644000.0,83700000.0,4.473,ETF close,3.743901,沪深300ETF易方达,SSE
2026-07-31,510310,11662844000.0,,4.514,11658344000.0,4500000.0,4.514,ETF close,0.20313,沪深300ETF易方达,SSE
2026-08-03,510310,11796044000.0,,4.468,11662844000.0,133200000.0,4.468,ETF close,5.951376,沪深300ETF易方达,SSE
2025-01-02,510330,39867549800.0,,3.875,,,3.875,ETF close,,沪深300ETF华夏,SSE
2025-01-03,510330,39946749800.0,,3.837,39867549800.0,79200000.0,3.837,ETF close,3.038904,沪深300ETF华夏,SSE
2025-01-06,510330,39990849800.0,,3.817,39946749800.0,44100000.0,3.817,ETF close,1.683297,沪深300ETF华夏,SSE
2025-01-07,510330,40091649800.0,,3.847,39990849800.0,100800000.0,3.847,ETF close,3.877776,沪深300ETF华夏,SSE
2025-01-08,510330,40323849800.0,,3.837,40091649800.0,232200000.0,3.837,ETF close,8.909514,沪深300ETF华夏,SSE
2025-01-09,510330,40430949800.0,,3.831,40323849800.0,107100000.0,3.831,ETF close,4.103001,沪深300ETF华夏,SSE
2025-01-10,510330,40657749800.0,,3.79,40430949800.0,226800000.0,3.79,ETF close,8.59572,沪深300ETF华夏,SSE
2025-01-13,510330,40798149800.0,,3.773,40657749800.0,140400000.0,3.773,ETF close,5.297292,沪深300ETF华夏,SSE
2025-01-14,510330,40939449800.0,,3.87,40798149800.0,141300000.0,3.87,ETF close,5.46831,沪深300ETF华夏,SSE
2025-01-15,510330,40937649800.0,,3.847,40939449800.0,-1800000.0,3.847,ETF close,-0.069246,沪深300ETF华夏,SSE
2025-01-16,510330,40939449800.0,,3.851,40937649800.0,1800000.0,3.851,ETF close,0.069318,沪深300ETF华夏,SSE
2025-01-17,510330,41035749800.0,,3.864,40939449800.0,96300000.0,3.864,ETF close,3.721032,沪深300ETF华夏,SSE
2025-01-20,510330,41050149800.0,,3.881,41035749800.0,14400000.0,3.881,ETF close,0.558864,沪深300ETF华夏,SSE
2025-01-21,510330,41023149800.0,,3.886,41050149800.0,-27000000.0,3.886,ETF close,-1.04922,沪深300ETF华夏,SSE
2025-01-22,510330,41017749800.0,,3.852,41023149800.0,-5400000.0,3.852,ETF close,-0.208008,沪深300ETF华夏,SSE
2025-01-23,510330,41042949800.0,,3.864,41017749800.0,25200000.0,3.864,ETF close,0.973728,沪深300ETF华夏,SSE
2025-01-24,510330,41092449800.0,,3.893,41042949800.0,49500000.0,3.893,ETF close,1.927035,沪深300ETF华夏,SSE
2025-01-27,510330,40959249800.0,,3.876,41092449800.0,-133200000.0,3.876,ETF close,-5.162832,沪深300ETF华夏,SSE
2025-02-05,510330,40928649800.0,,3.852,40959249800.0,-30600000.0,3.852,ETF close,-1.178712,沪深300ETF华夏,SSE
2025-02-06,510330,40988049800.0,,3.897,40928649800.0,59400000.0,3.897,ETF close,2.314818,沪深300ETF华夏,SSE
2025-02-07,510330,41044749800.0,,3.953,40988049800.0,56700000.0,3.953,ETF close,2.241351,沪深300ETF华夏,SSE
2025-02-10,510330,40995249800.0,,3.958,41044749800.0,-49500000.0,3.958,ETF close,-1.95921,沪深300ETF华夏,SSE
2025-02-11,510330,40943949800.0,,3.941,40995249800.0,-51300000.0,3.941,ETF close,-2.021733,沪深300ETF华夏,SSE
2025-02-12,510330,41017749800.0,,3.978,40943949800.0,73800000.0,3.978,ETF close,2.935764,沪深300ETF华夏,SSE
2025-02-13,510330,41021349800.0,,3.969,41017749800.0,3600000.0,3.969,ETF close,0.142884,沪深300ETF华夏,SSE
2025-02-14,510330,41088849800.0,,3.999,41021349800.0,67500000.0,3.999,ETF close,2.699325,沪深300ETF华夏,SSE
2025-02-17,510330,41025849800.0,,4.008,41088849800.0,-63000000.0,4.008,ETF close,-2.52504,沪深300ETF华夏,SSE
2025-02-18,510330,40998849800.0,,3.977,41025849800.0,-27000000.0,3.977,ETF close,-1.07379,沪深300ETF华夏,SSE
2025-02-19,510330,40997949800.0,,4.0,40998849800.0,-900000.0,4.0,ETF close,-0.036,沪深300ETF华夏,SSE
2025-02-20,510330,40957449800.0,,3.988,40997949800.0,-40500000.0,3.988,ETF close,-1.61514,沪深300ETF华夏,SSE
2025-02-21,510330,40991649800.0,,4.041,40957449800.0,34200000.0,4.041,ETF close,1.382022,沪深300ETF华夏,SSE
2025-02-24,510330,40926849800.0,,4.028,40991649800.0,-64800000.0,4.028,ETF close,-2.6101439999999996,沪深300ETF华夏,SSE
2025-02-25,510330,40894449800.0,,3.987,40926849800.0,-32400000.0,3.987,ETF close,-1.291788,沪深300ETF华夏,SSE
2025-02-26,510330,40868349800.0,,4.019,40894449800.0,-26100000.0,4.019,ETF close,-1.048959,沪深300ETF华夏,SSE
2025-02-27,510330,40813449800.0,,4.034,40868349800.0,-54900000.0,4.034,ETF close,-2.214666,沪深300ETF华夏,SSE
2025-02-28,510330,40718049800.0,,3.958,40813449800.0,-95400000.0,3.958,ETF close,-3.775932,沪深300ETF华夏,SSE
2025-03-03,510330,40529049800.0,,3.943,40718049800.0,-189000000.0,3.943,ETF close,-7.45227,沪深300ETF华夏,SSE
2025-03-04,510330,40511949800.0,,3.941,40529049800.0,-17100000.0,3.941,ETF close,-0.673911,沪深300ETF华夏,SSE
2025-03-05,510330,40250949800.0,,3.961,40511949800.0,-261000000.0,3.961,ETF close,-10.33821,沪深300ETF华夏,SSE
2025-03-06,510330,40244649800.0,,4.016,40250949800.0,-6300000.0,4.016,ETF close,-0.253008,沪深300ETF华夏,SSE
2025-03-07,510330,40175349800.0,,4.005,40244649800.0,-69300000.0,4.005,ETF close,-2.775465,沪深300ETF华夏,SSE
2025-03-10,510330,40028649800.0,,3.989,40175349800.0,-146700000.0,3.989,ETF close,-5.851863,沪深300ETF华夏,SSE
2025-03-11,510330,40068249800.0,,4.002,40028649800.0,39600000.0,4.002,ETF close,1.584792,沪深300ETF华夏,SSE
2025-03-12,510330,40024149800.0,,3.99,40068249800.0,-44100000.0,3.99,ETF close,-1.75959,沪深300ETF华夏,SSE
2025-03-13,510330,39970149800.0,,3.969,40024149800.0,-54000000.0,3.969,ETF close,-2.14326,沪深300ETF华夏,SSE
2025-03-14,510330,39985449800.0,,4.071,39970149800.0,15300000.0,4.071,ETF close,0.6228629999999999,沪深300ETF华夏,SSE
2025-03-17,510330,39933249800.0,,4.058,39985449800.0,-52200000.0,4.058,ETF close,-2.118276,沪深300ETF华夏,SSE
2025-03-18,510330,39860349800.0,,4.068,39933249800.0,-72900000.0,4.068,ETF close,-2.965572,沪深300ETF华夏,SSE
2025-03-19,510330,39816249800.0,,4.074,39860349800.0,-44100000.0,4.074,ETF close,-1.796634,沪深300ETF华夏,SSE
2025-03-20,510330,39793749800.0,,4.039,39816249800.0,-22500000.0,4.039,ETF close,-0.908775,沪深300ETF华夏,SSE
2025-03-21,510330,39743349800.0,,3.976,39793749800.0,-50400000.0,3.976,ETF close,-2.003904,沪深300ETF华夏,SSE
2025-03-24,510330,39723549800.0,,3.996,39743349800.0,-19800000.0,3.996,ETF close,-0.791208,沪深300ETF华夏,SSE
2025-03-25,510330,39699249800.0,,3.995,39723549800.0,-24300000.0,3.995,ETF close,-0.970785,沪深300ETF华夏,SSE
2025-03-26,510330,39710949800.0,,3.979,39699249800.0,11700000.0,3.979,ETF close,0.465543,沪深300ETF华夏,SSE
2025-03-27,510330,39704649800.0,,3.992,39710949800.0,-6300000.0,3.992,ETF close,-0.251496,沪深300ETF华夏,SSE
2025-03-28,510330,39682149800.0,,3.974,39704649800.0,-22500000.0,3.974,ETF close,-0.89415,沪深300ETF华夏,SSE
2025-03-31,510330,39640749800.0,,3.95,39682149800.0,-41400000.0,3.95,ETF close,-1.6353,沪深300ETF华夏,SSE
2025-04-01,510330,39644349800.0,,3.946,39640749800.0,3600000.0,3.946,ETF close,0.142056,沪深300ETF华夏,SSE
2025-04-02,510330,39646149800.0,,3.943,39644349800.0,1800000.0,3.943,ETF close,0.070974,沪深300ETF华夏,SSE
2025-04-03,510330,39597549800.0,,3.922,39646149800.0,-48600000.0,3.922,ETF close,-1.906092,沪深300ETF华夏,SSE
2025-04-07,510330,41850249800.0,,3.615,39597549800.0,2252700000.0,3.615,ETF close,81.43510500000001,沪深300ETF华夏,SSE
2025-04-08,510330,45272049800.00001,,3.694,41850249800.0,3421800000.0000076,3.694,ETF close,126.40129200000028,沪深300ETF华夏,SSE
2025-04-09,510330,45920049800.00001,,3.729,45272049800.00001,648000000.0,3.729,ETF close,24.16392,沪深300ETF华夏,SSE
2025-04-10,510330,45991149800.00001,,3.792,45920049800.00001,71100000.0,3.792,ETF close,2.696112,沪深300ETF华夏,SSE
2025-04-11,510330,46050549800.00001,,3.803,45991149800.00001,59400000.0,3.803,ETF close,2.258982,沪深300ETF华夏,SSE
2025-04-14,510330,45880449800.00001,,3.812,46050549800.00001,-170100000.0,3.812,ETF close,-6.484212,沪深300ETF华夏,SSE
2025-04-15,510330,46584249800.00001,,3.813,45880449800.00001,703800000.0,3.813,ETF close,26.835894,沪深300ETF华夏,SSE
2025-04-16,510330,48017949800.00001,,3.824,46584249800.00001,1433700000.0,3.824,ETF close,54.824688,沪深300ETF华夏,SSE
2025-04-17,510330,48018849800.00001,,3.826,48017949800.00001,900000.0,3.826,ETF close,0.034434,沪深300ETF华夏,SSE
2025-04-18,510330,49012449800.00001,,3.833,48018849800.00001,993600000.0,3.833,ETF close,38.084688,沪深300ETF华夏,SSE
2025-04-21,510330,48974649800.00001,,3.84,49012449800.00001,-37800000.0,3.84,ETF close,-1.45152,沪深300ETF华夏,SSE
2025-04-22,510330,48914349800.00001,,3.844,48974649800.00001,-60300000.0,3.844,ETF close,-2.317932,沪深300ETF华夏,SSE
2025-04-23,510330,48884649800.00001,,3.847,48914349800.00001,-29700000.0,3.847,ETF close,-1.142559,沪深300ETF华夏,SSE
2025-04-24,510330,48883749800.00001,,3.846,48884649800.00001,-900000.0,3.846,ETF close,-0.034614,沪深300ETF华夏,SSE
2025-04-25,510330,48863049800.00001,,3.847,48883749800.00001,-20700000.0,3.847,ETF close,-0.796329,沪深300ETF华夏,SSE
2025-04-28,510330,48849549800.00001,,3.841,48863049800.00001,-13500000.0,3.841,ETF close,-0.518535,沪深300ETF华夏,SSE
2025-04-29,510330,48821649800.00001,,3.833,48849549800.00001,-27900000.0,3.833,ETF close,-1.069407,沪深300ETF华夏,SSE
2025-04-30,510330,48812649800.00001,,3.828,48821649800.00001,-9000000.0,3.828,ETF close,-0.34452,沪深300ETF华夏,SSE
2025-05-06,510330,48778449800.00001,,3.868,48812649800.00001,-34200000.0,3.868,ETF close,-1.322856,沪深300ETF华夏,SSE
2025-05-07,510330,48745149800.00001,,3.891,48778449800.00001,-33300000.0,3.891,ETF close,-1.295703,沪深300ETF华夏,SSE
2025-05-08,510330,48717249800.00001,,3.918,48745149800.00001,-27900000.0,3.918,ETF close,-1.093122,沪深300ETF华夏,SSE
2025-05-09,510330,48713649800.00001,,3.912,48717249800.00001,-3600000.0,3.912,ETF close,-0.140832,沪深300ETF华夏,SSE
2025-05-12,510330,48741549800.00001,,3.957,48713649800.00001,27900000.0,3.957,ETF close,1.104003,沪深300ETF华夏,SSE
2025-05-13,510330,48713649800.00001,,3.961,48741549800.00001,-27900000.0,3.961,ETF close,-1.105119,沪深300ETF华夏,SSE
2025-05-14,510330,48727149800.00001,,4.011,48713649800.00001,13500000.0,4.011,ETF close,0.541485,沪深300ETF华夏,SSE
2025-05-15,510330,48665949800.00001,,3.976,48727149800.00001,-61200000.0,3.976,ETF close,-2.433312,沪深300ETF华夏,SSE
2025-05-16,510330,48640749800.00001,,3.954,48665949800.00001,-25200000.0,3.954,ETF close,-0.996408,沪深300ETF华夏,SSE
2025-05-19,510330,48631749800.00001,,3.949,48640749800.00001,-9000000.0,3.949,ETF close,-0.35541,沪深300ETF华夏,SSE
2025-05-20,510330,48632649800.00001,,3.967,48631749800.00001,900000.0,3.967,ETF close,0.035703,沪深300ETF华夏,SSE
2025-05-21,510330,48620949800.00001,,3.985,48632649800.00001,-11700000.0,3.985,ETF close,-0.466245,沪深300ETF华夏,SSE
2025-05-22,510330,48596649800.00001,,3.984,48620949800.00001,-24300000.0,3.984,ETF close,-0.968112,沪深300ETF华夏,SSE
2025-05-23,510330,48601149800.00001,,3.952,48596649800.00001,4500000.0,3.952,ETF close,0.17784,沪深300ETF华夏,SSE
2025-05-26,510330,48611949800.00001,,3.932,48601149800.00001,10800000.0,3.932,ETF close,0.424656,沪深300ETF华夏,SSE
2025-05-27,510330,48614649800.00001,,3.91,48611949800.00001,2700000.0,3.91,ETF close,0.10557,沪深300ETF华夏,SSE
2025-05-28,510330,48583149800.00001,,3.905,48614649800.00001,-31500000.0,3.905,ETF close,-1.230075,沪深300ETF华夏,SSE
2025-05-29,510330,48579549800.00001,,3.93,48583149800.00001,-3600000.0,3.93,ETF close,-0.14148,沪深300ETF华夏,SSE
2025-05-30,510330,48519249800.00001,,3.924,48579549800.00001,-60300000.0,3.924,ETF close,-2.366172,沪深300ETF华夏,SSE
2025-06-03,510330,48512049800.00001,,3.92,48519249800.00001,-7200000.0,3.92,ETF close,-0.28224,沪深300ETF华夏,SSE
2025-06-04,510330,48497649800.00001,,3.939,48512049800.00001,-14400000.0,3.939,ETF close,-0.567216,沪深300ETF华夏,SSE
2025-06-05,510330,48407649800.00001,,3.95,48497649800.00001,-90000000.0,3.95,ETF close,-3.555,沪深300ETF华夏,SSE
2025-06-06,510330,48374349800.00001,,3.951,48407649800.00001,-33300000.0,3.951,ETF close,-1.315683,沪深300ETF华夏,SSE
2025-06-09,510330,48393249800.00001,,3.962,48374349800.00001,18900000.0,3.962,ETF close,0.748818,沪深300ETF华夏,SSE
2025-06-10,510330,48343749800.00001,,3.936,48393249800.00001,-49500000.0,3.936,ETF close,-1.94832,沪深300ETF华夏,SSE
2025-06-11,510330,48306849800.00001,,3.969,48343749800.00001,-36900000.0,3.969,ETF close,-1.464561,沪深300ETF华夏,SSE
2025-06-12,510330,48302349800.00001,,3.972,48306849800.00001,-4500000.0,3.972,ETF close,-0.17874,沪深300ETF华夏,SSE
2025-06-13,510330,48264549800.00001,,3.944,48302349800.00001,-37800000.0,3.944,ETF close,-1.490832,沪深300ETF华夏,SSE
2025-06-16,510330,48266349800.00001,,3.955,48264549800.00001,1800000.0,3.955,ETF close,0.07119,沪深300ETF华夏,SSE
2025-06-17,510330,48264549800.00001,,3.954,48266349800.00001,-1800000.0,3.954,ETF close,-0.071172,沪深300ETF华夏,SSE
2025-06-18,510330,48256449800.00001,,3.957,48264549800.00001,-8100000.0,3.957,ETF close,-0.320517,沪深300ETF华夏,SSE
2025-06-19,510330,48233949800.00001,,3.925,48256449800.00001,-22500000.0,3.925,ETF close,-0.883125,沪深300ETF华夏,SSE
2025-06-20,510330,48233949800.00001,,3.931,48233949800.00001,0.0,3.931,ETF close,0.0,沪深300ETF华夏,SSE
2025-06-23,510330,48251049800.00001,,3.946,48233949800.00001,17100000.0,3.946,ETF close,0.674766,沪深300ETF华夏,SSE
2025-06-24,510330,48228549800.00001,,3.991,48251049800.00001,-22500000.0,3.991,ETF close,-0.897975,沪深300ETF华夏,SSE
2025-06-25,510330,48208749800.00001,,4.059,48228549800.00001,-19800000.0,4.059,ETF close,-0.803682,沪深300ETF华夏,SSE
2025-06-26,510330,48157449800.00001,,4.042,48208749800.00001,-51300000.0,4.042,ETF close,-2.073546,沪深300ETF华夏,SSE
2025-06-27,510330,48042249800.00001,,4.02,48157449800.00001,-115200000.0,4.02,ETF close,-4.63104,沪深300ETF华夏,SSE
2025-06-30,510330,47965749800.00001,,4.039,48042249800.00001,-76500000.0,4.039,ETF close,-3.089835,沪深300ETF华夏,SSE
2025-07-01,510330,47957649800.00001,,4.044,47965749800.00001,-8100000.0,4.044,ETF close,-0.32756399999999997,沪深300ETF华夏,SSE
2025-07-02,510330,47945049800.00001,,4.048,47957649800.00001,-12600000.0,4.048,ETF close,-0.510048,沪深300ETF华夏,SSE
2025-07-03,510330,47934249800.00001,,4.073,47945049800.00001,-10800000.0,4.073,ETF close,-0.43988400000000005,沪深300ETF华夏,SSE
2025-07-04,510330,47927049800.00001,,4.087,47934249800.00001,-7200000.0,4.087,ETF close,-0.294264,沪深300ETF华夏,SSE
2025-07-07,510330,47877549800.00001,,4.071,47927049800.00001,-49500000.0,4.071,ETF close,-2.015145,沪深300ETF华夏,SSE
2025-07-08,510330,47893749800.00001,,4.107,47877549800.00001,16200000.0,4.107,ETF close,0.665334,沪深300ETF华夏,SSE
2025-07-09,510330,47872149800.00001,,4.103,47893749800.00001,-21600000.0,4.103,ETF close,-0.886248,沪深300ETF华夏,SSE
2025-07-10,510330,47841549800.00001,,4.123,47872149800.00001,-30600000.0,4.123,ETF close,-1.261638,沪深300ETF华夏,SSE
2025-07-11,510330,47840649800.00001,,4.14,47841549800.00001,-900000.0,4.14,ETF close,-0.037259999999999995,沪深300ETF华夏,SSE
2025-07-14,510330,47808249800.00001,,4.137,47840649800.00001,-32400000.0,4.137,ETF close,-1.340388,沪深300ETF华夏,SSE
2025-07-15,510330,47781249800.00001,,4.139,47808249800.00001,-27000000.0,4.139,ETF close,-1.11753,沪深300ETF华夏,SSE
2025-07-16,510330,47766849800.00001,,4.127,47781249800.00001,-14400000.0,4.127,ETF close,-0.594288,沪深300ETF华夏,SSE
2025-07-17,510330,47744349800.00001,,4.163,47766849800.00001,-22500000.0,4.163,ETF close,-0.936675,沪深300ETF华夏,SSE
2025-07-18,510330,47713749800.00001,,4.191,47744349800.00001,-30600000.0,4.191,ETF close,-1.282446,沪深300ETF华夏,SSE
2025-07-21,510330,47693049800.00001,,4.218,47713749800.00001,-20700000.0,4.218,ETF close,-0.873126,沪深300ETF华夏,SSE
2025-07-22,510330,47674149800.00001,,4.261,47693049800.00001,-18900000.0,4.261,ETF close,-0.805329,沪深300ETF华夏,SSE
2025-07-23,510330,47701149800.00001,,4.258,47674149800.00001,27000000.0,4.258,ETF close,1.14966,沪深300ETF华夏,SSE
2025-07-24,510330,47709249800.00001,,4.285,47701149800.00001,8100000.0,4.285,ETF close,0.347085,沪深300ETF华夏,SSE
2025-07-25,510330,47688549800.00001,,4.263,47709249800.00001,-20700000.0,4.263,ETF close,-0.882441,沪深300ETF华夏,SSE
2025-07-28,510330,47637249800.00001,,4.275,47688549800.00001,-51300000.0,4.275,ETF close,-2.1930750000000003,沪深300ETF华夏,SSE
2025-07-29,510330,47597649800.00001,,4.295,47637249800.00001,-39600000.0,4.295,ETF close,-1.70082,沪深300ETF华夏,SSE
2025-07-30,510330,47549049800.00001,,4.292,47597649800.00001,-48600000.0,4.292,ETF close,-2.085912,沪深300ETF华夏,SSE
2025-07-31,510330,47513949800.00001,,4.216,47549049800.00001,-35100000.0,4.216,ETF close,-1.479816,沪深300ETF华夏,SSE
2025-08-01,510330,47520249800.00001,,4.194,47513949800.00001,6300000.0,4.194,ETF close,0.264222,沪深300ETF华夏,SSE
2025-08-04,510330,47517549800.00001,,4.209,47520249800.00001,-2700000.0,4.209,ETF close,-0.11364299999999998,沪深300ETF华夏,SSE
2025-08-05,510330,47489649800.00001,,4.24,47517549800.00001,-27900000.0,4.24,ETF close,-1.18296,沪深300ETF华夏,SSE
2025-08-06,510330,47491449800.00001,,4.253,47489649800.00001,1800000.0,4.253,ETF close,0.076554,沪深300ETF华夏,SSE
2025-08-07,510330,47468949800.00001,,4.252,47491449800.00001,-22500000.0,4.252,ETF close,-0.9567,沪深300ETF华夏,SSE
2025-08-08,510330,47471649800.00001,,4.244,47468949800.00001,2700000.0,4.244,ETF close,0.114588,沪深300ETF华夏,SSE
2025-08-11,510330,47465349800.00001,,4.263,47471649800.00001,-6300000.0,4.263,ETF close,-0.268569,沪深300ETF华夏,SSE
2025-08-12,510330,47455449800.00001,,4.288,47465349800.00001,-9900000.0,4.288,ETF close,-0.424512,沪深300ETF华夏,SSE
2025-08-13,510330,47472549800.00001,,4.324,47455449800.00001,17100000.0,4.324,ETF close,0.739404,沪深300ETF华夏,SSE
2025-08-14,510330,47436549800.00001,,4.316,47472549800.00001,-36000000.0,4.316,ETF close,-1.55376,沪深300ETF华夏,SSE
2025-08-15,510330,47459949800.00001,,4.357,47436549800.00001,23400000.0,4.357,ETF close,1.019538,沪深300ETF华夏,SSE
2025-08-18,510330,47432049800.00001,,4.389,47459949800.00001,-27900000.0,4.389,ETF close,-1.224531,沪深300ETF华夏,SSE
2025-08-19,510330,47381649800.00001,,4.368,47432049800.00001,-50400000.0,4.368,ETF close,-2.2014720000000003,沪深300ETF华夏,SSE
2025-08-20,510330,47323149800.00001,,4.423,47381649800.00001,-58500000.0,4.423,ETF close,-2.587455,沪深300ETF华夏,SSE
2025-08-21,510330,47299749800.00001,,4.439,47323149800.00001,-23400000.0,4.439,ETF close,-1.038726,沪深300ETF华夏,SSE
2025-08-22,510330,47341149800.00001,,4.542,47299749800.00001,41400000.0,4.542,ETF close,1.880388,沪深300ETF华夏,SSE
2025-08-25,510330,47353749800.00001,,4.631,47341149800.00001,12600000.0,4.631,ETF close,0.583506,沪深300ETF华夏,SSE
2025-08-26,510330,47447349800.00001,,4.609,47353749800.00001,93600000.0,4.609,ETF close,4.314024,沪深300ETF华夏,SSE
2025-08-27,510330,47446449800.00001,,4.543,47447349800.00001,-900000.0,4.543,ETF close,-0.040887,沪深300ETF华夏,SSE
2025-08-28,510330,47435649800.00001,,4.621,47446449800.00001,-10800000.0,4.621,ETF close,-0.49906800000000007,沪深300ETF华夏,SSE
2025-08-29,510330,47424849800.00001,,4.667,47435649800.00001,-10800000.0,4.667,ETF close,-0.504036,沪深300ETF华夏,SSE
2025-09-01,510330,47380749800.00001,,4.683,47424849800.00001,-44100000.0,4.683,ETF close,-2.065203,沪深300ETF华夏,SSE
2025-09-02,510330,47372649800.00001,,4.65,47380749800.00001,-8100000.0,4.65,ETF close,-0.37665,沪深300ETF华夏,SSE
2025-09-03,510330,47378949800.00001,,4.618,47372649800.00001,6300000.0,4.618,ETF close,0.290934,沪深300ETF华夏,SSE
2025-09-04,510330,47405949800.00001,,4.519,47378949800.00001,27000000.0,4.519,ETF close,1.22013,沪深300ETF华夏,SSE
2025-09-05,510330,47428449800.00001,,4.619,47405949800.00001,22500000.0,4.619,ETF close,1.039275,沪深300ETF华夏,SSE
2025-09-08,510330,47500449800.00001,,4.619,47428449800.00001,72000000.0,4.619,ETF close,3.32568,沪深300ETF华夏,SSE
2025-09-09,510330,47476149800.00001,,4.591,47500449800.00001,-24300000.0,4.591,ETF close,-1.115613,沪深300ETF华夏,SSE
2025-09-10,510330,47464449800.00001,,4.606,47476149800.00001,-11700000.0,4.606,ETF close,-0.538902,沪深300ETF华夏,SSE
2025-09-11,510330,47481549800.00001,,4.725,47464449800.00001,17100000.0,4.725,ETF close,0.807975,沪深300ETF华夏,SSE
2025-09-12,510330,47479749800.00001,,4.692,47481549800.00001,-1800000.0,4.692,ETF close,-0.084456,沪深300ETF华夏,SSE
2025-09-15,510330,47461749800.00001,,4.699,47479749800.00001,-18000000.0,4.699,ETF close,-0.84582,沪深300ETF华夏,SSE
2025-09-16,510330,47457249800.00001,,4.685,47461749800.00001,-4500000.0,4.685,ETF close,-0.210825,沪深300ETF华夏,SSE
2025-09-17,510330,47455449800.00001,,4.718,47457249800.00001,-1800000.0,4.718,ETF close,-0.084924,沪深300ETF华夏,SSE
2025-09-18,510330,47415849800.00001,,4.664,47455449800.00001,-39600000.0,4.664,ETF close,-1.846944,沪深300ETF华夏,SSE
2025-09-19,510330,47412249800.00001,,4.669,47415849800.00001,-3600000.0,4.669,ETF close,-0.168084,沪深300ETF华夏,SSE
2025-09-22,510330,47375349800.00001,,4.683,47412249800.00001,-36900000.0,4.683,ETF close,-1.728027,沪深300ETF华夏,SSE
2025-09-23,510330,47357349800.00001,,4.684,47375349800.00001,-18000000.0,4.684,ETF close,-0.84312,沪深300ETF华夏,SSE
2025-09-24,510330,47353749800.00001,,4.731,47357349800.00001,-3600000.0,4.731,ETF close,-0.170316,沪深300ETF华夏,SSE
2025-09-25,510330,47342949800.00001,,4.762,47353749800.00001,-10800000.0,4.762,ETF close,-0.514296,沪深300ETF华夏,SSE
2025-09-26,510330,47350149800.00001,,4.717,47342949800.00001,7200000.0,4.717,ETF close,0.339624,沪深300ETF华夏,SSE
2025-09-29,510330,47389749800.00001,,4.792,47350149800.00001,39600000.0,4.792,ETF close,1.897632,沪深300ETF华夏,SSE
2025-09-30,510330,47394249800.00001,,4.811,47389749800.00001,4500000.0,4.811,ETF close,0.216495,沪深300ETF华夏,SSE
2025-10-09,510330,47396949800.00001,,4.884,47394249800.00001,2700000.0,4.884,ETF close,0.131868,沪深300ETF华夏,SSE
2025-10-10,510330,47398749800.00001,,4.785,47396949800.00001,1800000.0,4.785,ETF close,0.08613,沪深300ETF华夏,SSE
2025-10-13,510330,47429349800.00001,,4.76,47398749800.00001,30600000.0,4.76,ETF close,1.45656,沪深300ETF华夏,SSE
2025-10-14,510330,47413149800.00001,,4.715,47429349800.00001,-16200000.0,4.715,ETF close,-0.76383,沪深300ETF华夏,SSE
2025-10-15,510330,47419449800.00001,,4.776,47413149800.00001,6300000.0,4.776,ETF close,0.300888,沪深300ETF华夏,SSE
2025-10-16,510330,47397849800.00001,,4.789,47419449800.00001,-21600000.0,4.789,ETF close,-1.034424,沪深300ETF华夏,SSE
2025-10-17,510330,47404149800.00001,,4.693,47397849800.00001,6300000.0,4.693,ETF close,0.29565899999999995,沪深300ETF华夏,SSE
2025-10-20,510330,47417649800.00001,,4.708,47404149800.00001,13500000.0,4.708,ETF close,0.63558,沪深300ETF华夏,SSE
2025-10-21,510330,47409549800.00001,,4.777,47417649800.00001,-8100000.0,4.777,ETF close,-0.386937,沪深300ETF华夏,SSE
2025-10-22,510330,47407749800.00001,,4.763,47409549800.00001,-1800000.0,4.763,ETF close,-0.085734,沪深300ETF华夏,SSE
2025-10-23,510330,47409549800.00001,,4.782,47407749800.00001,1800000.0,4.782,ETF close,0.086076,沪深300ETF华夏,SSE
2025-10-24,510330,47418549800.00001,,4.844,47409549800.00001,9000000.0,4.844,ETF close,0.43596,沪深300ETF华夏,SSE
2025-10-27,510330,47451849800.00001,,4.897,47418549800.00001,33300000.0,4.897,ETF close,1.630701,沪深300ETF华夏,SSE
2025-10-28,510330,47466249800.00001,,4.871,47451849800.00001,14400000.0,4.871,ETF close,0.701424,沪深300ETF华夏,SSE
2025-10-29,510330,47480649800.00001,,4.931,47466249800.00001,14400000.0,4.931,ETF close,0.710064,沪深300ETF华夏,SSE
2025-10-30,510330,47469849800.00001,,4.895,47480649800.00001,-10800000.0,4.895,ETF close,-0.5286599999999999,沪深300ETF华夏,SSE
2025-10-31,510330,47507649800.00001,,4.827,47469849800.00001,37800000.0,4.827,ETF close,1.824606,沪深300ETF华夏,SSE
2025-11-03,510330,47515749800.00001,,4.832,47507649800.00001,8100000.0,4.832,ETF close,0.391392,沪深300ETF华夏,SSE
2025-11-04,510330,47450049800.00001,,4.795,47515749800.00001,-65700000.0,4.795,ETF close,-3.150315,沪深300ETF华夏,SSE
2025-11-05,510330,47459949800.00001,,4.805,47450049800.00001,9900000.0,4.805,ETF close,0.475695,沪深300ETF华夏,SSE
2025-11-06,510330,47421249800.00001,,4.874,47459949800.00001,-38700000.0,4.874,ETF close,-1.886238,沪深300ETF华夏,SSE
2025-11-07,510330,47387949800.00001,,4.863,47421249800.00001,-33300000.0,4.863,ETF close,-1.619379,沪深300ETF华夏,SSE
2025-11-10,510330,47374449800.00001,,4.874,47387949800.00001,-13500000.0,4.874,ETF close,-0.65799,沪深300ETF华夏,SSE
2025-11-11,510330,47360949800.00001,,4.829,47374449800.00001,-13500000.0,4.829,ETF close,-0.651915,沪深300ETF华夏,SSE
2025-11-12,510330,47340249800.00001,,4.836,47360949800.00001,-20700000.0,4.836,ETF close,-1.001052,沪深300ETF华夏,SSE
2025-11-13,510330,47310549800.00001,,4.882,47340249800.00001,-29700000.0,4.882,ETF close,-1.449954,沪深300ETF华夏,SSE
2025-11-14,510330,47304249800.00001,,4.806,47310549800.00001,-6300000.0,4.806,ETF close,-0.302778,沪深300ETF华夏,SSE
2025-11-17,510330,47312349800.00001,,4.78,47304249800.00001,8100000.0,4.78,ETF close,0.38718,沪深300ETF华夏,SSE
2025-11-18,510330,47301549800.00001,,4.751,47312349800.00001,-10800000.0,4.751,ETF close,-0.513108,沪深300ETF华夏,SSE
2025-11-19,510330,47278149800.00001,,4.771,47301549800.00001,-23400000.0,4.771,ETF close,-1.116414,沪深300ETF华夏,SSE
2025-11-20,510330,47234049800.00001,,4.747,47278149800.00001,-44100000.0,4.747,ETF close,-2.093427,沪深300ETF华夏,SSE
2025-11-21,510330,47297049800.00001,,4.629,47234049800.00001,63000000.0,4.629,ETF close,2.91627,沪深300ETF华夏,SSE
2025-11-24,510330,47369949800.00001,,4.622,47297049800.00001,72900000.0,4.622,ETF close,3.369438,沪深300ETF华夏,SSE
2025-11-25,510330,47368149800.00001,,4.663,47369949800.00001,-1800000.0,4.663,ETF close,-0.083934,沪深300ETF华夏,SSE
2025-11-26,510330,47399649800.00001,,4.692,47368149800.00001,31500000.0,4.692,ETF close,1.47798,沪深300ETF华夏,SSE
2025-11-27,510330,47407749800.00001,,4.687,47399649800.00001,8100000.0,4.687,ETF close,0.379647,沪深300ETF华夏,SSE
2025-11-28,510330,47408649800.00001,,4.7,47407749800.00001,900000.0,4.7,ETF close,0.0423,沪深300ETF华夏,SSE
2025-12-01,510330,47408649800.00001,,4.756,47408649800.00001,0.0,4.756,ETF close,0.0,沪深300ETF华夏,SSE
2025-12-02,510330,47433849800.00001,,4.732,47408649800.00001,25200000.0,4.732,ETF close,1.192464,沪深300ETF华夏,SSE
2025-12-03,510330,47452749800.00001,,4.714,47433849800.00001,18900000.0,4.714,ETF close,0.8909460000000001,沪深300ETF华夏,SSE
2025-12-04,510330,47475249800.00001,,4.723,47452749800.00001,22500000.0,4.723,ETF close,1.062675,沪深300ETF华夏,SSE
2025-12-05,510330,47486049800.00001,,4.763,47475249800.00001,10800000.0,4.763,ETF close,0.514404,沪深300ETF华夏,SSE
2025-12-08,510330,47498649800.00001,,4.8,47486049800.00001,12600000.0,4.8,ETF close,0.6048,沪深300ETF华夏,SSE
2025-12-09,510330,47482449800.00001,,4.776,47498649800.00001,-16200000.0,4.776,ETF close,-0.773712,沪深300ETF华夏,SSE
2025-12-10,510330,47471649800.00001,,4.769,47482449800.00001,-10800000.0,4.769,ETF close,-0.515052,沪深300ETF华夏,SSE
2025-12-11,510330,47472549800.00001,,4.733,47471649800.00001,900000.0,4.733,ETF close,0.042597,沪深300ETF华夏,SSE
2025-12-12,510330,47530149800.00001,,4.758,47472549800.00001,57600000.0,4.758,ETF close,2.740608,沪深300ETF华夏,SSE
2025-12-15,510330,47530149800.00001,,4.732,47530149800.00001,0.0,4.732,ETF close,0.0,沪深300ETF华夏,SSE
2025-12-16,510330,47536449800.00001,,4.684,47530149800.00001,6300000.0,4.684,ETF close,0.295092,沪深300ETF华夏,SSE
2025-12-17,510330,47568849800.00001,,4.765,47536449800.00001,32400000.0,4.765,ETF close,1.54386,沪深300ETF华夏,SSE
2025-12-18,510330,47575149800.00001,,4.734,47568849800.00001,6300000.0,4.734,ETF close,0.298242,沪深300ETF华夏,SSE
2025-12-19,510330,47569749800.00001,,4.755,47575149800.00001,-5400000.0,4.755,ETF close,-0.25677,沪深300ETF华夏,SSE
2025-12-22,510330,47468949800.00001,,4.8,47569749800.00001,-100800000.0,4.8,ETF close,-4.8384,沪深300ETF华夏,SSE
2025-12-23,510330,47423049800.00001,,4.81,47468949800.00001,-45900000.0,4.81,ETF close,-2.2077899999999997,沪深300ETF华夏,SSE
2025-12-24,510330,47418549800.00001,,4.828,47423049800.00001,-4500000.0,4.828,ETF close,-0.21726,沪深300ETF华夏,SSE
2025-12-25,510330,47436549800.00001,,4.833,47418549800.00001,18000000.0,4.833,ETF close,0.86994,沪深300ETF华夏,SSE
2025-12-26,510330,47482449800.00001,,4.85,47436549800.00001,45900000.0,4.85,ETF close,2.2261499999999996,沪深300ETF华夏,SSE
2025-12-29,510330,47449149800.00001,,4.828,47482449800.00001,-33300000.0,4.828,ETF close,-1.607724,沪深300ETF华夏,SSE
2025-12-30,510330,47459949800.00001,,4.841,47449149800.00001,10800000.0,4.841,ETF close,0.522828,沪深300ETF华夏,SSE
2025-12-31,510330,47424849800.00001,,4.823,47459949800.00001,-35100000.0,4.823,ETF close,-1.692873,沪深300ETF华夏,SSE
2026-01-05,510330,47459049800.00001,,4.914,47424849800.00001,34200000.0,4.914,ETF close,1.680588,沪深300ETF华夏,SSE
2026-01-06,510330,47467149800.00001,,4.99,47459049800.00001,8100000.0,4.99,ETF close,0.40419,沪深300ETF华夏,SSE
2026-01-07,510330,47406849800.00001,,4.97,47467149800.00001,-60300000.0,4.97,ETF close,-2.99691,沪深300ETF华夏,SSE
2026-01-08,510330,47441049800.00001,,4.931,47406849800.00001,34200000.0,4.931,ETF close,1.686402,沪深300ETF华夏,SSE
2026-01-09,510330,47475249800.00001,,4.955,47441049800.00001,34200000.0,4.955,ETF close,1.69461,沪深300ETF华夏,SSE
2026-01-12,510330,47424849800.00001,,4.996,47475249800.00001,-50400000.0,4.996,ETF close,-2.517984,沪深300ETF华夏,SSE
2026-01-13,510330,47387049800.00001,,4.963,47424849800.00001,-37800000.0,4.963,ETF close,-1.876014,沪深300ETF华夏,SSE
2026-01-14,510330,47266449800.00001,,4.936,47387049800.00001,-120600000.0,4.936,ETF close,-5.952816,沪深300ETF华夏,SSE
2026-01-15,510330,46473549800.00001,,4.942,47266449800.00001,-792900000.0,4.942,ETF close,-39.185118,沪深300ETF华夏,SSE
2026-01-16,510330,42010449800.00001,,4.937,46473549800.00001,-4463100000.0,4.937,ETF close,-220.343247,沪深300ETF华夏,SSE
2026-01-19,510330,40457049800.0,,4.93,42010449800.00001,-1553400000.0000076,4.93,ETF close,-76.58262000000038,沪深300ETF华夏,SSE
2026-01-20,510330,39139449800.0,,4.918,40457049800.0,-1317600000.0,4.918,ETF close,-64.799568,沪深300ETF华夏,SSE
2026-01-21,510330,36203649800.0,,4.919,39139449800.0,-2935800000.0,4.919,ETF close,-144.41200199999997,沪深300ETF华夏,SSE
2026-01-22,510330,34380249800.0,,4.918,36203649800.0,-1823400000.0,4.918,ETF close,-89.674812,沪深300ETF华夏,SSE
2026-01-23,510330,30572349800.0,,4.894,34380249800.0,-3807900000.0,4.894,ETF close,-186.358626,沪深300ETF华夏,SSE
2026-01-26,510330,27559149800.0,,4.907,30572349800.0,-3013200000.0,4.907,ETF close,-147.857724,沪深300ETF华夏,SSE
2026-01-27,510330,26060649800.0,,4.901,27559149800.0,-1498500000.0,4.901,ETF close,-73.441485,沪深300ETF华夏,SSE
2026-01-28,510330,20989149800.0,,4.914,26060649800.0,-5071500000.0,4.914,ETF close,-249.21351,沪深300ETF华夏,SSE
2026-01-29,510330,19660749800.0,,4.962,20989149800.0,-1328400000.0,4.962,ETF close,-65.915208,沪深300ETF华夏,SSE
2026-01-30,510330,19430349800.0,,4.899,19660749800.0,-230400000.0,4.899,ETF close,-11.287296,沪深300ETF华夏,SSE
2026-02-02,510330,19226949800.0,,4.799,19430349800.0,-203400000.0,4.799,ETF close,-9.761166000000001,沪深300ETF华夏,SSE
2026-02-03,510330,19350249800.0,,4.852,19226949800.0,123300000.0,4.852,ETF close,5.982516,沪深300ETF华夏,SSE
2026-02-04,510330,19331349800.0,,4.897,19350249800.0,-18900000.0,4.897,ETF close,-0.925533,沪深300ETF华夏,SSE
2026-02-05,510330,19344849800.0,,4.869,19331349800.0,13500000.0,4.869,ETF close,0.657315,沪深300ETF华夏,SSE
2026-02-06,510330,19351149800.0,,4.839,19344849800.0,6300000.0,4.839,ETF close,0.30485700000000004,沪深300ETF华夏,SSE
2026-02-09,510330,19358349800.0,,4.921,19351149800.0,7200000.0,4.921,ETF close,0.354312,沪深300ETF华夏,SSE
2026-02-10,510330,19349349800.0,,4.926,19358349800.0,-9000000.0,4.926,ETF close,-0.44334,沪深300ETF华夏,SSE
2026-02-11,510330,19350249800.0,,4.919,19349349800.0,900000.0,4.919,ETF close,0.044271,沪深300ETF华夏,SSE
2026-02-12,510330,19335849800.0,,4.919,19350249800.0,-14400000.0,4.919,ETF close,-0.708336,沪深300ETF华夏,SSE
2026-02-13,510330,19284549800.0,,4.862,19335849800.0,-51300000.0,4.862,ETF close,-2.494206,沪深300ETF华夏,SSE
2026-02-24,510330,19285449800.0,,4.911,19284549800.0,900000.0,4.911,ETF close,0.044199,沪深300ETF华夏,SSE
2026-02-25,510330,19309749800.0,,4.937,19285449800.0,24300000.0,4.937,ETF close,1.199691,沪深300ETF华夏,SSE
2026-02-26,510330,19253949800.0,,4.927,19309749800.0,-55800000.0,4.927,ETF close,-2.749266,沪深300ETF华夏,SSE
2026-02-27,510330,19259349800.0,,4.917,19253949800.0,5400000.0,4.917,ETF close,0.265518,沪深300ETF华夏,SSE
2026-03-02,510330,19185549800.0,,4.931,19259349800.0,-73800000.0,4.931,ETF close,-3.639078,沪深300ETF华夏,SSE
2026-03-03,510330,19187349800.0,,4.868,19185549800.0,1800000.0,4.868,ETF close,0.087624,沪深300ETF华夏,SSE
2026-03-04,510330,19205349800.0,,4.796,19187349800.0,18000000.0,4.796,ETF close,0.86328,沪深300ETF华夏,SSE
2026-03-05,510330,19204449800.0,,4.848,19205349800.0,-900000.0,4.848,ETF close,-0.043632,沪深300ETF华夏,SSE
2026-03-06,510330,19211649800.0,,4.861,19204449800.0,7200000.0,4.861,ETF close,0.349992,沪深300ETF华夏,SSE
2026-03-09,510330,19190949800.0,,4.816,19211649800.0,-20700000.0,4.816,ETF close,-0.996912,沪深300ETF华夏,SSE
2026-03-10,510330,19198149800.0,,4.875,19190949800.0,7200000.0,4.875,ETF close,0.351,沪深300ETF华夏,SSE
2026-03-11,510330,19103649800.0,,4.905,19198149800.0,-94500000.0,4.905,ETF close,-4.635225,沪深300ETF华夏,SSE
2026-03-12,510330,19082049800.0,,4.884,19103649800.0,-21600000.0,4.884,ETF close,-1.054944,沪深300ETF华夏,SSE
2026-03-13,510330,19117149800.0,,4.867,19082049800.0,35100000.0,4.867,ETF close,1.708317,沪深300ETF华夏,SSE
2026-03-16,510330,19126149800.0,,4.867,19117149800.0,9000000.0,4.867,ETF close,0.43803,沪深300ETF华夏,SSE
2026-03-17,510330,19154949800.0,,4.835,19126149800.0,28800000.0,4.835,ETF close,1.39248,沪深300ETF华夏,SSE
2026-03-18,510330,19167549800.0,,4.86,19154949800.0,12600000.0,4.86,ETF close,0.6123600000000001,沪深300ETF华夏,SSE
2026-03-19,510330,19240449800.0,,4.786,19167549800.0,72900000.0,4.786,ETF close,3.4889939999999995,沪深300ETF华夏,SSE
2026-03-20,510330,19294449800.0,,4.761,19240449800.0,54000000.0,4.761,ETF close,2.57094,沪深300ETF华夏,SSE
2026-03-23,510330,19379049800.0,,4.614,19294449800.0,84600000.0,4.614,ETF close,3.903444,沪深300ETF华夏,SSE
2026-03-24,510330,19483449800.0,,4.661,19379049800.0,104400000.0,4.661,ETF close,4.866083999999999,沪深300ETF华夏,SSE
2026-03-25,510330,19486149800.0,,4.733,19483449800.0,2700000.0,4.733,ETF close,0.127791,沪深300ETF华夏,SSE
2026-03-26,510330,19494249800.0,,4.671,19486149800.0,8100000.0,4.671,ETF close,0.378351,沪深300ETF华夏,SSE
2026-03-27,510330,19496949800.0,,4.696,19494249800.0,2700000.0,4.696,ETF close,0.126792,沪深300ETF华夏,SSE
2026-03-30,510330,19486149800.0,,4.686,19496949800.0,-10800000.0,4.686,ETF close,-0.506088,沪深300ETF华夏,SSE
2026-03-31,510330,19437549800.0,,4.647,19486149800.0,-48600000.0,4.647,ETF close,-2.258442,沪深300ETF华夏,SSE
2026-04-01,510330,19415049800.0,,4.717,19437549800.0,-22500000.0,4.717,ETF close,-1.0613249999999999,沪深300ETF华夏,SSE
2026-04-02,510330,19404249800.0,,4.67,19415049800.0,-10800000.0,4.67,ETF close,-0.50436,沪深300ETF华夏,SSE
2026-04-03,510330,19410549800.0,,4.636,19404249800.0,6300000.0,4.636,ETF close,0.292068,沪深300ETF华夏,SSE
2026-04-07,510330,19420449800.0,,4.626,19410549800.0,9900000.0,4.626,ETF close,0.457974,沪深300ETF华夏,SSE
2026-04-08,510330,19425849800.0,,4.789,19420449800.0,5400000.0,4.789,ETF close,0.258606,沪深300ETF华夏,SSE
2026-04-09,510330,19344849800.0,,4.76,19425849800.0,-81000000.0,4.76,ETF close,-3.8556,沪深300ETF华夏,SSE
2026-04-10,510330,19261149800.0,,4.834,19344849800.0,-83700000.0,4.834,ETF close,-4.0460579999999995,沪深300ETF华夏,SSE
2026-04-13,510330,19249449800.0,,4.843,19261149800.0,-11700000.0,4.843,ETF close,-0.566631,沪深300ETF华夏,SSE
2026-04-14,510330,19254849800.0,,4.906,19249449800.0,5400000.0,4.906,ETF close,0.264924,沪深300ETF华夏,SSE
2026-04-15,510330,19252149800.0,,4.883,19254849800.0,-2700000.0,4.883,ETF close,-0.131841,沪深300ETF华夏,SSE
2026-04-16,510330,19236849800.0,,4.94,19252149800.0,-15300000.0,4.94,ETF close,-0.75582,沪深300ETF华夏,SSE
2026-04-17,510330,19227849800.0,,4.93,19236849800.0,-9000000.0,4.93,ETF close,-0.4437,沪深300ETF华夏,SSE
2026-04-20,510330,19212549800.0,,4.962,19227849800.0,-15300000.0,4.962,ETF close,-0.759186,沪深300ETF华夏,SSE
2026-04-21,510330,19165749800.0,,5.011,19212549800.0,-46800000.0,5.011,ETF close,-2.345148,沪深300ETF华夏,SSE
2026-04-22,510330,19136949800.0,,5.012,19165749800.0,-28800000.0,5.012,ETF close,-1.443456,沪深300ETF华夏,SSE
2026-04-23,510330,19059549800.0,,4.992,19136949800.0,-77400000.0,4.992,ETF close,-3.863808,沪深300ETF华夏,SSE
2026-04-24,510330,19010049800.0,,4.975,19059549800.0,-49500000.0,4.975,ETF close,-2.4626249999999996,沪深300ETF华夏,SSE
2026-04-27,510330,18874149800.0,,4.977,19010049800.0,-135900000.0,4.977,ETF close,-6.763743,沪深300ETF华夏,SSE
2026-04-28,510330,18810249800.0,,4.965,18874149800.0,-63900000.0,4.965,ETF close,-3.172635,沪深300ETF华夏,SSE
2026-04-29,510330,18748149800.0,,5.017,18810249800.0,-62100000.0,5.017,ETF close,-3.115557,沪深300ETF华夏,SSE
2026-04-30,510330,18551949800.0,,5.019,18748149800.0,-196200000.0,5.019,ETF close,-9.847278,沪深300ETF华夏,SSE
2026-05-06,510330,18212649800.0,,5.087,18551949800.0,-339300000.0,5.087,ETF close,-17.260191,沪深300ETF华夏,SSE
2026-05-07,510330,17889549800.0,,5.112,18212649800.0,-323100000.0,5.112,ETF close,-16.516872,沪深300ETF华夏,SSE
2026-05-08,510330,17636649800.0,,5.086,17889549800.0,-252900000.0,5.086,ETF close,-12.862494,沪深300ETF华夏,SSE
2026-05-11,510330,17192049800.0,,5.17,17636649800.0,-444600000.0,5.17,ETF close,-22.98582,沪深300ETF华夏,SSE
2026-05-12,510330,16845549800.0,,5.165,17192049800.0,-346500000.0,5.165,ETF close,-17.896725,沪深300ETF华夏,SSE
2026-05-13,510330,16756449800.0,,5.226,16845549800.0,-89100000.0,5.226,ETF close,-4.656366,沪深300ETF华夏,SSE
2026-05-14,510330,16701549800.0,,5.14,16756449800.0,-54900000.0,5.14,ETF close,-2.82186,沪深300ETF华夏,SSE
2026-05-15,510330,16643049800.0,,5.079,16701549800.0,-58500000.0,5.079,ETF close,-2.971215,沪深300ETF华夏,SSE
2026-05-18,510330,16657449800.0,,5.048,16643049800.0,14400000.0,5.048,ETF close,0.726912,沪深300ETF华夏,SSE
2026-05-19,510330,16525149800.0,,5.065,16657449800.0,-132300000.0,5.065,ETF close,-6.700995,沪深300ETF华夏,SSE
2026-05-20,510330,16390149800.0,,5.07,16525149800.0,-135000000.0,5.07,ETF close,-6.8445,沪深300ETF华夏,SSE
2026-05-21,510330,16056249800.0,,5.007,16390149800.0,-333900000.0,5.007,ETF close,-16.718373,沪深300ETF华夏,SSE
2026-05-22,510330,15775449800.0,,5.064,16056249800.0,-280800000.0,5.064,ETF close,-14.219712,沪深300ETF华夏,SSE
2026-05-25,510330,14652249800.0,,5.14,15775449800.0,-1123200000.0,5.14,ETF close,-57.73248,沪深300ETF华夏,SSE
2026-05-26,510330,14388549800.0,,5.181,14652249800.0,-263700000.0,5.181,ETF close,-13.662297,沪深300ETF华夏,SSE
2026-05-27,510330,14213049800.0,,5.125,14388549800.0,-175500000.0,5.125,ETF close,-8.994375,沪深300ETF华夏,SSE
2026-05-28,510330,14228349800.0,,5.135,14213049800.0,15300000.0,5.135,ETF close,0.785655,沪深300ETF华夏,SSE
2026-05-29,510330,14217549800.0,,5.124,14228349800.0,-10800000.0,5.124,ETF close,-0.553392,沪深300ETF华夏,SSE
2026-06-01,510330,14229249800.0,,5.075,14217549800.0,11700000.0,5.075,ETF close,0.593775,沪深300ETF华夏,SSE
2026-06-02,510330,14249049800.0,,5.142,14229249800.0,19800000.0,5.142,ETF close,1.018116,沪深300ETF华夏,SSE
2026-06-03,510330,14172549800.0,,5.172,14249049800.0,-76500000.0,5.172,ETF close,-3.95658,沪深300ETF华夏,SSE
2026-06-04,510330,14157249800.0,,5.13,14172549800.0,-15300000.0,5.13,ETF close,-0.78489,沪深300ETF华夏,SSE
2026-06-05,510330,14173449800.0,,5.038,14157249800.0,16200000.0,5.038,ETF close,0.816156,沪深300ETF华夏,SSE
2026-06-08,510330,14347149800.0,,4.941,14173449800.0,173700000.0,4.941,ETF close,8.582517,沪深300ETF华夏,SSE
2026-06-09,510330,14315649800.0,,5.025,14347149800.0,-31500000.0,5.025,ETF close,-1.582875,沪深300ETF华夏,SSE
2026-06-10,510330,14328249800.0,,4.974,14315649800.0,12600000.0,4.974,ETF close,0.626724,沪深300ETF华夏,SSE
2026-06-11,510330,14380449800.0,,4.948,14328249800.0,52200000.0,4.948,ETF close,2.5828560000000005,沪深300ETF华夏,SSE
2026-06-12,510330,14265249800.0,,5.012,14380449800.0,-115200000.0,5.012,ETF close,-5.773824,沪深300ETF华夏,SSE
2026-06-15,510330,13777449800.0,,5.118,14265249800.0,-487800000.0,5.118,ETF close,-24.965604,沪深300ETF华夏,SSE
2026-06-16,510330,13450749800.0,,5.113,13777449800.0,-326700000.0,5.113,ETF close,-16.704171000000002,沪深300ETF华夏,SSE
2026-06-17,510330,13170849800.0,,5.165,13450749800.0,-279900000.0,5.165,ETF close,-14.456835,沪深300ETF华夏,SSE
2026-06-18,510330,12889149800.0,,5.191,13170849800.0,-281700000.0,5.191,ETF close,-14.623047,沪深300ETF华夏,SSE
2026-06-22,510330,12753249800.0,,5.302,12889149800.0,-135900000.0,5.302,ETF close,-7.205418,沪深300ETF华夏,SSE
2026-06-23,510330,11727249800.0,,5.15,12753249800.0,-1026000000.0,5.15,ETF close,-52.839,沪深300ETF华夏,SSE
2026-06-24,510330,10534749800.0,,5.176,11727249800.0,-1192500000.0,5.176,ETF close,-61.7238,沪深300ETF华夏,SSE
2026-06-25,510330,8762649800.0,,5.259,10534749800.0,-1772100000.0,5.259,ETF close,-93.194739,沪深300ETF华夏,SSE
2026-06-26,510330,8754549800.0,,5.112,8762649800.0,-8100000.0,5.112,ETF close,-0.414072,沪深300ETF华夏,SSE
2026-06-29,510330,8274849800.0,,5.176,8754549800.0,-479700000.0,5.176,ETF close,-24.829272,沪深300ETF华夏,SSE
2026-06-30,510330,7489149800.0,,5.23,8274849800.0,-785700000.0,5.23,ETF close,-41.092110000000005,沪深300ETF华夏,SSE
2026-07-01,510330,7503549800.0,,5.209,7489149800.0,14400000.0,5.209,ETF close,0.750096,沪深300ETF华夏,SSE
2026-07-02,510330,7554849800.0,,5.059,7503549800.0,51300000.0,5.059,ETF close,2.595267,沪深300ETF华夏,SSE
2026-07-03,510330,7548549800.0,,5.096,7554849800.0,-6300000.0,5.096,ETF close,-0.321048,沪深300ETF华夏,SSE
2026-07-06,510330,7520649800.0,,5.083,7548549800.0,-27900000.0,5.083,ETF close,-1.418157,沪深300ETF华夏,SSE
2026-07-07,510330,7514349800.0,,5.036,7520649800.0,-6300000.0,5.036,ETF close,-0.31726799999999994,沪深300ETF华夏,SSE
2026-07-08,510330,7534149800.0,,5.006,7514349800.0,19800000.0,5.006,ETF close,0.991188,沪深300ETF华夏,SSE
2026-07-09,510330,7550349800.0,,5.128,7534149800.0,16200000.0,5.128,ETF close,0.830736,沪深300ETF华夏,SSE
2026-07-10,510330,7578249800.0,,5.041,7550349800.0,27900000.0,5.041,ETF close,1.406439,沪深300ETF华夏,SSE
2026-07-13,510330,7710549800.0,,4.94,7578249800.0,132300000.0,4.94,ETF close,6.53562,沪深300ETF华夏,SSE
2026-07-14,510330,7749249800.0,,5.053,7710549800.0,38700000.0,5.053,ETF close,1.955511,沪深300ETF华夏,SSE
2026-07-15,510330,7765449800.0,,5.058,7749249800.0,16200000.0,5.058,ETF close,0.819396,沪深300ETF华夏,SSE
2026-07-16,510330,7889649800.0,,4.958,7765449800.0,124200000.0,4.958,ETF close,6.157836,沪深300ETF华夏,SSE
2026-07-17,510330,8252349800.0,,4.802,7889649800.0,362700000.0,4.802,ETF close,17.416853999999997,沪深300ETF华夏,SSE
2026-07-20,510330,8386449800.0,,4.846,8252349800.0,134100000.0,4.846,ETF close,6.498486,沪深300ETF华夏,SSE
2026-07-21,510330,8402649800.0,,4.985,8386449800.0,16200000.0,4.985,ETF close,0.80757,沪深300ETF华夏,SSE
2026-07-22,510330,8380149800.0,,4.966,8402649800.0,-22500000.0,4.966,ETF close,-1.11735,沪深300ETF华夏,SSE
2026-07-23,510330,8468349800.0,,4.988,8380149800.0,88200000.0,4.988,ETF close,4.399416,沪深300ETF华夏,SSE
2026-07-24,510330,8532249800.0,,4.898,8468349800.0,63900000.0,4.898,ETF close,3.129822,沪深300ETF华夏,SSE
2026-07-27,510330,8594349800.0,,4.957,8532249800.0,62100000.0,4.957,ETF close,3.078297,沪深300ETF华夏,SSE
2026-07-28,510330,8615949800.0,,4.82,8594349800.0,21600000.0,4.82,ETF close,1.04112,沪深300ETF华夏,SSE
2026-07-29,510330,8649249800.0,,4.854,8615949800.0,33300000.0,4.854,ETF close,1.616382,沪深300ETF华夏,SSE
2026-07-30,510330,8712249800.0,,4.797,8649249800.0,63000000.0,4.797,ETF close,3.02211,沪深300ETF华夏,SSE
2026-07-31,510330,8714049800.0,,4.85,8712249800.0,1800000.0,4.85,ETF close,0.0873,沪深300ETF华夏,SSE
2026-08-03,510330,8785149800.0,,4.798,8714049800.0,71100000.0,4.798,ETF close,3.411378,沪深300ETF华夏,SSE
2025-01-02,588000,90929668200.0,,1.009,,,1.009,ETF close,,科创50ETF华夏,SSE
2025-01-03,588000,92081668200.0,,0.993,90929668200.0,1152000000.0,0.993,ETF close,11.43936,科创50ETF华夏,SSE
2025-01-06,588000,92504668200.0,,0.989,92081668200.0,423000000.0,0.989,ETF close,4.18347,科创50ETF华夏,SSE
2025-01-07,588000,90790168200.0,,1.018,92504668200.0,-1714500000.0,1.018,ETF close,-17.45361,科创50ETF华夏,SSE
2025-01-08,588000,90403168200.0,,1.017,90790168200.0,-387000000.0,1.017,ETF close,-3.9357899999999995,科创50ETF华夏,SSE
2025-01-09,588000,89777668200.0,,1.015,90403168200.0,-625500000.0,1.015,ETF close,-6.348824999999999,科创50ETF华夏,SSE
2025-01-10,588000,88738168200.0,,1.005,89777668200.0,-1039500000.0,1.005,ETF close,-10.446974999999998,科创50ETF华夏,SSE
2025-01-13,588000,89206168200.0,,1.005,88738168200.0,468000000.0,1.005,ETF close,4.703399999999999,科创50ETF华夏,SSE
2025-01-14,588000,88621168200.0,,1.037,89206168200.0,-585000000.0,1.037,ETF close,-6.06645,科创50ETF华夏,SSE
2025-01-15,588000,88009168200.0,,1.032,88621168200.0,-612000000.0,1.032,ETF close,-6.31584,科创50ETF华夏,SSE
2025-01-16,588000,89606668200.0,,1.011,88009168200.0,1597500000.0,1.011,ETF close,16.150724999999998,科创50ETF华夏,SSE
2025-01-17,588000,89080168200.0,,1.02,89606668200.0,-526500000.0,1.02,ETF close,-5.3703,科创50ETF华夏,SSE
2025-01-20,588000,89030668200.0,,1.022,89080168200.0,-49500000.0,1.022,ETF close,-0.50589,科创50ETF华夏,SSE
2025-01-21,588000,88004668200.0,,1.031,89030668200.0,-1026000000.0,1.031,ETF close,-10.578059999999999,科创50ETF华夏,SSE
2025-01-22,588000,87901168200.0,,1.029,88004668200.0,-103500000.0,1.029,ETF close,-1.0650149999999998,科创50ETF华夏,SSE
2025-01-23,588000,88823668200.0,,1.021,87901168200.0,922500000.0,1.021,ETF close,9.418724999999998,科创50ETF华夏,SSE
2025-01-24,588000,88328668200.0,,1.029,88823668200.0,-495000000.0,1.029,ETF close,-5.09355,科创50ETF华夏,SSE
2025-01-27,588000,89561668200.0,,1.009,88328668200.0,1233000000.0,1.009,ETF close,12.440969999999998,科创50ETF华夏,SSE
2025-02-05,588000,86645668200.0,,1.037,89561668200.0,-2916000000.0,1.037,ETF close,-30.23892,科创50ETF华夏,SSE
2025-02-06,588000,84557668200.0,,1.067,86645668200.0,-2088000000.0,1.067,ETF close,-22.27896,科创50ETF华夏,SSE
2025-02-07,588000,83482168200.0,,1.076,84557668200.0,-1075500000.0,1.076,ETF close,-11.57238,科创50ETF华夏,SSE
2025-02-10,588000,81596668200.0,,1.094,83482168200.0,-1885500000.0,1.094,ETF close,-20.627370000000003,科创50ETF华夏,SSE
2025-02-11,588000,81812668200.0,,1.08,81596668200.0,216000000.0,1.08,ETF close,2.3328,科创50ETF华夏,SSE
2025-02-12,588000,80174668200.0,,1.099,81812668200.0,-1638000000.0,1.099,ETF close,-18.00162,科创50ETF华夏,SSE
2025-02-13,588000,80867668200.0,,1.073,80174668200.0,693000000.0,1.073,ETF close,7.43589,科创50ETF华夏,SSE
2025-02-14,588000,80327668200.0,,1.078,80867668200.0,-540000000.0,1.078,ETF close,-5.8212,科创50ETF华夏,SSE
2025-02-17,588000,79076668200.0,,1.093,80327668200.0,-1251000000.0,1.093,ETF close,-13.67343,科创50ETF华夏,SSE
2025-02-18,588000,79846168200.0,,1.066,79076668200.0,769500000.0,1.066,ETF close,8.20287,科创50ETF华夏,SSE
2025-02-19,588000,77717668200.0,,1.092,79846168200.0,-2128500000.0,1.092,ETF close,-23.24322,科创50ETF华夏,SSE
2025-02-20,588000,77236168200.0,,1.091,77717668200.0,-481500000.0,1.091,ETF close,-5.253165,科创50ETF华夏,SSE
2025-02-21,588000,73015168200.0,,1.157,77236168200.0,-4221000000.0,1.157,ETF close,-48.83697,科创50ETF华夏,SSE
2025-02-24,588000,72925168200.0,,1.161,73015168200.0,-90000000.0,1.161,ETF close,-1.0449,科创50ETF华夏,SSE
2025-02-25,588000,72178168200.0,,1.162,72925168200.0,-747000000.0,1.162,ETF close,-8.68014,科创50ETF华夏,SSE
2025-02-26,588000,70990168200.0,,1.186,72178168200.0,-1188000000.0,1.186,ETF close,-14.08968,科创50ETF华夏,SSE
2025-02-27,588000,71561668200.0,,1.185,70990168200.0,571500000.0,1.185,ETF close,6.772275,科创50ETF华夏,SSE
2025-02-28,588000,71903668200.0,,1.133,71561668200.0,342000000.0,1.133,ETF close,3.87486,科创50ETF华夏,SSE
2025-03-03,588000,72047668200.0,,1.119,71903668200.0,144000000.0,1.119,ETF close,1.61136,科创50ETF华夏,SSE
2025-03-04,588000,71228668200.0,,1.139,72047668200.0,-819000000.0,1.139,ETF close,-9.32841,科创50ETF华夏,SSE
2025-03-05,588000,71269168200.0,,1.142,71228668200.0,40500000.0,1.142,ETF close,0.4625099999999999,科创50ETF华夏,SSE
2025-03-06,588000,69172168200.0,,1.181,71269168200.0,-2097000000.0,1.181,ETF close,-24.76557,科创50ETF华夏,SSE
2025-03-07,588000,70634668200.0,,1.167,69172168200.0,1462500000.0,1.167,ETF close,17.067375,科创50ETF华夏,SSE
2025-03-10,588000,70891168200.0,,1.163,70634668200.0,256500000.0,1.163,ETF close,2.983095,科创50ETF华夏,SSE
2025-03-11,588000,71737168200.0,,1.158,70891168200.0,846000000.0,1.158,ETF close,9.796679999999999,科创50ETF华夏,SSE
2025-03-12,588000,71845168200.0,,1.15,71737168200.0,108000000.0,1.15,ETF close,1.2419999999999998,科创50ETF华夏,SSE
2025-03-13,588000,72488668200.0,,1.126,71845168200.0,643500000.0,1.126,ETF close,7.245809999999999,科创50ETF华夏,SSE
2025-03-14,588000,72691168200.0,,1.146,72488668200.0,202500000.0,1.146,ETF close,2.3206499999999997,科创50ETF华夏,SSE
2025-03-17,588000,72983668200.0,,1.14,72691168200.0,292500000.0,1.14,ETF close,3.3345,科创50ETF华夏,SSE
2025-03-18,588000,73105168200.0,,1.146,72983668200.0,121500000.0,1.146,ETF close,1.39239,科创50ETF华夏,SSE
2025-03-19,588000,73604668200.0,,1.131,73105168200.0,499500000.0,1.131,ETF close,5.649345,科创50ETF华夏,SSE
2025-03-20,588000,74531668200.0,,1.119,73604668200.0,927000000.0,1.119,ETF close,10.37313,科创50ETF华夏,SSE
2025-03-21,588000,75737668200.0,,1.095,74531668200.0,1206000000.0,1.095,ETF close,13.2057,科创50ETF华夏,SSE
2025-03-24,588000,76160668200.0,,1.101,75737668200.0,423000000.0,1.101,ETF close,4.65723,科创50ETF华夏,SSE
2025-03-25,588000,76898668200.0,,1.083,76160668200.0,738000000.0,1.083,ETF close,7.99254,科创50ETF华夏,SSE
2025-03-26,588000,76691668200.0,,1.081,76898668200.0,-207000000.0,1.081,ETF close,-2.23767,科创50ETF华夏,SSE
2025-03-27,588000,76043668200.0,,1.092,76691668200.0,-648000000.0,1.092,ETF close,-7.07616,科创50ETF华夏,SSE
2025-03-28,588000,76345168200.0,,1.081,76043668200.0,301500000.0,1.081,ETF close,3.259215,科创50ETF华夏,SSE
2025-03-31,588000,76790668200.0,,1.074,76345168200.0,445500000.0,1.074,ETF close,4.78467,科创50ETF华夏,SSE
2025-04-01,588000,76961668200.0,,1.076,76790668200.0,171000000.0,1.076,ETF close,1.83996,科创50ETF华夏,SSE
2025-04-02,588000,77222668200.0,,1.074,76961668200.0,261000000.0,1.074,ETF close,2.80314,科创50ETF华夏,SSE
2025-04-03,588000,77524168200.0,,1.068,77222668200.0,301500000.0,1.068,ETF close,3.22002,科创50ETF华夏,SSE
2025-04-07,588000,77915668200.0,,0.97,77524168200.0,391500000.0,0.97,ETF close,3.79755,科创50ETF华夏,SSE
2025-04-08,588000,77969668200.0,,0.986,77915668200.0,54000000.0,0.986,ETF close,0.53244,科创50ETF华夏,SSE
2025-04-09,588000,76070668200.0,,1.028,77969668200.0,-1899000000.0,1.028,ETF close,-19.52172,科创50ETF华夏,SSE
2025-04-10,588000,76138168200.0,,1.042,76070668200.0,67500000.0,1.042,ETF close,0.70335,科创50ETF华夏,SSE
2025-04-11,588000,75022168200.0,,1.061,76138168200.0,-1116000000.0,1.061,ETF close,-11.84076,科创50ETF华夏,SSE
2025-04-14,588000,74450668200.0,,1.064,75022168200.0,-571500000.0,1.064,ETF close,-6.08076,科创50ETF华夏,SSE
2025-04-15,588000,74702668200.0,,1.054,74450668200.0,252000000.0,1.054,ETF close,2.65608,科创50ETF华夏,SSE
2025-04-16,588000,74140168200.0,,1.061,74702668200.0,-562500000.0,1.061,ETF close,-5.968125,科创50ETF华夏,SSE
2025-04-17,588000,73600168200.0,,1.066,74140168200.0,-540000000.0,1.066,ETF close,-5.7564,科创50ETF华夏,SSE
2025-04-18,588000,73888168200.0,,1.059,73600168200.0,288000000.0,1.059,ETF close,3.04992,科创50ETF华夏,SSE
2025-04-21,588000,73312168200.0,,1.07,73888168200.0,-576000000.0,1.07,ETF close,-6.1632,科创50ETF华夏,SSE
2025-04-22,588000,73136668200.0,,1.066,73312168200.0,-175500000.0,1.066,ETF close,-1.87083,科创50ETF华夏,SSE
2025-04-23,588000,73501168200.0,,1.063,73136668200.0,364500000.0,1.063,ETF close,3.874635,科创50ETF华夏,SSE
2025-04-24,588000,73636168200.0,,1.052,73501168200.0,135000000.0,1.052,ETF close,1.4202,科创50ETF华夏,SSE
2025-04-25,588000,73420168200.0,,1.054,73636168200.0,-216000000.0,1.054,ETF close,-2.27664,科创50ETF华夏,SSE
2025-04-28,588000,73208668200.0,,1.051,73420168200.0,-211500000.0,1.051,ETF close,-2.222865,科创50ETF华夏,SSE
2025-04-29,588000,73051168200.0,,1.053,73208668200.0,-157500000.0,1.053,ETF close,-1.658475,科创50ETF华夏,SSE
2025-04-30,588000,72664168200.0,,1.062,73051168200.0,-387000000.0,1.062,ETF close,-4.10994,科创50ETF华夏,SSE
2025-05-06,588000,72484168200.0,,1.078,72664168200.0,-180000000.0,1.078,ETF close,-1.9404,科创50ETF华夏,SSE
2025-05-07,588000,73060168200.0,,1.081,72484168200.0,576000000.0,1.081,ETF close,6.22656,科创50ETF华夏,SSE
2025-05-08,588000,73636168200.0,,1.077,73060168200.0,576000000.0,1.077,ETF close,6.20352,科创50ETF华夏,SSE
2025-05-09,588000,74392168200.0,,1.056,73636168200.0,756000000.0,1.056,ETF close,7.98336,科创50ETF华夏,SSE
2025-05-12,588000,74860168200.0,,1.063,74392168200.0,468000000.0,1.063,ETF close,4.97484,科创50ETF华夏,SSE
2025-05-13,588000,74846668200.0,,1.06,74860168200.0,-13500000.0,1.06,ETF close,-0.1431,科创50ETF华夏,SSE
2025-05-14,588000,75139168200.0,,1.065,74846668200.0,292500000.0,1.065,ETF close,3.115125,科创50ETF华夏,SSE
2025-05-15,588000,75571168200.0,,1.05,75139168200.0,432000000.0,1.05,ETF close,4.536,科创50ETF华夏,SSE
2025-05-16,588000,75737668200.0,,1.044,75571168200.0,166500000.0,1.044,ETF close,1.73826,科创50ETF华夏,SSE
2025-05-19,588000,76291168200.0,,1.045,75737668200.0,553500000.0,1.045,ETF close,5.784075,科创50ETF华夏,SSE
2025-05-20,588000,76259668200.0,,1.048,76291168200.0,-31500000.0,1.048,ETF close,-0.33012,科创50ETF华夏,SSE
2025-05-21,588000,76489168200.0,,1.045,76259668200.0,229500000.0,1.045,ETF close,2.3982749999999995,科创50ETF华夏,SSE
2025-05-22,588000,76579168200.0,,1.039,76489168200.0,90000000.0,1.039,ETF close,0.9351,科创50ETF华夏,SSE
2025-05-23,588000,76691668200.0,,1.03,76579168200.0,112500000.0,1.03,ETF close,1.15875,科创50ETF华夏,SSE
2025-05-26,588000,76426168200.0,,1.035,76691668200.0,-265500000.0,1.035,ETF close,-2.747925,科创50ETF华夏,SSE
2025-05-27,588000,76754668200.0,,1.028,76426168200.0,328500000.0,1.028,ETF close,3.37698,科创50ETF华夏,SSE
2025-05-28,588000,76934668200.0,,1.023,76754668200.0,180000000.0,1.023,ETF close,1.8413999999999997,科创50ETF华夏,SSE
2025-05-29,588000,76970668200.0,,1.04,76934668200.0,36000000.0,1.04,ETF close,0.3744,科创50ETF华夏,SSE
2025-05-30,588000,77335168200.0,,1.03,76970668200.0,364500000.0,1.03,ETF close,3.75435,科创50ETF华夏,SSE
2025-06-03,588000,77150668200.0,,1.034,77335168200.0,-184500000.0,1.034,ETF close,-1.90773,科创50ETF华夏,SSE
2025-06-04,588000,77096668200.0,,1.04,77150668200.0,-54000000.0,1.04,ETF close,-0.5616,科创50ETF华夏,SSE
2025-06-05,588000,76709668200.0,,1.051,77096668200.0,-387000000.0,1.051,ETF close,-4.06737,科创50ETF华夏,SSE
2025-06-06,588000,76853668200.0,,1.047,76709668200.0,144000000.0,1.047,ETF close,1.50768,科创50ETF华夏,SSE
2025-06-09,588000,76822168200.0,,1.053,76853668200.0,-31500000.0,1.053,ETF close,-0.33169499999999996,科创50ETF华夏,SSE
2025-06-10,588000,77443168200.0,,1.032,76822168200.0,621000000.0,1.032,ETF close,6.40872,科创50ETF华夏,SSE
2025-06-11,588000,78077668200.0,,1.031,77443168200.0,634500000.0,1.031,ETF close,6.541695,科创50ETF华夏,SSE
2025-06-12,588000,78374668200.0,,1.027,78077668200.0,297000000.0,1.027,ETF close,3.05019,科创50ETF华夏,SSE
2025-06-13,588000,78640168200.0,,1.022,78374668200.0,265500000.0,1.022,ETF close,2.71341,科创50ETF华夏,SSE
2025-06-16,588000,78968668200.0,,1.021,78640168200.0,328500000.0,1.021,ETF close,3.3539849999999993,科创50ETF华夏,SSE
2025-06-17,588000,80282668200.0,,1.012,78968668200.0,1314000000.0,1.012,ETF close,13.29768,科创50ETF华夏,SSE
2025-06-18,588000,80552668200.0,,1.018,80282668200.0,270000000.0,1.018,ETF close,2.7486,科创50ETF华夏,SSE
2025-06-19,588000,80476168200.0,,1.012,80552668200.0,-76500000.0,1.012,ETF close,-0.77418,科创50ETF华夏,SSE
2025-06-20,588000,80629168200.0,,1.006,80476168200.0,153000000.0,1.006,ETF close,1.53918,科创50ETF华夏,SSE
2025-06-23,588000,80278168200.0,,1.012,80629168200.0,-351000000.0,1.012,ETF close,-3.55212,科创50ETF华夏,SSE
2025-06-24,588000,80089168200.0,,1.029,80278168200.0,-189000000.0,1.029,ETF close,-1.9448099999999997,科创50ETF华夏,SSE
2025-06-25,588000,79733668200.0,,1.048,80089168200.0,-355500000.0,1.048,ETF close,-3.72564,科创50ETF华夏,SSE
2025-06-26,588000,79369168200.0,,1.041,79733668200.0,-364500000.0,1.041,ETF close,-3.794445,科创50ETF华夏,SSE
2025-06-27,588000,79486168200.0,,1.041,79369168200.0,117000000.0,1.041,ETF close,1.2179699999999998,科创50ETF华夏,SSE
2025-06-30,588000,78964168200.0,,1.056,79486168200.0,-522000000.0,1.056,ETF close,-5.51232,科创50ETF华夏,SSE
2025-07-01,588000,79292668200.0,,1.048,78964168200.0,328500000.0,1.048,ETF close,3.44268,科创50ETF华夏,SSE
2025-07-02,588000,79918168200.0,,1.035,79292668200.0,625500000.0,1.035,ETF close,6.473925,科创50ETF华夏,SSE
2025-07-03,588000,80246668200.0,,1.036,79918168200.0,328500000.0,1.036,ETF close,3.40326,科创50ETF华夏,SSE
2025-07-04,588000,80327668200.0,,1.035,80246668200.0,81000000.0,1.035,ETF close,0.83835,科创50ETF华夏,SSE
2025-07-07,588000,80512168200.0,,1.029,80327668200.0,184500000.0,1.029,ETF close,1.8985049999999997,科创50ETF华夏,SSE
2025-07-08,588000,80174668200.0,,1.044,80512168200.0,-337500000.0,1.044,ETF close,-3.5235,科创50ETF华夏,SSE
2025-07-09,588000,80746168200.0,,1.036,80174668200.0,571500000.0,1.036,ETF close,5.92074,科创50ETF华夏,SSE
2025-07-10,588000,81934168200.0,,1.033,80746168200.0,1188000000.0,1.033,ETF close,12.27204,科创50ETF华夏,SSE
2025-07-11,588000,82312168200.0,,1.047,81934168200.0,378000000.0,1.047,ETF close,3.95766,科创50ETF华夏,SSE
2025-07-14,588000,82834168200.0,,1.046,82312168200.0,522000000.0,1.046,ETF close,5.46012,科创50ETF华夏,SSE
2025-07-15,588000,83761168200.0,,1.048,82834168200.0,927000000.0,1.048,ETF close,9.71496,科创50ETF华夏,SSE
2025-07-16,588000,84040168200.0,,1.049,83761168200.0,279000000.0,1.049,ETF close,2.92671,科创50ETF华夏,SSE
2025-07-17,588000,83473168200.0,,1.057,84040168200.0,-567000000.0,1.057,ETF close,-5.99319,科创50ETF华夏,SSE
2025-07-18,588000,83104168200.0,,1.06,83473168200.0,-369000000.0,1.06,ETF close,-3.9114,科创50ETF华夏,SSE
2025-07-21,588000,83518168200.0,,1.061,83104168200.0,414000000.0,1.061,ETF close,4.39254,科创50ETF华夏,SSE
2025-07-22,588000,83365168200.0,,1.069,83518168200.0,-153000000.0,1.069,ETF close,-1.63557,科创50ETF华夏,SSE
2025-07-23,588000,82879168200.0,,1.074,83365168200.0,-486000000.0,1.074,ETF close,-5.219640000000001,科创50ETF华夏,SSE
2025-07-24,588000,82555168200.0,,1.086,82879168200.0,-324000000.0,1.086,ETF close,-3.51864,科创50ETF华夏,SSE
2025-07-25,588000,81803668200.0,,1.109,82555168200.0,-751500000.0,1.109,ETF close,-8.334135,科创50ETF华夏,SSE
2025-07-28,588000,82600168200.0,,1.11,81803668200.0,796500000.0,1.11,ETF close,8.84115,科创50ETF华夏,SSE
2025-07-29,588000,81574168200.0,,1.125,82600168200.0,-1026000000.0,1.125,ETF close,-11.5425,科创50ETF华夏,SSE
2025-07-30,588000,81596668200.0,,1.112,81574168200.0,22500000.0,1.112,ETF close,0.25020000000000003,科创50ETF华夏,SSE
2025-07-31,588000,80008168200.0,,1.101,81596668200.0,-1588500000.0,1.101,ETF close,-17.489385,科创50ETF华夏,SSE
2025-08-01,588000,79495168200.0,,1.091,80008168200.0,-513000000.0,1.091,ETF close,-5.59683,科创50ETF华夏,SSE
2025-08-04,588000,78761668200.0,,1.104,79495168200.0,-733500000.0,1.104,ETF close,-8.097840000000001,科创50ETF华夏,SSE
2025-08-05,588000,78955168200.0,,1.109,78761668200.0,193500000.0,1.109,ETF close,2.145915,科创50ETF华夏,SSE
2025-08-06,588000,79211668200.0,,1.113,78955168200.0,256500000.0,1.113,ETF close,2.854845,科创50ETF华夏,SSE
2025-08-07,588000,78383668200.0,,1.112,79211668200.0,-828000000.0,1.112,ETF close,-9.207360000000001,科创50ETF华夏,SSE
2025-08-08,588000,78140668200.0,,1.096,78383668200.0,-243000000.0,1.096,ETF close,-2.6632800000000003,科创50ETF华夏,SSE
2025-08-11,588000,77708668200.0,,1.103,78140668200.0,-432000000.0,1.103,ETF close,-4.76496,科创50ETF华夏,SSE
2025-08-12,588000,75458668200.0,,1.124,77708668200.0,-2250000000.0,1.124,ETF close,-25.290000000000006,科创50ETF华夏,SSE
2025-08-13,588000,75022168200.0,,1.133,75458668200.0,-436500000.0,1.133,ETF close,-4.945545,科创50ETF华夏,SSE
2025-08-14,588000,71971168200.0,,1.142,75022168200.0,-3051000000.0,1.142,ETF close,-34.84242,科创50ETF华夏,SSE
2025-08-15,588000,71939668200.0,,1.158,71971168200.0,-31500000.0,1.158,ETF close,-0.36477,科创50ETF华夏,SSE
2025-08-18,588000,70630168200.0,,1.183,71939668200.0,-1309500000.0,1.183,ETF close,-15.491385,科创50ETF华夏,SSE
2025-08-19,588000,70702168200.0,,1.17,70630168200.0,72000000.0,1.17,ETF close,0.8424,科创50ETF华夏,SSE
2025-08-20,588000,68857168200.0,,1.208,70702168200.0,-1845000000.0,1.208,ETF close,-22.2876,科创50ETF华夏,SSE
2025-08-21,588000,67961668200.0,,1.208,68857168200.0,-895500000.0,1.208,ETF close,-10.81764,科创50ETF华夏,SSE
2025-08-22,588000,64087168200.0,,1.323,67961668200.0,-3874500000.0,1.323,ETF close,-51.259635,科创50ETF华夏,SSE
2025-08-25,588000,62444668200.0,,1.356,64087168200.0,-1642500000.0,1.356,ETF close,-22.2723,科创50ETF华夏,SSE
2025-08-26,588000,62584168200.0,,1.336,62444668200.0,139500000.0,1.336,ETF close,1.86372,科创50ETF华夏,SSE
2025-08-27,588000,60397168200.0,,1.337,62584168200.0,-2187000000.0,1.337,ETF close,-29.24019,科创50ETF华夏,SSE
2025-08-28,588000,57926668200.0,,1.433,60397168200.0,-2470500000.0,1.433,ETF close,-35.402265,科创50ETF华夏,SSE
2025-08-29,588000,58138168200.0,,1.412,57926668200.0,211500000.0,1.412,ETF close,2.98638,科创50ETF华夏,SSE
2025-09-01,588000,57310168200.0,,1.431,58138168200.0,-828000000.0,1.431,ETF close,-11.84868,科创50ETF华夏,SSE
2025-09-02,588000,56459668200.0,,1.394,57310168200.0,-850500000.0,1.394,ETF close,-11.85597,科创50ETF华夏,SSE
2025-09-03,588000,55573168200.0,,1.365,56459668200.0,-886500000.0,1.365,ETF close,-12.100725,科创50ETF华夏,SSE
2025-09-04,588000,55528168200.0,,1.282,55573168200.0,-45000000.0,1.282,ETF close,-0.5769,科创50ETF华夏,SSE
2025-09-05,588000,55654168200.0,,1.326,55528168200.0,126000000.0,1.326,ETF close,1.67076,科创50ETF华夏,SSE
2025-09-08,588000,54979168200.0,,1.328,55654168200.0,-675000000.0,1.328,ETF close,-8.964,科创50ETF华夏,SSE
2025-09-09,588000,54506668200.0,,1.307,54979168200.0,-472500000.0,1.307,ETF close,-6.175575,科创50ETF华夏,SSE
2025-09-10,588000,54056668200.0,,1.321,54506668200.0,-450000000.0,1.321,ETF close,-5.9445,科创50ETF华夏,SSE
2025-09-11,588000,53386168200.0,,1.393,54056668200.0,-670500000.0,1.393,ETF close,-9.340065,科创50ETF华夏,SSE
2025-09-12,588000,52580668200.0,,1.406,53386168200.0,-805500000.0,1.406,ETF close,-11.32533,科创50ETF华夏,SSE
2025-09-15,588000,52441168200.0,,1.409,52580668200.0,-139500000.0,1.409,ETF close,-1.965555,科创50ETF华夏,SSE
2025-09-16,588000,51586168200.0,,1.426,52441168200.0,-855000000.0,1.426,ETF close,-12.1923,科创50ETF华夏,SSE
2025-09-17,588000,51041668200.0,,1.44,51586168200.0,-544500000.0,1.44,ETF close,-7.8408,科创50ETF华夏,SSE
2025-09-18,588000,50605168200.0,,1.45,51041668200.0,-436500000.0,1.45,ETF close,-6.32925,科创50ETF华夏,SSE
2025-09-19,588000,49583668200.0,,1.431,50605168200.0,-1021500000.0,1.431,ETF close,-14.617665,科创50ETF华夏,SSE
2025-09-22,588000,48449668200.0,,1.479,49583668200.0,-1134000000.0,1.479,ETF close,-16.77186,科创50ETF华夏,SSE
2025-09-23,588000,48350668200.0,,1.475,48449668200.0,-99000000.0,1.475,ETF close,-1.46025,科创50ETF华夏,SSE
2025-09-24,588000,47477668200.0,,1.53,48350668200.0,-873000000.0,1.53,ETF close,-13.3569,科创50ETF华夏,SSE
2025-09-25,588000,47608168200.0,,1.548,47477668200.0,130500000.0,1.548,ETF close,2.02014,科创50ETF华夏,SSE
2025-09-26,588000,47788168200.0,,1.524,47608168200.0,180000000.0,1.524,ETF close,2.7432,科创50ETF华夏,SSE
2025-09-29,588000,48206668200.0,,1.543,47788168200.0,418500000.0,1.543,ETF close,6.457455,科创50ETF华夏,SSE
2025-09-30,588000,48175168200.0,,1.57,48206668200.0,-31500000.0,1.57,ETF close,-0.49455,科创50ETF华夏,SSE
2025-10-09,588000,47851168200.0,,1.618,48175168200.0,-324000000.0,1.618,ETF close,-5.24232,科创50ETF华夏,SSE
2025-10-10,588000,49979668200.0,,1.528,47851168200.0,2128500000.0,1.528,ETF close,32.52348,科创50ETF华夏,SSE
2025-10-13,588000,49228168200.0,,1.546,49979668200.0,-751500000.0,1.546,ETF close,-11.61819,科创50ETF华夏,SSE
2025-10-14,588000,49678168200.0,,1.481,49228168200.0,450000000.0,1.481,ETF close,6.6645,科创50ETF华夏,SSE
2025-10-15,588000,49435168200.0,,1.501,49678168200.0,-243000000.0,1.501,ETF close,-3.64743,科创50ETF华夏,SSE
2025-10-16,588000,48922168200.0,,1.487,49435168200.0,-513000000.0,1.487,ETF close,-7.62831,科创50ETF华夏,SSE
2025-10-17,588000,49664668200.0,,1.433,48922168200.0,742500000.0,1.433,ETF close,10.640025,科创50ETF华夏,SSE
2025-10-20,588000,49615168200.0,,1.437,49664668200.0,-49500000.0,1.437,ETF close,-0.711315,科创50ETF华夏,SSE
2025-10-21,588000,49061668200.0,,1.477,49615168200.0,-553500000.0,1.477,ETF close,-8.175195,科创50ETF华夏,SSE
2025-10-22,588000,48629668200.0,,1.476,49061668200.0,-432000000.0,1.476,ETF close,-6.37632,科创50ETF华夏,SSE
2025-10-23,588000,49007668200.0,,1.473,48629668200.0,378000000.0,1.473,ETF close,5.56794,科创50ETF华夏,SSE
2025-10-24,588000,48323668200.0,,1.535,49007668200.0,-684000000.0,1.535,ETF close,-10.4994,科创50ETF华夏,SSE
2025-10-27,588000,48958168200.0,,1.558,48323668200.0,634500000.0,1.558,ETF close,9.88551,科创50ETF华夏,SSE
2025-10-28,588000,48904168200.0,,1.545,48958168200.0,-54000000.0,1.545,ETF close,-0.8343,科创50ETF华夏,SSE
2025-10-29,588000,49097668200.0,,1.565,48904168200.0,193500000.0,1.565,ETF close,3.028275,科创50ETF华夏,SSE
2025-10-30,588000,49174168200.0,,1.535,49097668200.0,76500000.0,1.535,ETF close,1.174275,科创50ETF华夏,SSE
2025-10-31,588000,50272168200.0,,1.488,49174168200.0,1098000000.0,1.488,ETF close,16.33824,科创50ETF华夏,SSE
2025-11-03,588000,50497168200.0,,1.47,50272168200.0,225000000.0,1.47,ETF close,3.3075,科创50ETF华夏,SSE
2025-11-04,588000,49975168200.0,,1.455,50497168200.0,-522000000.0,1.455,ETF close,-7.5951,科创50ETF华夏,SSE
2025-11-05,588000,50060668200.0,,1.46,49975168200.0,85500000.0,1.46,ETF close,1.2483,科创50ETF华夏,SSE
2025-11-06,588000,49003168200.0,,1.509,50060668200.0,-1057500000.0,1.509,ETF close,-15.957675,科创50ETF华夏,SSE
2025-11-07,588000,49012168200.0,,1.487,49003168200.0,9000000.0,1.487,ETF close,0.13383,科创50ETF华夏,SSE
2025-11-10,588000,49336168200.0,,1.478,49012168200.0,324000000.0,1.478,ETF close,4.78872,科创50ETF华夏,SSE
2025-11-11,588000,49466668200.0,,1.457,49336168200.0,130500000.0,1.457,ETF close,1.901385,科创50ETF华夏,SSE
2025-11-12,588000,50357668200.0,,1.449,49466668200.0,891000000.0,1.449,ETF close,12.91059,科创50ETF华夏,SSE
2025-11-13,588000,50227168200.0,,1.469,50357668200.0,-130500000.0,1.469,ETF close,-1.917045,科创50ETF华夏,SSE
2025-11-14,588000,50735668200.0,,1.431,50227168200.0,508500000.0,1.431,ETF close,7.276635,科创50ETF华夏,SSE
2025-11-17,588000,50821168200.0,,1.422,50735668200.0,85500000.0,1.422,ETF close,1.21581,科创50ETF华夏,SSE
2025-11-18,588000,50614168200.0,,1.427,50821168200.0,-207000000.0,1.427,ETF close,-2.95389,科创50ETF华夏,SSE
2025-11-19,588000,50960668200.0,,1.413,50614168200.0,346500000.0,1.413,ETF close,4.896045,科创50ETF华夏,SSE
2025-11-20,588000,51500668200.0,,1.396,50960668200.0,540000000.0,1.396,ETF close,7.5384,科创50ETF华夏,SSE
2025-11-21,588000,53264668200.0,,1.351,51500668200.0,1764000000.0,1.351,ETF close,23.83164,科创50ETF华夏,SSE
2025-11-24,588000,53647168200.0,,1.36,53264668200.0,382500000.0,1.36,ETF close,5.202000000000001,科创50ETF华夏,SSE
2025-11-25,588000,53210668200.0,,1.369,53647168200.0,-436500000.0,1.369,ETF close,-5.975685,科创50ETF华夏,SSE
2025-11-26,588000,52090168200.0,,1.382,53210668200.0,-1120500000.0,1.382,ETF close,-15.48531,科创50ETF华夏,SSE
2025-11-27,588000,51725668200.0,,1.379,52090168200.0,-364500000.0,1.379,ETF close,-5.026455,科创50ETF华夏,SSE
2025-11-28,588000,51482668200.0,,1.393,51725668200.0,-243000000.0,1.393,ETF close,-3.38499,科创50ETF华夏,SSE
2025-12-01,588000,51532168200.0,,1.404,51482668200.0,49500000.0,1.404,ETF close,0.69498,科创50ETF华夏,SSE
2025-12-02,588000,51550168200.0,,1.387,51532168200.0,18000000.0,1.387,ETF close,0.24966,科创50ETF华夏,SSE
2025-12-03,588000,51599668200.0,,1.375,51550168200.0,49500000.0,1.375,ETF close,0.680625,科创50ETF华夏,SSE
2025-12-04,588000,51640168200.0,,1.394,51599668200.0,40500000.0,1.394,ETF close,0.5645699999999999,科创50ETF华夏,SSE
2025-12-05,588000,52418668200.0,,1.394,51640168200.0,778500000.0,1.394,ETF close,10.85229,科创50ETF华夏,SSE
2025-12-08,588000,52976668200.0,,1.42,52418668200.0,558000000.0,1.42,ETF close,7.9236,科创50ETF华夏,SSE
2025-12-09,588000,52873168200.0,,1.414,52976668200.0,-103500000.0,1.414,ETF close,-1.46349,科创50ETF华夏,SSE
2025-12-10,588000,53084668200.0,,1.415,52873168200.0,211500000.0,1.415,ETF close,2.992725,科创50ETF华夏,SSE
2025-12-11,588000,53444668200.0,,1.392,53084668200.0,360000000.0,1.392,ETF close,5.0112,科创50ETF华夏,SSE
2025-12-12,588000,53026168200.0,,1.418,53444668200.0,-418500000.0,1.418,ETF close,-5.93433,科创50ETF华夏,SSE
2025-12-15,588000,53534668200.0,,1.389,53026168200.0,508500000.0,1.389,ETF close,7.063065,科创50ETF华夏,SSE
2025-12-16,588000,54164668200.0,,1.361,53534668200.0,630000000.0,1.361,ETF close,8.5743,科创50ETF华夏,SSE
2025-12-17,588000,53669668200.0,,1.396,54164668200.0,-495000000.0,1.396,ETF close,-6.9102,科创50ETF华夏,SSE
2025-12-18,588000,53989168200.0,,1.376,53669668200.0,319500000.0,1.376,ETF close,4.396319999999999,科创50ETF华夏,SSE
2025-12-19,588000,54317668200.0,,1.38,53989168200.0,328500000.0,1.38,ETF close,4.5333,科创50ETF华夏,SSE
2025-12-22,588000,54047668200.0,,1.405,54317668200.0,-270000000.0,1.405,ETF close,-3.7935,科创50ETF华夏,SSE
2025-12-23,588000,53615668200.0,,1.41,54047668200.0,-432000000.0,1.41,ETF close,-6.0912,科创50ETF华夏,SSE
2025-12-24,588000,53359168200.0,,1.423,53615668200.0,-256500000.0,1.423,ETF close,-3.649995,科创50ETF华夏,SSE
2025-12-25,588000,53849668200.0,,1.422,53359168200.0,490500000.0,1.422,ETF close,6.97491,科创50ETF华夏,SSE
2025-12-26,588000,54349168200.0,,1.419,53849668200.0,499500000.0,1.419,ETF close,7.087905,科创50ETF华夏,SSE
2025-12-29,588000,53705668200.0,,1.417,54349168200.0,-643500000.0,1.417,ETF close,-9.118395,科创50ETF华夏,SSE
2025-12-30,588000,53089168200.0,,1.433,53705668200.0,-616500000.0,1.433,ETF close,-8.834445,科创50ETF华夏,SSE
2025-12-31,588000,53710168200.0,,1.417,53089168200.0,621000000.0,1.417,ETF close,8.79957,科创50ETF华夏,SSE
2026-01-05,588000,53165668200.0,,1.479,53710168200.0,-544500000.0,1.479,ETF close,-8.053155,科创50ETF华夏,SSE
2026-01-06,588000,54196168200.0,,1.505,53165668200.0,1030500000.0,1.505,ETF close,15.509025,科创50ETF华夏,SSE
2026-01-07,588000,53516668200.0,,1.52,54196168200.0,-679500000.0,1.52,ETF close,-10.3284,科创50ETF华夏,SSE
2026-01-08,588000,53296168200.0,,1.531,53516668200.0,-220500000.0,1.531,ETF close,-3.375855,科创50ETF华夏,SSE
2026-01-09,588000,53498668200.0,,1.554,53296168200.0,202500000.0,1.554,ETF close,3.14685,科创50ETF华夏,SSE
2026-01-12,588000,53386168200.0,,1.594,53498668200.0,-112500000.0,1.594,ETF close,-1.79325,科创50ETF华夏,SSE
2026-01-13,588000,53786668200.0,,1.549,53386168200.0,400500000.0,1.549,ETF close,6.203745,科创50ETF华夏,SSE
2026-01-14,588000,52940668200.0,,1.579,53786668200.0,-846000000.0,1.579,ETF close,-13.35834,科创50ETF华夏,SSE
2026-01-15,588000,53075668200.0,,1.573,52940668200.0,135000000.0,1.573,ETF close,2.12355,科创50ETF华夏,SSE
2026-01-16,588000,53116168200.0,,1.593,53075668200.0,40500000.0,1.593,ETF close,0.645165,科创50ETF华夏,SSE
2026-01-19,588000,53098168200.0,,1.586,53116168200.0,-18000000.0,1.586,ETF close,-0.28548,科创50ETF华夏,SSE
2026-01-20,588000,52211668200.0,,1.56,53098168200.0,-886500000.0,1.56,ETF close,-13.8294,科创50ETF华夏,SSE
2026-01-21,588000,50618668200.0,,1.616,52211668200.0,-1593000000.0,1.616,ETF close,-25.74288,科创50ETF华夏,SSE
2026-01-22,588000,50528668200.0,,1.622,50618668200.0,-90000000.0,1.622,ETF close,-1.4598,科创50ETF华夏,SSE
2026-01-23,588000,50965168200.0,,1.635,50528668200.0,436500000.0,1.635,ETF close,7.136775,科创50ETF华夏,SSE
2026-01-26,588000,50771668200.0,,1.615,50965168200.0,-193500000.0,1.615,ETF close,-3.125025,科创50ETF华夏,SSE
2026-01-27,588000,50281168200.0,,1.64,50771668200.0,-490500000.0,1.64,ETF close,-8.0442,科创50ETF华夏,SSE
2026-01-28,588000,49925668200.0,,1.635,50281168200.0,-355500000.0,1.635,ETF close,-5.812425,科创50ETF华夏,SSE
2026-01-29,588000,50704168200.0,,1.589,49925668200.0,778500000.0,1.589,ETF close,12.370365,科创50ETF华夏,SSE
2026-01-30,588000,50393668200.0,,1.588,50704168200.0,-310500000.0,1.588,ETF close,-4.93074,科创50ETF华夏,SSE
2026-02-02,588000,50704168200.0,,1.528,50393668200.0,310500000.0,1.528,ETF close,4.74444,科创50ETF华夏,SSE
2026-02-03,588000,51199168200.0,,1.548,50704168200.0,495000000.0,1.548,ETF close,7.6626,科创50ETF华夏,SSE
2026-02-04,588000,51797668200.0,,1.531,51199168200.0,598500000.0,1.531,ETF close,9.163035,科创50ETF华夏,SSE
2026-02-05,588000,52112668200.0,,1.508,51797668200.0,315000000.0,1.508,ETF close,4.7502,科创50ETF华夏,SSE
2026-02-06,588000,52382668200.0,,1.499,52112668200.0,270000000.0,1.499,ETF close,4.0473,科创50ETF华夏,SSE
2026-02-09,588000,51865168200.0,,1.535,52382668200.0,-517500000.0,1.535,ETF close,-7.943625,科创50ETF华夏,SSE
2026-02-10,588000,51347668200.0,,1.55,51865168200.0,-517500000.0,1.55,ETF close,-8.02125,科创50ETF华夏,SSE
2026-02-11,588000,51451168200.0,,1.533,51347668200.0,103500000.0,1.533,ETF close,1.586655,科创50ETF华夏,SSE
2026-02-12,588000,50906668200.0,,1.559,51451168200.0,-544500000.0,1.559,ETF close,-8.488755,科创50ETF华夏,SSE
2026-02-13,588000,50461168200.0,,1.548,50906668200.0,-445500000.0,1.548,ETF close,-6.89634,科创50ETF华夏,SSE
2026-02-24,588000,50407168200.0,,1.543,50461168200.0,-54000000.0,1.543,ETF close,-0.83322,科创50ETF华夏,SSE
2026-02-25,588000,50074168200.0,,1.552,50407168200.0,-333000000.0,1.552,ETF close,-5.16816,科创50ETF华夏,SSE
2026-02-26,588000,49426168200.0,,1.564,50074168200.0,-648000000.0,1.564,ETF close,-10.13472,科创50ETF华夏,SSE
2026-02-27,588000,49088668200.0,,1.566,49426168200.0,-337500000.0,1.566,ETF close,-5.28525,科创50ETF华夏,SSE
2026-03-02,588000,48845668200.0,,1.544,49088668200.0,-243000000.0,1.544,ETF close,-3.75192,科创50ETF华夏,SSE
2026-03-03,588000,50249668200.0,,1.464,48845668200.0,1404000000.0,1.464,ETF close,20.55456,科创50ETF华夏,SSE
2026-03-04,588000,50060668200.0,,1.459,50249668200.0,-189000000.0,1.459,ETF close,-2.75751,科创50ETF华夏,SSE
2026-03-05,588000,48995668200.0,,1.482,50060668200.0,-1065000000.0,1.482,ETF close,-15.7833,科创50ETF华夏,SSE
2026-03-06,588000,48992668200.0,,1.491,48995668200.0,-3000000.0,1.491,ETF close,-0.04473,科创50ETF华夏,SSE
2026-03-09,588000,49373668200.0,,1.465,48992668200.0,381000000.0,1.465,ETF close,5.58165,科创50ETF华夏,SSE
2026-03-10,588000,48734668200.0,,1.495,49373668200.0,-639000000.0,1.495,ETF close,-9.55305,科创50ETF华夏,SSE
2026-03-11,588000,48845668200.0,,1.477,48734668200.0,111000000.0,1.477,ETF close,1.63947,科创50ETF华夏,SSE
2026-03-12,588000,49250668200.0,,1.456,48845668200.0,405000000.0,1.456,ETF close,5.8968,科创50ETF华夏,SSE
2026-03-13,588000,49385668200.0,,1.45,49250668200.0,135000000.0,1.45,ETF close,1.9575,科创50ETF华夏,SSE
2026-03-16,588000,49550668200.0,,1.458,49385668200.0,165000000.0,1.458,ETF close,2.4057,科创50ETF华夏,SSE
2026-03-17,588000,49595668200.0,,1.428,49550668200.0,45000000.0,1.428,ETF close,0.6426,科创50ETF华夏,SSE
2026-03-18,588000,49274668200.0,,1.445,49595668200.0,-321000000.0,1.445,ETF close,-4.63845,科创50ETF华夏,SSE
2026-03-19,588000,50306668200.0,,1.411,49274668200.0,1032000000.0,1.411,ETF close,14.56152,科创50ETF华夏,SSE
2026-03-20,588000,50867668200.0,,1.388,50306668200.0,561000000.0,1.388,ETF close,7.78668,科创50ETF华夏,SSE
2026-03-23,588000,51794668200.0,,1.329,50867668200.0,927000000.0,1.329,ETF close,12.31983,科创50ETF华夏,SSE
2026-03-24,588000,52016668200.0,,1.359,51794668200.0,222000000.0,1.359,ETF close,3.01698,科创50ETF华夏,SSE
2026-03-25,588000,51011668200.0,,1.385,52016668200.0,-1005000000.0,1.385,ETF close,-13.91925,科创50ETF华夏,SSE
2026-03-26,588000,51407668200.0,,1.357,51011668200.0,396000000.0,1.357,ETF close,5.37372,科创50ETF华夏,SSE
2026-03-27,588000,51407668200.0,,1.37,51407668200.0,0.0,1.37,ETF close,0.0,科创50ETF华夏,SSE
2026-03-30,588000,51443668200.0,,1.359,51407668200.0,36000000.0,1.359,ETF close,0.48924,科创50ETF华夏,SSE
2026-03-31,588000,51788668200.0,,1.324,51443668200.0,345000000.0,1.324,ETF close,4.5678,科创50ETF华夏,SSE
2026-04-01,588000,50594668200.0,,1.369,51788668200.0,-1194000000.0,1.369,ETF close,-16.34586,科创50ETF华夏,SSE
2026-04-02,588000,51566668200.0,,1.33,50594668200.0,972000000.0,1.33,ETF close,12.9276,科创50ETF华夏,SSE
2026-04-03,588000,51794668200.0,,1.324,51566668200.0,228000000.0,1.324,ETF close,3.01872,科创50ETF华夏,SSE
2026-04-07,588000,51182668200.0,,1.342,51794668200.0,-612000000.0,1.342,ETF close,-8.21304,科创50ETF华夏,SSE
2026-04-08,588000,50969668200.0,,1.425,51182668200.0,-213000000.0,1.425,ETF close,-3.03525,科创50ETF华夏,SSE
2026-04-09,588000,50831668200.0,,1.415,50969668200.0,-138000000.0,1.415,ETF close,-1.9527,科创50ETF华夏,SSE
2026-04-10,588000,50681668200.0,,1.437,50831668200.0,-150000000.0,1.437,ETF close,-2.1555,科创50ETF华夏,SSE
2026-04-13,588000,49571668200.0,,1.448,50681668200.0,-1110000000.0,1.448,ETF close,-16.0728,科创50ETF华夏,SSE
2026-04-14,588000,48860668200.0,,1.479,49571668200.0,-711000000.0,1.479,ETF close,-10.515690000000001,科创50ETF华夏,SSE
2026-04-15,588000,48017668200.0,,1.482,48860668200.0,-843000000.0,1.482,ETF close,-12.49326,科创50ETF华夏,SSE
2026-04-16,588000,48038668200.0,,1.498,48017668200.0,21000000.0,1.498,ETF close,0.31458,科创50ETF华夏,SSE
2026-04-17,588000,47828668200.0,,1.499,48038668200.0,-210000000.0,1.499,ETF close,-3.1479,科创50ETF华夏,SSE
2026-04-20,588000,47138668200.0,,1.527,47828668200.0,-690000000.0,1.527,ETF close,-10.536299999999999,科创50ETF华夏,SSE
2026-04-21,588000,47441668200.0,,1.504,47138668200.0,303000000.0,1.504,ETF close,4.55712,科创50ETF华夏,SSE
2026-04-22,588000,46745668200.0,,1.529,47441668200.0,-696000000.0,1.529,ETF close,-10.64184,科创50ETF华夏,SSE
2026-04-23,588000,46424668200.0,,1.508,46745668200.0,-321000000.0,1.508,ETF close,-4.84068,科创50ETF华夏,SSE
2026-04-24,588000,45758668200.0,,1.531,46424668200.0,-666000000.0,1.531,ETF close,-10.19646,科创50ETF华夏,SSE
2026-04-27,588000,44786668200.0,,1.591,45758668200.0,-972000000.0,1.591,ETF close,-15.46452,科创50ETF华夏,SSE
2026-04-28,588000,44678668200.0,,1.568,44786668200.0,-108000000.0,1.568,ETF close,-1.69344,科创50ETF华夏,SSE
2026-04-29,588000,44858668200.0,,1.575,44678668200.0,180000000.0,1.575,ETF close,2.835,科创50ETF华夏,SSE
2026-04-30,588000,41927668200.0,,1.654,44858668200.0,-2931000000.0,1.654,ETF close,-48.47874,科创50ETF华夏,SSE
2026-05-06,588000,40256668200.0,,1.744,41927668200.0,-1671000000.0,1.744,ETF close,-29.14224,科创50ETF华夏,SSE
2026-05-07,588000,39842668200.0,,1.769,40256668200.0,-414000000.0,1.769,ETF close,-7.32366,科创50ETF华夏,SSE
2026-05-08,588000,40025668200.0,,1.727,39842668200.0,183000000.0,1.727,ETF close,3.16041,科创50ETF华夏,SSE
2026-05-11,588000,38990668200.0,,1.811,40025668200.0,-1035000000.0,1.811,ETF close,-18.74385,科创50ETF华夏,SSE
2026-05-12,588000,38474668200.0,,1.816,38990668200.0,-516000000.0,1.816,ETF close,-9.37056,科创50ETF华夏,SSE
2026-05-13,588000,38207668200.0,,1.865,38474668200.0,-267000000.0,1.865,ETF close,-4.97955,科创50ETF华夏,SSE
2026-05-14,588000,37838668200.0,,1.815,38207668200.0,-369000000.0,1.815,ETF close,-6.69735,科创50ETF华夏,SSE
2026-05-15,588000,37259668200.0,,1.787,37838668200.0,-579000000.0,1.787,ETF close,-10.34673,科创50ETF华夏,SSE
2026-05-18,588000,36290668200.0,,1.803,37259668200.0,-969000000.0,1.803,ETF close,-17.47107,科创50ETF华夏,SSE
2026-05-19,588000,35888668200.0,,1.871,36290668200.0,-402000000.0,1.871,ETF close,-7.52142,科创50ETF华夏,SSE
2026-05-20,588000,35144668200.0,,1.931,35888668200.0,-744000000.0,1.931,ETF close,-14.36664,科创50ETF华夏,SSE
2026-05-21,588000,34898668200.0,,1.86,35144668200.0,-246000000.0,1.86,ETF close,-4.5756,科创50ETF华夏,SSE
2026-05-22,588000,34490668200.0,,1.887,34898668200.0,-408000000.0,1.887,ETF close,-7.69896,科创50ETF华夏,SSE
2026-05-25,588000,33230668200.0,,1.998,34490668200.0,-1260000000.0,1.998,ETF close,-25.1748,科创50ETF华夏,SSE
2026-05-26,588000,33602668200.0,,1.968,33230668200.0,372000000.0,1.968,ETF close,7.32096,科创50ETF华夏,SSE
2026-05-27,588000,33704668200.0,,1.911,33602668200.0,102000000.0,1.911,ETF close,1.94922,科创50ETF华夏,SSE
2026-05-28,588000,33035668200.0,,1.942,33704668200.0,-669000000.0,1.942,ETF close,-12.99198,科创50ETF华夏,SSE
2026-05-29,588000,33878668200.0,,1.844,33035668200.0,843000000.0,1.844,ETF close,15.54492,科创50ETF华夏,SSE
2026-06-01,588000,34526668200.0,,1.754,33878668200.0,648000000.0,1.754,ETF close,11.36592,科创50ETF华夏,SSE
2026-06-02,588000,34397668200.0,,1.781,34526668200.0,-129000000.0,1.781,ETF close,-2.29749,科创50ETF华夏,SSE
2026-06-03,588000,33317668200.0,,1.823,34397668200.0,-1080000000.0,1.823,ETF close,-19.6884,科创50ETF华夏,SSE
2026-06-04,588000,32978668200.0,,1.832,33317668200.0,-339000000.0,1.832,ETF close,-6.21048,科创50ETF华夏,SSE
2026-06-05,588000,33464668200.0,,1.763,32978668200.0,486000000.0,1.763,ETF close,8.56818,科创50ETF华夏,SSE
2026-06-08,588000,34412668200.0,,1.683,33464668200.0,948000000.0,1.683,ETF close,15.95484,科创50ETF华夏,SSE
2026-06-09,588000,33503668200.0,,1.755,34412668200.0,-909000000.0,1.755,ETF close,-15.95295,科创50ETF华夏,SSE
2026-06-10,588000,32975668200.0,,1.744,33503668200.0,-528000000.0,1.744,ETF close,-9.20832,科创50ETF华夏,SSE
2026-06-11,588000,33059668200.0,,1.756,32975668200.0,84000000.0,1.756,ETF close,1.47504,科创50ETF华夏,SSE
2026-06-12,588000,33227668200.0,,1.756,33059668200.0,168000000.0,1.756,ETF close,2.95008,科创50ETF华夏,SSE
2026-06-15,588000,32876668200.0,,1.844,33227668200.0,-351000000.0,1.844,ETF close,-6.47244,科创50ETF华夏,SSE
2026-06-16,588000,33095668200.0,,1.855,32876668200.0,219000000.0,1.855,ETF close,4.06245,科创50ETF华夏,SSE
2026-06-17,588000,32072668200.0,,1.939,33095668200.0,-1023000000.0,1.939,ETF close,-19.83597,科创50ETF华夏,SSE
2026-06-18,588000,31235668200.0,,2.017,32072668200.0,-837000000.0,2.017,ETF close,-16.88229,科创50ETF华夏,SSE
2026-06-22,588000,31604668200.0,,2.056,31235668200.0,369000000.0,2.056,ETF close,7.58664,科创50ETF华夏,SSE
2026-06-23,588000,31661668200.0,,2.023,31604668200.0,57000000.0,2.023,ETF close,1.15311,科创50ETF华夏,SSE
2026-06-24,588000,31202668200.0,,2.096,31661668200.0,-459000000.0,2.096,ETF close,-9.62064,科创50ETF华夏,SSE
2026-06-25,588000,31040668200.0,,2.178,31202668200.0,-162000000.0,2.178,ETF close,-3.52836,科创50ETF华夏,SSE
2026-06-26,588000,30881668200.0,,2.133,31040668200.0,-159000000.0,2.133,ETF close,-3.39147,科创50ETF华夏,SSE
2026-06-29,588000,29804668200.0,,2.248,30881668200.0,-1077000000.0,2.248,ETF close,-24.21096,科创50ETF华夏,SSE
2026-06-30,588000,29831668200.0,,2.344,29804668200.0,27000000.0,2.344,ETF close,0.6328799999999999,科创50ETF华夏,SSE
2026-07-01,588000,29963668200.0,,2.29,29831668200.0,132000000.0,2.29,ETF close,3.0228,科创50ETF华夏,SSE
2026-07-02,588000,31130668200.0,,2.119,29963668200.0,1167000000.0,2.119,ETF close,24.728730000000006,科创50ETF华夏,SSE
2026-07-03,588000,31190668200.0,,2.102,31130668200.0,60000000.0,2.102,ETF close,1.2611999999999999,科创50ETF华夏,SSE
2026-07-06,588000,31148668200.0,,2.116,31190668200.0,-42000000.0,2.116,ETF close,-0.88872,科创50ETF华夏,SSE
2026-07-07,588000,30917668200.0,,2.126,31148668200.0,-231000000.0,2.126,ETF close,-4.91106,科创50ETF华夏,SSE
2026-07-08,588000,30800668200.0,,2.145,30917668200.0,-117000000.0,2.145,ETF close,-2.50965,科创50ETF华夏,SSE
2026-07-09,588000,31241668200.0,,2.328,30800668200.0,441000000.0,2.328,ETF close,10.26648,科创50ETF华夏,SSE
2026-07-10,588000,31733668200.0,,2.209,31241668200.0,492000000.0,2.209,ETF close,10.86828,科创50ETF华夏,SSE
2026-07-13,588000,32681668200.0,,2.1,31733668200.0,948000000.0,2.1,ETF close,19.908,科创50ETF华夏,SSE
2026-07-14,588000,33176668200.0,,2.125,32681668200.0,495000000.0,2.125,ETF close,10.51875,科创50ETF华夏,SSE
2026-07-15,588000,33857668200.0,,2.028,33176668200.0,681000000.0,2.028,ETF close,13.81068,科创50ETF华夏,SSE
2026-07-16,588000,34646668200.0,,1.945,33857668200.0,789000000.0,1.945,ETF close,15.34605,科创50ETF华夏,SSE
2026-07-17,588000,37424668200.0,,1.807,34646668200.0,2778000000.0,1.807,ETF close,50.19846,科创50ETF华夏,SSE
2026-07-20,588000,45053668200.0,,1.815,37424668200.0,7629000000.0,1.815,ETF close,138.46635,科创50ETF华夏,SSE
2026-07-21,588000,45512668200.0,,2.016,45053668200.0,459000000.0,2.016,ETF close,9.25344,科创50ETF华夏,SSE
2026-07-22,588000,44360668200.0,,1.955,45512668200.0,-1152000000.0,1.955,ETF close,-22.5216,科创50ETF华夏,SSE
2026-07-23,588000,46145668200.0,,1.888,44360668200.0,1785000000.0,1.888,ETF close,33.7008,科创50ETF华夏,SSE
2026-07-24,588000,45560668200.0,,1.885,46145668200.0,-585000000.0,1.885,ETF close,-11.02725,科创50ETF华夏,SSE
2026-07-27,588000,46094668200.0,,1.911,45560668200.0,534000000.0,1.911,ETF close,10.20474,科创50ETF华夏,SSE
2026-07-28,588000,48173668200.0,,1.785,46094668200.0,2079000000.0,1.785,ETF close,37.11015,科创50ETF华夏,SSE
2026-07-29,588000,50474668200.0,,1.776,48173668200.0,2301000000.0,1.776,ETF close,40.86576,科创50ETF华夏,SSE
2026-07-30,588000,53900668200.0,,1.669,50474668200.0,3426000000.0,1.669,ETF close,57.17994,科创50ETF华夏,SSE
2026-07-31,588000,51434668200.0,,1.728,53900668200.0,-2466000000.0,1.728,ETF close,-42.61248,科创50ETF华夏,SSE
2026-08-03,588000,53840668200.0,,1.636,51434668200.0,2406000000.0,1.636,ETF close,39.362159999999996,科创50ETF华夏,SSE
