date,pe_ttm,dividend_yield_ttm,erp,pe_ttm_mean,pe_ttm_std,pe_ttm_pctile,erp_mean,erp_std,erp_pctile,cn10y
2013-01-02,11.1809,3.0232,,,,,,,,
2013-01-03,11.2483,3.0125,,,,,,,,
2013-01-04,11.2079,3.0198,5.316078036028159,,,,,,,3.6062
2013-01-07,11.1821,3.0245,5.346364041637975,,,,,,,3.5965
2013-01-08,11.0477,3.0502,5.457357811128107,,,,,,,3.5943
2013-01-09,11.1009,3.0353,5.43327860804079,,,,,,,3.575
2013-01-10,11.1773,3.016,5.351704481404273,,,,,,,3.595
2013-01-11,11.1222,3.0291,5.391126955098812,,,,,,,3.5999
2013-01-14,11.2057,3.0098,5.321729734867077,,,,,,,3.6023
2013-01-15,11.1865,3.0172,5.3385465337683815,,,,,,,3.6008
2013-01-16,11.1499,3.0228,5.363990302155177,,,,,,,3.6047
2013-01-17,11.1315,3.0265,5.384915249517135,,,,,,,3.5986
2013-01-18,11.2922,2.991,5.272270285683924,,,,,,,3.5834
2013-01-21,11.2879,2.9924,5.284743754817105,,,,,,,3.5743
2013-01-22,11.325,2.9861,5.259522075055188,,,,,,,3.5705
2013-01-23,11.31,2.9879,5.273532979664014,,,,,,,3.5682
2013-01-24,11.2701,2.9982,5.291435731714893,,,,,,,3.5816
2013-01-25,11.2375,3.0033,5.315076418242491,,,,,,,3.5837
2013-01-28,11.2811,2.9925,5.260183792360673,,,,,,,3.6042
2013-01-29,11.2697,2.9908,5.261750665944967,,,,,,,3.6116
2013-01-30,11.3508,2.9697,5.2046517214645664,,,,,,,3.6053
2013-01-31,11.2894,2.9818,5.252466671390863,,,,,,,3.6054
2013-02-01,11.3057,2.9834,5.2446958366133885,,,,,,,3.6004
2013-02-04,11.2695,2.9864,5.2719081414437206,,,,,,,3.6016
2013-02-05,10.9902,3.0506,5.508015486524358,,,,,,,3.591
2013-02-06,11.0254,3.0386,5.477765715529596,,,,,,,3.5922
2013-02-07,10.9557,3.0501,5.534868702136787,,,,,,,3.5928
2013-02-08,10.9454,3.047,5.550358154110402,,,,,,,3.5859
2013-02-14,11.0646,3.0211,,,,,,,,
2013-02-15,11.0783,3.0163,,,,,,,,
2013-02-18,11.0318,3.0235,5.471803856125019,,,,,,,3.5929
2013-02-19,10.9037,3.0558,5.578098767390886,,,,,,,3.5931
2013-02-20,11.0092,3.0359,5.520112138938343,,,,,,,3.5632
2013-02-21,10.8234,3.0874,5.6769409039673295,,,,,,,3.5623
2013-02-22,10.7605,3.103,5.722448454997444,,,,,,,3.5708
2013-02-25,10.7703,3.0984,5.7026924384650375,,,,,,,3.5821
2013-02-26,10.6054,3.1386,5.834358730458068,,,,,,,3.5948
2013-02-27,10.509,3.1326,5.925253249595584,,,,,,,3.5904
2013-02-28,10.7219,3.0732,5.73100515486994,,,,,,,3.5957
2013-03-01,10.6397,3.093,5.810961243268139,,,,,,,3.5878
2013-03-04,10.514,3.1254,5.932628019783147,,,,,,,3.5785
2013-03-05,10.5295,3.1215,5.921127119046487,,,,,,,3.576
2013-03-06,10.6552,3.0918,5.804888970643441,,,,,,,3.5802
2013-03-07,10.6392,3.0938,5.817902947590044,,,,,,,3.5813
2013-03-08,10.8023,3.069,5.675687799820409,,,,,,,3.5816
2013-03-11,10.7872,3.053,5.687246217739542,,,,,,,3.583
2013-03-12,10.69,3.0801,5.764836950420953,,,,,,,3.5897
2013-03-13,10.5191,3.1153,5.916716717209647,,,,,,,3.5898
2013-03-14,10.5278,3.1015,5.906760688842874,,,,,,,3.5919
2013-03-15,10.4636,2.9746,5.965040250009557,,,,,,,3.5919
2013-03-18,10.2301,3.0582,6.177975512458333,,,,,,,3.5971
2013-03-19,10.1921,3.0646,6.21932068759137,,,,,,,3.5922
2013-03-20,10.3222,3.2292,6.1156572397357145,,,,,,,3.5722
2013-03-21,10.2965,3.2319,6.130138071189239,,,,,,,3.5819
2013-03-22,10.2316,3.2458,6.192042441064936,,,,,,,3.5816
2013-03-25,10.1728,3.2209,6.253135262661214,,,,,,,3.577
2013-03-26,10.0922,3.2082,6.33694231782961,,,,,,,3.5717
2013-03-27,10.0691,3.1869,6.370274204248641,,,,,,,3.5611
2013-03-28,9.9905,3.2125,6.459009033581902,,,,,,,3.5505
2013-04-02,10.0091,3.2028,6.4803,10.849973333333335,0.39972410854932955,3.3333333333333335,,,,3.5106
2013-04-03,9.9892,3.1981,6.5103,10.835862295081968,0.411226595891491,1.639344262295082,,,,3.5005
2013-04-05,9.7063,3.2851,6.8021,10.817643548387096,0.43200354449746964,1.6129032258064515,,,,
2013-04-08,9.6999,3.2834,6.8189,10.799901587301589,0.4507559356121054,1.5873015873015872,,,,3.4905
2013-04-09,9.7898,3.2614,6.7442,10.78411875,0.4644344762971823,4.6875,5.732419054598095,0.4392933320563881,96.66666666666667,3.4705
2013-04-10,9.8576,3.2539,6.6821,10.769864615384616,0.4747467465536906,6.153846153846154,5.74798759468665,0.452059524724487,95.08196721311475,3.4624
2013-04-11,9.8794,3.2451,6.6516,10.756372727272728,0.48353032481300956,7.575757575757576,5.762561988320736,0.46262177862647386,93.54838709677419,3.4705
2013-04-12,9.8627,3.2306,6.6737,10.74303432835821,0.49199009107611774,7.462686567164178,5.777024496442629,0.47285300174147454,93.65079365079364,3.4655
2013-04-15,9.7073,3.2765,6.861,10.72780294117647,0.5040221263147872,4.411764705882353,5.793961613685713,0.4880255345401256,100.0,3.4405
2013-04-16,9.6551,3.291,6.9567,10.71225652173913,0.5165187198589356,1.4492753623188406,5.811849896552087,0.5049595900526328,100.0,3.4005
2013-04-17,9.5831,3.3069,7.0219,10.696125714285714,0.5300323415161206,1.4285714285714286,5.830183989028571,0.5224651398470249,100.0,3.4131
2013-04-18,9.5566,3.3127,7.0209,10.680076056338027,0.5431471886897977,1.4084507042253522,5.847955869789338,0.5382760157423441,98.50746268656717,3.4431
2013-04-19,9.7931,3.2373,6.761,10.667756944444443,0.549259974831386,11.11111111111111,5.86138298935126,0.5454900880951243,91.17647058823529,3.4503
2013-04-22,9.805,3.2359,6.7122,10.655938356164384,0.5546266473771878,12.32876712328767,5.87371367066501,0.5509864683690021,88.40579710144928,3.4867
2013-04-23,9.6914,3.2702,6.8555,10.642904054054053,0.5620106828933658,5.405405405405405,5.88773918965551,0.5593053654584,94.28571428571428,3.4629
2013-04-24,9.8593,3.2127,6.6929,10.632456000000001,0.565440155923389,16.0,5.899079482758953,0.5633992355145969,85.91549295774648,3.4498
2013-04-25,9.9179,3.1817,6.6514,10.62305394736842,0.5675787069094909,19.736842105263158,5.909528378831745,0.56635840685167,80.55555555555556,3.4314
2013-04-26,9.8586,3.1571,6.7121,10.613125974025973,0.5704847003656837,15.584415584415584,5.920522510628571,0.570149589476517,86.3013698630137,3.4313
2013-04-29,9.8651,3.1508,6.7053,10.603535897435897,0.5730287762887337,19.230769230769234,5.931127611836293,0.5734874763928836,85.13513513513513,
2013-04-30,9.9382,3.1309,6.6308,10.595113924050633,0.5742281857413405,22.78481012658228,5.940456577011809,0.5752763714285118,77.33333333333333,
2013-05-02,9.8809,3.1558,6.7086,10.58618625,0.5761187810998156,21.25,5.950563727314285,0.5781435619102279,85.52631578947368,3.4119
2013-05-03,9.8767,3.1527,6.7036,10.577427160493828,0.5778865739474547,19.753086419753085,5.960343419167346,0.5806702073458213,83.11688311688312,3.4212
2013-05-06,9.9819,3.1141,6.5827,10.570164634146343,0.5780593252472912,25.609756097560975,5.968322349690842,0.5811687989116108,74.35897435897436,3.4354
2013-05-07,10.0575,3.0985,6.5167,10.56398795180723,0.5772824819368991,30.120481927710845,5.975263838935262,0.5807238060093138,73.41772151898735,3.4261
2013-05-08,10.1682,3.0532,6.4001,10.55927619047619,0.5754393099477183,33.33333333333333,5.980574290948571,0.5790099379772217,68.75,3.4345
2013-05-09,10.152,3.0573,6.4186,10.554484705882354,0.5737275023411029,32.94117647058823,5.985982015751675,0.5774539526445469,69.1358024691358,3.4317
2013-05-10,10.1955,3.0437,6.387,10.55031046511628,0.5716789585376281,37.2093023255814,5.990872478974215,0.5756073433127565,67.07317073170732,3.4212
2013-05-13,10.036,3.0914,6.5403,10.544398850574712,0.5710216934289752,28.735632183908045,5.997492087661273,0.5752609290319277,74.69879518072288,3.4238
2013-05-14,9.9963,3.1288,6.5789,10.538170454545455,0.5707323937393333,27.27272727272727,6.004413610427211,0.5752928577140877,75.0,3.4248
2013-05-15,10.0359,3.122,6.5424,10.532526966292135,0.5699808985098335,29.213483146067414,6.010742862069243,0.5748331887305442,74.11764705882354,3.4218
2013-05-16,10.0201,3.1125,6.558,10.526833333333332,0.5693449044491589,28.888888888888886,6.017106317161461,0.574484900649792,74.4186046511628,3.4219
2013-05-20,10.1836,2.8966,6.3944,10.523061538461539,0.5673375290049241,38.46153846153847,6.021443026159606,0.5725878319676628,64.36781609195403,3.4253
2013-05-21,10.1089,2.9354,6.467,10.518559782608696,0.5658775952792996,34.78260869565217,6.02650617358961,0.57128054820754,68.18181818181817,3.4253
2013-05-22,10.0675,2.8212,6.5177,10.513709677419355,0.564746330925172,32.25806451612903,6.03202520534703,0.5704164589365036,71.91011235955057,3.4153
2013-05-23,9.804,2.8986,6.7869,10.506159574468084,0.5664334325162657,10.638297872340425,6.040412703065397,0.5727310189363503,92.22222222222223,3.413
2013-05-24,9.7843,3.0281,6.8024,10.49856105263158,0.5682401134981279,8.421052631578947,6.048786189844897,0.575088315767134,93.4065934065934,3.4181
2013-05-27,9.8159,2.9815,6.771,10.49145,0.5695060926656824,13.541666666666666,6.056636339955279,0.576835833547781,90.21739130434783,3.4166
2013-05-28,9.9256,2.9537,6.6544,10.48561649484536,0.5694386414056021,23.711340206185564,6.063063906192319,0.5770291031152892,78.49462365591397,3.4206
2013-05-29,9.7554,3.028,6.8167,10.478165306122449,0.5712591774106796,8.16326530612245,6.071081311445592,0.5791358716778452,93.61702127659575,3.434
2013-05-30,9.7292,3.1849,6.8443,10.470600000000001,0.5732797152518058,8.080808080808081,6.079220455535639,0.5814593205776756,94.73684210526315,3.434
2013-05-31,9.6747,2.9916,6.8963,10.462641000000001,0.5758770337658895,4.0,6.087731700790475,0.5843415459124555,96.875,3.4399
2013-06-03,9.6277,2.8906,6.9389,10.454374257425744,0.5789514252531605,2.9702970297029703,6.096506631710161,0.5876451572320308,96.90721649484536,3.4478
2013-06-04,9.6262,3.1821,6.928,10.446254901960785,0.5818564642804872,2.941176470588235,6.1049912579172005,0.5905810775738937,95.91836734693877,3.4603
2013-06-05,9.549,3.2581,7.0108,10.437543689320389,0.5856707926912791,0.9708737864077669,6.1141408411705624,0.5945308871791593,97.97979797979798,3.4615
2013-06-06,9.4439,3.2826,7.1237,10.427989423076923,0.5908589967350447,0.9615384615384616,6.124236432758856,0.6000187347359949,100.0,3.4651
2013-06-07,9.3231,3.1705,7.2438,10.417466666666668,0.5977501227685701,0.9523809523809524,6.135321220553324,0.607243900791913,100.0,3.4822
2013-06-10,9.3191,3.1731,7.2815,10.407104716981133,0.6043246276164717,0.9433962264150944,6.146558267410644,0.6147222136050577,100.0,
2013-06-11,9.1983,3.2117,7.4225,10.395807476635515,0.6126366166466454,0.9345794392523363,6.158946051222191,0.6243935154839276,100.0,
2013-06-13,8.9606,3.9765,7.7009,10.382518518518518,0.6250953694864169,0.9259259259259258,6.173772531498901,0.6393437759103775,100.0,3.4591
2013-06-14,8.9723,3.9474,7.6765,10.369580733944954,0.636582381716135,1.834862385321101,6.188084221675101,0.652816400276558,99.04761904761905,3.4689
2013-06-17,9.1179,3.4945,7.4889,10.358201818181819,0.6447219902593412,2.727272727272727,6.200356068640431,0.6617866739047015,98.11320754716981,3.4785
2013-06-18,9.1264,3.4923,7.4754,10.347104504504506,0.6522792674709977,3.6036036036036037,6.212272367064353,0.6700151554237868,97.19626168224299,3.4818
2013-06-19,9.0012,3.5353,7.558,10.3350875,0.6615880525465379,2.6785714285714284,6.224732808110053,0.6792471834443974,98.14814814814815,3.5516
2013-06-20,8.7342,3.6421,7.7476,10.3209203539823,0.6755032271867373,0.8849557522123894,6.238704066751245,0.6915382111419969,100.0,3.7016
2013-06-21,8.6995,3.6701,7.8935,10.306697368421053,0.6893192895079977,0.8771929824561403,6.253747666144415,0.7060774559479482,100.0,3.6014
2013-06-24,8.4908,3.7515,8.1776,10.29090695652174,0.7067203673948674,0.8695652173913043,6.271079669152123,0.7260150068300885,100.0,3.5999
2013-06-25,8.4837,3.7454,8.1874,10.275327586206897,0.723229197537015,0.8620689655172413,6.288189672106122,0.7449074131688403,100.0,3.5999
2013-06-26,8.7174,3.6425,7.9213,10.262011965811967,0.734273339048896,3.418803418803419,6.302641975892794,0.7572119166921857,98.23008849557522,3.55
2013-06-27,8.7463,3.6565,7.9103,10.249166949152542,0.744239583378204,5.084745762711865,6.316744239262155,0.7686436556701585,97.36842105263158,3.5231
2013-06-28,8.9201,3.6727,7.6981,10.23799831932773,0.7509707828110425,5.88235294117647,6.328756028485962,0.7759663881969254,93.91304347826087,3.5125
2013-07-02,8.8666,3.7048,7.7539802878217134,10.22657,0.758155423005951,5.833333333333333,6.341042444514719,0.7837684958303935,95.6896551724138,3.5243
2013-07-03,8.6391,3.799,8.045079832389948,10.213450413223141,0.7685727434693223,2.479338842975207,6.355606866633311,0.7960206558221543,98.29059829059828,3.5302
2013-07-04,8.7894,3.7372,7.867140887887682,10.201777868852458,0.7761109899830736,6.557377049180328,6.368416476982923,0.8046595891554805,94.91525423728814,3.5102
2013-07-05,8.9531,3.6645,7.656615656029755,10.191626016260162,0.7810406275762993,8.94308943089431,6.3792416801681915,0.8098542483691458,89.91596638655463,3.5127
2013-07-08,8.833,3.7033,7.803481931393637,10.18066935483871,0.7873187833663811,7.258064516129033,6.391110348928404,0.8167994500182756,94.16666666666667,3.5177
2013-07-09,8.8606,3.6871,7.765717432228066,10.1701088,0.79293192595743,8.0,6.402470738046582,0.8228819018332306,93.38842975206612,3.5202
2013-07-10,8.9735,3.6491,7.563723775561376,10.160611904761906,0.7968845012612176,12.698412698412698,6.411989205567195,0.8261640809520006,87.70491803278688,3.5802
2013-07-11,9.2172,3.5604,7.259081777546326,10.15318346456693,0.7981087704139193,16.535433070866144,6.418876137046701,0.826307669096492,82.92682926829268,3.5902
2013-07-12,9.1371,3.585,7.34429154655197,10.1452453125,0.8000025203924527,15.625,6.4263391645427115,0.8271207543995315,83.87096774193549,3.6001
2013-07-15,9.1447,3.5783,7.325095854429342,10.137489147286823,0.8017125405727886,16.27906976744186,6.433529218061803,0.8276872140192228,83.2,3.6102
2013-07-16,9.1348,3.5777,7.328147173446601,10.129776153846153,0.8034133838531925,15.384615384615385,6.4406293605648575,0.828209269728498,83.33333333333334,3.619
2013-07-17,9.1762,3.5699,7.228757241559688,10.122496946564885,0.8046328862717861,17.557251908396946,6.446835091911273,0.8278779891722416,79.52755905511812,3.669
2013-07-18,9.1741,3.5854,7.209951795816483,10.11531212121212,0.8057864001904372,17.424242424242426,6.452796941160534,0.8273702082239004,78.90625,3.6903
2013-07-19,9.1728,3.5861,7.196696616082329,10.108225563909775,0.8068697397600624,17.293233082706767,6.458563605307214,0.8267354496259076,78.29457364341084,3.7051
2013-07-22,9.1792,3.577,7.154095572598919,10.101292537313434,0.8078200113209478,19.402985074626866,6.463913851209458,0.8257884224445907,77.6923076923077,3.7401
2013-07-23,9.4312,3.4925,6.842904589023665,10.09632888888889,0.8068709694328948,22.962962962962962,6.466806910276742,0.8232915920251861,68.70229007633588,3.7602
2013-07-24,9.431,3.4865,6.808129445445871,10.091436764705882,0.8059060959938945,22.794117647058822,6.469392687058326,0.8207009358669662,66.66666666666666,3.7952
2013-07-25,9.4025,3.4925,6.925269290082424,10.08640802919708,0.8050981706525522,22.62773722627737,6.472820330690086,0.8185576180187306,72.18045112781954,3.7102
2013-07-26,9.4031,3.484,6.919590654145974,10.081456521739131,0.8042667300325038,23.18840579710145,6.476154437581548,0.8164035551255566,71.64179104477611,3.7152
2013-07-29,9.3392,3.5031,6.984755250985096,10.076116546762591,0.8038199599410213,22.302158273381295,6.479921851014167,0.8145425308403771,74.81481481481481,3.7228
2013-07-30,9.3796,3.4877,6.938735455669752,10.07114142857143,0.803088935831581,22.857142857142858,6.483295480460164,0.8124884579301883,72.79411764705883,3.7227
2013-07-31,9.3543,3.498,6.968870784558972,10.066057446808511,0.8024937845351788,22.69503546099291,6.486839825745557,0.8105723018769364,74.45255474452554,3.7214
2013-08-01,9.4236,3.4674,6.906355842777707,10.061533098591548,0.8014657326829675,25.352112676056336,6.4898797968834705,0.8084135471423993,69.56521739130434,3.7053
2013-08-02,9.4563,3.4501,6.871560608271734,10.057300699300699,0.8002493713169768,27.972027972027973,6.492625702001372,0.8061459607941288,68.34532374100719,3.7034
2013-08-05,9.3338,3.4443,7.003350026784375,10.05227638888889,0.7997260087216421,21.52777777777778,6.496273732892679,0.8044123334209492,75.71428571428571,3.7104
2013-08-06,9.2289,3.4852,7.120227527657685,10.046597931034482,0.7998713534036075,20.0,6.5006989371108705,0.8032630506205298,78.01418439716312,3.7153
2013-08-07,9.0807,3.5359,7.24206688801524,10.03998219178082,0.8010982404897313,12.32876712328767,6.505919838173577,0.8028268776041075,81.69014084507043,3.7703
2013-08-08,9.1109,3.5339,7.130364074899296,10.033661904761905,0.8020129722544383,12.925170068027212,6.510286581087744,0.8017053727198222,78.32167832167832,3.8455
2013-08-09,9.1761,3.513,7.057176003966827,10.027867567567567,0.8023802855235075,18.243243243243242,6.514084424302181,0.8002066408695668,76.38888888888889,3.8407
2013-08-12,9.4044,3.431,6.782020573348644,10.02368322147651,0.801301764488368,27.516778523489933,6.515932259812847,0.7977507643076464,58.620689655172406,3.8513
2013-08-13,9.5597,3.3899,6.535379306882016,10.02059,0.7995183482364029,32.666666666666664,6.516065458765375,0.7950156648778092,44.52054794520548,3.9252
2013-08-15,9.5369,3.3746,6.525387559898919,10.017386754966887,0.7978316849063232,31.125827814569533,6.516128874419345,0.79230728591417,44.21768707482993,3.9602
2013-08-16,9.5004,3.2841,6.585772594838111,10.013985526315789,0.7963005000434568,30.92105263157895,6.51659944009785,0.7896466463723596,48.64864864864865,3.9401
2013-08-19,9.4709,3.3029,6.548358628007898,10.010435947712418,0.7948994925256686,30.718954248366014,6.516812589009998,0.7869966363716923,46.308724832214764,4.0103
2013-08-20,9.223,3.3729,6.754359069717011,10.005322727272727,0.7948348073511735,20.77922077922078,6.5183962322147115,0.7846070960891597,57.99999999999999,4.0881
2013-08-21,9.1528,3.4976,6.8874183900008745,9.999822580645162,0.7952013789619692,16.129032258064516,6.520840087564289,0.7825773338472937,67.54966887417218,4.0382
2013-08-22,9.162,3.4696,6.884447456887142,9.994451923076923,0.7954637340821334,16.666666666666664,6.5232322413098345,0.7805525215625256,67.10526315789474,4.0302
2013-08-23,9.1388,3.4833,6.950755670328709,9.989001910828026,0.795842841483353,15.286624203821656,6.526026512087736,0.7787598738098258,72.54901960784314,3.9916
2013-08-26,9.1474,3.4656,6.976568128648579,9.983675316455695,0.7961229071264573,16.455696202531644,6.5289521070004675,0.7770703875404346,74.02597402597402,3.9555
2013-08-27,9.1087,3.4981,7.01311504605487,9.978172327044025,0.7966242170932066,11.949685534591195,6.532075738865335,0.7755290100119785,76.12903225806451,3.9654
2013-08-28,8.9379,3.5358,7.166110453238456,9.971670625,0.7983514880361964,8.125,6.53614006395747,0.7746936372470502,80.76923076923077,4.0222
2013-08-29,8.8891,3.516,7.219732818845553,9.964946583850931,0.8004001160158232,7.453416149068323,6.5404941579376485,0.7741350577357659,82.16560509554141,4.03
2013-08-30,8.894,3.5306,7.208134967393748,9.958335802469135,0.8023227947589349,8.024691358024691,6.544719732681042,0.7734956074104352,81.0126582278481,4.0354
2013-09-02,9.0905,3.4575,6.964895022276003,9.953011656441717,0.8027233590042842,13.496932515337424,6.547362344565288,0.7717745571114366,71.0691823899371,4.0356
2013-09-03,9.1882,3.4354,6.843124520580744,9.948348170731707,0.8024840668939195,23.78048780487805,6.549210858165384,0.7697119887418961,61.25000000000001,4.0404
2013-09-04,9.155,3.4791,6.867992900054617,9.94354,0.8024146056557648,20.0,6.551190870847925,0.7677264899221019,63.35403726708074,4.055
2013-09-05,9.2606,3.7756,6.743436386411247,9.939425903614458,0.801737628186107,27.10843373493976,6.552377571561279,0.7655014022783103,53.086419753086425,4.055
2013-09-06,9.2748,3.7637,6.736403652908957,9.935446107784431,0.8009765662804121,27.54491017964072,6.553506565925375,0.763284901783587,52.760736196319016,4.0455
2013-09-09,9.3621,3.3901,6.626364223838669,9.932033333333333,0.7998060286917985,30.952380952380953,6.553950819937041,0.7609753930246804,45.1219512195122,4.055
2013-09-10,9.469,3.3661,6.495777273207309,9.92929349112426,0.7982265774896805,36.68639053254438,6.5535982529871655,0.7586793375927398,37.57575757575757,4.065
2013-09-11,9.4359,3.3793,6.463723207113258,9.926391176470588,0.7967692234221485,35.294117647058826,6.553056837048166,0.7564226782523681,36.144578313253014,4.1341
2013-09-12,9.4592,3.4073,6.44261853856563,9.923659064327484,0.7952343227199598,36.84210526315789,6.552395529871623,0.7542026685686214,35.32934131736527,4.1291
2013-09-13,9.4296,3.4164,6.464303707474335,9.920786627906976,0.793808415170566,33.72093023255814,6.551871173785925,0.7519851983677662,36.904761904761905,4.1406
2013-09-16,9.5678,3.3696,6.331623489203369,9.918746242774565,0.7919630579419995,41.61849710982659,6.55056793304875,0.7499473515469506,31.360946745562128,4.1201
2013-09-17,9.5394,3.3777,6.410739591588569,9.916566091954023,0.7902044892840886,39.6551724137931,6.549745413393102,0.747814820736007,34.705882352941174,4.0721
2013-09-18,9.504,3.3791,6.471685521885522,9.91420857142857,0.7885569591426133,38.857142857142854,6.549288922799491,0.7456487765469058,38.59649122807017,4.0502
2013-09-19,9.6584,3.3344,,9.912755113636363,0.7865485949682818,44.88636363636363,6.549288922799491,0.7456487765469058,,
2013-09-23,9.61,3.3411,6.3963272632674295,9.91104463276836,0.7846517549094582,42.93785310734463,6.548399610825467,0.7435689783254963,33.72093023255814,4.0095
2013-09-24,9.5191,3.3758,6.485094818837916,9.908842696629215,0.7829927826790997,38.764044943820224,6.548033687172359,0.7414323519389096,39.884393063583815,4.0201
2013-09-25,9.5319,3.3664,6.470887820896148,9.90673687150838,0.7813078929312651,39.10614525139665,6.547590320124796,0.7393217286209893,38.50574712643678,4.0202
2013-09-26,9.496,3.3774,6.540649789385004,9.904455,0.7797324674581235,37.22222222222222,6.547550659949139,0.7372065401587286,44.57142857142857,3.9901
2013-09-27,9.5184,3.3743,6.505767389477223,9.902322099447515,0.7781019007234237,38.67403314917127,6.547313255003275,0.7351159286334027,40.909090909090914,4.0002
2013-09-30,9.369,3.4208,6.6780977051979935,9.899391758241759,0.7769621543021178,29.120879120879124,6.548052150202117,0.7331019281448148,51.9774011299435,3.9954
2013-10-02,9.4084,3.4031,6.6334,9.896708743169398,0.7756813680450887,31.693989071038253,6.548531632504352,0.7310675843366345,49.43820224719101,
2013-10-03,9.5161,3.3679,6.5131,9.894640217391304,0.7740766088168175,39.130434782608695,6.5483336904233225,0.7290274192973625,41.340782122905026,
2013-10-04,9.484,3.3832,6.5487,9.89242054054054,0.7725686171640258,37.2972972972973,6.548335725476526,0.7269995231966835,46.111111111111114,
2013-10-07,9.4138,3.4073,6.6273,9.889847311827957,0.77128354702543,31.72043010752688,6.5487719921866,0.7250120826512455,49.171270718232044,
2013-10-08,9.5048,3.3758,6.5307,9.887788235294117,0.7697309559628444,39.57219251336899,6.548672695526234,0.7230187818478214,42.857142857142854,3.9903
2013-10-09,9.4686,3.3977,6.5296,9.885558510638297,0.7682863576305298,36.17021276595745,6.54856847314631,0.7210419854709268,42.62295081967213,4.0316
2013-10-10,9.4231,3.4113,6.5956,9.883111640211641,0.7669852844983354,31.746031746031743,6.548824079270514,0.7190882763261285,48.91304347826087,4.0166
2013-10-11,9.5281,3.3727,6.4688,9.881243157894737,0.7653954071558643,42.10526315789473,6.548391516679863,0.717166164474404,36.21621621621622,4.0265
2013-10-15,9.5812,3.3557,6.358,9.8796722513089,0.763696162009967,46.07329842931937,6.547367906375133,0.7153711944364963,29.56989247311828,4.0791
2013-10-16,9.5445,3.3715,6.3807,9.877926562499999,0.7620867543248279,43.75,6.546476634148527,0.7135594124720195,30.481283422459892,4.0966
2013-10-17,9.4847,3.3914,6.4468,9.875889119170983,0.7606339747607679,37.82383419689119,6.545946439286036,0.7116960494248415,34.57446808510639,4.0966
2013-10-18,9.5667,3.3547,6.3474,9.874295360824743,0.7589940627894347,45.876288659793815,6.544895929025262,0.7099568891661033,29.100529100529098,4.1055
2013-10-21,9.6015,3.3385,6.3045,9.872896410256411,0.7572961390316487,47.69230769230769,6.54363068729355,0.7082997295577257,27.89473684210526,4.1105
2013-10-22,9.5443,3.385,6.3471,9.871219897959184,0.755724500107847,43.36734693877551,6.542601730815574,0.7065854713101507,29.31937172774869,4.1305
2013-10-23,9.3958,3.5409,6.494,9.868806598984772,0.7545607613342257,27.918781725888326,6.54234859680091,0.704751685821877,40.625,4.1491
2013-10-24,9.3133,3.5655,6.5433,9.86600101010101,0.7536823130397045,23.737373737373737,6.542353526351164,0.7029235364222701,47.66839378238342,4.194
2013-10-25,9.1805,3.492,6.6787,9.862556281407034,0.7533472442375049,20.100502512562816,6.543056343225643,0.7011775208667578,56.18556701030928,4.214
2013-10-28,9.1956,3.4733,6.6708,9.8592215,0.7529325618458471,21.0,6.543711438901408,0.6994368372600488,54.871794871794876,4.204
2013-10-29,9.198,3.4687,6.6546,9.85593184079602,0.7524967635712256,21.393034825870647,6.544277196866197,0.6976950095090165,54.59183673469388,4.2173
2013-10-30,9.3201,3.399,6.5122,9.853279207920792,0.7515733385578922,25.742574257425744,6.544114368455709,0.6959256906370389,41.62436548223351,4.2173
2013-10-31,9.2802,3.4125,6.595,9.850456157635467,0.7507927618394817,24.63054187192118,6.544371366594821,0.6941754499318715,50.505050505050505,4.1806
2013-11-01,9.2898,3.4072,6.6089,9.847707843137254,0.7499732610509703,25.0,6.544695631084295,0.6924441271193434,51.256281407035175,4.1556
2013-11-04,9.2736,3.4019,6.6102,9.84490731707317,0.7492103486550534,23.902439024390244,6.545023152928873,0.6907263001199068,51.5,4.1731
2013-11-05,9.2065,3.4266,6.6513,9.841808252427183,0.7487056646062265,21.844660194174757,6.545551893461565,0.6890465072174201,53.73134328358209,4.2106
2013-11-06,9.2024,3.4241,6.6461,9.838719323671498,0.7482096612010024,21.73913043478261,6.546049656365221,0.6873750571739384,53.46534653465347,4.2206
2013-11-07,9.1366,3.4466,6.6505,9.83534375,0.7479872504822624,13.461538461538462,6.546564190077707,0.6857189205515621,53.69458128078818,4.2945
2013-11-08,9.0806,3.4678,6.6939,9.831732535885168,0.7480110065547583,10.047846889952153,6.547286424440071,0.6841135682305938,59.31372549019608,4.3186
2013-11-11,9.2207,3.42,6.4418,9.828822857142857,0.7474125533506397,23.809523809523807,6.546771856515974,0.6824825324315189,32.6829268292683,4.4034
2013-11-12,9.1632,3.4478,6.4986,9.825668246445497,0.7470393831565864,17.535545023696685,6.546538012552304,0.680832238839359,39.32038834951456,4.4146
2013-11-13,8.962,3.5128,6.6954,9.82159433962264,0.7476211284871592,8.49056603773585,6.5472571525882834,0.6792641498527167,59.90338164251207,4.4628
2013-11-14,9.036,3.4833,6.5662,9.817906103286385,0.7477948162696407,10.328638497652582,6.54734822397007,0.6776306028611665,47.59615384615385,4.5006
2013-11-15,9.2175,3.4276,6.2483,9.81510046728972,0.7471684322301615,24.766355140186917,6.545917371223802,0.6763224316853238,24.880382775119617,4.6006
2013-11-18,9.5274,3.384,5.8341,9.813762325581395,0.7456857905680229,46.04651162790698,6.542527764694165,0.6764873764131161,19.047619047619047,4.6619
2013-11-19,9.5496,3.3905,5.7994,9.812539351851852,0.7441737519742,49.53703703703704,6.539005832160068,0.6768095191597602,17.535545023696685,4.6722
2013-11-20,9.5752,3.3449,5.7214,9.811445622119816,0.7426310748037984,51.61290322580645,6.535149200876296,0.6775313594186435,16.037735849056602,4.7222
2013-11-21,9.5129,3.3796,5.8111,9.81007614678899,0.7412004236123552,44.03669724770643,6.531749908853402,0.6777486879842108,19.248826291079812,4.7009
2013-11-22,9.5664,3.3623,5.8024,9.808963470319634,0.7396887095096728,50.68493150684932,6.528341731709227,0.6779903820395298,18.22429906542056,4.6509
2013-11-25,9.5438,3.3493,5.8621,9.807758181818182,0.738221196880696,47.72727272727273,6.525242932957092,0.677929126218063,21.3953488372093,4.6159
2013-11-26,9.5246,3.3464,5.8932,9.806476923076923,0.7367942472431659,45.248868778280546,6.522316808267475,0.6777175316015087,21.75925925925926,4.6059
2013-11-27,9.5751,3.3278,5.8927,9.805434684684686,0.7352961887214732,52.25225225225225,6.519415348321543,0.6774974888573916,21.658986175115206,4.5511
2013-11-28,9.565,3.3284,6.0235,9.804356502242154,0.7338215509550411,50.672645739910315,6.517140507274195,0.6767719582311245,25.229357798165136,4.4313
2013-11-29,9.6088,3.3127,6.0459,9.803483482142857,0.7322977808658778,54.46428571428571,6.514988724135957,0.6759720732659946,25.570776255707763,4.3612
2013-12-02,9.6764,3.3016,5.8532,9.802918666666667,0.7307175388664976,57.333333333333336,6.511980593571702,0.6759015829665985,20.909090909090907,4.4812
2013-12-03,9.6216,3.3163,5.9521,9.802116371681416,0.7291984275071299,54.86725663716814,6.509447197220699,0.6754167369434957,24.8868778280543,4.4412
2013-12-04,9.548,3.3291,6.0472,9.80099691629956,0.7277850925951335,48.01762114537445,6.507365002638624,0.6746043446053771,26.576576576576578,4.4262
2013-12-05,9.5562,3.3301,5.9682,9.799923245614035,0.7263674693076595,49.122807017543856,6.504947222357734,0.6740534041875064,25.56053811659193,4.4962
2013-12-06,9.5777,3.3258,5.9247,9.798952838427947,0.7249278814624515,52.838427947598255,6.502356832972208,0.6736586736446931,23.660714285714285,4.5162
2013-12-09,9.6003,3.3176,5.875,9.798089130434782,0.7234683088604028,53.91304347826087,6.49956858038122,0.6734541584258766,21.333333333333336,4.5413
2013-12-10,9.5678,3.3276,5.8505,9.797092207792208,0.7220589671030434,51.298701298701296,6.496696595512277,0.6733420779652841,20.353982300884958,4.6012
2013-12-11,9.3739,3.3843,6.0466,9.795268103448276,0.7210343199420778,30.603448275862068,6.49471379112676,0.6725182266217571,27.75330396475771,4.6213
2013-12-12,9.3105,3.402,6.1493,9.79318755364807,0.7201829325724777,26.609442060085836,6.49319881835866,0.6714298734170765,29.385964912280706,4.5913
2013-12-13,9.3369,3.3975,6.1691,9.791237606837608,0.7192585627149097,29.059829059829063,6.491783539675872,0.6703030092205526,29.694323144104807,4.5411
2013-12-16,9.2687,3.4165,6.2352,9.789014042553191,0.7185321254123685,24.680851063829788,6.490667959068586,0.6690572579259207,31.30434782608696,4.5539
2013-12-17,9.2423,3.4237,6.2559,9.786697457627119,0.7178871049247685,24.152542372881356,6.489651647557466,0.6677854099207448,32.467532467532465,4.5639
2013-12-18,9.2727,3.4145,6.2029,9.784528691983123,0.7171453193980817,25.31645569620253,6.4884156490766145,0.6666094110088558,30.603448275862068,4.5814
2013-12-19,9.1486,3.4542,6.329,9.781856722689076,0.7168183439122437,15.126050420168067,6.487731461741522,0.6652590094425855,33.47639484978541,4.6016
2013-12-20,9.1071,3.4632,6.3788,9.779033472803347,0.7166419357446623,10.87866108786611,6.4872659426742505,0.6638740240040016,36.324786324786324,4.6016
2013-12-23,9.1438,3.4469,6.3347,9.776386666666667,0.7163170385652498,14.583333333333334,6.486616725896913,0.6625344559144449,34.04255319148936,4.6017
2013-12-24,9.2583,3.4097,6.2445,9.774236929460582,0.7156047379673787,25.311203319502074,6.485590807566841,0.6613163229894081,31.35593220338983,4.5566
2013-12-27,9.2718,3.4017,6.2417,9.772160743801653,0.7148516684173835,26.446280991735538,6.4845617324294285,0.6601089975217584,31.223628691983123,4.5437
2013-12-30,9.2527,3.4038,6.264,9.77002304526749,0.714153943332639,25.102880658436217,6.483635002461238,0.6588752342235947,33.193277310924366,4.5437
2013-12-31,9.2825,3.3954,6.2212,9.768025,0.7133692779991534,28.688524590163933,6.482536948057635,0.6577135768096783,30.543933054393307,4.5518
2014-01-02,9.2662,3.3911,6.1901103839761715,9.765976734693878,0.7126305331123781,26.122448979591837,6.481318504040629,0.6566121560378783,29.166666666666668,4.6018
2014-01-03,9.0427,3.4676,6.41714398907406,9.763036585365853,0.7126680674427391,9.34959349593496,6.481052219746162,0.6552614596758934,40.66390041493776,4.6415
2014-01-06,8.9692,3.4887,6.492366378272308,9.759822672064777,0.7130080706967423,7.6923076923076925,6.481098972467343,0.653906614982522,46.28099173553719,4.6569
2014-01-07,8.9657,3.4831,6.51161879161694,9.75662056451613,0.7133464797571654,7.661290322580645,6.481224568430922,0.6525626659491368,48.559670781893004,4.642
2014-01-08,9.0705,3.4401,6.432850565018467,9.753865060240964,0.7132338944672812,10.441767068273093,6.481026314318576,0.6512314075587365,40.98360655737705,4.5919
2014-01-09,8.9686,3.4717,6.553112265013491,9.750724,0.7135295904613913,8.0,6.48132054268876,0.6499172557856367,54.69387755102041,4.5969
2014-01-10,8.9922,3.4635,6.519149093658949,9.747701992031873,0.7137080811756826,9.56175298804781,6.481474317286199,0.6485994066872464,50.40650406504065,4.6016
2014-01-13,9.009,3.4565,6.5030111000111,9.744770634920636,0.7138029738568614,10.317460317460316,6.481561510738527,0.6472865655216395,47.368421052631575,4.597
2014-01-14,8.9793,3.4718,6.534725579944984,9.741745059288538,0.7140081432600037,9.486166007905137,6.481775881985327,0.6459890198179628,52.016129032258064,4.602
2014-01-15,9.0122,3.4595,6.543769772086727,9.738872834645669,0.7140641985258573,11.023622047244094,6.482024853431517,0.6447024705618626,54.21686746987952,4.5523
2014-01-16,9.0283,3.4516,6.489182356589834,9.736086274509805,0.7140451029912112,11.372549019607844,6.48205348344415,0.6434119322378963,45.2,4.5871
2014-01-17,9.0659,3.4302,6.433444477658039,9.733468359375,0.7138742215503961,12.5,6.481859822066516,0.6421362568363151,40.23904382470119,4.5969
2014-01-20,8.98,3.461,6.543557461024498,9.730536575875485,0.714026520331098,9.72762645914397,6.482104653967144,0.6408726489623628,54.36507936507936,4.5923
2014-01-21,9.0472,3.4479,6.510843514015385,9.727887984496123,0.713905200839622,12.790697674418606,6.48221824629935,0.6396073901027896,48.22134387351779,4.5423
2014-01-22,9.0742,3.4422,6.517955229111108,9.725364092664092,0.7136780099162907,13.8996138996139,6.482358943082073,0.638351001590453,50.39370078740157,4.5023
2014-01-23,8.9186,3.4956,6.730022144731237,9.722261153846153,0.7140525382998898,5.384615384615385,6.483330171323835,0.6372861112523611,69.41176470588235,4.4825
2014-01-24,8.8204,3.5373,6.825054314997054,9.718805747126437,0.7148579270507914,3.4482758620689653,6.484665031260058,0.6363972818029581,74.609375,4.5123
2014-01-27,8.6399,3.611,7.094008034815216,9.714687786259542,0.7165872764797443,1.5267175572519083,6.487036015709689,0.6362898240430874,85.60311284046692,4.4802
2014-01-28,8.6214,3.6145,7.096344238754727,9.710530798479088,0.7183817696198708,1.1406844106463878,6.4893976754889335,0.6361830697907664,85.65891472868216,4.5027
2014-01-29,8.6934,3.5882,6.992779271631352,9.706678030303031,0.7197370858161691,2.272727272727273,6.491341233775198,0.6357207032203492,82.62548262548263,4.5102
2014-01-30,8.6499,3.6009,7.058927292801072,9.702690188679245,0.7212940005465828,2.2641509433962264,6.493524257079144,0.6354688920519098,85.0,4.5019
2014-02-04,8.3967,3.7078,,9.697780451127821,0.7243597967735044,0.37593984962406013,6.493524257079144,0.6354688920519098,,
2014-02-05,8.3483,3.7343,,9.692726217228463,0.727686060062502,0.37453183520599254,6.493524257079144,0.6354688920519098,,
2014-02-06,8.4232,3.701,,9.687989179104477,0.7304399424641896,1.1194029850746268,6.493524257079144,0.6354688920519098,,
2014-02-07,8.5064,3.6633,7.27775441549892,9.683596654275092,0.7326185540078409,2.2304832713754648,6.496528970329794,0.63609815706107,90.80459770114942,4.4781
2014-02-10,8.4792,3.6754,7.310465430701008,9.679135925925927,0.7349113179090458,1.4814814814814816,6.499635598041134,0.6368637667473773,91.22137404580153,4.4831
2014-02-11,8.6412,3.7141,7.084366787020321,9.67530590405904,0.7362488195206742,4.059040590405904,6.501858910546759,0.6366697467220443,84.4106463878327,4.4881
2014-02-12,8.766,3.663,6.929411613050422,9.671962867647059,0.7369519081378069,6.61764705882353,6.503478428359273,0.6360053162450028,78.03030303030303,4.4783
2014-02-13,8.6915,3.6845,7.027193873324513,9.66837142857143,0.7379817875422906,4.761904761904762,6.505454713057254,0.635615797390686,83.39622641509435,4.4783
2014-02-14,8.7411,3.6605,6.962107754172815,9.664987226277374,0.7387530617849833,6.569343065693431,6.507171453813328,0.635035136517123,79.32330827067669,4.4781
2014-02-17,8.8427,3.5889,6.7952631605731275,9.661997090909091,0.739067877747918,8.727272727272728,6.508250448969732,0.634089060630352,69.66292134831461,4.5135
2014-02-18,8.8397,3.5843,6.774101106372387,9.659017753623187,0.7393803412783359,8.695652173913043,6.509242429034667,0.6331124814060447,68.65671641791045,4.5385
2014-02-19,8.8583,3.5756,6.735347747310433,9.656127075812273,0.7396052759497801,9.386281588447654,6.510082969251306,0.6320843920008667,66.17100371747212,4.5535
2014-02-20,8.7782,3.6226,6.858257100544531,9.652969064748202,0.7401424263432191,7.553956834532374,6.51137250307091,0.6312671817676984,73.70370370370371,4.5336
2014-02-21,8.8469,3.5911,6.779994409341126,9.650079928315412,0.7403835681968574,9.67741935483871,6.512363727817295,0.6303118780940836,68.63468634686348,4.5234
2014-02-24,8.7597,3.6198,6.932316070185052,9.6469,0.7409664757695097,7.142857142857142,6.513907670252471,0.6296653284776772,77.94117647058823,4.4836
2014-02-25,8.7373,3.6252,7.011583294610464,9.643662989323843,0.741627518893196,6.405693950177936,6.515730657887482,0.6292297332343005,82.41758241758241,4.4336
2014-02-26,8.8239,3.606,6.883257353324494,9.640756028368795,0.741913438621328,9.219858156028367,6.517071996191996,0.6284713481324943,74.45255474452554,4.4496
2014-02-27,8.9911,3.5444,6.732509641756849,9.638460424028269,0.7416040937463237,17.314487632508836,6.517855405812232,0.6274616485469182,64.72727272727272,4.3896
2014-02-28,8.9634,3.5438,6.728880799696544,9.636083450704225,0.7413764529866215,14.788732394366196,6.518619990572683,0.6264522359370275,64.13043478260869,4.4276
2014-03-03,8.8365,3.5916,6.859097787585584,9.633277894736842,0.7415833681842517,9.824561403508772,6.519849152294751,0.625653766684386,73.28519855595668,4.4576
2014-03-04,8.8986,3.5683,6.7351227878542685,9.63070909090909,0.7415548859446657,12.937062937062937,6.5206235178902885,0.6246604434299946,64.74820143884892,4.5026
2014-03-05,8.8417,3.5818,6.792442186457356,9.627959930313589,0.74172040763232,10.452961672473867,6.5215977783511025,0.6237515321630992,68.81720430107528,4.5176
2014-03-06,8.8797,3.5735,6.747141722130253,9.625361805555556,0.7417386637804059,12.5,6.522403292436028,0.6227820505691263,66.07142857142857,4.5145
2014-03-07,8.8834,3.5833,6.742751167345836,9.62279446366782,0.7417349929001155,12.802768166089965,6.523187448574497,0.6218113693158656,65.12455516014235,4.5142
2014-03-10,8.747,3.6451,6.928191139819368,9.619774482758622,0.7422327271684447,7.241379310344828,6.524623631876784,0.6211745960984197,77.6595744680851,4.5043
2014-03-11,8.7429,3.6418,6.925352428827963,9.61676116838488,0.7427310954685797,6.872852233676976,6.526039634692866,0.6205319101196756,77.03180212014135,4.5125
2014-03-12,8.5943,3.9383,7.1332189567504045,9.613259589041096,0.7438603615441177,2.73972602739726,6.528177590052223,0.6204817147683606,87.32394366197182,4.5024
2014-03-13,8.545,3.982,7.200350146284377,9.609613651877133,0.7451988054721435,2.7303754266211606,6.530536090249529,0.6206661311199204,88.42105263157895,4.5024
2014-03-14,8.478,3.9929,7.302834725171032,9.60576462585034,0.7468421568524858,1.3605442176870748,6.533236435126876,0.6212549247313903,91.6083916083916,4.4924
2014-03-17,8.4602,3.9979,7.338051535424694,9.601881355932203,0.7485425221608384,1.3559322033898304,6.536040668925824,0.6219822402593034,92.6829268292683,4.482
2014-03-18,8.4886,3.9782,7.271005619301181,9.59812027027027,0.75006396334989,2.7027027027027026,6.538592630559071,0.622404793148189,90.27777777777779,4.5095
2014-03-19,8.4836,3.9506,7.277948724598048,9.594367676767677,0.7515783034574228,2.356902356902357,6.541150956143982,0.6228420772197844,90.65743944636678,4.5095
2014-03-20,8.3379,4.0264,7.473927601674283,9.59015134228188,0.7538264521857659,0.33557046979865773,6.544367427335465,0.6241670123070373,93.44827586206897,4.5195
2014-03-21,8.4362,3.7871,7.349278196344326,9.586291973244148,0.7555080629924542,1.6722408026755853,6.547133443723812,0.6248715280546706,92.78350515463917,4.5044
2014-03-24,8.6769,3.7145,7.010053346241169,9.583260666666666,0.7560669605616233,7.000000000000001,6.548718785855721,0.6243865731648494,80.13698630136986,4.5148
2014-03-25,8.6577,3.7306,7.031211772179679,9.580185714285715,0.7566866732167467,6.976744186046512,6.550365519597441,0.6239550008577369,82.25255972696246,4.5192
2014-03-26,8.7073,3.7036,6.985416356390614,9.57729536423841,0.7570953505205513,8.609271523178808,6.551845284348438,0.623407739069265,78.91156462585033,4.4992
2014-03-27,8.7232,3.7112,6.952783052090974,9.574476567656767,0.7574306687517868,9.24092409240924,6.553204395425531,0.6227863731984306,76.61016949152543,4.5109
2014-03-28,8.8644,3.6712,6.770679373674473,9.572140789473684,0.7572761506887765,16.11842105263158,6.553939108189885,0.6218615287657034,63.85135135135135,4.5104
2014-03-31,8.8814,3.6529,6.759086117053619,9.56987606557377,0.7570641692604169,17.04918032786885,6.55462983885946,0.620927471915638,63.2996632996633,4.5004
2014-04-01,8.9806,3.6034,6.639713466806226,9.567950326797385,0.7565739970569775,23.202614379084967,6.554915354389483,0.6199043002802512,52.68456375838926,4.4954
2014-04-02,8.9778,3.5965,6.648186290627993,9.566028013029316,0.7560889253214691,22.475570032573287,6.555227297320047,0.6188902305973139,53.17725752508361,4.4904
2014-04-03,9.0042,3.5863,6.615528344550319,9.564203896103896,0.7555368307681369,24.675324675324674,6.5554283008108145,0.6178676617655439,51.0,4.4904
2014-04-04,8.997,3.5969,6.624416049794376,9.562368284789644,0.7550008832357115,24.271844660194176,6.555657495990162,0.6168532235874976,51.162790697674424,4.4904
2014-04-07,8.9807,3.6145,,9.56049193548387,0.7545034335624634,23.548387096774192,6.555657495990162,0.6168532235874976,,
2014-04-08,9.079,3.5794,6.564528901861437,9.558943729903538,0.7537824720659185,28.29581993569132,6.555686871506292,0.6158313074678309,48.01324503311258,4.4499
2014-04-09,9.1757,3.5543,6.421251079481673,9.557715384615385,0.7528852147294354,35.57692307692308,6.555243189024363,0.6148625903299751,33.003300330033,4.4771
2014-04-10,9.2764,3.5009,6.3229439825794485,9.556816613418532,0.7518491862264853,43.76996805111821,6.554479046897899,0.6139945646372796,27.302631578947366,4.4571
2014-04-11,9.1726,3.5178,6.44993431960404,9.555592993630574,0.7509631088002517,34.71337579617834,6.5541362773002145,0.6130163228594688,35.08196721311476,4.4521
2014-04-14,9.1875,3.5125,6.459553741496598,9.554424444444445,0.7500560356247223,37.142857142857146,6.553827184045954,0.6120376481151503,35.62091503267974,4.4248
2014-04-15,9.0318,3.5706,6.6718900794968885,9.552770569620252,0.7494433583622907,25.949367088607595,6.5542117537379765,0.6110770615003931,56.67752442996743,4.4001
2014-04-16,9.0311,3.5733,6.712748268760172,9.551124921135647,0.7488319642221271,25.86750788643533,6.554726482682853,0.6101509047334549,60.71428571428571,4.3601
2014-04-17,9.0578,3.5613,6.765308439135331,9.54957358490566,0.7481636546958865,27.358490566037734,6.555407977687555,0.6092802061978384,65.0485436893204,4.2749
2014-04-22,9.0429,3.5828,6.758699407269793,9.54798526645768,0.747526850254819,26.959247648902824,6.556063756492658,0.6084059190329856,64.19354838709678,4.2997
2014-04-23,8.9483,3.636,6.845607041560968,9.54611125,0.7471080653081186,18.75,6.556994763840145,0.6076481256288458,70.7395498392283,4.3297
2014-04-24,8.965,3.6264,6.815089682097043,9.54430093457944,0.7466460539469277,20.24922118380062,6.55782199114225,0.6068489218382918,68.58974358974359,4.3394
2014-04-25,8.8611,3.6805,6.95588060850233,9.542179192546584,0.7464543514862557,15.217391304347828,6.55909374391337,0.606295028244679,77.95527156549521,4.3294
2014-04-28,8.8227,3.6978,7.004298766817415,9.539951702786377,0.746369017676001,12.38390092879257,6.560511594304783,0.6058483346849687,80.89171974522293,4.3301
2014-04-29,8.9327,3.6404,6.8746235136073075,9.538077469135803,0.7459772031847722,18.82716049382716,6.5615087750009815,0.6051439428098792,72.38095238095238,4.3202
2014-04-30,8.8434,3.6791,7.007668014564533,9.53594,0.7458217067616935,14.461538461538462,6.5629206713287145,0.6047051103299516,81.0126582278481,4.3002
2014-05-02,8.8694,3.6635,,9.533895398773007,0.7455885983469477,16.56441717791411,6.5629206713287145,0.6047051103299516,,
2014-05-05,8.7634,4.0609,7.110896149896158,9.531539143730885,0.7456623113075167,11.009174311926607,6.564649300598642,0.6045320513292883,85.17350157728707,4.3002
2014-05-07,8.6853,4.1026,7.2334070682647695,9.528959146341464,0.7459850946913836,7.01219512195122,6.56675231244665,0.6047410535035951,88.9937106918239,4.2803
2014-05-08,8.7462,4.0824,7.203236850289269,9.526579939209727,0.7460958226788591,10.33434650455927,6.56874756178158,0.6048398749512962,87.46081504702194,4.2303
2014-05-09,8.7546,4.0788,7.302066422223746,9.524240606060607,0.7461719486940104,11.212121212121213,6.571039183220462,0.6052795133590112,91.25,4.1205
2014-05-12,8.8999,4.0379,7.1155813042843175,9.522354380664654,0.7458314648100813,19.637462235649547,6.572735576120972,0.605097389081476,84.42367601246106,4.1205
2014-05-13,8.9393,4.0489,7.036058231628876,9.520598192771084,0.7453924785272044,21.084337349397593,6.574174466355469,0.6047068386544193,82.29813664596274,4.1505
2014-05-14,9.0247,3.9805,6.9103007435150205,9.519109009009009,0.744766886061333,28.22822822822823,6.575215104984446,0.60405873670941,72.44582043343654,4.1704
2014-05-15,9.0571,3.9283,6.849561708493889,9.517725748502993,0.7440794099148104,30.538922155688624,6.576061853760709,0.6033177842143596,68.51851851851852,4.1915
2014-05-16,9.0526,3.9534,6.854650162384287,9.516337313432835,0.743401196124108,30.447761194029848,6.576919048556474,0.602586460150765,68.61538461538461,4.1919
2014-05-19,9.0446,3.9705,6.885520898657761,9.514933333333333,0.7427387826457118,30.059523809523807,6.577865679998502,0.601903515813616,71.47239263803681,4.1708
2014-05-20,9.0787,3.995,6.8377928668201395,9.513638872403561,0.7420154544624021,32.34421364985163,6.578660564361871,0.6011538144876774,66.66666666666666,4.177
2014-05-21,9.109,4.1877,6.8011534745855755,9.512441715976331,0.7412428495954261,34.319526627218934,6.579338896405236,0.6003620460207489,64.32926829268293,4.177
2014-05-22,9.1752,4.1876,6.721944982125731,9.511446902654868,0.7403746991725031,39.823008849557525,6.579772349553323,0.5995003466407323,57.14285714285714,4.177
2014-05-23,9.1811,4.0742,6.734541052815021,9.510475294117647,0.7395015208441413,41.47058823529412,6.580241345623813,0.5986517674346082,58.18181818181818,4.1574
2014-05-26,9.1716,3.9526,6.735822992716648,9.509481524926686,0.7386437390490672,38.70967741935484,6.580711380811404,0.5978077580925951,58.91238670694864,4.1674
2014-05-27,9.1552,4.1995,6.765354281719678,9.508445614035088,0.7378110858788162,38.01169590643275,6.581267534127393,0.5969925192426234,62.048192771084345,4.1574
2014-05-28,9.2056,4.2055,6.7172529851394795,9.507562682215744,0.7369156941989065,43.731778425655975,6.581675898845147,0.5961418979200028,56.45645645645646,4.1457
2014-05-29,9.1783,4.2166,6.779363828813615,9.506605523255814,0.7360573092487878,40.98837209302326,6.582267778874993,0.5953467831768987,63.17365269461078,4.1159
2014-05-30,9.2091,4.1906,6.787424423667894,9.505743188405797,0.735163784741627,44.34782608695652,6.582880186769898,0.594562892791166,64.17910447761194,4.0714
2014-06-03,9.3065,3.9979,6.72377810132703,9.505167341040462,0.7341785563498261,50.0,6.583299525801317,0.5937270781428574,56.547619047619044,4.0214
2014-06-04,9.2558,4.0261,6.792636387994554,9.504448703170029,0.7332417572291079,46.39769452449568,6.583920703433939,0.5929548580003506,64.68842729970326,4.0114
2014-06-05,9.2519,3.9153,6.777190667862818,9.503722988505746,0.7323122787902255,45.97701149425287,6.584492508062426,0.592170098924899,62.721893491124256,4.0314
2014-06-06,9.1964,3.9093,6.81242019050933,9.502842406876791,0.7314468529292553,42.40687679083094,6.585164861107992,0.5914252366844469,66.3716814159292,4.0614
2014-06-09,9.2563,3.7113,6.732052783509611,9.502138,0.7305197162189214,46.85714285714286,6.585596884409173,0.5906084210665887,56.76470588235294,4.0714
2014-06-10,9.3458,3.6995,6.638593580003852,9.501692592592592,0.7295259387641729,52.991452991452995,6.585752299938776,0.5897487531175313,48.09384164222874,4.0614
2014-06-11,9.3235,3.6974,6.664185885128977,9.501186363636364,0.7285506780560086,51.98863636363637,6.585981637907169,0.5889011440302888,50.877192982456144,4.0614
2014-06-12,9.2621,3.908,6.732687576251605,9.500509065155807,0.7276289722637482,47.30878186968839,6.586409352013129,0.5880952564813678,57.434402332361515,4.064
2014-06-13,9.3281,3.9191,6.636296737813703,9.500022033898304,0.7266581372176093,52.259887005649716,6.58655437348348,0.5872459867624726,47.674418604651166,4.084
2014-06-16,9.3245,3.3519,6.6604356265751505,9.499527605633803,0.7256935804863219,52.112676056338024,6.586768522043165,0.5864077392948843,50.72463768115942,4.064
2014-06-17,9.2921,3.3642,6.707829941563263,9.498944943820225,0.7247567815219652,50.0,6.5871184105388885,0.5855957792569294,54.33526011560693,4.054
2014-06-18,9.2878,3.1791,6.7128123775275075,9.49835350140056,0.7238270314068861,49.57983193277311,6.587480640991305,0.5847901902526447,55.61959654178674,4.054
2014-06-19,9.2701,3.3263,6.746570147031856,9.497715921787709,0.7229157733905727,47.486033519553075,6.587937794744295,0.5840114605783434,60.3448275862069,4.0408
2014-06-20,9.2884,3.3208,6.714616876964818,9.49713286908078,0.7219925119252772,49.86072423398329,6.588300772057249,0.5832134770298889,55.587392550143264,4.0515
2014-06-23,9.1265,3.3692,6.905602941982139,9.496103333333334,0.721252886333529,33.33333333333333,6.589207349685606,0.582625929917923,74.0,4.0515
2014-06-24,9.1483,3.3589,6.87949264344195,9.495139889196675,0.7204851655728354,35.45706371191136,6.590034373314541,0.5820010829466522,72.36467236467237,4.0515
2014-06-25,9.1369,3.3724,6.888931111208397,9.494150276243094,0.7197349779759388,33.97790055248619,6.590883511774467,0.5813914830461689,73.57954545454545,4.0557
2014-06-26,9.2878,3.3214,6.719612377527508,9.493581818181818,0.7188242962055672,50.0,6.591248182782266,0.5806077115322635,55.524079320113316,4.0472
2014-06-27,9.2908,3.3176,6.714835773022775,9.493024725274726,0.717914687333921,50.824175824175825,6.591597300268821,0.5798241668784861,55.08474576271186,4.0485
2014-06-30,9.2881,3.2132,6.705264616014039,9.492463287671233,0.7170105833422611,50.136986301369866,6.591917489890638,0.579038276715955,52.67605633802817,4.0612
2014-07-02,9.4139,3.8181,6.5014,9.49224863387978,0.7160421343998135,57.92349726775956,6.591663227278586,0.5782442941810274,34.55056179775281,4.1212
2014-07-03,9.3899,3.9313,6.4994,9.491969754768393,0.715085838284608,56.13079019073569,6.59140478686604,0.577454449085973,34.45378151260504,4.1503
2014-07-04,9.396,3.9435,6.4682,9.491708967391304,0.7141310691041282,56.52173913043478,6.591060639416694,0.576684045378501,31.564245810055862,4.1747
2014-07-07,9.385,3.9461,6.5341,9.491419783197832,0.7131843313828733,55.82655826558266,6.590901974682943,0.5758881290558426,38.99721448467967,4.1212
2014-07-08,9.3945,3.9451,6.5283,9.491157837837838,0.712237691235832,56.21621621621622,6.590728080308823,0.5750971666002613,38.333333333333336,4.1162
2014-07-09,9.2506,4.0055,6.6825,9.490509433962263,0.7113864973916149,44.20485175202156,6.590982296152844,0.5743203356982658,52.07756232686981,4.1276
2014-07-10,9.2849,3.9932,6.6404,9.489956720430108,0.7105094517717467,48.924731182795696,6.591118809146896,0.5735323919960086,47.51381215469613,4.1298
2014-07-11,9.2895,3.9939,6.645,9.489419302949063,0.70963209234833,50.134048257372655,6.5912672421795495,0.5727488203619389,47.658402203856745,4.1198
2014-07-14,9.3473,3.9695,6.5685,9.489039304812835,0.7087207508648737,54.54545454545454,6.591204694810924,0.57196277783275,42.857142857142854,4.1298
2014-07-15,9.4021,3.9433,6.4788,9.488807466666666,0.7077893598128264,57.333333333333336,6.59089673674295,0.5712089481614725,32.054794520547944,4.1571
2014-07-16,9.4168,3.9338,6.4022,9.488615957446807,0.7068572525553108,59.04255319148937,6.590381171888461,0.5705131090261144,26.775956284153008,4.2171
2014-07-17,9.4143,3.934,6.3551,9.488418832891247,0.7059295021878014,58.88594164456234,6.589740078777047,0.5698673117790044,24.52316076294278,4.267
2014-07-18,9.3898,3.9462,6.348,9.488157936507937,0.7050133139595975,55.82010582010582,6.5890831763890665,0.5692316327391759,24.456521739130434,4.3019
2014-07-21,9.3604,3.9445,6.3816,9.487820844327178,0.7041131047555294,54.35356200527705,6.588520891358202,0.5685621203029617,26.01626016260163,4.3017
2014-07-22,9.5345,3.8819,6.2165,9.487943684210526,0.7031900962845995,66.3157894736842,6.587515429489666,0.5681216797820521,19.72972972972973,4.2717
2014-07-23,9.6476,3.8531,6.0686,9.488362729658792,0.7023141754785497,73.75328083989501,6.58611673560964,0.5679930558004571,17.52021563342318,4.2967
2014-07-24,9.4958,3.8248,6.2343,9.488382198952879,0.7013944166398787,62.82722513089005,6.585170991696711,0.5675215396183395,20.698924731182796,4.2967
2014-07-25,9.5249,3.8184,6.2277,9.488477545691907,0.7004806385094561,65.27415143603133,6.584212624426747,0.5670616199634132,20.64343163538874,4.2711
2014-07-28,9.6014,3.7829,6.1438,9.488771614583333,0.699591631478604,72.13541666666666,6.583035050564643,0.5667594987704722,18.181818181818183,4.2713
2014-07-29,9.661,3.7498,6.0704,9.489218961038961,0.6987374712611146,74.54545454545455,6.581668023763137,0.5666203929080471,17.599999999999998,4.2805
2014-07-30,9.7046,3.732,6.0139,9.48977694300518,0.6979176642517328,75.64766839378238,6.5801580024233415,0.5666214361336639,16.22340425531915,4.2905
2014-07-31,9.5891,3.7277,6.163,9.490033591731267,0.69703361702601,71.31782945736434,6.579051482523014,0.5662760841558538,19.098143236074268,4.2655
2014-08-01,9.4856,3.7623,6.2854,9.490022164948453,0.6961348346134714,61.855670103092784,6.5782746267491445,0.5657276687531234,23.809523809523807,4.2569
2014-08-04,9.5838,3.7508,6.1813,9.49026323907455,0.6952557007090489,71.2082262210797,6.577227200293342,0.5653477217885764,19.788918205804748,4.253
2014-08-05,9.5756,3.7456,6.1856,9.49048205128205,0.6943771864501748,70.25641025641025,6.576196602397833,0.5649597281625535,20.0,4.2576
2014-08-06,9.5449,3.7606,6.2305,9.490621227621483,0.6934941141993819,66.75191815856778,6.57528926223406,0.5644949903550355,22.04724409448819,4.2463
2014-08-07,9.4781,3.7882,6.2943,9.490589285714286,0.6926092785195188,60.71428571428571,6.574553688249153,0.5639384426761336,24.60732984293194,4.2563
2014-08-08,9.4613,3.8072,6.2982,9.49051475826972,0.6917291087809353,59.796437659033074,6.573832138149286,0.5633782858370168,24.804177545691903,4.2712
2014-08-11,9.6242,3.7506,6.109,9.490854060913705,0.6908834670712155,73.3502538071066,6.5726216377895215,0.5631427504556575,17.708333333333336,4.2815
2014-08-12,9.652,3.7589,6.079,9.491262025316455,0.6900558930038332,74.17721518987341,6.571339503665394,0.5629718367853835,17.662337662337663,4.2815
2014-08-13,9.726,3.7261,6.0267,9.491854797979798,0.6892847472783048,76.76767676767676,6.569928520495275,0.5629233466945874,16.321243523316063,4.255
2014-08-14,9.6988,3.7363,6.1006,9.492376070528968,0.6884942313529021,75.56675062972292,6.568715785300198,0.5627002544966855,18.087855297157624,4.21
2014-08-15,9.7622,3.7023,6.0434,9.493054020100503,0.6877614107830072,77.38693467336684,6.567361878637053,0.5626054666686152,16.49484536082474,4.2002
2014-08-18,9.7747,3.7126,6.0152,9.493759899749374,0.6870433500939095,77.44360902255639,6.5659424393603505,0.5625770772593202,15.938303341902312,4.2153
2014-08-19,9.7999,3.7033,5.962,9.49452525,0.6863542905361918,78.25,6.564393869003017,0.5626849000250609,15.128205128205128,4.2422
2014-08-20,9.7879,3.7785,5.9644,9.495256857855361,0.6856540990544929,77.55610972568579,6.562859357829096,0.5627813821133129,15.34526854219949,4.2523
2014-08-21,9.7211,3.8008,6.0357,9.495818656716418,0.6848931666882848,75.87064676616916,6.56151456354892,0.5626917716920269,17.091836734693878,4.2512
2014-08-22,9.7637,3.6888,5.986,9.496483374689827,0.6841727169341452,76.92307692307693,6.560050149901213,0.5627228649910344,16.030534351145036,4.256
2014-08-25,9.9361,3.6067,5.8119,9.497571534653465,0.6836745215325024,81.68316831683168,6.558151291652733,0.5632675653514428,10.913705583756345,4.2524
2014-08-26,9.9244,3.6228,5.83,9.498625432098764,0.6831584539873927,81.23456790123457,6.556307870661207,0.5637428715962907,11.39240506329114,4.2462
2014-08-27,9.8461,3.6409,5.9253,9.499481280788178,0.6825339592730334,78.81773399014779,6.554714416442365,0.5639205864880655,14.898989898989898,4.231
2014-08-28,9.7124,3.6697,6.0708,9.500004422604423,0.6817764425180587,74.93857493857494,6.553495488441251,0.5637320065103147,19.64735516372796,4.2254
2014-08-29,9.7102,3.6638,6.0623,9.500519607843136,0.6810197348626521,74.75490196078431,6.552261328922554,0.5635601021896495,19.09547738693467,4.2361
2014-09-01,9.7102,3.6527,6.0579,9.50103227383863,0.6802655046067764,74.69437652811736,6.5510223280981865,0.5633959334288974,19.047619047619047,4.2405
2014-09-02,9.7132,3.6545,6.0463,9.501549756097562,0.679516001471665,75.1219512195122,6.549760522277941,0.5632554569438118,18.5,4.249
2014-09-03,9.9673,3.5686,5.7688,9.502682968369829,0.6790766128599062,82.23844282238443,6.5478129898034325,0.5638995469123095,9.476309226932669,4.264
2014-09-04,9.9823,3.7658,5.7363,9.503847087378642,0.678662462621243,82.52427184466019,6.545794300774071,0.5646466280191407,9.203980099502488,4.2814
2014-09-05,9.9574,3.751,5.75,9.504945278450363,0.6782067586404621,81.84019370460048,6.543819625089768,0.5653337242650046,9.429280397022332,4.2928
2014-09-08,9.9567,3.4364,5.7507,9.506036473429951,0.6777500602024858,81.64251207729468,6.541856457700932,0.5660073301160701,9.653465346534654,
2014-09-10,9.7355,3.5251,5.9783,9.506589397590362,0.6770264828927987,75.18072289156626,6.54046496027451,0.565999581168726,17.28395061728395,4.2934
2014-09-11,9.6877,3.6658,6.0287,9.507024759615385,0.6762704186007717,71.875,6.539204455446247,0.5658709801665889,18.7192118226601,4.2937
2014-09-12,9.6677,3.6728,6.0644,9.507410071942447,0.6755047728358233,71.22302158273382,6.53803785973262,0.5656639933900465,20.884520884520885,4.2793
2014-09-15,9.5539,3.6864,6.2073,9.507521291866029,0.6747000915531829,63.8755980861244,6.537227227723472,0.5652069963224657,25.49019607843137,4.2597
2014-09-16,9.4543,3.7356,6.3138,9.507394272076372,0.6738994829656845,55.60859188544153,6.536680950883071,0.5646234410377521,29.82885085574572,4.2634
2014-09-17,9.577,3.6943,6.2409,9.50756,0.6731052921738043,66.66666666666666,6.535959533929699,0.5641231523752235,27.31707317073171,4.2008
2014-09-18,9.4843,3.7306,6.3999,9.507504750593824,0.6723063579089498,57.482185273159146,6.53562848883498,0.5634763251992767,34.306569343065696,4.1438
2014-09-19,9.5134,3.7173,6.4805,9.507518720379148,0.6715093751081066,59.47867298578199,6.535494681823244,0.5627986168684318,40.04854368932039,4.031
2014-09-22,9.3704,3.7618,6.6609,9.507194562647754,0.6707482148324609,49.40898345153664,6.535798326661444,0.5621506374262206,56.17433414043583,4.011
2014-09-23,9.3296,3.7949,6.7275,9.506775707547169,0.6700121538249033,47.16981132075472,6.536261374181586,0.5615501531348753,62.56038647342995,3.9911
2014-09-24,9.3864,3.7867,6.6112,9.506492470588237,0.6692488530318793,50.35294117647059,6.5364419491835575,0.5608852127969347,51.08433734939759,4.0425
2014-09-25,9.323,3.8078,6.7237,9.506061737089201,0.668521864770926,46.009389671361504,6.53689208872879,0.5602857130605434,62.25961538461539,4.0025
2014-09-26,9.276,3.8188,6.7713,9.505522950819671,0.6678311859764582,41.92037470725995,6.537454218012414,0.5597309406078992,68.34532374100719,4.0092
2014-09-29,9.1118,3.8822,6.9823,9.504603037383177,0.6673213507756636,27.570093457943923,6.5385184423712355,0.5594832352577478,82.77511961722487,3.9925
2014-09-30,8.9796,3.9446,7.154,9.503379254079254,0.6670237932126556,19.58041958041958,6.539987372103046,0.5596216256925738,89.02147971360382,3.9824
2014-10-03,9.0353,3.9159,7.0853,9.502290697674418,0.6666291225484733,23.02325581395349,6.541285735502801,0.559586484954184,86.90476190476191,
2014-10-06,9.1189,3.8728,6.9838,9.501401160092808,0.6661107706099292,28.306264501160094,6.542336838268827,0.5593364496110587,82.42280285035629,
2014-10-07,9.1683,3.8538,6.9247,9.500630092592594,0.6655319046335632,32.407407407407405,6.5432429121117925,0.5589825795400123,78.19905213270142,
2014-10-08,9.0927,3.8828,7.0048,9.499687990762125,0.6650512769088828,26.78983833718245,6.544334063619803,0.5587712256404802,83.68794326241135,3.993
2014-10-09,9.1953,3.8322,6.8737,9.4989866359447,0.6644449444802532,35.944700460829495,6.545110870073529,0.558340534420542,75.0,4.0014
2014-10-10,9.0212,3.908,7.0719,9.497888275862069,0.6640751062809737,21.839080459770116,6.546350373908651,0.5582670127290804,86.58823529411764,4.0131
2014-10-13,9.032,3.8972,7.0764,9.496819724770642,0.6636874055392987,22.93577981651376,6.547594621857222,0.5582010582527158,86.61971830985915,3.9953
2014-10-14,8.9928,3.9159,7.2185,9.495666361556065,0.6633649027670576,20.59496567505721,6.5491658288317955,0.5584893630856645,90.86651053864169,3.9015
2014-10-15,9.0106,3.9004,7.2765,9.494558904109589,0.6630115164262753,21.689497716894977,6.550865207736393,0.5589407254750743,92.5233644859813,3.8215
2014-10-16,8.9209,3.9418,7.398,9.493252164009112,0.6628203795334988,15.489749430523919,6.552839880911834,0.5597815735946815,95.1048951048951,3.8116
2014-10-17,8.982,3.9156,7.3224,9.492090227272726,0.6625142027773957,20.227272727272727,6.554629555607388,0.5603576857334223,93.72093023255815,3.811
2014-10-20,9.0097,3.9189,7.355,9.490996371882087,0.6621602846530985,21.99546485260771,6.556486563599018,0.5610303394672252,94.89559164733178,3.7441
2014-10-21,8.9988,3.9212,7.3803,9.489882805429863,0.6618240804473683,21.266968325791854,6.558393539146242,0.5617773559799837,94.9074074074074,3.7323
2014-10-22,9.1232,3.8743,7.1682,9.489055079006771,0.6613056804313867,29.79683972911964,6.559801868155142,0.5618912424959649,88.45265588914549,3.7929
2014-10-23,9.0891,3.9814,7.1914,9.488154279279279,0.6608325841569037,27.7027027027027,6.561257163389808,0.5620599102840451,88.47926267281106,3.8108
2014-10-24,9.062,3.8798,7.2338,9.487196629213482,0.6603980210549988,26.06741573033708,6.562803238876268,0.5623366619922099,90.57471264367815,3.8013
2014-10-27,8.9994,3.9085,7.3363,9.486102914798208,0.6600606034586084,21.300448430493272,6.56457731401646,0.5629088153870341,93.80733944954129,3.7756
2014-10-28,9.1248,3.8423,7.2167,9.485294630872483,0.6595428012175106,30.42505592841163,6.5660695856091,0.5631271234262445,89.24485125858124,3.7424
2014-10-29,9.2581,3.7904,7.0838,9.4847875,0.6588935362225786,42.1875,6.567251618518668,0.5630264060999702,84.47488584474885,3.7176
2014-10-30,9.1768,3.8071,7.1282,9.484101559020045,0.6583195098395862,36.30289532293987,6.568529405264639,0.5630202312935426,86.33257403189066,3.7688
2014-10-31,9.2987,3.7546,6.9983,9.483689555555557,0.657645585809986,47.55555555555556,6.56950615661631,0.5627523166957101,80.22727272727272,3.7559
2014-11-03,9.2488,3.7671,7.1115,9.483168736141906,0.6570089842170069,41.019955654102,6.5707351675990395,0.5627047694531169,85.4875283446712,3.7007
2014-11-04,9.2377,3.7776,7.184,9.482625663716815,0.6563831319696566,40.707964601769916,6.572122644595422,0.5628225748778101,87.78280542986425,3.6412
2014-11-05,9.1535,3.8055,7.3131,9.481899116997793,0.6558401742584906,33.11258278145696,6.573795279709201,0.5632857028940426,93.00225733634312,3.6117
2014-11-06,9.127,3.8107,7.3342,9.481117400881057,0.6553287256163245,30.616740088105725,6.575507902953101,0.5638045032849404,93.69369369369369,3.6223
2014-11-07,9.0831,3.8281,7.4464,9.480242637362638,0.654873488349083,27.472527472527474,6.57746496384534,0.5646784480524843,95.50561797752809,3.5631
2014-11-10,9.1422,3.7991,7.4251,9.479501315789474,0.6543461267515547,32.01754385964912,6.579365490832234,0.5654680842407237,95.2914798206278,3.5132
2014-11-11,9.1497,3.7932,7.4312,9.478779649890592,0.6538114613585616,33.260393873085334,6.581271160875115,0.5662671671072436,95.30201342281879,3.4981
2014-11-12,9.1938,3.7733,7.3209,9.478157423580786,0.6532327474291899,38.209606986899566,6.582922118105304,0.566710789444667,92.1875,3.556
2014-11-13,9.2018,3.7623,7.275,9.477555337690632,0.6526479852961795,39.433551198257085,6.584463494234246,0.5670187073375879,90.20044543429844,3.5924
2014-11-14,9.2127,3.7453,7.208,9.476979565217391,0.6520548908407772,40.43478260869565,6.585849130913726,0.5671488538222541,87.33333333333333,3.6466
2014-11-17,9.1034,3.7894,7.324,9.476169197396963,0.6515791364589224,27.9826464208243,6.587485829071345,0.567582649073516,92.46119733924611,3.6609
2014-11-18,9.0106,3.8747,7.491,9.47516147186147,0.6512331153334621,21.753246753246753,6.589484754228267,0.5685414704785764,96.23893805309734,3.607
2014-11-19,8.9456,3.8642,7.5633,9.474017710583153,0.6509938261075765,15.550755939524837,6.591634456757564,0.5697496316474749,96.46799116997794,3.6154
2014-11-20,8.942,3.869,7.5311,9.472871120689655,0.6507597914682877,15.517241379310345,6.593703764121535,0.5708234345837122,96.0352422907489,3.6521
2014-11-21,8.9958,3.865,7.4649,9.471845161290323,0.6504352247990451,20.43010752688172,6.595618481123465,0.5716534711155911,94.94505494505493,3.6514
2014-11-24,9.2105,3.7778,7.3805,9.471284334763947,0.6498494975904426,40.987124463519315,6.5973397125245095,0.5722054276604059,93.64035087719299,3.4767
2014-11-25,9.1796,3.7836,7.3721,9.470659743040684,0.6492933628285538,37.687366167023555,6.599035030440211,0.5727243571477528,93.21663019693655,3.5216
2014-11-26,9.289,3.7782,7.2426,9.470271581196581,0.6486535421631099,48.504273504273506,6.600440194129206,0.5728868500055443,87.99126637554585,3.5228
2014-11-27,9.2527,3.7966,7.2834,9.469807675906182,0.6480393588371489,43.60341151385928,6.601928123989492,0.5731477069781987,89.76034858387798,3.5243
2014-11-28,9.2632,3.7951,7.2705,9.469368085106384,0.6474195848878338,45.1063829787234,6.603381541111252,0.5733705334935179,88.26086956521739,3.5249
2014-12-01,9.007,3.8959,7.588,9.468386411889595,0.6470820118087413,21.443736730360936,6.605517372909277,0.5745772833095019,96.74620390455532,3.5145
2014-12-02,9.1553,3.8621,7.3673,9.46772309322034,0.646556461378744,34.53389830508475,6.607166253054494,0.5750459435908877,92.85714285714286,3.5553
2014-12-03,9.0558,3.8967,7.4188,9.46685221987315,0.6461497014641903,25.36997885835095,6.608919241708804,0.5756590501582365,93.73650107991361,3.6238
2014-12-04,9.292,3.8296,7.0986,9.466483333333333,0.645517606002294,49.789029535864984,6.609974588170639,0.5754865966219265,81.03448275862068,3.6633
2014-12-05,9.3668,3.8017,6.9001,9.466273473684211,0.6448539421830248,54.315789473684205,6.610598513787476,0.5750245428321084,70.3225806451613,3.7759
2014-12-08,9.3732,3.7863,6.8769,9.46607794117647,0.644190314339668,54.83193277310925,6.611169976204241,0.574539401002541,68.6695278969957,3.7918
2014-12-09,9.0922,3.8812,7.2452,9.465294129979036,0.6437418853671297,28.09224318658281,6.612527642208087,0.5746717657879002,87.36616702355461,3.7532
2014-12-10,9.1021,3.8729,7.2754,9.464534309623431,0.6432822450314032,28.451882845188287,6.613944036134992,0.5748729105262502,88.24786324786325,3.7111
2014-12-11,9.0257,3.9064,7.3513,9.463618162839248,0.6429224959897217,22.755741127348646,6.615516223691208,0.5752660320149503,92.32409381663112,3.7282
2014-12-12,8.9998,3.9167,7.3601,9.462651875,0.6426005287409533,20.625,6.617100444491865,0.5756769705435097,92.5531914893617,3.7513
2014-12-15,8.9353,3.957,7.4101,9.46155550935551,0.6423814399261085,14.553014553014554,6.618784095352817,0.5762227488898927,93.63057324840764,3.7815
2014-12-16,8.8119,4.0163,7.5961,9.460207676348547,0.6423952026543767,8.921161825726141,6.62085467989656,0.5773634255880117,96.82203389830508,3.7522
2014-12-17,8.8297,4.0303,7.5877,9.458902277432713,0.6423694916674069,9.730848861283643,6.622898750340753,0.5784599322101687,96.40591966173362,3.7377
2014-12-18,8.9237,3.9878,7.4447,9.457796487603307,0.642165557526086,14.669421487603307,6.624632508251427,0.5790783634110348,94.09282700421942,3.7614
2014-12-19,9.0096,3.9407,7.3887,9.45687237113402,0.6418252674985102,22.268041237113405,6.62624107139195,0.5795276116963998,92.63157894736842,3.7106
2014-12-22,9.1872,3.8896,7.1817,9.456317489711935,0.6412810536706915,39.300411522633745,6.627408001914236,0.5794769201701354,82.14285714285714,3.703
2014-12-23,9.1345,3.905,7.2871,9.455656673511294,0.6407879346224652,32.238193018480494,6.6287910040066595,0.5796550475282614,88.0503144654088,3.6604
2014-12-24,9.1214,3.9024,7.3657,9.454971721311477,0.6403094920378427,31.147540983606557,6.630332654625892,0.5800264863195382,91.63179916317992,3.5975
2014-12-29,9.3227,3.8348,7.1052,9.454701226993866,0.6396823532391143,52.3517382413088,6.631324026954439,0.5798259667903732,79.12317327766179,3.6213
2014-12-30,9.1975,3.8795,7.2512,9.454176326530613,0.6391346914118331,40.816326530612244,6.632615435231617,0.5799108415741956,85.625,3.6213
2014-12-31,9.2593,3.8646,7.1781,9.453779429735233,0.6385439533907564,46.02851323828921,6.633749498775835,0.5798402805396885,81.4968814968815,3.6219
2015-01-02,9.38,3.8217,7.0391,9.453629471544716,0.6379033509934444,56.70731707317073,6.634590474919453,0.5795320464131017,76.55601659751036,
2015-01-05,9.3587,3.8445,7.0601,9.453436916835699,0.6372703745826562,54.96957403651116,6.63547144702107,0.5792547986918448,77.01863354037268,3.6251
2015-01-06,9.2634,3.8849,7.1599,9.453052226720647,0.6366823348350376,46.558704453441294,6.636554977089207,0.5791458585070332,80.99173553719008,3.6353
2015-01-07,9.3426,3.8447,7.0629,9.452829090909091,0.636058231279152,54.34343434343434,6.637434038992117,0.5788716347227655,76.90721649484537,3.6408
2015-01-08,9.4019,3.8174,6.9946,9.452726411290323,0.6354208266523648,58.46774193548387,6.638168948376907,0.5785022243166231,73.04526748971193,3.6415
2015-01-09,9.4396,3.7988,6.9589,9.4527,0.6347815209313337,61.56941649899397,6.638827533698514,0.5780903232233897,71.04722792607802,3.6348
2015-01-12,9.4572,3.7834,6.9369,9.452709036144578,0.6341439018168687,62.24899598393574,6.639438337932739,0.5776550011100656,69.67213114754098,3.6371
2015-01-13,9.5292,3.7513,6.9105,9.452862324649297,0.6335174039801116,67.13426853707415,6.639992656260074,0.5771939573995645,67.89366053169734,3.5836
2015-01-14,9.4862,3.7691,7.0005,9.452929,0.6328853220758099,64.2,6.640728385533013,0.5768341660840562,73.46938775510205,3.5411
2015-01-15,9.5969,3.7324,6.8736,9.453216367265469,0.6322860366852997,73.05389221556887,6.641202665806876,0.5763420886948073,64.76578411405295,3.5464
2015-01-16,9.5085,3.7699,7.0152,9.453326494023905,0.6316607653994986,65.13944223107569,6.641962822990196,0.5760024126970701,75.20325203252033,3.5017
2015-01-19,9.2844,3.8276,7.2958,9.452990656063617,0.631077420313539,48.111332007952285,6.6432890647285525,0.5761694085955194,88.23529411764706,3.475
2015-01-20,9.3971,3.7932,7.1705,9.452879761904763,0.6304559463002485,57.738095238095234,6.644356293342463,0.5760735166346866,81.57894736842105,3.4711
2015-01-21,9.5796,3.7201,6.9716,9.453130693069307,0.6298566159861319,72.27722772277228,6.645017391739751,0.5756788811109241,71.31313131313132,3.4672
2015-01-22,9.6462,3.6927,6.9147,9.453512252964428,0.6292923392739171,75.09881422924902,6.645561106675759,0.5752254787334259,67.33870967741935,3.4521
2015-01-23,9.7859,3.6457,6.7668,9.454167850098619,0.6288443753224399,80.6706114398422,6.645805048111019,0.5746721707059244,56.941649899396374,3.452
2015-01-26,9.7663,3.6412,6.8052,9.454782283464567,0.6283774500453498,80.11811023622047,6.646125118295535,0.5741392427868166,60.24096385542169,3.4341
2015-01-27,9.7129,3.657,6.8647,9.455289390962673,0.6278639208534392,78.38899803536346,6.646563144110575,0.5736469530607152,63.727454909819635,3.4309
2015-01-28,9.7168,3.6468,6.8148,9.455802156862745,0.6273547377955835,78.62745098039215,6.646899617822354,0.5731223073368643,60.6,3.4767
2015-01-29,9.6014,3.6792,6.9185,9.456087084148727,0.6267736171787256,72.89628180039139,6.647441734353645,0.5726783540782343,67.66467065868264,3.4966
2015-01-30,9.5619,3.6963,6.9563,9.45629375,0.6261786619485601,69.3359375,6.6480569898629005,0.5722733941714625,70.5179282868526,3.5019
2015-02-02,9.5399,3.6941,7.0094,9.456456725146198,0.6255789230197168,67.05653021442495,6.648775365628582,0.5719307777361936,74.35387673956262,3.4729
2015-02-03,9.6061,3.6864,6.9568,9.45674785992218,0.6250048729189752,73.34630350194551,6.649386525617413,0.5715274935192244,70.63492063492063,3.4533
2015-02-04,9.6733,3.6589,6.8788,9.457168349514564,0.624470547991599,75.92233009708738,6.649840809725102,0.571052422470759,64.55445544554456,3.4589
2015-02-05,9.713,3.6389,6.8937,9.457664147286822,0.6239665993513254,78.48837209302324,6.6503227448837485,0.5705906528719251,65.81027667984189,3.4018
2015-02-06,9.6588,3.6545,6.9208,9.458053191489363,0.6234254983917017,75.24177949709865,6.650856230594036,0.570153967891726,67.65285996055226,3.4325
2015-02-09,9.5963,3.6807,6.9971,9.458320077220078,0.6228530077699124,71.81467181467181,6.651537812817277,0.5697992310035092,73.22834645669292,3.4236
2015-02-10,9.6058,3.733,6.9805,9.458604238921001,0.6222862761316545,72.83236994219652,6.652184103951231,0.569425579397888,71.90569744597249,3.4299
2015-02-11,9.5328,3.7661,7.0946,9.458746923076923,0.6216961339368876,65.57692307692308,6.6530515861003465,0.5692036106422144,78.82352941176471,3.3955
2015-02-12,9.6117,3.6527,7.0175,9.459040499040308,0.6211352878610584,73.51247600767753,6.653764792389778,0.5688744430121723,75.53816046966732,3.3865
2015-02-13,9.723,3.614,6.9297,9.459546168582376,0.6206473786423253,79.3103448275862,6.654303728342142,0.568449194036249,68.359375,3.3552
2015-02-16,9.746,3.6081,6.9232,9.460093881453155,0.6201800036614631,79.92351816443595,6.654827892614379,0.5680187193084854,67.05653021442495,3.3374
2015-02-17,9.7702,3.5989,6.8979,9.4606856870229,0.6197357464475575,80.72519083969466,6.655300795547036,0.5675669800435966,65.1750972762646,3.3373
2015-02-18,9.8137,3.5942,6.8525,9.461358095238095,0.619336537392034,82.47619047619048,6.655683706623644,0.5670821284504808,60.970873786407765,
2015-02-23,9.8705,3.5973,6.7939,9.462135931558935,0.6190041612894984,83.84030418250951,6.655951567657318,0.5665649743985837,57.36434108527132,
2015-02-24,9.8513,3.6078,6.8136,9.462874383301708,0.6186484581494819,82.73244781783681,6.65625649692684,0.566059155119103,58.80077369439072,
2015-02-25,9.8531,3.6087,6.8001,9.463613446969697,0.6182951645000796,82.76515151515152,6.656534187087214,0.5655477493114195,57.52895752895753,3.349
2015-02-26,9.7272,3.595,6.9211,9.464111720226843,0.617816588439874,78.63894139886578,6.657043947805734,0.5651217496344365,67.2447013487476,3.3594
2015-02-27,9.6979,3.6091,6.937,9.464552830188678,0.6173168433292819,75.66037735849058,6.657582324829185,0.5647113113224745,69.23076923076923,3.3745
2015-03-02,9.7084,3.6168,6.9121,9.465012052730698,0.6168258987317723,76.64783427495291,6.658070842439878,0.5642790735977816,66.21880998080614,3.3883
2015-03-03,9.5951,3.649,7.0198,9.465256578947368,0.6162716628396319,70.11278195488721,6.658763810174668,0.5639601730759684,76.0536398467433,3.4022
2015-03-04,9.4761,3.6864,7.166,9.465276923076923,0.6156934542286668,59.66228893058161,6.6597336690462265,0.5638563251878738,82.02676864244742,3.3869
2015-03-05,9.3768,3.9156,7.2277,9.465111235955055,0.6151285856753475,52.80898876404494,6.66081757425797,0.5638631554555437,85.1145038167939,3.4369
2015-03-06,9.3515,3.9294,7.2182,9.464898878504673,0.6145730222984583,51.02803738317757,6.661879255068907,0.5638498824879313,84.57142857142857,3.4753
2015-03-09,9.3642,3.952,7.1868,9.464711007462688,0.6140148358681169,51.865671641791046,6.6628772032531876,0.5637775398332094,82.88973384030417,3.4922
2015-03-10,9.2637,3.992,7.272,9.46433668528864,0.6135040721391227,43.01675977653631,6.664033033987052,0.5638658525444121,87.28652751423151,3.5228
2015-03-11,9.1859,4.0139,7.4396,9.463819144981413,0.613050957379163,35.87360594795539,6.665501910816622,0.5643399564277384,94.50757575757575,3.4466
2015-03-12,9.2501,4.0139,7.3695,9.46342263450835,0.6125510472898711,40.63079777365491,6.666832720058935,0.5646349809613191,92.43856332703214,3.4412
2015-03-13,9.2893,3.7971,7.2772,9.463100185185185,0.6120293928277892,46.666666666666664,6.667984356436182,0.5647235813191226,87.54716981132076,3.4879
2015-03-16,9.2928,3.8496,7.2309,9.4627853974122,0.6115072383691738,47.689463955637706,6.669044461226321,0.5647191869532603,84.7457627118644,3.5301
2015-03-17,9.2775,3.8573,7.236,9.462443542435425,0.6109945975332015,44.83394833948339,6.670110167126272,0.5647223933667431,85.15037593984962,3.5428
2015-03-18,9.3572,3.8279,7.1351,9.462249723756905,0.6104484051233198,51.74953959484346,6.6709825683136525,0.5645511007605132,79.9249530956848,3.5519
2015-03-19,9.5304,3.7888,6.9579,9.462375,0.6098940595685944,64.52205882352942,6.6715198668748625,0.5641586363058108,69.28838951310861,3.5348
2015-03-20,9.5106,3.8044,7.0188,9.462463486238532,0.6093377619621035,62.56880733944954,6.672168988619021,0.5638307070077844,74.39252336448598,3.4958
2015-03-23,9.6447,3.7884,6.8751,9.462797252747253,0.6088293671375892,73.62637362637363,6.672547591252195,0.5633725646261805,61.38059701492538,3.4933
2015-03-24,9.407,3.7955,7.1463,9.462695246800731,0.6082772657322144,56.12431444241316,6.673429811752657,0.5632182365987594,80.07448789571696,3.4841
2015-03-25,9.4188,3.7754,7.1134,9.462615145985401,0.6077249023247583,57.11678832116789,6.674247600206648,0.5630135853117018,78.62453531598513,3.5037
2015-03-26,9.5278,3.7812,6.9516,9.462733879781421,0.6071775284212512,64.11657559198542,6.674762168666375,0.562617678566512,67.90352504638219,3.544
2015-03-27,9.4803,3.7837,6.9804,9.462765818181818,0.6066257593028724,60.36363636363637,6.675328164650327,0.5622500680123306,70.18518518518519,3.5678
2015-03-30,9.6518,3.7322,6.7759,9.46310889292196,0.6061284350945543,74.22867513611615,6.675514064530826,0.561746798736552,53.23475046210721,3.5849
2015-03-31,9.6844,3.7238,6.6776,9.463509782608696,0.6056522664061059,75.90579710144928,6.675517913120252,0.5612283500208831,43.91143911439114,3.6483
2015-04-01,9.7671,3.6957,6.6387535839706775,9.46405877034358,0.6052418657510418,80.83182640144665,6.675450207173384,0.5607135425744613,40.699815837937386,3.5997
2015-04-02,9.857,3.6633,6.601274566298064,9.464768050541515,0.6049253632460512,83.5740072202166,6.675313854892362,0.5602069543212453,38.60294117647059,3.5438
2015-04-08,10.2669,3.5265,6.0462383757512015,9.466213333333334,0.6053367426204754,90.63063063063062,6.674159587958159,0.5603398809108397,14.678899082568808,3.6938
2015-04-09,10.5534,3.4399,5.771619231716793,9.468168705035971,0.6065439399935743,92.08633093525181,6.672506583642698,0.5611549665129116,7.6923076923076925,3.704
2015-04-10,10.6852,3.389,5.6640391906562355,9.470353680430879,0.6081853876524494,92.81867145421903,6.670662950383125,0.5622944649006574,5.484460694698354,3.6947
2015-04-13,10.9847,3.3055,5.435071331033164,9.473067562724015,0.6110065252613772,94.6236559139785,6.6684082211507345,0.5642507813016606,4.014598540145985,3.6685
2015-04-14,10.8045,3.3592,5.634302841408671,9.475449373881933,0.6130470373868584,93.73881932021467,6.666524604794192,0.5654585119878431,5.646630236794172,3.6211
2015-04-15,10.8926,3.3688,5.585144589905074,9.47798,0.6154148400179239,93.92857142857143,6.664558459312575,0.5668194262503392,5.636363636363637,3.5954
2015-04-16,10.9763,3.36,5.550538159489081,9.480650802139037,0.6181058976269163,94.4741532976827,6.662536643886399,0.5682863931416682,5.44464609800363,3.56
2015-04-17,10.9217,3.3684,5.593383759854236,9.483214946619217,0.6205349073179423,93.95017793594306,6.6605997727196735,0.5695888264778934,5.978260869565218,3.5627
2015-04-20,10.6747,3.431,5.912544766597656,9.485331261101244,0.6220102089048796,91.82948490230906,6.659247051189615,0.5699603812747231,11.934900542495479,3.4554
2015-04-21,11.0158,3.3248,5.672369968590569,9.488044858156028,0.6247851028782032,95.0354609929078,6.657465684614527,0.5709844763509918,6.4981949458483745,3.4055
2015-04-22,11.0419,3.3174,5.651212392794718,9.490795044247788,0.6276395109676045,95.39823008849557,6.655652615620257,0.5720637747131685,6.306306306306306,3.4052
2015-04-23,10.9641,3.325,5.705575659652868,9.493398056537101,0.6301298431004797,93.99293286219081,6.653943844116719,0.5729650209294367,7.553956834532374,3.4151
2015-04-24,11.0511,3.2697,5.603472962872475,9.49614532627866,0.6329575108334565,95.59082892416225,6.652057899985221,0.5741751476489397,6.104129263913824,3.4454
2015-04-27,11.4149,3.2321,5.365279723869679,9.499523415492957,0.6374952390578567,100.0,6.649751845906161,0.5762363605138062,3.405017921146954,3.3952
2015-04-28,11.3656,3.2278,5.418079622721194,9.502802987697715,0.641712646991764,99.82425307557118,6.647548496669694,0.5780685844180943,3.9355992844364938,3.3804
2015-04-29,11.3474,3.2421,5.412591430636093,9.506039122807017,0.6457798125611484,99.47368421052632,6.645343216194633,0.5799009670424461,3.9285714285714284,3.4
2015-04-30,11.216,3.2793,5.56553452211127,9.509033800350263,0.649163328177803,97.19789842381786,6.643418423513558,0.5811715718133664,6.0606060606060606,3.3503
2015-05-04,11.2552,3.3006,5.5043821451418005,9.512086538461539,0.652684885290459,97.55244755244755,6.6413916685698355,0.5826352533197632,5.160142348754448,3.3804
2015-05-05,11.0906,3.3385,5.616044726164499,9.514841361256545,0.6554350036928613,95.11343804537522,6.639570448423468,0.5837164969132501,7.104795737122557,3.4006
2015-05-06,11.0399,3.0732,5.602053062074839,9.517498257839721,0.6579448948286715,94.07665505226481,6.637730878589516,0.5848299138963735,6.914893617021277,3.456
2015-05-07,10.8724,3.1183,5.757501265589933,9.519854608695653,0.659792165280641,91.65217391304348,6.636172950070933,0.5854823482067256,10.08849557522124,3.4401
2015-05-08,10.9914,3.0861,5.727722089997634,9.522409375,0.6620595557265043,93.22916666666666,6.63456791321568,0.5862076984563548,9.363957597173144,3.3703
2015-05-11,11.0451,3.0723,5.678588557822021,9.52504835355286,0.6645107829786233,94.28076256499133,6.63288188260652,0.5870624902070272,8.465608465608465,3.3752
2015-05-12,10.9131,3.1372,5.763099154227488,9.527449826989619,0.666436953443606,91.6955017301038,6.631350574986135,0.5876777711414155,10.56338028169014,3.4002
2015-05-13,10.8469,3.1674,5.819023925729933,9.5297286701209,0.668111339272932,91.01899827288429,6.629922935883751,0.5881461257011209,12.478031634446397,3.4002
2015-05-14,10.8441,3.1439,5.841304374729116,9.531994827586207,0.669758606056719,90.86206896551724,6.628539394548392,0.5885560019478975,13.157894736842104,3.3803
2015-05-15,11.0487,3.1033,5.660138560192602,9.534605335628227,0.6721287599389775,94.49225473321859,6.626843421108189,0.5894327963522935,7.705779334500876,3.3907
2015-05-18,10.9713,3.1079,5.703790146108483,9.537073883161513,0.6741819564355033,92.26804123711341,6.6252296916064415,0.5901784295480007,9.090909090909092,3.4109
2015-05-19,11.05,3.1338,5.618673755656109,9.539668953687823,0.6765065417845513,94.51114922813036,6.623473049484365,0.5911579988483741,7.329842931937172,3.4311
2015-05-20,11.0152,3.2022,5.650164441862154,9.542195547945205,0.6786745312725292,92.97945205479452,6.621777389889204,0.592035873521355,7.665505226480835,3.4282
2015-05-21,10.9788,3.268,5.682763584362591,9.544651282051282,0.680686167331019,92.13675213675214,6.620144322401331,0.5928133813132506,9.043478260869566,3.4257
2015-05-22,11.1852,3.0714,5.5243855094231655,9.54745085324232,0.6834676158774435,96.41638225255973,6.618241963351021,0.5940526030962278,5.555555555555555,3.416
2015-05-26,11.3242,3.0053,5.309245873439185,9.550477683134583,0.6868048841969693,99.14821124361158,6.615973339278384,0.5960296632329485,2.079722703639515,3.5214
2015-05-27,11.3359,3.0377,5.316031594315405,9.553514115646259,0.6901527591093078,99.31972789115646,6.6137243051175485,0.5979592736644235,2.422145328719723,3.5055
2015-05-28,11.0385,2.9104,5.494001884313991,9.55603531409168,0.6922714362411808,93.0390492359932,6.611790414926178,0.5992490582976169,5.354058721934369,3.5652
2015-05-29,10.9996,2.882,5.495839681442963,9.558482033898304,0.694228696150321,92.03389830508475,6.6098663619374145,0.6005195611133743,5.517241379310345,3.5954
2015-06-01,11.0841,2.8642,5.381532317463755,9.561063451776649,0.6964693734884356,94.585448392555,6.607752189743827,0.6021590224567066,3.7865748709122204,3.6404
2015-06-02,11.0338,2.8883,5.475060776885571,9.563551182432432,0.6985039706100895,92.73648648648648,6.605805984567096,0.6034675916731618,5.326460481099656,3.588
2015-06-03,11.1098,2.8495,5.389962125330788,9.566158684654301,0.7007924559886567,94.94097807757167,6.603720489096707,0.6050452611359767,4.1166380789022305,3.6111
2015-06-04,11.0868,3.1612,5.428535180575098,9.568718686868687,0.702971957669955,94.44444444444444,6.601708185486225,0.606476462345207,4.794520547945205,3.5912
2015-06-05,10.9538,3.1913,5.547851949095291,9.57104655462185,0.7046686478966301,89.91596638655463,6.599906721834275,0.6075197086887372,7.179487179487179,3.5814
2015-06-08,11.0335,3.0543,5.50200720079757,9.57350033557047,0.7066167786328912,92.28187919463086,6.5980331731635635,0.6086902535461468,6.313993174061433,3.5613
2015-06-09,10.8902,3.0997,5.626067813263301,9.575705862646565,0.7080748997581197,88.77721943048577,6.59637735483324,0.6094910164250413,9.19931856899489,3.5565
2015-06-10,10.7601,3.1572,5.70239392570701,9.577686454849498,0.709135763615073,87.123745819398,6.594856974851732,0.6100855796865744,11.224489795918368,3.5912
2015-06-11,10.8553,3.1514,5.592389946846241,9.57981936560935,0.7104607630629698,88.48080133555926,6.5931549934799065,0.6109629874284769,8.31918505942275,3.6197
2015-06-12,11.0132,3.0807,5.457413075218829,9.582208333333334,0.7122723013454111,91.5,6.591230007177769,0.6122300901382329,5.423728813559322,3.6226
2015-06-15,10.8288,2.9214,5.566533569739954,9.584282529118136,0.7134907553810595,87.85357737104825,6.589496172258246,0.6131599373230022,8.121827411167512,3.6681
2015-06-16,10.6741,2.9551,5.758571346530388,9.586092857142857,0.7142780118214267,85.88039867109634,6.588092583025597,0.61359134578036,13.682432432432432,3.6099
2015-06-17,10.763,2.9026,5.685889844838799,9.588044610281925,0.7152902975026741,86.89883913764511,6.586571161881944,0.6141903267799541,11.467116357504215,3.6052
2015-06-18,10.7084,2.972,5.765463262485525,9.589899503311258,0.7161479051398365,86.25827814569537,6.585188825350973,0.6145956615280902,14.309764309764308,3.573
2015-06-19,10.7137,2.9655,5.751343583449229,9.591757024793388,0.7170105576670563,86.2809917355372,6.5837874047763485,0.6150281248717493,13.61344537815126,3.5825
2015-06-22,10.854,2.8552,,9.593839933993399,0.7182482733252117,88.28382838283828,6.5837874047763485,0.6150281248717493,,
2015-06-23,10.995,3.3832,5.489643201455207,9.596148270181219,0.7199025743572525,91.10378912685337,6.5819515923546685,0.6161413830823353,6.0402684563758395,3.6054
2015-06-24,11.0427,3.3792,5.447856291486684,9.598527467105264,0.7216947322550137,93.0921052631579,6.5800519352342866,0.6173694930703174,5.192629815745393,3.6079
2015-06-25,10.9198,3.5336,5.554876880528948,9.600697044334975,0.7230836319603681,88.99835796387521,6.578337595677924,0.6182736318082784,8.193979933110368,3.6028
2015-06-26,10.7004,3.589,5.737445030092333,9.602499836065574,0.7238591666189859,85.40983606557377,6.576933768356412,0.6187104440670087,13.689482470784641,3.608
2015-06-29,10.4149,3.8547,5.998628436182777,9.603829459901801,0.724011703649064,82.8150572831424,6.575969926136122,0.6186445468483021,21.0,3.603
2015-06-30,10.5447,3.8286,5.885837176970421,9.605366830065359,0.7244173696058663,83.82352941176471,6.574821618733185,0.6187692899347924,18.136439267886857,3.5976
2015-07-02,10.5372,3.8176,5.867887146490529,9.606886949429038,0.7248024741840717,83.68678629690048,6.573647308978629,0.6189250435270804,17.940199335548172,3.6223
2015-07-03,10.4647,3.2748,5.984035669441074,9.608284039087948,0.7250375963334864,82.73615635179154,6.572669511898135,0.6188768078504022,21.06135986733002,3.5719
2015-07-06,10.1554,3.2866,6.355277962463321,9.609173658536585,0.7247831994693003,80.65040650406505,6.572309592114303,0.6184274389399005,31.788079470198678,3.4917
2015-07-07,10.0127,3.3196,6.551216108542151,9.609828733766234,0.7243768495280352,79.05844155844156,6.5722747268522,0.6179167246158834,42.97520661157025,3.4361
2015-07-08,9.4183,3.5259,7.186927384984552,9.609518314424635,0.7238305999639414,50.72933549432739,6.573289005165949,0.6179105201198256,84.15841584158416,3.4307
2015-07-09,9.6796,3.4054,6.895205413446835,9.609631715210357,0.7232502247063831,67.96116504854369,6.573819345212541,0.6175393409539152,66.55683690280065,3.4358
2015-07-10,9.922,3.3257,6.590113182826043,9.610136348949919,0.7227746581623214,76.89822294022616,6.573846144287563,0.6170316403686473,44.243421052631575,3.4885
2015-07-13,10.0373,3.2868,6.461438611977325,9.610825322580645,0.7223949407849345,79.6774193548387,6.57366156705881,0.6165416367238371,35.467980295566505,3.5014
2015-07-14,9.9813,3.2951,6.484635034514543,9.61142190016103,0.7219659037119663,77.93880837359099,6.573515621923492,0.6160465957032307,37.213114754098356,3.5341
2015-07-15,9.9357,3.3041,6.515216124681702,9.611943247588425,0.7215022923430896,77.0096463022508,6.573420205397728,0.6155467706312843,39.770867430441896,3.5495
2015-07-16,9.9735,3.2906,6.505770411590717,9.612523595505618,0.7210682845724701,77.84911717495987,6.573309666518958,0.6150497365676866,38.88888888888889,3.5208
2015-07-17,10.0575,3.2589,6.430528734775045,9.61323669871795,0.7207100944705802,79.88782051282051,6.573076744933732,0.6145748730899077,33.931484502446985,3.5123
2015-07-20,10.0445,3.258,6.4547971476927675,9.61392672,0.7203395505829459,79.67999999999999,6.572884107153209,0.6140927229326496,35.01628664495114,3.5009
2015-07-21,10.1136,3.2319,6.366276000632812,9.614724920127795,0.7200405363669283,80.67092651757189,6.572548159012525,0.6136497228245077,31.54471544715447,3.5214
2015-07-22,10.013,3.265,6.472516878058524,9.615360127591707,0.7196416264138742,78.78787878787878,6.572385770569419,0.6131646528166015,36.85064935064935,3.5145
2015-07-23,10.3179,3.2505,6.216794668488744,9.61647882165605,0.7196138478470657,82.48407643312102,6.571809447875609,0.6128345138706561,26.742301458670987,3.4751
2015-07-24,10.1907,3.2814,6.352668595876633,9.617391732909379,0.7194054406520444,81.39904610492846,6.571454851027714,0.6124018371172839,31.06796116504854,3.4602
2015-07-27,9.8578,3.4193,6.6840512528150295,9.617773333333332,0.7188979646697771,74.12698412698413,6.571636751515254,0.611923675265622,51.21163166397415,3.4602
2015-07-28,9.8956,3.4012,6.665401434981203,9.618213629160064,0.718413095369728,75.43581616481775,6.571787984875683,0.6114415665227733,49.83870967741936,3.4401
2015-07-29,9.9241,3.3924,6.646280486895537,9.618697626582279,0.7179474550014784,75.79113924050634,6.571907940595522,0.6109563654040068,48.148148148148145,3.4302
2015-07-30,9.9089,3.3936,6.651737551090435,9.6191560821485,0.7174727089933177,75.35545023696683,6.572036284020754,0.6104734234594561,49.035369774919616,3.4402
2015-07-31,9.9496,3.3826,6.575455302725737,9.619677287066246,0.7170265755328731,76.65615141955836,6.5720417720122555,0.6099832954816392,44.301765650080256,3.4752
2015-08-03,9.7992,3.4128,6.734914686913216,9.61996,0.7164971280434325,71.96850393700788,6.572302786298955,0.6095291488947451,55.769230769230774,3.47
2015-08-04,9.8009,3.413,6.733144609168544,9.620244496855346,0.7159695159820885,72.16981132075472,6.572560133215546,0.6090752564492564,55.52,3.47
2015-08-05,9.8468,3.3963,6.685483539830198,9.620600156985871,0.7154635344452247,72.99843014128729,6.572740522044005,0.6086052887576201,51.43769968051119,3.4701
2015-08-06,9.7923,3.4153,6.752105429776457,9.620869278996866,0.7149348729111586,71.47335423197492,6.573026590477389,0.6081618831129617,57.41626794258373,3.46
2015-08-07,9.8787,3.3894,6.667489435856945,9.621272769953052,0.7144479327981106,74.80438184663537,6.573177009020989,0.6076891573574332,49.84076433121019,3.4553
2015-08-10,9.8802,3.3786,6.645752606222546,9.62167734375,0.7139628030636946,75.0,6.5732923915284625,0.6072127899460419,47.53577106518283,3.4755
2015-08-11,9.8869,3.3936,6.588793793807967,9.622091107644305,0.7134824607575159,75.19500780031201,6.573316996928906,0.6067309974688785,44.44444444444444,3.5256
2015-08-12,9.6543,3.4796,6.817878783547227,9.622141277258567,0.7129277040330293,64.17445482866043,6.5737045750376515,0.606328083184496,62.91600633914422,3.5402
2015-08-13,9.6928,3.5599,6.801636282601519,9.622251166407466,0.7123785535268989,66.09642301710731,6.57406522647367,0.6059159342050873,61.39240506329114,3.5153
2015-08-14,9.692,3.5566,6.8125878662814685,9.62235947204969,0.7118305476659479,65.99378881987577,6.5744420394907435,0.6055112427208006,62.24328593996841,3.5052
2015-08-17,9.6447,3.5841,6.850788856055658,9.622394108527132,0.7112790700999071,63.17829457364341,6.57487791775031,0.6051328994647311,64.35331230283911,3.5176
2015-08-18,9.5338,3.6328,6.9763970421028345,9.622256965944272,0.7107368655915614,55.72755417956656,6.575510231331968,0.6048658046191744,74.17322834645668,3.5126
2015-08-19,9.399,3.6612,7.119329726566658,9.621911901081917,0.7102415495008321,46.67697063369397,6.576365293431393,0.6047740521714939,81.91823899371069,3.5201
2015-08-20,9.1993,3.7079,7.365292312458557,9.621259722222222,0.7098871673284255,31.48148148148148,6.577603797385911,0.6051058015750379,93.24960753532181,3.5051
2015-08-21,9.1102,3.6605,7.481607426840244,9.620472265023112,0.7096232249062183,22.80431432973806,6.579020730974396,0.6056880623996198,96.23824451410658,3.4951
2015-08-24,8.497,3.8641,8.298759597505002,9.618743846153846,0.7104429948878417,2.0,6.581712028105117,0.6090197052714365,100.0,3.4701
2015-08-25,8.19,3.8722,8.75231221001221,9.616549155145929,0.712098848364351,0.15360983102918588,6.585103590889348,0.6145532413408012,100.0,3.4577
2015-08-26,8.1241,3.9332,8.880055772331703,9.614260122699386,0.71394541621624,0.15337423312883436,6.588683859503142,0.6207175007567935,100.0,3.429
2015-08-27,8.4788,3.7866,8.40392180969005,9.612521286370596,0.7147788707992633,1.5313935681470139,6.5915113329458,0.6243513575807955,99.68847352024922,3.3902
2015-08-28,8.3502,3.822,8.59546105961534,9.610591131498472,0.7159332217853178,0.764525993883792,6.594627895506718,0.6288434589541805,99.68895800933126,3.3803
2015-08-31,8.3711,3.8047,8.620661356333098,9.608698778625953,0.717021489727701,0.9160305343511451,6.597773910197442,0.6333988363310719,99.68944099378882,3.3252
2015-09-01,8.162,3.8951,8.951699044351873,9.60649344512195,0.7186944324880704,0.3048780487804878,6.601423406529465,0.6396478733259067,100.0,3.3002
2015-09-02,8.0469,3.9695,9.126945857410927,9.604119634703197,0.7207163445559309,0.15220700152207,6.605332884007609,0.6468185470217086,100.0,3.3002
2015-09-04,7.9728,3.9723,,9.601640425531915,0.7229667177832673,0.1519756838905775,6.605332884007609,0.6468185470217086,,
2015-09-07,7.8732,4.0237,9.366015856322717,9.59901760242792,0.7255441040023142,0.15174506828528073,6.609599781955545,0.6553540582904169,100.0,3.3353
2015-09-08,8.2343,3.9028,8.784023136150008,9.596949848484849,0.7269348485978897,1.0606060606060608,6.612955373551525,0.6603872855222691,99.38271604938271,3.3603
2015-09-09,8.6067,3.7762,8.271055078020613,9.5954517397882,0.7274036602726587,4.084720121028744,6.615510226717117,0.6630754606471635,98.45916795069337,3.3478
2015-09-10,8.3708,3.9713,8.60098948248674,9.59360181268882,0.7284084775577384,1.6616314199395772,6.6185648101875305,0.6671192803384678,98.92307692307692,3.3453
2015-09-11,8.3429,3.9603,8.645839796713371,9.591715384615386,0.7294754558781412,1.3574660633484164,6.621678903868831,0.6713180491828842,99.07834101382488,3.3404
2015-09-14,8.3578,3.8033,8.634571138337842,9.589857078313253,0.730494745273081,1.8072289156626504,6.624766161897158,0.6754120973424288,98.92638036809815,3.3303
2015-09-15,8.3294,3.8558,8.695266674670446,9.587961654135338,0.7315775017734092,1.2030075187969926,6.6279369130652634,0.6797336949688955,99.08116385911178,3.3104
2015-09-16,8.5287,3.7294,8.41481637177999,9.586371171171171,0.7321777359403492,4.354354354354354,6.630669144653512,0.6827928818643981,98.1651376146789,3.3103
2015-09-17,8.4865,3.7876,8.46302072703706,9.584722188905547,0.7328652409731902,3.7481259370314843,6.633466627985395,0.6860120272659869,98.1679389312977,3.3204
2015-09-18,8.5059,4.0033,8.446045456683006,9.583107185628743,0.7335033233922038,4.341317365269461,6.636229705468166,0.6891268138722422,98.01829268292683,3.3105
2015-09-21,8.4368,4.0192,8.532435198179405,9.581393721973095,0.7342915764687705,2.8400597907324365,6.63911586299132,0.6925585598601173,98.17351598173516,3.3204
2015-09-22,8.4629,4.03,8.490780471233267,9.579724328358209,0.7350127796568414,3.134328358208955,6.6419299429430545,0.6957810286898111,98.0243161094225,3.3255
2015-09-23,8.2539,4.1376,8.780084801124318,9.577748435171387,0.7362434631580814,1.1922503725782414,6.645174487492646,0.700216706866577,99.2412746585736,3.3354
2015-09-24,8.1422,4.1574,8.963692908550513,9.575612202380952,0.7377736174229782,0.744047619047619,6.648687394191219,0.7054735650319495,99.69696969696969,3.318
2015-09-25,8.1798,4.1365,8.915137780874838,9.573538187221397,0.7391831730038152,1.040118870728083,6.65211621474596,0.7104220621639062,99.39485627836612,3.3101
2015-09-29,7.9187,4.263,9.382635459103136,9.571082937685459,0.7413758192853629,0.2967359050445104,6.656240866172481,0.7177621805269943,100.0,3.2457
2015-09-30,8.0322,4.2137,9.213689195986156,9.568803111111112,0.7431870661907966,0.5925925925925926,6.660098254301913,0.7240550335418872,99.69834087481146,3.2362
2015-10-02,8.2749,4.0832,8.8485,9.566889053254437,0.7443002790228826,1.9230769230769231,6.6633940400635066,0.7284694852932841,98.79518072289156,
2015-10-05,8.4084,4.0235,8.6567,9.565177843426882,0.745079931361497,3.3973412112259975,6.66639149263484,0.7320079573873561,98.04511278195488,
2015-10-06,8.4153,4.0345,8.6469,9.563481858407078,0.745836849944932,3.5398230088495577,6.669365229132386,0.7354670345903704,97.8978978978979,
2015-10-07,8.7297,3.9163,8.2189,9.562253902798233,0.7459729842533659,8.689248895434462,6.671688369718394,0.7373568925189685,95.80209895052474,
2015-10-08,8.6474,3.9518,8.3233,9.560908529411765,0.7462481870610841,7.205882352941176,6.674160842218815,0.7395665779439301,96.10778443113772,3.2409
2015-10-09,8.7111,3.9372,8.331,9.559660646108663,0.7464097489984144,8.516886930983848,6.676637432888144,0.7417805103548207,96.1136023916293,3.1486
2015-10-12,8.8221,3.8899,8.1864,9.55857917888563,0.7463960670984077,11.29032258064516,6.678890809853983,0.7435146675049327,95.22388059701493,3.1488
2015-10-13,8.7643,3.909,8.3035,9.55741625183016,0.7464675135393051,10.54172767203514,6.68131198599429,0.7455989523511528,95.82712369597616,3.1064
2015-10-14,8.6949,3.9378,8.4596,9.556155263157896,0.7466492763786378,8.187134502923977,6.683958247919894,0.7481907191896854,96.57738095238095,3.0414
2015-10-15,8.8764,3.8601,8.1844,9.55516291970803,0.7465553301206957,14.014598540145986,6.686187730463846,0.7498651934082274,94.79940564635957,3.0814
2015-10-16,8.9413,3.8354,8.0625,9.55426807580175,0.7463785337303709,16.3265306122449,6.68822973679847,0.7511789448080066,94.51038575667656,3.1216
2015-10-19,8.9566,3.8464,8.0436,9.553398107714703,0.7461831019732112,17.03056768558952,6.6902376927439535,0.7524302916179725,94.22222222222221,3.1214
2015-10-20,8.9169,3.8609,8.1532,9.552472965116278,0.7460348052439604,15.11627906976744,6.692401838168888,0.7539729580132167,94.5266272189349,3.0615
2015-10-22,8.8666,3.9854,8.2267,9.551477503628448,0.7459503394418168,13.715529753265601,6.694668157462583,0.7557166117123153,95.27326440177252,3.0516
2015-10-23,8.9825,3.9382,8.0928,9.550652898550725,0.7457237914464573,19.710144927536234,6.696730298823258,0.7570628432979039,94.24778761061947,3.04
2015-10-26,8.9848,3.8375,8.1099,9.549834008683067,0.7454943945574887,19.826338639652676,6.698811550224106,0.758443721148015,94.2562592047128,3.02
2015-10-27,8.989,3.8483,8.1447,9.549023554913294,0.7452601166009308,19.942196531791907,6.700937856767895,0.7599084303099701,94.26470588235294,2.98
2015-10-28,8.9336,3.8638,8.2067,9.548135497835498,0.745088533498837,16.017316017316016,6.703148961236665,0.7615361913824471,95.00734214390602,2.987
2015-10-29,9.0476,3.8877,8.0027,9.547414265129683,0.744793573560658,24.495677233429394,6.705054461293503,0.7626006073837333,93.25513196480938,3.05
2015-10-30,9.1825,3.9153,7.8303,9.546889208633093,0.744386080948217,34.388489208633096,6.7067019657425595,0.7632557506049173,92.53294289897511,3.06
2015-11-02,9.0902,3.9595,7.9484,9.546233045977011,0.7440522383480355,26.580459770114945,6.708517313745861,0.7641717506212579,93.12865497076024,3.0525
2015-11-03,9.16,3.9239,7.837,9.545678909612626,0.7436620006944417,31.99426111908178,6.710164733725795,0.7648283083611829,92.4087591240876,3.08
2015-11-04,9.3015,3.8429,7.6159,9.545329083094556,0.7431864893970882,44.55587392550143,6.711485047525027,0.7650514610334531,90.96209912536443,3.1351
2015-11-05,9.3083,3.8418,7.6281,9.54498998569385,0.7427087267589241,44.77825464949928,6.71281927598569,0.7652927290353042,90.97525473071325,3.115
2015-11-06,9.2094,3.8889,7.7335,9.544510571428571,0.7422862563552951,37.0,6.714302823549664,0.7657243105477369,91.56976744186046,3.125
2015-11-09,9.1433,3.9196,7.7271,9.54393823109843,0.741911169665145,30.24251069900143,6.71577277591026,0.7661392368674347,91.43686502177069,3.2099
2015-11-10,9.0031,3.9754,7.9072,9.543167806267807,0.7416631134769601,21.225071225071225,6.717499482032129,0.7669243204166806,92.7536231884058,3.2001
2015-11-11,8.9988,3.9839,7.99,9.542393456614509,0.7414193500999019,20.69701280227596,6.719341016790403,0.767894318919038,93.19826338639653,3.1226
2015-11-12,9.244,3.8905,7.6827,9.541969602272728,0.7409778139597186,38.63636363636363,6.720733154049377,0.7682114049235906,90.7514450867052,3.1351
2015-11-13,9.0216,3.9793,7.9594,9.541231489361701,0.7407110609617726,22.69503546099291,6.722520552095482,0.7690955552121156,93.07359307359307,3.1251
2015-11-16,8.8643,4.0974,8.146,9.54027266288952,0.7406239852958169,13.172804532577903,6.724571675219264,0.7704357082772992,94.23631123919309,3.1352
2015-11-17,8.9678,4.0503,8.0258,9.539462942008488,0.7404126740768527,17.963224893917964,6.72644394619017,0.7714595698781105,93.23741007194245,3.1252
2015-11-18,8.9272,4.0629,8.0615,9.538598163841808,0.740246811878733,15.677966101694915,6.72836213017553,0.7725619530391703,93.53448275862068,3.1402
2015-11-19,9.0583,3.9596,7.8994,9.537920733427363,0.7399441745469765,25.52891396332863,6.730042241896943,0.7732789324444059,91.96556671449068,3.1402
2015-11-20,9.1608,3.9312,7.791,9.537389577464788,0.7395581505223552,32.67605633802817,6.731562238685056,0.7737660968914652,91.11747851002865,3.1251
2015-11-23,9.1216,3.9305,7.8328,9.536804781997187,0.7392021404906542,29.11392405063291,6.733137686126136,0.7743319078977335,91.41630901287554,3.1302
2015-11-24,9.0867,3.9414,7.8974,9.53617261235955,0.7388751612409186,26.825842696629216,6.734800918003098,0.7750271081947536,91.85714285714286,3.1077
2015-11-25,9.054,3.9624,7.9595,9.535496353436185,0.7385773018161951,24.96493688639551,6.736547992299813,0.77585226352522,92.7246790299572,3.0853
2015-11-26,9.0565,3.9661,7.9915,9.534825490196077,0.7382772657633221,25.210084033613445,6.738335673222463,0.7767428910494848,92.87749287749287,3.0503
2015-11-27,8.8734,4.0069,8.2094,9.53390041958042,0.7381747884718687,13.706293706293707,6.740428225607636,0.778167846910006,95.16358463726885,3.0603
2015-11-30,8.8358,4.0205,8.2772,9.532925418994413,0.7381196919802845,11.731843575418994,6.742611140059899,0.7797659422777266,95.5965909090909,3.0404
2015-12-01,8.9968,3.9473,8.0648,9.532177684797768,0.7378760996360876,20.781032078103205,6.744486585251304,0.7807999995485126,93.47517730496455,3.0504
2015-12-02,9.0359,3.9429,8.0216,9.531486490250696,0.7375943212041697,24.233983286908078,6.746295527765112,0.7817237790856792,92.63456090651559,3.0454
2015-12-03,9.0044,3.9439,8.0753,9.530753407510431,0.7373429146293029,21.974965229485395,6.748175307782417,0.782765880739705,93.49363507779348,3.0304
2015-12-04,8.9209,3.972,8.1842,9.52990638888889,0.737180649455345,15.48611111111111,6.750203591246001,0.7840698617472218,94.35028248587571,3.0254
2015-12-07,8.895,3.9781,8.2143,9.529025797503467,0.7370481009829042,14.701803051317613,6.752268607337332,0.7854410087536925,95.06346967559944,3.028
2015-12-08,8.7722,4.0307,8.3991,9.52797756232687,0.737075115541723,10.38781163434903,6.754588088172069,0.7873138472658082,96.19718309859155,3.0005
2015-12-09,8.7194,4.0449,8.4719,9.526859197787,0.7371779537156861,8.437067773167358,6.757003435446088,0.7893879566735006,96.90576652601969,2.9968
2015-12-10,8.6742,4.0616,8.5267,9.525681491712707,0.7373489910498248,7.18232044198895,6.759488964328888,0.7916126659727107,97.0505617977528,3.0018
2015-12-11,8.5831,4.1025,8.6577,9.524381379310345,0.7376702500941457,5.931034482758621,6.762151251896451,0.7942406536616893,98.17671809256662,2.9931
2015-12-14,8.5237,4.1358,8.7014,9.52300303030303,0.7380956971270994,5.647382920110193,6.76486728655766,0.7969908449909332,98.31932773109243,3.0306
2015-12-15,8.5235,4.1387,8.7166,9.521628198074279,0.7385175395293526,5.639614855570839,6.7675969826603755,0.7997663466000325,98.32167832167832,3.0157
2015-12-16,8.7127,4.0598,8.4768,9.520517032967032,0.7386180252774929,8.791208791208792,6.769984137712527,0.8017526492431217,96.36871508379889,3.0007
2015-12-17,8.7746,4.0318,8.4108,9.519493827160494,0.7386273783231536,11.248285322359397,6.7722725838245035,0.8035300049267461,95.53695955369595,2.9857
2015-12-18,8.7233,4.0536,8.5228,9.51840315068493,0.7387084997431753,9.315068493150685,6.774710644292714,0.805619741445562,96.51810584958217,2.9408
2015-12-21,8.7535,4.0485,8.5429,9.517356771545828,0.738744227115922,10.533515731874145,6.777169878445298,0.8077517173269357,96.80111265646731,2.8811
2015-12-22,8.7626,4.0406,8.5511,9.516325683060108,0.7387656193804851,10.92896174863388,6.77963367028079,0.8098895991060262,96.80555555555556,2.861
2015-12-23,8.8675,4.0043,8.4311,9.515440518417462,0.7386498479159106,14.870395634379264,6.781924192236017,0.8116581164788791,95.28432732316227,2.846
2015-12-24,8.9164,3.9877,8.4143,9.514624386920982,0.7384771482165008,16.4850136239782,6.78418510055702,0.8133646097471227,95.01385041551247,2.801
2015-12-28,8.8186,4.0245,8.5436,9.513677414965986,0.7384204402034957,12.108843537414966,6.786618592810745,0.8154278420169023,96.6804979253112,2.7961
2015-12-29,8.8394,4.0092,8.507,9.512761277173913,0.7383365014569542,13.31521739130435,6.788994810223991,0.8173655963219392,95.99447513812154,2.8061
2015-12-30,8.7729,4.0303,8.5726,9.511757394843963,0.7383378900206601,11.533242876526458,6.791454955313336,0.819479648704122,96.82758620689656,2.8261
2015-12-31,8.7823,4.4243,8.5653,9.510768970189702,0.7383252674772932,11.924119241192411,6.793898268047065,0.8215533989497062,96.69421487603306,2.8212
2016-01-04,8.5337,4.1327,8.8472,9.509446820027064,0.7386992847303971,5.953991880920163,6.7967226170593795,0.824507638965753,98.76203576341128,2.871
2016-01-05,8.4638,4.1652,8.924,9.508033783783784,0.7391987368687705,4.054054054054054,6.7996447013766055,0.8276995730093312,99.17582417582418,2.8911
2016-01-06,8.3844,4.2055,9.0408,9.506517408906882,0.7398506074768336,2.968960863697706,6.802718988480342,0.8312805330535792,99.45130315500685,2.8861
2016-01-07,8.0962,4.3392,9.5004,9.504616711590296,0.7411600284735924,0.8086253369272237,6.806414441920779,0.8366816659037448,100.0,2.8511
2016-01-08,8.1678,4.3113,9.407,9.502817496635263,0.7422808408134257,1.3458950201884252,6.809972014503651,0.8416161142370027,99.86320109439124,2.8362
2016-01-11,7.9286,4.4293,9.7939,9.500701612903226,0.7440206080562907,0.4032258064516129,6.814048418855421,0.8482317587708338,100.0,2.8187
2016-01-12,7.8482,4.4717,9.9531,9.498483489932886,0.7459786554757479,0.1342281879194631,6.818330890316738,0.8555349772123245,100.0,2.7887
2016-01-13,7.9288,4.423,9.8885,9.496379356568365,0.7476874969795421,0.6702412868632708,6.822513682019304,0.8624194372645835,99.86376021798365,2.7237
2016-01-14,7.8926,4.4491,9.9188,9.494232396251673,0.7494843952408345,0.4016064257028112,6.826726316465535,0.8693567355242293,99.8639455782313,2.7513
2016-01-15,7.7499,4.5176,10.157,9.491900401069518,0.7516902443931824,0.1336898395721925,6.831251144839904,0.8773840093408212,100.0,2.7464
2016-01-18,7.6434,4.5776,10.3068,9.489432443257677,0.7542146667584615,0.13351134846461948,6.8359669506135265,0.8860733411903762,100.0,2.7764
2016-01-19,7.8225,4.4829,9.9872,9.487209866666667,0.7561621887637485,0.4,6.84023691409508,0.8930282902016248,99.7289972899729,2.7964
2016-01-20,7.5165,4.6601,10.4927,9.484585752330226,0.759068098323778,0.13315579227696406,6.845179353994816,0.9024677380869999,100.0,2.8114
2016-01-21,7.3862,4.7474,10.7474,9.48179534574468,0.7624078556232907,0.13297872340425532,6.8504526251380655,0.9131796499026745,100.0,2.7914
2016-01-22,7.6209,4.6121,10.3478,9.479324037184595,0.7649095007228323,0.398406374501992,6.855172392175667,0.9215509180096118,99.73009446693656,2.7741
2016-01-25,7.7246,4.5488,10.0867,9.476996816976127,0.7670650433519799,0.6631299734748011,6.859527550676778,0.9285291551798537,99.32614555256065,2.859
2016-01-26,7.5095,4.6621,10.4549,9.474390860927153,0.769889522638668,0.26490066225165565,6.864366544552044,0.9372195985815032,99.7308209959623,2.8616
2016-01-27,7.5931,4.6097,10.2683,9.47190238095238,0.7724125872494711,0.5291005291005291,6.868941723927645,0.9448558783150611,99.32795698924731,2.9016
2016-01-28,7.6873,4.5648,10.1219,9.469544914134742,0.774619034888283,0.9247027741083224,6.873308110875394,0.9517031650314356,99.06040268456375,2.8866
2016-01-29,7.8872,4.4564,9.8369,9.467457387862797,0.7762357087800471,1.7150395778364116,6.877280754158403,0.9572263570426285,98.25737265415549,2.8419
2016-02-01,7.8327,4.4729,9.9302,9.465303557312252,0.7779873804826433,1.4492753623188406,6.881367660779342,0.963076308240485,98.52744310575636,2.8368
2016-02-02,7.7694,4.5052,9.9892,9.463072105263159,0.7799021168075081,1.3157894736842104,6.885522516847819,0.9691085151312762,98.79679144385027,2.8818
2016-02-03,7.6013,4.5995,10.2638,9.460625624178713,0.7823022708876105,0.657030223390276,6.890032900670453,0.9762860228233563,99.19893190921229,2.8918
2016-02-04,7.6935,4.6284,10.143,9.45830656167979,0.784401934143239,1.1811023622047243,6.894370190136225,0.9828294869143296,98.93333333333332,2.855
2016-02-05,7.7504,4.6069,10.0491,9.456068152031454,0.7863192571402122,1.5727391874180863,6.898570895608747,0.9888892869085781,98.5352862849534,2.8535
2016-02-11,7.4315,4.7197,10.6027,9.453418193717278,0.7892063624524843,0.2617801047120419,6.9034965992050115,0.9974080406897087,99.86702127659575,
2016-02-12,7.3426,4.7715,10.7657,9.450658954248366,0.7923693225604178,0.130718954248366,6.908625687386678,1.0066205482151025,100.0,
2016-02-15,7.6012,4.6234,10.3187,9.448244516971279,0.7946628656655909,0.9138381201044387,6.913148332363619,1.0135793752919648,99.20424403183023,2.8371
2016-02-16,7.7155,4.5755,10.1233,9.445985397653194,0.7966022342614406,1.694915254237288,6.917400188877044,1.0196143666144404,98.41059602649007,2.8376
2016-02-17,7.6143,4.622,10.2981,9.443600390624999,0.7988189683724465,1.171875,6.921872014024033,1.0263216882349033,98.94179894179894,2.8351
2016-02-18,7.8086,4.5144,9.9713,9.441474252275682,0.8004709030272324,2.4707412223667102,6.925900320478426,1.0316067805233529,97.49009247027742,2.8351
2016-02-19,7.7694,4.5334,10.0459,9.439302727272727,0.8022142821584872,2.4025974025974026,6.930016415042439,1.0371276906765274,97.75725593667546,2.8251
2016-02-22,7.9166,4.4895,9.7891,9.43732775616083,0.8035648421863353,3.501945525291829,6.93378332358652,1.0416200800478226,96.44268774703558,2.8426
2016-02-23,7.9102,4.5027,9.7968,9.435349611398964,0.8049204942312808,3.4974093264248705,6.937550450792328,1.0460955753048187,96.57894736842105,2.8451
2016-02-24,7.8119,4.5518,9.9334,9.433249417852522,0.8065134781852613,2.716688227684347,6.941487178189447,1.051026308204531,97.10906701708278,2.8676
2016-02-25,7.7232,4.6259,10.0829,9.431040051679586,0.8083296615743342,1.937984496124031,6.945609767194447,1.0564754510034169,97.9002624671916,2.8651
2016-02-26,7.9202,4.5133,9.7708,9.42909058064516,0.809626634667419,4.129032258064516,6.949312506686984,1.0607189921536055,95.93709043250328,2.8551
2016-02-29,7.7849,4.569,9.9952,9.426971778350516,0.8112519969730216,2.7061855670103094,6.953299270421687,1.0657295357709593,97.5130890052356,2.8502
2016-03-01,7.9209,4.4963,9.7721,9.425033462033463,0.8125258612021221,4.375804375804376,6.956983977257737,1.06989141582539,95.81699346405229,2.8527
2016-03-02,8.1743,4.3755,9.3583,9.423425835475578,0.8132390909740591,5.784061696658098,6.960118854572022,1.0727028018726794,95.03916449086162,2.8752
2016-03-03,8.1545,4.6386,9.363,9.421796919127086,0.813985968354843,5.5198973042362,6.963251685270103,1.0755040943291467,95.04563233376793,2.9002
2016-03-04,8.2599,4.5812,9.2115,9.420307307692308,0.8145257883628595,6.538461538461539,6.966179091929907,1.077857083621902,94.66145833333334,2.8952
2016-03-07,8.2727,4.4299,9.1577,9.418837900128041,0.8150379824760089,6.658130601792574,6.969028924060037,1.0800474415410264,94.53836150845254,2.9303
2016-03-08,8.2066,4.4676,9.2501,9.417287723785167,0.8156679597673212,6.265984654731457,6.97199135402879,1.0824676785122618,94.8051948051948,2.9352
2016-03-09,8.2455,4.4725,9.2351,9.415791187739464,0.8162205000246762,6.513409961685824,6.9749266441013855,1.0848275336347395,94.68223086900129,2.8928
2016-03-10,8.2357,4.467,9.277,9.414285969387755,0.8167864890570884,6.505102040816327,6.977908604406954,1.0872820052344714,94.81865284974094,2.8653
2016-03-11,8.3467,4.4466,9.1355,9.412925987261147,0.8171538147156153,7.643312101910828,6.980699796380555,1.0893425893234852,94.04915912031048,2.8453
2016-03-14,8.4467,4.0447,8.9885,9.41169669211196,0.8173598229776575,9.287531806615776,6.983293853491174,1.0910250841846518,93.66925064599482,2.8504
2016-03-15,8.3953,4.0754,9.0711,9.410405209656926,0.8176424523960061,8.513341804320202,6.985987796906024,1.092893861055287,93.80645161290323,2.8404
2016-03-16,8.3873,4.0778,9.1174,9.409106852791878,0.8179348690009863,8.50253807106599,6.988734462116197,1.094862788643077,93.81443298969072,2.8054
2016-03-17,8.6296,4.0339,8.7726,9.408118884664132,0.8178867103155538,12.547528517110266,6.9910302993592905,1.0960255289077574,92.14929214929215,2.8154
2016-03-18,8.7107,3.9963,8.6572,9.407236075949367,0.8177449609857069,14.430379746835442,6.993171905658314,1.0969464898998647,91.38817480719794,2.8229
2016-03-21,8.6705,3.9942,8.703,9.406304677623261,0.8176470841696887,13.400758533501897,6.995366806934748,1.0979503750636403,91.78433889602053,2.8305
2016-03-22,8.6615,4.0013,8.7149,9.405364267676768,0.8175586626766593,13.383838383838384,6.997571336669447,1.0989701641815535,91.7948717948718,2.8304
2016-03-23,8.7152,4.0064,8.6435,9.40449394703657,0.8174100536308143,15.006305170239598,6.999678799746695,1.0998424060108465,90.65300896286811,2.8307
2016-03-24,8.7478,4.0552,8.6005,9.403666876574308,0.8172271003676915,16.624685138539043,7.001725885680522,1.1006267645345553,90.153452685422,2.8309
2016-03-29,8.7934,4.0503,8.5212,9.402899245283018,0.8169993443255407,18.364779874213834,7.003666465647725,1.1012615811051871,88.88888888888889,2.851
2016-03-30,9.0397,3.9695,8.2261,9.402442964824122,0.8165873428364288,31.78391959798995,7.005225692094602,1.1014235243535577,86.22448979591837,2.8362
2016-03-31,9.0397,3.9695,8.2204,9.4019878293601,0.816175913911405,31.80677540777917,7.006773684843527,1.1015748142477024,86.11464968152866,2.8419
2016-04-01,8.9074,4.053,8.3844,9.40136804511278,0.815852014917259,22.807017543859647,7.008526390079095,1.1019685662615744,87.1501272264631,2.8422
2016-04-05,8.7517,4.1143,8.5627,9.400554943679598,0.8156647814311045,16.64580725907384,7.010501197715589,1.1026590692752953,89.70775095298602,2.8637
2016-04-06,8.7603,4.1141,8.5462,9.399754625,0.8154686792597319,17.125,7.012450054063666,1.103314604094527,89.46700507614213,2.8689
2016-04-07,8.7898,4.0969,8.4719,9.398993133583021,0.8152440514876133,18.476903870162296,7.01429980050972,1.1038371543898473,88.14955640050697,2.9049
2016-04-08,8.8371,4.083,8.4001,9.398292518703242,0.8149768932323393,19.950124688279303,7.016053977977429,1.1042381879847727,86.9620253164557,2.9158
2016-04-11,8.8746,4.0646,8.359,9.397640348692404,0.814678657697913,22.04234122042341,7.017751760558999,1.1045712309025255,86.5992414664981,2.9091
2016-04-12,8.9069,4.0529,8.3173,9.397029975124378,0.8143555602694641,23.258706467661693,7.019392604295668,1.1048378909745586,86.23737373737373,2.91
2016-04-13,9.2217,3.9512,7.917,9.396812173913043,0.813873023472501,45.714285714285715,7.020524517783315,1.1046004687987998,81.58890290037832,2.9271
2016-04-14,9.2911,3.9205,7.8278,9.396681017369728,0.8133764952509747,51.240694789081886,7.021541237534217,1.1042758857556605,80.35264483627203,2.9352
2016-04-15,9.2784,3.9233,7.8627,9.39653444857497,0.8128830386201001,49.566294919454776,7.022599298870653,1.1039838050061457,80.75471698113208,2.9151
2016-04-18,9.2006,3.9293,7.9642,9.396291955445545,0.8124090674307515,44.18316831683168,7.023782214324332,1.1037941590217395,82.1608040201005,2.9047
2016-04-19,9.3251,3.8894,7.8177,9.396203955500619,0.8119106585625333,53.399258343634116,7.0247783470541645,1.1034594311538903,80.05018820577165,2.906
2016-04-20,9.2293,3.9276,7.9093,9.39599790123457,0.8114304902313438,45.925925925925924,7.025886770178156,1.1032117062702347,81.32832080200501,2.9258
2016-04-21,9.4104,3.8578,7.7057,9.396015659679408,0.8109302280169485,58.323057953144264,7.0267376002530275,1.1027830708410402,78.97371714643305,2.9208
2016-04-22,9.3266,3.8899,7.7911,9.395930172413793,0.8104343895054528,53.44827586206896,7.027693053252712,1.1024244816150341,79.75,2.9309
2016-04-25,9.2483,3.9125,7.8766,9.395748585485855,0.8099523427667532,46.248462484624845,7.028752862174993,1.102143827071171,80.77403245942571,2.9362
2016-04-26,9.2737,3.8953,7.8621,9.39559864864865,0.8094659658308502,49.01719901719901,7.029791948381757,1.101849009907753,80.42394014962593,2.9212
2016-04-27,9.2748,3.9042,7.8711,9.395450429447852,0.8089802612175994,49.141104294478524,7.030839654548155,1.1015623755497401,80.69738480697384,2.9108
2016-04-28,9.3291,3.8996,7.8328,9.395369117647059,0.8084877430056688,53.799019607843135,7.031837117664389,1.101239912481355,80.03731343283582,2.8863
2016-04-29,9.2686,3.9633,7.8978,9.395213953488373,0.808004958130482,48.225214198286416,7.032912847953004,1.1009783077186786,81.11801242236025,2.8913
2016-05-03,9.0859,4.0522,8.1172,9.394835819070904,0.8075832462260266,34.59657701711492,7.034258117372418,1.1009569339732186,83.99503722084367,2.889
2016-05-04,9.0202,4.0759,8.1897,9.394378388278389,0.8071960943049347,30.4029304029304,7.035689891700333,1.1010251869112513,85.00619578686494,2.8965
2016-05-05,8.977,4.0525,8.2379,9.393869390243902,0.8068352547118725,26.585365853658537,7.037177775497733,1.101155157074716,85.89108910891089,2.9017
2016-05-06,8.8261,4.1188,8.4284,9.393177831912302,0.8065868711744356,19.00121802679659,7.038897456863002,1.1015595149242645,87.76266996291719,2.9016
2016-05-09,8.8357,4.1108,8.4359,9.392499635036495,0.806330290745419,19.34306569343066,7.040622151360703,1.1019717451304614,87.90123456790123,2.8818
2016-05-10,8.8791,4.1815,8.3624,9.391875820170108,0.8060387191258498,21.992709599027947,7.042251963751133,1.1022685616225973,86.68310727496917,2.9
2016-05-11,8.8009,4.216,8.455,9.391158616504855,0.8058121886773022,18.203883495145632,7.043991801234198,1.1027033174994547,88.05418719211822,2.9075
2016-05-12,8.7523,4.243,8.5281,9.390384242424242,0.8056303920985811,16.242424242424242,7.045817272573393,1.1032519349348595,89.2988929889299,2.8975
2016-05-13,8.6572,4.2448,8.6462,9.389496610169491,0.805546135025407,12.711864406779661,7.047783344720109,1.1039982544872888,91.15479115479116,2.905
2016-05-16,8.7136,4.1336,8.5488,9.388679322853688,0.8054015523949961,14.510278113663846,7.049625082947447,1.1045713008400697,89.69325153374234,2.9275
2016-05-17,8.8166,4.2152,8.4122,9.3879884057971,0.8051602466067351,18.719806763285025,7.0512949051497165,1.104923090015962,86.88725490196079,2.93
2016-05-18,8.6772,4.3666,8.5695,9.387131001206273,0.8050526161417402,13.38962605548854,7.053153173319668,1.1055218221658532,90.08567931456548,2.955
2016-05-19,8.6118,4.5219,8.652,9.386196867469879,0.8050169252369175,11.80722891566265,7.055107753792382,1.10625749621936,91.32029339853301,2.96
2016-05-20,8.6831,4.5957,8.5666,9.385350782190132,0.8049015888280671,13.598074608904934,7.056953287670535,1.1068412189211105,89.86568986568987,2.95
2016-05-23,8.6739,4.3419,8.5738,9.384495673076923,0.804795327244958,13.221153846153847,7.058803100734353,1.1074321304878416,90.1219512195122,2.955
2016-05-24,8.6854,4.3377,8.5786,9.383656422569027,0.8046763232330368,13.925570228091235,7.0606542540830315,1.108026208493744,90.13398294762484,2.935
2016-05-25,8.9339,4.2223,8.2532,9.383117146282974,0.8043443626027672,25.41966426858513,7.062105039662006,1.1081319970696137,84.54987834549878,2.9401
2016-05-26,8.9428,4.2176,8.2421,9.38258982035928,0.8040068109339089,26.107784431137727,7.063538812396318,1.1082212155467546,84.44714459295261,2.9401
2016-05-27,9.0146,4.1623,8.148,9.382149641148326,0.8036264690502966,31.698564593301437,7.064854906070592,1.1081919078031366,82.52427184466019,2.9451
2016-05-30,9.0445,4.1486,8.0789,9.38174623655914,0.8032309535890914,33.691756272401435,7.066084051638993,1.1080819507863575,81.81818181818183,2.9776
2016-05-31,9.1165,4.117,7.984,9.381429713603818,0.8028037846491117,37.828162291169456,7.0671953300268395,1.1078709035707397,80.38740920096852,2.9851
2016-06-01,9.115,4.1959,7.9757,9.381112157330154,0.8023778742476875,37.783075089392135,7.068293884645912,1.1076509564032109,80.29020556227327,2.9952
2016-06-02,9.1569,4.3564,7.908,9.380845238095239,0.8019373963074515,41.30952380952381,7.069308022466387,1.1073659912120035,79.22705314009661,3.0127
2016-06-03,9.1826,4.3359,7.875,9.380609512485137,0.8014895971531456,43.75743162901308,7.070279906637115,1.1070511867257122,78.40772014475272,3.0152
2016-06-06,9.2264,3.88,7.8344,9.380426365795724,0.8010311201995371,46.912114014251785,7.071200533255626,1.1067015725364295,77.71084337349397,3.0041
2016-06-07,9.3717,3.8603,7.6633,9.380416014234875,0.8005559281431772,57.29537366548043,7.0719130476560395,1.1062259576982878,75.45126353790613,3.0071
2016-06-08,9.3866,4.0193,7.6458,9.380423341232227,0.8000815528708864,58.175355450236964,7.072602815627606,1.1057397551698471,75.24038461538461,3.0077
2016-06-10,9.2584,4.1041,7.7933,9.380278934911242,0.7996189970577693,48.757396449704146,7.073467998321932,1.105357594968484,76.95078031212485,
2016-06-13,9.0255,4.2033,8.0818,9.379859574468085,0.7992392408179034,31.914893617021278,7.074677029499004,1.1052456963656898,82.01438848920863,2.9979
2016-06-14,8.9792,4.2272,8.1715,9.379386540731995,0.7988857829348344,27.744982290436838,7.075990589942717,1.1052348670820784,82.87425149700599,2.9654
2016-06-15,9.0029,4.2239,8.1471,9.378942570754717,0.7985191479471268,30.18867924528302,7.07727182129446,1.1051939339549022,82.53588516746412,2.9604
2016-06-16,8.8036,4.4493,8.4135,9.378264899882215,0.7982926928488401,18.727915194346288,7.078868270731385,1.1054976166361006,86.61887694145759,2.9455
2016-06-17,8.8597,4.4249,8.3492,9.377654823529411,0.7980209800465045,21.294117647058826,7.080384179716192,1.1057079210436378,85.56085918854416,2.9379
2016-06-20,9.0089,4.2801,8.152,9.377221504112809,0.7976520201715513,30.904817861339602,7.081661433375648,1.105667174811345,82.47914183551848,2.9481
2016-06-21,9.0912,4.2441,8.0591,9.376885798122066,0.7972439280984577,36.73708920187793,7.082825050716868,1.10552275186472,80.83333333333333,2.9405
2016-06-22,9.1551,4.8249,7.9922,9.376625791324736,0.7968126170985254,41.26611957796014,7.083906352677966,1.1053096614964033,80.14268727705112,2.9307
2016-06-23,9.1845,4.7597,7.9572,9.376400819672131,0.7963730685258861,44.14519906323185,7.084943518529892,1.1050625145640265,79.21615201900238,2.9307
2016-06-24,8.9181,4.1727,8.3325,9.375864795321638,0.796061348888,24.09356725146199,7.086423419456903,1.105241439169096,85.52787663107948,2.8808
2016-06-27,8.93,4.0174,8.3672,9.375343925233645,0.7957419919883375,24.88317757009346,7.087940927253754,1.1054648705928314,85.9004739336493,2.831
2016-06-28,8.9009,4.0303,8.3738,9.37479031505251,0.7954425218929982,23.570595099183198,7.089462653967064,1.1056947022085448,85.9171597633136,2.861
2016-06-29,8.9929,4.2495,8.2613,9.374345221445221,0.7950856169650374,29.48717948717949,7.09084780449429,1.105774352962342,84.39716312056737,2.8586
2016-06-30,9.1524,3.9567,8.085,9.3740868451688,0.7946587255585558,41.09429569266589,7.092021537901025,1.1056485890861933,81.22786304604487,2.8411
2016-07-04,9.2626,3.8856,7.9647,9.373957209302326,0.7942056685956254,50.0,7.0930506398610484,1.1054022977344817,79.12735849056604,2.8314
2016-07-05,9.1186,3.9655,8.1152,9.373660627177701,0.7937919736112506,38.443670150987224,7.094254584925994,1.105307270691461,81.50765606595995,2.8514
2016-07-06,8.9949,4.0179,8.2809,9.373221229698375,0.7934361661009114,29.466357308584683,7.095650638355493,1.1054055975363375,84.70588235294117,2.8365
2016-07-07,9.1014,3.9544,8.1807,9.372906257242178,0.7930302560470446,37.195828505214365,7.096925666982572,1.1053811618039024,82.49118683901293,2.8066
2016-07-08,9.0324,3.9806,8.2697,9.372512152777777,0.7926557491702124,33.101851851851855,7.098302162678602,1.105461813068734,84.38967136150235,2.8016
2016-07-11,9.1878,3.9359,8.0572,9.372298612716763,0.7922222999448263,45.08670520231214,7.099426310201839,1.105300798200265,79.95310668229777,2.8268
2016-07-12,9.34,3.873,7.8698,9.372261316397228,0.7917655244874339,56.697459584295615,7.100328387121977,1.1049676135090591,76.46370023419203,2.8368
2016-07-13,9.39,3.8533,7.8002,9.372281776239907,0.7913090096230254,59.515570934256054,7.101146950411893,1.104580296023798,75.08771929824562,2.8494
2016-07-14,9.5044,3.8082,7.6819,9.372433986175116,0.7908657542837848,64.97695852534562,7.101825400236179,1.1041131437381226,73.5981308411215,2.8395
2016-07-15,9.538,3.7932,7.6573,9.372624510932106,0.7904305109523078,67.31875719217491,7.102473561962857,1.1036317188646168,73.27887981330223,2.8271
2016-07-18,9.5944,3.7688,7.5956,9.372879425287357,0.7900118499341983,70.6896551724138,7.103048301401129,1.1031167100032941,72.6107226107226,2.8271
2016-07-19,9.5216,3.7925,7.6827,9.373050172215844,0.7895742734196967,65.78645235361653,7.103723099653282,1.102651604203035,73.74854481955762,2.8197
2016-07-20,9.6027,3.7544,7.6141,9.373313532110092,0.7891596825804413,71.55963302752293,7.104316561165312,1.1021475985586642,72.67441860465115,2.7996
2016-07-21,9.6541,3.727,7.5777,9.37363516609393,0.7887647561174476,73.31042382588774,7.104866367714481,1.101625372156393,72.12543554006969,2.7806
2016-07-22,9.6362,3.7355,7.5868,9.373935583524027,0.7883633599884381,72.5400457665904,7.105425455454952,1.1011084086236822,72.15777262180974,2.7907
2016-07-25,9.6458,3.7289,7.5604,9.374246285714285,0.7879662777087653,72.8,7.105952656549443,1.1005791202364712,71.72653534183083,2.8068
2016-07-26,9.695,3.7073,7.5233,9.374612442922375,0.7875908757121263,75.11415525114155,7.106435697456214,1.1000335560556043,71.41203703703704,2.7913
2016-07-27,9.7493,3.6935,7.4604,9.37503968072976,0.7872432843512324,77.53705815279362,7.106844904742392,1.0994633111170942,70.63583815028902,2.7967
2016-07-28,9.7245,3.6665,7.4966,9.375437699316628,0.786883126119133,76.87927107061503,7.1072949683627815,1.0989080575586787,71.36258660508084,2.7867
2016-07-29,9.595,3.7202,7.6453,9.375687485779295,0.7864702255084519,70.193401592719,7.1079155047314515,1.0984259364805895,73.12572087658593,2.7768
2016-08-01,9.7191,3.6605,7.506,9.376077727272726,0.7861083869169704,76.5909090909091,7.108374127421853,1.0978760748242835,71.31336405529954,2.783
2016-08-03,9.708,3.7305,7.529,9.37645448354143,0.7857416053512848,75.59591373439274,7.108858161797663,1.0973368696691825,71.4614499424626,2.7718
2016-08-04,9.7418,3.716,7.4956,9.376868707482993,0.7853922874228076,77.43764172335601,7.10930269264617,1.0967843216457862,71.03448275862068,2.7694
2016-08-05,9.876,3.6656,7.3722,9.377433975084937,0.7851269286774493,81.31370328425821,7.10960452652373,1.0961906818630103,68.77152698048221,2.7534
2016-08-08,10.0302,3.6067,7.2227,9.378172398190046,0.7849894609680457,84.84162895927602,7.109734223167624,1.0955686384844179,63.30275229357798,2.7472
2016-08-09,10.0459,3.6089,7.2418,9.378926892655368,0.7848664858497406,85.31073446327684,7.109885501262507,1.0949500979243756,64.03207331042383,2.7125
2016-08-10,10.0636,3.6062,7.2418,9.379699661399549,0.7847602311789689,85.55304740406321,7.11003643318326,1.0943326035349654,64.01601830663616,2.695
2016-08-11,10.5879,3.7015,6.7572,9.381061781285231,0.7853649939233712,88.95152198421647,7.109633191545336,1.093772059663383,41.714285714285715,2.6875
2016-08-12,10.7087,3.6684,6.6681,9.382556869369369,0.7861846360332898,90.09009009009009,7.109129158221654,1.0932492533829163,36.07305936073059,2.6701
2016-08-15,10.7969,3.5398,6.6218,9.384147806524185,0.7871712785222076,90.88863892013498,7.108573480732233,1.0927495587677765,32.953249714937286,2.6401
2016-08-16,10.7979,3.5413,6.5961,9.385736292134832,0.788153284767389,90.89887640449437,7.107989797952356,1.092263866860077,32.346241457858774,2.6651
2016-08-17,10.7344,3.5607,6.6257,9.387249943883276,0.7890041434142885,90.12345679012346,7.107441117863673,1.0917634389276512,33.21956769055745,2.6901
2016-08-18,10.8593,3.4946,6.5286,9.388900224215247,0.7900988604771598,91.81614349775785,7.106783343866101,1.0913172017609094,29.204545454545457,2.6801
2016-08-19,10.8266,3.5201,6.5364,9.390510190369541,0.7911189608457811,91.15341545352743,7.1061359166880464,1.0908667447881577,29.852440408626563,2.7001
2016-08-22,10.8289,3.5118,6.5544,9.392119127516779,0.7921368713243597,91.2751677852349,7.105510365762096,1.0904062578617164,31.065759637188208,2.6801
2016-08-23,10.831,3.5342,6.5127,9.393726815642458,0.793152201063499,91.28491620111731,7.104839006344472,1.0899710158942226,28.199320498301244,2.7201
2016-08-24,10.9606,3.5596,6.3935,9.395475558035715,0.7944339517399456,92.96875,7.104034324210598,1.0896167384527846,22.850678733031675,2.7301
2016-08-25,11.1127,3.5662,6.2786,9.397389966555185,0.7960562242470259,96.65551839464884,7.103101630058948,1.0893539840669213,20.225988700564972,2.7201
2016-08-26,11.2636,3.5387,6.1855,9.399468151447662,0.7980437565585664,98.21826280623608,7.102065962304931,1.0891749073534596,17.945823927765236,2.6927
2016-08-29,11.3189,3.5397,6.1284,9.401603225806452,0.8001618485201563,99.22135706340379,7.100968255470314,1.089051028125363,17.13641488162345,2.7064
2016-08-30,11.3058,3.5224,6.0923,9.403719,0.8022293679803258,99.0,7.099832367795235,1.0889632517575407,16.77927927927928,2.7527
2016-08-31,11.2677,3.5354,6.1324,9.405787791342952,0.8041825541541482,98.00221975582686,7.098744142409638,1.0888336234518359,17.435320584926885,2.7425
2016-09-01,11.3403,3.7218,6.0729,9.407932483370287,0.8063106973651093,99.55654101995566,7.097591508541762,1.0887642836328704,16.629213483146067,2.7452
2016-09-02,11.3895,3.7159,6.0348,9.410126910299004,0.8085546090597482,99.88925802879291,7.096398701012535,1.0887348273897497,15.151515151515152,2.7452
2016-09-05,11.6007,3.6374,5.8699,9.412550110619469,0.8113813498530578,100.0,7.095023702468799,1.0888981620082054,12.219730941704036,2.7503
2016-09-06,11.6838,3.6153,5.7961,9.415059779005524,0.8144360216257013,100.0,7.093569140651925,1.0891550328702653,10.414333706606943,2.7628
2016-09-07,11.6624,3.6418,5.7893,9.417540286975717,0.8173997185386275,99.8896247240618,7.092110226624349,1.0894184056000051,10.40268456375839,2.7853
2016-09-08,11.7346,3.4302,5.7465,9.42009492833517,0.8205597963725811,100.0,7.090606751510803,1.0897372269131884,9.273743016759777,2.7753
2016-09-09,11.8096,3.4382,5.7,9.42272654185022,0.823928496781576,100.0,7.089054735047063,1.0901182020006956,8.147321428571429,2.7678
2016-09-12,11.3938,3.4545,5.9851,9.42489493949395,0.8260633863307457,99.33993399339934,7.087824016278894,1.0901330304110055,14.827201783723524,2.7916
2016-09-13,11.355,3.4641,6.0413,9.427015934065935,0.8280821777177668,99.01098901098902,7.086658622051413,1.0900848153723361,15.924276169265033,2.7654
2016-09-14,11.3363,3.4866,6.0634,9.429111745334797,0.8300388474531586,98.57299670691548,7.085520403339454,1.0900121632639146,16.907675194660733,2.7579
2016-09-15,11.4049,3.4666,6.0104,9.431278179824561,0.8321566962684944,99.3421052631579,7.08432582511352,1.0899950751709029,15.11111111111111,
2016-09-19,11.5188,3.4667,5.921,9.433564622124862,0.8345622000207655,99.45235487404163,7.083034675474105,1.090078433194542,13.429522752497224,2.7605
2016-09-20,11.5179,3.4695,5.939,9.435845076586434,0.8369468732390113,99.34354485776805,7.081766344348303,1.0901389925308829,14.079822616407982,2.7431
2016-09-21,11.6558,3.4521,5.8277,9.438271256830602,0.8396991372298425,99.56284153005464,7.080377566558327,1.090333276060623,11.627906976744185,2.7518
2016-09-22,11.702,3.4409,5.7999,9.440742576419213,0.8425634556847168,99.78165938864629,7.078961109073195,1.0905610092222762,10.84070796460177,2.7456
2016-09-23,11.6492,3.4249,5.8526,9.44315092693566,0.8452525936413825,99.34569247546347,7.077606013925049,1.0907195538419452,12.375690607734807,2.7318
2016-09-26,11.462,3.4766,6.0088,9.44535010893246,0.847412920067271,98.91067538126362,7.076426316337934,1.090694971438304,15.562913907284766,2.7157
2016-09-27,11.5909,3.4432,5.9131,9.447684766050054,0.8499005398039261,99.12948857453753,7.0751437073893815,1.0907769591626508,13.561190738699008,2.7144
2016-09-28,11.6043,3.4365,5.8931,9.450028913043477,0.8524058383997318,99.23913043478261,7.073841897138952,1.0908808964856558,13.215859030837004,2.7244
2016-09-29,11.6893,3.4162,5.8266,9.452460260586319,0.8551288369099859,99.6742671009772,7.07246979384177,1.0910643602512977,11.66116611661166,2.7282
2016-09-30,11.4583,3.4838,6.0015,9.454635791757049,0.857211323959865,98.48156182212581,7.071292903958428,1.0910418466905425,15.824175824175823,2.7258
2016-10-03,11.5917,3.437,5.9011,9.4569511375948,0.8596265607521061,98.91657638136512,7.070008389244972,1.091131122143378,13.50164654226125,
2016-10-04,11.6517,3.4233,5.8566,9.459326406926408,0.8621865017528629,99.24242424242425,7.068677897590097,1.0912718904232337,12.609649122807017,
2016-10-05,11.7185,3.4079,5.8077,9.461768756756756,0.8649125114868921,99.78378378378379,7.067296760790985,1.0914713286255824,11.062431544359255,
2016-10-06,11.8285,3.388,5.7284,9.464324622030237,0.8679333565194963,100.0,7.065831884685086,1.091771693609832,8.86214442013129,
2016-10-07,11.7753,3.4056,5.7666,9.46681758360302,0.8707758833302809,99.78425026968716,7.064411959128053,1.092019016719304,10.273224043715846,
2016-10-11,11.6304,3.4466,5.9147,9.469149030172414,0.8731966558106413,98.70689655172413,7.06315681506787,1.0920829408478783,14.301310043668122,2.6835
2016-10-12,11.5348,3.466,5.9596,9.471372551130248,0.8753512029917911,98.17007534983854,7.061953372521449,1.0920948558381083,15.376226826608505,2.7098
2016-10-13,11.3386,3.5208,6.1184,9.473380322580645,0.8770181011299447,96.66666666666667,7.060925536603669,1.0919435560851796,19.716775599128542,2.701
2016-10-14,11.4327,3.4932,6.0516,9.47548485499463,0.878893398657978,97.63694951664877,7.059827249839139,1.091856501347499,18.280739934711644,2.6952
2016-10-17,11.3341,3.5243,6.1325,9.47747907725322,0.8805267219637812,96.24463519313305,7.05881928543714,1.0916906615468542,20.217391304347824,2.6904
2016-10-18,11.513,3.4863,5.9893,9.479660771704179,0.8825714862752561,97.85637727759914,7.057658026712453,1.0916662149411371,16.286644951140065,2.6965
2016-10-19,11.4584,3.498,6.0608,9.481779336188438,0.8844693617986932,97.64453961456103,7.056576835794109,1.0915673114151623,18.546637744034708,2.6664
2016-10-20,11.5015,3.5807,6.0427,9.48393946524064,0.8864578802808478,97.75401069518716,7.055478377683824,1.091485579352616,17.659804983748646,2.6518
2016-10-24,11.6501,3.448,5.9241,9.48625373931624,0.888805810518138,98.82478632478633,7.0542539422101385,1.0915288547146564,14.61038961038961,2.6595
2016-10-25,11.6249,3.454,5.9163,9.488536179295625,0.8910717145872026,98.50586979722519,7.053023721732075,1.0915794168896005,14.270270270270272,2.6859
2016-10-26,11.4857,3.488,5.9865,9.490665351812366,0.8929782092647492,97.44136460554371,7.0518719682528825,1.091552061477678,16.414686825053995,2.72
2016-10-27,11.3065,3.517,6.1377,9.49259914802982,0.8944655302541882,95.10117145899893,7.050885806474831,1.091375800558013,20.819848975188783,2.7068
2016-10-28,11.2309,3.5297,6.2013,9.494448404255317,0.8957837863816595,93.51063829787233,7.049970304528199,1.091143704193959,21.982758620689655,2.7027
2016-10-31,11.2631,3.5274,6.1361,9.496327948990436,0.8971602860042054,93.83634431455899,7.0489865905297835,1.0909679258530451,20.775026910656617,2.7425
2016-11-01,11.3961,3.51,6.0374,9.498344692144373,0.8988155588557943,96.70912951167729,7.047898863013085,1.090885129547748,17.741935483870968,2.7375
2016-11-02,11.2204,3.562,6.1751,9.500170837751854,0.9000856050297666,93.21314952279958,7.046961377660761,1.090673871986534,21.482277121374864,2.7372
2016-11-03,11.119,3.5819,6.2635,9.501885699152542,0.9011487164678605,91.94915254237289,7.0461207538649875,1.0903903074329524,24.034334763948497,2.7301
2016-11-04,11.1044,3.5973,6.2715,9.503581481481481,0.902177541652615,91.64021164021165,7.045290506540375,1.0901005131765245,24.22293676312969,2.7339
2016-11-07,11.47,3.5637,5.9709,9.505660147991543,0.903961912369296,97.35729386892177,7.044140195505534,1.0900832071818287,15.845824411134904,2.7475
2016-11-08,11.5297,3.545,5.9099,9.507797465681099,0.9058728979834112,97.88806758183738,7.0429271043873465,1.090130714410193,13.796791443850267,2.7634
2016-11-09,11.2681,3.6221,6.1095,9.509654324894514,0.9071963820029654,93.77637130801688,7.041929853207445,1.08997486173076,20.299145299145298,2.7651
2016-11-10,11.4732,3.5548,5.9234,9.511723393045312,0.9089535027021309,97.26027397260275,7.040736118038601,1.0900050817246953,14.621131270010673,2.7926
2016-11-11,11.2954,3.6145,6.0382,9.51360094736842,0.9103143490541273,94.42105263157895,7.039667316207003,1.089915045013606,18.017057569296373,2.815
2016-11-14,11.1388,3.7245,6.1199,9.515309884332282,0.9113590330120551,91.69295478443743,7.038687798298369,1.0897475347345174,20.766773162939298,2.8577
2016-11-15,11.1929,3.7038,6.0841,9.51707205882353,0.9124998275450309,92.33193277310924,7.03767227936401,1.089612183041042,20.106382978723406,2.8501
2016-11-16,11.151,3.7136,6.1026,9.518786568730325,0.9135538629736748,91.71038824763903,7.03667857874832,1.0894591360825532,20.403825717321997,2.8652
2016-11-17,11.1412,3.6651,6.0702,9.520487211740042,0.9145830153315206,91.50943396226415,7.035652592995933,1.0893354618826638,19.63906581740977,2.9055
2016-11-18,11.1775,3.6501,6.0564,9.52222230366492,0.9156736724189384,91.83246073298429,7.034614149100921,1.0892241227835078,18.981972428419937,2.8901
2016-11-21,11.201,3.6312,6.0427,9.523978347280336,0.9168021319364447,92.36401673640168,7.033563392587043,1.0891251335001901,18.16737288135593,2.8851
2016-11-22,11.3908,3.582,5.9101,9.525929049111808,0.9183058660194666,96.23824451410658,7.032374542436157,1.0891613936438806,13.756613756613756,2.8689
2016-11-23,11.3917,3.5837,5.9332,9.527876617954071,0.9198017892341437,96.24217118997912,7.031212624315189,1.0891714072092624,15.221987315010571,2.8451
2016-11-24,11.3559,3.6171,5.9558,9.529782794577685,0.9212133453436955,95.82898852971846,7.030077024923092,1.0891563780589566,15.522703273495248,2.8502
2016-11-25,11.4266,3.6011,5.8865,9.531758645833333,0.9227643028040347,96.66666666666667,7.028870720044481,1.0892145483883569,13.080168776371309,2.865
2016-11-28,11.4965,3.5771,5.8481,9.533803121748178,0.9244569190180403,97.39854318418314,7.027626493785214,1.0893143644014835,12.118018967334036,2.8502
2016-11-29,11.4476,3.5926,5.8449,9.535792515592515,0.9260321561178951,96.67359667359668,7.0263815185285985,1.0894161927507815,12.105263157894736,2.8906
2016-11-30,11.4583,3.5843,5.7771,9.537788888888889,0.9276201419872622,96.72897196261682,7.025067868141082,1.0895958222704245,10.199789695057834,2.9502
2016-12-01,11.5417,3.5642,5.6749,9.53986763485477,0.9293803395654303,98.02904564315352,7.02364962458211,1.0899012948596085,7.03781512605042,2.9893
2016-12-02,11.3886,3.6257,5.7912,9.54178341968912,0.9308011835567173,95.44041450777202,7.022356393076777,1.0900598762924776,10.49317943336831,2.9895
2016-12-05,11.3544,3.6271,5.7771,9.54365983436853,0.9321435821841032,95.03105590062113,7.021051092874391,1.0902333414675036,10.324947589098532,3.0302
2016-12-06,11.4421,3.6014,5.6246,9.545623061013444,0.9336575005153674,96.38055842812823,7.019588840421119,1.0905979773597245,6.282722513089005,3.1151
2016-12-07,11.5046,3.5825,5.6045,9.547646797520661,0.9352946875238869,97.41735537190083,7.018108621968795,1.0909868245759757,6.066945606694561,3.0877
2016-12-08,11.5566,3.5659,5.5778,9.549720020639835,0.9370347382641292,98.0392156862745,7.016603597285442,1.091409159557817,5.433646812957157,3.0753
2016-12-09,11.5022,3.5854,5.6087,9.551732886597938,0.9386452683384399,97.21649484536083,7.015133969313329,1.091786376383996,6.263048016701461,3.0853
2016-12-12,11.3328,3.6424,5.6781,9.553567147270854,0.9398995414371786,93.82080329557158,7.013739773307789,1.0920699045811677,7.716371220020855,3.1458
2016-12-13,11.3631,3.6407,5.6141,9.555428806584363,0.9412053743477269,94.8559670781893,7.012281815210593,1.0924343723779228,6.354166666666666,3.1863
2016-12-14,11.3857,3.6408,5.5643,9.5573098663926,0.9425478333732407,94.96402877697841,7.010775070345649,1.092863432470817,5.202913631633715,3.2186
2016-12-15,11.1672,3.7034,5.6233,9.558962731006162,0.9434736378703974,89.93839835728953,7.009332788567743,1.093209953896701,6.756756756756757,3.3315
2016-12-16,11.1376,3.713,5.6983,9.560581846153847,0.9443425822577891,89.43589743589743,7.007971383802875,1.0934578044886696,8.515057113187954,3.2803
2016-12-19,11.044,3.746,5.7231,9.562101741803279,0.9450510734241628,87.60245901639344,7.006638529670299,1.0936729122693918,9.336099585062241,3.3316
2016-12-20,10.993,3.759,5.7228,9.563566325486184,0.9456748435404903,86.07983623336744,7.005308127048879,1.093886277526326,9.32642487046632,3.3739
2016-12-21,11.0421,3.7466,5.7747,9.565078118609406,0.9463717256556149,87.42331288343557,7.0040342055923075,1.094035904478857,11.283643892339544,3.2815
2016-12-22,10.931,3.7772,5.9575,9.566473340143004,0.9468940960886468,84.78038815117466,7.00295195718942,1.0939873117809435,17.269906928645295,3.1908
2016-12-23,10.9036,3.7856,5.9944,9.56783775510204,0.9473732404051617,84.28571428571429,7.001910064671662,1.093901998987386,18.59504132231405,3.1769
2016-12-28,11.006,3.7487,5.9637,9.56930377166157,0.9480017816213384,86.23853211009175,7.0008386404563145,1.093845462233047,17.543859649122805,3.1223
2016-12-29,11.0286,3.7387,6.0202,9.570789816700612,0.9486614617020674,86.76171079429736,6.999827672785742,1.0937343206507797,19.381443298969074,3.0471
2016-12-30,11.1337,3.7024,5.9702,9.57237975584944,0.9494869407465063,89.42014242115972,6.998767294131997,1.0936697182982882,17.91967044284243,3.0115
2017-01-03,11.2076,3.6821,5.8171,9.574041565040652,0.9504335477394978,90.95528455284553,6.997551587039268,1.0937632132659418,12.654320987654321,3.1054
2017-01-04,11.19,3.6829,5.7543,9.575682131979695,0.951343915238566,90.55837563451776,6.996273836179002,1.0939265902990525,10.38026721479959,3.1823
2017-01-05,11.3777,3.6302,5.5805,9.577509736308317,0.9525898249780196,94.9290060851927,6.994820269612083,1.0943046075615261,5.646817248459959,3.2086
2017-01-06,11.404,3.6259,5.5736,9.579360283687944,0.9538787017183126,95.6433637284701,6.9933626077970965,1.0946889513015918,5.435897435897436,3.1953
2017-01-09,11.4292,3.6159,5.5803,9.581232591093118,0.9552086708404354,95.95141700404858,6.991914797748124,1.0950615685057081,5.737704918032787,3.1692
2017-01-10,11.5057,3.5892,5.5122,9.583178463094033,0.9566828177525061,97.37108190091,6.990400248313376,1.0955232796998844,4.401228249744114,3.1792
2017-01-11,11.5976,3.5584,5.4171,9.585213232323232,0.9583382855611997,98.28282828282828,6.9887915568529335,1.096116989274668,2.7607361963190185,3.2055
2017-01-12,11.5479,3.5753,5.4708,9.58719374369324,0.9598795328369303,97.88092835519677,6.987241003679437,1.0966296238916124,3.575076608784474,3.1888
2017-01-13,11.6311,3.5581,5.3954,9.589254133064516,0.9615856259173284,98.68951612903226,6.985616676124662,1.0972476591195752,2.6530612244897958,3.2022
2017-01-16,11.5041,3.595,5.443,9.59118247734139,0.9630184393127159,96.87814702920443,6.984044182061335,1.097792529444796,3.3639143730886847,3.2496
2017-01-17,11.565,3.5774,5.3776,9.593168209255534,0.9645657267614627,97.88732394366197,6.982408291855569,1.0984291006417515,2.240325865580448,3.2692
2017-01-18,11.6933,3.5352,5.2837,9.595278894472361,0.9663747932463328,99.39698492462311,6.98068020610597,1.099204987227817,1.017293997965412,3.2682
2017-01-19,11.6636,3.5424,5.3153,9.597355522088353,0.9681081709199834,99.09638554216868,6.9789877465469194,1.0999270113079929,1.524390243902439,3.2584
2017-01-20,11.5706,3.5667,5.3986,9.599334704112337,0.9696364627265123,97.69307923771315,6.977383291981897,1.100519992041951,3.0456852791878175,3.244
2017-01-23,11.5747,3.5651,5.3966,9.601314028056112,0.9711636118211272,97.69539078156313,6.975780063491043,1.101112028054697,3.0425963488843815,3.2429
2017-01-24,11.6164,3.5569,5.3248,9.603331131131132,0.9727667888385623,98.1981981981982,6.974107337996118,1.1018067524021908,1.9250253292806485,3.2837
2017-01-25,11.6547,3.5421,5.2339,9.6053825,0.9744397653850898,98.8,6.9723459945366075,1.1026383801265465,0.20242914979757085,3.3463
2017-01-26,11.8106,3.4904,5.1205,9.607585514485514,0.9764412654712232,99.9000999000999,6.970473551670544,1.10365122798609,0.10111223458038424,3.3465
2017-01-27,11.7836,3.4935,5.1399,9.609757185628741,0.9783695018493598,99.7005988023952,6.968624487476938,1.104625326740543,0.20202020202020202,
2017-02-01,11.758,3.4951,5.1583,9.611899002991027,0.98022910315649,99.50149551345963,6.966797722101078,1.1055629945315868,0.30272452068617556,
2017-02-02,11.694,3.5153,5.2049,9.61397280876494,0.9819397364723684,99.10358565737052,6.96502161552638,1.106419256838925,0.5040322580645161,
2017-02-03,11.6593,3.5236,5.1554,9.616007960199005,0.983567306382939,98.50746268656717,6.96319923726301,1.107350564552506,0.3021148036253776,3.4214
2017-02-06,11.7834,3.4926,4.996,9.618162425447316,0.985448091203661,99.60238568588468,6.961220163583671,1.1085490342242799,0.1006036217303823,3.4905
2017-02-07,11.7722,3.4975,5.008,9.620301489572988,0.9872925766581526,99.40417080436941,6.959257128243386,1.1097190147680702,0.20100502512562815,3.4866
2017-02-08,11.845,3.4777,4.9833,9.622508531746032,0.9892849709645922,100.0,6.957273235544346,1.1109257494757496,0.1004016064257028,3.4591
2017-02-09,11.878,3.4723,5.0041,9.624743904856293,0.9913383210108804,100.0,6.955314185157642,1.1120884308913994,0.3009027081243731,3.4148
2017-02-10,11.9098,3.4684,4.9596,9.627006336633665,0.9934502051827597,100.0,6.9533144715452595,1.1133230963983871,0.1002004008016032,3.4368
2017-02-13,11.9984,3.4499,4.9152,9.629351928783382,0.9957529440987074,100.0,6.951274316919088,1.1146306537884931,0.10010010010010009,3.4192
2017-02-14,11.9932,3.5233,4.9274,9.631687747035572,0.9980281671273149,99.90118577075098,6.949250442602168,1.1159081790425378,0.2,3.4107
2017-02-15,12.1485,3.4809,4.8257,9.634172260612043,1.0006616941655693,100.0,6.94712901358858,1.1173663311809297,0.0999000999000999,3.4058
2017-02-16,12.2154,3.4596,4.8305,9.63671785009862,1.003444364924105,100.0,6.945016609383402,1.1188066036394446,0.19960079840319359,3.3559
2017-02-17,12.1436,3.4783,4.9037,9.639187684729064,1.006028855189526,99.80295566502463,6.942981398406948,1.1201029416842851,0.29910269192422734,3.3311
2017-02-20,12.2178,3.4624,4.9036,9.641725688976377,1.0087794553064324,100.0,6.9409501420340325,1.121391701573528,0.29880478087649404,3.2812
2017-02-21,12.3181,3.4886,4.8168,9.64435732546706,1.011766614827244,100.0,6.938836559803153,1.1228326607695633,0.09950248756218905,3.3013
2017-02-22,12.4562,3.4513,4.7442,9.647119449901767,1.0150985870878506,100.0,6.936655012527007,1.1244033504797584,0.09940357852882703,3.2839
2017-02-23,12.4096,3.6825,4.7869,9.649830421982335,1.0182807018063165,99.90186457311088,6.934520201193812,1.1258828376351941,0.19860973187686196,3.2714
2017-02-24,12.234,3.705,4.8823,9.652363921568629,1.0209895187053528,99.70588235294117,6.932484268454532,1.1271772928892325,0.5952380952380952,3.2916
2017-02-27,12.2043,3.7148,4.9067,9.654863369245838,1.0236067612777877,99.41234084231147,6.9304765536195925,1.1284204092127097,0.8919722497522299,3.2871
2017-02-28,12.0647,3.7419,4.9965,9.657221330724072,1.025876370547036,99.11937377690802,6.928561725348683,1.1295005360664312,1.4851485148514851,3.2921
2017-03-01,12.057,3.7341,4.9687,9.65956715542522,1.028113575440146,99.02248289345064,6.926623187539237,1.13062154518553,1.2858555885262115,3.3252
2017-03-02,12.0301,3.7473,4.9642,9.66188212890625,1.030275517469681,98.92578125,6.924684034191866,1.1317436150932667,1.2845849802371543,3.3483
2017-03-03,11.9368,3.7643,5.0202,9.664101560975611,1.0322190482207525,98.6341463414634,6.922803990722773,1.1327648397542034,1.9743336623889436,3.3573
2017-03-06,12.0001,3.5486,4.9718,9.6663783625731,1.0342877302129478,98.83040935672514,6.920879923670778,1.1338610596648642,1.4792899408284024,3.3615
2017-03-07,12.0498,3.5399,4.9346,9.668699123661149,1.0364533023510702,98.92891918208375,6.918922997637605,1.135014288312379,1.1822660098522169,3.3643
2017-03-08,12.1033,3.4569,4.8534,9.671067412451361,1.0387255176465213,99.12451361867704,6.91689000256119,1.1363030096645337,0.5905511811023622,3.4088
2017-03-09,11.898,3.4912,4.9897,9.673231584062197,1.0405368511980637,98.15354713313897,6.914995027140775,1.1373492494474202,1.8682399213372665,3.4151
2017-03-10,11.9042,3.5073,4.9848,9.675397572815534,1.042349901999319,98.15533980582525,6.9130989612987905,1.1383974728243536,1.8664047151277015,3.4156
2017-03-13,12.0673,3.4412,4.9018,9.677717555771096,1.044501452363084,99.03006789524733,6.911125164477103,1.1395801950117823,0.7850834151128557,3.3851
2017-03-14,12.0823,3.4408,4.9113,9.68004757751938,1.0466725514853672,99.03100775193798,6.909164551570753,1.1407396199202613,1.1764705882352942,3.3653
2017-03-15,12.1114,3.447,4.9043,9.682401258470474,1.0488946524943903,99.12875121006776,6.907200923214661,1.141904247992343,1.0773751224289911,3.3524
2017-03-16,12.3961,3.3769,4.7574,9.685025725338491,1.051775219702929,99.80657640232108,6.905097399806428,1.143322862230316,0.19569471624266144,3.3097
2017-03-17,12.4157,3.3689,4.7419,9.687664057971014,1.0546846716903144,99.90338164251207,6.902982837343274,1.14476159707104,0.09775171065493646,3.3124
2017-03-20,12.4837,3.337,4.6963,9.690362934362934,1.0577452064796935,100.0,6.90082787363493,1.146276592681915,0.09765625,3.3141
2017-03-21,12.5473,3.325,4.6557,9.69311793635487,1.0609473566959924,100.0,6.898637504977725,1.1478593051746957,0.0975609756097561,3.3141
2017-03-22,12.3528,3.3621,4.7885,9.695680250481695,1.0636415125097547,99.42196531791907,6.896580840742854,1.149187716151213,0.682261208576998,3.3068
2017-03-23,12.2527,3.3701,4.8581,9.698141289701637,1.0660822054947903,99.23002887391723,6.894595951900846,1.1503863317521623,1.1684518013631937,3.3034
2017-03-24,12.2283,3.365,4.9249,9.700574134615385,1.0684512227330853,99.03846153846155,6.892679905255028,1.151465035189534,2.0428015564202333,3.2529
2017-03-27,12.0705,3.3935,5.0396,9.702850720461095,1.0704585680266332,98.17483189241113,6.8908790501478805,1.152352857208374,3.498542274052478,3.2451
2017-03-28,12.178,3.3314,4.9489,9.705226103646833,1.0726861782531432,98.65642994241843,6.888993633594339,1.1533801421293386,2.3300970873786406,3.2626
2017-03-29,12.208,3.3263,4.9218,9.707625695110258,1.0749661839143207,98.7535953978907,6.88708558933285,1.1544458918847582,2.0368574199806013,3.2695
2017-03-30,12.3241,3.3406,4.8252,9.710131896551726,1.0774955110483524,99.32950191570882,6.885087638180396,1.155668400662201,0.872093023255814,3.289
2017-03-31,12.2225,3.3676,4.8988,9.712536076555025,1.0797777456007562,98.85167464114832,6.883164804067927,1.1567593323563699,1.452081316553727,3.2828
2017-04-03,12.4454,3.3152,4.7621,9.715148757170171,1.0825611336728227,99.7131931166348,6.881113484141362,1.1580780779321156,0.5802707930367506,
2017-04-05,12.5103,3.2943,4.6832,9.717818433619867,1.0854834408314225,99.90448901623687,6.878989896233979,1.159530937641177,0.1932367149758454,3.3102
2017-04-06,12.4296,3.3124,4.7344,9.720406011450383,1.0881912713691873,99.52290076335878,6.876919828766573,1.1608830106610795,0.3861003861003861,3.3109
2017-04-07,12.4474,3.3032,4.7372,9.723005624404195,1.0909233553471833,99.61868446139181,6.874856453811156,1.1622222617849656,0.4821600771456124,3.2966
2017-04-10,12.4393,3.2998,4.7224,9.725592571428571,1.09361809737963,99.42857142857143,6.872782796341203,1.1635800068586442,0.3853564547206166,3.3166
2017-04-11,12.3375,3.3304,4.7845,9.72807773549001,1.0960599531907864,98.8582302568982,6.870772899520856,1.1648212429395766,1.0587102983638113,3.3209
2017-04-12,12.4443,3.2984,4.7075,9.730659695817492,1.0987319815896708,99.42965779467681,6.868692829425162,1.1661900947076318,0.38461538461538464,3.3283
2017-04-13,12.4226,3.3042,4.7278,9.733216144349479,1.1013359109128478,99.14529914529915,6.866636256101987,1.1675151284240008,0.5763688760806917,3.322
2017-04-18,12.247,3.3343,4.7589,9.735601138519923,1.1035305444790917,98.292220113852,6.864613476585575,1.1687783450605445,1.1516314779270633,3.4064
2017-04-19,12.1899,3.3476,4.797,9.737927488151659,1.1055901204466474,97.53554502369668,6.862631105083575,1.1699692062013016,1.6299137104506232,3.4065
2017-04-20,12.3028,3.3133,4.7042,9.74035634469697,1.107878970584571,98.39015151515152,6.860563642339242,1.1713133684357049,0.38314176245210724,3.424
2017-04-21,12.2934,3.3171,4.673,9.742771712393568,1.110133015283194,98.29706717123936,6.858470280002075,1.172705032608685,0.19138755980861244,3.4614
2017-04-24,12.3381,3.306,4.6059,9.745224763705103,1.1124706435374783,98.67674858223062,6.856316771130181,1.174209788654582,0.09560229445506692,3.4991
2017-04-25,12.5089,3.2646,4.5375,9.74783446647781,1.1151806364906756,99.81114258734655,6.854102046420409,1.1758326360868492,0.09551098376313276,3.4568
2017-04-26,12.5645,3.2504,4.507,9.750491698113207,1.1180036180903667,100.0,6.8518624452310775,1.1775035825016456,0.09541984732824427,3.4519
2017-04-27,12.5661,3.242,4.5085,9.753145428840716,1.1208116898985814,100.0,6.8496285439486835,1.179161900620232,0.19065776930409914,3.4494
2017-04-28,12.1085,3.2687,4.7919,9.755363276836158,1.1226107355224084,96.51600753295668,6.847668802478256,1.1803081593682294,2.1904761904761907,3.4668
2017-05-02,12.1249,3.2753,4.7605,9.757592380056444,1.1244315329255592,96.61335841956726,6.8456829139887425,1.1815002184809447,1.8078020932445291,3.487
2017-05-04,12.0975,3.2385,4.7145,9.759791541353383,1.1261878062003967,96.2406015037594,6.84365707471689,1.1827633552386507,1.0456273764258555,3.5517
2017-05-05,11.9707,3.2625,4.7945,9.761867511737089,1.127693909980222,95.2112676056338,6.841711056602249,1.1838853604046558,2.4691358024691357,3.5592
2017-05-08,12.0236,3.251,4.7128,9.763989212007505,1.1292895169618875,95.49718574108817,6.839691216890103,1.1851374389977276,1.0436432637571158,3.6042
2017-05-09,12.1762,3.2107,4.5802,9.766249953139644,1.131171017545472,96.81349578256795,6.837549519054188,1.186614504449312,0.37914691943127965,3.6325
2017-05-10,12.2454,3.1952,4.4763,9.768571254681648,1.1331810353115728,97.65917602996255,6.835313487312661,1.1882741378793864,0.0946969696969697,3.69
2017-05-11,12.2904,3.1097,4.4964,9.77093030869972,1.135271601200366,97.84845650140318,6.833100702556451,1.189886629295953,0.1892147587511826,3.64
2017-05-12,12.3108,3.1043,4.4704,9.773304018691588,1.137391912750154,98.03738317757009,6.830867526089006,1.1915382147954794,0.0945179584120983,3.6525
2017-05-15,12.4349,3.133,4.4319,9.775789169000934,1.1397634639673782,98.97292250233427,6.8286022120889225,1.1932526707531939,0.09442870632672333,3.61
2017-05-16,12.4315,3.2634,4.4216,9.77826651119403,1.142112915022071,98.88059701492537,6.8263314552850645,1.194976669240671,0.09433962264150944,3.6225
2017-05-17,12.3678,3.2819,4.458,9.780679869524697,1.1443119684435643,98.3224603914259,6.824099286147191,1.1966222890830889,0.2827521206409048,3.6275
2017-05-18,12.2911,3.2978,4.5285,9.783017318435755,1.146339028899676,97.48603351955308,6.821937704898464,1.1981293940836393,0.847457627118644,3.6075
2017-05-19,12.3038,3.3792,4.5026,9.785362232558139,1.148379848837255,97.67441860465115,6.819755825589999,1.1996746903951925,0.658513640639699,3.625
2017-05-22,12.4223,3.1074,4.3899,9.787812918215614,1.150655008423977,98.60594795539033,6.817472126505797,1.2014202250835841,0.09398496240601503,3.6601
2017-05-23,12.4335,3.1054,4.3703,9.790269452181986,1.1529400621107084,98.88579387186628,6.815174312302506,1.2031928810804782,0.09389671361502347,3.6725
2017-05-24,12.441,3.1031,4.3778,9.792728385899814,1.1552270865081156,99.07235621521335,6.81288784484256,1.204941000997921,0.18761726078799248,3.6601
2017-05-25,12.5594,3.0771,4.3146,9.79529249304912,1.1577565589995895,99.81464318813717,6.810546431679634,1.206799959727578,0.09372071227741331,3.6476
2017-05-26,12.5602,3.0772,4.3116,9.797852592592593,1.160271960749152,99.81481481481481,6.808206594196787,1.2086538618550065,0.09363295880149813,3.6501
2017-05-29,12.5875,3.0705,4.2945,9.800433209990748,1.1628318962132225,100.0,6.805855138074994,1.2105300273537911,0.09354536950420954,
2017-05-31,12.5505,3.0799,4.3576,9.802974861367838,1.1652946269002733,99.53789279112755,6.803567049160906,1.2122747297710894,0.3738317757009346,3.6102
2017-06-01,12.6246,3.107,4.3058,9.80558024007387,1.1679051069790674,100.0,6.801234867042174,1.2141077563889893,0.18674136321195145,3.6152
2017-06-02,12.6696,3.2065,4.2652,9.808222324723246,1.1705998616944302,100.0,6.798869162875158,1.2160084300891412,0.09328358208955223,3.6277
2017-06-05,12.6357,3.07,4.2989,9.810828294930875,1.1732018644180748,99.90783410138249,6.796539275491304,1.217833175519579,0.27958993476234856,3.6152
2017-06-06,12.6923,3.0548,4.246,9.81348158379374,1.1759139193807664,100.0,6.794164471696619,1.2197491976420816,0.0931098696461825,3.6328
2017-06-07,12.6518,3.0628,4.2613,9.81609273229071,1.1785185182190658,99.81600735970562,6.791808318699692,1.221624484435513,0.18604651162790697,3.6427
2017-06-08,12.6823,3.1203,4.2372,9.818727113970589,1.1811744468174294,99.90808823529412,6.789434147399785,1.2235353956598876,0.09293680297397769,3.6478
2017-06-09,12.6493,3.0192,4.2753,9.821326354453626,1.1837408951008968,99.63269054178146,6.787099761004799,1.2253621372439027,0.4642525533890436,3.6303
2017-06-12,12.4916,3.0173,4.4213,9.82377614678899,1.1859563978400762,98.53211009174312,6.784905141560453,1.2269094149846511,1.391465677179963,3.5841
2017-06-13,12.5644,3.0245,4.3836,9.826288175985335,1.1883104043099433,99.083409715857,6.782679650233706,1.2285156691170669,1.2974976830398517,3.5754
2017-06-14,12.5867,2.9667,4.4095,9.828816025641025,1.1906972822730406,99.26739926739927,6.780482261668674,1.2300663657617699,1.4814814814814816,3.5354
2017-06-15,12.421,3.0444,4.4955,9.831187648673376,1.192730040472226,97.0722781335773,6.778368494544097,1.2314580902555587,2.127659574468085,3.5554
2017-06-16,12.4545,3.0547,4.4612,9.833585557586838,1.1948176820724048,98.08043875685559,6.776226934013095,1.2329011466220134,1.9408502772643252,3.568
2017-06-19,12.5887,2.9158,4.443,9.836101643835617,1.1971680474146966,99.3607305936073,6.774072523178364,1.2343677631484162,1.8467220683287167,3.5006
2017-06-20,12.5468,2.9438,4.4821,9.838574908759124,1.1994172823914355,98.44890510948905,6.771958157382074,1.2357587865672852,2.3062730627306274,3.4881
2017-06-21,12.4658,2.9597,4.4813,9.840969826800364,1.2014893566181866,97.99453053783044,6.769846951707068,1.2371434462731068,2.3041474654377883,3.5406
2017-06-22,12.4613,3.4393,4.4641,9.843356284153005,1.203540424016545,97.90528233151184,6.767723796134593,1.2385497713691158,2.117863720073665,3.5607
2017-06-23,12.4658,2.9611,4.4762,9.845742493175614,1.2055884588175931,97.95268425841674,6.765615678566852,1.2399276853616172,2.2999080036798527,3.5457
2017-06-26,12.5576,2.9978,4.4499,9.848207818181818,1.2078086570437307,98.63636363636363,6.763487263421111,1.2413427683901783,1.9301470588235294,3.5134
2017-06-27,12.5412,2.9975,4.4653,9.850653769300635,1.2099825278524945,98.27429609445957,6.761376898624581,1.242723795284787,2.295684113865932,3.5084
2017-06-28,12.4582,3.0172,4.4935,9.85301996370236,1.2119791805564784,97.54990925589837,6.759296277616668,1.244049777313824,2.8440366972477067,3.5333
2017-06-29,12.5495,3.0572,4.4201,9.855464641885765,1.2141449080685482,98.4587488667271,6.7571521930359015,1.2454927201818071,1.5582034830430798,3.5483
2017-06-30,12.4533,2.9768,4.4617,9.85781775362319,1.2161085636859528,97.19202898550725,6.755050130588066,1.2468569768298658,2.2893772893772892,3.5683
2017-07-03,12.4537,3.1133,4.4264,9.860166968325792,1.2180617453252278,97.1945701357466,6.7529196181172635,1.2482734588146878,1.8298261665141813,3.6033
2017-07-04,12.2771,3.1664,4.5443,9.862352260397829,1.2196761319073328,94.57504520795659,6.750900770203079,1.2494867414759485,3.8391224862888484,3.6009
2017-07-05,12.3365,3.155,4.53,9.864587262872629,1.221388872068009,95.3026196928636,6.748872550321615,1.2507164784588258,3.744292237442922,3.576
2017-07-06,12.2913,3.2415,4.5698,9.866777436823105,1.2230104338901835,94.67509025270758,6.746884345439935,1.2518757629071335,4.014598540145985,3.566
2017-07-07,12.2162,3.2563,4.5962,9.868895942290353,1.2244911417422957,93.68800721370604,6.744923830995596,1.2529871957813106,4.193254329990884,3.5897
2017-07-10,12.2584,3.2814,4.5666,9.871048648648648,1.2260371247017021,94.32432432432432,6.742939929510172,1.2541390295106878,4.007285974499089,3.5911
2017-07-11,12.4442,3.2633,4.4523,9.873364716471647,1.2279121607015022,96.75967596759676,6.740855634760845,1.2554694547296839,2.1838034576888083,3.5836
2017-07-12,12.5402,3.2309,4.3995,9.875762949640288,1.229960287565,98.11151079136691,6.7387271296383355,1.2568809396150527,1.4545454545454546,3.5749
2017-07-13,12.6952,3.1936,4.3127,9.878296136567835,1.232306309977882,100.0,6.736523653589618,1.258433829026962,0.9082652134423252,3.5643
2017-07-14,12.7316,3.1862,4.2908,9.880857450628366,1.2347134533518007,100.0,6.734304303631732,1.260016515396936,0.5444646098003629,3.5637
2017-07-17,12.7777,3.1783,4.2635,9.883455515695069,1.2372022741964008,100.0,6.732064227200516,1.2616386196728069,0.3626473254759746,3.5626
2017-07-18,12.7993,3.1722,4.2278,9.886068279569892,1.239721535769978,100.0,6.729795871922255,1.2633153351219404,0.09057971014492754,3.5851
2017-07-19,12.8894,3.147,4.1682,9.88875702775291,1.2424176163682819,100.0,6.727477685612822,1.2650905918764728,0.09049773755656108,3.5901
2017-07-20,12.8917,3.1442,4.1829,9.891443023255814,1.2451022163069154,100.0,6.7251769824612735,1.2668291775273495,0.18083182640144665,3.574
2017-07-21,12.8821,3.1411,4.1798,9.89411563896336,1.2477499139895254,99.8212689901698,6.722877635593648,1.2685636949178878,0.18066847335140018,3.5829
2017-07-24,12.9551,3.1214,4.1421,9.896848660714285,1.250539101347175,100.0,6.720548413900874,1.2703571272966305,0.09025270758122744,3.5769
2017-07-25,12.9434,3.1229,4.1339,9.899566369313114,1.2532857812611036,99.9107939339875,6.7182159987395575,1.272155547611632,0.09017132551848511,3.592
2017-07-26,13.0029,3.1143,4.0736,9.902332263814618,1.2561453575867911,100.0,6.715833461803756,1.274055319195936,0.09009009009009009,3.617
2017-07-27,13.0727,3.0931,4.0474,9.905155387355299,1.2591419508643362,100.0,6.713431631505102,1.275993444558515,0.09000900090009001,3.6021
2017-07-28,12.9463,3.1075,4.1208,9.90786103202847,1.2618434356939496,99.73309608540926,6.7111001282393605,1.277784955209072,0.2697841726618705,3.6034
2017-07-31,13.0421,3.0697,4.0415,9.910647022222221,1.2647362259283834,99.91111111111111,6.708701565680296,1.2797128093689898,0.08984725965858043,3.626
2017-08-01,13.1548,3.052,3.9645,9.91352815275311,1.2678626432282558,100.0,6.706238189050421,1.281775616890214,0.08976660682226212,3.6373
2017-08-02,13.1733,3.0458,3.96,9.916420585625556,1.2710112728064493,100.0,6.7037751951588955,1.2838353231544168,0.08968609865470852,3.6311
2017-08-03,13.0939,3.1468,4.0109,9.9192375,1.2739624225546577,99.822695035461,6.701362224553915,1.2857870087334071,0.2688172043010753,3.6262
2017-08-04,13.1114,3.1401,4.0008,9.922064924712135,1.2769339532722497,99.82285208148805,6.6989445323206525,1.2877466505169468,0.26857654431512984,3.6262
2017-08-07,13.1934,3.1189,3.9169,9.924959911504425,1.2800700911167586,100.0,6.696456120395499,1.289854585010023,0.08944543828264759,3.6626
2017-08-08,13.2677,3.097,3.8833,9.927915473032716,1.2833555971150474,100.0,6.6939421292244585,1.2920154735358955,0.08936550491510277,3.6538
2017-08-09,13.2119,3.1007,3.9089,9.93081651943463,1.2864933795680145,99.91166077738515,6.691455484466222,1.2941146629570919,0.17857142857142858,3.66
2017-08-10,13.0043,3.1294,4.0523,9.933529214474845,1.289160385308756,99.20564872021183,6.689101197682577,1.2959346371940013,0.8920606601248885,3.6375
2017-08-11,12.7215,3.2104,4.2444,9.935987742504409,1.2912463778483707,98.2363315696649,6.686922319609777,1.2974096150565606,1.7825311942959003,3.6163
2017-08-14,12.9074,3.0755,4.155,9.938605726872247,1.2936848392708584,98.76651982378854,6.684667713804247,1.2990289475270689,1.335707925200356,3.5925
2017-08-15,12.8673,3.0901,4.1915,9.941183802816902,1.2960289177670183,98.41549295774648,6.682449593062428,1.3005768412983103,1.6903914590747333,3.5801
2017-08-16,12.9255,3.0629,4.1378,9.943808531222516,1.2984759471128609,98.76868953386105,6.680187682313038,1.3022085925407256,1.2444444444444445,3.5988
2017-08-17,12.8478,3.0635,4.1908,9.946360369068541,1.30075447612346,98.24253075571178,6.677976858438871,1.3037407473357843,1.7761989342806392,3.5926
2017-08-18,12.7269,3.1983,4.2623,9.948801580333626,1.3027887978813435,97.89288849868305,6.675833400711774,1.3051456027508284,2.3957409050576755,3.5951
2017-08-21,12.778,3.1808,4.2079,9.951283333333333,1.3049080584750377,98.0701754385965,6.673645516491284,1.3066329627068765,1.950354609929078,3.6181
2017-08-22,12.8657,3.1759,4.1525,9.95383759859772,1.3071841293637572,98.24715162138476,6.671412438088724,1.3082057996022676,1.41718334809566,3.6201
2017-08-24,12.7787,3.1591,4.2003,9.956311208406305,1.3092805564158183,97.98598949211909,6.669225612922274,1.3096896607084902,2.0353982300884956,3.6252
2017-08-25,12.9267,3.128,4.1032,9.958909973753281,1.3116510260455099,98.77515310586176,6.66695680159343,1.3113302699443468,1.0610079575596816,3.6327
2017-08-28,12.8702,3.1116,4.1197,9.961454807692308,1.3138975670196804,98.25174825174825,6.664706574736898,1.3129336804122822,1.1484098939929328,3.6502
2017-08-29,12.7445,3.121,4.2162,9.963885414847162,1.3158942546100163,97.55458515283843,6.662545492146663,1.3143668288858181,2.383053839364519,3.6303
2017-08-30,12.8307,3.0855,4.1635,9.9663869982548,1.318040982632562,97.90575916230367,6.660341748326428,1.3158796064951082,1.763668430335097,3.6303
2017-08-31,12.7155,3.6563,4.2379,9.968783783783783,1.3199623986805742,97.1229293809939,6.6582074384160075,1.3172620239714976,2.7312775330396475,3.6265
2017-09-01,12.6985,3.6616,4.2396,9.971161585365854,1.321842698645187,97.0383275261324,6.656078382572332,1.3186343733973844,2.8169014084507045,3.6353
2017-09-04,12.5984,3.5726,4.2921,9.973448128807659,1.323536739395459,96.25761531766753,6.653999245912198,1.3199159205785786,3.6059806508355323,3.6454
2017-09-05,12.6049,3.5711,4.2693,9.975736347826086,1.3252329389076414,96.26086956521739,6.651903728121414,1.3212266700827924,3.427065026362039,3.6641
2017-09-06,12.5544,3.5642,4.3099,9.977976715899219,1.3268340658868747,95.30842745438748,6.649847535208226,1.3224668955412242,4.038630377524144,3.6554
2017-09-07,12.5226,3.6345,4.3701,9.980185590277777,1.3283735583427418,94.70486111111111,6.647847756668569,1.3236085303757295,4.473684210526316,3.6155
2017-09-08,12.5927,3.6105,4.3406,9.982451431049435,1.3300226676103837,96.0971379011275,6.645825628923899,1.324788873818328,4.382120946538125,3.6005
2017-09-11,12.7135,3.532,4.2501,9.984818024263431,1.3318727724774613,97.05372616984403,6.643727795623615,1.3261033735344938,3.064798598949212,3.6156
2017-09-12,12.7254,3.5413,4.2402,9.987190822510824,1.3337340322434046,97.22943722943724,6.641624971655441,1.3274266052092982,2.8871391076115485,3.6181
2017-09-13,12.6798,3.5577,4.251,9.989520069204152,1.335505147827606,96.53979238754326,6.639535264512386,1.3287258814241703,3.234265734265734,3.6356
2017-09-14,12.6012,3.5845,4.3376,9.99177735522904,1.337132253212604,95.93777009507347,6.637524840700585,1.329885092534352,4.6288209606986905,3.5982
2017-09-15,12.6216,3.5597,4.3247,9.99404835924007,1.3387852210983373,96.02763385146805,6.63550666893732,1.3310577328047941,4.62478184991274,3.5982
2017-09-18,12.747,3.5432,4.223,9.996423641069887,1.3406464125098452,97.49784296807593,6.633403350132667,1.3323812831769914,2.528334786399302,3.622
2017-09-19,12.697,3.56,4.2601,9.99875172413793,1.3424101924037348,96.72413793103448,6.631336012719659,1.3336400010794391,3.397212543554007,3.6158
2017-09-20,12.7313,3.4661,4.2338,10.001105340223944,1.3442242329296277,97.24375538329026,6.629249384336091,1.3349329998904105,2.6979982593559617,3.6209
2017-09-21,12.745,3.4967,4.2128,10.00346669535284,1.3460525611395509,97.41824440619621,6.627148124001886,1.3362521030201024,2.4347826086956523,3.6334
2017-09-22,12.6387,3.5212,4.2913,10.005732588134135,1.3476889857009375,95.87274290627687,6.625118716422388,1.3374433191364417,4.25716768027802,3.6209
2017-09-25,12.4639,3.5738,4.4247,10.00784441580756,1.3490337292640893,93.21305841924399,6.62320863073105,1.3384323790856214,6.25,3.5985
2017-09-26,12.4935,3.5733,4.387,10.009978025751073,1.3504179837417973,93.56223175965665,6.62126916097326,1.3394703594134216,5.724197745013009,3.6172
2017-09-27,12.5516,3.5536,4.3436,10.01215780445969,1.3518876243185178,94.33962264150944,6.619295444195987,1.34056617613379,5.285961871750433,3.6235
2017-09-28,12.4234,3.5826,4.4357,10.014223993144816,1.3531488809535568,91.60239931448157,6.617404885369844,1.3415238976567545,6.666666666666667,3.6136
2017-09-29,12.4923,3.5644,4.3913,10.016345633561645,1.3545099969030787,93.40753424657534,6.6154791891022215,1.3425396230389297,5.968858131487889,3.6136
2017-10-03,12.823,3.4868,4.1849,10.018746535500426,1.3564146159986747,97.86142001710864,6.6133784292153575,1.3438587934087727,2.0743301642178045,
2017-10-04,12.9174,3.4664,4.1279,10.021224017094017,1.358478304113819,98.63247863247864,6.611232074785984,1.3452609484893274,1.2953367875647668,
2017-10-06,12.9502,3.4582,4.1083,10.023725277540564,1.3605907563046162,98.97523484201537,6.609072513030344,1.346687096777535,1.1216566005176878,
2017-10-09,12.8718,3.4782,4.1212,10.02615537542662,1.3625501358832008,98.12286689419795,6.606927795346697,1.3480852724895482,1.3793103448275863,3.6477
2017-10-10,12.9429,3.456,4.0792,10.028641943734016,1.364626924848241,98.72122762148338,6.604750596556562,1.3495433338212979,1.03359173126615,3.647
2017-10-11,12.9066,3.4684,4.094,10.0310933560477,1.3666270485155725,98.29642248722317,6.60258988175746,1.350970096464612,1.1187607573149743,3.654
2017-10-12,12.9374,3.5494,4.053,10.033566808510638,1.368671793069882,98.63829787234043,6.600397629064633,1.352455330115585,0.9458297506448838,3.6765
2017-10-13,12.9284,3.5542,4.0609,10.036028401360545,1.370689391555186,98.55442176870748,6.598215930070592,1.3539201074613534,1.0309278350515463,3.674
2017-10-16,13.0353,3.5248,3.9661,10.038576635514017,1.372890930942669,99.23534409515717,6.59595660309199,1.3555323261584795,0.5150214592274678,3.7054
2017-10-17,13.0255,3.5374,3.9363,10.041112224108659,1.3750624214273697,99.15110356536503,6.593675593998429,1.3571858797459908,0.34305317324185247,3.7409
2017-10-18,13.0305,3.5387,3.9377,10.043647752332484,1.377231346524732,99.1518235793045,6.591399693746503,1.358828429806018,0.42844901456726653,3.7366
2017-10-19,12.7673,3.5961,4.1158,10.04595593220339,1.3789271570615145,96.61016949152543,6.589280173460761,1.3601751573044858,1.797945205479452,3.7167
2017-10-20,12.9393,3.5549,4.0067,10.04840584250635,1.380910029789158,98.39119390347163,6.587070951755491,1.3616880903753699,0.8554319931565441,3.7217
2017-10-23,12.8562,3.4894,4.0552,10.05078130287648,1.382737638944188,97.12351945854483,6.584906959489033,1.3631155270852826,1.3675213675213675,3.7231
2017-10-24,12.7899,3.5058,4.0967,10.053096703296704,1.3844435613953499,96.7032967032967,6.58278210299075,1.3644705046857437,1.7933390264730997,3.722
2017-10-25,12.8663,3.4844,3.9954,10.055472719594595,1.3862697158898307,97.21283783783784,6.5805744390803484,1.3659789182805546,0.7679180887372014,3.7768
2017-10-26,12.6448,3.5025,4.1315,10.057657805907173,1.387723001728972,94.59915611814345,6.578486566583264,1.367266139020578,2.557544757033248,3.7769
2017-10-27,12.6759,3.478,4.0624,10.059865430016863,1.3892179793261945,94.8566610455312,6.576343392335748,1.368653413223623,1.6183986371379897,3.8266
2017-10-30,12.3312,3.5009,4.198,10.06177893850042,1.39019540518992,89.13226621735467,6.574319270299718,1.3698276908460902,3.74468085106383,3.9115
2017-10-31,12.2315,3.5089,4.2839,10.063605303030302,1.3910340853104353,87.79461279461279,6.57237163486579,1.3708717697495765,5.697278911564626,3.8917
2017-11-01,12.3919,3.4628,4.2068,10.065563498738436,1.392086150703511,89.57106812447435,6.5703618034003135,1.3720215349937288,3.908241291418862,3.863
2017-11-02,12.3793,3.4579,4.2062,10.067507815126051,1.3931152916321219,89.49579831932773,6.568354874874506,1.3731663297859045,3.904923599320883,3.8718
2017-11-03,12.4166,3.4445,4.1721,10.069480184718724,1.394191548369597,89.84047019311502,6.566322427991661,1.3743553360683756,3.307888040712468,3.8816
2017-11-06,12.4235,3.4386,4.1799,10.071455033557047,1.3952721337513259,90.18456375838926,6.564300036103533,1.3755268294500749,3.4745762711864407,3.8694
2017-11-07,12.6118,3.3868,4.0478,10.073584409052808,1.3966235362365276,94.13243922883487,6.562169214735113,1.3768912939311433,1.2701100762066047,3.8813
2017-11-08,12.5058,3.4001,4.1238,10.075621440536013,1.397810437657427,92.04355108877722,6.5601062966177395,1.378133382122719,2.622673434856176,3.8725
2017-11-09,12.6169,3.3785,4.0396,10.077748033472803,1.399156432012123,94.14225941422593,6.557975691126093,1.3794969483076036,1.098901098901099,3.8863
2017-11-10,12.6008,3.3817,4.036,10.079857608695653,1.4004713553566677,93.81270903010034,6.555845644089669,1.3808591335219655,1.097972972972973,3.9
2017-11-13,12.5807,3.4291,3.9987,10.081946867167918,1.401749631230767,93.31662489557226,6.553687715276092,1.3822721649479321,0.8438818565400843,3.95
2017-11-14,12.5439,3.4349,4.0195,10.084001919866443,1.4029672472654087,92.23706176961602,6.5515509634082365,1.3836457917528306,1.1804384485666104,3.9525
2017-11-15,12.3362,3.4235,4.1562,10.085880316930774,1.4038883354852878,88.4070058381985,6.549532976075963,1.384807756880475,3.6225779275484413,3.95
2017-11-16,12.3473,3.4298,4.1764,10.087764833333335,1.4048196221864089,88.66666666666667,6.547535389395764,1.3859346495023668,3.9562289562289563,3.9225
2017-11-17,12.4382,3.3996,4.1197,10.089721898417984,1.4058702167186363,90.09159034138217,6.545493475695684,1.3871382865244013,2.7333894028595456,3.92
2017-11-20,12.478,3.3773,4.0741,10.091708818635608,1.406971256905827,91.34775374376039,6.543416674455604,1.3884033891105747,2.1848739495798317,3.94
2017-11-21,12.7156,3.3252,3.9144,10.093889941812137,1.4084178584662965,95.59434746467166,6.541209271706271,1.3899078643269036,0.2518891687657431,3.95
2017-11-22,12.7912,3.3074,3.8329,10.096130232558139,1.409975553568478,96.67774086378738,6.538937200169604,1.3915356650221906,0.08389261744966443,3.985
2017-11-23,12.6467,3.3573,3.9221,10.098246887966805,1.4113027458400338,94.43983402489626,6.536743707126713,1.3930124187312682,0.5029337803855826,3.9851
2017-11-24,12.7151,3.3466,3.9184,10.100416749585406,1.4127269326214242,95.35655058043118,6.534550789449052,1.3944875067239975,0.5025125628140703,3.9463
2017-11-27,12.6367,3.3507,3.9634,10.10251806130903,1.4140258036578817,94.11764705882352,6.532399198830267,1.3958852261179868,0.9205020920502093,3.9501
2017-11-28,12.6852,3.3268,3.9231,10.104656043046356,1.415390737469738,94.86754966887418,6.5302175105369304,1.3973382930962581,0.6688963210702341,3.9601
2017-11-29,12.643,3.3361,3.9994,10.10675558312655,1.4166858761500545,94.12737799834574,6.528103210193959,1.3986670571703064,1.4202172096908938,3.9101
2017-11-30,12.4581,3.3871,4.1368,10.108698842975206,1.4177114275713594,90.3305785123967,6.526107130719673,1.3997877830385013,4.006677796327212,3.8901
2017-12-01,12.3905,3.4089,4.1855,10.110583071841454,1.4186408529751091,88.19157720891825,6.5241549980001405,1.4008343950852378,5.170975813177648,3.8852
2017-12-04,12.4616,3.3784,4.1345,10.11252285478548,1.419661247064452,90.51155115511551,6.52216361883514,1.4019473831788494,4.0,3.8902
2017-12-05,12.3488,3.3912,4.2228,10.114366446826052,1.4205266307058153,87.79884583676835,6.520249077936859,1.4029321112582873,6.078268109908409,3.8752
2017-12-06,12.0749,3.4655,4.4064,10.115981383855026,1.4210549781837478,84.43163097199341,6.518490468055049,1.4036721123416631,9.650582362728786,3.8752
2017-12-07,12.1269,3.4462,4.3534,10.117636460905349,1.4216401378836305,84.93827160493828,6.516690725355086,1.4044753281456415,8.89443059019119,3.8927
2017-12-08,12.279,3.4001,4.2338,10.119413898026316,1.422405411148223,86.51315789473685,6.5147946367127645,1.4054314583223326,6.353820598006645,3.9102
2017-12-11,12.4269,3.3588,4.1168,10.121309942481512,1.4233573605160292,88.98931799506984,6.51280459966985,1.4065441765674547,3.319502074688797,3.9303
2017-12-12,12.3341,3.3881,4.1698,10.123126683087028,1.4241838372675004,87.27422003284072,6.51086180978621,1.407577449113395,4.809286898839138,3.9378
2017-12-13,12.5407,3.338,4.0437,10.12510992616899,1.4252811652873818,91.63248564397047,6.508817765204779,1.4087837304942645,2.071251035625518,3.9303
2017-12-14,12.5397,3.3388,4.0643,10.127089098360655,1.4263717148492991,91.47540983606557,6.506794157783252,1.4099543639935348,2.7317880794701987,3.9104
2017-12-15,12.3821,3.3788,4.1858,10.128935954135954,1.4272460373328753,87.87878787878788,6.504874394211885,1.410949705927468,5.624483043837883,3.8904
2017-12-18,12.467,3.3573,4.1308,10.130849263502455,1.428227595711146,90.67103109656301,6.502912349257991,1.412015577733074,4.049586776859504,3.8904
2017-12-19,12.5695,3.3338,4.0553,10.132843254292723,1.4293442001503862,92.8045789043336,6.5008911995063325,1.4131824014595722,2.559867877786953,3.9005
2017-12-20,12.553,3.3358,4.0657,10.134820506535949,1.4304324714534056,92.15686274509804,6.498881965843374,1.4143286645686852,2.8877887788778875,3.9005
2017-12-21,12.6165,3.3233,4.0256,10.136846367346939,1.4316040557863543,93.63265306122449,6.496842986481591,1.415526514004434,1.8136850783182192,3.9005
2017-12-22,12.7075,3.2972,3.9914,10.138943148450245,1.4329006195318221,95.26916802610114,6.4947791948947025,1.4167678913372135,1.2355848434925865,3.878
2017-12-27,12.7008,3.2962,3.9779,10.141031051344743,1.4341810838968154,95.19152404237978,6.492707689384501,1.4180227973210302,1.2345679012345678,3.8956
2017-12-28,12.8088,3.2637,3.9214,10.143203501628664,1.4356152957268407,96.82410423452768,6.490593127139942,1.4193546996496542,0.575657894736842,3.8857
2017-12-29,12.8134,3.2602,3.9236,10.14537615947925,1.4370494125867765,96.826688364524,6.488483847659958,1.4206767629152786,0.8216926869350863,3.8807
2018-01-02,13.0959,3.1973,3.7352,10.147774959349594,1.4389246068287198,99.51219512195122,6.486223351890122,1.422281287979931,0.08210180623973727,3.9008
2018-01-03,13.1101,3.1916,3.7115,10.150181397238017,1.440813976632351,99.51259138911455,6.483947122725323,1.4239154909022897,0.08203445447087777,3.9162
2018-01-04,13.2304,3.1666,3.6265,10.152681574675324,1.4428980342356434,99.91883116883116,6.481604952952598,1.4256789791356483,0.08196721311475409,3.9319
2018-01-05,13.2677,3.1555,3.6159,10.155207948094079,1.4450361679278851,99.95944849959449,6.4792579382491144,1.4274509539648925,0.08190008190008191,3.9212
2018-01-08,13.3155,3.1402,3.599,10.157768962722853,1.4472471657212598,100.0,6.4769009350263245,1.4292417584278376,0.08183306055646482,3.911
2018-01-09,13.3733,3.1257,3.5867,10.160372631578948,1.44954951156338,100.0,6.474537729028756,1.4310437785703294,0.08176614881439084,3.8909
2018-01-10,13.3897,3.1223,3.5483,10.162985355987054,1.4518692460442744,100.0,6.472147011929876,1.4329003027118354,0.08169934640522876,3.9201
2018-01-11,13.3844,3.1268,3.5168,10.165589571544059,1.4541673638595938,99.91915925626516,6.469734483756872,1.4348000665035512,0.0816326530612245,3.9546
2018-01-12,13.5446,3.095,3.4493,10.168318982229403,1.4567463402589214,100.0,6.467270834096386,1.4368045423041838,0.08156606851549755,3.9337
2018-01-15,13.5019,3.1081,3.4414,10.171009523809525,1.4592323457808392,99.91928974979822,6.464804761696959,1.4388122686055493,0.08149959250203749,3.965
2018-01-16,13.7621,3.0518,3.3067,10.17390556451613,1.4622015494076035,100.0,6.462233015148346,1.4410448155738405,0.08143322475570033,3.9596
2018-01-17,13.8008,3.0439,3.2863,10.176828122481869,1.4652309742452225,100.0,6.459648854843099,1.4433020917240098,0.08136696501220504,3.9597
2018-01-18,14.013,3.0288,3.1565,10.179916827697262,1.4686771215915864,100.0,6.4569633679692435,1.4457837614169142,0.08130081300813008,3.9797
2018-01-19,13.973,3.0144,3.1813,10.18296838294449,1.4720199219198475,99.9195494770716,6.454302390416059,1.4482064866140112,0.16246953696181965,3.9754
2018-01-22,14.0444,2.9954,3.1681,10.186072427652732,1.4754922015668035,100.0,6.451635018345916,1.4506405764103205,0.16233766233766234,3.9522
2018-01-23,14.3082,2.9425,3.0476,10.189383373493976,1.4795153798624927,100.0,6.44887424379738,1.453286460316989,0.08110300081103002,3.9414
2018-01-24,14.3485,2.9434,3.0187,10.192721348314608,1.4836040069370866,100.0,6.4460945239887915,1.4559729363000098,0.08103727714748785,3.9507
2018-01-25,14.2032,2.9707,3.0972,10.195937449879711,1.4873478113196235,99.83961507618284,6.443382868503781,1.458497309840386,0.24291497975708504,3.9435
2018-01-26,14.4612,2.9228,2.9786,10.199355128205129,1.4916422251042902,100.0,6.440579646118259,1.461231690869861,0.08090614886731393,3.9365
2018-01-29,14.4256,2.935,2.9953,10.20273883106485,1.4958288714848234,99.919935948759,6.437794456428592,1.4639193777260358,0.16168148746968472,3.9368
2018-01-30,14.2029,2.9709,3.1116,10.20593896,1.499501517249686,99.6,6.435107708079297,1.4663759092195012,0.48465266558966075,3.9292
2018-01-31,14.3212,2.9503,3.0687,10.209228537170263,1.5034074902485957,99.76019184652279,6.432390671995294,1.4688982596527496,0.40355125100887806,3.914
2018-02-01,14.2417,3.0079,3.115,10.212449361022365,1.507118538639998,99.60063897763578,6.4297153569372325,1.4713225190419943,0.6451612903225806,3.9066
2018-02-02,14.2402,3.0196,3.1132,10.215663846767757,1.510804530452445,99.52114924181963,6.427042902983214,1.4737373090295711,0.6446414182111201,3.9092
2018-02-05,14.0793,3.0569,3.1859,10.218744896331739,1.5141349646679205,99.28229665071771,6.424433287119299,1.4760095767910921,1.0466988727858293,3.9167
2018-02-06,13.3024,3.2281,3.6349,10.221201992031872,1.5160305778447103,98.32669322709164,6.422189093002549,1.477534023308713,1.9308125502815767,3.8825
2018-02-07,13.1697,3.2133,3.7232,10.223549522292995,1.5177071505690083,97.77070063694268,6.420019487622323,1.478919509341017,2.090032154340836,3.87
2018-02-08,13.1937,3.1964,3.6993,10.225912410501193,1.519412734945337,97.9315831344471,6.417834170764794,1.4803334030449238,2.0080321285140563,3.8801
2018-02-09,12.7737,3.2992,3.9486,10.227937678855326,1.520505101561456,94.0381558028617,6.415852441895802,1.4813904522489247,3.2905296950240768,3.88
2018-02-12,12.7374,3.3049,3.9759,10.229930897537729,1.5215444032556833,93.64575059571088,6.4138957839632464,1.4824062054836027,3.6888532477947074,3.875
2018-02-13,12.9018,3.2604,3.8809,10.23205142857143,1.5228004717988004,95.63492063492063,6.411866139905584,1.4835444983457897,2.403846153846154,3.87
2018-02-14,13.1976,3.1861,3.7069,10.234403172085646,1.5244838476047207,97.9381443298969,6.409700434429278,1.484922764033505,2.0816653322658127,3.8702
2018-02-15,13.4717,3.068,3.5528,10.236968383518224,1.5265998854721843,98.6529318541997,6.407414914081735,1.4865247724553141,1.6,
2018-02-20,13.1305,3.089,3.7457,10.239259382422803,1.5281642005637504,97.38717339667458,6.405287244286306,1.4878334016163524,2.478017585931255,
2018-02-21,13.4067,3.1923,3.5888,10.241765268987342,1.5301533436396693,98.57594936708861,6.403037653835598,1.4893659803674955,1.7571884984025559,
2018-02-22,13.1886,3.2432,3.7071,10.244094782608695,1.5317890309298858,97.54940711462451,6.4008860675196875,1.4907168130353388,2.314445331205108,3.8752
2018-02-23,13.3397,3.0481,3.6262,10.246539968404424,1.5336517229773712,98.26224328593996,6.398673399204281,1.4921792996144516,1.9936204146730463,3.8702
2018-02-26,13.4047,2.872,3.6149,10.249032596685081,1.535609680377349,98.50039463299132,6.396455253069457,1.4936514907138116,1.9123505976095616,3.8452
2018-02-27,13.0819,2.8983,3.824,10.251266719242903,1.5370625797647937,96.68769716088327,6.394407119906185,1.4948187321715958,2.8662420382165608,3.8201
2018-02-28,12.8041,2.9436,3.9898,10.25327840819543,1.5381258346564137,93.85342789598108,6.392494146859323,1.4957612441488617,4.534606205250596,3.8202
2018-03-01,12.8961,2.9178,3.9342,10.25535937007874,1.5393061764026692,94.96062992125984,6.390540017966748,1.496770939481476,3.815580286168521,3.8201
2018-03-02,12.6887,2.9639,4.0458,10.257273878835562,1.5402124009146811,91.58143194335169,6.388677635108951,1.4976338450505735,5.718824463860207,3.8352
2018-03-05,12.4627,3.0412,4.1786,10.259007704402515,1.540847194963471,86.87106918238993,6.386923605239816,1.4983325780274592,8.968253968253968,3.8453
2018-03-06,12.7502,2.9776,4.0177,10.26096465043205,1.54182240427968,93.08719560094265,6.385044760192045,1.4992224834495247,5.233941316415543,3.8253
2018-03-07,12.6286,2.9768,4.0982,10.262823076923077,1.5426428627402786,90.42386185243329,6.383232680350371,1.5000092266531637,7.052297939778129,3.8203
2018-03-08,12.7887,2.9363,3.9991,10.264804156862745,1.5436581788567505,93.49019607843138,6.381345006019136,1.5009140842143514,4.908946951702296,3.8203
2018-03-09,12.9169,2.9179,3.914,10.266882601880878,1.544836893444159,95.21943573667711,6.379392992565007,1.5019232120945327,3.2436708860759493,3.8278
2018-03-12,13.1772,2.8586,3.7646,10.26916162881754,1.5463763046095698,97.33750978856696,6.3773259625313585,1.5031269733575114,2.8458498023715415,3.8243
2018-03-13,13.1956,2.8758,3.7421,10.271451486697966,1.5479355442386804,97.57433489827856,6.375244425436152,1.5043560140590653,2.764612954186414,3.8362
2018-03-14,13.1367,2.8724,3.771,10.273691712275214,1.5494014371043823,96.95074276778733,6.373188983900685,1.5055395998637928,2.999210734017364,3.8413
2018-03-15,13.1324,2.8601,3.7891,10.275925078125,1.5508542365683555,96.875,6.371151058834518,1.5066930460028563,3.0757097791798107,3.8257
2018-03-16,13.0539,2.8705,3.8451,10.278093676814988,1.552189072674219,96.25292740046838,6.369160474863805,1.5077663550582503,3.309692671394799,3.8154
2018-03-19,13.0399,2.873,3.8584,10.280247971918875,1.5534982137400037,96.09984399375975,6.367183498111944,1.5088171331675082,3.385826771653543,3.8104
2018-03-20,12.7793,2.8666,4.0346,10.282195791114574,1.5544579702708188,92.90724863600936,6.365348263258984,1.5096408445373477,6.058221872541306,3.7906
2018-03-21,12.6179,2.8777,4.1622,10.284014875389408,1.5552180653074914,89.56386292834891,6.363616228460825,1.510310143703035,9.355345911949685,3.763
2018-03-22,12.406,2.9235,4.3126,10.285666225680933,1.5557385336654939,83.81322957198444,6.36200506096007,1.5108099833622597,13.35428122545169,3.748
2018-03-23,12.0807,3.0133,4.5772,10.287062052877138,1.5559382825249113,79.78227060653188,6.360604115072346,1.5110438843703637,17.346938775510203,3.7005
2018-03-26,12.1503,2.99,4.4995,10.28850979020979,1.5561999379569291,80.4972804972805,6.359144425570328,1.5113495084808277,16.627450980392155,3.7307
2018-03-27,12.1894,2.9591,4.4606,10.289985636645962,1.5564964644129524,80.66770186335404,6.357656538089474,1.5116910517126263,15.673981191222571,3.7432
2018-03-28,11.8658,3.0371,4.687,10.291208145849495,1.5565110639849529,78.277734678045,6.356348271419083,1.5118215087020956,18.010963194988253,3.7406
2018-03-29,11.8701,3.0325,4.6789,10.292432093023256,1.5565280568548165,78.29457364341084,6.355035714086204,1.5119576302419853,17.918622848200314,3.7456
2018-04-03,11.9101,3.0928,4.645535128168529,10.2936851278079,1.5565758403961782,78.62122385747483,6.353699122541311,1.5121215714789629,17.74824081313526,3.7507
2018-04-04,11.6931,3.1663,4.828652064892971,10.29476826625387,1.5564599584403882,77.0123839009288,6.352507679527524,1.5121312432569867,20.078125,3.7234
2018-04-06,11.8319,3.1421,,10.295957076566125,1.556444648822257,78.0355761794277,6.352507679527524,1.5121312432569867,,
2018-04-09,11.9787,3.0998,4.6522513018941964,10.297257496136012,1.556545665299448,78.82534775888718,6.351180391176522,1.5122866461263234,17.798594847775178,3.6959
2018-04-10,12.1902,3.0484,4.487410856261587,10.298719227799227,1.5568327883548359,80.84942084942085,6.349726592787353,1.5125919449112026,16.380655226209047,3.7159
2018-04-11,12.2406,3.0428,4.458634173161446,10.300217592592594,1.5571658777511366,81.55864197530865,6.348252631431448,1.5129231134425667,15.58846453624318,3.7109
2018-04-12,12.2181,3.0473,4.473678616969904,10.301696299151889,1.5574754736419827,81.18735543562067,6.346792682822054,1.5132377000187027,16.121495327102803,3.7109
2018-04-13,12.1977,3.0521,4.492066886380219,10.303157010785824,1.557763913702255,80.73959938366718,6.3453493164434995,1.5135327178616127,16.57587548638132,3.7062
2018-04-16,12.0066,3.0972,4.672652519447636,10.304468360277136,1.557880748348086,78.82986913010008,6.344048619089693,1.5136624278852546,18.195956454121305,3.6561
2018-04-17,11.9004,3.1256,4.751878888104603,10.305696000000001,1.557909891745789,78.07692307692308,6.3428115019716005,1.5137245032124775,19.425019425019425,3.6512
2018-04-18,11.9891,3.1052,4.839609659607476,10.306989930822443,1.5580096959916716,78.55495772482706,6.341644419795852,1.5137159119060375,20.652173913043477,3.5013
2018-04-19,12.2001,3.0616,4.690254125785853,10.308443932411674,1.558294043387916,80.79877112135176,6.340363279148831,1.5138270299229633,18.541505042668735,3.5064
2018-04-20,12.0554,3.3435,4.773537908323242,10.309784650805833,1.5584470144844487,79.04834996162703,6.339148685838113,1.513868345255325,19.844961240310077,3.5215
2018-04-23,11.9845,3.3642,4.74221114356043,10.311068941717792,1.558538971431072,78.37423312883436,6.337911708655869,1.5139339486851238,19.364833462432223,3.6019
2018-04-24,12.1515,3.3233,4.643936695058223,10.312479233716475,1.5587738596581056,80.3065134099617,6.336600582484354,1.5140810104452402,17.879256965944272,3.5855
2018-04-25,12.0046,3.3629,4.7183401129566995,10.313774885145483,1.5588797881498626,78.63705972434916,6.335349027596862,1.514163834757415,19.02552204176334,3.6118
2018-04-26,11.6535,3.3954,4.946712970352255,10.314799923488906,1.5587235521329532,75.59296097934201,6.334275893085852,1.5140704651192467,22.179289026275114,3.6344
2018-04-27,11.59,3.3762,4.991727696289905,10.3157748470948,1.5585261875208976,74.61773700305811,6.33323917633157,1.513945157687535,22.857142857142858,3.6364
2018-04-30,11.7428,3.3226,,10.316865011459129,1.5584295822280745,76.62337662337663,6.33323917633157,1.513945157687535,,
2018-05-02,11.7026,3.3266,4.878609633756601,10.31792282442748,1.5583046944234762,76.41221374045801,6.332116776993164,1.5138998693178911,21.141975308641975,3.6665
2018-05-03,11.5282,3.3635,5.0276810829097345,10.318845995423342,1.558068580229721,73.83676582761251,6.331111043998497,1.5137492013233405,23.36160370084811,3.6467
2018-05-04,11.3979,3.4018,5.141646004088473,10.319668445121952,1.5577593536983718,71.95121951219512,6.330194661070985,1.5135258341681588,23.651771956856702,3.6319
2018-05-07,11.4297,3.3963,5.097336022817746,10.320513861386138,1.5574671050054927,72.35338918507236,6.329245578208589,1.5133294932019323,23.479599692070824,3.6518
2018-05-08,11.5876,3.3514,4.937714736442404,10.321478158295282,1.5572664046513223,74.50532724505328,6.328175169868769,1.5132391909958829,22.153846153846153,3.6922
2018-05-09,11.6506,3.3363,4.875848931385507,10.322488897338403,1.5571052830567078,75.43726235741445,6.327058854543262,1.513192900766622,21.06072252113759,3.7074
2018-05-10,11.7623,3.3023,4.809338605544833,10.323582978723405,1.557019123967409,76.82370820668693,6.325893170788271,1.5131959342008054,20.43010752688172,3.6924
2018-05-11,11.865,3.2725,4.739950021070374,10.324753378891419,1.5570068966844839,77.52467729688686,6.324676023321105,1.5132526162193023,19.2632386799693,3.6882
2018-05-14,12.0164,3.2779,4.628259988016378,10.326036874051594,1.5571129354575663,78.90743550834598,6.323375090778693,1.5134010132603473,17.71472392638037,3.6937
2018-05-15,11.8707,3.3852,4.70900304362843,10.327207960576194,1.5571030939554915,77.63457164518574,6.322138024075897,1.5134804590863158,18.773946360153257,3.7151
2018-05-16,11.7802,3.3564,4.781220223765301,10.328308712121212,1.5570264677568273,76.81818181818181,6.320958148271677,1.5135011981550814,20.137825421133233,3.7076
2018-05-17,11.7472,3.3473,4.800666848270227,10.329382816048447,1.5569261639233551,76.45722937168811,6.319794956764407,1.5135059580008852,20.657995409334355,3.712
2018-05-18,11.8162,3.3149,4.753057634434081,10.330507488653554,1.5568739183591773,77.15582450832072,6.3185971453558984,1.5135468958967957,19.724770642201836,3.7099
2018-05-21,11.833,3.1427,4.757042280064227,10.331643159486017,1.5568331168871052,77.32426303854876,6.3174042081020465,1.5135836822796214,19.786096256684495,3.6939
2018-05-23,11.6141,3.2377,4.970223779716035,10.332611782477342,1.5566438325746148,74.47129909365559,6.316375826095644,1.5134632853267476,23.129770992366414,3.64
2018-05-24,11.6592,3.382,4.926817798819815,10.333612981132076,1.5564827054968287,75.32075471698113,6.315315903878043,1.513372268210615,22.50190694126621,3.6501
2018-05-25,11.5664,3.4631,5.033132466454557,10.334542684766214,1.5562636817946454,73.68024132730015,6.314338629916592,1.5132091922337392,24.085365853658537,3.6126
2018-05-28,11.6439,3.4313,4.978087806490952,10.335529389600602,1.5560920557582116,74.7550866616428,6.313320921749473,1.5130819509778137,23.305407463823304,3.6101
2018-05-29,11.5315,3.4652,5.071798712223043,10.336429969879518,1.5558519795241281,73.19277108433735,6.312376079885299,1.5128935234612018,24.277016742770165,3.6001
2018-05-30,11.3603,3.5164,5.204984438791229,10.337200376222725,1.5555198997304205,70.27840481565086,6.311533956964315,1.5126262248567637,24.94296577946768,3.5976
2018-05-31,11.5258,3.5151,5.063287336236964,10.338094060150375,1.5552762816773644,73.00751879699247,6.3105854412950695,1.5124425764799012,24.240121580547115,3.6129
2018-06-01,11.561,3.5089,5.029570781074302,10.339012847483096,1.5550529621460203,73.55371900826447,6.309612765015478,1.512279975674373,24.06985573272589,3.6202
2018-06-04,11.7817,3.2516,4.834539460349525,10.340095945945945,1.554971271911492,76.87687687687688,6.308493589518767,1.5122516789052651,21.16843702579666,3.6532
2018-06-05,11.8111,3.2632,4.80641191590961,10.341199474868718,1.5549095886881865,77.19429857464365,6.307354786127099,1.5122435656305058,20.697498104624714,3.6602
2018-06-06,11.7512,3.2378,4.849569215058887,10.342256446776613,1.5548056602286735,76.38680659670165,6.306250403118714,1.5122026486020999,21.363636363636363,3.6602
2018-06-07,11.8511,3.3659,4.767835287863575,10.343386666666667,1.5547713293917595,77.60299625468164,6.3050858193827155,1.5122222149133198,19.984859954579864,3.6702
2018-06-08,11.6314,3.4407,4.952117335832316,10.344350748502995,1.5545884795735447,74.55089820359282,6.304062393903479,1.5121077431335725,23.07110438729198,3.6453
2018-06-11,11.6608,3.3384,4.925540944017563,10.345335377711294,1.554423686635706,75.31787584143605,6.303020427577034,1.512010868943391,22.600151171579743,3.6502
2018-06-12,11.6767,3.3342,4.87876347683849,10.346330418535127,1.5542686110708812,75.48579970104635,6.301944704804573,1.5119461288586107,21.75226586102719,3.6853
2018-06-13,11.5244,3.4534,5.01454133143591,10.347210231516057,1.554021388730438,72.51680358476476,6.300973079617125,1.5117889261755013,24.30188679245283,3.6627
2018-06-14,11.4207,3.4638,5.133330716155752,10.348011343283583,1.5537179906304222,70.82089552238806,6.300092504682388,1.5115586556016458,25.037707390648567,3.6227
2018-06-15,11.3653,3.4925,5.19591186858244,10.34876994780015,1.5533868030947728,69.79865771812081,6.2992604167878135,1.5112927799191789,25.395629238884705,3.6028
2018-06-19,11.037,3.5734,5.50013308870164,10.349282786885245,1.5529214976402894,63.785394932935915,6.298658664281725,1.5108826881880677,29.367469879518072,3.5603
2018-06-20,11.1048,3.5487,5.399714905266192,10.349845346239762,1.5524800253962079,65.15264333581534,6.297982258142511,1.5105152874960752,28.06621519939804,3.6054
2018-06-21,10.9673,3.5755,5.5427144611709345,10.350304761904763,1.551993681447867,62.27678571428571,6.297414387618471,1.5100892273136948,30.0,3.5753
2018-06-22,10.9691,3.5691,5.556118219361663,10.350764832713756,1.5515083054254486,62.30483271375464,6.296857440835408,1.5096584883468454,30.35311795642374,3.5604
2018-06-25,10.8342,3.2091,5.6497308283029675,10.351123997028232,1.5509877922440618,60.77265973254086,6.296371610045219,1.5091957781757444,32.05705705705706,3.5803
2018-06-26,10.7846,3.22,5.6920811305009,10.35144580549369,1.5504569188361486,59.98515219005197,6.295918278852763,1.5087203034310506,33.083270817704424,3.5804
2018-06-27,10.5965,3.2187,5.884178280564336,10.351627596439169,1.5498960777388782,58.6053412462908,6.295609628179384,1.5081968100995173,37.70614692653673,3.5529
2018-06-28,10.6289,3.2275,5.877911302204367,10.351833135656042,1.5493398884205083,58.710155670867316,6.295296745538204,1.5076751464655755,37.67790262172285,3.5304
2018-06-29,10.8199,3.211,5.7666295954676094,10.352179851851853,1.548818304986325,60.44444444444444,6.29490103659354,1.5071801413782246,35.029940119760475,3.4756
2018-07-03,10.6638,3.1579,5.88202020855605,10.35241051073279,1.5482681824317053,58.91931902294597,6.294592225203833,1.506658675290585,37.77112939416604,3.4955
2018-07-04,10.5344,3.1251,5.982009599027947,10.352545118343196,1.5477034003339132,58.13609467455622,6.29435860590176,1.5061197685884358,40.582959641255606,3.5107
2018-07-05,10.4836,3.3583,6.038208077378,10.352641980783444,1.547135441625678,57.72357723577236,6.294167306029823,1.5055735201734821,42.1209858103062,3.5005
2018-07-06,10.5173,3.3454,5.982243725100549,10.352763589364844,1.5465704846289312,57.90251107828656,6.293934527238084,1.5050357384347564,40.59701492537313,3.5259
2018-07-09,10.663,3.6608,5.835023764419018,10.35299254612546,1.546022644381622,58.96678966789668,6.29359231190414,1.5045266253081497,36.763609246830725,3.5432
2018-07-10,10.6684,3.6672,5.830376810018373,10.353225147492624,1.545476189719059,59.070796460176986,6.293247143869947,1.504019081599972,36.58718330849479,3.5431
2018-07-11,10.5171,3.6912,5.997624538133136,10.3533459100958,1.544913039034772,57.77450257921887,6.293027022793449,1.5034806545387196,41.17647058823529,3.5107
2018-07-12,10.5682,3.6488,5.946549312087205,10.35350412371134,1.5443551124945787,58.39469808541974,6.292769226877746,1.5029509130963052,39.657738095238095,3.5158
2018-07-13,10.5741,3.6435,5.971269632403704,10.353666445916115,1.54379840127832,58.42531272994849,6.292530193722003,1.5024176477307203,40.520446096654275,3.4858
2018-07-16,10.5688,3.6427,5.98101212625842,10.353824632352941,1.5432417417815862,58.38235294117647,6.292298753850187,1.5018834241968413,40.63893016344725,3.4808
2018-07-17,10.4297,3.6919,6.107203490033269,10.353880382072006,1.542676056186862,57.237325495958856,6.292161340885216,1.5013342930615434,44.394951744617664,3.4808
2018-07-18,10.4097,3.6975,6.135624776890783,10.353921365638767,1.542110365911651,57.12187958883994,6.292045215837742,1.5007833666362238,45.103857566765576,3.4708
2018-07-19,10.3631,3.7145,6.208722217290194,10.353928099779898,1.5415445776831833,57.07997065297139,6.29198344934512,1.5002287197678879,46.33061527057079,3.4409
2018-07-20,10.4641,3.6888,6.042983596295906,10.354008870967741,1.5409822769886574,57.40469208211144,6.291799005009528,1.499688277355522,42.592592592592595,3.5135
2018-07-23,10.4711,3.6897,6.0314950234454825,10.354094652014652,1.5404209690244484,57.509157509157504,6.29160632996766,1.4991498608592082,41.968911917098445,3.5186
2018-07-24,10.6359,3.6377,5.840619237676172,10.354300951683747,1.5398758853573526,58.93118594436311,6.291272759633124,1.4986454933191105,36.612426035502956,3.5615
2018-07-25,10.7477,3.599,5.7429162723187295,10.35458873445501,1.5393492971573226,60.131675201170445,6.290867470285515,1.4981656865109414,33.776792313377676,3.5614
2018-07-26,10.6905,3.6189,5.8179994340769845,10.354834283625731,1.5388133480345323,59.64912280701754,6.290518232444889,1.4976674411981212,36.04135893648449,3.5361
2018-07-27,10.7009,3.6309,5.823808363782485,10.355087070854639,1.5382796385951878,59.75164353542732,6.290173797117462,1.4971683408594876,36.162361623616235,3.5212
2018-07-30,10.6661,3.6448,5.854198073335146,10.35531408759124,1.537741061018772,59.197080291970806,6.289852281096974,1.4966629805882008,37.24188790560472,3.5213
2018-07-31,10.6097,3.6688,5.944137191438024,10.355499635302698,1.5371954904514238,58.64332603938731,6.289597516845199,1.4961408316979057,39.64627855563744,3.4812
2018-08-01,10.5272,3.7006,6.035402067026369,10.355624781341108,1.5366421725631447,57.7259475218659,6.289410333156084,1.4956057637670808,42.34167893961708,3.4638
2018-08-02,10.2369,3.7843,6.297282285652884,10.355538310269482,1.536085816972732,56.37290604515659,6.2894161256156105,1.4950554180801854,48.1972038263429,3.4713
2018-08-03,10.235,3.784,6.3136957010258925,10.35545058224163,1.5355301728342938,56.33187772925764,6.289433978244589,1.4945058091859733,48.38235294117647,3.4567
2018-08-06,10.2502,3.6776,6.299107201810697,10.355374036363637,1.5349743190704799,56.43636363636364,6.289441085682918,1.4939566843342449,48.27332843497428,3.4568
2018-08-07,10.3896,3.6204,6.137409625009624,10.35539890988372,1.5344167280709564,56.83139534883721,6.289329461996667,1.493413818937534,45.44787077826725,3.4876
2018-08-08,10.4252,3.6034,6.069942117177607,10.355449600580974,1.533860620122452,57.0079883805374,6.289168502829521,1.4928776960182044,43.87380777696258,3.5222
2018-08-09,10.5009,3.5708,5.975393267243761,10.355555152394775,1.5333089686363712,57.47460087082729,6.288938462334225,1.4923545191892955,40.469208211143695,3.5476
2018-08-10,10.4104,3.5987,6.053278836548067,10.355594923857868,1.5327536292550512,56.852791878172596,6.288765817919729,1.4918213952212658,43.36996336996337,3.5525
2018-08-13,10.242,3.6478,6.181118023823473,10.355512608695653,1.532201232243138,56.231884057971016,6.2886870127996,1.4912780827557013,46.120058565153734,3.5826
2018-08-14,10.1777,3.6802,6.273502595871367,10.355383852280955,1.5316538567913511,55.6118754525706,6.288675904959858,1.490732582990755,48.06144842721288,3.5519
2018-08-15,10.0284,3.8222,6.388780427585656,10.355147250361794,1.5311248586046635,54.26917510853835,6.28874908078049,1.4901900810049513,50.07309941520468,3.5829
2018-08-16,9.9424,3.8555,6.443833698101063,10.354848806941432,1.530611417305158,53.14533622559653,6.288862363919511,1.4896516118568852,51.20525931336742,3.6141
2018-08-17,10.0056,3.8419,6.342003134244823,10.354596459537573,1.5300871299694512,53.97398843930635,6.288901152802961,1.4891085357503904,49.051094890510946,3.6524
2018-08-20,10.1587,3.6769,6.21117922371957,10.354455018050542,1.5295437032541253,55.52346570397112,6.288844462847393,1.4885668417071691,46.68125455871627,3.6326
2018-08-21,10.1209,3.6856,6.250544220375658,10.354286507936509,1.5290046809511824,55.339105339105345,6.28881654721877,1.4880246211933306,47.59475218658892,3.63
2018-08-22,10.2011,3.6738,6.195364396976796,10.354176063446287,1.5284589208109451,56.092285508291276,6.288748483016117,1.4874847709577905,46.32192279679534,3.6075
2018-08-23,10.1398,3.6727,6.252027458135269,10.354021613832852,1.5279190513386167,55.3314121037464,6.288721757379377,1.4869437049720418,47.67103347889374,3.6101
2018-08-24,10.1089,3.6972,6.264473145446091,10.353845140388769,1.5273830959660475,55.111591072714184,6.288704122025243,1.486403043567749,48.0,3.6278
2018-08-27,10.3049,3.6257,6.0738213403332395,10.353809928057554,1.526834142722595,56.76258992805755,6.288547957212968,1.485874111901589,43.968023255813954,3.6303
2018-08-28,10.4085,3.6138,5.997432305327377,10.353849245147375,1.5262859218738642,57.08123652048885,6.288336544248635,1.485355183403724,40.885984023238926,3.6101
2018-08-29,10.4323,3.6113,5.975513910642907,10.353905603448275,1.5257390363720131,57.47126436781609,6.288109532177804,1.4848400283559937,40.13062409288825,3.6101
2018-08-30,10.3506,3.8512,6.081175674840106,10.353903230437904,1.525191295597426,56.85570710696339,6.287959471367551,1.4843120078126777,44.16243654822335,3.5801
2018-08-31,10.2099,3.9024,6.219315224439026,10.353799928263989,1.5246490167095847,56.025824964132,6.287909729159633,1.4837752659295902,46.95652173913044,3.5751
2018-09-03,10.1343,3.4391,6.272379746997819,10.353642580645161,1.524113771929592,55.12544802867384,6.287898483698255,1.4832380170221864,48.29833454018827,3.5951
2018-09-04,10.232,3.4036,6.163160359655982,10.353555444126075,1.5235712641347923,56.232091690544415,6.287808224563637,1.482705086506461,45.65846599131693,3.6101
2018-09-05,9.9652,3.4478,6.42482152691366,10.353277451682176,1.5230612821991396,52.89906943450251,6.2879072941965735,1.482173518637205,51.26536514822849,3.6101
2018-09-06,9.8732,3.5927,6.518328473038122,10.352934048640915,1.522570557070648,51.359084406294706,6.2880737834876435,1.4816508911854323,54.552023121387286,3.6101
2018-09-07,9.8855,3.5861,6.48572621010571,10.352599928520371,1.5220775646846512,51.82273052180128,6.288216492820941,1.4811254178356825,53.068592057761734,3.6301
2018-09-10,9.8648,3.5229,6.481952955964641,10.3522515,1.5215896801833932,51.142857142857146,6.288356273818882,1.480600143493307,52.88600288600288,3.6551
2018-09-11,9.782,3.5642,6.547758311183806,10.351844468236974,1.5211227894690578,49.46466809421842,6.288543297638177,1.4800826826587372,55.803893294881036,3.6751
2018-09-12,9.7382,3.6057,6.613738183647901,10.351406776034237,1.5206684613885846,48.71611982881598,6.2887775879018735,1.4795751445250043,57.42074927953891,3.6551
2018-09-13,9.9977,3.5086,6.349700529121698,10.351154668567355,1.5201557395026257,53.67070563079116,6.288821448910671,1.4790433468700686,49.53203743700504,3.6526
2018-09-14,10.1087,3.4453,6.257368863454252,10.35098198005698,1.519628043430498,54.98575498575499,6.28879882115135,1.4785114616745436,47.76978417266187,3.6351
2018-09-17,9.9769,3.5209,6.390453484549308,10.350715729537367,1.5191199132739985,53.167259786476876,6.288871901426978,1.4779824212127657,50.39539899352984,3.6327
2018-09-18,10.0292,3.5303,6.325685015753998,10.35048705547653,1.518603779798192,54.12517780938833,6.288898347629799,1.4774517705809176,48.922413793103445,3.6452
2018-09-19,10.1551,3.4434,6.174568859981686,10.350348187633262,1.518072954010395,55.57924662402275,6.288816273338593,1.4769245368904116,45.44149318018665,3.6727
2018-09-20,10.1506,3.427,6.15133438614466,10.350206321022727,1.5175430999181494,55.46875,6.288717649316217,1.476399287108187,45.19368723098996,3.7003
2018-09-21,10.3213,3.3811,6.0135020045924445,10.35018580553584,1.5170046818772664,57.20369056068133,6.2885203621156975,1.475888398318882,40.86021505376344,3.6752
2018-09-24,10.148,3.4236,,10.350042411347518,1.5164761938825877,55.39007092198581,6.2885203621156975,1.475888398318882,,
2018-09-26,10.2717,3.3797,6.085186823018587,10.349986888731395,1.5159401559024075,56.98086463501063,6.288374707718065,1.4753697200903475,43.83954154727794,3.6503
2018-09-27,10.226,3.395,6.153694719342851,10.349899079320114,1.515406844457023,56.37393767705382,6.288278301140845,1.4748459749518028,45.311381531853975,3.6253
2018-09-28,10.2612,3.3877,6.1301488753752,10.349836305732484,1.514872348630434,56.90021231422505,6.288165189963617,1.4743244579075407,44.63519313304721,3.6153
2018-10-02,10.0305,3.465,6.3593,10.349610466760963,1.514360379654101,53.960396039603964,6.288216036861426,1.4737986691115654,50.10721944245889,
2018-10-03,10.0418,3.4641,6.3481,10.349392932862191,1.5138472755121277,54.20494699646643,6.28825881112081,1.4732730871177142,49.714285714285715,
2018-10-04,9.8543,3.5222,6.5376,10.349043290960452,1.5133697831815838,50.282485875706215,6.288436784845921,1.472762254819294,55.6745182012848,
2018-10-05,9.8397,3.5282,6.5526,10.348683839096683,1.5128961504966743,49.96471418489767,6.288625203686973,1.4722538167712973,56.41940085592011,
2018-10-08,9.6988,3.5765,6.6951,10.348225528913963,1.5124609937214266,46.65021156558533,6.288914922002234,1.4717690220161816,60.9408410548824,3.6155
2018-10-09,9.6972,3.584,6.6967,10.34776673713883,1.512026671225119,46.51162790697674,6.289205367214484,1.4712850165335702,61.039886039886035,3.6156
2018-10-10,9.7015,3.5859,6.6921,10.34731161971831,1.5115913989078862,46.83098591549296,6.289492124960239,1.4708005825327737,60.71174377224199,3.6156
2018-10-11,9.3552,3.8254,7.1086,10.346613441238565,1.5112884511611722,34.97536945812808,6.290074705241206,1.4704396017998318,74.53769559032717,3.5806
2018-10-12,9.5566,3.7363,6.8809,10.346057876230661,1.5109021127766524,42.15893108298172,6.290494623716514,1.4700012942385032,67.94598436389481,3.5831
2018-10-15,9.4212,3.7094,7.0287,10.345407940969782,1.5105699704326563,37.73717498243148,6.291018917307625,1.46961077626381,73.29545454545455,3.5857
2018-10-16,9.4443,3.7031,7.0127,10.344775140449439,1.5102281462998826,38.342696629213485,6.291531111120749,1.469214886636782,72.67565649396735,3.5757
2018-10-18,9.4158,3.6907,7.0696,10.344123228070176,1.509898567970278,37.473684210526315,6.292082933027756,1.4688398542666212,73.82978723404256,3.5508
2018-10-19,9.4576,3.6785,7.0077,10.343501542776998,1.5095514910791261,38.63955119214586,6.2925901031673535,1.4684427633321369,72.28915662650603,3.5658
2018-10-22,9.662,3.5993,6.7588,10.343023966362999,1.509130235149885,45.900490539593555,6.292920280148113,1.4679750781921017,63.52691218130312,3.591
2018-10-23,9.4103,3.7183,7.0558,10.342370798319328,1.508803498043692,37.11484593837535,6.293460180869877,1.467595764834406,73.5314932767162,3.5709
2018-10-24,9.3887,3.7321,7.1102,10.341703428971309,1.5084863066359073,36.039188243526944,6.294037790360067,1.4672373799057825,74.68175388967468,3.5409
2018-10-25,9.3534,3.773,7.1504,10.341012307692308,1.508185073793515,34.68531468531468,6.294642993335078,1.4668953720284226,75.54770318021201,3.5409
2018-10-26,9.2496,3.822,7.2703,10.34024961565339,1.5079338557269597,29.48986722571628,6.29533201664487,1.4666063507518992,78.24858757062147,3.541
2018-10-29,9.2855,3.8279,7.2584,10.339513058659218,1.5076647371762455,31.98324022346369,6.296011669420703,1.466311811534287,78.12279463655611,3.5111
2018-10-30,9.1666,3.8704,7.3931,10.338694556873692,1.5074568323576856,25.75017445917655,6.296785356536767,1.466083989249758,81.0296191819464,3.5161
2018-10-31,9.3281,3.7803,7.2117,10.337989818688982,1.5071672544343422,34.06555090655509,6.297430116680151,1.465768405321323,76.74418604651163,3.5086
2018-11-01,9.4823,3.7117,7.0524,10.337393519163763,1.5068112226961314,39.51219512195122,6.297961785612067,1.4653890669079388,73.16901408450704,3.4936
2018-11-02,9.8712,3.555,6.5844,10.337068871866295,1.506336678722502,51.6016713091922,6.298163360710158,1.4648930509892417,56.36875439831105,3.5461
2018-11-05,9.6798,3.635,6.7996,10.336611482254696,1.5059122117482047,46.5553235908142,6.298515988445243,1.4644382086771084,64.62728551336147,3.5312
2018-11-06,9.7509,3.6104,6.7442,10.336204172461752,1.5054676874347928,49.09596662030598,6.298829188734459,1.463971199917969,62.64933239634575,3.5113
2018-11-07,9.7551,3.6115,6.7697,10.335800347463517,1.505022409699233,49.13134120917304,6.299159856438999,1.463510233049459,63.55337078651685,3.4813
2018-11-08,9.8044,3.5955,6.7182,10.335431319444444,1.5045648667512288,50.416666666666664,6.299453919697639,1.4630387140752097,61.192982456140356,3.4813
2018-11-09,9.5524,3.6952,6.9923,10.334887925052048,1.5041840659071615,42.26231783483692,6.29993978651412,1.462640637432644,71.31837307152875,3.4763
2018-11-12,9.5411,3.7611,6.9945,10.334337447988904,1.503807605188999,41.74757281553398,6.300426514063865,1.4622435800932616,71.40854940434478,3.4865
2018-11-13,9.5903,3.7359,6.9532,10.33382182952183,1.5034139514401437,43.7976437976438,6.300883638353736,1.4618334955982337,69.9579831932773,3.474
2018-11-14,9.5209,3.7011,7.0814,10.333258864265929,1.503045430679774,40.581717451523545,6.3014298359476095,1.4614676750746391,73.89783065080476,3.4218
2018-11-15,9.6957,3.623,6.9224,10.332817647058825,1.5026187977723027,47.05882352941176,6.301864080817578,1.461048802066417,68.74125874125873,3.3915
2018-11-16,9.7445,3.6085,6.9107,10.332410788381742,1.5021787488490057,49.03181189488243,6.302289542675845,1.4606268273863288,68.27393431167016,3.3515
2018-11-19,9.8053,3.5816,6.8214,10.332046510020731,1.5017234812736386,50.725639253628195,6.302652049978446,1.4601811370075821,65.5027932960894,3.3772
2018-11-20,9.6225,3.6559,7.0152,10.331556491712707,1.5013205602627964,44.889502762430936,6.303149292092907,1.4597928403121687,72.54012561060712,3.3771
2018-11-21,9.6615,3.6339,6.9788,10.331094064872326,1.5009055708544006,46.10075914423741,6.303620457161182,1.459392753180218,70.78103207810321,3.3716
2018-11-22,9.6718,3.6437,6.9476,10.330639379310345,1.5004877537243853,46.275862068965516,6.3040692233931255,1.458983139988849,69.61672473867596,3.3917
2018-11-23,9.6347,3.6579,6.9875,10.330159751895245,1.5000817968714122,45.0723638869745,6.304545150117781,1.4585864750202582,71.23955431754875,3.3917
2018-11-26,9.7877,3.5752,6.8018,10.329786157024794,1.4996326757340626,50.13774104683195,6.30489118689571,1.4581378386890083,64.43980514961726,3.4151
2018-11-27,9.7871,3.5747,6.8175,10.32941266345492,1.499184094912427,50.10323468685478,6.305247660340149,1.4576933845235451,65.15994436717664,3.4
2018-11-28,9.9284,3.5201,6.7021,10.329136863823935,1.4987053416864546,53.30123796423659,6.305523443758954,1.457224328274831,59.76372480889507,3.37
2018-11-29,9.8494,3.5516,6.7929,10.328807147766323,1.498242986277021,51.271477663230236,6.305861899700789,1.4567748381861891,63.95833333333333,3.36
2018-11-30,9.8874,3.538,6.7589,10.328503983516484,1.4977730339796294,52.815934065934066,6.306176291165256,1.456318144938248,62.59541984732825,3.355
2018-12-03,10.14,3.4635,6.5119,10.328374605353467,1.4972670923408156,56.55456417295813,6.306318956705365,1.4558231658230294,52.843273231622746,3.35
2018-12-04,10.1656,3.4527,6.5321,10.328262962962963,1.496759604664815,56.99588477366255,6.306475423124833,1.4553307639613902,53.84615384615385,3.305
2018-12-05,10.0133,3.4977,6.7117,10.328047087045922,1.4962692819231462,54.83207676490747,6.306756049563114,1.4548658082699297,60.11080332409973,3.275
2018-12-06,9.7637,3.5919,6.9669,10.327660547945205,1.4958296417926236,49.34931506849315,6.307212896587637,1.4544659147561338,70.58823529411765,3.2751
2018-12-07,9.7285,3.5909,6.9938,10.327250444900754,1.4953997382097486,48.5284052019165,6.307687714778102,1.4540749273631364,71.57676348547717,3.2853
2018-12-10,9.6287,3.6333,7.1179,10.326772640218877,1.4949997849204446,44.73324213406293,6.308247640338034,1.4537283291558423,75.19004837595024,3.2678
2018-12-11,9.6183,3.6315,7.1316,10.326288380041012,1.4946034617914354,44.3609022556391,6.308816253846088,1.4533872235652694,75.5524861878453,3.2652
2018-12-12,9.7798,3.5715,6.9549,10.325915095628416,1.4941611417759315,49.795081967213115,6.309262136348609,1.4529846910819608,69.84126984126983,3.2703
2018-12-13,9.903,3.5284,6.7669,10.325626416382253,1.4936919422444712,52.969283276450504,6.309577748668369,1.4525332607308126,62.82758620689655,3.3311
2018-12-14,9.7308,3.5953,6.9298,10.325220668485676,1.493263170473233,48.63574351978172,6.310005193362602,1.4521238698503824,69.12474155754651,3.3468
2018-12-17,9.7276,3.5955,6.9087,10.324813292433538,1.4928356206107014,48.466257668711656,6.310417517609597,1.4517087077003514,67.8374655647383,3.3713
2018-12-18,9.6157,3.6393,7.0283,10.324330245231607,1.4924417578622982,44.20980926430518,6.310911586764718,1.4513311796200283,73.22780454232623,3.3714
2018-12-19,9.6127,3.6311,7.0617,10.323845813478556,1.4920491428346423,44.179714091218514,6.311427947434068,1.4509655187697101,73.86519944979368,3.3412
2018-12-20,9.5226,3.6637,7.201,10.323300748299319,1.4916878526422757,40.0,6.312039337160918,1.4506541613530703,76.97594501718214,3.3003
2018-12-21,9.5696,3.6374,7.133,10.322788375254929,1.491310127534245,42.4201223657376,6.312603183770011,1.4503153953066468,75.61813186813187,3.3168
2018-12-24,9.5291,3.6581,7.1459,10.322249184782608,1.4909469076391644,40.35326086956522,6.313175110205309,1.44998184188017,75.77213452299245,3.3483
2018-12-27,9.4628,3.6781,7.2968,10.32166571622539,1.490608832007979,38.085539714867615,6.313849750047417,1.4497132376455142,79.69821673525377,3.2709
2018-12-28,9.4578,3.6736,7.3418,10.321079647218452,1.4902728698784207,37.92401628222524,6.314554308135117,1.4494660189455688,80.53461274845785,3.2315
2018-12-31,9.5969,3.6229,7.1935,10.320588677966102,1.4898868519798123,43.6271186440678,6.315156325732284,1.4491519969917015,76.71232876712328,
2019-01-02,9.3232,3.729,7.552531010811738,10.319912940379405,1.4896081510725414,32.79132791327913,6.316003262546165,1.4490173812556124,83.09377138945926,3.1734
2019-01-03,9.3284,3.7323,7.578951974615153,10.31924163845633,1.4893271211220522,33.243060257278266,6.31686711255442,1.4488980202728883,83.44733242134062,3.141
2019-01-04,9.5259,3.6492,7.346395755781606,10.318704871447903,1.4889661124947036,40.25710419485792,6.317570823178635,1.4486526623782232,80.51948051948052,3.1513
2019-01-07,9.6149,3.6133,7.249824186418994,10.318229006085193,1.488575081979208,44.55713319810683,6.318207608262816,1.4483626305395336,78.27868852459017,3.1507
2019-01-08,9.6203,3.6091,7.273586236395953,10.317757432432433,1.488182608885986,44.729729729729726,6.3188597438451595,1.448083218070056,78.77133105802048,3.1211
2019-01-09,9.8508,3.5251,7.040859779916353,10.317442133693449,1.487729548343634,51.789331532748136,6.319352240459123,1.4477119744857407,72.91950886766713,3.1106
2019-01-10,9.8725,3.5187,7.028546619397316,10.317141902834008,1.4872724104842856,52.69905533063428,6.319835672210274,1.4473368291095614,72.59713701431492,3.1006
2019-01-11,9.9275,3.5002,6.967229463611181,10.316879163857047,1.4868052901915032,53.94470667565745,6.320276676155371,1.4469423765724243,69.82288828337875,3.1058
2019-01-14,9.7757,3.5544,7.099746484650716,10.31651448787062,1.4863706055741597,50.13477088948787,6.320807288686681,1.4465926655635881,74.20013614703879,3.1297
2019-01-15,9.9702,3.4823,6.8915890694268915,10.316281279461279,1.4858972184183563,54.680134680134685,6.321195575612355,1.446177118593722,66.53061224489795,3.1383
2019-01-16,10.0003,3.4753,6.925200008999731,10.31606864064603,1.4854197702767735,55.316285329744275,6.321606183656805,1.4457711871887289,67.91298436437798,3.0745
2019-01-17,9.9478,3.4958,6.976473913830192,10.315820981842636,1.4849509070488598,54.27034297242771,6.322051066625673,1.4453807310020876,70.04076086956522,3.076
2019-01-18,10.0706,3.4522,6.838894941711517,10.3156561827957,1.484465450358661,56.78763440860215,6.3224019450201645,1.4449527343316615,64.49422946367956,3.091
2019-01-21,10.139,3.4357,6.759205611993295,10.315537541974479,1.4839739462529045,57.28676964405641,6.322698284007257,1.4445072795613205,61.53324287652646,3.1037
2019-01-22,10.0492,3.463,6.843940878875929,10.315358791946307,1.4834919200269048,56.375838926174495,6.323051668817337,1.4440812685247826,64.67796610169492,3.1071
2019-01-23,10.0509,3.4617,6.830357768956013,10.315181421864521,1.4830101586822595,56.40509725016767,6.323395372137214,1.443652348032019,64.36314363143632,3.119
2019-01-24,10.0919,3.4502,6.775136870163199,10.315031769436997,1.4825243500466743,56.83646112600537,6.323701222846777,1.4432113900164747,62.15301286391334,3.1338
2019-01-25,10.2718,3.392,6.595592044237621,10.31500281312793,1.4820281971921871,59.343603482920294,6.323885181453943,1.4427403985014162,54.66847090663058,3.1398
2019-01-28,10.2722,3.3933,6.595312947567221,10.314974163319947,1.4815325343767507,59.370816599732265,6.324068702593979,1.4422698314715496,54.631507775524,3.1397
2019-01-29,10.2649,3.3959,6.617336112382975,10.314940668896321,1.4810375215071094,59.130434782608695,6.324266856249243,1.4418026348934574,55.270270270270274,3.1246
2019-01-30,10.3128,3.38,6.5815876115119085,10.314939237967915,1.4805424406211494,59.55882352941176,6.324440604227138,1.4413312853257354,54.152599594868335,3.1151
2019-01-31,10.4176,3.3929,6.495439917063431,10.315007815631262,1.480050231648272,60.25384101536406,6.324555988378849,1.4408517664088165,50.742240215924426,3.1037
2019-02-01,10.4217,3.3892,6.492163520346968,10.315079038718292,1.4795587066858522,60.280373831775705,6.3246690076182075,1.4403724662187822,50.57316250842886,3.1032
2019-02-04,10.4181,3.3445,,10.315147765176784,1.4790675010002126,60.240160106737825,6.3246690076182075,1.4403724662187822,,
2019-02-08,10.3763,3.3547,,10.315188533333334,1.4785752388031674,59.8,6.3246690076182075,1.4403724662187822,,
2019-02-11,10.4401,3.3286,6.511452313675157,10.315271752165224,1.4780861407110033,60.55962691538974,6.324794872379701,1.4398952418541844,51.41509433962265,3.067
2019-02-12,10.4434,3.3262,6.50062562766915,10.31535705725699,1.4775977155689966,60.58588548601864,6.324913276928718,1.4394175739442412,50.976430976430976,3.0748
2019-02-13,10.5485,3.2955,6.408120856045883,10.315512175648703,1.4771183178726055,61.743180306054555,6.324969271261906,1.4389347840695534,48.25033647375505,3.0719
2019-02-14,10.515,3.3067,6.437623490252021,10.315644813829786,1.4766361264711405,61.10372340425532,6.325045030655981,1.4384538291066176,48.8231338264963,3.0726
2019-02-15,10.3173,3.3683,6.6130582981981725,10.315645913621262,1.4761454687828748,59.26910299003322,6.325238587959436,1.4379897672353579,55.30913978494624,3.0794
2019-02-18,10.4934,3.3166,6.420399683610651,10.315763944223107,1.4756624033745578,60.88977423638779,6.325302497358799,1.437508929096513,48.42175957018133,3.1094
2019-02-19,10.3832,3.3359,6.50304229139379,10.315808692767087,1.4751737416093471,59.65494359654944,6.325421785811172,1.437033834760405,51.20805369127517,3.1279
2019-02-20,10.4808,3.3047,6.421656392641783,10.315918103448276,1.4746906610291655,60.809018567639264,6.325486329477724,1.436554011675439,48.49094567404427,3.1196
2019-02-21,10.5321,3.4687,6.3586826169519854,10.31606136514248,1.4742124454745438,61.63021868787276,6.32550857900016,1.4360727690648423,47.050938337801604,3.1361
2019-02-22,10.5985,3.4464,6.290197447752041,10.316248410596026,1.4737421264249235,62.317880794701985,6.325484927874073,1.4355920438960073,45.478901540522436,3.1451
2019-02-25,10.6896,3.2617,6.176186992965124,10.316495499669093,1.473285662149771,63.26935804103243,6.325384996190733,1.4351167055529916,42.8380187416332,3.1787
2019-02-26,10.6259,3.2779,6.223167541572949,10.316700132275132,1.4728198640963182,62.43386243386243,6.325316623311391,1.4346390872636958,44.08026755852843,3.1878
2019-02-27,10.6584,3.282,6.213371260226675,10.316925974884336,1.4723592512310002,62.789160608063455,6.325241793523233,1.434162433952072,43.716577540106954,3.1689
2019-02-28,10.6219,3.3046,6.241411528069365,10.317127410832233,1.4718937777773697,62.351387054161165,6.325185794681914,1.433684977847245,44.48897795591182,3.1731
2019-03-01,10.6921,3.2853,6.165699656755923,10.31737491749175,1.4714394401260018,63.4983498349835,6.325079328635234,1.4332122846865016,42.523364485981304,3.187
2019-03-04,10.7581,3.2997,6.093021664606202,10.317665633245381,1.4709975793643246,64.05013192612137,6.324924520320339,1.4327466774079085,40.9606404269513,3.2023
2019-03-05,10.8047,3.2869,6.040331519616462,10.317986684245222,1.4705657918395056,64.73302570863547,6.324734791653203,1.432287852487313,38.93333333333333,3.2149
2019-03-06,10.8222,3.2475,6.0381653804217255,10.31831884057971,1.4701382593646295,64.82213438735178,6.324543872658379,1.4318297546481544,38.77415056628914,3.2021
2019-03-07,10.7287,3.2763,6.1635937587965,10.31858900592495,1.4696919579182055,63.79196840026333,6.324436715458736,1.4313590549064552,42.60985352862849,3.1572
2019-03-08,10.5083,3.3518,6.373987125415148,10.318713815789474,1.4692164797654503,60.59210526315789,6.324469683130031,1.4308833787701032,47.63805721889554,3.1423
2019-03-11,10.6257,3.2813,6.273744677527128,10.318915647600264,1.4687545020491561,62.195923734385275,6.324435956397583,1.430408204669609,45.611702127659576,3.1374
2019-03-12,10.7883,3.2724,6.126901002011438,10.319224047306177,1.468321176867029,64.45466491458606,6.324304703936197,1.4299419667703874,41.52823920265781,3.1424
2019-03-13,10.6943,3.2748,6.213275646839905,10.319470321733421,1.4678704929130821,63.36178594878529,6.324230979462693,1.4294700008521444,43.82470119521912,3.1375
2019-03-14,10.7394,3.2465,6.164007160549006,10.319745866141732,1.467428229610467,63.91076115485564,6.324124659742114,1.4290016019336147,42.60119442601194,3.1475
2019-03-15,10.9135,3.2262,6.025363302331974,10.320135213114755,1.4670257679856213,66.09836065573771,6.323926542131098,1.428548419667479,38.12997347480106,3.1376
2019-03-18,11.0644,3.177,5.900295734066013,10.320622935779816,1.4666686845347126,68.80733944954129,6.323645806009121,1.4281166097055178,34.39363817097416,3.1377
2019-03-19,11.1038,3.1693,5.8682258992417005,10.321135821872954,1.4663252458871316,69.22069417157826,6.323344203421858,1.4276917182050124,33.70860927152318,3.1377
2019-03-20,11.0492,3.181,5.905128990334141,10.32161230366492,1.4659635974818095,68.58638743455498,6.323067423002872,1.4272597320760958,34.54665784248842,3.1453
2019-03-21,10.9081,3.2162,6.038399381193792,10.321995879659909,1.4655608341529296,65.8600392413342,6.322879150488448,1.4268064458020067,38.955026455026456,3.1291
2019-03-22,10.912,3.215,6.056222873900293,10.322381503267975,1.465159408991358,65.88235294117646,6.32270290708026,1.426351315738919,39.854593522802375,3.108
2019-03-25,10.7228,3.2822,6.242822333718806,10.322643043762247,1.4647165598552436,63.48791639451339,6.322650145803271,1.4258816609126372,45.04623513870541,3.0831
2019-03-26,10.7247,3.2799,6.2609701427545765,10.32290548302872,1.4642744480635848,63.51174934725849,6.322609432929971,1.4254118755018912,45.54455445544555,3.0633
2019-03-27,10.8629,3.2597,6.11744490145357,10.323257729941291,1.4638617136398937,65.4924983692107,6.322474100125568,1.4249514115158788,41.49076517150396,3.0882
2019-03-28,10.8691,3.2559,6.13699377685365,10.323613559322034,1.4634508144927,65.51499348109517,6.322351832278981,1.424489628028335,42.18852999340804,3.0634
2019-03-29,10.9073,3.2249,6.099871774866375,10.323993811074919,1.463049846372797,65.86319218241043,6.322205270976338,1.4240317925718198,41.04084321475626,3.0683
2019-04-01,11.0563,3.1736,5.9114,10.324470572916667,1.4626927896723778,68.88020833333334,6.321934826426649,1.4236019711083683,34.62804476629361,3.1332
2019-04-02,11.0648,3.1851,5.8696,10.324952244632401,1.4623387373280319,69.0305790500976,6.321637237725052,1.4231808654688294,33.55263157894737,3.1681
2019-04-03,11.2053,3.1432,5.6912,10.325524642392718,1.4620354867566625,70.93628088426527,6.321222749074346,1.4228047161867305,28.994082840236686,3.2331
2019-04-04,11.1952,3.0823,5.6645,10.326089733593243,1.46172841908976,70.82521117608836,6.3207912623798155,1.4224367708039425,28.383705650459923,3.2679
2019-04-08,11.2502,3.0548,5.6405,10.326689805194805,1.4614433647494134,71.4935064935065,6.320344583940958,1.4220764835800368,28.036769533814837,3.2482
2019-04-09,11.2862,3.0414,5.5722,10.32731245944192,1.4611734222190509,72.09604153147306,6.319853675421312,1.4217389300450627,26.77165354330709,3.2882
2019-04-10,11.2669,3.0497,5.5824,10.327921789883268,1.4608953878694457,71.66018158236056,6.319370099240707,1.4213980781257418,27.147540983606554,3.2932
2019-04-11,11.1662,3.0755,5.6772,10.328465068049255,1.460577727390533,70.05832793259883,6.318949280040681,1.4210273011694223,28.833551769331585,3.2784
2019-04-12,11.1977,3.0614,5.597,10.32902804404145,1.4602721241083743,70.72538860103627,6.318476490728278,1.4206819798996544,27.37393582187295,3.3334
2019-04-15,11.1488,3.075,5.596,10.3295586407767,1.4599483458360691,69.83818770226537,6.3180036657997904,1.4203372022082472,27.356020942408378,3.3736
2019-04-16,11.2896,3.043,5.464,10.330179624838292,1.4596801947248723,72.3156532988357,6.3174451284120865,1.4200405107424132,25.11445389143231,3.3937
2019-04-17,11.2952,3.0431,5.4595,10.330803425985778,1.459414462529442,72.39819004524887,6.3168843799621435,1.4197456974463516,25.098039215686274,3.3938
2019-04-18,11.2277,3.0623,5.5476,10.331382816537468,1.4591209658024447,71.12403100775194,6.3163819081267665,1.4194180359149735,26.25734813847159,3.3589
2019-04-23,11.2166,3.0635,5.5161,10.331954293092318,1.458823186702435,71.0135571336346,6.315859530902141,1.4191019087687216,25.979112271540473,3.3993
2019-04-24,11.1566,3.0776,5.529,10.332486322580646,1.4585028395938233,69.80645161290323,6.315346250060066,1.4187812297086853,26.157860404435745,3.4343
2019-04-25,11.0397,3.11,5.6389,10.332942295293359,1.4581430908482227,67.50483558994198,6.314905281187797,1.4184237936937791,28.42242503259452,3.4193
2019-04-26,10.9895,3.103,5.6953,10.333365335051546,1.4577684597622895,66.3659793814433,6.314501629538814,1.4180498225591893,29.70684039087948,3.4043
2019-04-29,10.8496,3.0529,5.7901,10.333697746297489,1.4573578823934024,64.45589182227945,6.314160222227916,1.4176512477176801,31.966145833333332,3.4268
2019-04-30,10.7728,3.075,5.8957,10.333980308880308,1.4569314553308474,63.25611325611325,6.313887964438569,1.4172301665945592,34.938191281717636,3.3869
2019-05-02,10.8192,3.0456,5.8559,10.334292347266882,1.4565148566268973,63.79421221864951,6.313590182927229,1.4168174522932104,33.940182054616386,
2019-05-03,10.8083,3.0498,5.8652,10.334596979434448,1.4560963025538258,63.75321336760925,6.313298831281403,1.416403160251826,34.1130604288499,
2019-05-06,10.5081,3.1367,6.1615,10.334708413615928,1.4556352675864048,59.15221579961464,6.31320026061174,1.4159484947025835,43.44155844155844,3.355
2019-05-07,10.5508,3.1175,6.1229,10.334847111681643,1.4551783355725294,60.141206675224645,6.313076769203167,1.4154972907006484,42.439974042829334,3.3551
2019-05-08,10.4274,3.148,6.2475,10.334906478511867,1.454713445558258,58.30660679923027,6.313034242115486,1.4150392200717885,46.04409857328145,3.3426
2019-05-09,10.1929,3.2177,6.4992,10.334815448717949,1.4542515581548976,55.8974358974359,6.313154893935243,1.4145885447054125,52.5599481529488,3.3116
2019-05-10,10.2711,3.1898,6.4344,10.334774631646379,1.4537865697331855,56.82254964766176,6.313233420558342,1.4141337425476255,50.45336787564767,3.3017
2019-05-14,10.1156,3.2427,6.5998,10.334634314980795,1.4533317083409016,54.67349551856594,6.313418900545035,1.4136948070620468,56.63430420711975,3.2859
2019-05-15,10.1296,3.1799,6.596,10.334503134996801,1.4528759669492972,54.76647472808701,6.313601682627477,1.4132557845986162,56.53298835705045,3.2762
2019-05-16,10.1342,3.2302,6.6014,10.33437506393862,1.4524202437808515,54.79539641943734,6.313787719031726,1.412817873887156,56.755009696186164,3.2662
2019-05-17,10.0161,3.3268,6.7174,10.334171693290735,1.451978413052993,52.97124600638977,6.31404845047938,1.412398693859933,61.111111111111114,3.2665
2019-05-20,9.9559,3.2825,6.7726,10.333930140485313,1.4515461988489897,51.66028097062579,6.3143444811762945,1.411990752201378,63.78308586184636,3.2717
2019-05-21,9.9276,3.4895,6.7739,10.333670835992342,1.451119245463545,51.18059987236758,6.314640968607794,1.4115834297802052,63.806451612903224,3.299
2019-05-22,9.9249,3.449,6.7493,10.333410140306123,1.4506931482749945,51.02040816326531,6.314921212986512,1.411171432775533,62.604771115409406,3.3264
2019-05-23,9.7489,3.6645,6.9476,10.333037603569153,1.450305800931317,46.71765455704271,6.315328866844124,1.410808080069923,70.3286082474227,3.31
2019-05-24,9.7719,3.6374,6.9209,10.332680191082803,1.4499129660666226,47.388535031847134,6.31571880318228,1.4104374448190367,69.15647134578235,3.3125
2019-05-27,9.7367,3.5538,6.9204,10.332300827498408,1.4495293717435904,46.4035646085296,6.3161079159215445,1.4100669437741382,69.04761904761905,3.35
2019-05-28,9.753,3.5454,6.9433,10.331932315521628,1.4491418643157215,46.88295165394402,6.316511254882367,1.409703143197031,70.28938906752411,3.31
2019-05-29,9.6977,3.5683,7.0242,10.331529116338208,1.44876936258579,44.5645263827082,6.316966067700566,1.4093642005235185,73.90745501285348,3.2875
2019-05-30,9.6989,3.6882,7.0354,10.331127191867852,1.4483967934296855,44.790343074968234,6.317427489622402,1.4090291021284291,74.24534360950545,3.275
2019-05-31,9.6238,3.7775,7.1158,10.330678095238095,1.4480465315233084,42.22222222222222,6.31793992383959,1.4087219594834577,76.1232349165597,3.2751
2019-06-03,9.7254,3.7146,7.0423,10.330294035532996,1.447667293074103,46.00253807106599,6.318404555062271,1.4083894964660841,74.40667094291213,3.2401
2019-06-04,9.6548,4.044,7.1474,10.329865694356373,1.4473081249229593,43.18325935320228,6.318935962398769,1.408094354856549,76.92307692307693,3.2101
2019-06-05,9.6857,4.1317,7.1145,10.329457477820025,1.446940275410947,44.106463878327,6.319445612647072,1.4077871804606317,75.97693786034593,3.21
2019-06-06,9.7078,3.7856,7.0874,10.329063774540849,1.4465665656376503,45.21849271690944,6.319937260782381,1.4074705210557787,75.22407170294494,3.2136
2019-06-10,9.9218,3.541,6.8537,10.328806012658227,1.4461449919238298,51.13924050632911,6.3202787596558405,1.4070849345636296,66.28278950735765,3.2251
2019-06-11,9.9936,3.524,6.7413,10.328593991144846,1.4457121327738118,52.87792536369387,6.3205479548223025,1.4066752874920834,61.70076726342712,3.2651
2019-06-12,9.8336,3.5853,6.9091,10.328281099873578,1.4453086822218075,48.988621997471554,6.320924026416664,1.4063044453716544,68.24281150159744,3.2601
2019-06-13,9.8264,3.5863,6.9316,10.327964055590652,1.444907128847661,48.95767530006317,6.321313985531341,1.4059400006917944,69.66794380587484,3.2451
2019-06-14,9.7724,3.5398,7.0027,10.327613320707071,1.444518368007373,47.6010101010101,6.321748820256593,1.4055966536072673,72.49521378430121,3.2302
2019-06-17,9.7964,3.5324,6.9826,10.327278170347004,1.4441242161339194,48.39116719242902,6.322170281468163,1.4052474102950252,71.68367346938776,3.2252
2019-06-18,9.8874,3.5732,6.8837,10.327000819672131,1.4437110982686734,50.914249684741485,6.322528171664806,1.4048710036048608,67.24028043339707,3.2302
2019-06-19,10.1328,3.4814,6.6262,10.32687844990548,1.4432643988428522,55.3875236294896,6.322721593211517,1.404444419027158,56.62420382165605,3.2427
2019-06-20,10.2523,3.4101,6.5187,10.326831486146094,1.4428111119492684,57.304785894206546,6.322846340765168,1.4040060582261096,53.02355187778485,3.2352
2019-06-21,10.2369,3.4165,6.5383,10.32677488986784,1.4423588040654998,57.11139081183134,6.322983397800305,1.403569933124342,53.81679389312977,3.2303
2019-06-24,10.2566,3.4114,6.5045,10.32673075471698,1.4419062340884714,57.35849056603774,6.323098792970172,1.403131177251108,52.00254291163382,3.2453
2019-06-25,10.0952,3.6551,6.6704,10.32658522941546,1.4414646981994301,54.80829666876178,6.323319441767522,1.4027126833778802,58.449809402795424,3.2353
2019-06-26,10.1044,3.6521,6.6514,10.326445665829144,1.4410226584023402,54.83668341708543,6.323527746883861,1.4022916593605523,57.74603174603175,3.2453
2019-06-27,10.2348,3.6198,6.5153,10.326388135593222,1.44057211783037,56.999372253609536,6.323649429785584,1.401855017068105,52.66497461928934,3.2553
2019-06-28,10.2114,3.6279,6.5676,10.32631599749059,1.4401230517927721,56.712672521957344,6.323804122601192,1.4014239331266933,54.85098287888396,3.2254
2019-07-02,10.3247,3.9744,6.5151,10.326314984326018,1.439671532346247,58.36990595611285,6.323925349392954,1.4009880832256951,52.53485424588086,3.1704
2019-07-03,10.2944,3.9822,6.5586,10.326294987468673,1.4392206583367921,57.89473684210527,6.324073971717594,1.4005568251328329,54.71817606079797,3.1554
2019-07-04,10.2735,3.9883,6.5859,10.326261928616155,1.43877059260234,57.85848465873513,6.324239684393722,1.4001290253234626,55.379746835443036,3.1479
2019-07-05,10.2604,3.9311,6.5757,10.32622071339174,1.4383212866680166,57.38423028785983,6.324398735826743,1.3997004347952136,55.02846299810247,3.1705
2019-07-08,10.1065,3.76,6.7141,10.326083302063791,1.4378819521157622,54.65916197623515,6.324645070380581,1.3992922623477617,60.366624525916556,3.1805
2019-07-09,10.0391,3.7843,6.7931,10.3259039375,1.4374504375336703,53.6875,6.324940998952672,1.3988997366556195,64.24510423247,3.168
2019-07-10,10.0788,3.3078,6.7512,10.325749594003748,1.4370147066781833,54.40349781386633,6.325210101857374,1.3984990807084747,62.247474747474755,3.1706
2019-07-11,10.1567,3.284,6.6777,10.325644069912608,1.4365723351480664,55.86766541822722,6.325432492960303,1.3980858617720466,58.801261829652994,3.168
2019-07-12,10.1591,3.2851,6.6904,10.325540174672488,1.4361301970321707,55.957579538365565,6.325662611186684,1.3976750599626637,59.20554854981085,3.1531
2019-07-15,10.1936,3.2704,6.6319,10.325457917705737,1.4356862331019966,56.48379052369077,6.325855577405218,1.3972557723579344,56.83679899180844,3.1782
2019-07-16,10.2208,3.2604,6.6108,10.325392710280374,1.435241285122492,56.7601246105919,6.326035013439596,1.396834051527512,56.04534005037783,3.1732
2019-07-17,10.2106,3.2629,6.618,10.325321232876712,1.4347972358225405,56.66251556662516,6.326218754777898,1.3964136464754933,56.38766519823789,3.1757
2019-07-18,10.151,3.2851,6.6904,10.325212756689485,1.4343573329192987,55.50715619166148,6.326447799586213,1.3960043110693803,59.27672955974843,3.1608
2019-07-19,10.2558,3.2541,6.5947,10.325169589552239,1.4339123010894863,57.524875621890544,6.326616405620415,1.3955817172088998,55.248271527341295,3.1559
2019-07-22,10.1106,3.3006,6.7422,10.32503623368552,1.4334766151913811,54.692355500310754,6.326877450591758,1.3951821924318384,61.93467336683417,3.1484
2019-07-23,10.142,3.2898,6.7116,10.324922546583851,1.4330386228755791,55.34161490683229,6.327118958783478,1.3947775005768865,60.075329566855,3.1484
2019-07-24,10.1715,3.2791,6.6604,10.324827312228429,1.4325988833870145,56.052141527001865,6.327328043501932,1.3943648955690444,58.03011292346299,3.171
2019-07-25,10.2136,3.2664,6.6274,10.324758312655087,1.4321571376977755,56.82382133995038,6.327516176390019,1.3939479589702504,56.677115987460816,3.1635
2019-07-26,10.1473,3.2879,6.6887,10.324648295102294,1.4317199407907628,55.30068195908245,6.32774248204391,1.3935404994242127,59.210526315789465,3.1661
2019-07-29,10.0517,3.3032,6.765,10.324479182156134,1.4312924555567426,53.59355638166047,6.328016281366362,1.3931470731497417,63.118346900438326,3.1836
2019-07-30,10.0791,3.2948,6.7454,10.324327244582042,1.4308622822531714,54.05572755417957,6.328277472679649,1.3927502149643018,62.26533166458073,3.1761
2019-07-31,9.9515,3.338,6.8936,10.324096534653467,1.4304495438671951,51.23762376237624,6.328631020226441,1.3923863690672114,68.16760475297062,3.1552
2019-08-01,9.931,3.3605,6.9208,10.323853432282002,1.430040551894935,50.83487940630798,6.3290011258388,1.3920298547349512,69.28125,3.1487
2019-08-02,9.6821,3.4496,7.2369,10.323456798516688,1.4296875350553306,42.95426452410383,6.32956820820867,1.3917799081923983,79.6377264209869,3.0914
2019-08-05,9.3958,3.5578,7.5869,10.322883817171093,1.4294317535028296,32.58184064237184,6.330353059514406,1.3916998130762679,84.95630461922596,3.0563
2019-08-06,9.3733,3.5812,7.6073,10.32229765432099,1.429185125917087,31.790123456790127,6.331149657730555,1.3916309483999767,85.21522145976294,3.0613
2019-08-07,9.3636,3.5825,7.6283,10.321706230721777,1.4289425120844117,31.400370141887723,6.331958354951421,1.391573808658254,85.41147132169577,3.0514
2019-08-08,9.4807,3.564,7.5012,10.321187731196053,1.4286544829898011,35.388409371146736,6.332686854418741,1.39144615347041,84.04984423676012,3.0465
2019-08-09,9.4217,3.5846,7.5922,10.320633518176217,1.4283886906688545,33.94947627849661,6.333471109179378,1.391367674796121,84.99377334993773,3.0216
2019-08-12,9.3937,3.5974,7.6063,10.32006274630542,1.4281339764194168,32.51231527093596,6.334263162005028,1.3912968257222387,85.1275668948351,3.0391
2019-08-13,9.2098,3.6743,7.8539,10.319379507692307,1.4279599589015837,25.107692307692307,6.335208209789851,1.3913799969024052,87.25124378109453,3.0041
2019-08-14,9.2092,3.6679,7.8482,10.318696740467404,1.427786094576193,25.030750307503073,6.336148540299615,1.3914585622390778,87.19701678060908,3.0105
2019-08-15,9.197,3.7406,7.8616,10.318007314074984,1.4276179529064985,24.400737553779965,6.337096025678311,1.3915454695084561,87.26708074534162,3.0115
2019-08-16,9.2553,3.7343,7.7829,10.317354545454545,1.427422290512624,26.535626535626534,6.3379934831421965,1.3915795163240152,86.34388578522658,3.0217
2019-08-19,9.4326,3.5457,7.5824,10.316811418047882,1.4271523557246248,34.499693063228975,6.33876544748268,1.3914928289614974,84.42928039702234,3.0191
2019-08-20,9.3967,3.5555,7.6103,10.316246932515336,1.4268964114532603,32.94478527607362,6.339553751606994,1.3914214398098108,84.99690018598885,3.0317
2019-08-21,9.4505,3.5599,7.5248,10.31571612507664,1.4266198855323666,34.82526057633354,6.340288104920743,1.3913029633537461,83.76703841387855,3.0567
2019-08-22,9.3226,3.5994,7.6723,10.315107598039216,1.4263944684195364,29.71813725490196,6.341112880087976,1.3912667879468743,85.57275541795666,3.0543
2019-08-23,9.3766,3.5564,7.6004,10.314532884262094,1.4261466593677468,32.0269442743417,6.341892141919604,1.3911887706930337,84.77722772277228,3.0644
2019-08-26,9.2401,3.6194,7.773,10.313875336597306,1.425957790097867,25.82619339045288,6.342777180792876,1.391213530271029,86.33271490414347,3.0494
2019-08-27,9.2341,3.648,7.7774,10.3132149235474,1.4257715939582112,25.749235474006117,6.343663845081632,1.391240495004833,86.34116192830655,3.052
2019-08-28,9.2234,3.644,7.79,10.312548777506112,1.4255902680775339,25.55012224938875,6.344557196628833,1.3912749122685868,86.41136504014824,3.052
2019-08-29,9.2257,3.8363,7.8073,10.31188485033598,1.4254077581895903,25.595601710445937,6.345460124285235,1.3913198676164458,86.72839506172839,3.0321
2019-08-30,9.2716,3.8383,7.7283,10.311249755799755,1.4252042469812836,27.655677655677657,6.346313202555262,1.391314390684722,85.87291795188156,3.0573
2019-09-02,9.2661,3.6587,7.7198,10.310612080536913,1.425003125792317,27.394752898108603,6.3471599884969665,1.3913032122525013,85.75832305795315,3.0723
2019-09-03,9.2242,3.6947,7.7787,10.309949634146342,1.424821030177631,25.54878048780488,6.348042021775773,1.391328082552038,86.2600123228589,3.0624
2019-09-04,9.5514,3.5338,7.4224,10.309487385740402,1.4245098357271562,39.00060938452163,6.348703572254975,1.3911549685091023,82.14285714285714,3.0473
2019-09-05,9.5725,3.5309,7.4293,10.309038550548111,1.4241920619423059,39.82947624847747,6.34936855467205,1.390985018075135,82.27692307692308,3.0173
2019-09-06,9.6253,3.5182,7.372,10.308622398052343,1.4238584450575205,42.05721241631162,6.349997479300172,1.390788317819524,81.48831488314883,3.0173
2019-09-09,9.6291,3.4257,7.3602,10.30820906326034,1.4235239287724253,42.27493917274939,6.350618378206565,1.3905862514441796,81.19237861094038,3.025
2019-09-10,9.6409,3.4405,7.33,10.307803404255319,1.4231862297918907,42.43161094224924,6.351219963969337,1.390370867043923,80.52825552825553,3.0425
2019-09-11,9.8246,3.3564,7.126,10.307509842041311,1.4228036669557198,48.90643985419198,6.351695580934365,1.3900765166627518,75.6292203806016,3.0525
2019-09-12,9.7847,3.4656,7.1324,10.30719241044323,1.4224299646919794,47.844565877352764,6.352174540700663,1.3897844979899507,75.8282208588957,3.0876
2019-09-13,9.8674,3.4165,7.0468,10.306925546116506,1.4220395786720454,50.060679611650485,6.352600430007406,1.3894647745257764,73.51318209687308,
2019-09-16,9.803,3.4489,7.1084,10.30661995148575,1.4216624599270353,48.51425106124924,6.35306354248902,1.3891649261803543,74.81617647058823,3.0926
2019-09-17,9.6836,3.5538,7.2191,10.306242363636365,1.4213142961461969,43.81818181818182,6.353593877123136,1.3889047704457462,77.83221065523577,3.1076
2019-09-18,9.534,3.5164,7.361,10.305774621441552,1.421010815481182,37.97698364627499,6.354210404738115,1.388703208696924,81.27294981640148,3.1278
2019-09-19,9.4336,3.5286,7.4951,10.30524667070218,1.4207426243922363,34.68523002421308,6.3549081965394985,1.3885649821713817,83.05810397553518,3.1053
2019-09-20,9.4282,3.5331,7.5085,10.304716091954024,1.4204765209737171,34.42226255293406,6.355613326003716,1.3884333225165342,83.31295843520783,3.098
2019-09-23,9.3613,3.5467,7.5819,10.304145707376058,1.4202363915002119,31.43893591293833,6.356362432096567,1.3883398499740611,83.99511301160659,3.1005
2019-09-24,9.3631,3.5527,7.5597,10.303577099697884,1.4199955619568256,31.540785498489427,6.357097070416411,1.3882342327223887,83.63858363858364,3.1205
2019-09-25,9.2693,3.5998,7.6726,10.302952536231883,1.4197941232265452,27.415458937198068,6.357899695754778,1.3881907870460863,85.35692495424038,3.1157
2019-09-26,9.2968,3.5862,7.6183,10.302345322872661,1.4195807084236427,29.269764634882318,6.358668232525659,1.3881162378040668,84.8170731707317,3.1381
2019-09-27,9.2534,3.5997,7.6586,10.301712665862485,1.419386192737516,26.357056694813032,6.359460390823936,1.3880639794841665,85.19195612431444,3.1482
2019-09-30,9.3086,3.5817,7.6018,10.301114044605184,1.4191676869526826,29.5961422543701,6.360216992291157,1.3879796811880065,84.40925700365408,3.1411
2019-10-02,9.2872,3.5922,7.6265,10.300503253012048,1.41895826772447,28.49397590361446,6.360987706233767,1.3879086427777085,84.7839318320146,
2019-10-03,9.3155,3.5804,7.5938,10.299910234798315,1.4187368155396578,29.80132450331126,6.361737592057227,1.3878193676919623,84.12408759124088,
2019-10-04,9.2125,3.6205,7.7138,10.2992559566787,1.4185605778033328,24.789410348977135,6.3625595144936655,1.3877976674030146,85.83586626139818,
2019-10-08,9.241,3.612,7.715,10.298619603126879,1.4183712780191364,25.736620565243534,6.363381167279514,1.3877762169694365,85.84447144592953,3.1063
2019-10-09,9.1788,3.6404,7.7858,10.297946634615386,1.418210573964266,22.896634615384613,6.364244809558032,1.3877972443763094,86.52094717668488,3.1089
2019-10-10,9.1976,3.7315,7.7436,10.297285765765766,1.4180408948373155,24.024024024024023,6.365081796930873,1.3877918849453672,86.04368932038835,3.1289
2019-10-11,9.417,3.6458,7.4627,10.29675738295318,1.4177791934321224,34.513805522208884,6.3657474234942875,1.3876341436151738,81.98908429351121,3.1564
2019-10-14,9.4882,3.5254,7.3753,10.296272345530893,1.4174921407596053,36.832633473305336,6.366359273540654,1.387436070591063,80.96969696969697,3.1641
2019-10-15,9.4799,3.544,7.3818,10.295782913669065,1.4172080586535656,36.330935251798564,6.366974319407681,1.3872408107837562,81.10236220472441,3.1668
2019-10-16,9.5192,3.5104,7.3359,10.295317615338526,1.4169108670970956,37.687237866986216,6.367560836163487,1.3870256308987194,79.7820823244552,3.1693
2019-10-17,9.5783,3.4882,7.2835,10.294888263473053,1.4165951772886065,40.65868263473054,6.368114943340641,1.3867889077249191,78.88687235329704,3.1569
2019-10-18,9.5279,3.5032,7.3085,10.294429263913825,1.4162954529945162,38.18073010173549,6.36868349537006,1.386562318184149,79.20193470374849,3.187
2019-10-21,9.5238,3.5086,7.2805,10.29396836124402,1.4159972055657584,37.858851674641144,6.369234441898538,1.3863244411442086,78.67069486404834,3.2196
2019-10-22,9.541,3.5026,7.2616,10.293518290496115,1.4156935748924666,39.031679617453676,6.369773309989179,1.3860791709604736,77.95893719806763,3.2196
2019-10-23,9.4654,3.5378,7.3526,10.293023596176821,1.4154153007449792,35.90203106332139,6.370366446193168,1.3858710662746525,80.26554013277007,3.2122
2019-10-24,9.5154,3.5119,7.2898,10.292559343283582,1.415120211173736,37.43283582089552,6.370920989953004,1.3856369524789356,78.89022919179735,3.2196
2019-10-25,9.4745,3.5303,7.3174,10.292071241050119,1.414839009372659,36.097852028639615,6.371491501713129,1.3854140530824546,79.32489451476793,3.2372
2019-10-28,9.5669,3.5168,7.1603,10.291638819320216,1.4145278909590455,40.310077519379846,6.37196668755547,1.3851319269496962,75.24096385542168,3.2924
2019-10-29,9.4776,3.5351,7.2483,10.29115369487485,1.4142458782275031,36.17401668653159,6.372494281361878,1.384881743391054,77.54364840457556,3.3029
2019-10-30,9.5145,3.5372,7.1978,10.290691125670042,1.4139516280716122,37.46277546158427,6.372990855199807,1.3846129611699092,75.93261131167269,3.3125
2019-10-31,9.611,3.5056,7.1167,10.290286547619049,1.4136279551960922,42.26190476190476,6.373438064547252,1.3843166609817923,73.96271797955502,3.288
2019-11-01,9.679,3.4809,7.0559,10.28992290303391,1.413286019053723,44.6162998215348,6.373848197921924,1.3840017008229524,72.23557692307693,3.2757
2019-11-04,9.8303,3.4256,6.8772,10.289649643281807,1.4129102561777773,50.0,6.374150511316564,1.3836409793106885,64.86486486486487,3.2954
2019-11-05,9.8976,3.4029,6.8581,10.28941669637552,1.4125227430663314,51.99049316696376,6.374440997204129,1.3832764433300895,64.1656662665066,3.2454
2019-11-06,9.8974,3.4039,6.8482,10.289183907363421,1.412135578616804,51.959619952494066,6.374725195766095,1.3829101333303484,63.76724655068986,3.2555
2019-11-07,9.9518,3.386,6.7748,10.288983679525222,1.4117403967650233,53.23442136498516,6.374965048766235,1.382530213577944,61.21103117505995,3.2736
2019-11-08,9.8809,3.4149,6.844,10.288741637010677,1.4113566411784446,51.5717674970344,6.37524607629843,1.3821636276729898,63.630916716596765,3.2765
2019-11-11,9.6292,3.5674,7.1388,10.288350681683461,1.4110295941951574,43.03497332542976,6.375703294216815,1.3818759919938934,74.79041916167665,3.2463
2019-11-12,9.6866,3.5411,7.0685,10.287994194312796,1.410687562887251,44.90521327014218,6.37611789428012,1.3815663362217558,72.59126271693597,3.255
2019-11-13,9.5661,3.5452,7.2166,10.28756678507993,1.410379213673656,40.023682652457076,6.376620574965359,1.3813059764413447,76.49521531100478,3.237
2019-11-14,9.4699,3.5838,7.3043,10.287082958579882,1.4101020806115732,35.739644970414204,6.377175075518278,1.3810792236150855,79.25881649731022,3.2555
2019-11-15,9.4706,3.5843,7.3235,10.286600118273212,1.4098248154987896,35.77764636309876,6.377740383119522,1.380860258147849,79.62962962962963,3.2355
2019-11-18,9.6028,3.5313,7.2143,10.286195981087472,1.4095061149497612,41.90307328605201,6.378239821696764,1.3805992322438811,76.35820895522389,3.1993
2019-11-19,9.7399,3.4766,7.0927,10.285873301831069,1.409152290877586,47.4896633195511,6.378666110585967,1.38029756245513,72.91169451073985,3.1743
2019-11-20,9.6824,3.4985,7.1533,10.285517060212515,1.4088125610913032,44.8051948051948,6.379128027037615,1.3800155341973281,74.89564698867024,3.1747
2019-11-21,9.5279,3.5784,7.3206,10.285070088495576,1.4085170642485443,38.141592920353986,6.379689094959523,1.3797955795965875,79.4994040524434,3.1749
2019-11-22,9.5749,3.5569,7.2693,10.284651356132075,1.4082072829673906,40.50707547169811,6.380218940644479,1.3795553655690906,77.90351399642644,3.1747
2019-11-25,9.7077,3.4858,7.1136,10.284311373011196,1.4078619353803148,46.14024749558044,6.380655476989333,1.3792607159337658,73.51190476190477,3.1875
2019-11-26,9.6854,3.4981,7.1573,10.283958657243817,1.4075223089775768,44.994110718492344,6.381117490387912,1.3789804370050758,74.95538370017847,3.1675
2019-11-27,9.6924,3.4922,7.1474,10.283610476751031,1.4071811710528563,45.32077692760447,6.381573068574364,1.3786969893818297,74.64328180737218,3.17
2019-11-28,9.6624,3.5,7.1844,10.283245058823528,1.406847865534128,44.23529411764706,6.382050089923993,1.3784261719805866,75.51990493166963,3.165
2019-11-29,9.4599,3.5731,7.4059,10.28276102292769,1.4065758592699986,35.2145796590241,6.382658076806461,1.3782425506311728,81.65083135391924,3.165
2019-12-02,9.492,3.5717,7.329,10.282296415981198,1.4062931398575533,36.54524089306698,6.383219704060582,1.378026260084894,79.8813056379822,3.2062
2019-12-03,9.471,3.5783,7.3839,10.281820023487963,1.4060175615748731,35.7017028772754,6.3838132273677815,1.37783295055987,81.43534994068801,3.1746
2019-12-04,9.365,3.61,7.503,10.281281983568075,1.4057802942628015,31.396713615023476,6.384476645727374,1.3776938569077033,82.98755186721992,3.1751
2019-12-05,9.4183,3.5892,7.44,10.280775835777126,1.4055232846515242,33.87096774193548,6.385101955771375,1.3775251613704895,82.10900473933648,3.1776
2019-12-06,9.5204,3.547,7.3287,10.280330128956624,1.4052318101984205,37.63188745603752,6.3856606283848905,1.3773085819491124,79.69212551805802,3.1751
2019-12-09,9.5336,3.5446,7.2989,10.279892677211482,1.40493633179245,38.664323374340945,6.38620100671129,1.377080121098835,78.81656804733727,3.1903
2019-12-10,9.5216,3.5513,7.3248,10.279448711943793,1.4046447619591482,37.73419203747073,6.3867560622957305,1.3768619718887034,79.53873447664104,3.1776
2019-12-11,9.6023,3.5231,7.244,10.279052486834406,1.4043292212230705,42.012873025160914,6.387262707648983,1.3766127024823913,77.12765957446808,3.1702
2019-12-12,9.7238,3.4745,7.1188,10.278727777777778,1.4039827111051584,47.30994152046784,6.387694802919126,1.37632085211689,73.30183106910809,3.1652
2019-12-13,9.9695,3.3863,6.8478,10.278547048509644,1.4035922667004102,54.23728813559322,6.387966411654121,1.3759599434911178,62.86894923258559,3.1828
2019-12-16,9.9106,3.4034,6.9048,10.278332126168225,1.403210441251607,52.80373831775701,6.388271328225415,1.3756112435169343,65.01474926253688,3.1854
2019-12-17,10.0481,3.3564,6.7388,10.27819772329247,1.4028118273963048,56.042031523642734,6.388478007866793,1.3752319626443794,58.313679245283026,3.2133
2019-12-18,10.0841,3.3448,6.7027,10.278084480746791,1.4024103780380852,56.70945157526255,6.388663171091385,1.37484785515085,56.27578078962876,3.2139
2019-12-19,10.0611,3.3541,6.7254,10.277957959183674,1.4020112373997742,56.326530612244895,6.388861484889328,1.374467231021483,57.53828032979976,3.2139
2019-12-20,10.0929,3.3441,6.7272,10.277850116550116,1.4016097816668103,56.87645687645687,6.3890606246863335,1.3740871811487423,57.56327251324308,3.1808
2019-12-23,10.1093,3.336,6.7258,10.27775195107746,1.4012074663123093,57.25101921956901,6.3892587066718125,1.3737072424430627,57.529411764705884,3.1661
2019-12-24,10.0937,3.3406,6.7537,10.277644819557626,1.4008066389373133,56.868451688009316,6.389472957873063,1.3733318005832928,59.14168136390359,3.1535
2019-12-27,10.231,3.2942,6.645,10.277617684700408,1.400399583186919,59.68586387434554,6.389623091270318,1.3729422578348265,53.67215041128085,3.1292
2019-12-30,10.253,3.2856,6.621,10.277603372093024,1.399992556861533,60.23255813953489,6.389758955573741,1.3725505483874338,52.730475631238996,3.1322
2019-12-31,10.204,3.3051,6.6636,10.277560604299826,1.3995868835673144,59.20976176641487,6.389919660412018,1.3721637720934177,54.636150234741784,3.1365
2020-01-02,10.3198,3.2671,6.541610273454911,10.277585133565621,1.3991808104766734,61.26596980255516,6.3900086285135105,1.371766235198829,49.97067448680352,3.1485
2020-01-03,10.2889,3.2807,6.576411966293774,10.277591700522343,1.398774747676224,60.88218224027858,6.3901178919002515,1.3713715560456285,51.1137162954279,3.1428
2020-01-06,10.2184,3.3088,6.651067908870272,10.277557366589328,1.3983697379408104,59.39675174013921,6.390270762443293,1.370984346711684,54.071470415934385,3.1352
2020-01-07,10.2461,3.2942,6.6219110500580705,10.277539130434784,1.3979645596778123,60.05797101449275,6.390406383220584,1.3705943997083894,52.81030444964871,3.1379
2020-01-08,10.1608,3.318,6.708044744508306,10.277471494785631,1.3975623518381968,58.34298957126304,6.390592245339534,1.3702148784496189,56.58279695728496,3.1337
2020-01-09,10.3222,3.2629,6.569457239735716,10.27749739432542,1.397158086170754,61.46496815286624,6.390696844751463,1.3698209973140847,50.877192982456144,3.1184
2020-01-10,10.3461,3.2486,6.583577812895681,10.277537094907407,1.396754731783422,61.57407407407407,6.390809574715311,1.3694285747106774,51.25657510227937,3.0819
2020-01-13,10.4633,3.2103,6.473214263186566,10.277644534412955,1.3963578959764498,62.637362637362635,6.390857708295026,1.3690300141389211,46.612149532710276,3.084
2020-01-14,10.4258,3.2201,6.492190093805751,10.277730173410404,1.3959588078799645,62.312138728323696,6.3909168632194335,1.3686325442956684,47.16870986573263,3.0994
2020-01-15,10.3819,3.2332,6.542448258025987,10.277790352397458,1.3955577711021006,61.69844020797227,6.391005271267745,1.3682381277275448,49.941656942823805,3.0897
2020-01-16,10.4075,3.22,6.5166554407878925,10.277865242494228,1.3951583175966502,61.83602771362586,6.391078536672714,1.3678425294433705,48.629737609329446,3.0918
2020-01-17,10.4738,3.2043,6.464433141744161,10.277978303519909,1.3947636693682606,62.95441431044432,6.391121284111566,1.3674450617407274,46.15384615384615,3.0832
2020-01-20,10.3886,3.2302,6.548336122287893,10.278042099192618,1.3943639595319879,61.70703575547867,6.391212847791342,1.3670520580804049,50.26208503203261,3.0776
2020-01-21,10.0907,3.3234,6.876415254640412,10.277934121037465,1.39396931930316,56.138328530259365,6.391495270612558,1.366704242786825,64.37718277066357,3.0337
2020-01-22,10.2245,3.2772,6.75222936084894,10.277903341013825,1.3935683623744304,59.21658986175116,6.391705121741259,1.3663343422798275,59.453170447934845,3.0282
2020-01-23,10.052,3.3333,6.9550690011937935,10.277773287276915,1.39317770037591,55.49798503166379,6.392032658880476,1.366004597701491,67.90697674418604,2.9932
2020-01-24,10.0685,3.3254,,10.277652876869967,1.3927858845665255,55.81127733026467,6.392032658880476,1.366004597701491,,
2020-01-29,9.7761,3.4181,,10.277364462334676,1.3924372852459688,48.36112708453134,6.392032658880476,1.366004597701491,,
2020-01-30,9.5258,3.5119,,10.276932528735632,1.3921536312323326,37.35632183908046,6.392032658880476,1.366004597701491,,
2020-01-31,9.4632,3.5295,,10.276465134979896,1.3918903124705164,34.692705341757616,6.392032658880476,1.366004597701491,,
2020-02-03,9.4767,3.5185,7.729096439688922,10.276006027554535,1.3916226008166623,35.246842709529275,6.392809569851312,1.3659877385239567,86.51946542707728,2.8231
2020-02-04,9.6044,3.4692,7.5567945483320145,10.275620711417098,1.3913162885155352,41.537578886976476,6.393485519316166,1.3658789335899437,83.68176538908246,2.8551
2020-02-05,9.64,3.4575,7.529443983402489,10.27525625,1.3910005702268715,42.88990825688073,6.3941448103574245,1.365756558290759,83.51712130005804,2.844
2020-02-06,9.9048,3.3651,7.256915014942251,10.275043954154729,1.3906302069166134,52.09169054441261,6.394645257111823,1.3655184148495172,77.61020881670534,2.8392
2020-02-07,9.8798,3.3704,7.319262381829592,10.274817583046964,1.3902640766500822,51.431844215349365,6.395181267039196,1.3653039613602285,79.42028985507247,2.8024
2020-02-10,9.8227,3.389,7.393300269783257,10.274558786491129,1.3899081872534087,49.7424155695478,6.395759551513556,1.3651196957608305,81.6917728852839,2.7872
2020-02-11,9.9515,3.3436,7.2147363714012975,10.274373970251716,1.3895320316545678,53.289473684210535,6.396233770864967,1.3648666106056282,76.08569774174869,2.834
2020-02-12,10.027,3.3167,7.139772703700011,10.274232532875928,1.3891473248803878,54.83133218982276,6.396664059599247,1.364588792106283,74.13194444444444,2.8333
2020-02-13,9.999,3.3193,7.18090010001,10.274075257142858,1.3887659449533138,54.34285714285715,6.39711763741325,1.3643244099102674,75.0722961249277,2.8201
2020-02-14,10.0215,3.3128,7.115446125829467,10.273931010850943,1.388382437904365,54.82581382067389,6.39753285619268,1.3640393116471385,73.06358381502889,2.8631
2020-02-17,10.0793,3.2955,7.028523901461412,10.273819920091324,1.3879939378936204,56.39269406392694,6.397897380193413,1.3637295370894007,70.6528018486424,2.8928
2020-02-18,9.9349,3.347,7.199126578022929,10.273626583000569,1.387621587952805,52.76668568168853,6.398359983656364,1.363471644115,75.635103926097,2.8664
2020-02-19,10.2394,3.3263,6.888597238119421,10.273607069555302,1.3872262129687913,60.14823261117446,6.39864286724232,1.3631290424505615,64.51240623196769,2.8776
2020-02-20,10.2577,3.3345,6.863074091657975,10.273598005698005,1.3868309874621314,60.56980056980057,6.398910705318684,1.362781540227825,63.437139561707035,2.8857
2020-02-21,10.1356,3.3773,7.019214136311614,10.273519419134397,1.386439956486734,57.57403189066059,6.399268228910035,1.362470093123108,70.2593659942363,2.847
2020-02-24,9.9405,3.2486,7.24785614405714,10.273329880478089,1.3860681095101572,52.87421741605009,6.399757046833506,1.3622297930965526,77.41935483870968,2.812
2020-02-25,9.9698,3.2319,7.208291480270417,10.273157224118316,1.3856927352896031,53.58361774744027,6.400222524342682,1.3619757076316465,75.93552101324123,2.822
2020-02-26,9.8974,3.2564,7.306363588417161,10.272943604320638,1.3853277478047257,51.64866401364412,6.400743894345026,1.3617572049086588,79.22899884925202,2.7973
2020-02-27,9.9677,3.2472,7.262204667074651,10.272770170454544,1.3849532345452094,53.52272727272728,6.401239271442628,1.3615222501447677,77.80333525014376,2.7702
2020-02-28,9.7569,3.5312,7.511557006836187,10.272477228847245,1.3846144906798445,47.47302668938103,6.401877385083659,1.3613910422417823,83.44827586206897,2.7376
2020-03-02,9.8447,3.5028,7.414949855252066,10.272234449489217,1.3842590172562448,49.716231555051074,6.402459276221032,1.3612164327842289,81.96438828259622,2.7428
2020-03-03,9.8526,3.5449,7.401805180358483,10.27199642654566,1.383902442657238,50.02836074872376,6.403032953548323,1.3610361793738086,81.80252583237659,2.7478
2020-03-04,9.8321,3.5511,7.497767180968459,10.271747052154195,1.383549746549112,49.54648526077097,6.4036610282628486,1.3608981906997464,83.1899024670109,2.673
2020-03-05,10.0881,3.4369,7.229769382738077,10.27164300283286,1.3831646541584834,56.600566572237966,6.40413471424592,1.3606516913781666,76.43348623853211,2.6829
2020-03-06,9.8472,3.5423,7.52717101307986,10.271402661381654,1.382809854331944,49.830124575311444,6.404778288056139,1.3605272540670204,83.61031518624642,2.628
2020-03-09,9.4225,3.6846,8.09239466702043,10.270922241086588,1.3825659261723262,32.93718166383701,6.405744849556119,1.3607367499528502,90.6643757159221,2.5205
2020-03-10,9.5266,3.6393,7.883924401150463,10.270501244343892,1.3822881615411844,37.047511312217196,6.406590974084794,1.3608066115634172,88.6090440755581,2.613
2020-03-11,9.4617,3.7123,7.961025245991734,10.270044036178632,1.3820311247055654,34.143583945732054,6.407480238542406,1.3609249675686963,89.41647597254004,2.6079
2020-03-12,9.225,3.8531,8.202208401084011,10.26945361581921,1.3818638118941076,23.898305084745765,6.408506383861184,1.3612121101147392,91.7095483133219,2.6379
2020-03-13,9.1339,3.8494,8.272325840002626,10.268812422360249,1.381736972714235,19.367588932806324,6.409571423550408,1.3615518781952893,92.45714285714286,2.6759
2020-03-16,8.7667,4.0125,8.731000734597966,10.267964729119639,1.3818076019295582,8.465011286681715,6.4108971970004625,1.3622924524304831,96.40205596801827,2.6758
2020-03-17,8.8236,3.9796,8.619742667391993,10.267150084602369,1.381843443205445,9.419063733784546,6.4121579535474895,1.3629250467319944,95.49086757990868,2.7135
2020-03-18,8.4172,4.1712,9.166835299149362,10.266107271702367,1.3821515798664321,4.058624577226606,6.413729361046407,1.364122899644251,97.43297204791786,2.7136
2020-03-19,8.259,4.2366,9.378103390240948,10.264976507042253,1.3825827380300897,3.0422535211267605,6.41541942605735,1.36556856532653,97.89053591790193,2.7299
2020-03-20,8.7045,4.0214,8.806810643919812,10.264097860360359,1.3826890641847636,6.925675675675675,6.416782042135905,1.3663717088417542,96.52421652421653,2.6815
2020-03-23,8.3421,4.2145,9.355889266491651,10.263016263365222,1.3830512756003568,3.376477208778841,6.4184557934026225,1.3677810438886142,97.66514806378133,2.6315
2020-03-24,8.7073,4.0225,8.855716356390614,10.262141282339709,1.3831541688099027,7.058492688413947,6.419842965037789,1.3686267477962024,96.58508821855435,2.6289
2020-03-25,8.9685,3.8976,8.521236589173217,10.261414109050028,1.3831052885403285,13.546936481169197,6.421038297019663,1.3691545254495416,94.08418657565414,2.6289
2020-03-26,8.8829,3.9079,8.66358479775749,10.26063966292135,1.3831024966852454,11.404494382022472,6.42231319554197,1.3698086721455116,95.79306424104604,2.594
2020-03-27,8.833,3.8904,8.712181931393637,10.259838068500843,1.3831276736215894,9.91016282987086,6.423614257323703,1.370506199770009,95.9659090909091,2.609
2020-03-30,8.7185,3.946,8.855662935137923,10.258973120089786,1.3832212602287624,7.463524130190796,6.424995318469539,1.371341511650156,96.53605905735377,2.6142
2020-03-31,8.8913,3.8727,8.657049265011866,10.258206057206953,1.383212376310264,11.66573191250701,6.4262620914244435,1.371982560131661,95.51645856980704,2.5899
2020-04-01,8.7172,3.7312,8.9166,10.257342264573992,1.3833055978800406,7.399103139013453,6.427674648377691,1.3728744315735368,96.7101531480431,2.555
2020-04-02,8.8338,3.688,8.7348,10.256544761904763,1.3833282371935791,10.084033613445378,6.428982542567954,1.3735834515431797,96.03174603174604,2.5854
2020-04-03,8.7996,3.6874,8.7678,10.255729003359463,1.3833703114491396,9.29451287793953,6.430307651608991,1.374321636630244,96.09065155807366,2.5965
2020-04-06,8.9768,3.6092,8.5434,10.255013318410745,1.383313886351107,14.157806379406827,6.431504193142621,1.3748517807225582,93.99773499433749,
2020-04-07,9.1456,3.5466,8.423,10.25439284116331,1.3831757179381483,20.693512304250557,6.432631242269308,1.3752784917151937,92.86926994906621,2.5112
2020-04-08,9.0265,3.5903,8.5961,10.253706484069312,1.3830936187574212,16.657350475125767,6.433854923693365,1.3758513864726374,94.68325791855203,2.4824
2020-04-09,9.1463,3.5374,8.4108,10.25308782122905,1.3829548079146887,20.782122905027933,6.4349724731994735,1.3762648892089193,92.50989259468626,2.5226
2020-04-14,9.2297,3.5093,8.2755,10.252516415410385,1.3827800147004325,25.01395868230039,6.436012319259813,1.376570998329659,91.46892655367232,2.5591
2020-04-15,9.1238,3.547,8.4148,10.251886551339286,1.3826511132590837,19.866071428571427,6.4371296471427835,1.3769849063279709,92.71597967250142,2.5455
2020-04-16,9.1013,3.548,8.4598,10.251244841048521,1.3825323927839506,18.90686001115449,6.438271108967195,1.3774341739420697,93.17155756207674,2.5276
2020-04-17,9.2272,3.5015,8.2785,10.2506740245262,1.3823583453486823,24.972129319955407,6.439309027123445,1.3777386225398636,91.42695995487874,2.559
2020-04-20,9.2117,3.5089,8.2638,10.250095208913649,1.3821906735100058,24.289693593314762,6.440337488776701,1.378030871384409,91.0935738444194,2.592
2020-04-21,9.0193,3.5867,8.5082,10.24940991091314,1.3821108219918634,16.258351893095767,6.441502481740772,1.3785162054975966,93.52112676056338,2.5791
2020-04-22,9.0706,3.5576,8.4679,10.248753923205342,1.3820058494828866,18.14134668892599,6.442643471334385,1.3789661826176152,93.18693693693693,2.5567
2020-04-23,9.2511,3.5408,8.2868,10.248199054505006,1.3818216849157632,25.917686318131256,6.443681263415796,1.3792716984225362,91.38998311761397,2.5227
2020-04-24,9.1884,3.5678,8.3734,10.247609949972206,1.3816634067435247,23.235130628126736,6.444766594538734,1.3796425852604062,91.95725534308211,2.51
2020-04-27,9.3838,3.4988,8.1222,10.247130055555555,1.381429522166558,32.05555555555556,6.445709502580027,1.3798277083859978,89.3760539629005,2.5345
2020-04-28,9.6024,3.4585,7.8887,10.246772071071627,1.3811294637058729,41.97667962243198,6.446520171398802,1.3798637666594253,87.02247191011236,2.5254
2020-04-29,9.765,3.4527,7.7398,10.246504716981132,1.3807928053813285,48.55715871254162,6.447246325148719,1.3798164846925196,85.06457046603032,2.5009
2020-05-04,9.3587,3.5885,8.1473,10.24601231281198,1.3805680838384984,30.976150859678313,6.448200339556604,1.3800167007433624,89.56228956228956,
2020-05-05,9.4517,3.5637,8.0422,10.245572006651885,1.3803120145231615,34.811529933481154,6.449094338244459,1.380145722507847,88.39035333707234,
2020-05-06,9.5539,3.5261,7.886,10.245188808864267,1.3800255835947892,39.86149584487534,6.4498997786378185,1.380177957452455,86.88340807174887,2.5809
2020-05-07,9.6701,3.5517,7.7114,10.244870376522702,1.3797097929292765,44.629014396456256,6.450606501450907,1.3801141473916212,84.48179271708683,2.6298
2020-05-08,9.783,3.5697,7.6012,10.244614775871609,1.3793707418463685,49.25290536801328,6.45125073073341,1.3799961670326544,83.03471444568868,2.6207
2020-05-11,9.9476,3.5053,7.3829,10.24445049778761,1.3790069076269824,54.0929203539823,6.451772078953479,1.379785915325526,79.51874650251818,2.6698
2020-05-12,9.802,3.5565,7.5417,10.244205914870093,1.37866492868933,49.97236042012162,6.452381658327668,1.3796406879666927,81.87919463087249,2.6603
2020-05-13,9.7732,3.5797,7.5246,10.243945690607736,1.3783284678067513,48.89502762430939,6.452980997814348,1.3794878543960465,81.5539407490218,2.7076
2020-05-14,9.6469,3.6231,7.6671,10.243616013252348,1.3780192528092559,43.73274434014356,6.453659276586519,1.3794008374747893,83.96648044692738,2.6989
2020-05-15,9.606,3.7132,7.7282,10.243264128035321,1.377720336798593,42.16335540838852,6.454370912948001,1.3793443297712087,84.7571189279732,2.682
2020-05-18,9.6788,3.5413,7.6066,10.242952785438499,1.3774040892547312,44.84280198565913,6.455013897929615,1.3792278705985102,83.09151785714286,2.7253
2020-05-19,9.8441,3.5733,7.4312,10.242732910694599,1.3770562028280076,50.88202866593164,6.455558340819782,1.3790358073357847,80.11712214166202,2.7272
2020-05-20,9.8641,3.5684,7.4478,10.242524297520662,1.3767054679872284,51.790633608815426,6.45611142981598,1.3788503161488075,80.37904124860647,2.69
2020-05-21,9.81,3.4737,7.5087,10.242286123348018,1.3763637701178042,50.330396475770925,6.456697830133632,1.3786899247828304,81.28133704735376,2.685
2020-05-22,9.3178,3.4821,8.1145,10.241777325261419,1.376155790756434,29.168959823885526,6.457620882566742,1.378860743857495,89.25389755011136,2.6176
2020-05-25,9.3311,3.4975,8.0316,10.241276402640265,1.3759429463440243,30.08800880088009,6.458496775230867,1.3789767232633232,88.36950473010573,2.6852
2020-05-26,9.4928,3.4305,7.7941,10.240864925783399,1.3756765611559387,36.5585486531061,6.459239602385911,1.3789527791689147,85.65072302558399,2.7402
2020-05-27,9.4547,3.4545,7.824,10.240432967032968,1.3754219634975338,34.72527472527472,6.459998224063296,1.378944722028395,85.88104502501389,2.7527
2020-05-28,9.3914,3.3199,7.9279,10.239966721581549,1.3751881130336931,32.28995057660626,6.460813725049928,1.3789954946224006,87.5,2.7201
2020-05-29,9.3513,3.3368,7.9885,10.239478979143797,1.3749682178913252,30.461031833150383,6.461661968400816,1.3790822421721576,88.00666296501943,2.7053
2020-06-01,9.7872,3.1535,7.4921,10.239230883159628,1.37463184153207,49.64344487109161,6.46223379860703,1.378913093246684,80.52164261931188,2.7253
2020-06-02,9.8624,3.1385,7.3543,10.239024287280701,1.374283281170458,51.91885964912281,6.462728566328269,1.3786906335560327,77.98114254021075,2.7852
2020-06-03,9.9736,3.1827,7.2365,10.23887884931507,1.3739207543823282,55.342465753424655,6.463157486191723,1.3784287842365206,74.16851441241685,2.7901
2020-06-04,9.9759,3.3201,7.1941,10.238734830230012,1.373558271687094,55.36692223439211,6.4635624404930025,1.378154229193082,72.63157894736842,2.8301
2020-06-05,10.1223,3.3002,7.0317,10.238671100164204,1.3731850152691982,58.94909688013136,6.463877023859284,1.3778374508443005,68.10631229235881,2.8475
2020-06-08,10.0981,3.1858,7.0928,10.23859420131291,1.3728133011695005,58.369803063457326,6.46422507199218,1.3775355582562687,69.45213060320974,2.8101
2020-06-09,10.2218,3.1708,6.9799,10.23858501913614,1.3724380153292908,61.12629852378348,6.464510290425813,1.37720791932557,65.65265486725663,2.8031
2020-06-10,10.2528,3.1938,6.9333,10.238592786885247,1.3720630212399052,61.967213114754095,6.464769433438292,1.3768713043486025,64.01326699834162,2.8201
2020-06-11,10.0486,3.213,7.1816,10.238489022392136,1.371695476478213,57.01802293828509,6.465165472425342,1.376593961728608,72.26519337016575,2.7701
2020-06-12,9.9636,3.2528,7.2914,10.238338973799125,1.3713360850913294,54.748908296943235,6.465621703528365,1.3763507154641448,76.20099392600773,2.7451
2020-06-15,9.769,3.2973,7.4487,10.23808292416803,1.3710057690605593,48.608837970540094,6.466164241219574,1.3761645658956119,80.13245033112582,2.7878
2020-06-16,10.011,3.2123,7.1488,10.237959105779717,1.3706421946814888,55.99781897491821,6.466540763976762,1.3758783433109345,71.42857142857143,2.8402
2020-06-17,10.0536,3.1978,7.0665,10.23785863760218,1.3702754267085102,57.32970027247957,6.466871502254613,1.3755711405821667,68.7431091510474,2.8802
2020-06-18,10.0682,3.2431,7.0796,10.237766230936819,1.3699079262204152,57.62527233115469,6.467209093713427,1.3752673080281628,68.98071625344353,2.8527
2020-06-19,10.1415,3.1396,6.9853,10.237713826891671,1.369536850708458,59.49918345127926,6.467494386062704,1.3749423248343684,65.80396475770925,2.8752
2020-06-22,10.0821,3.2673,7.0034,10.237629162132754,1.369169047014248,57.94341675734495,6.467789325861238,1.3746213794080901,66.48321408915795,2.9153
2020-06-23,10.265,3.2465,6.8291,10.237644045676998,1.3687968860001085,62.53398586188146,6.467988066606088,1.3742693801717727,59.35093509350935,2.9127
2020-06-24,10.1908,3.2685,6.9514,10.237618586956522,1.3684253152891044,60.54347826086956,6.468253823578817,1.3739383017385198,64.21110500274875,2.8614
2020-06-26,10.0859,3.0861,7.0534,10.237536175991309,1.3680581793280708,57.95763172189028,6.468575332466961,1.373629237444644,68.35164835164835,
2020-06-29,10.0085,3.0908,7.1411,10.237411834961998,1.3676971831513767,55.700325732899024,6.468944648594108,1.3733424024347831,71.27951674903899,2.8504
2020-06-30,10.0713,3.0992,7.1062,10.237321703743897,1.3673315528250531,57.677699403147045,6.469294404549873,1.3730465948214439,69.75850713501647,2.823
2020-07-02,10.3842,3.555,6.7716,10.237401355748373,1.3669650279701322,63.93709327548807,6.469460233181497,1.3726882035448482,57.10367526055952,2.8584
2020-07-03,10.5082,3.0405,6.619,10.2375481300813,1.3666090606669632,65.47425474254742,6.469542217702779,1.372316331251862,49.780701754385966,2.8974
2020-07-06,10.8805,3.0208,6.195,10.23789642470206,1.3663207632471908,70.4225352112676,6.469391783610886,1.371955346187813,37.64383561643835,2.9959
2020-07-07,10.7186,3.1924,6.3138,10.23815668651868,1.3659966074211698,68.21873308067136,6.469306574528953,1.3715844528080976,40.279299014238774,3.0158
2020-07-08,10.8595,3.149,6.1453,10.238492911255411,1.3657034150928529,70.23809523809523,6.469129231028937,1.3712299770790535,36.507936507936506,3.0632
2020-07-09,10.9346,3.123,6.0644,10.238869388858843,1.3654299735981,71.11952406706328,6.468907825541504,1.3708875283180435,34.491247264770244,3.0809
2020-07-10,10.6982,3.1883,6.3169,10.239117675675676,1.365102638499727,67.83783783783784,6.46882471574077,1.3705173193110796,40.40459267359213,3.0305
2020-07-13,10.6825,3.1934,6.3054,10.239357212317667,1.3647727307691602,67.47703943814155,6.468735412617415,1.3701481327823872,40.21857923497268,3.0557
2020-07-14,10.5359,3.2379,6.4857,10.23951733261339,1.3644216128096003,65.92872570194385,6.4687446778207915,1.3697739860676192,44.347351174221735,3.0057
2020-07-15,10.5685,3.2187,6.5062,10.23969487317863,1.3640747954642256,66.27091203453858,6.4687651228656495,1.3694003678755702,45.36026200873363,2.9559
2020-07-16,10.3232,3.3037,6.741,10.239739913700108,1.3637082506434104,63.21467098166127,6.468913641620223,1.3690415347242217,55.59192580469177,2.9459
2020-07-17,10.3799,3.2823,6.6833,10.239815471698114,1.3633445065656455,63.50404312668464,6.469030537126428,1.3686773947470918,52.726281352235546,2.9507
2020-07-20,10.3995,3.2871,6.6848,10.23990150862069,1.362982214030251,63.793103448275865,6.4691481226647785,1.3683136733188526,52.80653950953679,2.9311
2020-07-21,10.6525,3.1862,6.4864,10.240123694130318,1.3626487998756724,67.09746903607969,6.469157519112129,1.3679410473421028,44.33551198257081,2.9011
2020-07-22,10.4127,3.2719,6.7176,10.240216576964478,1.3622879328844442,63.99354144241119,6.469292762705427,1.367580944412049,54.43658138268916,2.8861
2020-07-23,10.5058,3.2342,6.6122,10.240359440559441,1.3619354022666346,65.14254975793438,6.469370514194705,1.3672129254218026,49.61915125136017,2.9064
2020-07-24,10.2497,3.3249,6.8952,10.24036446236559,1.3615692585934616,61.505376344086024,6.46960206910814,1.3668771971381841,62.044589450788465,2.8612
2020-07-27,10.2009,3.3446,6.924,10.24034325631381,1.3612037001130386,60.29016657710908,6.469849024505363,1.366546749183468,63.315217391304344,2.8791
2020-07-28,10.3067,3.2972,6.781,10.24037889366273,1.3608389974859936,62.67454350161117,6.47001803644208,1.3661947921751456,57.9033134166214,2.9214
2020-07-29,10.3312,3.2905,6.7379,10.240427643585615,1.360475346928723,63.177670424047236,6.470163466389723,1.365838150264178,55.537459283387626,2.9415
2020-07-30,10.3333,3.3144,6.7411,10.240477467811159,1.360112063755403,63.19742489270386,6.4703104748181595,1.3654821292083135,55.670103092783506,2.9364
2020-07-31,10.2922,3.3234,6.7497,10.240505201072386,1.359747900739485,62.41286863270778,6.470461987575851,1.365127325085915,56.23644251626898,2.9664
2020-08-03,10.4192,3.3267,6.6511,10.240600964630225,1.359389794407576,64.2550911039657,6.4705598943576526,1.3647637976366707,51.16531165311653,2.9466
2020-08-04,10.625,3.263,6.4753,10.240806855918587,1.3590547905525172,66.89876807712909,6.470562462128857,1.364394097686514,43.66197183098591,2.9365
2020-08-05,10.735,3.2333,6.3561,10.24107141327623,1.358739055932526,68.73661670235546,6.470500490032414,1.3640272923564913,40.93123984840282,2.9592
2020-08-06,10.7644,3.2593,6.3084,10.24135141787052,1.358429421146278,69.07437132156234,6.470412773317029,1.3636633981037347,39.88095238095239,2.9816
2020-08-07,10.5446,3.3346,6.4917,10.241513582887702,1.3580842516206393,66.0427807486631,6.470424286149199,1.3632946810632072,44.29421308815576,2.9918
2020-08-10,10.428,3.3794,6.6353,10.24161325494388,1.3577281144898432,64.35061464457509,6.470513408156686,1.3629315609392048,50.54054054054053,2.9543
2020-08-11,10.6573,3.3041,6.4288,10.24183530982906,1.3573994080318508,67.3076923076923,6.470490872549902,1.3625636950909716,42.355483522420315,2.9544
2020-08-12,10.7261,3.261,6.3611,10.242093860117459,1.3570831069570268,68.60651361452216,6.470431806204033,1.3621981530245728,41.090712742980564,2.962
2020-08-13,10.8547,3.2664,6.2572,10.24242075773746,1.3567947380683665,70.4375667022412,6.4703167323744575,1.3618395418955367,38.80194279546681,2.9555
2020-08-14,10.8389,3.2838,6.2891,10.24273888,1.3565027844897113,70.18666666666667,6.470218988721612,1.3614787232032302,39.428263214670984,2.9369
2020-08-17,11.0079,3.179,6.1423,10.243146748400854,1.3562561924573742,72.49466950959487,6.470042212986452,1.3611329810917037,35.95687331536388,2.9421
2020-08-18,11.0466,3.1623,6.0755,10.243574800213107,1.3560216117363415,73.46830047948855,6.469829636363076,1.3607970475640743,34.428879310344826,2.9771
2020-08-19,11.0806,3.1975,6.0327,10.24402050053248,1.355798049631594,74.01490947816826,6.469594240759219,1.3604683990319701,32.47172859450727,2.9921
2020-08-20,11.0413,3.2538,6.0596,10.244444811069718,1.3555619444772735,73.12400212879191,6.469373576474633,1.3601354793997502,33.79978471474704,2.9973
2020-08-21,11.1733,3.2072,5.9676,10.244938882978724,1.3553705925748987,75.2127659574468,6.469103660618542,1.3598193793136637,30.76923076923077,2.9823
2020-08-24,11.4043,3.094,5.7688,10.245555236576289,1.355273778939272,79.05369484316853,6.4687271532741235,1.3595507079857483,26.10215053763441,2.9998
2020-08-25,11.3859,3.1058,5.7404,10.24616115834219,1.3551684924691927,78.586609989373,6.468335789946195,1.359290181405108,25.362708221386356,3.0424
2020-08-26,11.4338,3.0963,5.6949,10.246791874668084,1.3550848729027543,79.44768985661179,6.467920410896815,1.3590432626971154,24.489795918367346,3.0511
2020-08-27,11.625,3.2887,5.5423,10.247523407643312,1.355097053597896,81.68789808917197,6.467423566875937,1.3588476077362563,21.631776704240472,3.0599
2020-08-28,11.6479,3.2752,5.518,10.248266312997348,1.3551212720366352,81.90981432360742,6.466914219468814,1.3586609416111504,21.40557939914163,3.0672
2020-08-31,12.1223,3.1326,5.2316,10.249259968186639,1.3554486864092816,86.05514316012726,6.466251852595104,1.3585976431974647,18.284182305630026,3.0177
2020-09-01,12.1377,3.1557,5.191,10.250260731319553,1.355786262807951,86.16852146263912,6.465568437883102,1.358554175175621,18.060021436227224,3.0478
2020-09-02,12.0997,3.1798,5.162,10.25124030720339,1.3560949440112937,85.80508474576271,6.464870222329871,1.358525140062569,18.050348152115696,3.1027
2020-09-03,12.0156,3.2251,5.2174,10.252174325039704,1.3563432606387382,85.07146638433034,6.464202411718345,1.3584679534509863,18.361884368308353,3.1051
2020-09-04,11.8748,3.2662,5.2985,10.253032857142857,1.3564977003414027,84.17989417989418,6.4635787079132525,1.3583719861756478,19.101123595505616,3.1228
2020-09-07,14.0018,2.3397,3.9965,10.25501528291909,1.3588747764255005,99.36541512427287,6.462259414486561,1.3592059405063621,3.6363636363636362,3.1454
2020-09-08,14.1018,2.3287,3.9683,10.257048467230444,1.3613896479844756,99.52431289640592,6.460926459160807,1.3600646823577114,3.3671833244254405,3.123
2020-09-09,13.9625,2.3559,4.0816,10.259005916534601,1.3636906190042262,99.20760697305863,6.459655451436896,1.360812381950673,5.235042735042735,3.0805
2020-09-10,14.0142,2.3567,4.0523,10.26098859556494,1.3660569728297254,99.36642027455122,6.458370157549316,1.3615851641953536,4.671649759743727,3.0833
2020-09-11,14.1359,2.3241,3.9396,10.263033403693932,1.3685927687320334,99.52506596306068,6.4570260966328,1.3624641101872317,3.0949839914621133,3.1346
2020-09-14,14.2451,2.205,3.8668,10.26513364978903,1.3712830422139213,99.73628691983122,6.4556446427145975,1.3634129198263547,2.3466666666666667,3.1532
2020-09-15,14.2429,2.2213,3.9127,10.267230521876648,1.3739586579745717,99.68371112282551,6.454289128512723,1.3643126723827852,2.55863539445629,3.1083
2020-09-16,14.3012,2.2596,3.8664,10.269355900948366,1.3767123827377319,99.73656480505795,6.4529103916301915,1.365255845461874,2.344166222695791,3.126
2020-09-17,14.1042,2.2802,3.9567,10.271375302790943,1.379158775107922,99.31542917324909,6.451581206118141,1.366106576729149,3.3546325878594248,3.1334
2020-09-18,14.1617,2.2493,3.9451,10.273422842105264,1.3816798591319426,99.36842105263159,6.450247261889233,1.3669658710958186,3.2996274614156467,3.1162
2020-09-21,13.8816,2.2959,4.1039,10.275320883745396,1.383791845658115,98.79011046817465,6.448999204835037,1.3676726861596007,5.851063829787234,3.0999
2020-09-22,13.7976,2.3085,4.1613,10.27717276550999,1.3857822755963942,98.68559411146161,6.447782990478399,1.3683256179912873,6.911217437533226,3.0863
2020-09-23,13.803,2.3037,4.1558,10.279025538623227,1.3877724961124827,98.73883342091435,6.4465651461689,1.3689813505931048,6.8544102019128585,3.089
2020-09-24,13.5396,2.3527,4.3017,10.280738025210084,1.38941777364479,98.47689075630252,6.445426078114641,1.3695095871832208,9.559214020180564,3.084
2020-09-25,13.4717,2.3558,4.2935,10.282413070866141,1.3909746851363038,98.34645669291339,6.444283866820525,1.3700429338869482,9.447983014861997,3.1295
2020-09-28,13.6085,2.3277,4.2391,10.284158132214062,1.3926940221973714,98.53095487932843,6.443114008005235,1.3706203925898721,8.541114058355438,3.1092
2020-09-29,13.5309,2.3467,4.2613,10.285860671211326,1.3943114258722655,98.37441006816991,6.441957160705126,1.3711771845541352,8.98727465535525,3.1292
2020-09-30,13.7714,2.3099,4.1132,10.287687473794549,1.3962268743809183,98.58490566037736,6.4407230551615635,1.3718611164780599,5.9353471118177,3.1482
2020-10-05,13.9598,2.2752,4.0152,10.289611052907281,1.3983877125845972,98.79518072289156,6.439438350153533,1.3726327004961976,4.343220338983051,
2020-10-06,14.0192,2.2641,3.9849,10.291563717277487,1.40062243358201,99.05759162303664,6.438138965108454,1.3734303096959004,3.8115404976177873,
2020-10-07,14.2175,2.2289,3.8854,10.293618105703821,1.4031314356767015,99.47671376242805,6.436788309571359,1.3743212194710523,2.5396825396825395,
2020-10-08,14.2156,2.2299,3.8863,10.295669351464436,1.4056275720806342,99.42468619246861,6.435439558482215,1.3752084039263819,2.5912215758857746,
2020-10-09,14.1716,2.2374,3.8691,10.297695452169368,1.408050059453512,99.2681651855724,6.434083142225089,1.3761096478375774,2.431289640591966,3.1873
2020-10-12,14.5257,2.1187,3.6982,10.299904440961338,1.410993926701022,100.0,6.432637879075473,1.377181682689987,1.531959852086635,3.1861
2020-10-14,14.6355,2.1072,3.6177,10.302168459530026,1.4140986414596541,100.0,6.431151639434989,1.3783357581583493,1.3727560718057021,3.215
2020-10-15,14.2707,2.1741,3.7774,10.304239718162838,1.4166322250970513,99.58246346555325,6.429751242791488,1.3793191320434,2.163588390501319,3.23
2020-10-16,14.503,2.1313,3.6749,10.306429994783516,1.419504012632826,99.89567031820553,6.428298262178201,1.3804051806731266,1.5822784810126582,3.2202
2020-10-19,14.6256,2.1152,3.6368,10.308681908237746,1.4225548842332936,99.94786235662147,6.426826729093237,1.3815279906600753,1.58144438587243,3.2005
2020-10-20,14.6486,2.1089,3.6311,10.310943460135487,1.425628876658725,100.0,6.42535374346147,1.3826532065004258,1.5279241306638567,3.1955
2020-10-21,14.7412,2.0948,3.5982,10.313250885416666,1.4288373962112382,100.0,6.423864984249535,1.383809929416281,1.2111637704054765,3.1855
2020-10-22,14.7512,2.0971,3.6084,10.315561114003124,1.4320477914853167,100.0,6.422383160573616,1.38495194493132,1.3157894736842104,3.1707
2020-10-23,14.8174,2.0939,3.5531,10.317903381893862,1.4353511453225571,100.0,6.4208738059389106,1.3861498427136123,1.1046817464492371,3.1957
2020-10-27,14.7441,2.0859,3.6215,10.32020509620385,1.4385214939710735,99.8959958398336,6.419402000573013,1.3872703946442486,1.5772870662460567,3.1609
2020-10-28,14.8152,2.0707,3.5688,10.322541372141371,1.4417921612350872,99.94802494802495,6.417904048917429,1.3884436106557858,1.1560693641618496,3.181
2020-10-29,14.399,2.0827,3.7589,10.324659012987013,1.444407404217737,99.37662337662337,6.416507513177453,1.3894152067073,2.4684873949579833,3.186
2020-10-30,13.9185,2.1306,4.0037,10.32652497403946,1.4463512708702706,97.92315680166148,6.415240947553737,1.3901494951952738,5.039370078740157,3.181
2020-11-02,14.1463,2.0976,3.8905,10.3285072132849,1.4485904139559778,98.54696419304618,6.413916319564465,1.3909868062709163,3.305351521511018,3.1785
2020-11-03,14.3248,2.0729,3.8047,10.33057997925311,1.4510702538582894,99.27385892116183,6.412548088667996,1.3919043905560737,2.7267960146827477,3.1762
2020-11-04,14.0503,2.1199,3.9486,10.332508294453085,1.4531628963512395,98.2374287195438,6.411256711263034,1.392681817219346,4.219077568134172,3.1687
2020-11-05,14.9347,2.0286,3.5047,10.334892849740932,1.4565564739600312,100.0,6.409734156673583,1.3939044828591234,0.9429020429544265,3.1912
2020-11-06,14.8035,2.0526,3.5489,10.337206991196272,1.4597238480944983,99.84464008285863,6.4082363377433875,1.3950753434142371,1.0994764397905759,3.2063
2020-11-09,15.0239,2.0652,3.4198,10.33963281573499,1.463234098728186,100.0,6.406672530135986,1.3963837830929056,0.837257980115123,3.2363
2020-11-10,14.9228,2.089,3.4771,10.34200382824625,1.4665631660470793,99.89653388515262,6.405140326929848,1.3976244870259877,0.9937238493723849,3.2241
2020-11-11,14.5647,2.1563,3.6268,10.344187228541882,1.4693231386167331,99.37952430196484,6.403687979660151,1.398701582785375,1.986408782017773,3.2391
2020-11-12,14.554,2.0931,3.6096,10.34636284237726,1.4720560326548842,99.328165374677,6.402228163578824,1.399793094114608,1.671891327063741,3.2614
2020-11-13,14.6026,2.0778,3.5766,10.34856131198347,1.4748498385310318,99.3801652892562,6.400752639733613,1.4009156343984794,1.4099216710182767,3.2715
2020-11-16,14.5978,2.0808,3.5763,10.350755033557046,1.4776250931748824,99.32885906040269,6.399278499524985,1.402034870387155,1.4091858037578289,3.2741
2020-11-17,14.536,2.0958,3.5929,10.352914602683178,1.480298268963507,99.17440660474716,6.3978145566457325,1.403133139537636,1.6171100678142931,3.2866
2020-11-18,14.6136,2.0844,3.5189,10.355111964930376,1.483074609081527,99.38112429087158,6.396313558441016,1.4043059221549672,1.1470281543274243,3.324
2020-11-19,14.4323,2.1229,3.5802,10.357213608247422,1.485577633780904,98.91752577319588,6.394846068311552,1.405410235705011,1.5633142261594581,3.3487
2020-11-20,14.5527,2.0992,3.5616,10.35937511591963,1.48824319168029,99.12416280267902,6.39337041931764,1.4065304444942304,1.40625,3.31
2020-11-23,14.6748,2.0673,3.5494,10.361597270854789,1.4910774271190683,99.53656024716787,6.391889955798995,1.4076598492665728,1.3014055179593962,3.265
2020-11-24,14.7118,2.0535,3.5073,10.363836181163151,1.49395526275245,99.53679876479671,6.390389128558724,1.4088301208268104,1.09261186264308,3.29
2020-11-25,14.6965,2.0605,3.5368,10.366064917695473,1.4967984594024808,99.48559670781893,6.388905202854846,1.4099654191089819,1.24804992199688,3.2675
2020-11-26,14.8336,2.0446,3.4565,10.368361850899744,1.4998366918898158,99.84575835475579,6.3873810837265435,1.4111825642636773,0.9875259875259876,3.285
2020-11-27,14.9862,2.0401,3.3728,10.37073484069887,1.5030989947250206,99.94861253854059,6.385815067579152,1.4124872203325805,0.8311688311688312,3.3
2020-11-30,14.6227,2.0932,3.5887,10.372918695428865,1.5057978247250958,99.12686183872624,6.384362775228385,1.4135573491512632,1.9730010384215992,3.25
2020-12-01,14.7405,2.0819,3.5115,10.375160780287475,1.508658534251206,99.435318275154,6.382871927913788,1.4147042930261227,1.2454592631032693,3.2725
2020-12-02,14.7025,2.095,3.5091,10.377381067213955,1.5114515452686226,99.33299127757824,6.381381382308023,1.415850076336239,1.2448132780082988,3.2925
2020-12-03,14.8048,2.0693,3.4695,10.37965153846154,1.5143848305094438,99.64102564102564,6.379871853338449,1.4170340580583975,1.088646967340591,3.2851
2020-12-04,14.8876,2.0566,3.4519,10.381962121988723,1.5174309169022788,99.79497693490518,6.3783547694766165,1.4182329822686213,1.0362694300518136,3.2651
2020-12-07,15.6476,1.9295,3.1208,10.38465968237705,1.5217141906383944,100.0,6.376667791346384,1.4198013034123451,0.5178663904712585,3.2701
2020-12-08,15.5369,1.9388,3.1812,10.387297798259088,1.5257829645968761,99.94879672299028,6.375013822510284,1.4212933604507414,0.6728778467908902,3.2551
2020-12-09,15.6516,1.9243,3.1165,10.389991914022518,1.5300319039482162,100.0,6.373328093683326,1.422856246779178,0.5173305742369374,3.2726
2020-12-10,15.5224,1.9404,3.1822,10.392617186700766,1.5340362657131115,99.846547314578,6.371678079157119,1.424336961418268,0.8273009307135472,3.2601
2020-12-11,15.6364,1.9259,3.1002,10.395298057259714,1.5382180854951222,99.89775051124744,6.369987392811302,1.4259086654823252,0.3617571059431524,3.2951
2020-12-14,15.4556,1.9513,3.185,10.397883801737352,1.542071265608329,99.74450689831374,6.36834225469518,1.4273760350195597,0.9297520661157025,3.2851
2020-12-15,15.2874,1.9749,3.2636,10.40038100102145,1.5456303413959411,99.69356486210418,6.366739393438239,1.4287492478790487,1.0325245224574084,3.2777
2020-12-16,15.458,1.9494,3.1939,10.40296273608984,1.5494529464233675,99.74476773864215,6.365102221408601,1.4301968053108678,1.0319917440660475,3.2752
2020-12-17,15.6257,1.9258,3.1195,10.405627397959183,1.553540878566412,99.84693877551021,6.3634283677616645,1.431725482473364,0.6188757091284167,3.2802
2020-12-18,15.5265,1.9372,3.1504,10.408238755736868,1.557441532945582,99.74502804691484,6.361772167572097,1.4332131435708182,0.7216494845360825,3.2902
2020-12-21,15.3561,1.9597,3.2469,10.410760601427116,1.5610442689413193,99.54128440366972,6.360167390566651,1.4345862629812949,1.184956208140134,3.2652
2020-12-22,15.2663,1.9705,3.3227,10.413234131431482,1.564487781420342,99.43963321446765,6.358603298192517,1.4358713129875205,1.3903192584963955,3.2278
2020-12-23,15.3161,1.9621,3.3138,10.41573049898167,1.5679951843770716,99.4908350305499,6.357036235249547,1.4371618786670692,1.3896037056098816,3.2153
2020-12-24,15.1168,1.9961,3.3849,10.418122900763358,1.5711775269638901,99.3384223918575,6.3555073585853235,1.4383718196547848,1.5432098765432098,3.2303
2020-12-28,14.817,2.0504,3.5861,10.42036037639878,1.5739061439265634,98.93184130213632,6.354083498760858,1.439371739106912,2.827763496143959,3.1629
2020-12-29,15.0837,2.0128,3.4743,10.422731164209457,1.577013426738558,99.28825622775801,6.352603651125318,1.4404811048357349,1.9013360739979446,3.1554
2020-12-30,15.5164,1.9493,3.3244,10.425319410569106,1.5807860746991218,99.64430894308943,6.351048333379491,1.4417445954020498,1.4894709809964048,3.1204
2020-12-31,15.5561,1.9462,3.2854,10.427925190452006,1.584606700462326,99.79685119349924,6.349474591935251,1.4430462509280504,1.2833675564681724,3.1429
2021-01-04,15.5633,1.9413,3.2474,10.430531979695433,1.5884218052180021,99.79695431472081,6.347882968234925,1.444385283822722,1.2314007183170856,3.178
2021-01-05,15.6362,1.9296,3.2649,10.433173110096396,1.5923396623750914,99.84779299847793,6.3463019513281385,1.445700773155059,1.3333333333333335,3.1305
2021-01-06,15.8082,1.9079,3.2002,10.435898782961461,1.5965284095161052,100.0,6.344689392665233,1.4470833174343578,1.1788826242952333,3.1256
2021-01-07,15.5674,1.9451,3.2981,10.43849964521034,1.6002970454511083,99.69589457678661,6.343128639902597,1.4483542014566393,1.5368852459016393,3.1256
2021-01-08,15.7309,1.9234,3.2113,10.441180699088147,1.6043177102361046,99.94934143870314,6.341525041008637,1.4497156313714559,1.228878648233487,3.1456
2021-01-11,15.7821,1.9156,3.1732,10.443884962025317,1.60840543542368,99.9493670886076,6.339903584999933,1.4511149184146603,0.8700102354145343,3.1632
2021-01-12,15.928,1.9029,3.1326,10.44666032388664,1.6127217836415169,100.0,6.338263020506327,1.4525551629202116,0.7161125319693095,3.1457
2021-01-13,15.9793,1.898,3.1424,10.449458826504804,1.617105828838473,100.0,6.336629143706476,1.453979638371739,0.7668711656441718,3.1157
2021-01-14,16.2991,1.8531,3.0294,10.452416177957533,1.6220357278082067,100.0,6.334939195242652,1.4555283321984858,0.2043944813490036,3.1059
2021-01-15,16.4443,1.8381,2.9303,10.455443911066194,1.627207147500361,100.0,6.333200360107186,1.4571883217711077,0.05107252298263534,3.1508
2021-01-18,16.6161,1.8153,2.8525,10.458555353535354,1.6326740864304914,100.0,6.331423586059147,1.4589363066980672,0.05104645227156713,3.1658
2021-01-19,16.9254,1.7807,2.7474,10.461819787985867,1.638712607788794,100.0,6.3295950025968715,1.460807832204652,0.05102040816326531,3.1609
2021-01-20,17.3378,1.7321,2.6067,10.465289001009081,1.645559580242925,100.0,6.327696534976986,1.4628518429462494,0.05099439061703213,3.161
2021-01-21,17.2829,1.7395,2.6526,10.4687270297529,1.6522494104729069,99.94957135653051,6.325823397089637,1.4648294362966012,0.10193679918450561,3.1335
2021-01-22,17.0149,1.7627,2.7587,10.472026512096773,1.6583546780251053,99.8991935483871,6.324006217569979,1.4666666268021238,0.20376974019358124,3.1185
2021-01-25,17.5705,1.6989,2.5591,10.475602569269522,1.6655709339135567,100.0,6.322089259210728,1.4687509038389408,0.05091649694501018,3.1323
2021-01-26,17.0712,1.7517,2.6993,10.47892361530715,1.6717125793951464,99.8489425981873,6.320245600554641,1.47064855715211,0.2035623409669211,3.1585
2021-01-27,17.0621,1.7539,2.6973,10.482236738802214,1.6778010591997092,99.79869149471565,6.3184028001474415,1.4725420343702944,0.20345879959308238,3.1636
2021-01-28,16.6778,1.7981,2.7999,10.485353219315895,1.6831218107294594,99.64788732394366,6.316614034107712,1.4743026291584267,0.4067107269954245,3.1961
2021-01-29,16.5025,1.816,2.8811,10.48837843137255,1.6880961879469534,99.5475113122172,6.314868346082251,1.4759600520406093,0.5081300813008129,3.1786
2021-02-01,16.8943,1.7693,2.7481,10.491597487437184,1.6937672224283298,99.64824120603015,6.313056884250822,1.4777717958640446,0.35551041137633316,3.1712
2021-02-02,16.7968,1.7414,2.7673,10.494764339527874,1.6992245616140962,99.59819186338524,6.311257007659832,1.4795538628848601,0.4568527918781726,3.1862
2021-02-03,16.6276,1.7312,2.8029,10.497843072289156,1.7043434261584,99.49799196787149,6.309477019325149,1.4812868240856374,0.5580923389142567,3.2112
2021-02-04,16.5558,1.7124,2.8055,10.500882689412945,1.7093079447957544,99.39789262418465,6.307700154710887,1.48301075783308,0.6085192697768762,3.2347
2021-02-05,16.5611,1.7117,2.8218,10.503921915747242,1.7142571343512503,99.39819458375125,6.30593335280784,1.484709389833944,0.6588950836289914,3.2164
2021-02-08,16.571,1.7097,2.7976,10.50696305764411,1.7191992607516715,99.3984962406015,6.30415608160581,1.4864310866442154,0.5065856129685917,3.237
2021-02-09,16.6304,1.7027,2.7828,10.510030911823648,1.7242220603617864,99.49899799599199,6.3023731165012,1.4881646174635577,0.5063291139240507,3.2303
2021-02-10,16.9833,1.6655,2.6432,10.51327240861292,1.7298628798808415,99.69954932398598,6.300521308243861,1.4900623545041896,0.15182186234817813,3.2449
2021-02-11,17.041,1.661,2.6233,10.516539539539538,1.7355817869629258,99.74974974974975,6.298661307582129,1.4919781957846177,0.15174506828528073,
2021-02-16,17.2513,1.6443,2.5518,10.51990860430215,1.7416703928369002,99.84992496248124,6.296767039984767,1.4939770840881195,0.05055611729019212,
2021-02-17,17.491,1.6236,2.4723,10.52339415,1.7481947711856292,99.95,6.29483451495193,1.4960704680873989,0.05053057099545225,
2021-02-18,17.2144,1.6505,2.526,10.526737981009497,1.754143677361209,99.75012493753124,6.2929310631767015,1.4980876474705629,0.10101010101010101,3.2831
2021-02-19,17.3104,1.6528,2.5191,10.530126423576423,1.7602436295526571,99.85014985014985,6.291026050020125,1.5001064203731878,0.10095911155981827,3.2578
2021-02-22,17.082,1.6802,2.5805,10.533397453819273,1.7658797818375547,99.65052421367947,6.289153937986816,1.5020409149124323,0.30272452068617556,3.2736
2021-02-23,16.8156,1.6753,2.6834,10.536532285429141,1.7710051299361171,99.25149700598801,6.287335605189042,1.5038425217379845,0.5547150781643975,3.2635
2021-02-24,16.3558,1.7236,2.8513,10.539434663341646,1.7753242356696581,98.70324189526185,6.285603732404168,1.505440207072007,1.2096774193548387,3.2627
2021-02-25,16.6032,1.7067,2.7506,10.542457477567297,1.780035242888085,98.9531405782652,6.283822874100689,1.5071498426559216,0.8060453400503778,3.2723
2021-02-26,15.9633,1.7764,2.9846,10.545158445440958,1.7836986727147934,98.50523168908819,6.282161633982814,1.5085870651953954,1.5105740181268883,3.2798
2021-03-01,16.277,1.7375,2.8961,10.548012948207171,1.787833860224325,98.55577689243027,6.28045752646697,1.5101181675783801,1.4091595369904377,3.2475
2021-03-02,15.7955,1.7576,3.0835,10.55062493777999,1.7912170318951373,98.30761572921851,6.278849398938566,1.5114391480555616,1.8611670020120725,3.2474
2021-03-03,16.2386,1.712,2.9029,10.553454776119404,1.795257711105332,98.50746268656717,6.277152089034624,1.5129530424433888,1.4580191050779285,3.2553
2021-03-04,15.8373,1.7339,3.0487,10.556082247637992,1.7986727990435094,98.30929885629041,6.275529751301442,1.5143023646301919,1.8592964824120601,3.2655
2021-03-05,15.8136,1.7519,3.0781,10.55869532803181,1.8020397782109339,98.26043737574552,6.273923809688532,1.5156161187181958,1.9588146659969865,3.2457
2021-03-08,15.4702,1.8093,3.2236,10.56113522106309,1.8049132298366464,97.41679085941382,6.272392522635476,1.5167754075970306,3.1626506024096384,3.2404
2021-03-09,15.5424,1.8183,3.1863,10.563608540218471,1.8078739929474952,97.61668321747766,6.270844056743536,1.517968907564501,3.010536879076769,3.2478
2021-03-10,15.6764,1.8126,3.1437,10.566145905707195,1.811008812197755,98.01488833746899,6.269275779884588,1.5192023535237964,2.5576730190571713,3.2353
2021-03-11,16.0099,1.866,2.9955,10.568846180555555,1.8146124647066497,98.4623015873016,6.267634789518731,1.5205881929443987,1.7042606516290728,3.2506
2021-03-12,15.6486,1.8836,3.129,10.571364650470997,1.8176833412009121,97.86812097174021,6.266062327199333,1.5218288188152695,2.50501002004008,3.2613
2021-03-15,15.8712,1.8669,3.0267,10.57399093161546,1.8210566817288791,98.26560951437067,6.264440212864231,1.5231727471074408,1.8027040560841263,3.274
2021-03-16,15.9616,1.8537,3.0036,10.576659385834573,1.8245477208858674,98.31599801882119,6.2628081607056405,1.5245370531565445,1.7517517517517518,3.2614
2021-03-17,15.9373,1.8589,3.0182,10.579313168316832,1.8279894174371567,98.26732673267327,6.261185045067468,1.5258814758135852,1.8009004502251125,3.2564
2021-03-18,16.2719,1.8233,2.8864,10.582129886194952,1.8319165853371393,98.51558634339436,6.259497652544935,1.527364351046799,1.4000000000000001,3.2592
2021-03-19,16.0239,1.8433,3.0043,10.584821167161225,1.8354554645943923,98.41740850642928,6.25787086711138,1.5287147819429396,1.8490754622688657,3.2364
2021-03-22,15.9963,1.8494,3.0205,10.58749614434009,1.8389398826301502,98.31932773109243,6.256253798746188,1.5300437910436442,1.998001998001998,3.2309
2021-03-23,15.8213,1.8717,3.1101,10.590082015810276,1.8421607825935222,97.92490118577075,6.254683077928042,1.5312754490164806,2.4962556165751373,3.2105
2021-03-24,15.1498,1.9087,3.4077,10.592333728395062,1.844489800131277,96.54320987654322,6.253262427689555,1.5322131012284237,4.39121756487026,3.193
2021-03-25,14.9491,1.932,3.5012,10.59448415597236,1.846571869062168,96.29812438302073,6.251889827974997,1.533062840340536,4.837905236907731,3.1882
2021-03-26,14.3664,1.9018,3.7622,10.596344992599901,1.848015400362947,94.57326097681302,6.250648706425658,1.533687880172697,7.228315054835494,3.1985
2021-03-29,14.3401,1.9064,3.7773,10.598191025641025,1.8494281827591355,94.47731755424064,6.249416345336258,1.5342988810901939,7.37419033383159,3.1962
2021-03-30,14.2602,1.8871,3.8065,10.599995860029571,1.8507579302930839,94.18432725480532,6.248199753530811,1.5348847713383662,7.569721115537849,3.206
2021-03-31,14.1826,1.8984,3.8622,10.601760689655173,1.852008948552553,93.74384236453201,6.247012098103469,1.5354253279307626,7.8148332503733196,3.1887
2021-04-01,14.5434,1.8453,3.68,10.603701427868046,1.853616539846535,94.92860659773511,6.245734977656651,1.536110279012664,6.7164179104477615,3.196
2021-04-07,14.3472,1.8626,3.7486,10.605543700787402,1.8550192818441178,94.43897637795276,6.244493239726439,1.536737020670961,7.210343112879164,3.2215
2021-04-08,14.4097,1.8535,3.7177,10.607414904082637,1.8564802084528078,94.58927693064437,6.243237378275283,1.5373869577401744,7.007952286282307,3.2221
2021-04-09,14.2601,1.8735,3.8005,10.609210717797444,1.8577891774233695,94.00196656833825,6.24202389721305,1.5379685476208034,7.650273224043716,3.2121
2021-04-12,14.2555,1.8726,3.82,10.611002506142507,1.8590897734504421,93.95577395577396,6.240821303420987,1.538533088913758,7.795431976166832,3.1948
2021-04-13,14.2391,1.8754,3.8603,10.612784479371316,1.8603707241994856,93.71316306483301,6.239639903270406,1.5390647441405034,8.03970223325062,3.1626
2021-04-14,14.4762,1.844,3.7429,10.614681099656357,1.8618818462716322,94.74717722140402,6.2384014410168,1.5396869521221321,7.192460317460317,3.1651
2021-04-15,14.3825,1.8552,3.7801,10.616529882237488,1.8632942564471697,94.45534838076546,6.237182650019767,1.540277654540856,7.635101636093208,3.1728
2021-04-16,14.5128,1.8373,3.7274,10.618440755272193,1.8648336072314202,94.80137322216773,6.23593895197714,1.5409086511720982,7.086223984142716,3.1631
2021-04-19,14.5739,1.8372,3.7057,10.620379705882353,1.8664311814839563,95.09803921568627,6.234685738033615,1.541555319789814,6.8350668647845465,3.1559
2021-04-20,14.5551,1.8411,3.715,10.622307545320922,1.868004377457607,95.00244977951985,6.233438368856371,1.542192528281473,7.029702970297031,3.1554
2021-04-21,14.2707,1.8773,3.8544,10.624094221351616,1.8692904596903672,93.85406464250735,6.232261209841598,1.5427184100745244,8.213755566551212,3.153
2021-04-22,14.3996,1.9075,3.7832,10.625942241801273,1.8706978025669703,94.37102300538423,6.231050002517245,1.5432977366849214,7.81404549950544,3.1614
2021-04-23,14.5741,1.8838,3.6896,10.627873825831703,1.8722768616887058,95.10763209393346,6.229793724710761,1.5439500473030001,6.722689075630252,3.1719
2021-04-26,14.49,1.8928,3.6989,10.629762396088019,1.8737654161101363,94.5721271393643,6.228543283147168,1.544592879009978,6.8181818181818175,3.2024
2021-04-27,14.5515,1.8886,3.6643,10.63167917888563,1.8753117740782692,94.81915933528838,6.227276990167836,1.545261947060762,6.617283950617284,3.2078
2021-04-28,14.2537,1.8775,3.8178,10.633448607718613,1.8765612176589532,93.45383488031264,6.226087712285227,1.5458072366385776,8.193484698914116,3.1979
2021-04-29,14.327,1.867,3.7927,10.635252099609374,1.8778766113321093,93.896484375,6.224887225007335,1.5463702587266486,8.041440552540701,3.1872
2021-04-30,13.7413,1.9047,4.1133,10.636767984382626,1.8786712419978893,91.75207418252806,6.223846008426957,1.5466995150326346,12.47534516765286,3.164
2021-05-03,13.9098,2.0492,4.0252,10.638364585365855,1.8796029238176475,92.04878048780488,6.222762397777165,1.547088119098833,11.039921143420404,
2021-05-04,13.9719,2.0498,3.9932,10.639989907362262,1.8805850283631151,92.19892735251098,6.221664091177275,1.547498022640605,10.44334975369458,
2021-05-05,13.8782,2.0682,4.0415,10.641567982456142,1.881484575534928,91.91033138401559,6.220590647508551,1.54787278615061,11.349089118660759,
2021-05-06,13.634,2.0477,4.1839,10.64302557233317,1.8821847740916482,91.57330735509012,6.21958833911903,1.548150980996265,14.124015748031496,3.1507
2021-05-07,13.6032,2.0555,4.1923,10.644466747809153,1.8828592182875472,91.48003894839339,6.2185911485931475,1.5484227862459659,14.41219872110182,3.1589
2021-05-10,13.5455,2.0367,4.2365,10.645878442822385,1.8834880087389103,91.43552311435523,6.21761666916906,1.5486655271173981,15.04424778761062,3.146
2021-05-11,13.2666,2.0869,4.3997,10.647153112840467,1.88391628225894,90.61284046692607,6.216723344024506,1.5488090746846555,17.2972972972973,3.138
2021-05-12,13.4537,2.0531,4.302,10.64851750121536,1.8844740699918203,91.10354885755956,6.215782910162019,1.5490097284571325,16.30648330058939,3.131
2021-05-13,13.2475,2.0976,4.412,10.649780369290573,1.8848866061929288,90.52478134110787,6.2148974006332205,1.5491448278668691,17.476681394207166,3.1366
2021-05-14,13.2683,2.1045,4.3946,10.651052112676057,1.8853117750879393,90.6750849927149,6.214004222320839,1.5492892559902212,17.271835132482828,3.1422
2021-05-17,13.376,2.0678,4.3237,10.652374902912621,1.885809597186579,90.87378640776699,6.213077148155894,1.5494746200371223,16.62579695929377,3.1524
2021-05-18,13.5663,2.0821,4.2255,10.653788743328482,1.8864437845134612,91.46045608927706,6.212102845632288,1.5497194108814865,14.852941176470589,3.1457
2021-05-20,13.3885,2.0577,4.369,10.655114985451018,1.8869471238637,90.88263821532493,6.21119980651145,1.5498764912196068,17.001469867711904,3.1001
2021-05-21,13.3596,2.0592,4.3977,10.656425933107124,1.8874287402884333,90.69316529326224,6.210311706704148,1.5500163105693323,17.43388834476004,3.0876
2021-05-24,13.3085,2.1042,4.429,10.65771085271318,1.8878737610864986,90.55232558139535,6.209439796911341,1.5501377211268608,17.9637787567303,3.085
2021-05-25,13.5514,2.1085,4.2943,10.65911215496368,1.888489969966961,91.42857142857143,6.208502840063536,1.5503370213112369,16.14481409001957,3.085
2021-05-26,13.6263,1.9608,4.2787,10.660548354307842,1.8891605399467426,91.57792836398838,6.207559171193091,1.5505449869107373,15.892420537897312,3.06
2021-05-27,13.561,2.0389,4.3017,10.661951572327045,1.889780124973854,91.38848572810836,6.2066276662218325,1.550738255708499,16.348973607038122,3.0725
2021-05-28,13.5563,2.0742,4.2941,10.663351160541586,1.8903943870631466,91.34429400386847,6.205693358617425,1.5509353200106952,16.17000488519785,3.0825
2021-05-31,13.6636,2.0474,4.2737,10.664801256645722,1.8910875913561263,91.6384726921218,6.204750002485287,1.5511439400713614,15.8203125,3.045
2021-06-01,13.8503,2.0174,4.1801,10.666340144927537,1.8919261079413543,91.93236714975845,6.203761886329853,1.551409965578922,13.958028306490972,3.04
2021-06-02,13.7842,1.9679,4.1897,10.667845630130373,1.892709086742885,91.74311926605505,6.202779417117009,1.5516689677619961,14.243902439024389,3.065
2021-06-03,13.6125,2.0722,4.2912,10.669266795366795,1.8933572234184464,91.40926640926641,6.201847393997985,1.5518645073948572,16.138469039492932,3.055
2021-06-04,13.5712,2.067,4.2761,10.670666666666667,1.8939727207231738,91.26869271587071,6.200908920609098,1.5520683631369536,15.984405458089668,3.0925
2021-06-07,13.8074,1.9616,4.1325,10.672179074252652,1.894767750040095,91.8997107039537,6.19990141504621,1.5523613491452115,13.005358012664395,3.11
2021-06-08,13.7991,1.9756,4.1368,10.673686024096385,1.8955538711460351,91.7590361445783,6.198896983977541,1.5526505585859105,13.169425511197662,3.11
2021-06-09,13.7934,1.977,4.1447,10.675188776493258,1.8963331947916822,91.66666666666666,6.197897374739595,1.552933691615744,13.333333333333334,3.1051
2021-06-10,13.7855,1.9655,4.154,10.67668627828599,1.8971040188110875,91.62253249879633,6.196903261230481,1.5532098923207158,13.424124513618677,3.1
2021-06-11,13.8091,1.9822,4.114,10.678193695861404,1.8978912734445164,91.91530317613089,6.195890668492887,1.5535109498960846,12.493923189110355,3.1276
2021-06-15,13.7448,1.978,4.1579,10.679668734968734,1.8986257964013948,91.39009139009138,6.194900391200131,1.5537827314517292,13.654033041788145,3.1176
2021-06-16,13.644,1.9947,4.1991,10.681093894230768,1.8992813010645089,91.25,6.193931085522034,1.5540276210299293,14.715881495871782,3.1301
2021-06-17,13.534,1.9887,4.2487,10.682464824603555,1.8998540170157185,90.58145122537242,6.192986798587315,1.5542411269013385,15.728155339805824,3.1401
2021-06-18,13.5336,2.0072,4.2688,10.683834245917387,1.9004247348066354,90.53794428434198,6.19205318053851,1.5544416940690686,16.157205240174672,3.1202
2021-06-21,13.3824,2.0117,4.3772,10.685129764762362,1.9008878675149086,90.0144023043687,6.191173038355902,1.5545783081985063,17.846750727449077,3.0953
2021-06-22,13.2823,2.0309,4.4411,10.686376007677543,1.9012827174666123,89.63531669865642,6.190324723746907,1.554678794225534,18.85603490063015,3.0877
2021-06-23,13.4969,1.9054,4.3238,10.687723980815347,1.9018225238141409,90.40767386091127,6.189420399752843,1.554844763538456,17.393410852713178,3.0853
2021-06-24,13.5396,1.8982,4.3029,10.68909113135187,1.9023911480918982,90.62799616490892,6.188506830551995,1.5550222340514956,17.046004842615012,3.0828
2021-06-25,13.7564,1.8664,4.1866,10.690560852898898,1.9031195175373168,91.42309535218016,6.187537853383286,1.5552692977034301,14.42400774443369,3.0827
2021-06-28,13.7475,1.9562,4.1837,10.69202490421456,1.903838927330476,91.37931034482759,6.186568410783681,1.555517285568636,14.223512336719885,3.0903
2021-06-29,13.608,1.9843,4.2633,10.693420775490665,1.9044516136692071,90.95260890378172,6.185638397045391,1.555715845206289,16.10251450676983,3.0853
2021-06-30,13.534,1.9955,4.311,10.69477990430622,1.9050090389814283,90.4066985645933,6.184732336921154,1.5558855151682531,17.303044949250847,3.0778
2021-07-02,13.2866,2.0132,4.4460799617659905,10.696019416547106,1.905396266733388,89.38307030129124,6.183892408237504,1.5559787646433878,19.178743961352655,3.0803
2021-07-05,13.1459,1.7478,4.531534481473312,10.697190487571701,1.9056933406743546,88.52772466539197,6.183094553130424,1.5560265381466283,20.473201352003866,3.0754
2021-07-06,13.1571,1.7455,4.515059067727691,10.698365790731009,1.9059962533159336,88.58098423315815,6.182289516699245,1.5560823329367504,20.36679536679537,3.0854
2021-07-07,13.036,2.0768,4.6156647437864375,10.699482139446037,1.906225383968328,87.87010506208213,6.181533788395862,1.556087252238311,20.935841775205017,3.0554
2021-07-08,12.6335,2.0562,4.932462856690545,10.700405298329356,1.9062385231938945,84.00954653937947,6.180931536259071,1.5559537022237924,24.445515911282545,2.983
2021-07-09,12.7061,2.0441,4.859735556150197,10.701362213740458,1.906286970704848,84.92366412213741,6.180294815304801,1.5558489670015978,23.6144578313253,3.0105
2021-07-12,12.7658,2.0339,4.890329945635996,10.702346685741535,1.9063652609693003,85.64616118264186,6.179673444943689,1.5557317069041858,23.843930635838152,2.9431
2021-07-13,13.0146,1.9912,4.758078330490372,10.703448808388941,1.9065789901153065,87.7025738798856,6.178988998571781,1.5556697573704337,22.388059701492537,2.9256
2021-07-14,12.9427,1.9986,4.7907631236140835,10.704515626488805,1.906751001944065,87.32729871367317,6.178320939921657,1.5555933692671295,22.85851780558229,2.9356
2021-07-15,13.0761,1.9783,4.6918401687047355,10.705644952380952,1.9069989811888917,88.09523809523809,6.177605941955704,1.5555606998855058,21.452621452621454,2.9557
2021-07-16,13.0525,1.982,4.718167554108408,10.706761970490243,1.9072321396696772,87.95811518324608,6.176904288884624,1.5555157561444388,21.778846153846153,2.9432
2021-07-19,12.811,2.0214,4.857491897588011,10.707763035204566,1.907330438007946,86.06089438629876,6.176270260825374,1.5554107771904366,23.690533397405094,2.9483
2021-07-20,12.6936,2.0381,4.952185756601752,10.708707322872087,1.907368302886598,84.45078459343794,6.175682323983769,1.5552684705647357,24.975984630163303,2.9258
2021-07-21,12.6667,2.0432,4.976316066536667,10.709637927756654,1.9073924560344544,84.07794676806084,6.175106536054125,1.5551170457588261,25.25204032645223,2.9184
2021-07-22,12.8924,2.0075,4.828107709968664,10.71067486935867,1.9075324289527074,86.69833729216153,6.174460183450438,1.5550237262015054,23.36852207293666,2.9284
2021-07-23,12.7133,2.0381,4.952378358097425,10.711625783475784,1.9075784700795138,84.71035137701804,6.173874053078565,1.5548810196167742,25.03597122302158,2.9134
2021-07-26,12.1438,2.1408,5.363554720927551,10.712305505457998,1.9073808235819278,77.40863787375415,6.173485597022885,1.5546094740588245,27.996164908916587,2.8711
2021-07-27,11.6026,2.2522,5.707757864616552,10.71272784629981,1.9070268956862384,72.81783681214421,6.173262440466869,1.5542703967681504,32.96597987541926,2.911
2021-07-28,11.7567,2.222,5.574588188862521,10.713222854433381,1.9067101810047795,74.49027975343765,6.172975719082,1.5539533665086283,30.603448275862068,2.9312
2021-07-29,12.1675,2.1321,5.334615163344976,10.713912085308058,1.9065210634864358,77.58293838862559,6.172574397609651,1.5536896119813568,27.81235040689325,2.884
2021-07-30,11.9678,2.1735,5.519454608198666,10.714506063477025,1.9062647103889008,75.84083372809096,6.172261900102756,1.5533835361414,29.80861244019139,2.8363
2021-08-02,11.9623,2.1554,5.5383963986858715,10.715096875,1.9060066729771472,75.80492424242425,6.171958760216856,1.5530738794005448,30.03347680535629,2.8212
2021-08-03,11.8907,2.172,5.576233813820885,10.715653241836252,1.9057271325380165,75.4850922858495,6.171673996858158,1.5527572419280882,30.736137667304014,2.8337
2021-08-04,11.988,2.1539,5.507875008341676,10.716255108798487,1.9054771978330254,76.0170293282876,6.1713568449286225,1.55245403010209,29.57477305303392,2.8338
2021-08-05,11.7802,2.1796,5.6900202237653,10.71675815602837,1.9051670798465095,74.53900709219859,6.171126980257581,1.5521189205284076,32.664756446991404,2.7988
2021-08-06,11.8058,2.1728,5.656512847922208,10.717272826086957,1.9048639041814635,74.7164461247637,6.170881341053602,1.5517891535089001,32.02863961813843,2.8139
2021-08-09,11.8509,2.1645,5.576677691145822,10.717808313651394,1.9045732500598376,75.10628247520076,6.170597846945821,1.5514731938379,30.77290076335878,2.8615
2021-08-10,12.0477,2.1249,5.423739483884891,10.718436213408877,1.9043427359992673,76.53446647780925,6.170241691312507,1.55118892433909,28.612303290414882,2.8766
2021-08-11,12.0819,2.1216,5.392743873894007,10.719079660217083,1.904123611543744,76.92307692307693,6.1698711013137375,1.5509120474475637,28.265014299332698,2.8841
2021-08-12,11.9579,2.1326,5.506072375584342,10.719664009433961,1.9038645069124775,75.70754716981132,6.169554856089473,1.5506102224695868,29.585516912815628,2.8566
2021-08-13,11.8425,2.151,5.564962972345367,10.720193399339934,1.9035717061354993,74.91749174917491,6.169266955192453,1.5502970983282371,30.571428571428573,2.8792
2021-08-16,11.7129,2.1701,5.643295300907548,10.720661215834118,1.9032450705879354,73.79830348727616,6.169016611711117,1.5499705682648803,32.03236554021894,2.8943
2021-08-17,11.4281,2.2267,5.868460952389286,10.720994441827603,1.9028586882278726,70.32501177578898,6.168873626145312,1.5496156947714488,36.631779257849665,2.8819
2021-08-18,11.4274,2.2077,5.901496966939111,10.72132702448211,1.902472410673841,70.29190207156309,6.168746485556055,1.549258187189829,37.32762719923918,2.8494
2021-08-19,11.0166,2.3079,6.237710754679301,10.721465976470588,1.9020354978749778,64.23529411764706,6.1687792632505065,1.5488907030775638,45.48479087452472,2.8395
2021-08-20,10.8386,2.3388,6.374283837395973,10.7215210724365,1.9015898141050716,61.90028222013171,6.168876890126585,1.5485292267864272,48.313539192399055,2.852
2021-08-23,10.8909,2.3235,6.314777614338576,10.721600705218618,1.901146295071774,62.57639868359192,6.168946168723076,1.5481647990166292,47.150997150997156,2.8672
2021-08-24,11.2215,2.264,6.0592645992068785,10.721835620300752,1.9007304221849919,67.4812030075188,6.168894112923591,1.5477992129075357,41.43331751305173,2.8522
2021-08-25,11.1562,2.4182,6.108925607285636,10.722039643024894,1.900307285857476,66.41615782057303,6.168865664865888,1.547432595277416,42.599620493358636,2.8547
2021-08-26,10.8781,2.4433,6.307981827708883,10.722112910798122,1.8998641597690853,62.394366197183096,6.168931627958749,1.547068652098694,46.98909435751541,2.8848
2021-08-27,10.7682,2.4556,6.416803146301145,10.722134537775691,1.8994186014927996,60.81651806663538,6.169049102611992,1.546711413348228,49.09952606635071,2.8698
2021-08-30,10.6816,2.3147,6.511393349310964,10.722115525328329,1.8989732974222548,59.47467166979362,6.169211274211564,1.5463629672046755,52.06063477025107,2.8505
2021-08-31,10.8317,2.2778,6.387161156605149,10.722166901078294,1.8985295858447417,61.74402250351617,6.169314470178607,1.5460041048061721,48.57954545454545,2.845
2021-09-01,10.7276,2.2525,6.499149505947276,10.722169447047797,1.8980847084998662,60.30927835051546,6.169470568160514,1.5456548774409884,51.49077141504969,2.8226
2021-09-02,10.7894,2.3245,6.438255979016441,10.72220093676815,1.8976406976669062,61.07728337236534,6.1695977135771916,1.5453003107806251,49.668874172185426,2.8301
2021-09-03,10.7012,2.3494,6.51204638358315,10.722191104868914,1.8971964957727914,59.87827715355806,6.1697596278419695,1.5449528846509388,52.29314420803782,2.8327
2021-09-06,11.2607,2.2483,6.045042601259247,10.722443097800655,1.8967883060479043,67.89892372484792,6.1697006878483105,1.5445901554429602,40.784499054820415,2.8354
2021-09-07,11.3564,2.2301,5.9452074107991955,10.722739616463985,1.8963942047181852,69.50420954162769,6.169594644732085,1.544233010386836,38.11998110533774,2.8604
2021-09-08,11.3695,2.2035,5.924961541844409,10.72304198223469,1.8960024107736912,69.7054698457223,6.169479142794933,1.5438775640939928,37.818696883852695,2.8705
2021-09-09,11.0104,2.3073,6.209322168131947,10.723176261682243,1.8955695410804647,64.06542056074767,6.16949794554403,1.5435134697657138,44.785276073619634,2.873
2021-09-10,11.2393,2.2714,6.031751258530335,10.723417328351239,1.8951596169027696,67.67865483418963,6.169432970691665,1.5431522891970273,40.09433962264151,2.8656
2021-09-13,11.0798,2.3197,6.1346336720879435,10.72358370681606,1.8947328243226085,65.45284780578898,6.169416563667336,1.5427886518431162,43.18717586044319,2.8908
2021-09-14,10.9353,2.3923,6.2588965332455455,10.72368250116659,1.8942962161988959,63.042463835744286,6.169458731419257,1.5424263092546555,46.135721017907635,2.8858
2021-09-15,10.7227,2.4344,6.425109307357289,10.723682042910449,1.8938543979522358,59.934701492537314,6.169579150908629,1.5420729778577917,49.50541686292982,2.9009
2021-09-16,10.5777,2.4704,6.565351026215529,10.723613986013987,1.8934155109534394,58.04195804195804,6.169765484183256,1.5417338289236766,54.5668549905838,2.8885
2021-09-17,10.6727,2.3916,6.491200263288577,10.723590260950607,1.8929746285260804,59.04007455731593,6.169916747608718,1.541386789935368,51.247058823529414,2.8785
2021-09-20,10.3176,2.4447,,10.723401164415463,1.8925540085307757,54.54122030740568,6.169916747608718,1.541386789935368,,
2021-09-21,10.3352,2.4421,,10.723220437616387,1.8921319495610536,54.98137802607076,6.169916747608718,1.541386789935368,,
2021-09-23,10.4741,2.4087,6.6908596776811375,10.723104513727316,1.8916992924388363,56.630991158678455,6.170161781912609,1.5410656355060424,59.12511759172154,2.8565
2021-09-24,10.3466,2.4434,6.793110728161908,10.722929395348837,1.8912767339578653,55.02325581395348,6.170454658709153,1.540762510310118,63.89280677009873,2.8719
2021-09-27,10.3516,2.4404,6.777842362533329,10.722756764295676,1.8908539985272963,55.090655509065556,6.170740085261702,1.540456691600385,63.39285714285714,2.8825
2021-09-28,10.5098,2.4338,6.638028923480941,10.72265780669145,1.8904201938943794,57.10966542750929,6.170959572738554,1.5401281516711056,56.92813527477689,2.8769
2021-09-29,10.5461,2.4254,6.617578245986669,10.722575801207617,1.8899849514890843,57.77984208081747,6.171169252866839,1.5397969717201434,56.15023474178403,2.8646
2021-09-30,10.4844,2.433,6.660380237304948,10.72246522748375,1.889553151005842,56.73166202414113,6.171398821606605,1.539472103563434,57.90708587517598,2.8776
2021-10-04,10.2726,2.4828,6.857,10.722256473317865,1.8891395329193141,53.92111368909512,6.171720398144313,1.539182610104776,65.85365853658537,
2021-10-05,10.2836,2.4858,6.8466,10.7220530148423,1.8887249857791613,53.98886827458256,6.172036797395065,1.5388911128765326,65.44772620721989,
2021-10-06,10.2438,2.4984,6.8844,10.721831293463143,1.8883151869375887,53.03662494204914,6.172370613328807,1.5386077484915326,66.82286785379569,
2021-10-07,10.579,2.4137,6.5751,10.721765106580166,1.8878801237280487,58.2483781278962,6.172559245360035,1.538272057768824,54.56674473067916,
2021-10-08,10.6875,2.3874,6.4436,10.721749235757295,1.887443005383651,59.51829550717925,6.172686137099098,1.5379231095936878,49.67228464419476,2.9131
2021-10-11,10.9375,2.3331,6.1849,10.72184912037037,1.8870117542002658,63.33333333333333,6.172691852523947,1.5375632579112837,44.03369209171736,2.958
2021-10-12,10.772,2.3713,6.3176,10.7218723276261,1.8865754058516864,60.94400740397964,6.172759629954946,1.5372068291500662,47.0533208606174,2.9657
2021-10-15,10.9067,2.3402,6.2004,10.721957816836262,1.8861432388163184,62.858464384828864,6.172772552054078,1.5368475749068007,44.31977559607293,2.9683
2021-10-18,10.9262,2.3267,6.1097,10.722052242256126,1.8857122980067058,63.199260286638925,6.172743078898914,1.5364890610634532,42.28971962616823,3.0426
2021-10-19,11.0677,2.3076,6.0251,10.722211968576708,1.8852911823742948,65.71164510166358,6.172674119030207,1.5361335064993058,39.514245679588974,3.0102
2021-10-20,11.2329,2.2667,5.9047,10.722447852193996,1.8848876704142559,67.9445727482679,6.172549014399475,1.535785799544947,36.69467787114846,2.9978
2021-10-21,11.2122,2.2762,5.9487,10.722673961218836,1.8844818802757022,67.63619575253924,6.172444558489815,1.5354350423110121,37.84414372375175,2.9702
2021-10-22,11.2262,2.2654,5.9124,10.722906322104292,1.8840780520931295,67.83571758191047,6.172323269050222,1.535087191835225,36.940298507462686,2.9953
2021-10-25,11.1323,2.2725,5.9951,10.723095156826568,1.8836639933523183,66.32841328413284,6.172240647479569,1.534734089080586,39.06759906759907,2.9879
2021-10-26,11.0795,2.288,6.0477,10.723259474412172,1.88324526070372,65.6523743660673,6.172182613627061,1.5343788213603247,40.86672879776328,2.978
2021-10-27,10.9453,2.33,6.1582,10.723361797235023,1.8828173139123712,63.2258064516129,6.172176100998451,1.5340214785246957,43.54913833255706,2.9781
2021-10-28,11.1669,2.3312,5.9868,10.723566098572087,1.8824076930168683,66.83555964993091,6.1720897992754535,1.5336695688719364,38.91992551210428,2.9682
2021-10-29,10.9526,2.3497,6.1571,10.723671546961327,1.8819807215266018,63.25966850828729,6.1720828240314916,1.5333127281195746,43.55514192647743,2.9732
2021-11-01,10.8636,2.3771,6.2617,10.72373594109526,1.8815500276072548,62.1260929590428,6.172124506438918,1.532957320108494,46.18604651162791,2.9435
2021-11-02,10.8078,2.3845,6.3267,10.72377460901564,1.8811181022415064,61.08555657773689,6.1721963685930605,1.5326045649765643,47.46629474662947,2.9259
2021-11-03,10.7911,2.3872,6.3284,10.72380556321839,1.880686165380632,60.827586206896555,6.17226895392364,1.5322521332766257,47.4907063197026,2.9385
2021-11-04,10.9008,2.3615,6.2475,10.723886902573529,1.8802577993657406,62.5,6.172303896350987,1.5318971083731943,45.68044588945657,2.9261
2021-11-05,10.7239,2.3996,6.434,10.723886908589803,1.8798259036900593,59.80707395498393,6.172425389435317,1.5315518484918582,49.81429897864438,2.8911
2021-11-08,10.7084,2.453,6.4372,10.723879797979798,1.8793943347809072,59.481175390266294,6.17254825468384,1.5312070767697528,49.88399071925754,2.9013
2021-11-09,10.7086,2.4516,6.4395,10.723872785681506,1.8789630622221207,59.52271684258834,6.17267207274753,1.530862722625821,50.0,2.8988
2021-11-10,10.781,2.3741,6.3617,10.723898990825688,1.8785324562323231,60.642201834862384,6.172759707391597,1.5305132314696053,48.30783495595735,2.9139
2021-11-11,10.8888,2.356,6.2472,10.723974598807887,1.878105066077613,62.40256762952774,6.172794202429877,1.5301594152434983,45.55143651529194,2.9365
2021-11-12,10.9209,2.3476,6.2177,10.724064848762604,1.877679383953712,63.01558203483043,6.172815001780303,1.5298053117027643,44.881889763779526,2.9391
2021-11-15,10.9349,2.3423,6.2181,10.724161429225838,1.8772546871354774,63.215758131012365,6.172835967057257,1.5294514593401949,44.907407407407405,2.9269
2021-11-16,11.0803,2.3091,6.1006,10.724324496336996,1.8768403278283285,65.8882783882784,6.172802539955425,1.5290983317314382,41.94817214252661,2.9244
2021-11-17,11.0651,2.3111,6.1079,10.724480457665903,1.8764249513205853,65.67505720823799,6.17277252027922,1.5287452972635922,42.090656799259946,2.9295
2021-11-18,11.0009,2.3522,6.1756,10.724606907593778,1.8760050224205582,64.13540713632206,6.17277382748205,1.5283918722052263,43.87424872861766,2.9146
2021-11-19,10.8589,2.3905,6.2788,10.724668312757203,1.8755782715276001,61.865569272976686,6.1728228229407,1.5280403899874788,46.626617375231056,2.9302
2021-11-22,10.8219,2.4014,6.3529,10.724712751371115,1.8751507685116988,61.10603290676416,6.1729059994659,1.5276923530359683,48.12933025404157,2.8876
2021-11-23,10.7161,2.4353,6.4443,10.72470881681133,1.8747224164277878,59.38784833257195,6.1730312967884,1.5273507863278948,50.41551246537396,2.8875
2021-11-24,10.6953,2.4419,6.4899,10.724695388127854,1.874294454043489,58.94977168949772,6.173177521386098,1.5270134988308428,51.684356252884164,2.86
2021-11-25,10.7252,2.4464,6.4688,10.724695618439068,1.8738666794588386,59.69876768598813,6.173313878617932,1.5266744831525836,50.94557195571956,2.855
2021-11-26,10.5151,2.5148,6.6901,10.724599999999999,1.873444543931833,56.38686131386861,6.173552138701556,1.526362828306443,59.566620562471186,2.82
2021-11-29,10.4405,2.5324,6.7531,10.724470451436389,1.873027173770387,55.40355677154582,6.173819211448698,1.5260617814510138,62.718894009216584,2.825
2021-11-30,10.2966,2.5696,6.8869,10.72427543299909,1.8726225425793162,53.327256153144944,6.174147668744207,1.5257869950855791,67.48042376784892,2.825
2021-12-01,10.378,2.536,6.7957,10.724117676537587,1.872210510849629,54.30523917995445,6.174433834642576,1.52549398701164,64.548802946593,2.8401
2021-12-02,10.4539,2.5311,6.7057,10.723994626593806,1.8717930627774626,55.51001821493625,6.174678319762391,1.5251854971907395,60.147261849976985,2.8601
2021-12-03,10.4235,2.5373,6.7236,10.72385785161584,1.871378002170651,55.07510241238052,6.1749308136355445,1.5248801039690696,60.9935602575897,2.8701
2021-12-06,10.6982,2.4437,6.5298,10.72384617834395,1.8709523335641167,59.076433121019114,6.175093971882149,1.52454849707847,53.60919540229885,2.8176
2021-12-07,10.9951,2.3684,6.2499,10.723969531605276,1.8705358153086127,64.25648021828103,6.175128349652423,1.5241989901896829,45.588235294117645,2.8451
2021-12-08,10.9741,2.3727,6.2573,10.724083227272727,1.870118245234665,63.86363636363637,6.1751660950131715,1.5238498985273428,45.842903077629764,2.8551
2021-12-09,11.1039,2.344,6.1533,10.724255792821445,1.86971088297371,66.42435256701499,6.1751560554837805,1.5235001025763115,43.02112029384757,2.8526
2021-12-10,10.9867,2.3712,6.2593,10.72437497729337,1.8692946492411955,63.9872842870118,6.175194671337161,1.523151541613215,45.98439651216154,2.8426
2021-12-13,10.9692,2.3737,6.2612,10.724486109850204,1.8688776158828486,63.73127553336359,6.175234123322786,1.5228032684372261,46.055045871559635,2.8552
2021-12-14,10.8116,2.4066,6.4016,10.724525635208712,1.868454514717169,61.025408348457354,6.175337913270828,1.5224618341867657,49.151765245300325,2.8477
2021-12-15,10.7457,2.42,6.4558,10.724535238095239,1.8680308352386117,59.954648526077094,6.175466447682711,1.5221247620743839,50.50412465627865,2.8502
2021-12-16,10.7427,2.4355,6.4509,10.724543472348142,1.8676074295297018,59.927470534904806,6.17559261971767,1.5217875036910624,50.435180943655524,2.8577
2021-12-17,10.5961,2.4737,6.5862,10.724485274127774,1.867186272433332,57.31762573629361,6.175780626759924,1.5214644271561135,55.769230769230774,2.8512
2021-12-20,10.4037,2.5105,6.7587,10.72433999094203,1.8667758786316904,54.347826086956516,6.176047409081773,1.521167319778733,63.066361556064074,2.8533
2021-12-21,10.4913,2.4856,6.6809,10.724234495246717,1.8663598754271782,55.771842462652785,6.1762783572020465,1.5208576608648863,59.24062214089661,2.8508
2021-12-22,10.5562,2.4696,6.6429,10.724158461538462,1.865940996289009,57.01357466063348,6.176491718721388,1.5205426404257734,57.70461819844536,2.8303
2021-12-23,10.6203,2.4536,6.6017,10.724111488014474,1.8655202878844435,57.57575757575758,6.176686055230198,1.5202222934501122,56.26142595978062,2.8143
2021-12-24,10.6294,2.4508,6.5876,10.724068670886075,1.8650996450697424,57.82097649186257,6.1768737728842735,1.5199003764120598,55.687528551850164,2.8203
2021-12-28,10.6438,2.4508,6.5948,10.72403239945775,1.8646789815737908,57.97559873474921,6.177064606777933,1.519579558103466,55.84474885844749,2.8004
2021-12-29,10.539,2.4762,6.7032,10.723948825654924,1.8642619687109174,56.639566395663955,6.177304741599121,1.519274302680637,60.200821542674575,2.7854
2021-12-30,10.5395,2.4755,6.7227,10.723865553047403,1.8638452131066645,56.659142212189614,6.177553553304596,1.5189723622257303,61.222627737226276,2.7654
2021-12-31,10.7,2.431,6.5704,10.723854783393502,1.8634246918938762,59.07039711191335,6.177732689851196,1.5186491590750748,55.03875968992248,2.7754
2022-01-03,10.6453,2.4468,,10.723819350473613,1.8630051330192914,58.00631483987371,6.177732689851196,1.5186491590750748,,
2022-01-04,10.6685,2.444,6.58788894877443,10.723794409377819,1.862585481777942,58.385933273219116,6.177919634363012,1.5183282672002338,55.65177757520511,2.7855
2022-01-05,10.5268,2.4903,6.695063020101075,10.723705633168093,1.8621704377969668,56.196484903109514,6.178155234994328,1.5180224803234887,59.95444191343964,2.8045
2022-01-06,10.6075,2.4646,6.606792010370021,10.72365328828829,1.861752615678216,57.432432432432435,6.17835042478275,1.5177043583127388,56.284153005464475,2.8205
2022-01-07,10.8459,2.415,6.401973944993038,10.72370832958127,1.8613352502904572,61.95407474110761,6.178452210636283,1.5173664121907087,48.83932635411926,2.8181
2022-01-10,10.9542,2.3873,6.32331858830403,10.72381206120612,1.8609227819973062,63.77137713771377,6.178518118906377,1.517024348614964,46.99727024567789,2.8056
2022-01-11,10.9655,2.3844,6.32381119419999,10.723920782726045,1.860511232304978,63.92262708052182,6.17858419124621,1.5166825376592008,47.02137335152342,2.7957
2022-01-12,11.2753,2.3153,6.073243620125407,10.724168705035972,1.8601296332516284,69.42446043165468,6.178536309168429,1.5163394603393239,40.77272727272727,2.7957
2022-01-13,11.2668,2.3223,6.089834607874463,10.724412584269663,1.8597471431302048,69.12359550561797,6.178496008531766,1.5159961336453132,41.072239890958656,2.7858
2022-01-14,11.2111,2.3317,6.12623133769211,10.724631221922731,1.859357964839109,68.3288409703504,6.178472273440558,1.5156522719629373,41.87102633969119,2.7935
2022-01-17,11.1458,2.3497,6.1859894489404095,10.724820341266279,1.8589618740214522,67.2204759766502,6.178475685685451,1.515308244038463,43.62233318202451,2.786
2022-01-18,11.0914,2.3658,6.274494374019509,10.72498487432675,1.8585608643612197,66.51705565529623,6.178519251333516,1.5149658217950845,46.14337568058076,2.7415
2022-01-19,11.1127,2.3637,6.267313184014687,10.725158815612383,1.858162051778082,66.82368775235533,6.178559520690741,1.5146234330216608,45.941043083900226,2.7314
2022-01-20,11.4453,2.2913,6.010110907534097,10.725481748878924,1.8578079390163758,71.97309417040358,6.178483161391939,1.5142843429477109,38.30462375339982,2.7271
2022-01-21,11.4636,2.2884,6.01326319829722,10.725812595248767,1.8574572379249774,72.20977140295831,6.178408299605308,1.513945323177582,38.37788853647485,2.71
2022-01-24,11.3154,2.3224,6.162413477208052,10.726076747311827,1.8570830074912896,69.98207885304659,6.178401055573426,1.5136024907883165,42.88949275362319,2.6751
2022-01-25,11.1517,2.3561,6.26934266255369,10.726267353336318,1.856688971405365,67.30855351545006,6.178442224250193,1.51326108946782,46.0389316432775,2.6979
2022-01-26,11.2077,2.3445,6.207837252960018,10.726482855863921,1.856301305345662,68.21844225604298,6.178455525168161,1.5129188131230915,44.02714932126697,2.7146
2022-01-27,10.9794,2.398,6.373165826912217,10.726596017897092,1.8558936862528461,63.93736017897091,6.178543589528968,1.5125823054975704,48.43962008141113,2.7348
2022-01-28,10.8633,2.4187,6.503205938342861,10.726657155635063,1.8554808879609426,61.98568872987478,6.178690362742717,1.5122561112108106,52.48643761301989,2.7021
2022-01-31,10.9942,2.3855,,10.726776754582028,1.8550747368980927,64.23781850692892,6.178690362742717,1.5122561112108106,,
2022-02-04,11.3175,2.3162,,10.727040705987488,1.8547022573607859,70.06255585344057,6.178690362742717,1.5122561112108106,,
2022-02-07,11.3444,2.3176,6.089321899791967,10.727316435908888,1.8543339093071693,70.47789191603394,6.178649979343282,1.5119155900056587,40.93990058743787,2.7256
2022-02-08,11.2384,2.3448,6.175363781321185,10.727544598214285,1.8539513845546884,68.75,6.178648495062332,1.5115741087026546,43.22493224932249,2.7227
2022-02-09,11.4819,2.2895,5.9765599491373385,10.727881213743863,1.8536061609303502,72.42302543507363,6.178557258698484,1.5112389545580058,37.38148984198645,2.7328
2022-02-10,11.5392,2.277,5.933312035496395,10.728243086529885,1.853271908593049,73.14897413024084,6.178446588471407,1.5109069103415311,36.462093862815884,2.7328
2022-02-11,11.5473,2.2816,5.8709330813263705,10.7286082478823,1.8529394111804505,73.2055283102987,6.178307881431649,1.5105802292879573,34.866937302661256,2.7891
2022-02-14,11.3729,2.3176,5.991032083285706,10.728895365418895,1.8525764053889462,70.90017825311944,6.178223446896867,1.5102448960848482,37.91704238052299,2.8018
2022-02-15,11.2509,2.3347,6.091377834662116,10.729127884187083,1.8521965099791156,68.7750556792873,6.1781843096223135,1.5099056842297958,41.09959441189725,2.7968
2022-02-16,11.4307,2.2971,5.959170615972774,10.729440249332146,1.8518432762894146,71.81656277827248,6.178085654805353,1.509572730450537,36.846846846846844,2.7892
2022-02-17,11.4654,2.2919,5.941993697559614,10.729767779261238,1.8514962281397842,72.27414330218068,6.177979354959677,1.509241161981813,36.515083295812694,2.7799
2022-02-18,11.2928,2.3303,6.0576997733068865,10.730018238434162,1.8511224456012187,69.52846975088967,6.177925223734812,1.508903667058038,40.099009900990104,2.7975
2022-02-21,11.1826,2.3614,6.112464185430937,10.730219475322365,1.8507354510075884,67.45220097821255,6.177895776574082,1.5085648829534555,41.74538911381017,2.83
2022-02-22,10.9149,2.4148,6.34178801454892,10.730301555555556,1.8503282251373128,62.44444444444445,6.177969469127127,1.508229691163143,47.84172661870504,2.82
2022-02-23,10.9446,2.4052,6.34692597262577,10.73039675699689,1.8499226898114223,62.860950688582854,6.178045404634318,1.5078949773543004,47.91011235955056,2.79
2022-02-24,10.8438,2.4859,6.434359495748723,10.730447113676732,1.8495134584959743,61.05683836589698,6.17816055022781,1.5075660228017869,50.17969451931717,2.7875
2022-02-25,10.7671,2.4989,6.512551894196209,10.730463382157124,1.8491031183891058,59.6537949400799,6.178310703503055,1.5072441589862926,53.345307588684335,2.775
2022-02-28,10.7767,2.5044,6.504278443308248,10.73048389529725,1.8486931467009342,59.849157054126,6.1784570085927335,1.5069216874139186,52.782764811490125,2.775
2022-03-01,10.8199,2.4922,6.439729595467609,10.73052354767184,1.8482841501818852,60.55432372505544,6.178574223750596,1.5065937822594837,50.38133692238672,2.8025
2022-03-02,10.6506,2.5345,6.571642395733574,10.730488120567376,1.84787523313288,57.13652482269504,6.178750487504848,1.5062789312341498,55.65022421524664,2.8175
2022-03-03,10.6743,2.5254,6.538295813308601,10.730463225520603,1.8474662008257394,57.64288879042977,6.178911646324123,1.50596054376255,54.459883460331696,2.83
2022-03-04,10.4045,2.5962,6.798725911865057,10.730318866253322,1.847069794397276,53.188662533215236,6.179189340887538,1.505680281264888,65.50179211469535,2.8125
2022-03-07,10.185,2.6751,7.0057603338242505,10.730077467906153,1.8466965508250606,49.40239043824701,6.179559502550296,1.5054446779506037,72.68248992386923,2.8126
2022-03-08,10.0177,2.7137,7.1547312736456465,10.729762256637168,1.8463487275752644,45.707964601769916,6.179996016324286,1.5052490414747925,76.99194270367055,2.8276
2022-03-09,9.9498,2.7452,7.207853275442722,10.729417293233084,1.8460132236019666,44.13976116762495,6.18045590771539,1.5050692338344707,78.07606263982103,2.8426
2022-03-10,10.1451,2.8309,7.0067752885629515,10.729158974358974,1.8456460028508823,48.673740053050395,6.180825460211298,1.5048340627739905,72.62969588550983,2.8502
2022-03-11,9.919,2.8954,7.291461457808246,10.72880097216085,1.8453167250664375,43.26115775519222,6.181321944787783,1.5046808362428565,80.68842199374163,2.7902
2022-03-14,9.39,2.9556,7.881927263045792,10.728209628975264,1.845123599134267,25.993816254416963,6.18208182205242,1.5047738855258979,89.27613941018767,2.7677
2022-03-15,8.8018,3.1574,8.543612458815241,10.727359116997793,1.8451600811346702,7.417218543046358,6.183136547660621,1.5052650203247626,95.26574363555159,2.8177
2022-03-16,9.6575,2.8499,7.5594466476831474,10.726886981465137,1.8448897371795347,35.701676963812886,6.183750971812416,1.5052097907051585,85.17857142857143,2.7952
2022-03-17,10.4043,2.6624,6.82381066674356,10.726744684605206,1.844495228990232,53.3303925893251,6.1840365852416594,1.5049346296911044,66.13119143239625,2.7876
2022-03-18,10.3455,2.6725,6.873338374172347,10.726576587301588,1.8441059177822354,52.64550264550265,6.184344034746088,1.5046693618614189,67.43978590544157,2.7927
2022-03-21,10.2299,2.7012,6.962566620397071,10.726357690612604,1.8437289744506546,50.330542089026,6.184690990869874,1.5044236110389329,71.020954079358,2.8127
2022-03-22,10.6016,2.6088,6.602338484757018,10.726302731277533,1.8433246810391866,56.651982378854626,6.184877108291392,1.5041141917589933,56.63992869875223,2.8302
2022-03-23,10.5217,2.5797,6.673967577482728,10.726212637604581,1.8429237954218196,55.438132981065614,6.185094965961411,1.5038145743346694,59.42093541202672,2.8302
2022-03-24,10.4001,2.6178,6.8100921606523,10.726069102112676,1.842530874513302,53.25704225352113,6.185373237196803,1.5035375727624092,65.62778272484417,2.8052
2022-03-25,10.1663,2.6808,7.0392203299135385,10.72582283326001,1.842162921948234,49.18609766827981,6.185753231452573,1.503310839965976,73.78727191811303,2.7972
2022-03-28,10.2762,2.6424,6.940923604055975,10.725625109938436,1.8417819524229742,51.671064204045734,6.186089161333625,1.503060790542794,70.24021352313167,2.7903
2022-03-29,10.3003,2.6082,6.923155093540965,10.725438153846154,1.841398702824584,51.95604395604395,6.186416891850391,1.5028069270476363,69.4086260560249,2.7853
2022-03-30,10.314,2.5752,6.925259433779328,10.725257381370826,1.8410143243407795,52.10896309314587,6.186745266313471,1.5025536340192567,69.6,2.7703
2022-03-31,10.1804,2.6133,7.034996746689717,10.725018093983312,1.8406454178407252,49.319279754062364,6.187122099490004,1.502326185759391,73.65615282096846,2.7878
2022-04-01,10.2125,2.6064,7.0176,10.724793107989465,1.8402726847368758,49.956101843722564,6.187490872980461,1.5020944968705343,73.04618117229128,2.7743
2022-04-04,10.439,2.548,6.8081,10.72466770513383,1.8398786301118837,54.278192189556826,6.18776633198047,1.5018179965253726,65.37949400798935,
2022-04-06,10.2666,2.5961,6.9799,10.724466798245613,1.8395001075683934,51.31578947368421,6.188117766615793,1.5015774731430944,71.45075421472937,2.7604
2022-04-07,10.1324,2.6323,7.1299,10.724207233669445,1.8391386035396167,48.04910127137221,6.188535408404434,1.5013754289317816,76.14190687361419,2.7394
2022-04-08,10.1442,2.6321,7.1049,10.723953067484663,1.838775661837983,48.466257668711656,6.1889415983829785,1.501166566851147,75.177304964539,2.7529
2022-04-11,9.8391,2.7167,7.3955,10.723565484012266,1.8384661407342877,40.91108190976785,6.189476183408063,1.501048744699745,83.11918475852902,2.768
2022-04-12,9.9104,2.6908,7.3199,10.72320945709282,1.8381423479362484,42.95096322241681,6.189976813973427,1.5009047795071266,81.22232063773251,2.7705
2022-04-13,9.9651,2.6758,7.2719,10.722877680525164,1.8378084860450772,44.288840262582056,6.190455752966798,1.5007451099708267,79.9468791500664,2.7631
2022-04-14,10.0309,2.662,7.2036,10.722574978127735,1.8374634456162187,45.88801399825022,6.190904046881415,1.500564329172048,77.9646017699115,2.7656
2022-04-19,9.7884,2.7233,7.3954,10.722166506340184,1.8371654913751703,39.877568867512025,6.191436773972577,1.5004462022997387,83.10482087571872,2.8208
2022-04-20,9.7115,2.7391,7.4641,10.72172478146853,1.8368854399010068,37.45629370629371,6.191999401393456,1.5003530377368295,84.04067197170646,2.833
2022-04-21,9.5815,2.7864,7.6109,10.721226649191786,1.8366387187265634,32.85277413717781,6.192626401216084,1.5003178902018917,86.34555899248785,2.8259
2022-04-22,9.5347,2.798,7.6471,10.720708515283842,1.836404983386314,31.09170305676856,6.193268836551236,1.500297812648858,86.70494699646643,2.8409
2022-04-25,9.1699,2.8466,8.0892,10.72003160192056,1.836289888377178,17.285028371890004,6.194105892252538,1.500495269565986,91.25827814569536,2.816
2022-04-26,9.2277,2.8236,8.0109,10.719380497382199,1.836153753670875,19.851657940663177,6.194907654877316,1.5006493440755673,90.55604589585172,2.826
2022-04-27,9.2854,2.8228,7.9285,10.718755124291322,1.8359974568328932,22.197993894461405,6.195672362572562,1.500759874168722,89.89854433171593,2.8411
2022-04-28,9.4256,2.7773,7.7608,10.718191412380122,1.8357957060806558,27.28857890148213,6.196362454123456,1.5007887047069666,87.78659611992946,2.8486
2022-04-29,9.7216,2.6563,7.4478,10.717757167755991,1.835513545907833,37.9520697167756,6.196913991164389,1.5006878345619499,83.62714852357867,2.8386
2022-05-03,9.7336,2.6571,7.4351,10.717328527874564,1.8352286669776154,38.41463414634146,6.197459447555946,1.5005822060399825,83.3920704845815,
2022-05-04,9.6101,2.5315,7.5671,10.71684649542882,1.8349745119486565,34.04440574662603,6.198062547755174,1.5005269413196205,85.2928225451343,
2022-05-05,9.5789,2.5272,7.6114,10.716351305483029,1.8347287182649725,32.85465622280243,6.198684615295774,1.5004895511805916,86.17957746478874,2.8282
2022-05-06,9.2198,2.6314,8.0189,10.715700347977382,1.834595056828648,19.399739016963895,6.199485413969203,1.500644978180825,90.58512978442586,2.8273
2022-05-10,9.027,2.6861,8.269,10.714966130434782,1.8345339986198073,13.086956521739129,6.200395490744063,1.5009422515445585,92.83201407211962,2.8089
2022-05-11,9.1146,2.6535,8.1474,10.714270621468927,1.8344385914743735,15.34115601912212,6.201251316901977,1.5011671970546974,91.73626373626374,2.824
2022-05-12,8.9122,2.7125,8.4151,10.713487793223283,1.8344244876332199,9.556907037358817,6.202224009644991,1.5015542901929604,94.20035149384886,2.8055
2022-05-13,9.1376,2.6504,8.1298,10.712803517151542,1.834320007006173,16.239687364307425,6.203070551581906,1.501767675943732,91.4800175669741,2.814
2022-05-16,9.152,2.6458,8.105,10.712126085069444,1.8342100156004801,16.75347222222222,6.2039054635434585,1.501966498048011,91.22036874451273,2.8216
2022-05-17,9.4856,2.5601,7.7245,10.711593969631236,1.8339899601801863,29.349240780911064,6.20457268361211,1.5019745742910167,87.1434839842036,2.8178
2022-05-18,9.5957,2.5102,7.6412,10.711110060711189,1.8337394406807486,33.52124891587164,6.20520278331228,1.501946404267798,86.18421052631578,2.7801
2022-05-19,9.3732,2.6119,7.8913,10.710530125704377,1.8335534725723377,25.335934113567404,6.20594197542832,1.502031901655736,89.17141604559404,2.7774
2022-05-20,9.6527,2.6285,7.5698,10.710071793760832,1.8332883916586515,35.61525129982669,6.206539634510078,1.5019740171840377,84.92550394390885,2.79
2022-05-23,9.5579,2.6063,7.695,10.709572802078823,1.8330481218166665,32.265049805110436,6.207191610141042,1.501967983044195,86.77179150240912,2.7675
2022-05-24,9.4004,2.7827,7.8728,10.709006060606061,1.832853645125031,26.406926406926406,6.207920860749561,1.502043353491422,88.87915936952714,2.765
2022-05-25,9.4139,2.9391,7.8651,10.708445651233232,1.8326549931996015,26.893119861531805,6.208646103261269,1.502114575946832,88.70897155361051,2.7575
2022-05-26,9.3966,2.8905,7.9321,10.707878243944636,1.8324616396396183,26.25432525951557,6.209400020101487,1.5022183406012783,89.72003499562554,2.71
2022-05-27,9.662,2.8393,7.6524,10.70742607003891,1.832194481324633,36.16515348032858,6.210030977679055,1.5021928247784466,86.13904678618277,2.6974
2022-05-30,9.8337,2.6524,7.4466,10.707048487467588,1.8318885531866629,41.52981849611063,6.2105714361678315,1.5020868936343954,82.95454545454545,2.7225
2022-05-31,9.9759,2.6581,7.2816,10.706732656587473,1.8315558671291423,45.33477321814255,6.211039338554826,1.5019255157650817,79.42332896461338,2.7426
2022-06-01,9.9388,2.7412,7.3065,10.706401079447323,1.8312299061371171,44.34369602763385,6.211517705655894,1.5017719539038543,80.0,2.7551
2022-06-02,9.8316,2.7573,7.4112,10.706023521795426,1.8309248511598606,41.389728096676734,6.212041355718899,1.50165326072726,82.36577913574858,2.7601
2022-06-06,10.0655,2.5647,7.1573,10.705747195858498,1.8305781955433107,47.41156169111303,6.212453772230365,1.501455408961223,75.85078534031413,2.7776
2022-06-07,10.0151,2.6204,7.2273,10.705449374730486,1.8302396302383794,46.183699870633895,6.212896356716964,1.501277506679469,77.58395115569124,2.7576
2022-06-08,10.2678,2.5656,6.9731,10.705260732758621,1.8298676886892509,52.19827586206897,6.213227744530078,1.5010341347067155,70.00871839581518,2.7661
2022-06-09,10.2197,2.7865,7.0274,10.70505152951314,1.829501198252222,50.84015510555795,6.213582503682788,1.5008032643645437,72.15686274509804,2.7576
2022-06-10,10.2027,2.7981,7.0487,10.704835185185186,1.8291369020828674,50.51679586563308,6.2139462308153295,1.5005775707782798,72.77874564459931,2.7526
2022-06-13,9.7042,3.0116,7.5396,10.704404433921653,1.828860951032383,37.4946190271201,6.2145233547897245,1.500505743545107,84.32738354375272,2.7652
2022-06-14,9.6951,3.0155,7.5443,10.703970137693632,1.828587245148168,37.09122203098107,6.215102021737162,1.5004355623371555,84.37771975630983,2.7702
2022-06-15,9.806,2.9848,7.4151,10.703583913978495,1.8282887674836346,41.03225806451613,6.215623986929969,1.500317868524745,82.3836450630709,2.7827
2022-06-16,9.5848,3.1411,7.6604,10.703102923473773,1.8280428424811979,33.233018056749785,6.216252150413912,1.5002940351926166,86.34782608695653,2.7728
2022-06-17,9.6669,3.116,7.5694,10.702657627847012,1.8277761842797962,36.09798023205845,6.216840219883528,1.5002331058966811,84.7457627118644,2.7752
2022-06-20,9.6929,3.1179,7.5315,10.702223883161512,1.8275033602824593,37.070446735395194,6.2174113144882694,1.5001573671549382,84.1876629018245,2.7853
2022-06-21,9.8714,3.0699,7.345,10.701867153284672,1.8271920511509658,42.72219836839846,6.217900931807208,1.500015593888613,80.8076422058185,2.7853
2022-06-22,9.6252,3.108,7.6121,10.701405064377681,1.8269360156993257,34.72103004291846,6.218506052930555,1.499971163802525,85.72048611111111,2.7773
2022-06-23,9.7642,3.0993,7.4612,10.701003003003002,1.8266471977608327,39.596739596739596,6.219045182625596,1.4998690187775847,82.99349240780911,2.7803
2022-06-24,9.936,3.0347,7.2666,10.700674957118352,1.8263241846374696,44.38250428816467,6.219499456180398,1.499702369953286,78.40416305290546,2.7978
2022-06-27,10.1281,2.9435,7.0406,10.700429532790398,1.8259711946996244,48.949849978568366,6.219855373191156,1.4994747112994835,72.30169050715214,2.8329
2022-06-28,10.1984,2.9285,6.9641,10.700214438731791,1.8256095472421672,50.6426735218509,6.22017783620104,1.4992298389019993,69.36741767764299,2.8414
2022-06-29,10.0165,3.3025,7.1541,10.699921627408994,1.8252734008156069,46.38115631691649,6.220582306605456,1.499031101313678,75.4439151147683,2.8294
2022-06-30,9.9639,3.3085,7.2157,10.699606549657535,1.8249461866092376,45.034246575342465,6.2210130934857135,1.4988495497229044,76.96969696969697,2.8205
2022-07-04,9.9086,3.4772,7.2477,10.69926807873342,1.8246290349168168,43.560119811724434,6.221457354371267,1.4986773437077514,78.01817395067071,2.8445
2022-07-05,9.9197,3.4692,7.2477,10.698934644995722,1.8243099944003045,43.798118049615056,6.221901230948096,1.4985051353568613,78.0060553633218,2.8333
2022-07-06,9.8008,3.4987,7.3676,10.698550662676357,1.8240144736416066,40.70115433946131,6.222396561155209,1.4983704714789512,81.32295719844358,2.8356
2022-07-07,9.8048,3.6533,7.3635,10.698168717948718,1.8237182376524657,40.94017094017094,6.222889691422644,1.4982343970377823,81.1581676750216,2.8356
2022-07-08,9.8491,3.2074,7.3148,10.697806023067066,1.8234130890834543,41.862451943613834,6.223361358942547,1.4980825975458458,79.82721382289417,2.8384
2022-07-11,9.592,3.2998,7.5988,10.697333859948763,1.823166897165743,33.134073441502984,6.223955244366148,1.4980316915318073,85.36269430051814,2.8266
2022-07-12,9.452,3.3464,7.7681,10.69680234741784,1.8229592687839629,27.699530516431924,6.224621685779886,1.4980517515279514,87.65645230902028,2.8117
2022-07-13,9.3961,3.3561,7.836,10.696247440273037,1.8227682841299282,25.895904436860068,6.225316844672993,1.4981023284250463,88.52459016393442,2.8067
2022-07-14,9.3567,3.3611,7.8968,10.695676204690832,1.8225894356278791,24.307036247334754,6.226037622230272,1.4981812447275245,89.34885726606295,2.7907
2022-07-15,9.1575,3.4436,8.1343,10.695020545609548,1.8224775401619038,16.837169650468883,6.226860149117241,1.4983819557918614,91.63793103448276,2.7857
2022-07-18,9.4011,3.3581,7.8534,10.694469237324244,1.8222848983848599,26.203664252236898,6.227560941814734,1.4984393688480784,88.5394226626454,2.7837
2022-07-19,9.3289,3.3862,7.9335,10.693887649063033,1.8221146601508693,23.679727427597953,6.228295627024978,1.498534735523151,89.83634797588286,2.7859
2022-07-20,9.4273,3.3469,7.8365,10.693348446147297,1.8219141255853926,27.330779054916988,6.228987923354283,1.4985835126973794,88.37709857942316,2.771
2022-07-21,9.3067,3.3901,7.9814,10.692758382978722,1.821750928276566,22.80851063829787,6.229741973301204,1.4987017887062961,90.18932874354562,2.7635
2022-07-22,9.3178,3.3885,7.9451,10.692173543173118,1.8215840876656149,23.07528711186729,6.230479761699784,1.4988015248331648,89.80645161290323,2.787
2022-07-25,9.2951,3.4009,7.9794,10.691579549319727,1.8214245256778496,22.61904761904762,6.231231662060188,1.4989178358073654,90.15477214101462,2.779
2022-07-26,9.4309,3.3536,7.8334,10.691043773905653,1.8212228082905884,27.539311517212067,6.231920174452943,1.4989635758285789,88.13923506660937,2.77
2022-07-27,9.3255,3.3855,7.9532,10.69046367884452,1.8210533484413314,23.576890399320305,6.232659555821305,1.4990659683616736,89.81958762886599,2.7701
2022-07-28,9.3031,3.3922,7.9641,10.68987456475584,1.820891017729668,22.760084925690023,6.233402982375267,1.4991732876872197,89.99570631172176,2.785
2022-07-29,9.0997,3.4782,8.2334,10.689199617996605,1.8207991670795851,14.60101867572156,6.23426135019399,1.4994238699260931,92.7038626609442,2.756
2022-08-01,9.0487,3.5067,8.3221,10.688503606279168,1.820726324610585,13.534153585065761,6.235157033870441,1.4997255324975587,93.43629343629344,2.7292
2022-08-02,8.8388,3.5892,8.5824,10.687719168787108,1.8207385423010383,7.930449533502968,6.236163570305317,1.5001912415698584,95.88336192109776,2.7314
2022-08-03,8.874,3.5651,8.5471,10.686950317931327,1.820735410129532,8.690122933446375,6.237154113138447,1.5006322641487382,95.4564937848264,2.7218
2022-08-04,9.125,3.4946,8.2397,10.686288474576271,1.8206334250128278,15.635593220338983,6.238012101950299,1.5008830050648876,92.63067694944301,2.7192
2022-08-05,9.1305,3.4931,8.2184,10.685629521389242,1.8205292868419325,15.798390512494706,6.238860233812419,1.5011209056549832,92.3340471092077,2.7339
2022-08-08,9.0852,3.528,8.266,10.684951947502118,1.8204416078901087,14.352243861134632,6.239728016246574,1.501385264227723,92.8082191780822,2.7409
2022-08-09,9.069,3.5343,8.2866,10.684268091409226,1.8203597998527796,14.007617435463393,6.240603870753957,1.5016607988176611,93.15361574668378,2.74
2022-08-10,8.9043,3.5991,8.4939,10.683515143824026,1.820342747443919,9.30626057529611,6.241567641553464,1.5020623800764188,94.86740804106074,2.7366
2022-08-11,9.0832,3.52,8.2776,10.682838477801269,1.8202552072815872,14.418604651162791,6.242438112848225,1.5023309712133268,92.98845660538692,2.7317
2022-08-12,9.133,3.5179,8.2146,10.682183431952662,1.820149283206586,15.976331360946746,6.243280917073503,1.5025628951598307,92.13675213675214,2.7347
2022-08-15,9.0569,3.5232,8.3831,10.681496789184623,1.8200712328589936,13.814955640050696,6.244194979048269,1.502892521363357,93.72063220845791,2.6582
2022-08-16,8.9902,3.5468,8.4886,10.680782559121623,1.820018634658008,11.444256756756758,6.245153307409051,1.5032868865454025,94.79077711357814,2.6346
2022-08-17,9.1644,3.5304,8.2994,10.680142465175178,1.8199010391628814,17.433516251582944,6.246030066560818,1.5035648485082385,93.1284677763551,2.6124
2022-08-18,9.1108,3.6112,8.396,10.67948029535865,1.8198024727824327,15.274261603375528,6.246947289228668,1.5038995804169963,93.72866894197952,2.58
2022-08-19,9.1051,3.6031,8.3954,10.678816280050611,1.8197058188666186,15.099114297764658,6.247863473753517,1.5042330285399292,93.68869936034116,2.5875
2022-08-22,9.0618,3.5683,8.4428,10.678134569983136,1.8196249974888217,13.99662731871838,6.248799081820971,1.5045947059283733,94.37340153452686,2.5925
2022-08-23,9.0094,3.5997,8.492,10.677431352718079,1.8195639106366734,12.305099030762747,6.2497548555398375,1.5049862974027486,94.84448231785258,2.6075
2022-08-24,8.938,3.654,8.5782,10.676698652064026,1.8195307518348385,10.067396798652064,6.250746527236797,1.5054325561966733,95.82623509369677,2.61
2022-08-25,9.177,3.4967,8.2578,10.6760672,1.819407807586086,18.147368421052633,6.251600956131119,1.505681417361294,92.2520221370796,2.639
2022-08-26,9.2636,3.2913,8.1519,10.675472727272728,1.819255586627412,21.632996632996633,6.252409594022127,1.5058711156954052,91.14893617021276,2.643
2022-08-29,9.2102,3.3177,8.235,10.67485628944047,1.8191210453117732,19.604543542280183,6.253252890664398,1.5061057305833758,92.04593789876648,2.6225
2022-08-30,9.372,3.3598,8.0571,10.674308410428933,1.8189346592966138,25.820016820857866,6.254019832462585,1.5062446324608132,89.96598639455783,2.613
2022-08-31,9.3868,3.3645,8.0308,10.673767213114754,1.8187438186328788,26.35561160151324,6.25477494515597,1.506369737981136,89.75775605609859,2.6225
2022-09-01,9.2252,3.6156,8.2274,10.673158571428571,1.8186040035179183,20.168067226890756,6.25561293370943,1.5065982104120441,91.97111299915038,2.6125
2022-09-02,9.1735,3.6445,8.2784,10.672528727425451,1.8184816823459438,17.849643007139857,6.256471866646284,1.506854681256078,92.6963906581741,2.6226
2022-09-05,9.2129,3.4491,8.2363,10.671915952980688,1.8183457866412196,19.815281276238455,6.257312201168081,1.507086688078972,92.02037351443124,2.618
2022-09-06,9.1844,3.8255,8.274,10.671291733109525,1.8182194752594674,18.506084767100294,6.258167817544336,1.507339185395097,92.53288078065337,2.614
2022-09-07,9.1188,3.8339,8.3449,10.670640520134228,1.818116037721888,15.68791946308725,6.259052776061068,1.5076318348293014,93.21458863443596,2.6215
2022-09-08,9.0189,3.9083,8.4622,10.669947966457023,1.8180493372917848,12.578616352201259,6.259986708754556,1.5079943448544477,94.48919033488767,2.6256
2022-09-09,9.2449,3.8464,8.1818,10.669350712489523,1.817902324399676,20.91366303436714,6.260801036420339,1.508193517921811,91.10169491525424,2.635
2022-09-13,9.2526,3.7922,8.1651,10.668757184750733,1.817752706861691,21.240050272308338,6.261607600996188,1.5083830917595409,90.93604404913172,2.6427
2022-09-14,9.046,3.8604,8.3921,10.668077638190955,1.8176753015353164,13.5678391959799,6.262509587617273,1.5087004851219197,93.52243861134632,2.6625
2022-09-15,9.0882,3.8187,8.3408,10.667416324822103,1.8175821513447796,14.734198409376308,6.263389101122301,1.5089867485776807,93.10198899703767,2.6625
2022-09-16,8.996,3.8762,8.4431,10.6667169874477,1.8175233176671282,11.673640167364017,6.264311144649746,1.509333207157595,94.28934010152284,2.673
2022-09-19,8.9112,3.8956,8.5468,10.665982768716018,1.8174976783326255,9.32664157256378,6.26527625621649,1.509743489795701,95.43340380549682,2.675
2022-09-20,8.9998,3.8849,8.4474,10.665286204013379,1.8174369183829477,11.97742474916388,6.266198540131867,1.5100906348265057,94.29416737109044,2.664
2022-09-21,8.8659,3.9859,8.6341,10.66453426661095,1.8174292571426216,8.357709987463435,6.267198920976763,1.5105555684544028,96.1977186311787,2.6451
2022-09-22,8.752,4.044,8.7759,10.66373538011696,1.8174698469392938,6.182121971595656,6.268258338662162,1.5111158713275044,97.12837837837837,2.6501
2022-09-23,8.6588,4.0955,8.8687,10.662898246346556,1.8175519628267054,4.634655532359081,6.269356034593499,1.511740906775193,97.42507387083158,2.6802
2022-09-26,8.6257,4.099,8.8779,10.662047996661101,1.8176489725983405,4.298831385642738,6.270456686055695,1.512371041892023,97.42616033755274,2.7154
2022-09-27,8.6127,4.1015,8.9057,10.661193032957865,1.817751591561619,4.25531914893617,6.271568134100379,1.513019889127309,97.46942218473218,2.7051
2022-09-28,8.3396,4.2392,9.2509,10.660224895746456,1.8179905459042902,2.5020850708924103,6.27282417620236,1.5139368112506357,98.18718381112986,2.7401
2022-09-29,8.2904,4.2223,9.312,10.659237057107127,1.8182551963506424,2.417674030846186,6.2741049076915285,1.5149024814837144,98.23008849557522,2.7501
2022-09-30,8.329,4.213,9.2461,10.658266125,1.8184982806352372,2.458333333333333,6.275356801159224,1.5158106376669969,98.06234203875316,2.7601
2022-10-03,8.2591,4.241,9.3478,10.657266888796334,1.8187784405292833,2.2907122032486464,6.276650461453473,1.5168017235202957,98.23157894736842,
2022-10-05,8.7234,4.0148,8.7033,10.656461781848458,1.8188276911941401,6.036636136552873,6.277671778599326,1.5172990810514335,96.46464646464646,
2022-10-06,8.6864,4.0315,8.7521,10.655641947565544,1.8188930573050397,5.285060341240117,6.278712766492216,1.5178282963606857,96.67648296171645,
2022-10-07,8.5592,4.0966,8.9232,10.654769883527454,1.8190171055795026,4.242928452579035,6.27982483008915,1.5184773755551808,97.39276703111858,
2022-10-10,8.3219,4.2153,9.2763,10.653799875259875,1.8192606691933935,2.494802494802495,6.281084382493484,1.5194001946355469,98.10844892812106,2.7402
2022-10-11,8.1414,4.3134,9.5403,10.652755652535328,1.8196033058213976,1.7456359102244388,6.282453800820167,1.5205486889387896,98.57142857142858,2.7426
2022-10-12,8.0662,4.3545,9.6622,10.651681055255505,1.819988733046307,1.6618196925633568,6.283873265834522,1.5218057309552306,98.57202855942882,2.7352
2022-10-13,7.9193,4.4384,9.9022,10.65054634551495,1.8204621929289417,1.3704318936877076,6.285392294690176,1.523290671835115,98.86649874055415,2.7252
2022-10-14,8.003,4.3917,9.7976,10.649447322540473,1.8208831355833168,1.61892901618929,6.28686615440705,1.5246688372978945,98.74108266890474,2.6977
2022-10-17,8.0141,4.3912,9.7778,10.648353817427386,1.8212962937007475,1.6597510373443984,6.288330472295302,1.526024136724604,98.5738255033557,2.7002
2022-10-18,8.1493,4.3123,9.5708,10.647317295727914,1.8216293835587676,1.9908751555371216,6.289706769791194,1.527183358771421,98.40670859538784,2.7002
2022-10-19,7.976,4.4257,9.8324,10.646209784411276,1.822063428751903,1.616915422885572,6.29119155320704,1.5285841323834193,98.74266554903605,2.7052
2022-10-20,7.8548,4.4941,10.0136,10.645052963116452,1.8225715670345646,1.1189390799834231,6.292751003750313,1.530161121232368,99.20402178466695,2.7175
2022-10-21,7.8352,4.5125,10.0351,10.64388898094449,1.8230908749009225,1.0770505385252693,6.294318151571189,1.5317555066650064,99.20435510887772,2.7278
2022-10-24,7.3529,4.8256,10.8848,10.642526252587992,1.8239426932485838,0.08281573498964803,6.296239659251569,1.53431084536853,100.0,2.7153
2022-10-25,7.411,4.8169,10.7657,10.641188700331126,1.8247494407086469,0.16556291390728478,6.2981097263397485,1.536710604044327,99.93723849372384,2.7278
2022-10-26,7.4937,4.7788,10.642,10.639886470831609,1.8254944417790806,0.24824162184526274,6.2999264934972805,1.5389543084966315,99.83270598076118,2.7025
2022-10-27,7.5222,4.7447,10.5987,10.638597105045491,1.8262173902930219,0.37220843672456577,6.30172363961204,1.541140010654951,99.74916387959865,2.6953
2022-10-28,7.3644,4.9284,10.9135,10.637243571723854,1.827052588637892,0.12401818933443572,6.303650834079397,1.5436981839604442,100.0,2.6653
2022-10-31,7.2344,4.9898,11.1795,10.63583743801653,1.8279837659491396,0.04132231404958678,6.305687529637426,1.5465882284844366,100.0,2.6433
2022-11-01,7.5831,4.7395,10.5243,10.634576497315159,1.828658566961013,0.49566294919454773,6.307448954468476,1.548665262190168,99.62421711899792,2.6629
2022-11-02,7.7554,4.6274,10.2088,10.633387737407102,1.829216421605418,1.0734929810074318,6.309077231198664,1.5503912201342591,99.24874791318865,2.6854
2022-11-03,7.5235,4.7867,10.6141,10.6321042509286,1.8299294036555815,0.4952538175815105,6.31087323569128,1.5525587748982967,99.70796829370046,2.6776
2022-11-04,7.9139,4.5383,9.9337,10.630982879537953,1.8303843936604949,1.7326732673267329,6.31238400581818,1.5539963122230598,98.54045037531276,2.7023
2022-11-07,8.1094,4.4643,9.6311,10.629943051546391,1.8307229145521036,2.3917525773195876,6.31376738055523,1.5551485533188276,97.87411421425594,2.7003
2022-11-08,8.0876,4.4781,9.6793,10.628895094806264,1.831072922059432,2.3495465787304206,6.315169685813332,1.5563408552087692,97.91666666666666,2.6853
2022-11-09,7.9748,4.4742,9.8442,10.627801524515863,1.8314878703939668,2.1013597033374536,6.316639502687213,1.5576818985881,98.29237817576009,2.6953
2022-11-10,7.8383,4.5748,10.0551,10.626652635914333,1.8319852070505898,1.4827018121911038,6.318195897565362,1.5592237968541032,98.91756869275603,2.7028
2022-11-11,8.4149,4.2461,9.1483,10.625742074927954,1.8321575251471836,4.158089748867847,6.319373635435705,1.5599675816693428,96.79567207657095,2.7354
2022-11-14,8.5559,4.1727,8.8524,10.624890288065844,1.8322614813473355,5.226337448559671,6.320427306968385,1.5604981424752673,96.00665557404326,2.8354
2022-11-15,8.905,3.9913,8.4141,10.624182805429864,1.832216537389983,10.65405183052242,6.321297856944698,1.5607574453741573,92.3076923076923,2.8155
2022-11-16,9.0185,3.9976,8.2554,10.623522574013158,1.8321290275653304,14.0625,6.32210172317207,1.560930960260403,90.3990024937656,2.8329
2022-11-17,8.9001,4.0435,8.4332,10.622814221126182,1.8320855356173487,10.563090834360873,6.322978789344411,1.5611995414263198,92.60490236809306,2.8026
2022-11-18,8.8194,4.0582,8.5136,10.622073294987675,1.8320736984248795,8.627773212818406,6.323888515760797,1.5615133238244654,93.43853820598007,2.825
2022-11-21,8.6727,4.1532,8.7124,10.62127273100616,1.832123237292749,6.036960985626283,6.324880010772934,1.5619471508390355,95.3922789539228,2.818
2022-11-22,8.5469,4.2049,8.8725,10.62042118226601,1.8322290564631094,5.213464696223316,6.325937114502904,1.5624847417629206,96.14107883817428,2.8276
2022-11-23,8.6158,4.1571,8.8091,10.61959860484202,1.832302937705809,5.53959786622897,6.326967045189548,1.5629786951359619,95.85234342596432,2.7975
2022-11-24,8.6845,4.1558,8.7198,10.61880488105004,1.8323461119536775,6.357670221493026,6.327959098653399,1.5634137083827742,95.39800995024875,2.795
2022-11-25,8.6581,4.1908,8.7199,10.618000984009841,1.832400405750255,5.986059860598606,6.3289503713021125,1.5638476750304575,95.3999171156237,2.83
2022-11-28,8.5147,4.2293,8.8844,10.617138975409837,1.8325194308659885,5.0,6.330008966840099,1.5643882252314214,96.23032311516155,2.86
2022-11-29,8.9487,4.0242,8.2948,10.616455469070054,1.8324550930401542,12.044244162228594,6.33082254490766,1.5645750186962493,90.80745341614906,2.88
2022-11-30,9.0776,3.9478,8.1311,10.615825307125306,1.8323443838554714,16.175266175266177,6.331567692860927,1.5646797453074934,88.45198675496688,2.885
2022-12-01,9.1282,3.919,8.0951,10.615216373311503,1.832216446416375,18.05157593123209,6.33229732972776,1.5647670731563659,88.12577575506828,2.86
2022-12-02,9.0882,3.9359,8.1357,10.614591571194762,1.8321018596907954,16.59165302782324,6.333043153826302,1.5648731086188166,88.50289495450787,2.8676
2022-12-05,9.5656,3.7605,7.5639,10.614162535787322,1.8318499538272002,34.92842535787321,6.333551982617609,1.5647496770798035,81.10789582472096,2.8902
2022-12-06,9.5224,3.7767,7.5864,10.613716189697465,1.83160843393148,33.033524121013905,6.334069688409916,1.5646335474705044,81.40495867768594,2.9152
2022-12-07,9.2268,3.9023,7.9678,10.613149407437678,1.8314486705689412,22.272170004086636,6.334744504730276,1.564662572466984,86.78232135481207,2.8702
2022-12-08,9.5111,3.7752,7.6287,10.61269922385621,1.8312099752199316,32.55718954248366,6.335278755554087,1.564560376703851,82.411230388109,2.8853
2022-12-09,9.7274,3.6888,7.3899,10.612337729685585,1.8309234304526194,41.15965700285831,6.335714009885265,1.5643841458638612,78.20883202641353,2.8903
2022-12-12,9.5209,3.7735,7.613,10.611892244897959,1.8306824822534495,32.95918367346939,6.336240943049504,1.5642764817111594,82.13696369636963,2.8902
2022-12-13,9.5716,3.7493,7.5524,10.611467809057528,1.8304295529762582,35.33251733986128,6.336742451938968,1.564148815891784,80.61855670103093,2.8952
2022-12-14,9.628,3.7288,7.5209,10.611066721044045,1.8301639872977176,37.60195758564437,6.33723056304699,1.5640111268704315,80.13190436933223,2.8655
2022-12-15,9.4928,3.7875,7.6514,10.610610843864654,1.8299301445449236,32.14431308601712,6.3377720420074155,1.5639163099043625,82.61227853316852,2.8829
2022-12-16,9.5442,3.7698,7.592,10.610176283618582,1.8296838522234058,34.31132844335779,6.338288610359142,1.563801300286746,81.4662273476112,2.8856
2022-12-19,9.4951,3.7687,7.6685,10.609722077393075,1.8294495414206524,32.17922606924644,6.338836247818855,1.5637122171405111,82.91477974475092,2.8632
2022-12-20,9.3514,3.8316,7.8204,10.609209731270358,1.8292532137724038,26.91368078175896,6.339445944836213,1.56367917996269,84.60905349794238,2.8732
2022-12-21,9.3913,3.8183,7.7876,10.608714041514043,1.8290458956256597,28.49002849002849,6.340041647861784,1.56363329962933,84.2040312628548,2.8606
2022-12-22,9.6347,3.7128,7.5289,10.608317778681855,1.8287792835669612,37.8966639544345,6.3405304876447355,1.5634975834776643,80.13980263157895,2.8503
2022-12-23,9.5724,3.7343,7.6216,10.607896502643351,1.8285266799008868,35.46156974379829,6.341057026696259,1.563391893479938,82.1619399917797,2.8251
2022-12-28,9.7409,3.6769,7.4157,10.607544065040651,1.8282385256670055,41.78861788617886,6.341498539832373,1.5632224084880926,78.34839769926047,2.8503
2022-12-29,9.6801,3.6995,7.4929,10.607167208451848,1.8279626112767757,39.37423811458757,6.341971394641478,1.563075481955962,79.46611909650923,2.8376
2022-12-30,9.7081,3.6903,7.4654,10.606802030869211,1.8276811225070355,40.65800162469537,6.342432572229884,1.5629203089089254,79.1871921182266,2.8353
2023-01-03,9.8909,3.6185,7.2875,10.606511368250102,1.8273669711861176,46.122614697523346,6.3428203717488705,1.5627168301396088,75.25646286417727,2.8228
2023-01-04,10.1972,3.5009,6.9963,10.606345251623377,1.8270147207883822,53.20616883116883,6.343088410972928,1.562452336050646,66.7760459392945,2.8103
2023-01-05,10.2383,3.4877,6.9368,10.606195943204868,1.826659127671512,54.2393509127789,6.343331835158671,1.5621782361278946,64.69864698646987,2.8304
2023-01-06,10.2231,3.4935,6.949,10.606040592051906,1.8263050084028258,53.771289537712896,6.343580059816393,1.5619061935051717,65.04098360655738,2.8328
2023-01-09,10.4127,3.4243,6.7609,10.605962221321443,1.8259389714317393,57.21524118362383,6.343751022512084,1.5616090637064632,58.62351495288816,2.8428
2023-01-10,10.3859,3.4315,6.7682,10.605873055105349,1.8255743832070004,56.72609400324149,6.343924834542178,1.561312907432396,58.88615888615889,2.8602
2023-01-11,10.468,3.4094,6.6926,10.60581721344674,1.8252067548588433,58.1206966383151,6.3440675587196065,1.561009259807741,55.3417928776095,2.8603
2023-01-12,10.5061,3.407,6.6405,10.605776842105264,1.8248383449912349,58.54251012145749,6.344188848589197,1.5607013856699237,53.35515548281505,2.8778
2023-01-13,10.6335,3.3644,6.5032,10.605788061513557,1.8244691418508807,60.58276001618778,6.344253883824948,1.5603855035490077,48.09815950920245,2.901
2023-01-16,10.6405,3.3656,6.4814,10.60580210355987,1.8241002111460365,60.7200647249191,6.344309953373671,1.5600689676977795,47.097301717089124,2.9167
2023-01-17,10.5765,3.3849,6.5532,10.605790254751314,1.8237314658892456,59.84634047715326,6.3443953191467095,1.55975587734168,50.42909685328974,2.9017
2023-01-18,10.6293,3.3658,6.4858,10.605799757477769,1.8233629103537277,60.50929668552951,6.344453082496732,1.5594398850352333,47.30392156862745,2.9222
2023-01-19,10.6153,3.369,6.5059,10.605803595959596,1.8229945269927859,60.24242424242424,6.344519006105348,1.5591248813323217,48.34626378113516,2.9145
2023-01-20,10.8176,3.3061,6.3111,10.605889135702746,1.8226313248476027,63.97415185783522,6.344505365694693,1.558806806263763,42.775510204081634,2.9331
2023-01-26,11.0756,3.2313,6.0958,10.606078764634638,1.8222878062286196,68.79289463060154,6.344403894717257,1.558496872878643,37.454100367197064,
2023-01-27,11.1487,3.2088,6.0366,10.606297740112995,1.8219526710725678,69.8547215496368,6.344278362949428,1.558191433028444,35.44045676998368,
2023-01-30,10.8256,3.3106,6.3241,10.606386204114562,1.8215904796362659,64.17910447761194,6.344270136955564,1.5578738445620053,43.21239298817774,2.9133
2023-01-31,10.713,3.3498,6.4368,10.606429193548387,1.8212244442476473,62.137096774193544,6.344307842686225,1.5575575165468556,45.76202118989406,2.8977
2023-02-01,10.8341,3.3103,6.32,10.60652095929061,1.8208631075467678,64.40951229343007,6.344297941324643,1.5572403399930217,43.05498981670061,2.9101
2023-02-02,10.776,3.328,6.3829,10.606589242546333,1.8204994340423222,63.25543916196615,6.344313658775243,1.556923474727584,44.58469055374593,2.897
2023-02-03,10.6294,3.3659,6.5136,10.606598429319371,1.8201328619506278,60.3906564639549,6.344382558385021,1.5566103532450015,49.002849002849004,2.8943
2023-02-06,10.4135,3.4353,6.7012,10.60652069243156,1.8197705764508956,56.92431561996779,6.3445277241464595,1.5563103138800922,55.85842148087876,2.9017
2023-02-07,10.4688,3.4184,6.6558,10.606465271629778,1.8194064852928071,57.82696177062374,6.344654309049206,1.55600648610712,54.29036193574623,2.8964
2023-02-08,10.4766,3.4184,6.6478,10.606413032984713,1.8190423819427601,57.9646017699115,6.344777539004878,1.5557021940013582,53.82113821138211,2.8973
2023-02-09,10.6282,3.3641,6.5177,10.606421793325291,1.8186766874553828,60.313630880579005,6.344847804125152,1.5553899950629497,49.1873222267371,2.8912
2023-02-10,10.4221,3.4353,6.6947,10.606347709003217,1.8183149144771873,57.073954983922825,6.344989904935824,1.555090061578704,55.727051177904144,2.9003
2023-02-13,10.4206,3.434,6.7021,10.606273081558859,1.8179534185770247,57.010847730012046,6.345134894824197,1.5547909835345672,55.96833130328868,2.8943
2023-02-14,10.3948,3.4466,6.7288,10.606188152610443,1.8175932697037822,56.34538152610442,6.345290603064934,1.5544946576095557,57.3051948051948,2.8914
2023-02-15,10.2584,3.4917,6.8563,10.60604853472501,1.8172417559232321,54.23524688879968,6.345497909108316,1.5542133789028254,62.10953346855984,2.8918
2023-02-16,10.3392,3.4604,6.7812,10.605941452648475,1.8168849647292924,55.73836276083467,6.345674592843471,1.5539229787206736,59.89456609894566,2.8907
2023-02-17,10.2257,3.508,6.8873,10.605788929001204,1.8165364878356722,53.26915363016445,6.345894141042561,1.553646258899001,63.194162950952574,2.892
2023-02-20,10.3353,3.4753,6.7586,10.605680473135525,1.8161803430904984,55.73376102646351,6.346061363837925,1.5533536744705583,58.63047001620746,2.917
2023-02-21,10.1106,3.5369,6.9716,10.605482044088177,1.8158433823125832,50.76152304609218,6.346314720920209,1.5530900737243891,66.28189550425273,2.919
2023-02-22,10.0192,3.5617,7.0633,10.605247155448717,1.8155175064939844,48.59775641025641,6.3466049983611335,1.552842639590843,69.4331983805668,2.9175
2023-02-23,9.9779,3.5658,7.1001,10.604995915098119,1.8151973288396168,47.737284741690026,6.346909933610683,1.5526023604229309,70.17401861594496,2.922
2023-02-24,9.8055,3.6318,7.2858,10.60467586068855,1.8149044301621649,43.3146517213771,6.34728974350809,1.5524031028519458,75.52588996763754,2.9126
2023-02-27,9.7678,3.6431,7.326,10.604340976390557,1.814618460336012,41.936774709883956,6.347685501800242,1.5522139230750602,76.62757784067934,2.9117
2023-02-28,9.6753,3.677,7.4339,10.60396936,1.8143506081474952,38.56,6.348124553739692,1.5520537681642483,78.90056588520615,2.9017
2023-03-01,10.1062,3.5177,6.9972,10.603770331867254,1.8140151429951843,50.61975209916033,6.3483868064452516,1.5517950158177565,67.11111111111111,2.8977
2023-03-02,10.0296,3.7117,7.0594,10.603540847322142,1.813688904239387,48.88089528377298,6.34867396847819,1.5515473891985205,69.18416801292408,2.9111
2023-03-03,10.1206,3.6804,6.9782,10.60334790251698,1.8133522479475481,51.018777467039556,6.3489281170577305,1.5512857147037225,66.28986677432378,2.9026
2023-03-06,10.1325,3.6883,6.9866,10.603159864217252,1.813014528287869,51.23801916932907,6.349185450343826,1.5510255496400933,66.74737691686843,2.8826
2023-03-07,10.1404,3.7076,6.9889,10.60297512974052,1.812676184279509,51.536926147704584,6.349443503812827,1.5507658901144503,66.80112948769666,2.8726
2023-03-08,9.9174,3.8215,7.2005,10.602701556264964,1.8123662042241502,45.88986432561852,6.349786671754838,1.5505473471923998,72.8225806451613,2.8828
2023-03-09,9.8118,3.8496,7.3166,10.602386078978858,1.8120735278186253,43.3585959313921,6.350176358706972,1.5503562929234083,76.2192664248287,2.8752
2023-03-10,9.6286,3.9406,7.523,10.601997807017543,1.8118165356137073,37.0414673046252,6.350648890391619,1.5502226271133053,80.29814665592264,2.8627
2023-03-13,9.8466,3.7004,7.2855,10.601696731765644,1.8115181859700207,44.00159426066162,6.35102539103987,1.5500239244610459,75.43294401933144,2.8703
2023-03-14,9.6414,3.7788,7.5067,10.601314143426295,1.8112586729789295,37.37051792828685,6.351490638466988,1.549885287597474,80.11272141706924,2.8652
2023-03-15,9.8525,3.7287,7.2845,10.601015929908403,1.8109596029403296,44.28514536041418,6.351866094950503,1.549686390999601,75.37223340040241,2.8652
2023-03-16,9.6913,3.7943,7.4633,10.600653781847134,1.8106900455408497,39.052547770700635,6.35231317214481,1.5495349581220053,79.40466613032984,2.8552
2023-03-17,9.8704,3.7225,7.2711,10.600363191404696,1.8103883302148054,44.88658973338639,6.352682607942098,1.5493329012712558,74.74869320466425,2.8602
2023-03-20,9.6442,3.8168,7.5185,10.599982856006363,1.8101286480794352,37.3508353221957,6.353151184064308,1.5491977567618176,80.2652733118971,2.8504
2023-03-21,9.7504,3.7675,7.3956,10.59964504970179,1.8098480028713344,41.39165009940358,6.353570006408999,1.5490273938291863,78.2241864202491,2.8604
2023-03-22,9.8504,3.708,7.2942,10.599347257551669,1.8095499264392396,44.2368839427663,6.353947769458634,1.5488309818830372,75.58232931726909,2.8577
2023-03-23,10.1243,3.611,7.012,10.59915852205006,1.8092151936595298,51.291219705999204,6.35421194136973,1.548576172405142,67.442794058611,2.8652
2023-03-24,10.0465,3.6307,7.0861,10.598939038919777,1.8088894172308714,49.4440031771247,6.3545056364173345,1.5483348193174347,69.5024077046549,2.8676
2023-03-27,9.8793,3.6883,7.2671,10.598653354505757,1.808587147897483,45.25605398967845,6.354871699138387,1.5481321056805633,74.48856799037304,2.8551
2023-03-28,9.9715,3.6421,7.173,10.598404484126984,1.8082714062316438,47.6984126984127,6.355199737751402,1.5479083613432105,71.8925421010425,2.8556
2023-03-29,9.9542,3.5721,7.1928,10.598148948829829,1.807958237142377,47.20349067830226,6.355535449279358,1.5476889369967892,72.26452905811624,2.8532
2023-03-30,9.9446,3.5556,7.1954,10.597889809674863,1.8076465917116111,46.90721649484536,6.355871933474359,1.5474701488993532,72.35576923076923,2.8603
2023-03-31,10.1821,3.5391,6.9684,10.597725009908839,1.8073072721729122,52.75465715418153,6.356117239067681,1.5472087906149599,65.47857428914698,2.8528
2023-04-03,10.1881,3.5253,6.955,10.597562717908081,1.8069676002344495,52.852614896988904,6.356356983967974,1.546945459511344,64.93194555644516,2.8604
2023-04-04,10.154,3.5794,6.9899,10.59738704950495,1.80663130600689,52.1980198019802,6.356610502581832,1.5466878179635288,66.38655462184873,2.8584
2023-04-06,10.1727,3.5693,6.9697,10.597218923198733,1.8062934202695444,52.612826603325416,6.3568557383807995,1.5464270433183804,65.52,2.8605
2023-04-11,10.2279,3.5542,6.9569,10.597072774040363,1.8059509241061107,53.89790265136526,6.3570956601167525,1.546164387845493,65.09396241503399,2.8203
2023-04-12,10.1395,3.5956,7.0466,10.5968917721519,1.8056166246074719,51.66139240506329,6.357371241387689,1.545916804825365,68.50519584332534,2.8158
2023-04-13,10.171,3.5848,7.0042,10.596723368920522,1.8052794636262777,52.55041518386714,6.357629662785457,1.5456620126347438,66.91969636436276,2.8277
2023-04-14,10.2338,3.5655,6.9434,10.596579920948617,1.8049370698521516,54.1501976284585,6.357863596626197,1.5453976615168914,64.41693290734824,2.8281
2023-04-17,10.423,3.5102,6.751,10.596511339391544,1.8045837657026598,57.803239826155675,6.358020537306187,1.5451091262116898,57.48502994011976,2.8432
2023-04-18,10.3583,3.5364,6.8222,10.596417259083728,1.8042335833336478,56.5955766192733,6.358205764545889,1.544828630550901,60.37509976057463,2.8319
2023-04-19,10.2171,3.5906,6.9542,10.596267508882748,1.8038931409466004,53.533359652585865,6.358443496590346,1.5445663454167393,64.77861986437973,2.8333
2023-04-20,10.2122,3.5875,6.959,10.59611594317285,1.8035532996479007,53.43330702446725,6.358682952931419,1.5443049294021867,65.19138755980862,2.8332
2023-04-21,10.0573,3.645,7.1172,10.59590339250493,1.803229277597865,49.58579881656805,6.358985271403745,1.5440713740346976,70.50617776006376,2.8258
2023-04-24,9.9995,3.6686,7.1829,10.595668217665615,1.802912599259089,48.10725552050473,6.359313524283664,1.5438513172048378,72.15139442231076,2.8176
2023-04-25,9.8524,3.7338,7.3341,10.595375246353962,1.802617617728495,43.988963342530546,6.359701730765431,1.5436663963258825,76.90163281561131,2.8157
2023-04-26,9.8922,3.7071,7.3032,10.595098187549251,1.8023164840003734,45.39007092198582,6.36007732721019,1.5434738635995129,75.95541401273886,2.8058
2023-04-27,9.8314,3.6999,7.3863,10.594797400551398,1.8020252353808812,43.28475777865302,6.360485692778352,1.5433024589510744,78.15360127337844,2.7852
2023-04-28,9.875,3.6876,7.3478,10.594514015748032,1.8017270563848082,44.84251968503937,6.360878419233093,1.5431210783694485,77.20763723150358,2.7788
2023-05-02,9.682,3.6718,7.5496,10.594154899645808,1.8014634103046514,38.33136560409287,6.361351071949104,1.542996268101618,81.0337972166998,
2023-05-03,9.554,3.7304,7.688,10.593745712037766,1.8012271398833901,33.67427222659323,6.361878356896661,1.5429162156603269,83.66454689984101,
2023-05-04,9.5975,3.689,7.6581,10.593353952025167,1.8009812663351163,35.35194651985844,6.36239334364402,1.5428259511677473,83.19427890345649,2.7613
2023-05-05,9.6707,3.6634,7.6067,10.592991273584905,1.8007201456589585,37.971698113207545,6.362887508320889,1.5427187836159477,82.28752978554408,2.7338
2023-05-08,9.819,3.6275,7.4359,10.592687151277014,1.8004316802220746,43.182711198428294,6.363313475963477,1.5425606375592193,78.99960301707026,2.7484
2023-05-09,9.6241,3.7086,7.6523,10.59230671641791,1.8001803742473335,36.33150039277297,6.363824978552381,1.5424681959363518,83.05555555555556,2.7383
2023-05-10,9.5574,3.726,7.7421,10.591900392618767,1.7999437163952248,33.76521397722811,6.364371696133279,1.5424064341328172,84.29194763982547,2.721
2023-05-11,9.5067,3.8047,7.8179,10.59147448979592,1.7997188348936746,31.35792778649921,6.36494803566693,1.5423721002925976,85.13084853291039,2.701
2023-05-12,9.432,3.8193,7.8964,10.591019615535505,1.799512268150591,29.227147901137702,6.365555032085611,1.5423676679328433,86.32580261593341,2.7058
2023-05-15,9.5965,3.7803,7.7015,10.590629607843137,1.7992671346003024,35.294117647058826,6.366084328824088,1.5422912640423057,83.71632329635499,2.719
2023-05-16,9.5799,3.7777,7.7256,10.59023339866719,1.79902569989224,34.77067816542532,6.366622750872079,1.542223071401322,83.96039603960396,2.7129
2023-05-17,9.3675,3.8447,7.9542,10.589754271159874,1.798835975310449,26.56739811912226,6.367251245428345,1.5422411621835295,87.01504354711005,2.721
2023-05-18,9.3243,3.8336,8.0063,10.589258597728163,1.7986579491735641,25.146886016451237,6.367899859893945,1.54228053693591,87.69291650178077,2.7184
2023-05-19,9.1991,3.9833,8.1555,10.588714291307753,1.7985160791096961,20.24275646045419,6.368606980202531,1.5423851300774134,89.35917721518987,2.7151
2023-05-22,9.3012,3.81,8.0381,10.58821037181996,1.7983444121323933,24.422700587084147,6.369267119791221,1.5424373190310219,87.90035587188612,2.7132
2023-05-23,9.1794,4.0135,8.1978,10.587659194053208,1.7982084281064634,19.366197183098592,6.369989860060079,1.5425607133296866,89.76284584980237,2.6962
2023-05-24,9.0102,4.1422,8.3948,10.58704227610481,1.7981272881582158,13.570590535784122,6.370789864066376,1.5427808110150167,91.97945476096405,2.7037
2023-05-25,8.7934,4.0925,8.6657,10.586341086786552,1.7981254002999834,8.150899139953088,6.371696226679304,1.5431499582043697,95.18167456556083,2.7065
2023-05-29,8.7296,3.8155,8.7603,10.585615513872607,1.7981485328035283,7.033997655334115,6.372639220667982,1.543574821014924,95.73628108961707,2.695
2023-05-30,8.7513,3.8067,8.7269,10.584898984375,1.7981626597917324,7.421875,6.373568289641672,1.5439784240126135,95.54064719810576,2.7
2023-05-31,8.5769,3.8821,8.9742,10.584114916048419,1.7982492027897385,5.11518937914877,6.374594179862721,1.5445374393681595,96.68639053254438,2.685
2023-06-01,8.5588,3.8355,9.0014,10.583324395003903,1.7983432504422299,5.07416081186573,6.375629986574132,1.5451132642697276,96.72712933753942,2.6825
2023-06-02,8.8927,3.619,8.5501,10.582664767850176,1.7983023593059049,10.339445961763559,6.3764870894568375,1.5454115912766888,93.89042175798187,2.6951
2023-06-05,9.1014,3.5294,8.2947,10.582087051482059,1.798189512966784,16.478159126365057,6.377242886505909,1.5455760025050063,90.9377462568952,2.6926
2023-06-06,9.1125,3.5406,8.2913,10.581514113060429,1.7980730132652527,16.920077972709553,6.377996749094919,1.545738238632318,90.90192989365892,2.6826
2023-06-07,9.1548,3.7368,8.2405,10.580958106001559,1.7979431446575385,18.550272798129384,6.378730018091338,1.5458755475931016,90.07874015748033,2.6827
2023-06-08,9.187,3.8531,8.2027,10.580415075964162,1.7978033615597202,20.023373587845732,6.379447833904761,1.5459946633438735,89.45297127115309,2.6822
2023-06-09,9.2415,3.8972,8.1505,10.579893691588785,1.7976473902498336,22.118380062305295,6.380144549941777,1.5460894833144772,88.78835562549175,2.6703
2023-06-12,9.2329,3.6738,8.1604,10.579369365511873,1.7974938754165495,21.95406773063449,6.380844611070389,1.5461883774976282,88.95005898545026,2.6704
2023-06-13,9.2692,3.6623,8.1657,10.578859571984436,1.7973298795225976,23.424124513618676,6.38154620516981,1.5462892712903864,88.9937106918239,2.6227
2023-06-14,9.2064,3.7382,8.2442,10.5783257487359,1.797184071726763,20.809023726176584,6.382278092711983,1.5464261167711288,90.13752455795678,2.6178
2023-06-15,9.3883,3.6732,8.0034,10.577863063763608,1.7969878126743364,27.799377916018663,6.382914825589944,1.5464560324409014,87.03849175176748,2.6482
2023-06-16,9.4859,3.6145,7.8794,10.577438670812281,1.7967674921113796,31.441896618732994,6.3835023737542205,1.546436618192003,85.35531998429525,2.6626
2023-06-19,9.4248,3.5468,7.9227,10.57699087024087,1.7965620356976588,29.48717948717949,6.384106454455258,1.5464336658048539,86.02825745682888,2.6876
2023-06-20,9.2835,3.6248,8.0967,10.57648854368932,1.7963939434443397,24.038834951456312,6.384778323245193,1.5465022066760215,88.03452334248725,2.6751
2023-06-21,9.1103,3.6834,8.3065,10.575919371118012,1.7962774454093668,16.731366459627328,6.385531939589019,1.5466670096497241,91.13725490196079,2.6701
2023-06-23,8.9661,3.7458,8.483,10.575294683740784,1.7962087360667112,11.951882033372138,6.386354153646413,1.5469211320621195,93.06154449235594,
2023-06-26,8.9216,3.7826,8.5411,10.574653219550038,1.7961555329159171,11.055081458494957,6.387198489793103,1.54720584393809,93.57366771159874,2.6677
2023-06-27,9.085,3.7122,8.3396,10.574075610701822,1.796046731436259,15.93640946103141,6.3879632377406965,1.547385140728283,91.26517822169995,2.6676
2023-06-28,9.089,3.714,8.3372,10.573500000000001,1.7959365389031532,16.162790697674417,6.388726447122944,1.5475627150302447,91.22944400939701,2.6651
2023-06-29,8.9807,3.7613,8.4824,10.572882874854708,1.7958621778450692,12.572646261139091,6.389545888826613,1.5478139328191671,92.99412915851272,2.6526
2023-06-30,8.9851,3.2639,8.4944,10.572267931835786,1.7957861512573088,12.742060418280401,6.390369384175274,1.5480708427883878,93.1924882629108,2.6351
2023-07-03,9.173,3.2459,8.2614,10.571726209833528,1.7956495015718925,19.396051103368176,6.391101113004301,1.548210142600216,90.06648416112631,2.6402
2023-07-04,9.2122,3.2272,8.2075,10.57120007739938,1.795501136253154,21.36222910216718,6.391811198573885,1.5483238994454744,89.2103205629398,2.6477
2023-07-05,9.0572,3.1638,8.4007,10.570614390715667,1.7954006766015913,15.357833655705996,6.392596227413833,1.5485304333526368,91.83274716686206,2.6402
2023-07-06,8.7619,3.9667,8.7738,10.569914965197215,1.795405707828766,7.733952049497293,6.393526385137499,1.548942812066949,95.78125,2.6392
2023-07-07,8.6804,3.999,8.8799,10.569184576729803,1.7954428900373356,6.107460378817163,6.3944972455884415,1.5494192406936786,96.29051151893792,2.6403
2023-07-10,8.7211,3.7941,8.8261,10.568470479134467,1.7954633867851952,6.9551777434312205,6.3954463489274,1.5498612465509294,95.94067135050742,2.6403
2023-07-11,8.8035,3.7568,8.7238,10.567788760139049,1.7954515794682697,8.497489378138278,6.396354797484197,1.5502409611220618,95.35700351150996,2.6353
2023-07-12,8.8899,3.7658,8.6109,10.567140926640926,1.7954075570638746,10.347490347490346,6.397218504661465,1.550555289662245,94.34477379095163,2.6378
2023-07-13,9.1019,3.6683,8.3454,10.566575414897722,1.7952917527200865,16.82747973755307,6.397978029610916,1.550729990510653,91.07212475633528,2.6413
2023-07-14,9.1502,3.6508,8.2843,10.566028973765432,1.7951609051147297,18.75,6.3987131511893995,1.5508747450342464,90.33515198752923,2.6444
2023-07-18,8.9447,3.7367,8.5564,10.565403702275356,1.795097001969725,11.723871962977245,6.399553699241137,1.5511571273267544,93.80599922088041,2.6234
2023-07-19,8.9262,3.7478,8.5797,10.564771781033153,1.795039401729208,11.25674633770239,6.400402665869159,1.551451460420586,94.11993769470405,2.6233
2023-07-20,8.9205,3.7508,8.5887,10.564138150289017,1.7949836296700508,11.098265895953757,6.4012544748742695,1.5517499730168673,94.16115219929934,2.6214
2023-07-21,8.9568,3.7375,8.5568,10.563518990755007,1.794915017196504,12.01848998459168,6.402093208541633,1.552030369203653,93.73540856031128,2.6079
2023-07-24,8.7717,3.8241,8.8069,10.562829033500194,1.7949136934609868,8.009241432422025,6.403028567075845,1.552452845518001,95.87709062621548,2.5934
2023-07-25,9.1368,3.6697,8.2818,10.56228013856813,1.7947862075120733,18.36027713625866,6.40375903808398,1.5525928749449107,90.1244167962675,2.663
2023-07-26,9.095,3.7009,8.3521,10.561715582916506,1.7946715998595373,16.8141592920354,6.404516263486979,1.5527660911132362,90.94442285270112,2.643
2023-07-27,9.2127,3.6502,8.2151,10.56119673076923,1.7945213943515577,21.903846153846153,6.4052196759720275,1.552874405618944,88.81118881118881,2.6395
2023-07-28,9.3358,3.6048,8.0582,10.560725605536332,1.7943372104238144,26.87427912341407,6.405861610078446,1.552914401577685,86.67961165048543,2.6533
2023-07-31,9.414,3.5779,7.9628,10.560284896233666,1.7941331694053517,29.746348962336665,6.406466011627329,1.5529158480902372,85.59782608695652,2.6597
2023-08-01,9.3417,3.5888,8.044,10.559816749903957,1.7939474545067335,27.00729927007299,6.407101453609623,1.5529494482394657,86.53473030655802,2.6607
2023-08-02,9.1114,3.6636,8.3228,10.559260522273425,1.7938274508530136,17.3963133640553,6.40784454846858,1.5531064059915256,90.57408844065166,2.6525
2023-08-03,9.0892,3.6732,8.3586,10.558696199616124,1.7937142880108694,16.58349328214971,6.408600948411012,1.5532801380268946,90.96549050019387,2.6435
2023-08-04,9.1489,3.6483,8.2834,10.558155218726018,1.7935826466944338,18.956254796623178,6.409327614710077,1.5534174794502185,90.03875968992247,2.6469
2023-08-07,9.115,3.6486,8.3247,10.557601649405447,1.793461270455553,17.587265055619486,6.4100697194699725,1.553573870705492,90.58504455637349,2.6462
2023-08-08,8.9674,3.7138,8.5061,10.556991909509202,1.7933876447666193,12.269938650306749,6.410881505016266,1.553820409112739,92.87374128582493,2.6454
2023-08-09,9.004,3.6987,8.4601,10.55639666538904,1.7933015785135054,13.798390187811421,6.411674853252807,1.5540425565294154,92.33449477351915,2.6461
2023-08-10,9.0139,3.7635,8.4465,10.555805670498085,1.7932121047364147,14.2911877394636,6.412462324284829,1.5542571849760114,92.1439628482972,2.6475
2023-08-11,8.9035,3.8022,8.5934,10.555172845653006,1.7931601461384448,10.647261585599386,6.413306013907929,1.5545482324446784,94.15860735009672,2.6381
2023-08-14,8.7624,3.8486,8.7912,10.554486485451761,1.7931598665194959,7.771822358346095,6.414225539811291,1.5549506086511262,95.82366589327145,2.6212
2023-08-15,8.6888,3.8841,8.9332,10.55377248373517,1.7931880415350931,6.276310753922694,6.415199244666408,1.555438382337989,96.59837649787399,2.5759
2023-08-16,8.5591,3.9348,9.1186,10.553009410864576,1.7932692866475,5.011476664116297,6.416243835375579,1.5560451692171746,96.90880989180835,2.5649
2023-08-17,8.5854,3.9356,9.0799,10.552256978967495,1.793339037464078,5.162523900573614,6.417272671283119,1.5566247969060085,96.83275395905756,2.5678
2023-08-18,8.5327,4.021,9.1557,10.55148497706422,1.7934307978087392,4.81651376146789,6.418329979132046,1.5572538164136251,97.02702702702702,2.5639
2023-08-21,8.3806,4.0211,9.392,10.550655445166221,1.793590008373468,3.668322506687046,6.419477671150907,1.5580484721566443,97.72288691624856,2.5403
2023-08-22,8.4492,3.9838,9.279,10.549852750190986,1.793717512390715,4.163483575248281,6.420580881925925,1.5587597438551344,97.37654320987654,2.5564
2023-08-23,8.4921,3.9934,9.2222,10.549067048491791,1.793825572348537,4.6200840015273,6.421661336657153,1.559429626254784,97.10759737755495,2.5535
2023-08-24,8.5584,3.905,9.1301,10.548307251908396,1.793904662159299,5.114503816793893,6.422705453335388,1.5600352931751114,96.80030840400924,2.5543
2023-08-25,8.5129,3.9536,9.1767,10.547530675314766,1.794002834997133,4.769172071728348,6.4237667229102104,1.5606709692880003,96.99421965317919,2.5702
2023-08-28,8.6333,3.9328,8.9994,10.546800610221206,1.7940500757827513,5.720823798627003,6.424758877485361,1.5611886713499536,96.45608628659477,2.5837
2023-08-29,8.8222,3.8955,8.765,10.546143118566526,1.794023990478239,9.149828440716737,6.425660009993067,1.5615631953327966,95.18675394686177,2.57
2023-08-30,9.078,3.9022,8.4556,10.54558361280488,1.7939109869178294,16.539634146341463,6.4264413571793675,1.5617703069404296,91.76289453425713,2.56
2023-08-31,9.0984,3.911,8.4334,10.545032304761905,1.79379157647073,17.37142857142857,6.427213561351289,1.5619658096924889,91.45825317429781,2.5575
2023-09-04,9.1577,3.9277,8.3074,10.54450399847677,1.7936542470291637,20.068545316070068,6.427936709981537,1.5621004966051806,89.76923076923077,2.6124
2023-09-05,8.9848,4.012,8.5149,10.543910277883517,1.7935708986642798,13.418347925390178,6.42873907956632,1.5623359664630776,92.54133025759323,2.615
2023-09-06,8.9898,3.9734,8.4862,10.54331891171994,1.7934857628657115,13.54642313546423,6.429529802441198,1.5625561892679953,92.15987701767871,2.6375
2023-09-07,8.8717,3.8247,8.6368,10.542683073411943,1.7934408696607405,10.308101939901103,6.430377774088359,1.5628547086860498,94.08374951978486,2.635
2023-09-11,8.8365,3.8158,8.6867,10.54203433460076,1.7934083812789712,9.562737642585551,6.431244257278033,1.5631798262575092,94.5084485407066,2.63
2023-09-12,8.8093,3.8713,8.7286,10.541375750665146,1.793385589098717,8.893956670467503,6.432126159674472,1.5635275562642554,94.97120921305182,2.623
2023-09-13,8.7971,3.8756,8.7524,10.540713031914894,1.7933670632753773,8.700607902735563,6.433016518016883,1.5638879207157335,95.12663085188028,2.615
2023-09-14,8.8511,3.8907,8.6905,10.540071325484238,1.7933286826852695,9.988606152677553,6.433882449540467,1.5642126963082668,94.43805140007672,2.6075
2023-09-15,8.8998,3.861,8.5962,10.539448595292331,1.7932729450827045,11.08580106302202,6.434711559030674,1.564485632565391,93.63496932515338,2.64
2023-09-18,8.8104,3.8938,8.7002,10.538792409867172,1.7932488877579789,8.956356736242885,6.43557989496052,1.5648142389525526,94.48064392487542,2.65
2023-09-19,8.8581,3.8773,8.6266,10.538154817905918,1.7932074142663939,10.053110773899848,6.436419366265134,1.565101919555766,93.79310344827586,2.6625
2023-09-20,8.8521,3.9046,8.6318,10.537515434205536,1.7931678796065675,10.049298445202883,6.4372601861171965,1.5653916660298777,93.79548065875144,2.665
2023-09-21,8.7397,3.9176,8.7844,10.53683392721759,1.7931695141550004,7.505686125852919,6.438158784820827,1.565765386684411,95.44410413476263,2.6576
2023-09-22,8.9327,3.8294,8.5172,10.536226070481243,1.7931015540086896,12.144751799924213,6.4389544377925745,1.5659937957566443,92.19288174512054,2.6776
2023-09-25,8.7737,3.9106,8.7001,10.535558446969697,1.793089946804163,8.446969696969697,6.439819451397092,1.5663184819834803,94.41469013006886,2.6976
2023-09-26,8.6528,3.9645,8.8619,10.53484555092768,1.7931246061774786,5.906853464596744,6.440745677228298,1.5667348013464222,95.83173996175908,2.6951
2023-09-27,8.7208,3.9354,8.7791,10.534158932626797,1.793132439497122,7.229371688115065,6.441639543559633,1.5671020994348452,95.29816513761467,2.6877
2023-09-28,8.6209,3.9876,8.9246,10.533435035944002,1.793179266008772,5.561861520998865,6.442588324781046,1.5675539767214985,96.25525410775697,2.6751
2023-09-29,8.8154,3.8901,8.6687,10.532785249621785,1.7931513228913385,9.190620272314675,6.443438634817418,1.5678581068486335,94.15584415584416,
2023-10-03,8.5502,3.9977,9.0205,10.532035689981097,1.7932265673392427,5.066162570888469,6.444422621592974,1.5683670727115915,96.5253913707522,
2023-10-04,8.476,4.0353,9.1229,10.531258654572941,1.793332997236815,4.270597127739985,6.445444941203053,1.5689402933358938,96.71755725190839,
2023-10-05,8.4918,4.0252,9.101,10.530488175292785,1.7934321925594512,4.60899131091802,6.446458125124761,1.5694980120210371,96.60434948492941,
2023-10-06,8.6145,3.9658,8.9332,10.529764614803625,1.7934799098146477,5.626888217522659,6.447406539264683,1.5699497089282293,96.16704805491992,
2023-10-09,8.6459,3.9589,8.896,10.529053454133635,1.7935147485592886,6.0022650056625135,6.4483400480182995,1.5703780867206285,95.88257720167746,2.6702
2023-10-10,8.7125,3.9275,8.7967,10.52836796226415,1.793523367228935,7.169811320754717,6.449235002268292,1.5707477165860066,95.23628048780488,2.6811
2023-10-11,8.7952,3.886,8.6722,10.527714183327047,1.7935008639726935,9.053187476423991,6.4500818460769525,1.571047507878951,93.94285714285714,2.6976
2023-10-12,8.962,3.8168,8.4671,10.527123793363499,1.7934203270350642,13.254147812971343,6.4508499413373945,1.5712412415745816,91.0891089108911,2.6911
2023-10-13,8.7616,3.9131,8.7432,10.526458311345646,1.7934097702250427,8.367885412740295,6.451722552703464,1.5715784516340026,94.67072706509326,2.6702
2023-10-16,8.682,3.9536,8.8404,10.525763338357196,1.7934291437826455,6.593820648078371,6.452631486283105,1.571969887786102,95.39573820395738,2.6777
2023-10-17,8.7374,3.9292,8.7569,10.525089755178907,1.7934271119580898,7.834274952919021,6.453507967269684,1.5723130325563406,94.75085583872195,2.6882
2023-10-18,8.7267,3.9507,8.7539,10.52441265060241,1.7934288551877586,7.680722891566265,6.454382641046387,1.5726536846817911,94.71482889733839,2.7052
2023-10-19,8.5069,4.0474,9.0375,10.523653330824239,1.7935182982009295,4.779826872412495,6.4553644416389195,1.5731607407711221,96.46522234891675,2.7177
2023-10-20,8.4414,4.0681,9.1412,10.522869939804364,1.7936354959238057,4.063205417607223,6.456384895878419,1.573732556857264,96.84650455927051,2.7052
2023-10-24,8.3552,4.1151,9.2509,10.522054719819481,1.7937906382666706,3.497555471981948,6.457446238492973,1.5743755457264408,97.2844663881504,2.7177
2023-10-25,8.3907,4.0902,9.2128,10.521253458646617,1.7939292984218052,3.7593984962406015,6.458492310536067,1.5749915996028419,97.03872437357631,2.7052
2023-10-26,8.3997,4.0932,9.19,10.520456181886509,1.7940634796547013,3.8707252912438936,6.459528935845161,1.5755911939999938,96.9639468690702,2.7152
2023-10-27,8.513,4.0102,9.0334,10.519702066115702,1.7941482491259475,4.996243425995492,6.46050536644613,1.5760894963591452,96.28224582701063,2.7133
2023-10-30,8.3532,4.013,9.2574,10.518888509200151,1.7943023924807575,3.4923019151333086,6.461566001498672,1.5767312575447108,97.30754645430413,2.7141
2023-10-31,8.227,4.0816,9.4613,10.518028190690691,1.7945148538499227,2.74024024024024,6.462703125834722,1.577513494245895,97.8013646702047,2.6938
2023-11-01,8.2224,4.0863,9.4766,10.517166791744842,1.7947289234929482,2.7392120075046904,6.463845186037134,1.578304971346513,97.8021978021978,2.6853
2023-11-02,8.2777,4.0603,9.4253,10.516326781695424,1.7949162045345564,3.150787696924231,6.464966949224241,1.5790578827149047,97.72727272727273,2.6553
2023-11-03,8.4642,3.9616,9.1532,10.515557330333708,1.7950193885926096,4.536932883389577,6.4659848337569095,1.5796249398602191,96.63006436955699,2.6613
2023-11-06,8.5733,3.9314,9.0087,10.514829347826087,1.795076690058233,5.734632683658171,6.466947254334594,1.5801002322897362,96.02573807721423,2.6554
2023-11-07,8.4389,3.9977,9.1867,10.514051554889472,1.7951899774631024,4.3087298613713,6.467976294344305,1.580686485986374,96.78395762391222,2.6632
2023-11-08,8.4329,3.9629,9.2119,10.513272097378277,1.795305436535423,4.2322097378277155,6.469014086971255,1.581287866780536,96.86081694402421,2.6464
2023-11-09,8.4164,4.0531,9.2322,10.512487046050168,1.795427647295296,4.155746911269188,6.470058769736106,1.5819012362308325,96.97542533081285,2.6494
2023-11-10,8.2846,4.1225,9.4262,10.511653255988024,1.795608785127183,3.1811377245508985,6.471175981085411,1.582645624832981,97.73242630385488,2.6444
2023-11-13,8.397,4.0438,9.2636,10.510862139917696,1.7957385681672442,4.040404040404041,6.472230920268983,1.5832768652437526,97.1666037023045,2.6454
2023-11-14,8.3876,4.0528,9.2651,10.510068100224382,1.7958720420937624,3.926701570680628,6.473285629135952,1.5839076739600855,97.16767371601208,2.6573
2023-11-15,8.7086,3.9016,8.8196,10.509394654205607,1.7958740110664086,7.738317757009345,6.474171365025292,1.5842644631977394,94.67723669309174,2.6633
2023-11-16,8.4731,3.9644,9.1463,10.508633707025412,1.7959697044278262,4.783258594917788,6.475179715453584,1.584815504992489,96.33962264150944,2.6558
2023-11-17,8.2877,4.0567,9.4137,10.507804071722077,1.7961470317649921,3.212551363466567,6.476288172746888,1.585543676219663,97.6612599019238,2.6524
2023-11-20,8.4224,3.9914,9.2147,10.507025354742346,1.7962635688356157,4.368932038834951,6.477320756392156,1.5861359896813534,96.75716440422323,2.6584
2023-11-21,8.378,4.0011,9.2676,10.506230645763345,1.7963991043149523,3.844718178424785,6.478372501301168,1.5867616828951685,97.13531850735016,2.6684
2023-11-22,8.3807,3.9843,9.2499,10.505437537313433,1.7965329850131329,3.9179104477611943,6.479416784458175,1.5873742851845674,96.87264506405425,2.6823
2023-11-23,8.4693,3.9619,9.1051,10.504678067885118,1.79662815305007,4.923535994032078,6.480405742354802,1.5878928718005256,95.89453860640302,2.7023
2023-11-24,8.3079,4.0396,9.3314,10.503858985831469,1.7967937719634386,3.2811334824757643,6.48147915886747,1.5885570813465066,97.28915662650603,2.7053
2023-11-27,8.2911,4.0086,9.3503,10.503034252702198,1.7969665576247726,3.2799105478941484,6.482558880674444,1.5892325829901104,97.32781332329695,2.7108
2023-11-28,8.2043,4.0508,9.4989,10.502177794336811,1.7971793893909038,2.682563338301043,6.483693696746426,1.5900099674686479,97.81790820165538,2.6898
2023-11-29,8.0616,4.1388,9.7219,10.501268826815643,1.7974616580967837,2.160148975791434,6.484911525367431,1.5909503483681946,98.04437758555848,2.6826
2023-11-30,8.1192,4.121,9.6485,10.500381980640357,1.7977144655100368,2.345495160089352,6.4861008443428565,1.591833082421787,97.93233082706767,2.668
2023-12-01,8.0091,4.1785,9.8233,10.499454819501302,1.7980221117001483,2.0468924451060664,6.487354959019917,1.5928477553400515,98.30890642615559,2.6625
2023-12-04,8.0845,4.1452,9.6968,10.498556398809525,1.7982907558962167,2.269345238095238,6.4885606108009,1.5937624938500496,97.97145003756575,2.6725
2023-12-05,7.94,4.2238,9.9295,10.497604908888063,1.7986329687782454,1.8966158423205652,6.489852739749154,1.5948572078671486,98.53548629365378,2.665
2023-12-06,8.0038,4.1853,9.8216,10.49667784386617,1.7989410729792819,2.0817843866171004,6.4911033956276265,1.5958634105967122,98.23573573573574,2.6725
2023-12-07,7.9394,4.2166,9.9314,10.495727536231884,1.799281991366396,1.89520624303233,6.492394313678049,1.596954557904826,98.57410881801125,2.664
2023-12-08,7.9209,4.2364,9.9612,10.494771062407132,1.799631884200601,1.801634472511144,6.493695441092272,1.5980672505120093,98.68717179294823,2.6636
2023-12-11,7.8684,4.2535,10.0651,10.49379580393613,1.800009091915249,1.4481990345339768,6.495034550413197,1.5992629810862047,99.02512185976752,2.644
2023-12-12,7.9526,4.2059,9.937,10.492852524127692,1.8003405830943577,2.0415738678544915,6.496324642410794,1.6003506596852815,98.57571214392804,2.6375
2023-12-13,7.8776,4.2453,10.0716,10.49188211502783,1.8007110975803802,1.5213358070500929,6.497664198558261,1.6015461718053619,99.02585237916823,2.6226
2023-12-14,7.9274,4.2122,9.9769,10.490930897626113,1.8010541918579186,1.9287833827893175,6.498967283128089,1.6026607642914834,98.65168539325843,2.6376
2023-12-15,8.1057,4.1169,9.7143,10.490046496106785,1.801305687353363,2.6696329254727478,6.500171076732309,1.60356759767769,97.67877199550729,2.6227
2023-12-18,8.0309,4.1578,9.8393,10.489135025945146,1.8015937818446561,2.409191994069681,6.501420750730539,1.6045678359175262,98.12874251497006,2.6126
2023-12-19,7.986,4.1807,9.9028,10.488207595405704,1.8019040504813972,2.2600963319748058,6.502693245773288,1.605615569626478,98.24167601945379,2.6191
2023-12-20,8.0282,4.2554,9.8339,10.487296481481481,1.802192049729949,2.4444444444444446,6.503939022420344,1.6066068734486039,98.01795063575169,2.6222
2023-12-21,8.0404,4.2536,9.8471,10.486390559052204,1.8024731850069502,2.554609403924472,6.505188802225046,1.6076060990562955,98.13084112149532,2.5901
2023-12-22,7.8669,4.3798,10.1238,10.485421095484826,1.8028437908758506,1.4433752775721687,6.506541048562031,1.6088265991297028,99.1778774289985,2.5877
2023-12-27,8.0197,4.2939,9.9116,10.484508879023307,1.8031338593910078,2.478727339992601,6.507813016791931,1.6098713179863553,98.2069480762047,2.5577
2023-12-28,8.2115,4.1885,9.6086,10.483668269230769,1.8033300643524992,3.4393491124260356,6.5089708909454815,1.6106852180988391,97.23674383868558,2.5694
2023-12-29,8.2229,4.1965,9.6059,10.482832495378927,1.8035204173007215,3.512014787430684,6.510126892852556,1.611495332021631,97.20044792833147,2.5553
2024-01-02,8.1255,4.246,9.7468,10.481961345158906,1.803756275146898,3.0303030303030303,6.511334606698507,1.6124068104929208,97.5,2.5601
2024-01-03,8.084,4.2738,9.817,10.481075507942371,1.804011702086676,2.7705947543405984,6.512567603861245,1.6133692524387866,97.76202909362178,2.5531
2024-01-04,8.0972,4.2727,9.8131,10.480195199409158,1.8042600140358747,2.917282127031019,6.513798227424309,1.6143264891693134,97.72557792692021,2.5368
2024-01-05,8.0524,4.303,9.9012,10.479299003322259,1.8045297156052895,2.6947212993724623,6.515060770015653,1.6153494480167918,98.09914275065226,2.5175
2024-01-08,7.9125,4.375,10.1246,10.47835184501845,1.804870124281085,1.6974169741697416,6.516405605794335,1.61655005479609,99.18032786885246,2.5136
2024-01-09,7.8934,4.3868,10.1826,10.477398340095906,1.8052197688401623,1.6599040944300998,6.517771041322904,1.6177963084979197,99.25512104283054,2.4862
2024-01-10,7.8468,4.4137,10.2458,10.476428355457227,1.805593388255762,1.364306784660767,6.519158989557706,1.619093224844473,99.29262844378258,2.4982
2024-01-11,7.9219,4.3638,10.124,10.475486767416143,1.8059264179141847,2.0641356431994105,6.520500575344993,1.6202844394723452,99.0695943431336,2.4992
2024-01-12,7.9134,4.3743,10.1196,10.474542741341194,1.8062630839677771,1.8054532056005896,6.521839526023809,1.6214691506341075,98.92113095238095,2.5172
2024-01-15,7.9002,4.3832,10.1367,10.473594548802946,1.8066058542909937,1.7311233885819521,6.523183840071401,1.6226651409944142,99.10747489773149,2.5212
2024-01-16,7.7533,4.4724,10.3725,10.472592967599411,1.8070270066370437,0.9941089837997054,6.524614812621561,1.6240595899769243,99.51672862453532,2.5252
2024-01-17,7.4815,4.6375,10.8586,10.471492086860508,1.8076051578819874,0.2944423997055576,6.526225360814567,1.6259049496147062,99.88851727982163,2.5077
2024-01-18,7.5391,4.5973,10.755,10.470413208241354,1.808147336538501,0.515084621044886,6.5277962280653785,1.6276440865990418,99.77711738484399,2.5092
2024-01-19,7.4957,4.6289,10.8383,10.469319161456417,1.808714361896825,0.3677822728944465,6.529396860732269,1.6294595726094574,99.85146676568883,2.5027
2024-01-22,7.3327,4.7413,11.1453,10.468165992647059,1.8093812827630738,0.07352941176470588,6.531110262046028,1.6315817119384965,99.96288047512992,2.4922
2024-01-23,7.5161,4.6208,10.8006,10.467081073134876,1.8099334298465286,0.47776552737963984,6.532694488293877,1.6333500646573653,99.77736549165121,2.5042
2024-01-24,7.7977,4.4558,10.3201,10.466100404114622,1.8103238282307614,1.3592946362968406,6.5340993122967355,1.6346747524408292,99.25816023738872,2.5042
2024-01-25,7.9912,4.364,10.0154,10.465191516709512,1.810612435252749,2.7910392948953358,6.535390117149425,1.6357453254012193,98.29440118650352,2.4984
2024-01-26,7.8728,4.4325,10.2026,10.46423983113069,1.8109611074523266,1.7988252569750367,6.536749349871015,1.6369648111395347,98.96219421793921,2.4994
2024-01-29,7.937,4.3948,10.1052,10.463312403669725,1.8112756798891958,2.5688073394495414,6.538071487940718,1.6381017053989901,98.55502037791774,2.494
2024-01-30,7.757,4.4978,10.4359,10.462319625825385,1.8116848174555564,1.247248716067498,6.53951512813037,1.6395146634355178,99.33333333333333,2.4557
2024-01-31,7.6723,4.5584,10.6009,10.4612965163183,1.8121400973072561,0.9167583425009167,6.541018787838578,1.641072156051185,99.4816734542762,2.433
2024-02-01,7.6944,4.5357,10.5611,10.460282258064517,1.8125819411026938,1.0263929618768328,6.542506604719467,1.6425894312694798,99.4078460399704,2.4354
2024-02-02,7.6985,4.5258,10.5651,10.459270245511176,1.8130204972977577,1.0626603151337486,6.543994800574176,1.6441064578041253,99.40806511283759,2.4244
2024-02-05,7.6861,4.5372,10.6103,10.458254432234432,1.8134649899366047,0.9523809523809524,6.545498611668639,1.645660680705183,99.51923076923077,2.4002
2024-02-06,7.982,4.366,10.0757,10.457347711461003,1.8137517813593382,3.0025631636763093,6.546803676876895,1.6467553956738759,98.26247689463956,2.4525
2024-02-07,8.0372,4.384,10.0268,10.456461859443632,1.8140106112857086,3.404099560761347,6.548089706560236,1.64780912525125,98.00443458980045,2.4153
2024-02-08,7.9458,4.4357,10.1474,10.4555432125869,1.8143142032368051,2.8540065861690453,6.549419337256002,1.648955985445259,98.6701145179165,2.4379
2024-02-09,7.8836,4.4722,10.2544,10.454602487198244,1.8146489014050469,2.0848573518653986,6.550787498505169,1.6501875343071515,98.85524372230428,
2024-02-14,7.9467,4.4319,10.1536,10.453685521023766,1.8149505371785235,2.9250457038391224,6.552117440366185,1.6513338393407015,98.63418235511259,
2024-02-15,7.9679,4.4238,10.1202,10.45277697368421,1.81524078755052,2.997076023391813,6.553434075997047,1.652450708075478,98.30258302583026,
2024-02-16,8.1473,4.3198,9.8438,10.451934636463282,1.8154438816043914,4.201680672268908,6.554647785301364,1.6533536191379732,96.97528587237181,
2024-02-19,8.0548,4.3689,9.9806,10.451059130752373,1.8156901407275952,3.688823959094229,6.555911042017699,1.6543568220563716,97.6401179941003,2.4344
2024-02-20,8.1095,4.3413,9.9178,10.450204235122309,1.8159097222317178,4.052573932092004,6.557150219665314,1.6553102816782446,97.19867305565795,2.4134
2024-02-21,8.3333,4.2794,9.5881,10.449431642335766,1.8160285102173128,5.437956204379562,6.558267002929992,1.6560272329441064,95.94694178334562,2.4119
2024-02-22,8.4808,4.2154,9.388,10.448713425757024,1.8160863807155003,7.1871579715432325,6.559309261860773,1.656612303077281,95.50644567219153,2.4033
2024-02-23,8.474,4.2206,9.3999,10.447993253099927,1.8161466142859943,7.038657913931437,6.560355134739322,1.6572035729659849,95.54491899852725,2.4009
2024-02-26,8.4074,4.247,9.5154,10.44724932555596,1.8162333412387521,6.306963179001094,6.561442747866028,1.6578678030124006,95.84100110415899,2.3789
2024-02-27,8.4646,4.2199,9.433,10.446526785714285,1.8162966221005317,6.997084548104956,6.562499244279616,1.658477342351857,95.65857247976453,2.3809
2024-02-28,8.3232,4.2802,9.677,10.44575326047359,1.8164177577685938,5.355191256830602,6.563644702446488,1.6592473326433566,96.13828613460831,2.3376
2024-02-29,8.3047,4.295,9.7039,10.444973561544066,1.8165463715263415,5.28040786598689,6.564799208070587,1.6600342317724495,96.21323529411765,2.3375
2024-03-01,8.3203,4.2862,9.6513,10.444200109210048,1.816667884580152,5.351292318893338,6.565933533977214,1.6607831598643306,96.03087100330761,2.3675
2024-03-04,8.3272,4.0972,9.6613,10.443429730713246,1.8167860426278606,5.458515283842795,6.567070700202791,1.6615372574334248,96.03232916972814,2.3475
2024-03-05,8.1371,4.2355,9.9725,10.442590760276465,1.8169879107811384,4.183339396144052,6.568321316912228,1.6625130174930365,97.57620271759089,2.3169
2024-03-06,8.2719,4.1623,9.8241,10.441801418181818,1.8171288718679706,5.054545454545455,6.569516536693098,1.6633775308409393,96.69603524229075,2.265
2024-03-07,8.1714,4.4319,9.9602,10.440976117775355,1.817313991519767,4.471101417666303,6.5707608242025675,1.6643397785256733,97.46788990825688,2.2776
2024-03-08,8.2301,4.4145,9.868,10.440172747093023,1.8174723017962382,4.832848837209303,6.571970376358033,1.6652319560306177,96.91856199559794,2.2825
2024-03-11,8.3272,4.291,9.7038,10.439405230657465,1.817588199593052,5.61205957137668,6.573118828731939,1.6660060138498478,96.03960396039604,2.305
2024-03-12,8.5547,4.1825,9.3419,10.43872087872186,1.8176128912974154,8.424110384894698,6.5741337778416415,1.6665436508385276,94.75806451612904,2.3476
2024-03-13,8.5379,4.2384,9.3799,10.438030925589837,1.8176436539393614,8.312159709618875,6.575161907640894,1.6671033715246812,95.01648955661415,2.3326
2024-03-14,8.4479,4.2626,9.4948,10.43730881712627,1.8177090650042016,7.111756168359943,6.576231372143589,1.667734068306638,95.42124542124543,2.3425
2024-03-15,8.3411,4.3218,9.6688,10.436548494740661,1.8178176567814985,5.83968081247733,6.577363766368363,1.668478113565227,95.89893811790553,2.32
2024-03-18,8.3447,4.3064,9.6911,10.435790029006526,1.8179243429623895,5.946337926033358,6.578503494125914,1.6692356815560792,95.97364568081991,2.2926
2024-03-19,8.2519,4.3578,9.8383,10.434998477709316,1.818070160400392,4.965567234505255,6.57969624806147,1.6700942946958643,96.74350530552506,2.2801
2024-03-20,8.4931,4.349,9.4792,10.434294891304349,1.8181164168850912,8.007246376811594,6.58075678344989,1.6707090288590947,95.28163862472567,2.2951
2024-03-21,8.805,4.2692,9.0721,10.433704780876495,1.8180514824210519,12.857660268018833,6.581667695046435,1.6710824782841636,93.0164533820841,2.2851
2024-03-22,8.6144,4.3615,9.3034,10.433046089790007,1.8180518170183644,9.123823316437365,6.582662480245613,1.6715868335129365,94.44444444444444,2.3051
2024-03-25,8.5878,4.3693,9.3293,10.432378248280855,1.81806161023923,8.97575099529497,6.583666001443916,1.6721055421746236,94.48301059554257,2.3151
2024-03-26,8.6593,4.3224,9.2308,10.431736758321273,1.8180454236003014,9.84081041968162,6.58463281444558,1.6725651355612556,93.86413440467494,2.3175
2024-03-27,8.464,4.3718,9.5271,10.431025099457505,1.8181016501200604,7.3779385171790235,6.585707099653888,1.673204314739793,95.43629061701351,2.2876
2024-03-28,8.4293,4.3378,9.5608,10.430301409978307,1.8181712430759658,6.977584960231381,6.586792899982481,1.6738638237019638,95.47445255474453,2.3026
2024-04-02,8.7008,4.2437,9.2005,10.429676364293458,1.8181398712987256,10.625225876400433,6.5877464596687325,1.6743026392279314,93.54250273622765,2.2927
2024-04-03,8.6204,4.3319,9.3167,10.429022723988439,1.8181365594716794,9.320809248554914,6.5887417016601,1.6748080350662309,94.38366156090446,2.2837
2024-04-05,8.6018,4.3001,9.3418,10.42836283856988,1.8181397293053316,9.100758396533044,6.589745368557054,1.6753272826656813,94.4586219467736,
2024-04-08,8.6157,4.3033,9.3245,10.42770844765343,1.8181376373000195,9.314079422382672,6.590741999253643,1.6758350734763816,94.35131195335276,2.2822
2024-04-09,8.653,4.2806,9.2765,10.427067989895345,1.8181220388640202,9.852038975099243,6.591720417468851,1.6763134926834045,94.13479052823315,2.2802
2024-04-10,8.8144,4.202,9.0479,10.426486219336219,1.818052014587755,13.311688311688311,6.592614874709395,1.6766632807087656,92.60742898761836,2.2972
2024-04-11,8.793,4.2145,9.0799,10.425897151099893,1.8179887383285178,12.838081500180309,6.593520329796869,1.6770294246486064,92.70112850382235,2.2928
2024-04-12,8.6239,4.3027,9.312,10.425247548666185,1.81798288280433,9.48089401586157,6.594509587318776,1.6775257207167469,94.26855895196506,2.2837
2024-04-15,8.5871,4.3368,9.3656,10.424585153153153,1.8179900689614965,9.00900900900901,6.595517623118224,1.6780528022810453,94.68897781011277,2.2798
2024-04-16,8.4404,4.4252,9.5755,10.423870389048991,1.818052532425223,7.132564841498559,6.5966012530734535,1.6787094095254034,95.52727272727273,2.2723
2024-04-17,8.4411,4.4264,9.586,10.423156391789702,1.818114393215223,7.166006481814908,6.597687912014539,1.6793713642813095,95.5288985823337,2.2608
2024-04-18,8.5126,4.3952,9.4936,10.42246864650828,1.818148385247258,8.279337652987762,6.598740205651162,1.6799730973113771,95.1671511627907,2.2537
2024-04-19,8.4679,4.4281,9.5553,10.421765311263044,1.8181991798545067,7.5566750629722925,6.599814146731565,1.6806125220678945,95.38685070831819,2.254
2024-04-22,8.5697,4.3428,9.4255,10.421099100719426,1.8182113532742676,8.992805755395683,6.600840176453159,1.681169548327178,94.91648511256355,2.2435
2024-04-23,8.697,4.2664,9.2722,10.420479144192736,1.8181782819491548,10.931319669183747,6.601809817042468,1.6816344660612224,93.82940108892922,2.226
2024-04-24,8.8658,4.1762,9.0066,10.419920309130122,1.8180903415478726,14.917325664989217,6.6026823824209,1.6819530214011436,92.0899854862119,2.2727
2024-04-25,8.8908,4.1619,8.9864,10.419370858785484,1.8179946737685309,15.55874955084441,6.603546988013057,1.6822604112448318,91.94776931447225,2.2612
2024-04-26,9.0551,4.0765,8.7351,10.418880818965517,1.8178519638213528,20.689655172413794,6.604319849873821,1.6824448829148704,90.17403915881074,2.3084
2024-04-29,9.1095,4.0625,8.6246,10.41841066427289,1.8176948553200072,22.477558348294437,6.605052100743747,1.6825794604676656,88.80028996013048,2.353
2024-04-30,9.1252,4.0569,8.6559,10.417946482412061,1.8175336920234866,23.259152907394114,6.605795161576811,1.682727322556344,89.16666666666667,2.3028
2024-05-02,9.2866,3.9669,8.4654,10.417540545389308,1.8173339024878747,29.852888410477213,6.606468687414703,1.6827946162018137,86.63527707352408,
2024-05-03,9.4123,3.9104,8.3216,10.417179985652798,1.8171076519754439,34.28981348637016,6.607089661821867,1.6828063217856202,84.57639391745111,
2024-05-06,9.4605,3.8794,8.2622,10.416836966654715,1.816872138227838,35.81929006812478,6.60768868836482,1.6827962737446778,83.56858487151648,2.3081
2024-05-07,9.4345,3.8999,8.3098,10.416484874551971,1.816641668830841,35.26881720430107,6.6083045028769885,1.6828031892315298,84.5151953690304,2.2896
2024-05-08,9.3548,3.9512,8.3942,10.416104478681477,1.8164273257908259,32.103188821211035,6.608950396366003,1.6828414916563934,85.38878842676311,2.2955
2024-05-09,9.4734,4.1105,8.2373,10.415766833810888,1.8161896042911487,36.28223495702006,6.609539098319595,1.6828220069231945,83.11641359363702,2.3186
2024-05-10,9.7234,4.02,7.9723,10.415518940207662,1.8159116846399106,45.50662370211243,6.610031603162992,1.6827172606860237,79.86989519335019,2.3122
2024-05-13,9.7875,3.9306,7.9271,10.41529416607015,1.815625550079434,47.35146743020759,6.610507422670519,1.6825994430008788,79.22687861271676,2.29
2024-05-14,9.7655,3.9591,7.9463,10.415061681574239,1.8153423161910462,46.65474060822898,6.610989832413145,1.6824870313279572,79.41495124593716,2.2938
2024-05-16,9.9471,3.8667,7.7385,10.414894313304721,1.8150392233649397,51.60944206008584,6.611396875794945,1.6823196647764584,76.75090252707581,2.3147
2024-05-17,10.0394,3.9712,7.6531,10.414760064354667,1.814728616712832,53.87915623882732,6.611772806189822,1.6821324433899758,75.60447491880188,2.3077
2024-05-20,10.0817,3.8311,7.6085,10.414641029306647,1.8144152187769234,54.824874910650465,6.61213237588456,1.6819355078209999,74.85569985569985,2.3105
2024-05-21,9.8989,3.9218,7.788,10.414456770275098,1.8141172539656378,50.51804215791355,6.612556417580959,1.6817804043166917,77.28092318788316,2.3141
2024-05-22,9.8741,3.9767,7.8152,10.414263785714287,1.8138220115593173,49.785714285714285,6.612989958886804,1.6816322221797542,77.577505407354,2.3123
2024-05-23,9.6862,4.0374,8.0177,10.414003855765799,1.8135503590681552,43.948589789360945,6.613496160703423,1.6815405683046056,80.36036036036036,2.3063
2024-05-24,9.5688,3.9611,8.1372,10.41370221270521,1.8132969894270459,39.79300499643112,6.614045045371757,1.6814862886860251,81.664265129683,2.3134
2024-05-27,9.6798,3.8516,8.0224,10.413440385301463,1.8130264790465678,43.64966107741705,6.614552195157364,1.6813958430601899,80.41051494418437,2.3084
2024-05-28,9.6898,3.906,8.0207,10.413182310984308,1.8127546505280059,44.07988587731811,6.615058367873289,1.6813047929519482,80.34557235421165,2.2994
2024-05-29,9.5402,4.0384,8.2044,10.412871087344028,1.8125064168349285,38.68092691622103,6.615630279219863,1.6812725082237838,82.61964735516372,2.2776
2024-05-30,9.409,4.052,8.3455,10.41251332858161,1.8122824716774963,34.034212401995724,6.616252534515107,1.6812901266362965,85.03597122302158,2.2826
2024-05-31,9.3347,4.0924,8.4201,10.41212935518347,1.8120737838272154,31.45707160669754,6.6169011671887805,1.681335676640997,86.04818410643654,2.2926
2024-06-03,9.5039,3.9996,8.2367,10.411805911680911,1.8118321326832258,37.03703703703704,6.617483409759885,1.6813138608320992,83.1056793673616,2.2853
2024-06-04,9.5095,4.0029,8.2304,10.411484692061231,1.8115895680249332,37.237451050195794,6.618062970158821,1.6812896838588207,82.96802012217032,2.2854
2024-06-05,9.4861,4.0901,8.2609,10.41115537366548,1.811351285690377,36.69039145907473,6.6186530696666654,1.6812759261761732,83.44109195402298,2.2808
2024-06-06,9.5126,4.3056,8.2296,10.410835716826751,1.811108337288705,37.353255069370334,6.619231506625494,1.6812511018781635,82.9084380610413,2.2828
2024-06-07,9.4711,4.4119,8.2751,10.41050152916074,1.8108729596200677,36.095305832147936,6.619825859997128,1.6812419547993622,83.81191672648959,2.2833
2024-06-11,9.3592,3.9654,8.4056,10.41012779950231,1.8106595170249375,32.10095982936367,6.620466611392894,1.6812805053313067,85.7194115536419,2.2791
2024-06-12,9.2619,4.2279,8.5209,10.409719758351102,1.8104671168164603,28.464818763326228,6.621148258949785,1.681364093924269,87.44619799139168,2.276
2024-06-13,9.3337,4.2994,8.4461,10.409337513321493,1.8102590798905862,31.367673179396093,6.621802598046611,1.6814176476407159,86.37504481893151,2.2678
2024-06-14,9.2734,4.3257,8.5277,10.408934126420455,1.810064163244088,29.048295454545453,6.622485715394982,1.681503336252914,87.59856630824373,2.2558
2024-06-17,9.2546,4.262,8.5445,10.408524352147674,1.8098734945631205,28.150514731984384,6.623174362576854,1.681595529322359,87.8538158366177,2.2609
2024-06-18,9.2409,4.2936,8.5678,10.408110007097232,1.8096859656895414,27.572746628814766,6.623870861730658,1.6816969584177826,88.25214899713467,2.2537
2024-06-19,9.5136,4.1814,8.2684,10.40779269244413,1.8094433642392072,37.601986520042566,6.624459665575366,1.681683694854786,83.42284282133906,2.2429
2024-06-20,9.4949,4.1951,8.2875,10.407468971631205,1.809204157304182,37.02127659574468,6.6250548840200425,1.6816769538502303,84.0372226198998,2.2445
2024-06-21,9.3365,4.2375,8.4536,10.407089330024814,1.8089958038413956,31.549096065225097,6.625709104097315,1.6817316670216604,86.3685152057245,2.2571
2024-06-24,9.3464,4.1819,8.4542,10.406713465627215,1.808785428390045,31.7859673990078,6.626363070798282,1.681786318247396,86.37339055793991,2.2451
2024-06-25,9.3741,4.1939,8.4327,10.40634767977329,1.8085694240187935,32.87283032235211,6.627008883071862,1.6818323726071682,85.98498391133357,2.235
2024-06-26,9.3854,4.195,8.4323,10.405986154390934,1.8083512021492572,33.109065155807365,6.627654090761972,1.681877991661261,85.9542530378842,2.2225
2024-06-27,9.1845,4.3226,8.6798,10.405553769911505,1.808177111189861,25.433628318584073,6.628387261862092,1.6820246727039254,89.60342979635584,2.2081
2024-06-28,9.23,4.3163,8.6284,10.40513779193206,1.8079923560947446,27.388535031847134,6.6291015521257135,1.6821488186034121,88.92857142857142,2.2058
2024-07-02,9.2847,4.3451,8.5335,10.404741457375309,1.8077953366543675,29.536611248673506,6.629781451607283,1.6822332673396438,87.57586576222778,2.2369
2024-07-03,9.3688,4.353,8.4311,10.404375141442715,1.8075806195231845,32.63790664780763,6.630424320468236,1.6822771483217103,85.813704496788,2.2426
2024-07-04,9.4079,4.7978,8.3792,10.40402290562036,1.8073581876086164,34.252386002120886,6.631048214752764,1.6823012254092664,84.90902604352479,2.2502
2024-07-05,9.2868,4.856,8.4926,10.40362812720848,1.8071608291059174,29.681978798586574,6.631712106259628,1.6823684255261775,86.98288159771754,2.2754
2024-07-08,9.1313,4.3718,8.6609,10.40317870010597,1.806999801609999,23.101377605086544,6.632435524403564,1.68250465228497,89.44741532976828,2.2904
2024-07-09,9.1238,4.3675,8.6905,10.402726942090396,1.8068406308706964,22.793079096045197,6.633168975749109,1.682653265280228,89.68282252316465,2.2698
2024-07-10,9.0712,4.3851,8.7532,10.402256936110131,1.806694854412186,20.825979527003177,6.633924241521909,1.6828291543799352,90.48806555040969,2.2707
2024-07-11,9.2314,4.3008,8.5678,10.401843789696542,1.8065099172123233,27.452364149611856,6.634612943715099,1.6829250834865075,88.12321937321937,2.2648
2024-07-12,9.4422,4.203,8.3304,10.401505291005291,1.8062811702276824,35.626102292768955,6.635216641492344,1.6829295715426935,84.15806336774652,2.2604
2024-07-15,9.3113,4.2346,8.4855,10.401120874471086,1.8060786720775757,30.67700987306065,6.635875105320996,1.682991959286124,86.69039145907473,2.2541
2024-07-16,9.1602,4.3068,8.6555,10.400683468452591,1.805910569954719,24.391963341557986,6.636593577357524,1.6831235331515513,89.18534329420135,2.2613
2024-07-17,9.1017,4.3193,8.7272,10.400225757575758,1.8057569540575595,21.846370683579984,6.637337036256045,1.683285810822494,90.18492176386913,2.2598
2024-07-18,9.1275,4.3103,8.6886,10.399777456851004,1.8055968490566845,23.071504050722087,6.638066244561678,1.6834307579893537,89.58407394241024,2.2673
2024-07-19,8.9225,4.4051,8.9462,10.399257288732395,1.8054916761609014,16.161971830985916,6.638886476884149,1.6836937264210428,91.96872778962332,2.2614
2024-07-22,9.0251,4.3452,8.8341,10.398773600844773,1.8053579171504925,19.464977120732136,6.639666304068205,1.6839028478404696,91.15452930728242,2.2461
2024-07-23,8.9508,4.3878,8.94,10.398264109781843,1.805244537389468,16.85432793807178,6.640483183931818,1.6841616000267916,91.93892045454545,2.2322
2024-07-24,8.9057,4.4165,8.9907,10.397739113612381,1.8051440005454078,15.687653886739362,6.641317481701099,1.684444565052624,92.1547745828896,2.2381
2024-07-25,8.7393,4.4904,9.2258,10.397155977496485,1.8050944178067336,11.673699015471167,6.642234615312987,1.6848489842050103,93.50603264726757,2.2168
2024-07-26,8.734,4.493,9.2551,10.396571388400702,1.8050463935161096,11.564147627416519,6.6431614920014175,1.6852685395765619,93.7921248669741,2.1944
2024-07-29,8.8347,4.423,9.1616,10.396022593113141,1.8049666193623584,13.914265635980325,6.6440545553021275,1.6856367460444344,93.04964539007092,2.1574
2024-07-30,8.7075,4.4854,9.3364,10.395429504741834,1.804926940192188,10.888654724271163,6.64500894929174,1.686099838614151,94.36370081531372,2.148
2024-07-31,8.878,4.4344,9.1144,10.394896699438203,1.8048339516950984,15.098314606741573,6.645883999274273,1.6864416156474606,92.55846917080085,2.1494
2024-08-01,8.8644,4.443,9.1514,10.394359494559495,1.804744895371498,14.68936468936469,6.646771535937654,1.6868019455343901,92.87991498405951,2.1297
2024-08-02,8.7199,4.5266,9.3403,10.39377196491228,1.804700735085331,11.298245614035087,6.647725334968838,1.6872644830577306,94.36968838526913,2.1277
2024-08-05,8.5602,4.5963,9.5444,10.393128831988776,1.804710828167244,8.768853034023149,6.648750706531681,1.6878456131021635,95.46902654867256,2.1376
2024-08-06,8.5261,4.6103,9.5796,10.392474193548388,1.8047329371922245,8.309957924263674,6.649787808192497,1.6884469937622841,95.61217268223638,2.1491
2024-08-07,8.6571,4.5431,9.4098,10.39186593059937,1.8047089908701224,9.91938310550298,6.650764112469755,1.6889459646856604,94.87088786699681,2.1414
2024-08-08,8.6735,4.5302,9.3484,10.391263840224248,1.8046793605504377,10.2312543798178,6.651718014834511,1.6894088214462641,94.37765205091938,2.181
2024-08-09,8.7669,4.4867,9.2079,10.390694886164624,1.8046192672865256,12.714535901926444,6.652621578632732,1.6897935228594263,93.03640862495581,2.1986
2024-08-12,8.7944,4.3935,9.1201,10.390135959383754,1.804550446944102,13.165266106442578,6.653493479134982,1.6901312994372262,92.40282685512368,2.2508
2024-08-13,8.8169,4.3962,9.1164,10.389585299264963,1.8044745863656637,13.685684284214211,6.654363456712115,1.690466415824749,92.29954079830449,2.2255
2024-08-14,8.7223,4.4164,9.2683,10.389001924422674,1.8044283143467634,11.511546536039189,6.655286456903954,1.6908812638386241,93.75,2.1966
2024-08-15,8.7467,4.4805,9.2279,10.388427492130116,1.8043740622758586,12.102133613151452,6.6561945449883515,1.6912733598938303,93.25803035651253,2.205
2024-08-16,8.8646,4.4035,9.083,10.387894685314684,1.8042835139658482,15.034965034965033,6.657050863074099,1.6915890885744775,92.09597741707833,2.1978
2024-08-19,8.9284,4.3735,9.0186,10.387384550856344,1.8041744398849362,16.81230339042293,6.657883861005995,1.691871974500308,91.74603174603175,2.1816
2024-08-20,8.8887,4.3911,9.0792,10.386860901467506,1.8040766580570655,15.6533892382949,6.65873763961636,1.6921843863337291,91.99576868829337,2.171
2024-08-21,8.8175,4.4142,9.1741,10.386312748864826,1.8039999237794837,13.761788333915472,6.659624267166724,1.6925448485014665,92.8093056045118,2.167
2024-08-22,8.8916,4.3589,9.0884,10.385790851955306,1.8039011115481132,15.85195530726257,6.660480072569414,1.692860443245312,92.07188160676533,2.1582
2024-08-23,8.883,4.3863,9.1028,10.385266317626527,1.8038047048432184,15.636998254799304,6.661340347288482,1.6931826170447244,92.10989785135611,2.1547
2024-08-26,8.9516,4.3164,9.0084,10.384766085136079,1.803688734185238,17.55059316120028,6.6621667767436605,1.6934570884919558,91.54929577464789,2.1628
2024-08-27,9.0098,4.2905,8.9087,10.384286501569585,1.8035569004727765,19.7070108126962,6.662957531134107,1.6936833556099056,90.8834917282647,2.1903
2024-08-28,8.8804,4.349,9.0935,10.383762133891214,1.8034610146886996,15.550906555090654,6.663812753677692,1.6939987856197778,92.04785362420832,2.1673
2024-08-29,8.8869,4.3399,9.0822,10.383240397350994,1.8033631543822373,15.719762983617985,6.664663399912767,1.69430781930529,91.94512838550827,2.1703
2024-08-30,8.9936,4.2568,8.9486,10.382756202090594,1.8032354663326484,18.989547038327526,6.665466471853726,1.694551010219522,91.13924050632912,2.1704
2024-09-02,8.8423,4.5631,9.1636,10.382219644723092,1.8031505247670292,14.559386973180077,6.666344550422495,1.6949001731786948,92.75922671353251,2.1457
2024-09-03,8.7992,4.6259,9.2215,10.381668454038998,1.803078470436272,13.266016713091922,6.667242356272664,1.6952788701620014,93.18341531974701,2.1432
2024-09-04,8.6746,4.758,9.3943,10.381074277758442,1.8030458439236439,10.26801253045597,6.668200226888654,1.6957512273915183,94.801545486477,2.1336
2024-09-05,8.648,4.471,9.4296,10.380471259568544,1.8030218689325421,9.742519137091161,6.669169819505617,1.696242623171474,95.04915730337079,2.1338
2024-09-09,8.4906,4.4333,9.651,10.379813913043478,1.8030526848781816,7.756521739130434,6.670216442945594,1.6968644267271835,95.85819585819586,2.1267
2024-09-10,8.4903,4.4456,9.6638,10.379156919332406,1.8030833487354059,7.753824756606398,6.671266823141052,1.6974928224949348,95.96491228070175,2.1143
2024-09-11,8.4164,4.5101,9.7772,10.378474695863748,1.8031411761937306,6.586722280152937,6.672356242003508,1.6981912925612563,96.38723254998246,2.1044
2024-09-12,8.4593,4.621,9.7215,10.377807852675469,1.8031826670524376,7.123002084781098,6.673425366743338,1.6988529274904853,96.21318373071529,2.0998
2024-09-13,8.5364,4.5689,9.6421,10.377168252865578,1.803195971542811,8.509899270580062,6.674465911655099,1.6994639223961383,95.68874868559412,2.0724
2024-09-16,8.5589,4.544,9.6412,10.376536909722223,1.8032011163143304,8.819444444444445,6.67550541203644,1.7000730833820306,95.65522074281711,
2024-09-17,8.6744,4.4874,9.4857,10.375946095105865,1.8031669226964957,10.482471364109685,6.676489718371979,1.700588505808323,94.99124343257444,
2024-09-19,8.821,4.3828,9.2916,10.37540655794587,1.8030866403276677,14.156835530881331,6.677405373232491,1.7009945210430246,93.6624649859944,2.045
2024-09-20,8.9271,4.3406,9.1587,10.374904197016996,1.8029756143261428,17.273673257023933,6.678273869776688,1.7013300290295477,92.33461673083654,2.0431
2024-09-23,8.9396,4.345,9.1481,10.374406518723996,1.8028610542183818,17.683772538141472,6.679138049668299,1.701659400534807,92.12736179146256,2.0381
2024-09-24,9.3329,4.187,8.642,10.374045511265164,1.8026528281662524,32.686308492201036,6.679824605089891,1.7017576326447978,87.5131164742917,2.0728
2024-09-25,9.4198,4.1624,8.5722,10.373714864864864,1.8024279887722916,36.07068607068607,6.68048627480839,1.7018278849134092,86.67832167832168,2.0437
2024-09-26,9.806,3.9941,8.1191,10.373518219605126,1.802146762212608,49.54970557672324,6.680989110783641,1.7017429224257208,79.13317022020273,2.0787
2024-09-27,10.0744,3.8723,7.7547,10.373414646814405,1.8018433231175135,56.094182825484765,6.681364271821104,1.7015639255649289,74.5632424877708,2.1714
2024-09-30,10.2757,3.7836,7.5799,10.373380823814468,1.8015323675811605,60.8515057113188,6.681678115945512,1.7013495836127246,71.7778553964373,2.1518
2024-10-02,10.8941,3.5767,7.0275,10.373561003460207,1.8012466918953765,70.31141868512111,6.681798863810055,1.701064803975908,59.567039106145245,
2024-10-03,10.7302,3.6402,7.1677,10.373684365271533,1.8009473487670957,67.83120027672086,6.68196846281047,1.7007921262952213,63.00174520069808,
2024-10-04,11.0021,3.555,6.9374,10.373901659751038,1.8006738587344853,71.99170124481327,6.682057587561759,1.700502072983225,56.210746685275645,
2024-10-07,11.1945,3.4994,6.7812,10.374185309367439,1.80042723932062,74.83581057725544,6.682092168103243,1.7002064902826222,51.60446459713987,
2024-10-08,10.1695,3.8423,7.6405,10.374114581893574,1.8001201700791685,58.15480304077402,6.682426340987448,1.7000042224001115,73.01255230125523,2.1928
2024-10-09,9.9874,3.9022,7.8366,10.373981001727115,1.7998235874264663,53.989637305699475,6.682828632259323,1.6998444586790087,75.70582084349947,2.176
2024-10-10,10.2862,3.7971,7.5777,10.373950690607735,1.799513556613175,60.87707182320442,6.683140434129617,1.6996303494180416,71.68989547038328,2.1441
2024-10-14,10.2624,3.8172,7.6075,10.373912185018986,1.7992041408184423,60.372799447704516,6.683462398450713,1.6994218580482696,72.48345524207593,2.1368
2024-10-15,9.9037,3.9593,7.9718,10.373749930986888,1.7989148906601564,51.89786059351277,6.683910983966572,1.6992959709464668,77.541782729805,2.1254
2024-10-16,9.8913,3.9675,7.9768,10.373583511555708,1.7986269111490096,51.63849603311487,6.684360997546814,1.699171365052926,77.6192133658197,2.1331
2024-10-17,9.7779,4.0086,8.1187,10.373378103448276,1.7983507844784694,48.3448275862069,6.684860071660403,1.6990863230296005,79.19276270006958,2.1084
2024-10-18,10.0943,3.8771,7.7857,10.37328190279214,1.7980482673384182,56.46328852119959,6.685242972505042,1.6989148188982945,74.78260869565217,2.1209
2024-10-21,9.8263,3.9317,8.0557,10.373093418332186,1.7977671101118615,49.620951068228806,6.685719487465924,1.698811582459761,78.44228094575799,2.1211
2024-10-22,9.8282,3.9394,8.029,10.37290571822253,1.7974858842276362,49.672752325180845,6.686186390668057,1.6987008689121048,78.17170663885993,2.1458
2024-10-23,9.93,3.8971,7.9146,10.37275320247934,1.7971951599222225,52.582644628099175,6.686613219580264,1.6985600215824097,76.65045170257123,2.1559
2024-10-24,9.8175,3.9471,8.0198,10.372562065404475,1.7969153264804396,49.466437177280554,6.687076292445988,1.6984466945353853,78.01319902744008,2.1661
2024-10-25,9.8339,3.9333,8.015,10.372376703372334,1.7966339045914714,49.89676531314522,6.687537377066666,1.6983320074359864,77.91666666666667,2.1539
2024-10-28,9.8412,3.9387,7.9997,10.37219398004816,1.7963518657742605,49.9828001375989,6.68799283094481,1.6982131412729262,77.7507809788268,2.1617
2024-10-29,9.8427,3.9257,8.0,10.372011898211829,1.7960698058881819,50.0,6.688448072849409,1.6980943076441548,77.75850104094378,2.1598
2024-10-30,9.3316,3.9861,8.5566,10.37165424544517,1.7958646384271637,32.41663801993812,6.689096061724592,1.6981561228516122,86.5071106486299,2.1597
2024-10-31,9.3078,4.009,8.5961,10.371288659793814,1.7956643070797476,31.443298969072163,6.689757297486823,1.6982328614492057,87.11858529819695,2.1476
2024-11-01,9.4095,3.9666,8.487,10.370958261765717,1.7954443192415246,35.348677430436275,6.690380258562217,1.698268066082947,85.2686308492201,2.1406
2024-11-04,9.4356,3.9538,8.4707,10.370637053571429,1.7952196613766715,36.46978021978022,6.690997139969507,1.6982970715497943,84.996534996535,2.1275
2024-11-05,9.6319,3.8838,8.2716,10.370383453484381,1.7949636644067437,43.56333676622039,6.691544629702805,1.6982576284855948,81.60720471077244,2.1106
2024-11-06,9.4184,3.9668,8.4941,10.370056760466712,1.7947422644233761,35.79272477693892,6.692168783224377,1.698294736528535,85.45706371191135,2.1234
2024-11-07,9.6056,3.9085,8.2991,10.369794511149228,1.7944902330997168,42.64150943396226,6.692725007252336,1.6982638712017242,82.2429906542056,2.1115
2024-11-08,9.4901,3.954,8.4306,10.369492832647463,1.7942564396601908,38.13443072702332,6.6933263480802765,1.6982776307973861,84.08304498269896,2.1067
2024-11-11,9.3461,3.9798,8.6077,10.369141995200549,1.7940488955368004,32.80767912238601,6.693988531979246,1.698357003306113,87.27084053960567,2.092
2024-11-12,9.1018,4.0884,8.9139,10.368707676490747,1.793894830139084,22.823851953392733,6.6947561362213,1.6985648522068686,90.45643153526972,2.0729
2024-11-13,9.0348,4.093,8.9807,10.368250702295306,1.7937573865284182,20.76053442959918,6.695546300017974,1.6988027919120867,90.9090909090909,2.0876
2024-11-14,8.8719,4.1906,9.1907,10.367738253424656,1.7936639028353702,15.445205479452055,6.6964084816696605,1.6991422089976596,92.6744989633725,2.0808
2024-11-15,8.8343,4.1847,9.2247,10.367213283122219,1.7935811986965915,14.344402601848682,6.6972818120732285,1.6994982353118187,92.98791018998273,2.0948
2024-11-18,8.9209,4.1533,9.0979,10.366718309377138,1.7934737865177242,16.940451745379878,6.698110754817678,1.6997900460161643,91.64364640883977,2.1117
2024-11-19,8.9486,4.1343,9.0802,10.366233150872391,1.7933587406514935,17.789941840574752,6.698933015516741,1.7000726118246536,91.47393855712806,2.0947
2024-11-20,8.9639,4.1238,9.0534,10.365753556771546,1.7932395221499584,18.160054719562243,6.699745460991028,1.7003416647213512,91.26984126984127,2.1025
2024-11-21,8.9089,4.1277,9.1404,10.365255487179487,1.7931352327248253,16.615384615384617,6.7005873563132115,1.7006523887635074,92.06622973439117,2.0843
2024-11-22,8.7439,4.2032,9.3533,10.364701367053998,1.7930792502587016,12.064251537935748,6.701502084811033,1.7010722811773842,94.24137931034483,2.0832
2024-11-25,8.7118,4.2002,9.4105,10.36413665869491,1.7930331414295178,11.17184830884865,6.7024359000179246,1.701522339525264,94.72595656670114,2.0682
2024-11-26,8.7106,4.1987,9.4146,10.363571926229508,1.7929872629306454,11.099726775956285,6.703370484476912,1.7019737058992264,94.76223294279808,2.0657
2024-11-27,8.8813,4.1187,9.2043,10.363065858654831,1.7928902982575798,15.841584158415841,6.704231982759903,1.7023132687763562,92.5938684119876,2.0553
2024-11-28,8.7721,4.1757,9.3694,10.362522866894198,1.792825179505494,12.935153583617748,6.7051497403415965,1.7027382980507535,94.35261707988981,2.0304
2024-11-29,8.7768,4.1574,9.3731,10.361981849198225,1.792758518551532,13.101330603889458,6.706068139742512,1.703164427807473,94.35456110154905,2.0206
2024-12-02,8.8439,4.1128,9.3262,10.361464085948159,1.792671936086619,14.938608458390176,6.706969768049552,1.7035646275718188,93.77150722642807,1.981
2024-12-03,8.9517,4.0708,9.1825,10.360983429935219,1.7925552589105187,18.138424821002385,6.707821343636739,1.7038901052212658,92.32886136910905,1.9886
2024-12-04,8.9725,4.0695,9.184,10.360510190865712,1.7924329940563342,18.74573960463531,6.70867284936451,1.7042156208264925,92.33149931224209,1.9612
2024-12-05,8.9074,4.0898,9.2804,10.360015093696763,1.7923282532982483,16.780238500851787,6.70955690819938,1.704589468758258,93.53729804056377,1.9462
2024-12-06,9.0413,4.0312,9.1065,10.359565940054496,1.792188192130764,21.389645776566756,6.7103805999835044,1.7048754864251063,91.40893470790378,1.9539
2024-12-09,9.2594,3.8789,8.883,10.359191351719442,1.7919980114385634,29.792305073203952,6.711126948111301,1.7050580368309103,89.72861559601512,1.9168
2024-12-10,9.191,3.9163,9.0334,10.358793737236214,1.7918225908046488,27.127297481279783,6.71192443198901,1.7053081506825156,90.7451923076923,1.8468
2024-12-11,9.142,3.9385,9.1167,10.358379720993534,1.7916582754254295,24.940455937393672,6.712749964281496,1.7055972905583534,91.48644009612083,1.8218
2024-12-12,9.2536,3.8898,8.9894,10.358003945578231,1.7914693783662283,29.557823129251698,6.713531244321207,1.7058258712217278,90.39121482498285,1.8172
2024-12-13,9.06,3.9659,9.2604,10.357562597755866,1.7913246387281192,21.999319959197553,6.714404955729673,1.7061852588001727,93.20754716981132,1.7771
2024-12-16,9.0104,3.9941,9.3768,10.357104690686608,1.7911923194794248,20.394289598912305,6.7153179855802465,1.7066047700577494,94.3758573388203,1.7215
2024-12-17,8.9709,4.0138,9.4235,10.356633673122664,1.7910701997386276,18.68841318382603,6.716246399023654,1.707048574164486,94.7891669523483,1.7237
2024-12-18,9.046,3.9802,9.2982,10.356188485054348,1.7909288343485226,21.586277173913043,6.717131235761479,1.7074249689929475,93.52296093214531,1.7564
2024-12-19,9.0117,3.9935,9.355,10.3557319524618,1.7907960729976826,20.509337860780985,6.718034924957861,1.7078302869837585,94.07331277834875,1.7417
2024-12-20,9.0019,3.993,9.407,10.355272403258656,1.7906657807490698,19.95926680244399,6.718955803408219,1.708262505187857,94.60616438356165,1.7018
2024-12-23,9.0943,3.8801,9.294,10.354844519850696,1.790512567459685,23.17611129962674,6.719837365954124,1.7086342627948228,93.42690859294763,1.7019
2024-12-24,9.1914,3.8441,9.1631,10.35444986431479,1.7903370529876534,27.340569877883308,6.720673527019849,1.7089394913502012,91.88911704312115,1.7166
2024-12-27,9.1791,3.8496,9.2014,10.354051305527298,1.7901642766398735,26.720922346558158,6.721522218936708,1.7092629117374496,92.23400615805679,1.6929
2024-12-30,9.1549,3.8524,9.2103,10.353644813559322,1.7899969504259243,25.694915254237287,6.7223733741285905,1.7095900505212651,92.30506155950752,1.7128
2024-12-31,9.1764,3.8483,9.2223,10.35324588275161,1.7898247955528555,26.601152151812947,6.723228049898118,1.7099224614127269,92.54700854700855,1.6752
2025-01-02,8.9564,4.2132,9.5575,10.352772696476965,1.7897062205590124,18.12330623306233,6.724196700598769,1.7104327070212348,95.42036910457963,1.6077
2025-01-03,9.0025,4.1954,9.5039,10.352315441923468,1.7895756170448653,19.979681679647815,6.7251463771615985,1.7109118760358126,95.21694567816877,1.6041
2025-01-06,8.9725,4.2114,9.5486,10.351848341232227,1.7894527188723095,18.737305348679755,6.726110671431693,1.7114150357027498,95.3551912568306,1.5966
2025-01-07,8.8547,4.2834,9.6841,10.351341692047377,1.7893618053667677,14.957698815566836,6.727120568778423,1.7119952365908773,96.10788665073405,1.6093
2025-01-08,8.7912,4.3234,9.7681,10.350813903924221,1.7892891487934608,13.159675236806494,6.728158445717405,1.7126244359833,96.38225255972696,1.6069
2025-01-09,8.7765,4.3239,9.7573,10.350281501521813,1.7892207351430902,12.986134595874196,6.729191929700443,1.7132458228235665,96.34936881610372,1.6368
2025-01-10,8.6991,4.362,9.8616,10.349723292765383,1.7891757812624085,10.75050709939148,6.730260281702591,1.713929848983876,97.10095497953616,1.6338
2025-01-13,8.6384,4.4479,9.917,10.34914494761744,1.7891499496197572,9.496451503886448,6.731346793710195,1.714647259497251,97.30651210364815,1.6592
2025-01-14,8.7826,4.3752,9.7415,10.348615709459459,1.7890793440020931,13.175675675675674,6.73237274913156,1.7152552010529738,96.21676891615542,1.6446
2025-01-15,8.8202,4.3549,9.7046,10.348099527186761,1.7889976483990908,14.083080040526848,6.733385433033049,1.7158399944869986,96.08177172061329,1.633
2025-01-16,8.9182,4.3087,9.5736,10.347616779203241,1.7888885124224831,17.116812964213366,6.734352808566756,1.7163480835037803,95.26566757493188,1.6394
2025-01-17,8.9169,4.3031,9.5554,10.347133918326021,1.7887796639524445,17.06041174485319,6.7353133285502205,1.7168449201421887,95.13108614232209,1.6593
2025-01-20,9.0432,4.2334,9.3833,10.346693994601889,1.7886381948725425,21.828609986504723,6.736214617410483,1.7172475114756922,94.0435670524166,1.6747
2025-01-21,9.1025,4.207,9.3364,10.346274367622259,1.7884824618300932,23.84485666104553,6.737099335131678,1.7176248953897189,93.34807757740728,1.6496
2025-01-22,8.9647,4.2725,9.4947,10.345808563722185,1.788360812720462,18.61092380310182,6.738037294541496,1.7180853988084062,94.76190476190476,1.6602
2025-01-23,8.9514,4.287,9.5069,10.345338591169533,1.7882425937020758,18.23390630266262,6.7389787643495405,1.7185516209074365,94.8996939816389,1.6645
2025-01-24,9.1218,4.2099,9.3062,10.344926347708894,1.7880823163358894,24.69676549865229,6.739851375238612,1.7189110552545999,92.99796057104011,1.6565
2025-01-27,9.1991,4.1757,9.2407,10.344540417649041,1.7879047950219826,28.17446951835635,6.740701136918789,1.7192369408527766,92.21882432891607,1.6299
2025-01-28,9.1996,4.1657,9.2401,10.344154915824916,1.787727184605312,28.249158249158253,6.74155011751087,1.7195618276954419,92.1875,
2025-02-03,9.1954,4.1597,9.2451,10.34376825984517,1.78755049958364,27.903062941770447,6.74240021933854,1.719888482023127,92.22410865874363,
2025-02-04,9.4413,4.0522,8.9619,10.34346460296097,1.7873263804034798,37.71870794078062,6.743153613697216,1.7200825278814842,89.23964697895451,
2025-02-05,9.3364,4.0981,9.0901,10.34312586612849,1.7871211736695483,33.770602085435584,6.743949998626399,1.7203337980022912,90.22734984730234,1.6207
2025-02-06,9.4657,4.0473,8.9687,10.342830833893746,1.7868931035039186,38.43308675184936,6.744704662805969,1.7205298104961007,89.24694708276797,1.5958
2025-02-07,9.5419,4.007,8.8769,10.342561613445378,1.7866530846528577,41.445378151260506,6.745427685978976,1.720685946662729,88.47066802305866,1.6032
2025-02-10,9.6944,3.9366,8.681,10.342343817204302,1.786392381464151,46.774193548387096,6.746083812187117,1.7207632111256046,86.50847457627118,1.6342
2025-02-11,9.6003,3.9846,8.7889,10.342094558280147,1.7861440839407416,43.48337252267383,6.746776057591325,1.720882413814242,87.86851914605218,1.6274
2025-02-12,9.8596,3.8752,8.5088,10.34193253861652,1.785866048422159,51.88045668233714,6.747372949170732,1.7208964136684575,83.84146341463415,1.6336
2025-02-13,9.811,3.8862,8.558,10.34175431352803,1.7855927689687536,50.453172205438065,6.747986097511682,1.7209274826179832,84.76125973586184,1.6346
2025-02-14,10.1511,3.7438,8.1965,10.341690335570469,1.7852965627330906,58.89261744966443,6.748476454283006,1.7208424909645392,78.36831415030467,1.6546
2025-02-17,10.1613,3.7302,8.1479,10.341629822207313,1.7850001483850293,59.174773565917484,6.748950032471066,1.7207438098972225,77.7326565143824,1.6934
2025-02-18,10.2795,3.6773,8.0275,10.341608987256874,1.7847011900256893,61.9382964453387,6.7493825595236805,1.7206133795761447,76.25169147496617,1.7006
2025-02-19,10.2403,3.6851,8.1027,10.341575025142474,1.7844029833671904,60.97888032182367,6.749840225212038,1.7205023604536893,77.10517416300304,1.6626
2025-02-20,10.0,3.7411,8.315,10.341460556300268,1.7841149172662278,55.36193029490617,6.750369352924948,1.7204521330835327,80.66260987153481,1.685
2025-02-21,10.3284,3.5978,7.962,10.341456180904522,1.7838160615254752,62.68006700167504,6.750778825938493,1.720305548932651,75.16052720513687,1.72
2025-02-24,10.2404,3.6386,8.0027,10.34142233757535,1.7835182983988118,60.98459477561956,6.75120177228108,1.720168795118151,75.79391891891892,1.7625
2025-02-25,10.0873,3.6985,8.186,10.341337261466355,1.783225786610808,57.28155339805825,6.751686337707531,1.7200803424493638,78.25059101654847,1.7275
2025-02-26,10.3573,3.5952,7.9299,10.341342603748327,1.7829273876579532,63.05220883534136,6.75208411409588,1.71992616525096,74.71303173531398,1.7251
2025-02-27,10.3264,3.6087,7.9263,10.341337604550016,1.7826291355126542,62.66309802609569,6.752480407003712,1.7197711558502418,74.58656766790415,1.7576
2025-02-28,10.0328,3.7226,8.2521,10.34123441471572,1.7823399406031184,56.020066889632105,6.752986351535762,1.7197015589235247,79.35222672064778,1.7152
2025-03-03,10.0709,3.7059,8.2341,10.341144032096288,1.7820488183689385,56.9374791039786,6.753485883963574,1.719626598631135,79.02192242833053,1.6955
2025-03-04,10.0505,3.7261,8.2419,10.34104689171123,1.7817589114410752,56.417112299465245,6.753987709356709,1.7195538102343682,79.26500337154417,1.7079
2025-03-05,10.3201,3.6502,7.9815,10.341039893083863,1.781461273361107,62.512529234881384,6.754401431058982,1.719411643384278,75.42972699696662,1.7083
2025-03-06,10.5967,3.6811,7.6914,10.341125283901135,1.7811698695390152,66.499665998664,6.754717131385444,1.7192079649653544,71.42857142857143,1.7455
2025-03-07,10.5509,3.7137,7.6777,10.341195325542571,1.7808766113067294,66.07679465776293,6.755028004699225,1.719001846595372,71.26978780734254,1.8002
2025-03-10,10.3805,3.6048,7.8206,10.341208444592791,1.7805795222020515,63.251001335113486,6.755386783148821,1.7188236051565964,72.996632996633,1.8128
2025-03-11,10.4013,3.5981,7.7289,10.341228495161829,1.7802827753840555,63.56356356356356,6.755714455049478,1.7186270898106242,71.89498485358466,1.8853
2025-03-12,10.3355,3.659,7.842,10.341226584389593,1.7799858419573948,62.80853902601734,6.75607996162584,1.7184534178316238,73.38492597577388,1.8334
2025-03-13,10.2646,3.6797,7.8857,10.341201033677892,1.779689603861008,61.38712904301434,6.7564599212754795,1.7182892406407189,73.93205516313488,1.8565
2025-03-14,10.4361,3.5742,7.7504,10.341232666666667,1.7793938074522861,64.43333333333334,6.756794131120375,1.7180969735908562,72.09145931405514,1.8317
2025-03-17,10.4966,3.5518,7.6312,10.341284438520493,1.7790995757838373,65.11162945684772,6.757088049059495,1.7178829724210238,70.45378151260505,1.8957
2025-03-18,10.7517,3.4606,7.4124,10.341421152564957,1.7788189984489045,69.15389740173218,6.757308247967741,1.717636316860171,66.59946236559139,1.8885
2025-03-19,10.6603,3.4629,7.5098,10.341527339327339,1.778532316269547,67.4991674991675,6.757561016443399,1.7174031665915361,68.12227074235808,1.8708
2025-03-20,10.4593,3.5462,7.73,10.341566544607192,1.7782375621307565,64.54727030625833,6.757887557404969,1.7172072240077603,71.89388851578241,1.8309
2025-03-21,10.247,3.6173,7.9132,10.341535074875209,1.7779424943565973,60.86522462562396,6.758275376284659,1.7170494137240064,74.42094662638469,1.8458
2025-03-24,10.3246,3.586,7.8443,10.341529441117764,1.7776467642994283,62.4750499001996,6.758639814077851,1.716876523288398,73.38926174496643,1.8413
2025-03-25,10.1142,3.6636,8.0688,10.341453841037579,1.7773559881008678,57.665447289657465,6.759079317662528,1.716756187012016,76.78631331767863,1.8183
2025-03-26,10.2593,3.6416,7.953,10.341426529255319,1.777061156483916,61.170212765957444,6.759479693478202,1.7166075017189042,74.88262910798123,1.7943
2025-03-27,10.342,3.6239,7.8631,10.341426719840479,1.77676584099015,62.811565304087736,6.759849663409989,1.7164386500882225,73.55011733154542,1.8062
2025-03-28,10.343,3.6393,7.8558,10.341427242524917,1.7764706728764363,62.82392026578073,6.760216938991957,1.716268248508582,73.42493297587131,1.8126
2025-03-31,10.2863,3.6784,7.9088,10.341408933909,1.7761759356168085,61.806708734639656,6.760601723937018,1.7161094712706086,74.30485762144053,1.8129
2025-04-01,10.3385,3.654,7.8622,10.341407968127491,1.7758810620076222,62.74900398406375,6.7609706449939715,1.7159404722203284,73.47622237106496,1.8104
2025-04-02,10.3433,3.6516,7.8794,10.341408596083639,1.7755863347552847,62.860935944241625,6.761345077319048,1.715775213890031,73.80314697020421,1.7887
2025-04-03,10.1893,3.7158,8.0962,10.341358128732582,1.775293915185285,59.22362309223623,6.761791815914323,1.7156618199494653,77.10843373493977,1.718
2025-04-07,8.9055,4.2654,9.5972,10.340881890547264,1.7751920288933523,16.48424543946932,6.762740430228169,1.716158359052776,95.48343927735029,1.6318
2025-04-08,9.0411,4.2056,9.3973,10.340450928381962,1.7750554491504786,21.452254641909814,6.7636215538301,1.7165474339574438,94.14715719063545,1.6633
2025-04-09,9.0772,4.1821,9.3658,10.340032217434537,1.774910209926342,22.472654955253564,6.764491556653961,1.7169196559395818,93.74791039786025,1.6508
2025-04-10,9.2465,4.1018,9.1705,10.339669880715705,1.7747277283680287,29.555997349237906,6.765295703860962,1.7171959735615425,91.27673796791443,1.6444
2025-04-11,9.3678,4.0653,9.0181,10.339347962901623,1.7745219045413043,34.44849287843657,6.766048394905446,1.7174026584277686,89.64249916471768,1.6568
2025-04-14,9.582,3.9708,8.7778,10.339097185430463,1.7742815901730946,42.51655629139073,6.766720322629258,1.7175092616380927,87.70875083500333,1.6584
2025-04-15,9.6092,3.9603,8.7484,10.338855577623304,1.7740375948022515,43.52863290301225,6.767381985292821,1.7176041187012168,87.27879799666111,1.6583
2025-04-16,9.4546,4.0285,8.9339,10.338562971542025,1.7738169601425913,37.55790866975513,6.768105122146862,1.7177733767205112,89.01869158878505,1.643
2025-04-17,9.6007,3.9606,8.7637,10.338318888521338,1.7735743060714821,43.10287793582534,6.768770986303636,1.7178734409547471,87.4874874874875,1.6522
2025-04-22,9.6721,3.9749,8.6881,10.33809857804233,1.7733224030857064,45.46957671957672,6.769411189443629,1.7179444569360873,86.42428285523683,1.6509
2025-04-23,9.8522,3.8915,8.4889,10.337937950413222,1.7730512703007564,51.10743801652893,6.769984543498499,1.717944876446885,83.3944648216072,1.6611
2025-04-24,9.7897,3.9166,8.5508,10.33775677461996,1.7727862820802598,49.37210839391937,6.770578148650666,1.7179661140935116,84.5,1.664
2025-04-25,9.86,3.8963,8.4814,10.337598942847704,1.7725146927556197,51.503138420878756,6.771148232573142,1.717963643827016,83.13895368210596,1.6606
2025-04-28,9.8706,3.8955,8.4828,10.337444715984148,1.7722422945847816,51.78335535006605,6.7717184030486335,1.7179614505147691,83.17788141239174,1.6483
2025-04-29,9.9226,3.8953,8.4539,10.337307758336085,1.7719657513985132,53.119841531858704,6.772278570080585,1.7179495685184196,82.58408258408258,1.6241
2025-04-30,9.939,4.085,8.4371,10.337176303630363,1.7716880955705283,53.63036303630363,6.772832771621837,1.717932066709022,82.32356857523303,1.6243
2025-05-02,10.0911,4.0194,8.2854,10.337095117123061,1.771401447352681,57.17584955460244,6.773336121781031,1.717867735528579,79.96672212978369,
2025-05-06,10.1612,3.989,8.2116,10.337037104221636,1.771112185390124,58.937994722955146,6.7738145861450425,1.7177822211951825,78.27677977378576,1.6298
2025-05-07,10.1697,4.0007,8.1913,10.336981932080448,1.7708227936038092,59.11638641608968,6.7742859813608245,1.7176910172870692,77.9847023611573,1.6418
2025-05-08,10.2131,4.0363,8.1582,10.336941100856954,1.7705323678090965,60.05273566249176,6.774746059159574,1.7175907706708509,77.52659574468085,1.6331
2025-05-09,10.2468,4.015,8.124,10.33691140032949,1.770241413980357,60.988467874794075,6.775194465254901,1.7174814225271513,76.93585908939848,1.6351
2025-05-12,10.5629,3.7391,7.7791,10.336985836627141,1.769954598705636,66.53491436100131,6.775527988688371,1.7172935598297823,71.6611295681063,1.688
2025-05-13,10.387,3.8067,7.957,10.337002304906157,1.7696634088326018,63.6483371748436,6.775920373946197,1.7171433160223615,74.46031218864164,1.6704
2025-05-14,10.6001,3.75,7.7603,10.337088907175772,1.7693785667387694,66.95194206714945,6.776247193211154,1.7169519010631766,71.41434262948208,1.6736
2025-05-15,10.4716,3.8115,7.8698,10.337133168805527,1.7690891129582889,65.12010529779533,6.776610138052439,1.7167825129143566,73.06671091934949,1.6798
2025-05-16,10.4203,3.9863,7.9174,10.33716052631579,1.7687987633693891,64.27631578947368,6.776988635020571,1.7166234167551442,73.95487723954878,1.6793
2025-05-19,10.4138,3.8621,7.9133,10.337185728378822,1.768508460168194,64.12364353830978,6.777365521045439,1.716463426454582,73.86401326699834,1.6893
2025-05-20,10.5528,3.8122,7.7758,10.33725660749507,1.7682220744410144,66.46942800788955,6.777696566960212,1.7162751062035753,71.48541114058355,1.7004
2025-05-21,10.6183,3.8639,7.7077,10.33734896483733,1.7679388497584172,67.17055537298718,6.778004821329797,1.7160741500847116,70.59993370898243,1.71
2025-05-22,10.5107,3.9258,7.7955,10.337405913272011,1.7676512201009242,65.67017082785807,6.778341963536116,1.715889749767404,71.9350563286945,1.7186
2025-05-23,10.5438,3.9079,7.7634,10.33747369458128,1.7673648980292231,66.23973727422003,6.778668249735674,1.7156991835512219,71.34812851937727,1.7208
2025-05-26,10.4193,3.9459,7.8775,10.337500558108994,1.7670753835566004,64.18253447143795,6.779032101308608,1.7155315962932534,73.21192052980132,1.7201
2025-05-27,10.4526,3.967,7.8409,10.337538332786346,1.7667866200911047,64.75221529373154,6.779383596806356,1.715356400074218,72.55875537901358,1.7261
2025-05-28,10.4172,4.0172,7.9163,10.337564468503937,1.7664973582265444,64.04199475065617,6.779759810043679,1.7151972146571266,73.95764394440768,1.6832
2025-05-29,10.5206,3.9374,7.8175,10.33762449983601,1.7662107593196368,65.89045588717613,6.780103091614952,1.7150173269012958,72.01455507773736,1.6877
2025-05-30,10.3743,3.9719,7.968,10.337636524590165,1.765921317662296,63.114754098360656,6.780495914666666,1.7148697512004456,74.90079365079364,1.6712
2025-06-02,10.3107,3.9819,8.0275,10.33762769583743,1.7656319608560047,62.012454932808915,6.780908147422148,1.7147361288177738,75.81818181818181,
2025-06-03,10.4863,3.927,7.8599,10.33767640891219,1.7653447295403228,65.30144167758847,6.781264721068076,1.7145649357771664,72.70323859881032,1.6764
2025-06-04,10.5474,3.9344,7.8106,10.337745103177204,1.765059669241818,66.42646577137242,6.781604772366038,1.7143837550911016,71.88635612817971,1.6704
2025-06-05,10.6431,3.9116,7.7217,10.337845088408645,1.7647793177952245,67.77996070726915,6.7819152397463665,1.7141857506394393,70.50858652575957,1.6741
2025-06-06,10.6018,4.0673,7.7777,10.337931489361702,1.7644969199187752,67.10310965630114,6.782243990079894,1.7139982334377266,71.34367778144602,1.6547
2025-06-09,10.7651,3.7641,7.6334,10.338071269633508,1.7642251193410161,69.86256544502618,6.782524899654125,1.7137851077516837,69.27392739273928,1.6559
2025-06-10,10.6383,3.8292,7.7431,10.338169479882238,1.7639448958896586,67.64802093555774,6.7828418165463535,1.7135911737814546,70.90069284064666,1.6569
2025-06-11,10.7503,3.971,7.6601,10.338304251144539,1.7636721989376762,69.65336821451929,6.783131149720316,1.7133826131749055,69.68997361477572,1.642
2025-06-12,10.6363,4.1428,7.7543,10.338401667211507,1.7633921279365905,67.60379208891794,6.783451350462248,1.7131908628747021,71.05176393010221,1.6475
2025-06-13,10.5984,3.9944,7.7914,10.338486633986928,1.763110231231067,66.89542483660131,6.783783568210942,1.7130062181242953,71.72050098879367,1.644
2025-06-16,10.67,3.8741,7.7289,10.338594936295328,1.7628323921333207,68.21300228683437,6.78409497395453,1.712809875865347,70.62602965403624,1.6432
2025-06-17,10.6651,3.9037,7.74,10.338701567602875,1.7625543855409667,68.09274983670804,6.784409830682476,1.7126156120646472,70.81686429512516,1.6364
2025-06-18,10.5602,3.9481,7.8311,10.338773881815214,1.7622711881261857,66.43813254978778,6.784754476770496,1.7124389275823768,72.27527164965426,1.6384
2025-06-19,10.354,4.0073,8.0156,10.338778851174935,1.7619836092314356,62.76109660574413,6.785159626712311,1.7123026419877392,75.64186965108625,1.6425
2025-06-20,10.4853,3.9559,7.8976,10.338826655791191,1.76169813694817,65.05709624796084,6.785525681458374,1.7121397820448987,73.64264560710761,1.6396
2025-06-23,10.5449,3.9359,7.8415,10.338893868232224,1.76141474808831,66.17742987606002,6.785873041431579,1.7119652543354535,72.5328947368421,1.6418
2025-06-24,10.7615,3.8646,7.6444,10.339031659602217,1.761144095676769,69.87283990870557,6.78615535874778,1.71175452656731,69.1219993423216,1.648
2025-06-25,10.8902,3.8252,7.5282,10.33921131029987,1.7608851609862908,71.85462842242504,6.786399291897435,1.7115260129038805,66.96252465483235,1.6544
2025-06-26,10.8307,3.8563,7.5868,10.339371456500489,1.7606206008368446,71.00032583903551,6.786662322034833,1.711306258568492,67.94281958593493,1.6462
2025-06-27,10.7846,3.923,7.6263,10.339516482084692,1.7603521655243992,70.21172638436482,6.786938155700393,1.7110927957482183,68.85676741130092,1.6462
2025-06-30,10.6827,3.933,7.714,10.339628231846303,1.7600764243311278,68.38163464669489,6.787242609508045,1.7108942653310186,70.24630541871922,1.6469
2025-07-02,10.7654,3.9235,7.649418522302934,10.339766829427083,1.759806691176394,69.921875,6.787525661350723,1.7106847058630303,69.23834537097832,1.6396
2025-07-03,10.692,3.9924,7.712087130564908,10.339881451350472,1.7595318033566008,68.53237878294826,6.787829094717711,1.7104859484013986,70.20019691499836,1.6407
2025-07-04,10.6463,3.9652,7.749634634567878,10.339981132075472,1.7592542624281768,67.69681197137281,6.78814464771635,1.7102940346615558,70.93175853018373,1.6433
2025-07-07,10.6404,3.5833,7.757542926957634,10.340078829268293,1.7589765218131828,67.54471544715447,6.788462587460279,1.710103630942737,71.07248278123976,1.6406
2025-07-08,10.7312,3.5502,7.674222334874012,10.340205981794538,1.758704713398585,69.4408322496749,6.788753000492218,1.709898459815687,69.67213114754098,1.6444
2025-07-09,10.6292,3.3842,7.763445760734578,10.340299902502437,1.7584266231563392,67.2083197920052,6.7890724671458536,1.7097092528828939,71.1897738446411,1.6446
2025-07-10,10.7163,3.3648,7.669978996481994,10.340422059779078,1.7581540137281322,69.07082521117609,6.789361099691508,1.7095034767737929,69.56094364351245,1.6616
2025-07-11,10.7471,3.3554,7.639535723125308,10.340554140954856,1.7578837565089667,69.63299772653458,6.789639571562923,1.709292715180559,68.88306583688176,1.6653
2025-07-14,10.7953,3.3375,7.590690506053561,10.340701785714286,1.7576174564638014,70.45454545454545,6.789901867219274,1.7090742979215732,67.84544859201048,1.6726
2025-07-15,10.9378,3.2803,7.486906374225166,10.34089558584875,1.7573651116776,72.7036676403765,6.7901300192673935,1.7088410723587202,65.92471358428806,1.6557
2025-07-16,10.9186,3.2787,7.496983347681939,10.341083030499675,1.7571107915138058,72.38805970149254,6.790361319440303,1.7086092911781006,66.16492146596859,1.6617
2025-07-17,10.895,3.2823,7.515522257916476,10.341262698670127,1.756854115459481,72.04022056438534,6.790598532701173,1.7083801393803655,66.47039581288846,1.663
2025-07-18,11.036,3.2437,7.396054077564335,10.341487970168613,1.7566137920270666,74.12451361867704,6.790796523396026,1.7081358650705172,64.65009810333552,1.6652
2025-07-21,11.1141,3.2247,7.320179651073861,10.341738411669368,1.7563841326484324,75.42949756888169,6.790969580972907,1.70788345612969,62.89637136319058,1.6774
2025-07-22,11.1772,3.209,7.256084525641485,10.342009138042775,1.7561639134345444,76.08554763447829,6.791121579320837,1.7076250610631565,61.1764705882353,1.6907
2025-07-23,11.3686,3.1512,7.092057838256249,10.3423416909621,1.7559766261777663,78.71720116618076,6.7912198923750475,1.7073547671905736,57.138190133943155,1.7041
2025-07-24,11.42,3.1347,7.018967425569176,10.34269067357513,1.7557993467606965,79.24222797927462,6.791294271059958,1.7070809070524045,55.55192684519922,1.7376
2025-07-25,11.315,3.1668,7.105425894829873,10.343005438653286,1.7556022593411515,77.95403043056005,6.791396827907417,1.706811657240071,57.492654260528894,1.7324
2025-07-28,11.3617,3.1461,7.086899775561755,10.343335113268608,1.755413787679181,78.57605177993527,6.791493271428193,1.706541455129353,57.082245430809394,1.7146
2025-07-29,11.4906,3.1497,6.956165738951838,10.343706276285992,1.7552510735522,79.97411840828211,6.791546998171267,1.7062656324160477,53.2137030995106,1.7466
2025-07-30,11.4448,3.1997,7.019592618481756,10.344062386804657,1.7550788880589772,79.5601552393273,6.791621377042862,1.705992323369895,55.57729941291585,1.718
2025-07-31,11.2617,3.2433,7.175254048678264,10.34435906886518,1.7548726926300198,77.10960232783705,6.791746461057089,1.705728241700673,59.24356048255625,1.7044
2025-08-01,11.127,3.2599,7.281248377819718,10.344612023270846,1.754645473322176,75.30704589528119,6.791906011877416,1.7054731217325978,61.994784876140805,1.7059
2025-08-04,11.236,3.2242,7.191664400142399,10.344900032310177,1.7544351291422338,76.83360258481422,6.792036268765088,1.7052105076156956,59.56337569240795,1.7083
2025-08-05,11.3228,3.2099,7.125637732716288,10.345215891472868,1.7542397787796509,78.00387596899225,6.79214493373706,1.7049433910697014,58.11074918566776,1.7061
2025-08-06,11.3403,3.2034,7.11820886837209,10.345537197287697,1.7540476524457145,78.25314820794317,6.7922511089030095,1.7046759319260603,57.96157603386519,1.6999
2025-08-07,11.4125,3.1812,7.072922015334064,10.345881601032925,1.753869264015602,79.18011620400259,6.792342473130364,1.7044059757904984,56.770833333333336,1.6894
2025-08-08,11.3312,3.2057,7.136090624117481,10.34619954824137,1.7536755619643443,78.02516940948692,6.792454333901918,1.704139911956337,58.44451675886756,1.6891
2025-08-11,11.3338,3.1991,7.102866104925091,10.346518129032258,1.7534823775157897,78.06451612903226,6.79255531365827,1.703871898637489,57.35198438516591,1.7203
2025-08-12,11.375,3.1997,7.064108791208792,10.346849790390197,1.7532968735909147,78.74879071267333,6.79264362373227,1.7036018597894762,56.58536585365853,1.7271
2025-08-13,11.6029,3.1181,6.892335021417059,10.347254706640877,1.7531592535954978,81.07672469374597,6.792676033159346,1.7033258670149576,50.97529258777633,1.7262
2025-08-14,11.636,3.1632,6.859918563080097,10.34767002900419,1.7530293568374231,81.34063809216887,6.792697886435237,1.7030494922722808,50.08124796880078,1.7341
2025-08-15,11.5213,3.1869,6.933076089503788,10.3480481314433,1.7528734941181037,80.28350515463917,6.792743493388802,1.7027747004117482,52.306692657569855,1.7465
2025-08-18,11.4626,3.1497,6.936824217891228,10.348407085346215,1.7527053021472927,79.74235104669887,6.792790288037876,1.702500143162804,52.38713868139007,1.7872
2025-08-19,11.4148,3.1497,6.988056470547009,10.348750418544752,1.7525275577604287,79.10495814552479,6.792853686149081,1.7022273759228346,54.285714285714285,1.7725
2025-08-20,11.4205,3.1479,6.974184054988836,10.349095365304152,1.7523509612640233,79.17605407145156,6.792912540536889,1.7019542418116886,53.7163258682246,1.782
2025-08-21,11.4628,3.1486,6.957172003349967,10.3494537001287,1.75218287646478,79.76190476190477,6.7929658369232655,1.7016806788897103,53.21219987021415,1.7667
2025-08-22,11.5447,3.121,6.880183420963732,10.349838147314248,1.7520321605193996,80.5725313605661,6.792994126765641,1.7014054033164763,50.50275705481674,1.7818
2025-08-25,11.7452,3.0638,6.749816404999489,10.350286816720256,1.7519290885621792,82.21864951768488,6.79298012620735,1.7011297146370064,46.69260700389105,1.7643
2025-08-26,11.592,3.1049,6.86683906142167,10.350685953069753,1.7517889151526582,80.9386049501768,6.793004067515362,1.7008545021028156,50.11345218800648,1.7598
2025-08-27,11.5194,3.1596,6.882207691372816,10.351061503856041,1.7516326860615556,80.20565552699229,6.793032973420695,1.7005796617485842,50.58327932598834,1.7988
2025-08-28,11.458,3.1846,6.8797266189561865,10.351417089624157,1.7514636558585464,79.47317699967876,6.7930610568821574,1.700304913031863,50.50210560414642,1.8478
2025-08-29,11.3574,3.1696,6.966932091852008,10.351740141297366,1.7512751669382849,78.1631342324984,6.793117362269129,1.7000324606919928,53.56217616580311,1.8379
2025-09-01,11.5591,3.2793,6.825492566895346,10.352127736757625,1.7511276218320995,80.64205457463885,6.793127843073476,1.6997573629870613,49.14211719002913,1.8257
2025-09-02,11.531,3.3805,6.855574737663688,10.35250606546855,1.7509739314136459,80.3594351732991,6.793148052424477,1.699482670259041,49.773462783171524,1.8167
2025-09-03,11.468,3.2255,6.921516288803628,10.352863939685594,1.7508070075792228,79.69201154956689,6.793189582103021,1.6992093079830584,51.79553542542866,1.7984
2025-09-04,11.3303,3.243,7.019891635702497,10.35317742142399,1.7506137157175068,77.54971135343169,6.7932629010078065,1.6989394008152883,55.692108667529105,1.806
2025-09-05,11.4969,3.1645,6.8719968513251395,10.353544116704072,1.7504528187985693,79.89740301378647,6.793288356536522,1.6986653257154938,50.14548981571289,1.826
2025-09-08,11.7215,3.0623,6.679931314251588,10.353982564102564,1.7503435596344143,82.17948717948718,6.793251718837013,1.6983920162177764,43.8267614738203,1.8514
2025-09-09,11.8421,3.0767,6.5803481975325315,10.354459371996155,1.7502657667401469,82.92214033963474,6.7931829293309365,1.6981219281964004,40.77544426494345,1.8641
2025-09-10,11.9689,3.0341,6.455786673796256,10.354976489429852,1.750223872118938,83.56822549647663,6.793073951212223,1.6978584860832227,36.82170542635659,1.8992
2025-09-11,11.9261,3.1509,6.510670778376838,10.355479570925393,1.7501693844009305,83.41338456612232,6.7929827651699775,1.6975919327404558,38.58572812399096,1.8743
2025-09-12,12.0367,3.089,6.440924929590337,10.356017733674776,1.7501476655421948,84.02688860435339,6.792869124809881,1.6973297105159675,36.50742414460942,1.867
2025-09-15,12.051,2.9581,6.425666550493735,10.356560128,1.7501302066936093,84.096,6.792750634143758,1.697068652322765,36.07615359793482,1.8724
2025-09-16,12.0285,2.9691,6.460888560502141,10.357094977607167,1.7501056706411953,83.94113883557262,6.792643581861937,1.6968053748202077,36.96774193548387,1.8527
2025-09-17,12.219,2.9071,6.349075775431705,10.35769040614007,1.7501424638500367,85.2894147745443,6.792500541614782,1.6965504559356022,34.698484359883906,1.8349
2025-09-18,12.0293,2.9529,6.4584356712360655,10.358224808184143,1.7501178389623113,83.91943734015345,6.79239284823297,1.6962875742671573,36.9116698903933,1.8546
2025-09-19,12.0401,2.9509,6.426678857318461,10.358762320230104,1.750096371772532,83.98849472674976,6.792274990034158,1.696026924809267,36.09410248146955,1.8789
2025-09-22,11.9248,2.994,6.521184878572387,10.359262651757188,1.7500405869327171,83.22683706070288,6.7921876543023725,1.6957606812484245,39.43298969072165,1.8647
2025-09-23,11.852,3.0139,6.560394532568343,10.359739412328329,1.7499643823647812,82.81699137655701,6.792113002733376,1.6954926911289894,40.51529790660226,1.877
2025-09-24,11.9947,2.9589,6.434815515185874,10.360261430395914,1.7499287917241004,83.62068965517241,6.791997968126955,1.6952318497021879,36.316806181584035,1.9022
2025-09-25,11.9497,2.9617,6.484410922449936,10.360768751994893,1.7498798407857186,83.27481646983722,6.791898970043375,1.694967999033719,37.62471837785645,1.884
2025-09-26,11.8355,2.9961,6.572357196569642,10.361239310784939,1.749798883299579,82.57817485641354,6.791828332407124,1.6946998727965619,40.83011583011583,1.8768
2025-09-29,12.055,2.9448,6.40831314807134,10.361779585326953,1.749781211008002,84.11483253588517,6.7917049759631425,1.694441259101332,35.702798327436476,1.887
2025-09-30,12.1283,2.9224,6.384678631795058,10.362342889030613,1.7497864836163926,84.66198979591837,6.791574099325146,1.6941845355067058,35.273311897106105,1.8605
2025-10-02,12.2974,2.8802,6.2713,10.362959738603761,1.7498485602787954,85.8144724258846,6.791406862391901,1.6939378986568492,33.17261330761813,
2025-10-03,12.2321,2.8945,6.3147,10.363555385595921,1.749887769459043,85.40471637985978,6.791253678952829,1.6936872653202413,33.90102827763496,
2025-10-06,12.1593,2.925,6.3637,10.364127460974833,1.749902476044059,84.80407773176171,6.791116334372376,1.6934325416247105,35.014455509155155,
2025-10-08,12.1077,2.938,6.3987,10.364682738853503,1.7499003756851599,84.39490445859873,6.790990317566219,1.693175211900949,35.58124598587026,
2025-10-09,12.1408,2.9458,6.3901,10.365248201209806,1.7499086934967187,84.62273161413563,6.790861620835058,1.692918645505518,35.441412520064205,1.8466
2025-10-10,11.9517,3.0001,6.521,10.365753119032464,1.7498590264601024,83.09993634627627,6.790775015693583,1.692653875947669,39.56996148908857,1.846
2025-10-13,11.8069,3.0415,6.6313,10.366211644925231,1.7497694061933045,82.11899459115494,6.790723852711327,1.6923847442527042,42.70131536734039,1.8383
2025-10-14,11.6401,3.0986,6.7542,10.366616825699746,1.7496385754858659,80.78880407124683,6.790712138839385,1.692113459397799,47.17767799871713,1.8368
2025-10-15,11.8369,3.0478,6.6033,10.367084324324324,1.7495567769950038,82.38473767885533,6.790652051587433,1.6918455056636863,41.93651811478038,1.8449
2025-10-16,11.8664,3.0493,6.5865,10.367560902733631,1.7494828564338147,82.64462809917356,6.790586618237565,1.6915783020745472,41.378205128205124,1.8407
2025-10-17,11.5927,3.1247,6.8015,10.367950206545917,1.7493411590525816,80.29869717190977,6.79059011499558,1.6913072922337864,48.83050304389619,1.8246
2025-10-20,11.8574,3.0521,6.5838,10.36842334815756,1.7492646683799824,82.56035578144854,6.790523878571815,1.6910404499310996,41.22357463164638,1.8498
2025-10-21,11.9352,3.0341,6.5429,10.368920895522388,1.7492096684629375,83.04223563035885,6.790444588184824,1.690775492928476,40.15369836695485,1.8357
2025-10-22,11.8378,3.0645,6.6182,10.369387206349206,1.7491277416912048,82.31746031746032,6.7903894522731125,1.6905076685769749,42.381562099871964,1.8293
2025-10-23,11.9386,3.0408,6.5371,10.369885211044114,1.7490735087560814,83.08473500476039,6.790308399648386,1.6902432367994105,39.872,1.8391
2025-10-24,12.0384,3.0167,6.4582,10.370414562182741,1.7490484590777564,83.8515228426396,6.79020215895752,1.689983298448916,36.916186820217526,1.8486
2025-10-27,12.1626,2.9794,6.3796,10.370982968601332,1.7490622166234824,84.87155090390105,6.7900708503041916,1.6897290013545903,35.08154780940198,1.8423
2025-10-28,12.0536,2.9964,6.4784,10.371516455294865,1.7490414683390283,83.9568801521877,6.789971211285552,1.6894680701417466,37.5,1.8179
2025-10-30,11.8308,3.0073,6.6427,10.371978985736925,1.7489571717730164,82.06022187004754,6.789924144743115,1.6892001303079538,43.17673378076063,1.8098
2025-10-31,11.658,3.0615,6.7824,10.372386470215464,1.7488298483599412,80.83016476552598,6.789921740863005,1.6889302738282694,48.498402555910545,1.7954
2025-11-03,11.7639,3.0296,6.7062,10.372827241051631,1.7487281701713544,81.59645232815964,6.789895001245993,1.6886612039376494,45.352922389013095,1.7944
2025-11-04,11.7129,3.0482,6.7392,10.373251583280558,1.7486138316554705,81.23812539582013,6.789878815102556,1.6883918434086278,46.6794380587484,1.7984
2025-11-05,11.7049,3.0512,6.747,10.373673124406459,1.7484975212922818,81.19658119658119,6.789865128918355,1.6881225427695803,47.01563996169805,1.7964
2025-11-06,11.9483,3.0238,6.5594,10.374171424050632,1.748445162859946,83.0379746835443,6.789791591863818,1.6878582162167133,40.619017230376514,1.81
2025-11-07,11.8692,3.0528,6.611,10.37464438468839,1.7483707373867992,82.53717178108194,6.789734561053017,1.6875920189564082,42.13716108452951,1.8142
2025-11-10,12.0767,2.9824,6.4665,10.37518266919671,1.7483562010580298,84.21884882985452,6.789631488807782,1.6873327993160372,37.11734693877551,1.8139
2025-11-11,12.0945,2.9776,6.4563,10.375726240910529,1.7483470119775582,84.31868479291812,6.789525230762259,1.6870743312613619,36.818616512591646,1.8119
2025-11-12,12.2181,2.9371,6.3775,10.376308533501897,1.7483774315420724,85.35082174462705,6.789393928904144,1.6868215271612936,34.92670490758445,1.8071
2025-11-13,12.2541,2.9239,6.3479,10.376901832543444,1.7484197327709732,85.68720379146919,6.7892532809497315,1.6865712209863102,34.278432621854094,1.8126
2025-11-14,12.0513,2.9767,6.4839,10.377430701200252,1.7483967673939678,83.85975994946304,6.789156034681913,1.6863114390851033,37.675159235668794,1.814
2025-11-17,11.9644,2.9828,6.5472,10.377931796652986,1.7483480762590666,83.04389011682981,6.7890790031522465,1.6860485077215117,40.337472142629736,1.8109
2025-11-18,11.7571,3.0332,6.6934,10.378367140151514,1.7482437885185904,81.31313131313132,6.789048551528073,1.6857810420935087,44.97135582431572,1.8121
2025-11-19,11.751,3.0302,6.692,10.378800284001263,1.7481379377643067,81.22436099715998,6.7890176738470265,1.6855137291654085,44.86159720012727,1.8179
2025-11-20,11.7469,3.0308,6.6994,10.379231861198738,1.7480310267029264,81.16719242902208,6.788989169497839,1.6852464130677767,45.19720101781171,1.8135
2025-11-21,11.4819,3.1015,6.8928,10.379579596341848,1.7478650331853598,78.47682119205298,6.7890221777110344,1.6849794835463627,51.79650238473768,1.8166
2025-11-24,11.6806,3.0407,6.7402,10.37998975409836,1.747742116193152,80.67465321563682,6.789006658900574,1.6847118899340436,46.85314685314685,1.821
2025-11-25,11.836,3.0227,6.6187,10.380448629057675,1.7476577853933672,82.00441222817523,6.788952541754435,1.6844469340581483,42.48490625993009,1.8301
2025-11-26,11.8371,3.0273,6.6018,10.380907561436672,1.747573671961965,82.04158790170132,6.788893090502288,1.684182672584633,41.96315120711563,1.8462
2025-11-27,11.8279,3.0326,6.6009,10.381363307086616,1.7474870808246048,81.79527559055119,6.78883339120394,1.6839185672416745,41.854557002222926,1.8537
2025-11-28,11.891,3.0374,6.5685,10.381838633501259,1.7474172214937138,82.588161209068,6.788763444095621,1.683655832767648,40.80952380952381,1.8412
2025-12-01,11.9933,3.0041,6.5014,10.38234586087504,1.7473760183672584,83.34907145105446,6.788672246557031,1.6833964308889184,38.28943192637258,1.8366
2025-12-02,12.024,3.0431,6.4725,10.382862429200754,1.747343681290442,83.60604153555695,6.788571938103174,1.6831387918184952,37.246192893401016,1.8442
2025-12-03,11.8705,3.235,6.5723,10.383330386914125,1.7472679937842213,82.3843976093111,6.788503345671173,1.6828762660918493,40.97684744687599,1.8519
2025-12-04,11.9351,3.2689,6.5068,10.383818364779874,1.7472098864955405,82.76729559748428,6.788414029455043,1.682616934795433,38.649334178820546,1.8718
2025-12-05,12.0178,3.2562,6.473,10.384332033951587,1.7471753688477416,83.5586293618359,6.788314056704027,1.682359623534274,37.27416798732171,1.848
2025-12-08,11.8884,3.2819,6.5617,10.384804714016344,1.7471042179651373,82.43243243243244,6.788242252503551,1.68209790413484,40.71609632446134,1.8499
2025-12-09,11.7399,3.3204,6.6755,10.38523044297832,1.7469948223753375,80.83568960100534,6.788206540671905,1.6818326719835486,44.44092492872981,1.8425
2025-12-10,11.7491,3.3136,6.6666,10.38565879396985,1.7468876326026945,80.96733668341709,6.788168033217607,1.6815677615416722,44.20519316022799,1.8447
2025-12-11,11.7354,3.3126,6.6808,10.38608257456829,1.7467770590912008,80.78492935635792,6.788134045236216,1.6813026702939746,44.6343779677113,1.8404
2025-12-12,11.9273,3.2545,6.5445,10.386566321406152,1.746716267707288,82.736974262398,6.788056945854812,1.6810422056021554,40.22151898734177,1.8396
2025-12-15,11.7632,3.3148,6.6523,10.386998274239096,1.746612390288098,81.14213994352055,6.788013998386967,1.6807780149168847,43.8785194558684,1.8488
2025-12-16,11.5767,3.3657,6.7922,10.387371455457966,1.7464655046415585,79.1405269761606,6.788015322233145,1.6805122178736962,49.05123339658444,1.8458
2025-12-17,11.6758,3.3359,6.7307,10.387775478206335,1.746340657772458,80.24459078080903,6.7879972016760055,1.6802468542022955,46.6645589630098,1.834
2025-12-18,11.6999,3.3348,6.7115,10.388186802507837,1.7462214097617914,80.47021943573668,6.7879730243050584,1.6799818577621133,45.828065739570164,1.8356
2025-12-19,11.7813,3.3096,6.6572,10.388623378251332,1.7461218829924525,81.32246944531495,6.787931705813968,1.6797180447182387,43.94944707740917,1.8308
2025-12-22,11.8277,3.2931,6.6132,10.389074216791979,1.746034087868491,81.61027568922306,6.787876515761594,1.6794556193828336,42.35628553379659,1.8415
2025-12-23,11.8014,3.3043,6.6384,10.389516536172879,1.7459395042134085,81.39680551205763,6.787829317619579,1.6791925492104345,43.13230186296179,1.8352
2025-12-24,11.8099,3.3013,6.6319,10.389961239824672,1.7458470206803611,81.49655604257984,6.787780097506694,1.6789297891366168,42.97664141414141,1.8356
2025-12-29,11.7421,3.3289,6.658,10.390384444444443,1.7457376340579231,80.6885758998435,6.787739144493912,1.6786664518162462,44.02019564531398,1.8584
2025-12-30,11.8564,3.3001,6.5761,10.390843147684606,1.7456570613152007,82.13391739674594,6.787672381356847,1.6784058649808253,41.0410094637224,1.8582
2025-12-31,11.7652,3.327,6.6523,10.391273037222396,1.7455532165719914,81.07600875821083,6.7876296906027145,1.678142916158125,43.882056133711764,1.8473
2026-01-02,12.0889,3.2329,,10.391803877423389,1.745538355204749,84.39649781113195,6.7876296906027145,1.678142916158125,,
2026-01-05,12.0426,3.0309,6.445454649328218,10.392319912472647,1.7455094662213078,83.86995936230072,6.787521817008366,1.6778893668849924,36.28625472887768,1.8584
2026-01-06,12.1972,2.9932,6.3157029580559465,10.3928839375,1.7455282438432471,85.21875,6.787373118975288,1.6776458483093497,33.312322722975104,1.8829
2026-01-07,12.0804,3.0246,6.375971593655841,10.393411121524524,1.7455103421572618,84.25492033739457,6.787243502867753,1.677397438063635,34.593572778827976,1.9019
2026-01-08,11.9562,3.0586,6.4733614275438685,10.393899188007495,1.7454561950855378,82.91692692067458,6.7871446423715875,1.677142508309538,37.196850393700785,1.8905
2026-01-09,11.9926,3.0507,6.460275393159115,10.394398314080549,1.7454122312239877,83.23446768654387,6.787041723842238,1.6768884813754728,36.68136020151134,1.8782
2026-01-12,12.1516,3.0032,6.370868971987227,10.394946754057427,1.7454158370875048,84.95630461922596,6.786910728327018,1.6766408026182156,34.466477809254016,1.8585
2026-01-13,12.2659,2.9764,6.300783455759463,10.395530514820594,1.7454563168414605,85.89703588143526,6.786757761910225,1.676399165189856,32.945248584015104,1.8519
2026-01-14,12.3308,2.9357,6.260373899503681,10.396134154709918,1.745518636170094,86.27573300062383,6.786592180324065,1.6761614685107675,32.21138722868827,1.8494
2026-01-15,12.2496,2.9391,6.309131870428423,10.396712098534456,1.7455532408249785,85.74992204552542,6.786442035572525,1.6759192815108774,33.11320754716981,1.8544
2026-01-16,12.2046,2.9487,6.351231909280109,10.397275654613466,1.7455729276910688,85.25561097256858,6.786305220065987,1.6756735958631228,34.10877082678403,1.8424
2026-01-19,12.0956,2.9815,6.428169162340025,10.397804892489871,1.7455583228982043,84.29417263945155,6.786192669450737,1.6754222956804874,35.76367064739158,1.8393
2026-01-20,12.0675,2.9921,6.454120530350113,10.39832504672897,1.7455351254062064,83.98753894080997,6.786088342671253,1.6751694293482937,36.53785736726359,1.8326
2026-01-21,12.1121,2.9803,6.425006603314041,10.398858766739334,1.7455252427133368,84.4908128308938,6.78597493760236,1.674918568396558,35.64698492462311,1.8312
2026-01-22,12.1165,2.9762,6.41070843477902,10.399393524283935,1.7455165489184985,84.49564134495643,6.78585711452455,1.6746688062448645,35.38461538461539,1.8425
2026-01-23,12.1399,2.9652,6.407500142505292,10.399935231870526,1.7455149077849883,84.65608465608466,6.785738358412805,1.674419381885453,35.31073446327684,1.8298
2026-01-26,12.195,2.9612,6.375882000820007,10.400493746110765,1.7455304540632666,85.1275668948351,6.785609755853159,1.674172402863535,34.6093504863508,1.8242
2026-01-27,12.3407,2.9255,6.272168048003759,10.401097231726283,1.7455942775686322,86.50077760497668,6.785448701365126,1.6739345005315167,32.465495608531995,1.8311
2026-01-28,12.6738,2.8525,6.073893361107166,10.401803917910447,1.7457827725610542,89.55223880597015,6.785225573318635,1.6737194409785632,28.50423330197554,1.8164
2026-01-29,12.7484,2.8415,6.026721615261523,10.402533354056574,1.7460015056399436,90.39477774323905,6.784987797783193,1.6735109507443298,27.021943573667713,1.8174
2026-01-30,12.4715,2.9039,6.207081682235497,10.403176289620884,1.7461110280936758,87.78744561839652,6.78480669276422,1.6732799715115523,30.930742713882797,1.8112
2026-02-02,12.1879,2.9672,6.384858917450913,10.403730723827275,1.7461230678988053,84.90214352283317,6.784681395842128,1.6730328175585858,34.962406015037594,1.82
2026-02-03,12.189,2.97,6.38691846747067,10.404285155279503,1.746135273317542,84.90683229813665,6.784556822422658,1.6727856188315726,34.982774819918575,1.8172
2026-02-04,12.1967,2.9818,6.379639057285987,10.404841633033218,1.7461497430666513,85.03570319776466,6.784430047918858,1.6725390757542822,34.81527864746399,1.8193
2026-02-05,12.2121,2.9746,6.371699831314844,10.405402545003104,1.7461689507940779,85.22656734947238,6.784300867882362,1.6722932482874515,34.55399061032864,1.8169
2026-02-06,12.1129,3.0091,6.445461319750018,10.40593233012721,1.7461570046461192,84.20726031647533,6.784194847998716,1.6720423441140495,36.67083854818523,1.8102
2026-02-09,12.2968,2.9601,6.320796994339992,10.406518827543424,1.7462036508826269,86.01116625310173,6.784049900280962,1.6718009043791313,33.40631842352205,1.8114
2026-02-10,12.3642,2.9494,6.278466582552854,10.407125860465117,1.74627308917749,86.54263565891472,6.783891806685674,1.6715634029830835,32.61413383364603,1.8094
2026-02-11,12.4017,2.9439,6.264010661441576,10.407744141351518,1.7463554185475374,86.73279603223807,6.783729293042272,1.6713273870777317,32.29134104407627,1.7994
2026-02-12,12.3306,2.9729,6.320605438502587,10.408340006197706,1.746412774797761,86.14812519367834,6.783584566837729,1.67108627028865,33.4375,1.7893
2026-02-13,12.1101,3.0181,6.464770127414308,10.408867193308552,1.7463990390599209,84.01486988847584,6.783484968449905,1.6708347235561516,37.3320837238363,1.7928
2026-02-16,12.1894,3.0029,,10.409418612573551,1.746409626282499,84.77856921647569,6.783484968449905,1.6708347235561516,,
2026-02-20,12.0859,3.0392,,10.409937647058824,1.746388332851944,83.71517027863777,6.783484968449905,1.6708347235561516,,
2026-02-23,12.3682,2.968,,10.41054373259053,1.7464577795127845,86.56762612194368,6.783484968449905,1.6708347235561516,,
2026-02-24,12.14,3.026,6.434932289950576,10.411078836633664,1.7464524627639977,84.28217821782178,6.783376113772047,1.6705851505929978,36.3210493441599,1.8023
2026-02-25,12.0833,3.003,6.460084898992824,10.411596071759975,1.7464299134816146,83.63748840086606,6.783275179892941,1.6703341105868763,37.152669372463315,1.8158
2026-02-26,11.8847,3.0495,6.585379575420498,10.412051576994434,1.7463519495967945,81.53988868274583,6.783213414723005,1.6700770846602708,41.88514357053683,1.8288
2026-02-27,11.9794,3.0209,6.559963488989431,10.412536074188562,1.7462993840798748,82.34930448222566,6.783143757959906,1.6698211768875608,41.09204368174727,1.7877
2026-03-02,11.8013,3.079,6.6975427342750375,10.412965234857849,1.7462001521526407,80.3770086526576,6.783117057702986,1.6695614195766422,46.069868995633186,1.7761
2026-03-03,11.716,3.1075,6.754636292249916,10.413367778807537,1.7460805680592892,79.48717948717949,6.7831081768905594,1.66930117545178,48.55004677268475,1.7807
2026-03-04,11.5027,3.165,6.916811065228163,10.413704200123535,1.7459158466269342,77.08462013588635,6.783149854848271,1.6690426461485488,53.27306733167082,1.7768
2026-03-05,11.5433,3.1629,6.885133967756187,10.414052948440878,1.745759109025555,77.61654831738191,6.783181635500471,1.6687835401816455,52.44624493611717,1.7779
2026-03-06,11.7291,3.0856,6.744803343820071,10.414458827160493,1.7456425210307858,79.56790123456791,6.783169679646364,1.6685237222609932,48.03738317757009,1.781
2026-03-09,12.0821,2.9326,6.471306863873003,10.41497337241592,1.745618915675283,83.61616784942919,6.783072556377672,1.6682729634966724,37.49610713173466,1.8054
2026-03-10,12.3255,2.8617,6.307761125309318,10.415562677359656,1.7456720840810906,86.15052436767428,6.782924576480079,1.6680343267109823,32.907845579078455,1.8055
2026-03-11,12.3799,2.9143,6.270109673745346,10.416168393462844,1.7457436273561513,86.6481652790626,6.782764970223392,1.6677992610823884,32.27513227513227,1.8075
2026-03-12,12.3992,3.129,6.259836453964771,10.416779685573367,1.7458216365015529,86.77558569667077,6.782602266889149,1.6675652855605416,31.953951462352208,1.8052
2026-03-13,12.326,3.1426,6.298632013629725,10.417368043143297,1.7458742469708612,86.10169491525423,6.78245173181815,1.6673277650082483,32.8149300155521,1.8143
2026-03-16,12.532,3.0914,6.148372294924992,10.418019500924215,1.7459997221494672,88.17005545286506,6.782254567814141,1.6671060051806181,29.66417910447761,1.8312
2026-03-17,12.5088,3.0932,6.162971962138654,10.418663412380658,1.7461162679974591,88.05050816137974,6.782062064672806,1.6668826250318591,29.934721790488034,1.8314
2026-03-18,12.5161,3.0761,6.172209254480229,10.419309174876847,1.746235191125095,88.11576354679804,6.781872551680204,1.666658273606491,30.14294592914854,1.8175
2026-03-19,12.3833,3.1518,6.250191858389928,10.419913665743305,1.7463062862518284,86.58048630347798,6.781707382157591,1.6664257162982157,31.717924821373096,1.8252
2026-03-20,12.3789,3.1815,6.248362204234624,10.42051643076923,1.746375605784962,86.46153846153845,6.781541747009168,1.6661934361650739,31.67701863354037,1.8299
2026-03-23,11.9391,3.2863,6.544240725012774,10.42098354352507,1.7463100435358774,81.75945862811443,6.781468073919445,1.6659400161995908,40.76373796957466,1.8316
2026-03-24,12.1921,3.2042,6.374832463644491,10.421528167281673,1.7463176408197714,84.65559655596556,6.781341867957225,1.6656968705794917,34.79205462445686,1.8272
2026-03-25,12.2911,3.1839,6.312668302267495,10.422102889640334,1.7463567723079743,85.62865047648324,6.781196452640535,1.6654588970013564,33.19888302823457,1.8233
2026-03-26,12.1969,3.241,6.379404614287237,10.422648309772587,1.7463654983985537,84.6957590657652,6.781071827380501,1.6652156167156895,34.95657568238214,1.8194
2026-03-27,12.2356,3.2322,6.355672601261892,10.423205284178186,1.7463862560325312,85.25345622119815,6.7809399206437195,1.664974269613738,34.35658914728682,1.8172
2026-03-30,12.1377,3.2591,6.4324931815747615,10.423731848894349,1.7463764713546857,83.92199017199017,6.780831908635329,1.664727494700343,36.26782393056416,1.8063
2026-03-31,12.1434,3.2516,6.417825968015547,10.424259840343874,1.746368253943324,84.03438747313479,6.780719418415118,1.6644818000994164,35.884722652618535,1.8171
2026-04-01,12.3574,3.1879,6.2679,10.424853192142418,1.7464285448030972,86.3720073664825,6.780560552424283,1.6642484297477325,32.28004956629492,1.8244
2026-04-02,12.306,3.2216,6.3052,10.425430408100645,1.7464713805551029,85.82387235348267,6.780413336396898,1.6640117277367505,32.982347475998765,1.8209
2026-04-08,12.5917,3.1226,6.1281,10.426094907975461,1.7466154971282088,88.92638036809815,6.780211381803587,1.6637936986018107,29.102167182662537,1.8136
2026-04-09,12.5514,3.1355,6.148,10.426746642134313,1.7467440865558204,88.46979454155168,6.78001571130473,1.6635733746345447,29.557412565769113,1.8192
2026-04-10,12.6584,3.1216,6.0871,10.427430778663396,1.7469132320968626,89.57694665849172,6.779801319067322,1.6633606370683485,28.341584158415838,1.8128
2026-04-13,12.5756,3.156,6.1586,10.428089120441312,1.7470501970964991,88.75268158136684,6.779609175139371,1.6631392431883854,29.81750695948036,1.7933
2026-04-14,12.6487,3.1286,6.1231,10.428769454656862,1.7472148065904944,89.49142156862744,6.779406172920712,1.6629221498116007,29.035250463821892,1.7829
2026-04-15,12.6373,3.1134,6.1322,10.429445880551302,1.7473746120363836,89.34150076569678,6.779206109188743,1.6627040352616704,29.242658423493044,1.7809
2026-04-16,12.8823,3.0558,5.9814,10.43019690753215,1.74763404361022,91.33496631965707,6.778959568363901,1.6625062460832447,25.80346106304079,1.7812
2026-04-17,12.7685,3.0784,6.0695,10.430912641567186,1.7478452362415922,90.60299969390879,6.778740396424339,1.6622961858100251,27.92709298733395,1.7623
2026-04-20,12.8604,3.0525,6.0131,10.43165605875153,1.7480943134294658,91.12607099143207,6.778503941700304,1.6620939256327802,26.374305126621373,1.7627
2026-04-21,12.9707,3.0388,5.9587,10.432432762312633,1.7483908082149644,91.95472621596818,6.778250837673846,1.661899739813563,25.28558196974375,1.751
2026-04-22,12.7805,3.0803,6.0855,10.433150825688074,1.7486054846545984,90.70336391437309,6.778037025686909,1.661687809524357,28.39506172839506,1.7389
2026-04-23,12.7255,3.0715,6.1034,10.433851635585448,1.7487974108923676,90.1559156221339,6.77782886862869,1.6614736838758248,28.75655661832768,1.7548
2026-04-24,12.7327,3.0652,6.0937,10.434554217603912,1.7489918051008224,90.25061124694376,6.777617848002956,1.6612608597146492,28.59346082665021,1.7601
2026-04-27,12.629,3.0797,6.1486,10.435224686831654,1.7491451011973993,89.03146959975558,6.7774238862860265,1.6610414243576337,29.818069688559973,1.7697
2026-04-28,12.4605,3.1065,6.26,10.43584328039096,1.7492359869998608,87.23274282223579,6.777264384471512,1.660810225990145,32.27496917385943,1.7654
2026-04-29,12.5333,3.0591,6.2343,10.43648372519084,1.749352776061843,87.84732824427482,6.777097061086467,1.6605816501700397,31.51001540832049,1.7444
2026-04-30,12.3576,3.0983,6.3449,10.437070146520147,1.7494076817814068,85.95848595848597,6.776963913501413,1.6603431658497092,34.288354898336415,1.7473
2026-05-04,12.4632,2.9444,6.2763,10.43768843454379,1.749498692582208,87.30546231309124,6.776809720734704,1.6601107168328713,32.89190021558361,
2026-05-05,12.4147,2.9653,6.3077,10.438291549725443,1.7495725060069511,86.3941427699817,6.776665290401966,1.6598755413483826,33.3743842364532,
2026-05-06,12.5547,2.9413,6.1997,10.438936992985667,1.7496959853719776,88.25861543153401,6.776487707979559,1.6596509360133733,30.809479839950754,1.7654
2026-05-07,12.659,2.8959,6.1364,10.439613841463416,1.7498585270595566,89.42073170731707,6.7762907579155645,1.65943355864509,29.507692307692306,1.7631
2026-05-08,12.5481,2.9154,6.2045,10.440256476683938,1.7499789100644842,88.02194452910697,6.7761148764151296,1.6592086168672318,30.944324823131343,1.7648
2026-05-11,12.5642,2.8728,6.1969,10.440903625837905,1.750104904731297,88.33028641072517,6.7759367660595275,1.6589845746708318,30.81180811808118,1.7622
2026-05-12,12.5777,2.8885,6.1914,10.441554492841911,1.7502355774374871,88.4861407249467,6.775757074462215,1.6587612137028864,30.710113741162004,1.7592
2026-05-13,12.488,2.9017,6.2563,10.442177649208283,1.7503332942314374,87.39342265529841,6.775597437991882,1.658531305604679,32.17578365089121,1.7514
2026-05-14,12.4908,2.954,6.2471,10.442801278538813,1.750431721016424,87.3972602739726,6.775435073187584,1.6583023842325093,31.827956989247312,1.7588
2026-05-15,12.3053,3.1529,6.3608,10.443368076688984,1.7504668250045867,85.11868533171028,6.775307728263385,1.6580636292401985,35.04299754299755,1.7658
2026-05-18,12.2136,3.0028,6.4291,10.443906632187405,1.7504727892071354,84.14968055978096,6.775201431754862,1.6578201669680932,36.813018114829596,1.7585
2026-05-19,12.259,2.9809,6.4228,10.444458667883213,1.7504927182725865,84.7323600973236,6.7750932667972945,1.6575772189201623,36.58686310620013,1.7345
2026-05-20,12.1987,3.0304,6.4594,10.444992034052904,1.7504937779783845,83.94648829431438,6.774996398657743,1.657332114817932,37.895059834305,1.7382
2026-05-21,12.065,3.099,6.5436,10.445484437689968,1.7504555251878136,82.1580547112462,6.774925418167357,1.6570828576534509,41.41104294478527,1.7448
2026-05-22,12.1493,3.0813,6.479,10.446002157398969,1.7504414653996685,83.31814038286235,6.774834671335659,1.6568368639167788,38.669119901870594,1.7519
2026-05-26,12.1512,3.0617,6.4891,10.446520139732685,1.7504278228148051,83.35358444714458,6.774747076402693,1.6565904362164388,39.05579399141631,1.7405
2026-05-27,12.0777,3.1071,6.5581,10.44701548739751,1.750392773305813,82.26541147889462,6.7746806813440354,1.6563409129417714,41.89396261109409,1.7216
2026-05-28,11.9728,3.1635,6.633,10.44747868852459,1.750328898608534,81.0261080752884,6.7746372742725445,1.6560890210104973,44.4546568627451,1.7193
2026-05-29,12.0875,3.0987,6.564,10.447976418816388,1.7502964051603849,82.4886191198786,6.774572760559138,1.6558394912837748,42.052067381317,1.709
2026-06-01,12.2657,3.04,6.4519,10.448527912621358,1.7503171694682773,84.76941747572816,6.774473963020694,1.655595600138544,37.56889161053276,1.7009
2026-06-02,12.5723,3.0135,6.2504,10.449172065514103,1.7504424015868219,88.47437063997573,6.774313548584507,1.655367584392054,31.955922865013775,1.7036
2026-06-03,12.4097,3.0927,6.3454,10.449766525166769,1.7505098228805578,86.20375985445725,6.7741823020886125,1.6551312964039497,34.39412484700122,1.7128
2026-06-04,12.1997,3.1447,6.4888,10.450296968778417,1.750509567837299,83.9042133979994,6.774095002516239,1.6548856464913222,39.06393392474763,1.7081
2026-06-05,12.0878,3.3357,6.5521,10.450793181818183,1.7504763581342195,82.39393939393939,6.774027114136265,1.6546371392723611,41.773700305810394,1.7207
2026-06-08,12.0275,3.1454,6.5868,10.451270827022114,1.7504262636228582,81.42986973644351,6.773969875642185,1.6543874325197336,43.01436869458881,1.7275
2026-06-09,11.9887,3.1691,6.6036,10.451736432465172,1.7503656197787476,80.98122350090854,6.773917806609286,1.6541372840243964,43.64303178484107,1.7376
2026-06-10,11.9081,3.2719,6.65,10.452177353920678,1.7502840271120126,80.1998183469573,6.773879945990097,1.6538859882847545,45.18790100824931,1.7476
2026-06-11,11.8339,3.3412,6.7028,10.452595550847457,1.7501841689258795,79.29782082324455,6.773858235560655,1.6536338566532676,47.22052535125229,1.7475
2026-06-12,12.0777,3.1356,6.537,10.45308726172466,1.7501476062161831,82.13313161875946,6.773785912435294,1.6533865529963685,41.038167938931295,1.7427
2026-06-15,12.1271,3.026,6.5014,10.453593617664852,1.7501250044296435,82.90986085904416,6.7737027665523755,1.6531410332041758,39.52991452991453,1.7446
2026-06-16,11.9877,3.0707,6.6095,10.454057514363472,1.7500636515825618,80.88902328394315,6.7736526589031385,1.6528912682087036,43.72902044552945,1.7324
2026-06-17,11.8722,3.0803,6.696,10.454486215235791,1.7499727730470853,79.83675937122128,6.773628969867476,1.6526396864835373,47.04087858450274,1.727
2026-06-18,11.6562,3.1395,6.8492,10.454849380477485,1.7498329971163775,77.21365971592627,6.773652016842203,1.6523881905147824,52.27203415675511,1.7299
2026-06-22,11.6357,3.1511,6.8567,10.455206132930515,1.7496890043304179,76.85800604229607,6.773677336349264,1.6521369190434312,52.53048780487804,1.7375
2026-06-23,11.4135,3.2141,7.0179,10.455495560253699,1.7495040057422966,74.26759287224404,6.773751771784696,1.6518906272370448,58.06156659555014,1.7437
2026-06-24,11.4407,3.2101,6.9953,10.455793025362318,1.749323611504852,74.66787439613528,6.77381927581523,1.6516434749756592,57.25167580743449,1.7454
2026-06-25,11.2643,3.2575,7.1425,10.45603706610323,1.749115968857067,72.14005433142168,6.773931575761677,1.6514044428391053,61.19402985074627,1.7351
2026-06-26,11.076,3.3231,7.2971,10.45622414001207,1.7488851991993386,69.70428485214242,6.77409088405164,1.651178222404275,64.95127892813642,1.7314
2026-06-29,11.2299,3.2415,7.1878,10.456457526395173,1.748673010167595,71.70437405731523,6.774216822899722,1.6509426571455348,62.13089802130898,1.717
2026-06-30,11.1276,3.3318,7.2537,10.45665992159228,1.7484481516924328,70.32569360675512,6.774362739873885,1.650712615439119,63.755325623858795,1.733
2026-07-02,11.1622,3.5381,7.2178,10.456872625866746,1.748227481765323,70.75670786855592,6.774497646250558,1.6504796165485347,62.88408883480378,1.741
2026-07-03,11.2894,3.4879,7.1116,10.45712353827607,1.7480237496982804,72.52863170584689,6.774600171297319,1.6502390806121257,60.249391727493915,1.7463
2026-07-06,11.4084,3.3486,7.0276,10.45741015366074,1.7478383686689123,74.23922868333835,6.77467709432216,1.649994084740789,58.34600182426269,1.7379
2026-07-07,11.3366,3.358,7.086986892013478,10.457674969879518,1.7476417122099195,73.22289156626506,6.77477202131234,1.649752289173136,59.63525835866261,1.734
2026-07-08,11.6248,3.2552,6.87179853416833,10.458026407708521,1.7474959010991513,76.75398976211984,6.774801503692424,1.6495024909201508,52.71953813430568,1.7305
2026-07-09,11.541,3.2805,6.933260419374404,10.458352408187839,1.747333860477619,75.948223961469,6.7748496382354615,1.649254251583116,54.921020656136086,1.7315
2026-07-10,11.531,3.2664,6.940274737663688,10.458675203129703,1.7471699860125485,75.82004213060488,6.774899873613363,1.6490063333652016,55.17764955967203,1.732
2026-07-13,11.5877,3.2592,6.894840261656756,10.459014861612514,1.7470168789197178,76.38387484957883,6.774936285388725,1.6487573338244166,53.642987249544625,1.735
2026-07-14,11.6653,3.2482,6.837232770695995,10.459377654135338,1.746879377535855,77.50375939849624,6.7749551917575594,1.6485074811686684,51.68437025796662,1.7352
2026-07-15,11.8025,3.2015,6.739781190425756,10.45978147925436,1.7467719623265503,78.8935658448587,6.774944520033855,1.6482574990465235,48.57402912621359,1.733
2026-07-16,11.9243,3.1594,6.649936508642016,10.460221671175233,1.746693922137978,80.31259392846408,6.774906604349478,1.648008954457749,44.94995450409463,1.7363
2026-07-17,11.7437,3.216,6.780603896557302,10.460607331730769,1.7465731439506904,78.15504807692307,6.774908331848631,1.647759088750458,50.33353547604609,1.7346
2026-07-20,12.0447,3.1386,6.56390686775096,10.46108317813157,1.7465265411553403,81.73625713427455,6.774844372629443,1.6475134281548072,41.83085783570779,1.7385
2026-07-21,12.0284,3.1445,6.577157676831499,10.461553843843845,1.7464754213019855,81.50150150150151,6.77478446757011,1.647267379478276,42.36363636363637,1.7365
2026-07-22,11.9234,3.1878,6.665869517084053,10.461992704893426,1.746396878732451,80.24617232062444,6.774751473038003,1.6470189408313682,45.68312632535596,1.721
2026-07-23,12.0797,3.159,6.554351283558367,10.462478211284514,1.7463596115372577,82.26290516206483,6.774684725554818,1.646773990084674,41.55057540884313,1.724
2026-07-24,11.9749,3.1931,6.631300424220662,10.462931983198319,1.746294064113776,80.82808280828083,6.774641315230466,1.6465265762027044,44.29306690887073,1.7195
2026-07-27,12.0512,3.159,6.572928836962294,10.463408368326334,1.7462487448033306,81.82363527294541,6.774580264238254,1.6462811246922593,42.19128329297821,1.725
2026-07-28,12.0685,3.1432,6.55803388987861,10.463889655172414,1.74620806273329,82.09895052473763,6.774514743398811,1.6460363552178232,41.6036308623298,1.728
2026-07-29,12.3033,3.0793,6.401300644542522,10.464441037170264,1.7462366593727123,85.22182254196643,6.774401853471752,1.6458001856373201,35.66243194192377,1.7266
2026-07-30,12.3647,3.0693,6.367039527849444,10.46501048846269,1.7462847573121871,85.91549295774648,6.774278671637576,1.6455665733707368,34.71424251587541,1.7205
