date,hsi_close,hstech_close,vhsi_close,up_count,down_count,southbound_net_buy_100mn,short_ratio,hstech_hsi_ratio,advance_line,advance_line_ma20,southbound_ma20,breadth_z,vhsi_z,relative_z,southbound_z,short_z,hk_sentiment_z
2024-01-02,16788.55,3714.77,22.29,14.0,68.0,,0.1327,0.221268066628744,-54.0,,,,,,,,
2024-01-03,16646.41,3646.39,22.07,18.0,58.0,,0.1601,0.2190496329238556,-40.0,,,,,,,,
2024-01-04,16645.98,3654.94,21.77,33.0,47.0,,0.1713,0.2195689289546185,-14.0,,,,,,,,
2024-01-05,16535.33,3592.33,21.47,25.0,55.0,,0.1631,0.2172517875361422,-30.0,,,,,,,,
2024-01-08,16224.45,3484.75,22.53,3.0,77.0,,0.1735,0.2147838601616695,-74.0,-42.4,,,,,,,
2024-01-09,16190.02,3454.5,22.05,43.0,35.0,,0.1422,0.2133721885457831,8.0,-34.0,,,,,,,
2024-01-10,16097.28,3428.2,21.85,26.0,52.0,,0.1484,0.2129676566475827,-26.0,-32.857142857142854,,,,,,,
2024-01-11,16302.04,3503.02,21.82,61.0,19.0,,0.1581,0.2148823092079273,42.0,-23.5,,,,,,,
2024-01-12,16244.58,3470.64,21.6,36.0,41.0,,0.1679,0.2136491063480865,-5.0,-21.444444444444443,,,,,,,
2024-01-15,16216.33,3404.0,21.75,33.0,43.0,,0.1649,0.2099118604517791,-10.0,-20.3,,,,,,,
2024-01-16,15865.92,3325.93,22.51,6.0,75.0,,0.2019,0.2096273017889917,-69.0,-24.727272727272727,,,,,,,
2024-01-17,15276.9,3160.0,25.72,0.0,82.0,,0.1994,0.206848248008431,-82.0,-29.5,,,,,,,
2024-01-18,15391.79,3176.08,24.69,60.0,19.0,,0.1953,0.206348969158233,41.0,-24.076923076923077,,,,,,,
2024-01-19,15308.69,3129.92,24.13,22.0,57.0,,0.2032,0.2044538102215147,-35.0,-24.857142857142858,,,,,,,
2024-01-22,14961.18,3035.47,27.52,3.0,78.0,,0.201,0.2028897453275744,-75.0,-28.2,,,,,,,
2024-01-23,15353.98,3147.81,26.78,78.0,4.0,,0.1996,0.205015898158002,74.0,-21.8125,,,,,,,
2024-01-24,15899.87,3281.16,27.41,79.0,2.0,,0.2115,0.2063639514033762,77.0,-16.0,,,,,,,
2024-01-25,16211.96,3310.69,26.28,65.0,16.0,,0.1934,0.2042128157237002,49.0,-12.38888888888889,,,,,,,
2024-01-26,15952.23,3186.49,25.48,15.0,58.0,,0.1976,0.199752009593643,-43.0,-14.0,,,,,,,
2024-01-29,16077.24,3203.59,25.7,63.0,18.0,,0.172,0.1992624355921787,45.0,-11.05,,,,,,,
2024-01-30,15703.45,3098.87,26.22,4.0,76.0,,0.1846,0.1973368909379785,-72.0,-11.95,,,,,,,
2024-01-31,15485.07,3005.8,25.79,13.0,68.0,,0.173,0.1941095519749023,-55.0,-12.7,,,,,,,
2024-02-01,15566.21,3065.95,25.8,50.0,30.0,,0.1697,0.1969618808945787,20.0,-11.0,,,,,,,
2024-02-02,15533.56,3043.9,25.54,35.0,42.0,,0.1558,0.1959563680186641,-7.0,-9.85,,,,,,,
2024-02-05,15510.01,3038.84,27.07,25.0,52.0,,0.1419,0.1959276622000888,-27.0,-7.5,,,,,,,
2024-02-06,16136.87,3243.81,27.61,79.0,3.0,,0.1419,0.2010185370521048,76.0,-4.1,,,,,,,
2024-02-07,16081.89,3190.68,27.07,27.0,50.0,,0.1607,0.1984020534899815,-23.0,-3.95,,,,,,,
2024-02-08,15878.07,3168.55,27.22,28.0,53.0,,0.1502,0.1995551096575339,-25.0,-7.3,,,,,,,
2024-02-09,15746.58,3127.22,26.73,,,,0.2302,0.1985967746647208,,-7.421052631578948,,,,,,,
2024-02-14,15879.38,3197.87,27.73,,,,0.1994,0.2013850666713688,,-7.277777777777778,,,,,,,
2024-02-15,15944.63,3223.1,27.17,,,,0.1825,0.2021432921303285,,-3.647058823529412,,,,,,,
2024-02-16,16339.96,3342.73,27.53,,,,0.1626,0.204573940205484,,1.25,,,,,,,
2024-02-19,16155.61,3253.09,27.35,18.0,64.0,,0.1509,0.2013597753350074,-46.0,-4.1875,,,,,,,
2024-02-20,16247.51,3264.4,26.23,60.0,20.0,,0.179,0.2009169405034987,40.0,0.5,,,,,,,
2024-02-21,16503.1,3351.22,26.14,71.0,11.0,,0.146,0.2030660906132787,60.0,8.9375,,,,,,,
2024-02-22,16742.95,3410.02,26.67,71.0,10.0,,0.1561,0.2036690069551661,61.0,8.125,,,,,,,
2024-02-23,16725.86,3399.84,26.93,32.0,47.0,,0.1636,0.2032684716959247,-15.0,2.375,,,,,,,
2024-02-26,16634.74,3393.29,26.35,28.0,53.0,,0.1713,0.2039881597187572,-25.0,-2.25,,,,,,,
2024-02-27,16790.8,3503.17,25.73,52.0,26.0,,0.1679,0.2086362770088382,26.0,2.0625,,,,,,,
2024-02-28,16536.85,3426.61,25.48,18.0,61.0,,0.1432,0.2072105630757974,-43.0,-3.4375,,,,,,,
2024-02-29,16511.44,3431.3,24.52,38.0,41.0,,0.1183,0.2078134917366383,-3.0,0.875,,,,,,,
2024-03-01,16589.44,3488.13,24.74,33.0,43.0,,0.1582,0.2102620703290768,-10.0,3.6875,,,,,,,
2024-03-04,16595.97,3474.77,25.27,36.0,43.0,,0.1854,0.2093743240075753,-7.0,2.0,,,,,,,
2024-03-05,16162.64,3323.89,25.63,4.0,78.0,,0.2092,0.2056526656536308,-74.0,-2.1875,,,,,,,
2024-03-06,16438.09,3412.57,24.88,71.0,8.0,,0.1719,0.2076013697455118,63.0,3.4375,,,,,,,
2024-03-07,16229.78,3359.34,24.43,24.0,53.0,,0.1715,0.2069861698679834,-29.0,-3.125,,,,,,,
2024-03-08,16353.39,3385.58,23.5,60.0,19.0,,0.1429,0.2070261884538924,41.0,0.875,,,,,,,
2024-03-11,16587.57,3482.29,23.47,65.0,14.0,,0.1536,0.2099337033694507,51.0,5.625,,,,,,,
2024-03-12,17093.5,3643.91,24.25,73.0,6.0,,0.1439,0.2131751835493023,67.0,9.235294117647058,,,,,,,
2024-03-13,17082.11,3656.3,23.64,32.0,43.0,,0.1475,0.214042644614746,-11.0,8.11111111111111,,,,,,,
2024-03-14,16961.66,3603.83,22.94,31.0,48.0,,0.1632,0.212469180492947,-17.0,6.7894736842105265,,,,,,,
2024-03-15,16720.89,3549.84,22.62,11.0,68.0,,0.1739,0.2122997041425426,-57.0,3.6,,,,,,,
2024-03-18,16737.12,3594.22,22.6,41.0,38.0,,0.1716,0.2147454281262248,3.0,6.05,,,,,,,
2024-03-19,16529.48,3528.47,22.18,12.0,67.0,,0.1884,0.2134652753746639,-55.0,1.3,,,,,,,
2024-03-20,16543.07,3551.42,21.91,41.0,35.0,,0.2006,0.2146772032035166,6.0,-1.4,,,,,,,
2024-03-21,16863.1,3582.9,21.48,74.0,8.0,,0.1837,0.2124698305768216,66.0,-1.15,,,,,,,
2024-03-22,16499.47,3455.88,21.6,9.0,73.0,,0.226,0.209454000643657,-64.0,-3.6,,,,,,,
2024-03-25,16473.64,3437.2,21.5,34.0,48.0,,0.2069,0.2086484832738848,-14.0,-3.05,,,,,,,
2024-03-26,16618.32,3471.49,21.09,44.0,33.0,,0.173,0.2088953636709366,11.0,-3.8,,,,,,,
2024-03-27,16392.84,3393.43,21.16,18.0,63.0,,0.2031,0.2070068395714226,-45.0,-3.9,,,-1.5635181214447953,-0.013527233707458,,1.2643636940140854,-0.1042272203793893
2024-03-28,16541.42,3477.55,20.37,48.0,30.0,,0.1735,0.2102328578803996,18.0,-2.85,,,-1.859263244706522,0.4896645032875004,,0.0205566035368198,-0.4496807126274005
2024-04-02,16931.52,3543.12,21.89,69.0,13.0,,0.1561,0.209261779214152,56.0,0.45,,,-1.144949230682363,0.332693623921962,,-0.7078370747815995,-0.5066975605140002
2024-04-03,16725.1,3460.87,21.49,14.0,67.0,,0.1593,0.2069267149374294,-53.0,-1.85,,,-1.298074212827884,-0.0398590857133896,,-0.5657090059222678,-0.6345474348211805
2024-04-05,16723.92,3450.89,22.01,,,,0.2434,0.2063445651497974,,1.9473684210526316,,0.7636086309043534,-1.045687049978613,-0.1324987678678708,,2.8119597120056663,0.5993456312658839
2024-04-08,16732.85,3444.61,22.61,47.0,32.0,,0.1831,0.2058591333813427,15.0,-0.5789473684210527,,0.5450305468989929,-0.7654288107092764,-0.2095398493225281,,0.3780964981889773,-0.0129604037359585
2024-04-09,16828.07,3478.24,22.39,59.0,17.0,,0.1532,0.2066927461081395,42.0,3.1578947368421053,,0.8494144058043483,-0.8536127363956802,-0.0727494372929788,,-0.8244010726913164,-0.2253372101439067
2024-04-10,17139.17,3552.01,22.73,62.0,13.0,,0.1577,0.2072451583128004,49.0,3.5789473684210527,,0.8726833304896189,-0.6916383490259548,0.0180779924843857,,-0.6346291865506488,-0.1088765531506497
2024-04-11,17095.03,3538.39,22.51,28.0,53.0,,0.1819,0.2069835501897335,-25.0,-0.4210526315789473,,0.527269188485918,-0.7823705428644536,-0.0251381556850181,,0.3510854868547222,0.0177114941977921
2024-04-12,16721.69,3474.47,22.4,7.0,75.0,,0.1941,0.2077822277532952,-68.0,-7.526315789473684,,-0.0796085144930957,-0.8224227876559945,0.1075571090917921,,0.8421122937581043,0.0119095251752015
2024-04-15,16600.46,3442.49,23.0,23.0,59.0,,0.1976,0.2073731691772396,-36.0,-8.842105263157896,,-0.1914570787019295,-0.5427283434230445,0.038413492005316,,0.9725208538045385,0.06918723092122
2024-04-16,16248.97,3337.85,24.05,3.0,79.0,,0.2096,0.205419174261507,-76.0,-11.947368421052632,,-0.4568077753562755,-0.059309990304701,-0.2906714918794285,,1.4351529144362896,0.1570909142239711
2024-04-17,16251.84,3340.22,22.98,41.0,37.0,,0.2123,0.2055287278240494,4.0,-8.736842105263158,,-0.1751420188483126,-0.5499526363357692,-0.2699400919047913,,1.5099525656473072,0.1287294546396085
2024-04-18,16385.87,3356.82,22.45,52.0,28.0,,0.209,0.2048606512806461,24.0,-7.631578947368421,,-0.0773717999960674,-0.7877821366042701,-0.3816709306514848,,1.3494019736342364,0.0256442765956035
2024-04-19,16224.14,3278.06,22.49,21.0,58.0,,0.2109,0.2020483057961778,-37.0,-6.684210526315789,,0.0065021712857809,-0.7608642990797423,-0.8573917738639935,,1.3971934734038969,-0.0536401070635144
2024-04-22,16511.69,3336.35,22.74,68.0,13.0,,0.1834,0.2020598739438543,55.0,-4.105263157894737,,0.2348382973397696,-0.6377899043043138,-0.8455531168133066,,0.2949019120159634,-0.2384007029404718
2024-04-23,16828.93,3449.1,22.89,66.0,15.0,,0.1848,0.2049506415440553,51.0,-4.894736842105263,,0.1627531480944827,-0.5623731013338499,-0.3417095487779676,,0.3486511861471229,-0.0981695789675529
2024-04-24,17201.27,3573.59,23.6,71.0,9.0,,0.1866,0.2077515206726015,62.0,1.736842105263158,,0.7542477398202114,-0.2256910535446828,0.1458768216247111,,0.4182958834216935,0.2731823478304833
2024-04-25,17284.54,3554.3,23.47,58.0,20.0,,0.1677,0.2056346307162354,38.0,4.473684210526316,,0.9889932594529988,-0.2854342145021502,-0.2242212812994403,,-0.3484703620948879,0.03271685038913
2024-04-26,17651.15,3718.27,24.11,71.0,10.0,,0.1577,0.2106531302493038,61.0,7.105263157894737,,1.2074106119652364,0.0202064870120962,0.6561733639575846,,-0.750284337547233,0.283376531346921
2024-04-29,17746.91,3713.32,24.06,55.0,24.0,,0.1624,0.2092375517766191,31.0,11.105263157894736,,1.5340579348516563,-0.0038103230156218,0.4022841222808964,,-0.5527947859938859,0.3449342370307612
2024-04-30,17763.03,3700.67,22.92,33.0,48.0,,0.1295,0.2083355148305216,-15.0,9.36842105263158,,1.352908294643558,-0.5509128854897845,0.2399564457316559,,-1.8560235182114408,-0.2035179158315028
2024-05-02,18207.13,3865.48,23.57,,,,0.1552,0.2123058384270338,,6.777777777777778,,1.1060510184832824,-0.2335350673267903,0.9406316541991236,,-0.8048978101469518,0.2520624488021659
2024-05-03,18475.92,3971.29,24.02,,,,0.1545,0.214944100212601,,10.294117647058824,,1.39213209043928,-0.0135079646384126,1.3886754523983669,,-0.8248849417413363,0.4856036591144744
2024-05-06,18578.3,4007.78,23.97,49.0,30.0,,0.128,0.215723720684885,19.0,10.77777777777778,,1.4078806898274931,-0.0378670691429612,1.4979102372728337,,-1.853617721945238,0.2535765340030319
2024-05-07,18479.37,3922.54,22.94,44.0,36.0,,0.1334,0.2122658943459652,8.0,10.38888888888889,,1.3495931625830788,-0.5432079995541869,0.8767819883108685,,-1.602196188855204,0.0202427406211391
2024-05-08,18313.86,3872.01,22.04,18.0,62.0,,0.1307,0.2114251173701229,-44.0,5.611111111111111,,0.9216759808809236,-0.978940868359756,0.7213483327707793,,-1.671385060913425,-0.2518254039053696
2024-05-09,18537.81,3947.41,21.86,72.0,7.0,,0.1309,0.2129383136411474,65.0,6.5,,0.9874264757414511,-1.0553134335790724,0.978998738808342,,-1.628240445056334,-0.1792821660214033
2024-05-10,18963.68,3962.32,22.27,68.0,12.0,,0.1213,0.2089425681091433,56.0,11.0,,1.3573138875158586,-0.8434375700924499,0.2672820253539877,,-1.9467391059399184,-0.2913951907906305
2024-05-13,19115.06,4018.69,22.39,53.0,25.0,,0.1181,0.2102368498974107,28.0,16.333333333333332,,1.7761255085750065,-0.7766738324497666,0.4950097558420335,,-2.00983722897588,-0.1288439492521517
2024-05-14,19073.71,4041.45,21.82,31.0,50.0,,0.1158,0.2118858890063862,-19.0,17.27777777777778,,1.8104144506735675,-1.048302871777609,0.7837466430605393,,-2.0355673667869136,-0.1224272862076039
2024-05-16,19376.53,4072.15,22.01,59.0,19.0,,0.1255,0.2101588880981269,40.0,23.72222222222222,,2.271074748859804,-0.9437130952000176,0.4700533596106303,,-1.6428552157550194,0.0386399493788493
2024-05-17,19553.61,4112.59,21.75,53.0,24.0,,0.1207,0.2103238225575737,29.0,25.11111111111111,,2.298958321263499,-1.0608104133532936,0.4964380531065646,,-1.7768714788633502,-0.0105713794616449
2024-05-20,19636.22,4135.38,21.56,55.0,24.0,,0.1204,0.2105995960526007,31.0,25.5,,2.2495148478231877,-1.1410329796141152,0.5426233037077492,,-1.748288767334705,-0.0242958988544708
2024-05-21,19220.62,3980.63,21.93,6.0,74.0,,0.1208,0.2071020601832823,-68.0,23.77777777777778,,2.0520944724700896,-0.9473960507108572,-0.0934376163851931,,-1.6978117010912308,-0.1716377239292978
2024-05-22,19195.6,3992.59,21.44,37.0,39.0,,0.127,0.2079950613682302,-2.0,20.61111111111111,,1.7665072607451373,-1.176062316907072,0.0695852347966226,,-1.4541818895706424,-0.1985379277339886
2024-05-23,18868.71,3896.19,21.21,7.0,75.0,,0.1354,0.2064894738432039,-68.0,14.0,,1.2452372799496136,-1.2724876533050746,-0.2062198103062069,,-1.144982556894785,-0.3446131851391132
2024-05-24,18608.94,3799.47,21.64,5.0,74.0,,0.1293,0.2041744451860234,-69.0,6.722222222222222,,0.6870381848869312,-1.0482681417664157,-0.6295985218129606,,-1.3392491859102311,-0.582519416150669
2024-05-27,18827.35,3864.48,21.26,63.0,17.0,,0.1278,0.2052588388700481,46.0,7.166666666666667,,0.7150677608824149,-1.2203200163336252,-0.4259200660256808,,-1.3710443690524752,-0.5755541726323415
2024-05-28,18821.16,3854.57,20.67,31.0,44.0,,0.1398,0.2047998104261374,-13.0,3.0555555555555554,,0.3987048744152064,-1.486524445076378,-0.5081388463955221,,-0.9446743980076452,-0.6351582037660847
2024-05-29,18477.01,3765.24,21.48,11.0,69.0,,0.1342,0.203779724100382,-58.0,-1.8888888888888888,,0.0193828243464328,-1.0778238949302177,-0.6936169053359352,,-1.126468940511041,-0.7196317291076902
2024-05-30,18230.19,3752.76,21.61,14.0,66.0,,0.1567,0.2058541353655667,-52.0,-3.9444444444444446,,-0.1383651573315945,-1.0040535141020912,-0.3032144261455139,,-0.3430087505942028,-0.4471604620433506
2024-05-31,18079.61,3690.76,22.15,22.0,59.0,,0.1204,0.2041393592007792,-37.0,-5.684210526315789,,-0.2716814125758998,-0.7341353716433522,-0.6217525633479906,,-1.5815814719159305,-0.8022877048707933
2024-06-03,18403.04,3784.04,22.04,70.0,11.0,,0.1335,0.2056203757640042,59.0,-2.45,,-0.0197643446348117,-0.7819099317171507,-0.340252083310353,,-1.1156543817760731,-0.5643951853595972
2024-06-04,18444.11,3796.17,21.48,54.0,27.0,,0.1663,0.2058201778237063,27.0,-2.05,,0.011480345314709,-1.0464461912432603,-0.3007735661973859,,0.0184761984961632,-0.3293158034074435
2024-06-05,18424.96,3807.73,21.43,32.0,49.0,,0.1695,0.2066615069992011,-17.0,-3.3,,-0.0863986479861935,-1.0601213456804357,-0.1398432344277679,,0.1290382254352733,-0.2893312506647809
2024-06-06,18476.8,3840.66,21.43,44.0,35.0,,0.1766,0.2078639158295809,9.0,-0.65,,0.122443150383744,-1.0495596538469076,0.0898239425723288,,0.3748741306685131,-0.1156046075555803
2024-06-07,18366.95,3772.47,20.84,31.0,49.0,,0.15,0.2053944721360922,-18.0,-4.8,,-0.2061165260449166,-1.321751253402624,-0.3828963879138584,,-0.5541333612504767,-0.616224382152969
2024-06-11,18176.34,3755.42,21.22,7.0,74.0,,0.1696,0.2066103516989669,-67.0,-10.95,,-0.6918902808602374,-1.12400489833893,-0.1474845805288541,,0.1345095510804365,-0.4572175521618963
2024-06-12,17937.84,3691.28,21.26,15.0,64.0,,0.1887,0.2057817440672901,-49.0,-14.8,,-0.9903980113141864,-1.093295478836149,-0.3066150833383823,,0.8031515387329364,-0.3967892586889452
2024-06-13,18112.63,3739.14,20.58,60.0,19.0,,0.1911,0.2064382698702507,41.0,-11.8,,-0.744875242309847,-1.4055920778413669,-0.1779310652029347,,0.8808783793952373,-0.3618800014897278
2024-06-14,17941.78,3707.62,19.95,21.0,58.0,,0.1791,0.2066472780292702,-37.0,-15.65,,-1.0431872843814924,-1.6817286279943866,-0.136420782812474,,0.4533490006496865,-0.6019969236346667
2024-06-17,17936.12,3709.35,20.08,26.0,53.0,,0.1862,0.2068089419562313,-27.0,-18.45,,-1.252387396287653,-1.5933541124233586,-0.1041867753103306,,0.7010250492739827,-0.5622258086868398
2024-06-18,17915.55,3697.21,19.3,34.0,44.0,,0.1913,0.2063687690302558,-10.0,-20.5,,-1.3969007376149496,-1.9248715118826063,-0.1901700025902705,,0.8758020317541778,-0.6590350550834122
2024-06-19,18430.39,3832.32,20.24,79.0,2.0,,0.1703,0.207934829376915,77.0,-13.25,,-0.8139298022467728,-1.4605270134619068,0.1196577595364929,,0.1262794750473072,-0.5071298952812199
2024-06-20,18335.32,3767.88,20.12,16.0,64.0,,0.1859,0.205498458712474,-48.0,-15.55,,-0.9882580427455804,-1.495403297874219,-0.3634835861771059,,0.6806912253681724,-0.5416134253571833
2024-06-21,18028.52,3701.4,19.66,1.0,80.0,,0.1731,0.2053080341592099,-79.0,-16.1,,-1.0226116501833842,-1.681842099313247,-0.3995181480955421,,0.2201301587101113,-0.7209604347205154
2024-06-24,18027.71,3677.51,20.15,39.0,37.0,,0.1632,0.2039920766420139,2.0,-12.55,,-0.7347676331087039,-1.435622389146385,-0.6593221634800099,,-0.1361805295698186,-0.7414731788262293
2024-06-25,18072.9,3655.46,19.27,50.0,30.0,,0.178,0.2022619502127494,20.0,-13.85,,-0.8322846249944909,-1.807895089620784,-0.9985380440249378,,0.39766401598988,-0.8102634356625832
2024-06-26,18089.93,3689.68,18.86,48.0,31.0,,0.1647,0.2039631994153653,17.0,-12.35,,-0.7077315291584841,-1.9543183742550023,-0.6526307784369136,,-0.0852049043175447,-0.8499713965419863
2024-06-27,17716.47,3588.86,20.12,4.0,77.0,,0.155,0.2025719570546502,-73.0,-13.1,,-0.7625540617826434,-1.3691894445854524,-0.9257076785312042,,-0.4369320758253374,-0.8735958151811594
2024-06-28,17718.61,3554.45,19.21,35.0,43.0,,0.1428,0.200605465101382,-8.0,-10.9,,-0.5826549910639199,-1.7481256876911926,-1.3072809471231128,,-0.8770820417383179,-1.128785916904136
2024-07-02,17769.14,3539.13,20.12,36.0,44.0,,0.1548,0.1991728356014979,-8.0,-9.45,,-0.4635681697196293,-1.327409466891306,-1.5723710865167042,,-0.4352227430208644,-0.949642866537126
2024-07-03,17978.57,3626.93,19.94,62.0,14.0,,0.1541,0.2017362893711791,48.0,-10.0,,-0.5052883175501243,-1.390463743981092,-1.0511978552408026,,-0.4586851463443392,-0.8514087657790896
2024-07-04,18028.28,3649.67,19.81,41.0,35.0,,0.1559,0.2024413865327141,6.0,-11.05,,-0.5870141259093676,-1.4300813486368489,-0.9037236542314828,,-0.3904660951299347,-0.8278213059769084
2024-07-05,17799.61,3596.8,19.54,13.0,69.0,,0.1741,0.2020718431471251,-56.0,-13.0,,-0.7405976266107853,-1.5281973615434885,-0.9699413655834864,,0.281908989405465,-0.7392068410830738
2024-07-08,17524.06,3566.63,20.39,14.0,66.0,,0.1975,0.203527607186919,-52.0,-16.05,,-0.9807802451174462,-1.1452123121202555,-0.6750791190884654,,1.1406132201126364,-0.4151146140533827
2024-07-09,17523.23,3600.9,19.81,42.0,35.0,,0.1979,0.2054929370897945,7.0,-14.8,,-0.8727426252234867,-1.3828154756662172,-0.2802699493324539,,1.1448938377154951,-0.3477335531266657
2024-07-10,17471.67,3600.49,19.79,33.0,47.0,,0.1999,0.2060758931458756,-14.0,-12.15,,-0.6531023539614814,-1.375719612767197,-0.1624358983599817,,1.2072442961986358,-0.246003392222506
2024-07-11,17832.33,3696.49,20.53,77.0,5.0,,0.1699,0.2072914756512469,72.0,-6.1,,-0.158516444846577,-1.0457455114512288,0.0825166507152566,,0.0972831222426764,-0.2561155458349682
2024-07-12,18293.38,3782.08,21.13,72.0,10.0,,0.161,0.2067458282723039,62.0,-5.05,,-0.0721668821793443,-0.7803934798640539,-0.0279006597489736,,-0.2322158296081473,-0.2781692128501298
2024-07-15,18015.94,3672.58,21.5,9.0,73.0,,0.213,0.203851700216586,-64.0,-6.4,,-0.1825077713485425,-0.6162542936181534,-0.6131502632332756,,1.680466441049739,0.0671385282124418
2024-07-16,17727.98,3622.84,21.06,10.0,71.0,,0.217,0.2043571800058438,-61.0,-8.1,,-0.3215368323178202,-0.8029606171756896,-0.5076840408238213,,1.7988852821487509,0.0416759479578549
2024-07-17,17739.41,3640.88,20.81,55.0,25.0,,0.1683,0.2052424516937147,30.0,-6.1,,-0.1551311352476976,-0.9057950264651272,-0.3253720212783741,,0.0125953361499358,-0.3434257117103158
2024-07-18,17778.41,3613.13,20.99,50.0,25.0,,0.1754,0.203231335085646,25.0,-8.7,,-0.3698454280850602,-0.8220046166219822,-0.7335889146495901,,0.2728962781677549,-0.4131356702972194
2024-07-19,17417.68,3536.54,20.36,5.0,76.0,,0.2189,0.203043114812076,-71.0,-9.85,,-0.4636890045984664,-1.0885248308859623,-0.7676983870560253,,1.848977788312844,-0.1177336085569025
2024-07-22,17635.88,3610.71,21.1,65.0,16.0,,0.1866,0.204736593807624,49.0,-3.45,,0.071953666802426,-0.7607748492285594,-0.4174413494194106,,0.6630522322418193,-0.1108025749009312
2024-07-23,17469.36,3545.09,20.14,9.0,72.0,,0.2027,0.2029318761534481,-63.0,-6.7,,-0.2004352351175778,-1.170572839970384,-0.7852304012021851,,1.241943932133068,-0.2285736360392697
2024-07-24,17311.05,3491.2,20.33,19.0,62.0,,0.2066,0.2016746528951161,-43.0,-9.85,,-0.4640488624336328,-1.078991191658209,-1.03717183037198,,1.3701993694683487,-0.3025031287488682
2024-07-25,17004.97,3421.26,20.8,14.0,68.0,,0.1654,0.2011917692298193,-54.0,-13.4,,-0.7599262041994919,-0.8682256034228504,-1.1276110818309797,,-0.1326133583053279,-0.7220940619396624
2024-07-26,17021.31,3443.73,21.15,39.0,39.0,,0.186,0.2023187404494718,0.0,-9.75,,-0.4486328130844861,-0.7113994697281939,-0.8892648661632441,,0.6186296918919141,-0.3576668642710025
2024-07-29,17238.34,3466.6,20.79,51.0,27.0,,0.154,0.2010982495994394,24.0,-8.15,,-0.3113958030654858,-0.8636189117954697,-1.132082840377476,,-0.5531386397603836,-0.7150590487497037
2024-07-30,17002.91,3414.04,20.74,5.0,76.0,,0.2009,0.2007915115706664,-71.0,-11.3,,-0.5771902259623511,-0.8799795285691,-1.185208363184465,,1.1625160088485955,-0.36996552721683
2024-07-31,17344.6,3516.87,20.59,77.0,4.0,,0.1599,0.2027645491968682,73.0,-10.05,,-0.4682762488589487,-0.9395161508876,-0.7743360487428731,,-0.3425519839567746,-0.631170108111549
2024-08-01,17304.96,3476.58,19.62,29.0,53.0,,0.1913,0.2009007822034838,-24.0,-11.55,,-0.5939629043871064,-1.3516142318036368,-1.1494845816043395,,0.8100189913392232,-0.5712606816139649
2024-08-02,16945.51,3385.6,21.55,12.0,67.0,,0.1867,0.1997933375861806,-55.0,-11.5,,-0.5868491865050589,-0.5051633914846289,-1.364047454270522,,0.6371698991552716,-0.4547225332762344
2024-08-05,16698.36,3339.42,26.06,29.0,53.0,,0.1773,0.1999849086976206,-24.0,-10.1,,-0.4642854331076358,1.4569184645541415,-1.31228156903504,,0.2885277754953662,-0.007780190523292
2024-08-06,16647.34,3342.52,23.68,38.0,43.0,,0.1819,0.2007840291602141,-5.0,-10.7,,-0.5138128304162412,0.4155736296859799,-1.139501941729158,,0.4572574757919048,-0.1951209166668785
2024-08-07,16877.86,3382.42,22.11,68.0,12.0,,0.2162,0.2004057386422212,56.0,-7.2,,-0.2100220878837153,-0.2712124338363686,-1.206802947810875,,1.7098139931143774,0.0054441308958546
2024-08-08,16891.83,3366.68,22.81,32.0,45.0,,0.2222,0.1993081862651944,-13.0,-11.45,,-0.5765412908322642,0.0362806326192195,-1.4166192292322208,,1.9013372885897488,-0.0138856497138791
2024-08-09,17090.23,3436.8,21.57,64.0,13.0,,0.1815,0.2010973521128738,51.0,-12.0,,-0.62145719381304,-0.5083280546214207,-1.04483051388046,,0.4095330515637149,-0.4412706776878015
2024-08-12,17111.65,3429.84,21.09,36.0,40.0,,0.2121,0.2004388822819541,-4.0,-9.0,,-0.3583205506018285,-0.7168788260210215,-1.1696260884176528,,1.5162115448231286,-0.1821534800543435
2024-08-13,17174.06,3429.69,21.06,45.0,35.0,,0.2205,0.1997017595140578,10.0,-5.45,,-0.047495112565906,-0.7264821263703696,-1.307712195113091,,1.797714269230842,-0.0709937912046311
2024-08-14,17113.36,3395.7,20.23,28.0,46.0,,0.1734,0.1984239214274695,-18.0,-7.85,,-0.2573073054488025,-1.0866932603162855,-1.5494413634635844,,0.088572130709338,-0.7012174496298336
2024-08-15,17109.14,3384.38,19.46,39.0,40.0,,0.1951,0.1978112283843606,-1.0,-9.15,,-0.3704041926445607,-1.4139428385022494,-1.6527651647471149,,0.8733992093266647,-0.6409282466418151
2024-08-16,17430.16,3459.09,19.26,58.0,19.0,,0.1814,0.1984542884287924,39.0,-3.65,,0.1150680851933125,-1.4866406883271224,-1.5074878214720129,,0.3729696471693199,-0.6265226943591257
2024-08-19,17569.57,3517.09,19.65,55.0,24.0,,0.1852,0.2001807670876407,31.0,-4.55,,0.0351861563169486,-1.3036445404205967,-1.15359911309103,,0.5097079834640753,-0.4780873784326507
2024-08-20,17511.08,3498.08,19.66,24.0,55.0,,0.2193,0.1997638066869661,-31.0,-2.95,,0.1768605401637137,-1.28820421024719,-1.226961444558338,,1.7356853410452595,-0.1506549433991386
2024-08-21,17391.01,3434.39,19.91,23.0,53.0,,0.2318,0.1974807673619876,-30.0,-2.3,,0.2340373625233932,-1.169844602132623,-1.6620054546619505,,2.1510324895129487,-0.1116950511895578
2024-08-22,17641.0,3508.61,19.23,53.0,27.0,,0.2012,0.1988895187347656,26.0,1.7,,0.5893740526445915,-1.4528781877060295,-1.3701570414515654,,1.0440239984578603,-0.2974092945137857
2024-08-23,17612.1,3468.94,19.09,24.0,56.0,,0.2076,0.1969634512636199,-32.0,0.1,,0.4441915378899293,-1.4984688750443973,-1.728951733669444,,1.26365404193494,-0.379893757222243
2024-08-26,17798.73,3502.96,19.22,65.0,11.0,,0.2012,0.1968095476475007,54.0,1.6,,0.5765777383749325,-1.4283494754624606,-1.7370963783150288,,1.027459322533777,-0.390352198217195
2024-08-27,17874.67,3501.29,18.58,62.0,19.0,,0.1789,0.1958799798821461,43.0,7.3,,1.0825755013225065,-1.6849624836383936,-1.891235831960186,,0.2269603952423761,-0.5666656047584242
2024-08-28,17692.45,3445.46,18.83,20.0,59.0,,0.1911,0.1947418249027127,-39.0,1.7,,0.5759295940364606,-1.560695182025313,-2.076880798953423,,0.6628369785514681,-0.5997023520977018
2024-08-29,17786.32,3461.22,18.75,52.0,27.0,,0.165,0.1946001196425117,25.0,4.15,,0.79292303531226,-1.5778972398274629,-2.069855710654623,,-0.2766584726333946,-0.7828720969508051
2024-08-30,17989.07,3560.61,19.28,60.0,18.0,,0.124,0.197931855287683,42.0,9.0,,1.2214731152964022,-1.3404490211582565,-1.424767492487668,,-1.7365785317751032,-0.8200804825311564
2024-09-02,17691.97,3486.4,19.35,11.0,70.0,,0.1495,0.1970611526019996,-59.0,7.25,,1.0566673433574276,-1.3000180721782608,-1.5726452260929928,,-0.8167905944180084,-0.6581966373329586
2024-09-03,17651.49,3496.49,18.3,33.0,45.0,,0.1613,0.1980846942666029,-12.0,6.9,,1.0186847268309882,-1.7246878951904925,-1.3681181912599845,,-0.3912956826127975,-0.6163542605580715
2024-09-04,17457.34,3482.84,18.98,17.0,59.0,,0.1646,0.199505766628822,-42.0,2.0,,0.5746326669179594,-1.424840913369236,-1.094186820119285,,-0.2715074484860409,-0.5539756287641506
2024-09-05,17444.3,3487.8,18.03,44.0,35.0,,0.1726,0.1999392351656415,9.0,3.1,,0.6710257797955979,-1.8012395323246486,-1.0068312368681698,,0.0175207266708798,-0.5298810656815852
2024-09-06,17444.3,3487.8,18.03,,,,,0.1999392351656415,,0.5789473684210527,,0.4413258021915914,-1.779037651706013,-1.0008858974790278,,,-0.7795325823311497
2024-09-09,17196.96,3436.75,19.06,9.0,71.0,,0.1474,0.1998463681953089,-62.0,-2.473684210526316,,0.1639472028649779,-1.340562086714863,-1.0122565884743917,,-0.8910483161636006,-0.7699799471219693
2024-09-10,17234.09,3450.73,18.78,25.0,53.0,,0.1401,0.200226991967664,-28.0,-4.473684210526316,,-0.0179290452307923,-1.4433521259856543,-0.9357335730595284,,-1.147915937139475,-0.8862326703538626
2024-09-11,17108.71,3450.92,19.25,21.0,60.0,,0.1757,0.2017054471085196,-39.0,-5.578947368421052,,-0.1184128532054162,-1.2402249602071036,-0.6556533426502611,,0.1414236632750828,-0.4682168731969245
2024-09-12,17240.39,3475.25,18.93,49.0,31.0,,0.1649,0.201576066434692,18.0,-4.578947368421052,,-0.0268294312440058,-1.3607611450362715,-0.6771090400605831,,-0.2501996070365247,-0.5787248058443464
2024-09-13,17369.09,3479.8,18.62,67.0,15.0,,0.1551,0.2003444049170106,52.0,-3.8947368421052633,,0.0358580183308283,-1.4745898185762445,-0.9041739473848288,,-0.6048425474355227,-0.7369370737664419
2024-09-16,17422.12,3497.45,18.2,43.0,34.0,,0.2138,0.200747670203167,9.0,-5.052631578947368,,-0.0705116625840694,-1.6294029212264334,-0.8242800575843687,,1.5229503396261874,-0.250311075442171
2024-09-17,17660.02,3536.57,18.65,72.0,6.0,,0.171,0.2002585501035672,66.0,0.0526315789473684,,0.3994140181082687,-1.4334662177045654,-0.9117090305324188,,-0.0330849316268801,-0.4947115404388989
2024-09-19,18013.16,3651.56,19.34,70.0,11.0,,0.1467,0.2027162363516451,59.0,4.7368421052631575,,0.8288240739489825,-1.1455854170353632,-0.4467918154916779,,-0.9143271425063014,-0.41947007527109
2024-09-20,18258.57,3703.84,18.89,75.0,5.0,,0.147,0.2028548785583975,70.0,7.052631578947368,,1.037103376599564,-1.3180726222867465,-0.4192078911742682,,-0.8987844523616616,-0.399740397305778
2024-09-23,18247.11,3698.27,18.55,38.0,39.0,,0.1458,0.2026770266634004,-1.0,8.68421052631579,,1.1800783299688296,-1.4432878385768977,-0.4513787539292153,,-0.9376209461404807,-0.4130523021694411
2024-09-24,19000.56,3915.58,21.85,77.0,5.0,,0.1314,0.2060770840438386,72.0,9.63157894736842,,1.258414946871255,-0.1102156137749788,0.1935139086835465,,-1.4506834344499666,-0.0272425481675359
2024-09-25,19129.1,3924.45,22.14,48.0,34.0,,0.1432,0.2051560188404054,14.0,8.105263157894736,,1.1104510418422462,0.0072070041057704,0.0181467031788513,,-1.015470549011716,0.0300835500287879
2024-09-26,19924.58,4209.71,27.32,69.0,11.0,,0.141,0.2112822453472043,58.0,13.210526315789474,,1.5661964117473008,2.0798193631966924,1.1796541610303335,,-1.0889339831414588,0.934183988208217
2024-09-27,20632.3,4453.24,31.24,74.0,6.0,,0.1305,0.2158382729991324,68.0,15.473684210526317,,1.753956469924791,3.5213064813572412,2.019822026239753,,-1.4582260001569247,1.4592147443412151
2024-09-30,21133.68,4751.81,32.66,58.0,24.0,,0.0998,0.2248453653126195,34.0,15.052631578947368,,1.6970065129743308,3.892512174580713,3.5807181823241323,,-2.5194966429344436,1.662685056736183
2024-10-02,22443.73,5157.08,40.99,77.0,5.0,,0.1313,0.2297782053161395,72.0,21.94736842105263,,2.283517254684149,6.217323844173362,4.246977893136186,,-1.383253743815559,2.8411413120445346
2024-10-03,22113.51,4978.64,38.39,7.0,74.0,,0.1245,0.2251401971012291,-67.0,19.05263157894737,,1.995831840906064,4.968740735250024,3.326458338834489,,-1.609778051962076,2.170313215757125
2024-10-04,22736.87,5227.13,40.08,73.0,7.0,,0.1274,0.2298966392471787,66.0,24.73684210526316,,2.4538312933087494,5.087297963570008,3.9456703255207777,,-1.493819125674035,2.4982451141813753
2024-10-07,23099.78,5386.48,44.5,63.0,17.0,,0.1336,0.2331831731730778,46.0,26.68421052631579,,2.570312422975392,5.7636901893001085,4.2482410595866895,,-1.2657492063955849,2.8291236163666516
2024-10-08,20926.79,4695.81,40.1,0.0,82.0,,0.0917,0.2243922742092791,-82.0,21.25,,2.070412130928095,4.354387746685565,2.817091789690498,,-2.6845642702795005,1.6393318492561644
2024-10-09,20637.24,4640.75,39.59,12.0,68.0,,0.1058,0.2248726089341404,-56.0,21.55,,2.0663700448040783,4.031066203138814,2.8215375218949696,,-2.162140363832642,1.689208351501305
2024-10-10,21251.98,4736.1,39.6,77.0,5.0,,0.1243,0.2228545293191505,72.0,26.55,,2.444326075469497,3.8626335120662425,2.473151924834115,,-1.5131431678742282,1.8167420861239068
2024-10-14,21092.87,4668.18,34.8,31.0,49.0,,0.1244,0.2213155440677347,-18.0,27.6,,2.483797857523209,2.6916523702020165,2.2119833674622,,-1.496922696980146,1.4726277245518196
2024-10-15,20318.79,4450.95,31.27,4.0,78.0,,0.1145,0.219055859133344,-74.0,23.0,,2.0742361549308064,1.8657383960895448,1.8608906249622843,,-1.8143618289199963,0.9966258367656596
2024-10-16,20286.85,4402.37,31.47,36.0,45.0,,0.1297,0.217006090151995,-9.0,19.95,,1.804071662637176,1.8884864026580497,1.5503862758226288,,-1.2896653854360856,0.9883197389204422
2024-10-17,20079.1,4349.77,30.22,12.0,65.0,,0.1346,0.2166317215413041,-53.0,16.85,,1.5381093985864664,1.5929557338889688,1.484102785597618,,-1.117196650810911,0.8744928168155357
2024-10-18,20804.11,4600.85,32.77,80.0,2.0,,0.1137,0.2211510129488836,78.0,17.45,,1.572425703277291,2.1331272064977185,2.1044340125628342,,-1.804731345313504,1.0013138942560849
2024-10-21,20478.46,4491.9,31.3,13.0,68.0,,0.1168,0.2193475485949627,-55.0,11.75,,1.1055985509997022,1.7877997170557571,1.8270141388794985,,-1.683778051309476,0.7591585889063703
2024-10-22,20498.95,4521.63,31.17,42.0,33.0,,0.1174,0.2205786150022318,9.0,8.7,,0.8555440434372263,1.741213900328647,1.9766117480937189,,-1.6479972489539492,0.7313431107264108
2024-10-23,20760.15,4605.62,32.09,56.0,24.0,,0.119,0.2218490714180774,32.0,10.35,,0.9838640450981498,1.9201843757903956,2.125349906621155,,-1.5805666658916122,0.8622079154045219
2024-10-24,20489.62,4483.99,31.94,16.0,65.0,,0.1272,0.2188420283050637,-49.0,4.3,,0.4935098750018843,1.8663262668279508,1.6897832432942537,,-1.2993588426995757,0.6875651356061283
2024-10-25,20590.15,4538.03,33.54,50.0,28.0,,0.1215,0.2203981029764231,22.0,4.7,,0.5241930696020659,2.1810690248143914,1.884070859963373,,-1.4765472338330652,0.7781964301366913
2024-10-28,20599.36,4574.07,32.66,44.0,35.0,,0.1235,0.2220491316235067,9.0,2.25,,0.3246033968675522,1.968230450202462,2.0836788197396023,,-1.400053339118095,0.7441148319228803
2024-10-29,20701.14,4623.84,32.89,30.0,48.0,,0.1174,0.2233616119691959,-18.0,-2.05,,-0.0248320500666424,1.9924910379120309,2.229708282304603,,-1.5872951299789757,0.652518035042754
2024-10-30,20380.64,4513.68,32.94,7.0,75.0,,0.1179,0.2214690019547963,-68.0,-7.15,,-0.4390836016630004,1.9788980559263425,1.9503124978418456,,-1.5576201391112992,0.4831267032484721
2024-10-31,20317.33,4499.15,32.5,29.0,47.0,,0.1044,0.2214439594178959,-18.0,-11.65,,-0.8032018488682281,1.8659181118126809,1.9245891065156613,,-1.975540308095687,0.2529412653411066
2024-11-01,20506.43,4483.91,32.78,55.0,25.0,,0.1268,0.2186587328949992,30.0,-6.8,,-0.4057014835635913,1.9027269897004215,1.5400634738712924,,-1.2397531654759135,0.4493339536330522
2024-11-04,20567.52,4532.18,32.32,48.0,26.0,,0.1244,0.2203561732284689,22.0,-9.0,,-0.5839230903420083,1.7890466270959438,1.7486001380894445,,-1.308993501501946,0.4111825433353585
2024-11-05,21006.97,4693.85,33.28,77.0,5.0,,0.1177,0.2234425050352335,72.0,-7.7,,-0.4758685231528356,1.963722628619876,2.128446985273462,,-1.5139719413383492,0.5255822873505384
2024-11-06,20538.38,4574.5,31.61,6.0,76.0,,0.1449,0.2227293486633317,-70.0,-7.1,,-0.425339644215744,1.6079490878983256,2.0102743268328416,,-0.6332412363759663,0.6399106335348642
2024-11-07,20953.34,4677.64,32.38,65.0,16.0,,0.145,0.2232407816605849,49.0,-1.85,,0.0069177159929607,1.7479302689997982,2.0511183979327186,,-0.6279115515627984,0.7945137078406699
2024-11-08,20728.19,4668.26,30.9,22.0,59.0,,0.1337,0.2252131035078316,-37.0,-7.3,,-0.4416376230777258,1.4371051226488083,2.2723273787931375,,-0.9892967509224578,0.5696245318604405
2024-11-11,20426.93,4651.71,25.28,14.0,62.0,,0.1621,0.2277243814905127,-48.0,-8.8,,-0.563897662138857,0.2988362779582398,2.5477262248749204,,-0.0690948949594931,0.5533924864337025
2024-11-12,19846.88,4456.86,25.07,6.0,76.0,,0.1477,0.2245622485750908,-70.0,-8.6,,-0.5456373261710489,0.2556020066997659,2.1205431310609044,,-0.5350686643933888,0.3238597867990581
2024-11-13,19823.45,4455.67,25.06,23.0,52.0,,0.1646,0.2247676363095223,-29.0,-9.6,,-0.6265311700943802,0.2529409953097252,2.1186969086033383,,0.0145950646043525,0.439925449605759
2024-11-14,19435.81,4318.32,25.19,4.0,78.0,,0.1762,0.2221836908263663,-74.0,-10.65,,-0.711237342011971,0.2787272871888759,1.7802526311448812,,0.3917319611827432,0.4348686343761323
2024-11-15,19426.34,4327.84,26.16,47.0,32.0,,0.1782,0.2227820577628107,15.0,-13.8,,-0.9688399307783996,0.4754149124909607,1.835450323110052,,0.4557865932538595,0.4494529745191181
2024-11-18,19576.61,4341.53,24.89,47.0,30.0,,0.1778,0.2217712872657727,17.0,-10.2,,-0.6670597052271877,0.2151485326524292,1.6959292647963244,,0.4414751969360523,0.4213733222894046
2024-11-19,19663.67,4395.04,23.37,57.0,21.0,,0.1722,0.2235106671338565,36.0,-8.85,,-0.5529086394040273,-0.0961910561015956,1.8887837072804692,,0.2572307967737233,0.3742287021371424
2024-11-20,19705.01,4413.08,22.77,50.0,28.0,,0.1748,0.2239572575705366,22.0,-9.35,,-0.5927664930847605,-0.2189319027556122,1.922266165753597,,0.3417880492780673,0.3630889547978229
2024-11-21,19601.11,4358.15,22.26,23.0,55.0,,0.1846,0.2223420000193866,-32.0,-8.5,,-0.5202046499194286,-0.3231234517814885,1.7115651532097511,,0.6622765291247071,0.3826283951583853
2024-11-22,19229.97,4246.2,22.36,6.0,75.0,,0.1782,0.2208115769291371,-69.0,-13.05,,-0.8973372306144914,-0.3017487501614967,1.5159729740183483,,0.4500584012034731,0.1917363486114583
2024-11-25,19150.99,4235.31,21.99,32.0,49.0,,0.1489,0.2211535800499086,-17.0,-14.35,,-1.0015930162846822,-0.3772681849984841,1.5451437979135054,,-0.5161424597276721,-0.0874649657743332
2024-11-26,19159.2,4221.99,21.59,35.0,44.0,,0.1545,0.2203635851183765,-9.0,-13.9,,-0.959690955066736,-0.4588739490619067,1.4406469017933212,,-0.3300635482056643,-0.0769953876352464
2024-11-27,19603.13,4374.44,23.4,79.0,2.0,,0.1737,0.2231500785843893,77.0,-6.65,,-0.3515513272127192,-0.0831254231035761,1.7569942648396382,,0.3056210759555953,0.4069846476197345
2024-11-28,19366.96,4307.75,23.24,9.0,71.0,,0.1918,0.2224277842263318,-62.0,-8.85,,-0.5346294101890177,-0.1161364901443829,1.6572940702967542,,0.9031435812046984,0.477417937792013
2024-11-29,19423.61,4353.55,22.99,62.0,17.0,,0.1327,0.224137016754352,45.0,-8.1,,-0.4702918607015446,-0.1678569348285883,1.8414389837740328,,-1.0556721117592842,0.0369045191211538
2024-12-02,19550.29,4405.95,22.92,59.0,19.0,,0.1354,0.2253649434356216,40.0,-7.2,,-0.3934877297949446,-0.1820628895781803,1.964658689169748,,-0.9618746763626638,0.1068083483584899
2024-12-03,19746.32,4417.99,23.31,66.0,15.0,,0.1443,0.2237373849912287,51.0,-8.25,,-0.4807511679234731,-0.1002144055467955,1.7584248905544109,,-0.6640670785469216,0.1283480596343051
2024-12-04,19742.46,4404.04,23.27,29.0,48.0,,0.1402,0.223074530732239,-19.0,-5.7,,-0.2646212409252529,-0.1083654014257476,1.6674027656042023,,-0.7975904052631527,0.1242064294975122
2024-12-05,19560.44,4370.22,22.08,14.0,65.0,,0.151,0.2234213545298572,-51.0,-10.7,,-0.6858128311112849,-0.3576333904089054,1.6932569456373836,,-0.4369046395236045,0.0532265211483971
2024-12-06,19865.85,4464.65,22.55,72.0,8.0,,0.1216,0.2247399431688047,64.0,-5.65,,-0.2570531083427976,-0.2580546504291864,1.8281455043218735,,-1.4082243596015702,-0.0237966535129201
2024-12-09,20414.09,4656.8,26.32,81.0,1.0,,0.1176,0.2281169525558082,80.0,0.75,,0.2859980448635301,0.5360344100148569,2.18834904775053,,-1.5301977813195713,0.3700459303273364
2024-12-10,20311.28,4591.94,26.5,23.0,56.0,,0.1426,0.2260783170730746,-33.0,2.6,,0.4423315390292529,0.5724467188336178,1.9361584956725773,,-0.6984343591385905,0.5631255985992143
2024-12-11,20155.05,4531.58,24.66,26.0,55.0,,0.1193,0.2248359592260996,-29.0,2.6,,0.4411862700096899,0.182597812295221,1.779483696733642,,-1.4624902972885347,0.2351943704375046
2024-12-12,20397.05,4600.82,25.38,63.0,19.0,,0.1292,0.2255630103372791,44.0,8.5,,0.9413539099191338,0.334513352937497,1.843996510582668,,-1.1289461248038497,0.4977294121588623
2024-12-13,19971.24,4479.6,21.88,5.0,77.0,,0.1378,0.2243025470626761,-72.0,4.15,,0.5680399611018645,-0.4082014034955233,1.6887645996253355,,-0.8410927199492975,0.2518776093205948
2024-12-16,19795.49,4414.7,21.48,21.0,60.0,,0.1519,0.2230154444269881,-39.0,1.35,,0.3276618200087353,-0.4920590730853998,1.5340866432475089,,-0.3729755751175499,0.2491784537633236
2024-12-17,19700.48,4389.08,20.75,13.0,66.0,,0.1573,0.2227905106880644,-53.0,-3.1,,-0.0537444613894273,-0.6457768526776553,1.4987530446564084,,-0.1932927137989744,0.1514847541975878
2024-12-18,19864.55,4468.85,21.05,70.0,12.0,,0.1453,0.2249660827957341,58.0,-1.3,,0.1006910320826357,-0.580114778142199,1.7259131573992663,,-0.5907824298943534,0.1639267453613374
2024-12-19,19752.51,4439.47,21.27,13.0,68.0,,0.1812,0.2247547273738882,-55.0,-2.45,,0.0016743842105726,-0.5316665988843476,1.6888733240100635,,0.6032902979033581,0.4405428518099116
2024-12-20,19720.7,4444.19,20.92,29.0,48.0,,0.1533,0.2253566049886667,-19.0,0.05,,0.2168971261834527,-0.6048806107980664,1.7405138075615876,,-0.3265123703798727,0.2565044881417753
2024-12-23,19883.13,4457.85,21.15,63.0,19.0,,0.1442,0.2242026280570513,44.0,3.1,,0.4793432808136083,-0.5540813060059736,1.6020226023143551,,-0.6287701985744788,0.2246285946368777
2024-12-24,20098.29,4507.65,21.33,70.0,11.0,,0.1251,0.2242802745905248,59.0,6.5,,0.7711859487900338,-0.5141039803416698,1.5987349272043914,,-1.2610237473472796,0.1486982870763689
2024-12-27,20090.46,4538.59,21.53,29.0,50.0,,0.1139,0.2259077193852206,-21.0,1.6,,0.3457149748277408,-0.4699303591374831,1.7611953210372089,,-1.6230555335170826,0.003481100802596
2024-12-30,20041.42,4500.6,22.33,27.0,47.0,,0.1106,0.224564926038175,-20.0,3.7,,0.5266522394118675,-0.2970035945619578,1.6036957751075218,,-1.718910390747538,0.0286085073024733
2024-12-31,20059.95,4468.11,22.35,44.0,31.0,,0.1422,0.2227378433146642,13.0,2.1,,0.3866066415946018,-0.2920451707237024,1.3976190379767677,,-0.6688279691309522,0.2058381349291786
2025-01-02,19623.32,4357.53,22.59,1.0,82.0,,0.2175,0.2220587545838318,-81.0,-3.95,,-0.1401002962529452,-0.2396601199472036,1.3169808882294094,,1.8155243733910575,0.6881862113550796
2025-01-03,19760.27,4403.12,22.24,46.0,34.0,,0.1791,0.222826914814423,12.0,-5.9,,-0.3096075101402648,-0.3147546777527439,1.3915119722055171,,0.5450140716173567,0.3280409639824663
2025-01-06,19688.29,4395.08,22.28,31.0,41.0,,0.1657,0.2232332010550433,-10.0,-5.45,,-0.2696675679786786,-0.3054070924557271,1.4264888261161093,,0.101323378734299,0.2381843861040006
2025-01-07,19447.58,4354.8,23.24,31.0,48.0,,0.1406,0.2239250333460512,-17.0,-3.75,,-0.1204826688712978,-0.0965712453726575,1.4911036341180577,,-0.728796499179181,0.1363133051737303
2025-01-08,19279.84,4307.4,23.16,22.0,60.0,,0.1253,0.223414717134582,-38.0,-8.85,,-0.5666713844866073,-0.1137630836478525,1.427759557056272,,-1.230439175961132,-0.1207785217598299
2025-01-09,19240.89,4311.54,22.78,29.0,51.0,,0.1637,0.2240821500460737,-22.0,-13.95,,-1.0108600027461505,-0.1962721122862852,1.4895299149462966,,0.0427564078642074,0.0812885519445171
2025-01-10,19064.29,4260.82,22.8,14.0,67.0,,0.1641,0.2234974394535542,-53.0,-14.95,,-1.093922975546574,-0.1915079385043782,1.418697916553765,,0.0559348762192184,0.0473004696805077
2025-01-13,18874.14,4221.92,23.46,20.0,62.0,,0.1812,0.2236880726750993,-42.0,-15.6,,-1.145720404466379,-0.0468598131065834,1.4303624649922733,,0.6234802123344023,0.2153156149384283
2025-01-14,19219.78,4352.04,24.14,71.0,10.0,,0.1754,0.2264354742874268,61.0,-14.75,,-1.066530238790228,0.1021664570904671,1.7088598744272243,,0.4291664636263748,0.2934156390884596
2025-01-15,19286.07,4363.79,23.46,40.0,39.0,,0.1896,0.2262664192341933,1.0,-11.1,,-0.7438227566781889,-0.04725887792594,1.678372755019334,,0.9000119914661919,0.4468257779703492
2025-01-16,19522.89,4417.37,22.47,66.0,15.0,,0.1726,0.2262661931711954,51.0,-6.6,,-0.3476743547251774,-0.2648120241142252,1.6660229894839804,,0.3315681114970429,0.3462761805354052
2025-01-17,19584.06,4479.19,22.47,48.0,30.0,,0.1792,0.2287161089171499,18.0,-3.05,,-0.0351541042653897,-0.2642645365986025,1.906074371641781,,0.5509646683595543,0.5394050997843357
2025-01-20,19925.81,4595.2,24.26,60.0,21.0,,0.1806,0.2306154680788384,39.0,-4.0,,-0.1186961935154521,0.1312515724779833,2.0828344716018012,,0.5962963957968983,0.6729215615903077
2025-01-21,20106.55,4693.72,24.5,55.0,24.0,,0.1596,0.2334423359551987,31.0,0.3,,0.260697925503203,0.1840511475393413,2.3465088946957753,,-0.1078445064905677,0.670853365311938
2025-01-22,19778.77,4581.09,21.86,6.0,74.0,,0.1799,0.2316165262046123,-68.0,-2.15,,0.0437431372344836,-0.4009602102040074,2.135584649509729,,0.5728631067298888,0.5878076708175235
2025-01-23,19700.56,4515.48,21.55,20.0,60.0,,0.1664,0.2292056672500679,-40.0,-6.35,,-0.3280508239525073,-0.4687789526924167,1.8729292791106404,,0.1183883242577604,0.2986219566808692
2025-01-24,20066.19,4657.61,22.39,71.0,10.0,,0.1461,0.232112324262852,61.0,-6.25,,-0.318489755162054,-0.2812021732579193,2.1454278927053783,,-0.5645298545024917,0.2453015274457283
2025-01-27,20197.77,4687.34,24.24,61.0,16.0,,0.1465,0.2320721545002245,45.0,-2.95,,-0.0247520212555604,0.1311116043092538,2.119071135009587,,-0.5496672515914841,0.4189408666179492
2025-01-28,20225.11,4723.63,24.59,30.0,51.0,,0.1381,0.2335527470555166,-21.0,-3.0,,-0.029154570122404,0.2088987870748425,2.241793028259741,,-0.8309215760320916,0.397653917295022
2025-02-03,20217.26,4737.46,25.94,26.0,55.0,,0.1795,0.2343275003635507,-29.0,-5.1,,-0.2163334029158369,0.5098568118315372,2.2916227186046925,,0.5677817152764228,0.7882319606992039
2025-02-04,20789.96,4977.38,27.52,71.0,10.0,,0.1473,0.2394126780426706,61.0,2.0,,0.4181882081146379,0.8611811032284312,2.7488852702398088,,-0.5213432326221398,0.8767278372401847
2025-02-05,20597.09,4930.2,26.03,15.0,67.0,,0.1407,0.2393639101445883,-52.0,-1.2,,0.1310849734841063,0.525805365294219,2.701472439475439,,-0.742979983711015,0.6538456986356873
2025-02-06,20891.62,5059.38,25.18,73.0,7.0,,0.1328,0.2421726989098978,66.0,2.6,,0.471267551660197,0.3342508358194579,2.919298949985827,,-1.0072891020109735,0.6793820588636271
2025-02-07,21133.54,5150.35,25.58,46.0,34.0,,0.123,0.2437050300139021,12.0,4.05,,0.600144847035482,0.4232934806644198,3.0075541186782737,,-1.332952825732428,0.6745099051614369
2025-02-10,21521.98,5286.66,26.93,57.0,22.0,,0.1244,0.2456400386953245,35.0,7.7,,0.9255935595826176,0.7253480229242801,3.124903624529433,,-1.2792434393603094,0.8741504419190054
2025-02-11,21294.86,5142.31,25.48,15.0,67.0,,0.1312,0.2414812776416468,-52.0,6.2,,0.7881020481197755,0.3975939433980731,2.700125258990808,,-1.0450478770616596,0.7101933433617493
2025-02-12,21857.92,5281.18,26.86,74.0,6.0,,0.1384,0.2416140236582438,68.0,12.25,,1.3265800730586477,0.7072568792827691,2.6716233728374723,,-0.7989911433217672,0.9766172954642804
2025-02-13,21814.37,5235.28,27.49,29.0,51.0,,0.115,0.239992261981437,-22.0,13.25,,1.4087632592328458,0.846984807146648,2.4924163445580207,,-1.5811741984994208,0.7917475531095234
2025-02-14,22620.33,5526.22,29.54,68.0,11.0,,0.1305,0.2443032440287122,57.0,13.05,,1.3833262976324154,1.304110406252385,2.8291307340470047,,-1.0536937368482997,1.1157184252708765
2025-02-17,22616.23,5499.26,29.41,42.0,38.0,,0.122,0.2431554684401423,4.0,13.2,,1.38926348702445,1.2687330670419563,2.6874072289692035,,-1.3339001629684193,1.0028759050167977
2025-02-18,22976.81,5639.05,29.05,48.0,32.0,,0.1344,0.2454235379062628,16.0,11.45,,1.2269333585676487,1.1823910591795157,2.8372360988802416,,-0.9128190322618374,1.0834353710913922
2025-02-19,22944.24,5672.24,27.16,39.0,38.0,,0.1267,0.2472184740048046,1.0,10.6,,1.1460507054346645,0.7542241819853213,2.9391441495970954,,-1.1674949581801952,0.9179810197092212
2025-02-20,22576.98,5500.02,26.74,20.0,57.0,,0.1556,0.2436118559701076,-37.0,6.8,,0.8039343304827701,0.6577868355754803,2.597255759656593,,-0.1931778051259999,0.9664497801472108
2025-02-21,23477.92,5859.3,28.44,57.0,24.0,,0.1436,0.2495664011121939,33.0,6.9,,0.8104450346038998,1.0378222561951624,3.0389989458116435,,-0.5968378401872337,1.072607099105868
2025-02-24,23341.61,5789.52,29.02,45.0,36.0,,0.1447,0.2480343044031667,9.0,10.75,,1.1502191123761696,1.1638886576104226,2.864667598175931,,-0.5583521313980186,1.155105809191126
2025-02-25,23034.02,5698.82,28.1,16.0,66.0,,0.1635,0.2474088326744528,-50.0,10.25,,1.1010991460702169,0.9530682834449336,2.770278049990889,,0.0776919481063012,1.2255343569030852
2025-02-26,23787.93,5953.79,29.1,68.0,13.0,,0.1572,0.2502861745431401,55.0,9.95,,1.0701495859208654,1.1738007324485695,2.9500507426674925,,-0.1356290607502601,1.2645930000716663
2025-02-27,23718.29,5881.01,29.05,51.0,28.0,,0.1441,0.2479525294614409,23.0,8.85,,0.9684556976777842,1.1577414414647271,2.723738388632163,,-0.5791159711481969,1.0677048891566192
2025-02-28,22941.32,5568.14,30.35,6.0,77.0,,0.1341,0.2427122763642197,-71.0,6.35,,0.7428863741217094,1.4429075339622508,2.287345236092125,,-0.9161258495100536,0.8892533236665081
2025-03-03,23006.27,5535.86,28.59,47.0,35.0,,0.1577,0.240623969031051,12.0,8.4,,0.9232788691059142,1.043168135740769,2.104566540383732,,-0.1133479613040489,0.9894163959815916
2025-03-04,22941.77,5535.64,27.88,41.0,38.0,,0.2088,0.2412908855768321,3.0,5.5,,0.6620443577593399,0.8807468522076372,2.13526376932148,,1.6171588204977945,1.323803449946563
2025-03-05,23594.21,5757.94,27.23,77.0,5.0,,0.1562,0.244040381093497,72.0,11.7,,1.21221069835219,0.7325369390231447,2.3206343342432536,,-0.1693309770014779,1.0240127486542774
2025-03-06,24369.71,6068.77,28.86,68.0,14.0,,0.1457,0.2490292252144157,54.0,11.1,,1.1537710299127877,1.0954137184134467,2.6633765030190877,,-0.5254492622992587,1.0967779972615157
2025-03-07,24231.3,6037.44,28.72,41.0,40.0,,0.1435,0.2491587327134738,1.0,10.55,,1.1003049383696253,1.0600095207254645,2.6363841815397375,,-0.5989940485099021,1.0494261480312312
2025-03-10,23783.49,5885.49,27.61,21.0,59.0,,0.1432,0.2474611589804523,-38.0,6.9,,0.7717465702864736,0.8078986373768406,2.478658001847593,,-0.6077910644259327,0.8626280362712435
2025-03-11,23782.14,5967.23,27.66,52.0,25.0,,0.1678,0.2509122391845309,27.0,10.85,,1.120832995871125,0.8168243515917931,2.6953753324548617,,0.23173815637922,1.21619270907425
2025-03-12,23600.31,5845.36,27.16,21.0,57.0,,0.1654,0.2476814923193805,-36.0,5.65,,0.6540768685888558,0.7023741306820913,2.4296870299113964,,0.149397538982483,0.9838838920412066
2025-03-13,23462.65,5747.77,26.12,24.0,57.0,,0.1758,0.2449753118253905,-33.0,5.1,,0.6034115359652729,0.4668735374838584,2.2107376327399737,,0.5045893016621039,0.9464030019628022
2025-03-14,23959.98,5880.78,26.47,65.0,18.0,,0.1515,0.2454417741584091,47.0,4.6,,0.5573384213134334,0.5447109260875099,2.221772148190798,,-0.32829241824778,0.7488822693359902
2025-03-17,24145.57,5872.81,26.77,54.0,27.0,,0.1397,0.2432251547592374,27.0,5.75,,0.6589232845998548,0.611117366533084,2.0448497606090292,,-0.7317453232501854,0.6457862721229457
2025-03-18,24740.57,6105.5,26.95,72.0,8.0,,0.1356,0.2467808947004859,64.0,8.15,,0.8718906412615499,0.6502968723257587,2.2743562370519315,,-0.8701152018086791,0.7316071372076403
2025-03-19,24771.14,6041.19,25.48,46.0,35.0,,0.1427,0.2438801766894862,11.0,8.65,,0.9139667813570655,0.3166998497139598,2.050978630402725,,-0.6244614828950669,0.6642959446446709
2025-03-20,24219.95,5836.28,24.65,12.0,70.0,,0.14,0.2409699441988938,-58.0,7.6,,0.8172699906324647,0.128171073712093,1.8326768791956376,,-0.7156021072732216,0.5156289590667434
2025-03-21,23689.72,5639.56,24.11,7.0,75.0,,0.1465,0.2380593776541048,-68.0,2.55,,0.3623801490130964,0.0054450204893624,1.6188010537482431,,-0.4906166567804788,0.3740023916175558
2025-03-24,23905.56,5736.83,24.28,41.0,38.0,,0.1607,0.2399789003060375,3.0,2.25,,0.3347322520400083,0.0440691922612965,1.7412657801614495,,-0.0007118199341752,0.5298388511321449
2025-03-25,23344.25,5517.52,23.86,14.0,66.0,,0.1304,0.236354562686743,-52.0,2.15,,0.3251088134196295,-0.0516090621545257,1.4808611871239832,,-1.0441778924442398,0.1775457614862118
2025-03-26,23483.32,5573.04,24.22,50.0,27.0,,0.1869,0.2373190843543417,23.0,0.55,,0.1802512144136077,0.0305592352608173,1.5393317495955086,,0.9052975005907568,0.6638599249651725
2025-03-27,23578.8,5589.12,24.48,54.0,27.0,,0.1687,0.2370400529289022,27.0,0.75,,0.1980060506530119,0.0898883266919401,1.5117633154240155,,0.2757709543262694,0.5188571617738093
2025-03-28,23426.6,5506.47,23.92,28.0,55.0,,0.1831,0.2350520348663485,-27.0,2.95,,0.3966352156479268,-0.0383640448115174,1.367663804852845,,0.7722000309637093,0.624533751663241
2025-03-31,23119.58,5394.72,24.93,24.0,56.0,,0.1469,0.2333398790116429,-32.0,0.75,,0.1966272484859518,0.1931132144032438,1.24409952270101,,-0.480725235404252,0.2882786875464884
2025-04-01,23206.84,5407.38,24.14,60.0,21.0,,0.1427,0.2330080269437803,39.0,2.55,,0.3595837004592175,0.0114972475620085,1.2162528148070104,,-0.6249676212234682,0.240591535401192
2025-04-02,23202.53,5426.44,24.18,51.0,29.0,,0.1294,0.2338727716330934,22.0,0.05,,0.1317786113062716,0.0206734583581589,1.2705267517346197,,-1.0828513378860063,0.0850318708782609
2025-04-03,22849.81,5313.26,24.78,19.0,62.0,,0.1631,0.2325297234419017,-43.0,-4.8,,-0.3098922797005843,0.1587806185006576,1.173401270654853,,0.0866010636228551,0.2772226682694452
2025-04-07,19828.3,4401.51,47.0,0.0,83.0,,0.166,0.2219812086764876,-83.0,-9.0,,-0.6917471923773698,5.05982081269342,0.4456856184725191,,0.1870975234900279,1.2502141905696496
2025-04-08,20127.68,4568.38,39.13,54.0,28.0,,0.2027,0.2269700233708008,26.0,-5.8,,-0.3985363882533287,3.253724113104914,0.7878335672768283,,1.457474066537025,1.2751238396663596
2025-04-09,20264.49,4689.19,39.77,47.0,32.0,,0.2126,0.2313993591745955,15.0,-6.4,,-0.4525625924478118,3.327259134469557,1.0897914188861275,,1.789352701566769,1.4384601656186604
2025-04-10,20681.78,4813.74,37.43,77.0,6.0,,0.1954,0.2327526934335439,71.0,-1.05,,0.0376313845484353,2.7854665103087832,1.1786821934336211,,1.18912564688443,1.2977264337938177
2025-04-11,20914.69,4900.43,39.3,56.0,24.0,,0.1688,0.2343056483266068,32.0,2.2,,0.3353292701589441,3.1274225937644293,1.280394405073524,,0.2681596370505507,1.252826476511862
2025-04-14,21417.4,5015.12,34.63,78.0,5.0,,0.1742,0.2341610092728342,73.0,3.5,,0.4539396611029076,2.131330116292845,1.265189938077145,,0.45443348743434,1.0762233007268094
2025-04-15,21466.27,4981.6,30.47,38.0,39.0,,0.1757,0.2320663999847202,-1.0,2.1,,0.3245192561364088,1.260639507454001,1.1170263076161149,,0.5054770904507964,0.8019155404143303
2025-04-16,21056.98,4796.28,31.59,19.0,62.0,,0.1521,0.227776252814981,-43.0,-3.25,,-0.1682850547066068,1.4858906084396328,0.819668923809358,,-0.3138758451665718,0.455849658093953
2025-04-17,21395.14,4887.37,30.79,74.0,6.0,,0.1413,0.2284336536241408,68.0,-0.4,,0.0946394528005408,1.3142673302611725,0.8625587033903822,,-0.6880186868214316,0.3958616999076658
2025-04-22,21562.32,4899.21,29.75,63.0,18.0,,0.1487,0.2272116358536558,45.0,4.75,,0.5695754175168798,1.0949748746972057,0.7764460457516944,,-0.4295527471175194,0.5028608977120651
2025-04-23,22072.62,5049.4,28.62,67.0,15.0,,0.1472,0.2287630557677339,52.0,10.75,,1.1208769388261013,0.8585560390722122,0.8809118849385474,,-0.4809213460208872,0.5948558792039935
2025-04-24,21909.76,4975.89,28.65,26.0,54.0,,0.1499,0.2271083754454636,-28.0,9.2,,0.974479426706408,0.8624284914587574,0.7649536621012083,,-0.385981727469357,0.5539699631992543
2025-04-25,21980.74,4982.96,28.07,52.0,29.0,,0.1338,0.2266966444259838,23.0,12.95,,1.315763287186437,0.7404007321434078,0.7347941116882324,,-0.9459238720091182,0.4612585647522398
2025-04-28,21971.96,4988.94,27.84,38.0,37.0,,0.1431,0.2270593975230248,1.0,11.85,,1.2094274621031775,0.6911019746568503,0.7579865036888824,,-0.6194811820113071,0.5097586896094009
2025-04-29,22008.11,5019.73,26.48,47.0,33.0,,0.1278,0.2280854648581818,14.0,11.2,,1.1452565913675905,0.4079851306411369,0.826713113940545,,-1.150703092797814,0.3073129357878645
2025-04-30,22119.41,5087.42,26.53,59.0,24.0,,0.1299,0.2299979972341034,35.0,14.3,,1.424637841046688,0.4176259010127147,0.956067165762182,,-1.0736842897748389,0.4311616545116866
2025-05-02,22504.68,5244.06,27.4,69.0,9.0,,0.1705,0.2330208649934147,60.0,18.9,,1.8359837384727424,0.5974857039375158,1.1608119997432995,,0.3453154009518996,0.9848992107763644
2025-05-06,22662.71,5239.5,27.15,49.0,33.0,,0.1291,0.2311947688515628,16.0,17.75,,1.719801347021593,0.5443145027769443,1.0314040683397614,,-1.1004707867716474,0.5487622828416627
2025-05-07,22691.88,5200.04,27.49,50.0,30.0,,0.1287,0.2291586241422041,20.0,17.65,,1.7003765759160288,0.6139474909313941,0.8883351778427022,,-1.1106701508032388,0.5229972734717214
2025-05-08,22775.92,5228.91,27.02,43.0,38.0,,0.1364,0.2295806272589647,5.0,20.05,,1.9057191167054317,0.5148260233645489,0.9149362489292044,,-0.8390775620406768,0.624100956739627
2025-05-09,22867.74,5180.25,27.04,46.0,36.0,,0.1313,0.2265309121058749,10.0,24.7,,2.305756658176542,0.5180111760244503,0.7025730636701356,,-1.0144652065860529,0.6279689228212686
2025-05-12,23549.46,5447.35,27.11,72.0,9.0,,0.1322,0.2313152828132789,63.0,26.55,,2.44631127773778,0.5316291292216224,1.0302709442048816,,-0.980047701235144,0.7570409124822851
2025-05-13,23108.27,5269.66,25.11,16.0,61.0,,0.1317,0.2280421684531122,-45.0,23.55,,2.1587289136172556,0.1124943619058492,0.8019220422109766,,-0.9945570269121632,0.5196470727054796
2025-05-14,23640.65,5381.78,25.43,76.0,4.0,,0.1218,0.2276494089629515,72.0,23.6,,2.144750583308608,0.1793503251922533,0.7728900981645739,,-1.3354873195316266,0.4403759217834522
2025-05-15,23453.16,5297.84,24.56,19.0,63.0,,0.1446,0.2258902425088986,-44.0,19.8,,1.7965021296589616,-0.0034293984801911,0.6497073555101938,,-0.5372879859301075,0.4763730251897142
2025-05-16,23345.05,5281.34,23.66,32.0,48.0,,0.1363,0.2262295433078961,-16.0,15.35,,1.3973329767731748,-0.1925022622313189,0.6717642968443435,,-0.8257110336219465,0.2627209944410632
2025-05-19,23332.72,5255.06,23.87,37.0,45.0,,0.1552,0.2252227772844315,-8.0,15.0,,1.3606117044112325,-0.1480273792439262,0.6007251794100656,,-0.1636393512663587,0.4124175383277533
2025-05-20,23681.48,5315.56,24.02,68.0,11.0,,0.1419,0.2244606333725764,57.0,20.0,,1.7895141553919411,-0.1161997097535876,0.5467641890703929,,-0.6287355890657202,0.3978357614107565
2025-05-21,23827.78,5342.41,23.66,54.0,25.0,,0.1638,0.2242093052730888,29.0,18.05,,1.609683426436585,-0.1919838897589865,0.5282995999538027,,0.139727685435225,0.5214317055166565
2025-05-22,23544.31,5251.75,23.71,16.0,63.0,,0.1643,0.2230581401621028,-47.0,13.45,,1.202550758999453,-0.1811266658816762,0.4474268371236207,,0.1570649273129884,0.4064789643885965
2025-05-23,23601.26,5246.87,23.07,42.0,38.0,,0.1515,0.22231313073963,4.0,11.05,,0.989652131347669,-0.31625152289319,0.394868126865403,,-0.2930386160295132,0.1938075298225922
2025-05-26,23282.33,5157.65,24.27,24.0,54.0,,0.1637,0.2215263678506403,-30.0,10.95,,0.9780595367436145,-0.0615069559013429,0.339449626142995,,0.1367870933628799,0.3481973250870366
2025-05-27,23381.99,5182.6,23.4,51.0,28.0,,0.1333,0.2216492266056054,23.0,10.95,,0.975240892843992,-0.2460194489519471,0.3474590503189275,,-0.9337435354235284,0.035734239696861
2025-05-28,23258.31,5174.64,22.74,40.0,40.0,,0.1502,0.2224856406161926,0.0,10.9,,0.968095857125819,-0.3858302277196167,0.4052481667627586,,-0.3365293125483257,0.1627461209051588
2025-05-29,23573.38,5301.92,22.89,65.0,15.0,,0.1518,0.2249113194628856,50.0,12.7,,1.1218846825740376,-0.3532913575655886,0.5739332151096485,,-0.279527923921978,0.2657496540490298
2025-05-30,23289.77,5170.43,23.05,21.0,60.0,,0.1362,0.2220043392442261,-39.0,9.0,,0.796303500247363,-0.3186472899789792,0.3696421696043165,,-0.8297131748463787,0.0043963012565803
2025-06-02,23157.97,5134.11,24.58,23.0,58.0,,0.2091,0.2216994840221314,-35.0,4.25,,0.3799216180652334,0.0081874321721396,0.3476923569622057,,1.7417855574041603,0.6193967411509348
2025-06-03,23512.49,5189.49,24.76,70.0,11.0,,0.1572,0.2207120555925807,59.0,6.4,,0.5672438475835279,0.0466282048472591,0.2779010371133529,,-0.0906632803051964,0.2002774523097358
2025-06-04,23654.03,5219.02,23.71,55.0,24.0,,0.1551,0.220639781043653,31.0,6.95,,0.614260820778181,-0.1780610971185924,0.2723973112107993,,-0.1646765849252194,0.1359801124862921
2025-06-05,23906.97,5319.96,23.35,60.0,21.0,,0.1501,0.2225275725029144,39.0,8.65,,0.7617762991823647,-0.2549063817757482,0.4046800998336863,,-0.341179293648483,0.1425926808979549
2025-06-06,23792.54,5286.52,22.5,32.0,44.0,,0.1459,0.2221923342358571,-12.0,7.55,,0.6637549939066643,-0.4367657209930923,0.3804191421371651,,-0.4892212057924558,0.0295468023145703
2025-06-09,24181.43,5433.23,23.2,64.0,18.0,,0.1374,0.2246860504114107,46.0,6.7,,0.5878791574017507,-0.2857738064127598,0.555441224328049,,-0.7890850920239549,0.0171153708232712
2025-06-10,24162.87,5392.19,23.41,45.0,37.0,,0.1398,0.2231601626793505,8.0,9.35,,0.8191307503229339,-0.2401885816837881,0.4468457679336294,,-0.7023605705817169,0.0808568414977645
2025-06-11,24366.94,5451.2,23.17,59.0,22.0,,0.1389,0.2237129487740356,37.0,7.6,,0.6636754843398444,-0.2914952058564617,0.4851067731015964,,-0.7327444286579984,0.0311356557317451
2025-06-12,24035.38,5331.33,22.88,29.0,53.0,,0.1277,0.2218117624934575,-24.0,8.6,,0.7501192427555623,-0.3535511560185183,0.3498977888013762,,-1.127397357330678,-0.0952328704480645
2025-06-13,23892.56,5239.71,23.33,34.0,49.0,,0.1457,0.2193029964139464,-15.0,8.65,,0.7528468388704079,-0.2558823477204806,0.1717415827437349,,-0.4866926474143762,0.0455033566198214
2025-06-16,24060.99,5299.91,22.43,51.0,27.0,,0.1302,0.2202698226465328,24.0,10.25,,0.8917357603856045,-0.4499486065971728,0.2400406605542109,,-1.035246125176842,-0.0883545777085497
2025-06-17,23980.3,5291.85,22.09,29.0,53.0,,0.1262,0.2206748873033281,-24.0,6.2,,0.5333386339851871,-0.5226998877140464,0.2684399653299122,,-1.1736465167806351,-0.2236419512948955
2025-06-18,23710.69,5214.41,21.72,12.0,71.0,,0.153,0.2199181044499337,-59.0,1.8,,0.1444219549480085,-0.6018210606501554,0.2142462356993729,,-0.2202366923247986,-0.1158473905818931
2025-06-19,23237.74,5088.32,22.54,2.0,83.0,,0.1487,0.2189679375016675,-81.0,0.1,,-0.0059600575877934,-0.4230811517025159,0.1462987806815841,,-0.3727681961224559,-0.1638776561827952
2025-06-20,23530.48,5133.14,21.45,66.0,11.0,,0.1688,0.218148546056009,55.0,2.65,,0.2196198972677451,-0.658709458789752,0.0876803898095108,,0.343324136643243,-0.0020212587673132
2025-06-23,23689.13,5187.01,21.59,58.0,23.0,,0.1534,0.2189616081299735,35.0,5.9,,0.5070276281993594,-0.6270427735641861,0.1455984385462362,,-0.2061087364181301,-0.0451313608091801
2025-06-24,24177.07,5297.96,21.16,75.0,7.0,,0.1419,0.2191315986593909,68.0,8.15,,0.7053517304593075,-0.7191588169587511,0.1575442534625831,,-0.6159907204073501,-0.1180633883610526
2025-06-25,24474.67,5359.02,21.53,70.0,11.0,,0.1132,0.2189618899866678,59.0,11.1,,0.9648965259044826,-0.6373108015711985,0.1451753539032766,,-1.6344027120455211,-0.2904104084522401
2025-06-26,24325.4,5345.16,21.09,31.0,50.0,,0.1058,0.2197357494635237,-19.0,7.65,,0.6569874576404691,-0.7317098012272293,0.2004347378345403,,-1.886595250245678,-0.4402207139994745
2025-06-27,24284.15,5341.43,20.38,33.0,45.0,,0.1237,0.2199554030097821,-12.0,9.0,,0.7753364166171742,-0.8844637668489032,0.2159122849845769,,-1.245598875951926,-0.2847034852997695
2025-06-30,24072.28,5302.82,20.16,21.0,61.0,,0.1029,0.2202874011103227,-40.0,8.75,,0.7514642890210916,-0.930107425621272,0.2394590741785321,,-1.9714982468189393,-0.4776705773101468
2025-07-02,24221.41,5269.11,20.31,68.0,15.0,,0.1263,0.2175393587739111,53.0,8.45,,0.723233688404495,-0.8951642970264744,0.041383323488135,,-1.139625976011741,-0.3175433152863964
2025-07-03,24069.94,5233.71,20.13,51.0,31.0,,0.1218,0.217437600592274,20.0,7.9,,0.6728851457683965,-0.9320985210108,0.0339946236082304,,-1.2941171954709396,-0.3798339867762781
2025-07-04,23916.06,5216.26,20.16,27.0,58.0,,0.1036,0.2181069958847736,-31.0,4.4,,0.360241377713783,-0.9232270730513972,0.082249059608687,,-1.9250833447483937,-0.6014549951193302
2025-07-07,23887.83,5229.56,20.19,28.0,49.0,,0.1448,0.2189215177770438,-21.0,3.95,,0.3195872292043186,-0.9144028561403142,0.1409865834083471,,-0.4732848124195849,-0.2317784639868083
2025-07-08,24148.07,5325.95,20.35,55.0,28.0,,0.1218,0.2205538579273623,27.0,3.0,,0.2343366312099058,-0.87735132331217,0.2588727469403604,,-1.279594806056624,-0.4159341878046319
2025-07-09,23892.32,5231.99,19.93,23.0,62.0,,0.1314,0.218982082945482,-39.0,0.65,,0.0239833917421678,-0.9666257166571468,0.1446608427525748,,-0.9390489303055304,-0.4342576031169836
2025-07-10,24028.37,5216.6,20.22,51.0,33.0,,0.1181,0.2171017010309064,18.0,-0.3,,-0.0610722214740989,-0.9010505048862382,0.0080713874222883,,-1.4020098879980247,-0.5890153067340184
2025-07-11,24139.57,5248.48,21.49,46.0,35.0,,0.1033,0.2174222655995943,11.0,1.45,,0.0958430320366943,-0.6222463039930871,0.0313443718065777,,-1.9107501765920831,-0.6014522691854746
2025-07-14,24203.32,5283.5,21.4,53.0,27.0,,0.1266,0.2182964981663672,26.0,3.5,,0.2796510546875266,-0.6407331553445303,0.0948852574916038,,-1.090678500012528,-0.339218835794482
2025-07-15,24590.12,5431.29,22.95,58.0,26.0,,0.1237,0.2208728546261669,32.0,3.9,,0.3151744176041714,-0.3008897428790139,0.2823582379362213,,-1.1884919633872186,-0.2229622626814599
2025-07-16,24517.76,5418.4,22.19,28.0,54.0,,0.1245,0.2209989819624631,-26.0,3.8,,0.3057184274291163,-0.4667561554940557,0.2911485288648205,,-1.1568631188032097,-0.2566880795008321
2025-07-17,24498.95,5448.85,21.61,43.0,40.0,,0.1141,0.2224115727408726,3.0,6.9,,0.5842606152607177,-0.5929851506241165,0.3938098374398434,,-1.5143737380537166,-0.282322108994318
2025-07-18,24825.66,5538.83,22.15,68.0,15.0,,0.1206,0.2231090734345028,53.0,13.6,,1.185258115672124,-0.4736082549894338,0.4441538940271707,,-1.282672101296774,-0.0317170866467282
2025-07-21,24994.14,5585.5,22.58,58.0,24.0,,0.117,0.2234723819263235,34.0,12.55,,1.0873657309425613,-0.3784922011494757,0.4700152427301891,,-1.4028876675011814,-0.0559997237444766
2025-07-22,25130.03,5606.83,22.53,62.0,19.0,,0.1187,0.2231127459855798,43.0,12.95,,1.1200895468289458,-0.3889110404653587,0.4429459192023302,,-1.3386609560090013,-0.041134132610771
2025-07-23,25538.07,5745.74,23.28,67.0,17.0,,0.1105,0.2249872445333574,50.0,12.05,,1.0360931213093003,-0.2233275100235831,0.5795451344911021,,-1.61666916393993,-0.0560896045407776
2025-07-24,25667.18,5743.0,22.93,55.0,28.0,,0.1107,0.2237487717778112,27.0,10.45,,0.8897351523377635,-0.3001256356741738,0.4877581295476515,,-1.6022019373353966,-0.1312085727810388
2025-07-25,25388.35,5677.9,22.59,20.0,63.0,,0.1176,0.2236419460106702,-43.0,9.25,,0.7798648003534252,-0.3746771293421735,0.4791341850225694,,-1.3577393189718527,-0.1183543657345079
2025-07-28,25562.13,5664.02,22.99,52.0,27.0,,0.1277,0.2215785617239252,25.0,11.1,,0.9444408834733988,-0.2858150887047661,0.3267513608163311,,-1.005056293561976,-0.004919784494253
2025-07-29,25524.45,5644.38,22.07,49.0,30.0,,0.1283,0.2211362046978485,19.0,14.05,,1.2067649340895548,-0.4887330601204959,0.2937326726164084,,-0.9817546588947624,0.0075024719226762
2025-07-30,25176.93,5490.76,21.06,32.0,49.0,,0.1353,0.2180869550020594,-17.0,10.55,,0.889030160695453,-0.7111986665387403,0.0686215276217526,,-0.7376638397231237,-0.1228027044861645
2025-07-31,24773.33,5453.14,21.36,10.0,74.0,,0.1413,0.2201213966794129,-64.0,6.35,,0.5093065062883112,-0.643493525252218,0.2186528359997739,,-0.5287120180260185,-0.1110615502475378
2025-08-01,24507.81,5397.4,21.35,13.0,72.0,,0.1429,0.2202318363003466,-59.0,4.95,,0.3823197982985548,-0.6445401284161284,0.2265173800065421,,-0.4724284927638733,-0.1270328607187262
2025-08-04,24733.45,5481.25,21.47,58.0,25.0,,0.1738,0.2216128360580509,33.0,7.65,,0.6252689607820484,-0.6167954782053057,0.3283439383898054,,0.600191547547824,0.234252242128593
2025-08-05,24902.53,5521.07,20.5,61.0,21.0,,0.1634,0.2217071920001702,40.0,8.3,,0.6827805020467004,-0.8306147545129721,0.3348649776213562,,0.2382079120309906,0.1063096592965187
2025-08-06,24910.63,5532.17,20.39,35.0,47.0,,0.1567,0.222080694065144,-12.0,9.65,,0.8032943523173477,-0.8531937674348439,0.3620716960825108,,0.0049268717504975,0.079274788178878
2025-08-07,25081.63,5546.73,20.65,66.0,18.0,,0.143,0.2211471104549425,48.0,11.15,,0.9368902976242418,-0.7937103219563113,0.292282035936526,,-0.4719414308868178,-0.0091198548205903
2025-08-08,24858.82,5460.3,20.53,33.0,49.0,,0.1403,0.2196524211527337,-16.0,9.8,,0.81286599778579,-0.8186802392150437,0.1808270630816157,,-0.5652122059323923,-0.0975498460700075
2025-08-11,24906.81,5460.02,20.68,50.0,33.0,,0.1344,0.2192179568559763,17.0,9.35,,0.7705131338551028,-0.783681367567675,0.1482677200906426,,-0.769721101572111,-0.1586554037985101
2025-08-12,24969.68,5439.16,19.71,55.0,28.0,,0.136,0.2178305849334072,27.0,9.1,,0.7463619135743216,-0.9972376911573714,0.0447239022772297,,-0.7124501827800372,-0.2296505145214643
2025-08-13,25613.67,5630.78,21.17,79.0,5.0,,0.1333,0.2198349553187809,74.0,14.1,,1.196274919101007,-0.670791245596508,0.1941691662012673,,-0.805181665564385,-0.0213822064646546
2025-08-14,25519.32,5576.03,20.58,35.0,48.0,,0.1318,0.2185022955157112,-13.0,13.3,,1.120522708849855,-0.8006554740178206,0.0943976991274865,,-0.8557852778814494,-0.1103800859804821
2025-08-15,25270.07,5543.17,19.7,25.0,60.0,,0.1634,0.2193571288089031,-35.0,8.9,,0.720302927940152,-0.9944212450277624,0.1581957589095529,,0.2496659265890728,0.0334358421027538
2025-08-18,25176.85,5579.18,20.45,31.0,52.0,,0.1363,0.2215996043984851,-21.0,6.15,,0.4701553352134369,-0.8254273477306997,0.3258439466211027,,-0.6984626369556787,-0.1819726757129597
2025-08-19,25122.9,5542.03,19.83,38.0,43.0,,0.1421,0.2205967463947235,-5.0,3.75,,0.2519260844645988,-0.9614392370455525,0.2502532276432199,,-0.4943644253027291,-0.2384060875601156
2025-08-20,25165.94,5541.27,19.44,45.0,33.0,,0.1412,0.2201892716902289,12.0,1.85,,0.079124979762123,-1.0457289381943151,0.2193528419089843,,-0.5251100919320631,-0.3180903021138178
2025-08-21,25104.61,5498.5,19.06,42.0,42.0,,0.1661,0.2190235179913171,0.0,0.5,,-0.0436820093825424,-1.1273224360126632,0.1314973863716451,,0.3489285927361776,-0.1726446165718457
2025-08-22,25339.14,5647.68,20.13,50.0,30.0,,0.1443,0.2228836495634816,20.0,3.65,,0.2430322866812824,-0.8867324308939049,0.4216011910210553,,-0.4169486367580054,-0.1597618974873931
2025-08-25,25829.91,5825.09,21.85,72.0,12.0,,0.1347,0.2255172395103196,60.0,5.4,,0.4021018210459989,-0.5022665838941646,0.6190890855208568,,-0.7533664123324085,-0.0586105224149293
2025-08-26,25524.92,5782.24,20.41,18.0,66.0,,0.1516,0.2265331291929612,-48.0,2.05,,0.0960430638265991,-0.8220933667023519,0.6944667026368313,,-0.1580397696786358,-0.0474058424793893
2025-08-27,25201.76,5697.53,19.97,10.0,74.0,,0.1515,0.2260766708356876,-64.0,-0.3,,-0.1186854135519729,-0.918294589769064,0.6588455002780581,,-0.1613616860375787,-0.1348740472701394
2025-08-28,24998.82,5644.02,20.04,40.0,42.0,,0.1586,0.2257714564127427,-2.0,2.8,,0.1649072757977088,-0.9006549105222019,0.6346961117520658,,0.0891524759007682,-0.0029747617679147
2025-08-29,25077.62,5674.31,21.02,52.0,32.0,,0.1368,0.2262698772850055,20.0,6.75,,0.5261320476412152,-0.6804437334940147,0.6711875036947956,,-0.6800886472939485,-0.040803207362988
2025-09-01,25617.42,5798.96,21.6,63.0,21.0,,0.1355,0.226367838759719,42.0,7.2,,0.5664939649476959,-0.5498769258701384,0.6773931616698294,,-0.7247119755620318,-0.0076754437036612
2025-09-02,25496.55,5728.46,20.98,23.0,59.0,,0.1486,0.2246758875220373,-36.0,3.4,,0.2173077626477584,-0.6874008811700189,0.5484397659441825,,-0.2608170715605896,-0.0456176060346668
2025-09-03,25343.43,5683.74,20.93,27.0,58.0,,0.1587,0.2242687749842858,-31.0,2.45,,0.1298173649663122,-0.6973398452211927,0.5167994045306676,,0.0968675937644285,0.0115361295100539
2025-09-04,25058.51,5578.86,20.62,27.0,56.0,,0.1314,0.2226333489102105,-29.0,-1.4,,-0.2242321411803625,-0.7653353065177546,0.3922300047461754,,-0.8695748292829539,-0.3667280680587239
2025-09-05,25417.98,5687.45,20.41,76.0,7.0,,0.1328,0.2237569625910477,69.0,2.85,,0.1671637595334868,-0.8107921403714733,0.4768191967515189,,-0.8182491064587089,-0.2462645726362941
2025-09-08,25633.91,5753.75,20.16,58.0,23.0,,0.1343,0.2244585394892936,35.0,3.75,,0.2498673959528778,-0.8650402341308291,0.5293106815189892,,-0.7635487124487157,-0.2123527172769194
2025-09-09,25938.13,5828.74,20.34,60.0,26.0,,0.1501,0.2247170478365248,34.0,4.1,,0.2818232400055522,-0.8229963503654618,0.5481132315126598,,-0.2022197443419768,-0.0488199057973066
2025-09-10,26200.26,5902.69,20.73,65.0,21.0,,0.1388,0.2252912757354316,44.0,2.6,,0.1429569783629736,-0.7341095194350234,0.5908633110613349,,-0.6029703708822117,-0.1508149002232316
2025-09-11,26086.32,5888.77,21.18,39.0,38.0,,0.1403,0.2257416914306042,1.0,3.3,,0.2074943195374039,-0.6319976433299929,0.6241347814880829,,-0.548745430407686,-0.087278493178048
2025-09-12,26388.16,5989.27,21.47,55.0,27.0,,0.1306,0.2269680796235887,28.0,6.45,,0.4986746414517309,-0.5659357570259259,0.7163252158275073,,-0.8922345629658992,-0.0607926156781467
2025-09-15,26446.56,6043.61,21.66,33.0,52.0,,0.1204,0.228521592222202,-19.0,6.55,,0.5071843507224167,-0.5224118527579027,0.833132567405945,,-1.2516921283658964,-0.1084467657488593
2025-09-16,26438.51,6077.66,21.47,35.0,50.0,,0.1131,0.229879066558592,-15.0,6.05,,0.4600946332488444,-0.5642975587561322,0.9346250006913308,,-1.505647656411617,-0.1688063953068934
2025-09-17,26908.39,6334.24,22.46,60.0,25.0,,0.1108,0.235400185592672,35.0,7.2,,0.5660706115233959,-0.3408164461357226,1.3514061145203355,,-1.5807939203276484,-0.0010334101049099
2025-09-18,26544.85,6271.22,21.79,8.0,78.0,,0.1149,0.2362499693914262,-70.0,3.7,,0.2402468639860402,-0.491193687015758,1.4111849189540346,,-1.430166733887959,-0.0674821594909105
2025-09-19,26545.1,6294.42,21.0,42.0,44.0,,0.1309,0.2371217286806228,-2.0,2.6,,0.1376585239688339,-0.6683728860337355,1.472049977617666,,-0.8614844999881062,0.0199627788911646
2025-09-22,26344.14,6257.91,21.62,17.0,70.0,,0.1463,0.2375446683778631,-53.0,-3.05,,-0.3884984390923579,-0.5275413913533854,1.4984696072111323,,-0.3152629057931771,0.0667917177430529
2025-09-23,26159.12,6167.06,20.59,18.0,67.0,,0.1461,0.2357518142812144,-49.0,-3.1,,-0.3926273482497405,-0.758978206414162,1.3577977090401023,,-0.3219410677413833,-0.0289372283412958
2025-09-24,26518.65,6323.15,21.38,49.0,36.0,,0.1604,0.2384416250450154,13.0,0.75,,-0.0329736000426339,-0.5793963513331976,1.555574458168205,,0.1857323789815,0.2822342214434684
2025-09-25,26484.68,6379.19,20.43,25.0,62.0,,0.1589,0.2408633972545637,-37.0,-1.0,,-0.1963873480684758,-0.7929168702021105,1.7308475410447488,,0.1322384756539575,0.2184454496070299
2025-09-26,26128.2,6195.11,20.2,30.0,55.0,,0.1434,0.2371043546819145,-25.0,-3.25,,-0.4064811570139812,-0.8433162382347643,1.4416694292858216,,-0.4189631993130179,-0.0567727913189854
2025-09-29,26622.88,6324.25,21.12,78.0,9.0,,0.1563,0.2375494311659745,69.0,-1.9,,-0.279612942815694,-0.6338836497168565,1.4698330058755096,,0.0406519938491819,0.1492471017980352
2025-09-30,26855.56,6465.66,21.22,58.0,28.0,,0.1263,0.2407568488610924,30.0,1.4,,0.0299440756273147,-0.6102441917134895,1.7037653216474051,,-1.027116576905064,0.0240871571640415
2025-10-02,27287.12,6682.86,21.65,60.0,25.0,,0.1664,0.2449089533816687,35.0,4.7,,0.339456063026934,-0.5119539893399218,2.004222533177294,,0.4027803646605073,0.5586262428812033
2025-10-03,27140.92,6622.85,21.03,24.0,63.0,,0.1908,0.2440171519609505,-39.0,4.2,,0.292075528539533,-0.6516443833703408,1.926861145781812,,1.2701674072377012,0.7093649245471763
2025-10-06,26957.77,6550.3,20.86,16.0,71.0,,0.1775,0.2429837482848173,-55.0,-2.0,,-0.2911177997103161,-0.6890950082945805,1.8403321477308376,,0.7941148301005743,0.4135585424566287
2025-10-08,26829.46,6514.19,21.39,32.0,53.0,,0.1919,0.2427998923571327,-21.0,-4.8,,-0.5541013248942933,-0.5677503293669093,1.817601430606458,,1.3040716869935371,0.4999553658346982
2025-10-09,26752.59,6471.34,21.91,62.0,26.0,,0.1273,0.2418958313942687,36.0,-4.7,,-0.5438558954262919,-0.4488316139541017,1.742346636046523,,-0.9977328246140506,-0.0620184244869803
2025-10-10,26290.32,6259.75,22.21,38.0,47.0,,0.1303,0.2381009436172705,-9.0,-7.35,,-0.7924594763464056,-0.3800214777019048,1.45591259664394,,-0.8889049130109996,-0.1513683176038425
2025-10-13,25889.48,6145.51,26.3,19.0,63.0,,0.1514,0.2373747947042582,-44.0,-9.6,,-1.0025756187796404,0.551398409948499,1.3974467164997608,,-0.1359889568022796,0.2025701377165849
2025-10-14,25441.35,5923.26,27.22,19.0,68.0,,0.1599,0.2328201923246997,-49.0,-13.45,,-1.3615938580046252,0.7598961221766173,1.0581715583116498,,0.1673986062598329,0.1559681071858687
2025-10-15,25910.6,6075.27,25.03,81.0,5.0,,0.1593,0.2344704483879185,76.0,-8.7,,-0.9116506834789224,0.2597750622728161,1.176960395744477,,0.1457759214308356,0.1677151739923016
2025-10-16,25888.51,6003.56,25.87,46.0,40.0,,0.1664,0.2319005612914764,6.0,-7.65,,-0.8110548626695955,0.4510691760186152,0.9848794786571256,,0.3993956869003557,0.2560723697266252
2025-10-17,25247.1,5760.38,28.88,9.0,77.0,,0.1664,0.2281600659085598,-68.0,-12.8,,-1.293139235720905,1.1364145735399516,0.7072996794763989,,0.3988716564911941,0.2373616684466599
2025-10-20,25858.83,5933.17,25.48,78.0,10.0,,0.1495,0.22944464231367,68.0,-5.9,,-0.6414140291000605,0.3587395308746505,0.8007842689577525,,-0.2069770769413061,0.077783173447759
2025-10-21,26027.55,6007.94,24.71,56.0,28.0,,0.1482,0.230830024339594,28.0,-4.4,,-0.4991557235727412,0.1823374595815604,0.9014055026319616,,-0.253345889158756,0.0828103373705062
2025-10-22,25781.77,5923.09,24.03,20.0,66.0,,0.1665,0.2297394631943423,-46.0,-4.05,,-0.4654573408140905,0.0265419638635567,0.8191919221049251,,0.4038306265164528,0.196026792917711
2025-10-23,25967.98,5951.45,24.71,61.0,27.0,,0.1691,0.2291841721997629,34.0,0.1,,-0.0730715216039086,0.1822714063294224,0.7767023327682363,,0.4966674714616609,0.3456424222388528
2025-10-24,26160.15,6059.89,25.07,61.0,22.0,,0.1577,0.2316458430093099,39.0,1.4,,0.0499002655600786,0.2646009884972392,0.9569004076576134,,0.0861196911025647,0.339380338204374
2025-10-27,26433.7,6171.08,24.08,60.0,26.0,,0.1548,0.2334550214309763,34.0,4.95,,0.3857410904954821,0.0370464633051124,1.0881993045700946,,-0.0183887289992835,0.3731495323428513
2025-10-28,26346.14,6093.44,23.22,30.0,57.0,,0.1332,0.231283975565301,-27.0,4.85,,0.3757759738233273,-0.1606279758582765,0.9255686559534614,,-0.7963663216995472,0.0860875830547412
2025-10-30,26282.69,6051.76,21.89,24.0,63.0,,0.1549,0.230256492010521,-39.0,-0.55,,-0.1366670648427468,-0.4663184905538527,0.8478751108191204,,-0.0129941947133994,0.0579738401772803
2025-10-31,25906.65,5908.08,21.1,25.0,61.0,,0.135,0.2280526428542478,-36.0,-3.85,,-0.4496619034623197,-0.6474079845824873,0.683543013060021,,-0.7309258307666948,-0.2861131764378702
2025-11-03,26158.36,5922.48,21.14,62.0,26.0,,0.1621,0.2264086892297529,36.0,-3.8,,-0.4443125176669574,-0.6371902323512081,0.5609022423960311,,0.2486701888002858,-0.0679825797054621
2025-11-04,25952.4,5818.29,21.26,28.0,58.0,,0.1798,0.2241908262819623,-30.0,-3.35,,-0.4009544119105374,-0.6085717456777582,0.3959178077909727,,0.8875798112181464,0.0684928653552058
2025-11-05,25935.41,5785.85,21.76,46.0,37.0,,0.171,0.2230868916280868,9.0,-0.15,,-0.0959226225754645,-0.492409890847634,0.3135935177146541,,0.5681528072326372,0.0733534528810481
2025-11-06,26485.9,5944.22,20.95,83.0,4.0,,0.1575,0.2244296021656806,79.0,4.85,,0.3805629232381047,-0.6785673703483497,0.4128310309208713,,0.0789430477539162,0.0484424078911356
2025-11-07,26241.83,5837.36,21.53,34.0,49.0,,0.1723,0.222444852359763,-15.0,2.3,,0.1369243808598519,-0.5436379188378366,0.2649117533073196,,0.6148214956299143,0.1182549277398122
2025-11-10,26649.06,5915.56,21.64,78.0,9.0,,0.1557,0.2219800623361574,69.0,6.2,,0.5090088403839846,-0.5174570169278884,0.2300445780419138,,0.0122999819253702,0.058474095855845
2025-11-11,26696.41,5924.39,21.3,53.0,31.0,,0.1576,0.2219171042098919,22.0,9.5,,0.8231838821557169,-0.5953442268199519,0.2250946040996809,,0.0812478762386665,0.1335455339185281
2025-11-12,26922.73,5933.99,20.29,71.0,17.0,,0.1634,0.2204081829740148,54.0,14.65,,1.31210312049456,-0.8279736870452261,0.1124030139334639,,0.2918766742876155,0.2221022804176033
2025-11-13,27073.03,5981.3,20.74,50.0,35.0,,0.1556,0.2209320493494817,15.0,11.6,,1.0181759548923803,-0.7224181994071577,0.1513579956412291,,0.0078607042180677,0.1137441138361298
2025-11-14,26572.46,5812.8,21.13,12.0,72.0,,0.1706,0.2187527989504923,-60.0,8.3,,0.7014874398708655,-0.630969016809764,-0.0115521609037611,,0.5538367805166755,0.1532007606685039
2025-11-17,26384.28,5756.88,21.33,20.0,62.0,,0.1834,0.2181935607111507,-42.0,9.6,,0.824348829657608,-0.5836855632462454,-0.0533487501432298,,1.0185055387296582,0.3014550137494477
2025-11-18,25930.03,5645.73,22.44,6.0,82.0,,0.1712,0.2177294048637814,-76.0,2.4,,0.1351199733942638,-0.3253906997153562,-0.0880287798522294,,0.5726666629981403,0.0735917892062046
2025-11-19,25830.65,5606.9,21.94,34.0,53.0,,0.1768,0.2170638369533867,-19.0,0.05,,-0.0899296725568195,-0.4411091538267039,-0.1377970551841488,,0.7757421518478732,0.0267265675700502
2025-11-20,25835.57,5574.59,20.86,55.0,31.0,,0.1821,0.2157718989749403,24.0,3.55,,0.2454765107572732,-0.6914059251624695,-0.2345325550506977,,0.9672725394201512,0.0717026424910643
2025-11-21,25220.02,5395.49,23.31,4.0,83.0,,0.1678,0.2139367851413282,-79.0,-2.1,,-0.2966232283428101,-0.1206590913786714,-0.372002464888099,,0.4444457656090813,-0.0862097547501248
2025-11-24,25716.5,5545.56,21.34,79.0,9.0,,0.1679,0.2156420974860498,70.0,-0.55,,-0.147500371407298,-0.5791374031266339,-0.243439623835875,,0.447524821189475,-0.1306381442950829
2025-11-25,25894.55,5612.03,21.41,57.0,27.0,,0.17,0.2167262995495191,30.0,-0.75,,-0.1665569664706178,-0.5620151980653953,-0.161618311555917,,0.5236371723356985,-0.0916383259390579
2025-11-26,25928.08,5618.36,19.39,51.0,32.0,,0.1674,0.21669016757122,19.0,1.55,,0.0548866268741794,-1.0313858413933583,-0.164162363961922,,0.4279038981783215,-0.1781894200756949
2025-11-27,25945.93,5598.05,18.69,47.0,38.0,,0.1633,0.2157583096847945,9.0,3.95,,0.2859358390159525,-1.1917410656263383,-0.2342176109306255,,0.2773434150242121,-0.2156698556291998
2025-11-28,25858.89,5599.11,18.17,24.0,59.0,,0.1324,0.2165255353188014,-35.0,4.0,,0.2904239827965668,-1.3093097805561529,-0.1760719987879917,,-0.8545094432053052,-0.5123668099382207
2025-12-01,26033.26,5644.76,18.38,71.0,17.0,,0.1516,0.2168287797993797,54.0,4.9,,0.3769026249128089,-1.2568988164964192,-0.152976875100349,,-0.1498807579782956,-0.2957134561655637
2025-12-02,26095.05,5624.04,17.97,59.0,26.0,,0.1563,0.2155213345059695,33.0,8.05,,0.6804042161314338,-1.3484197845406545,-0.2516567913378906,,0.0227214506950812,-0.2242377272630075
2025-12-03,25760.73,5534.92,18.21,16.0,71.0,,0.1686,0.2148588180536809,-55.0,4.85,,0.3703821741245746,-1.2889121848365088,-0.3015065376437583,,0.4743520077354627,-0.1864211351550574
2025-12-04,25935.9,5615.43,18.13,65.0,21.0,,0.1499,0.2165118619365435,44.0,3.1,,0.2007070174037489,-1.303812838008622,-0.1759502680465824,,-0.2135343004393381,-0.3731475972726985
2025-12-05,26085.08,5662.46,17.55,52.0,35.0,,0.1516,0.2170765817087775,17.0,4.7,,0.3553699297512094,-1.4340487266910815,-0.132936712126604,,-0.150752625670875,-0.3405920336843378
2025-12-08,25765.36,5662.55,18.24,14.0,74.0,,0.13,0.2197737582552698,-60.0,-1.75,,-0.270095576472633,-1.2703121730856457,0.0719587379877404,,-0.9453241241103576,-0.603443283920224
2025-12-09,25434.23,5554.68,18.36,16.0,71.0,,0.1589,0.2183938731386796,-55.0,-5.6,,-0.6430251501662968,-1.2391679924281374,-0.0329800480368082,,0.1202902862754586,-0.4487207260889459
2025-12-10,25540.78,5581.1,18.55,43.0,42.0,,0.2022,0.2185172105158887,1.0,-8.25,,-0.8988241000450898,-1.1920770545218384,-0.0235628917150642,,1.7116437983310784,-0.1007050619877285
2025-12-11,25530.51,5534.59,17.58,37.0,50.0,,0.1612,0.2167833701716103,-13.0,-9.65,,-1.032650750587781,-1.4125637851440276,-0.155572495293691,,0.2009797759207983,-0.5999518137761755
2025-12-12,25976.79,5638.05,17.28,76.0,11.0,,0.16,0.2170418284938208,65.0,-3.4,,-0.4247108179938794,-1.4771497150689017,-0.1357058844311242,,0.1565603476679803,-0.4702515174564812
2025-12-15,25628.88,5498.42,17.56,22.0,66.0,,0.1791,0.2145400033087673,-44.0,-3.5,,-0.4338985980193461,-1.408008760780719,-0.3264408781273809,,0.8600704286630483,-0.3270694520660994
2025-12-16,25235.41,5402.51,18.47,7.0,81.0,,0.1809,0.2140844947635089,-74.0,-3.4,,-0.4236419161965752,-1.1947032021479915,-0.360846465251264,,0.9247532630003168,-0.2636095801488785
2025-12-17,25468.78,5457.95,17.57,60.0,27.0,,0.1836,0.2142996248740615,33.0,-0.8,,-0.1701271563284958,-1.3983182073141545,-0.3439858010175339,,1.0222972662837504,-0.2225334745941085
2025-12-18,25498.13,5418.29,17.67,50.0,38.0,,0.1713,0.2124975439375358,12.0,-1.4,,-0.2283979083380695,-1.3711607256973766,-0.4814090276209291,,0.5673072926889922,-0.3784150922418458
2025-12-19,25690.53,5479.04,17.11,63.0,24.0,,0.1599,0.213270804455961,39.0,4.5,,0.3472163208061452,-1.4952788583742596,-0.421621780678566,,0.1458791942430822,-0.3559512810008995
2025-12-22,25801.77,5526.83,17.36,45.0,42.0,,0.1551,0.2142035216963797,3.0,1.15,,0.0198367384965152,-1.4332078259366303,-0.3496584934622064,,-0.0316458783641846,-0.4486688648166266
2025-12-23,25774.14,5488.89,16.71,51.0,32.0,,0.1481,0.2129611308078562,19.0,0.6,,-0.0339292904309812,-1.5770610052907077,-0.4445185149475448,,-0.2905267705298612,-0.5865088952997737
2025-12-24,25818.93,5499.3,16.46,40.0,44.0,,0.1445,0.2129948839862845,-4.0,-0.55,,-0.1463844508016314,-1.6283738915269583,-0.4413852954509064,,-0.4234454999184283,-0.6598972844244811
2025-12-29,25635.23,5483.01,18.08,22.0,67.0,,0.1469,0.2138857345925899,-45.0,-3.25,,-0.4105444845801133,-1.2536625495691505,-0.3724302100421608,,-0.3340377257029358,-0.5926687424735901
2025-12-30,25854.6,5578.38,18.04,57.0,29.0,,0.1482,0.2157596713930983,28.0,-0.1,,-0.1014130719936086,-1.2595043185372448,-0.2279200546734273,,-0.2854554252730368,-0.4685732176193293
2025-12-31,25630.54,5515.98,18.98,9.0,79.0,,0.1711,0.2152112284797745,-70.0,-6.3,,-0.709180642143104,-1.0420361568354748,-0.269888848147839,,0.5648312059709754,-0.3640686102888606
2026-01-02,26338.47,5736.44,20.03,85.0,3.0,,0.1699,0.2177970094694186,82.0,-3.85,,-0.467877495987397,-0.80027921169578,-0.0703696173001666,,0.5195336335836984,-0.2047481728499113
2026-01-05,26347.24,5741.63,20.46,38.0,49.0,167.809,0.1448,0.2179214976597169,-11.0,-1.65,,-0.2512757055896772,-0.7007259987763415,-0.06069622783208,,-0.4141173909058947,-0.3567038307759983
2026-01-06,26710.45,5825.26,21.48,65.0,19.0,25.8101,0.1407,0.218089174836066,46.0,-1.55,,-0.2411733907621697,-0.4663919946810249,-0.0476885319011065,,-0.5660780444755736,-0.3303329904549687
2026-01-07,26458.95,5738.52,21.63,38.0,49.0,82.4085,0.1414,0.2168838899502815,-11.0,-2.95,,-0.3786612320883666,-0.4314724901390441,-0.1407917999428485,,-0.5392833592387735,-0.3725522203522582
2026-01-08,26149.31,5678.34,21.6,28.0,59.0,-43.896,0.1659,0.2171506628664389,-31.0,-1.5,,-0.2354313664507148,-0.4378340648881597,-0.1200098788616465,,0.3741454030577016,-0.1047824767857048
2026-01-09,26231.79,5687.14,20.7,50.0,37.0,61.0664,0.1449,0.2168033519634001,13.0,1.9,58.639599999999994,0.1000460615646822,-0.6436791305008386,-0.1467826107758022,,-0.4093598141260949,-0.2749438734595134
2026-01-12,26608.48,5863.2,21.1,56.0,27.0,65.3679,0.1444,0.2203508054575083,29.0,3.3,59.760983333333336,0.2381102592889325,-0.5510124922039936,0.1283519271188197,,-0.4275341681448729,-0.1530211184852785
2026-01-13,26848.47,5869.79,21.4,53.0,33.0,11.5967,0.128,0.218626610752866,20.0,4.95,52.88037142857143,0.400814588769749,-0.4814113482980354,-0.0055634467803553,,-1.0386386614802774,-0.2811997169472298
2026-01-14,26999.81,5908.26,21.94,49.0,35.0,25.6354,0.1269,0.2188259843310008,14.0,2.4,49.47475,0.1482723052060829,-0.3567000026760789,0.0099277883818752,,-1.0774382082755063,-0.3189845293409067
2026-01-15,26923.62,5828.35,21.3,55.0,33.0,-13.5219,0.1244,0.216477204774098,22.0,5.7,42.475122222222225,0.4746319412670609,-0.5035302228274648,-0.1726930660898774,,-1.1681408190765008,-0.3424330416816955
2026-01-16,26844.96,5822.18,20.68,37.0,49.0,0.8444,0.1161,0.2168816790935803,-12.0,8.8,38.31205,0.7807395981195805,-0.645577763603761,-0.1410408155527962,,-1.4736576984161252,-0.3698841698632754
2026-01-19,26563.9,5749.98,20.69,22.0,66.0,20.4633,0.1255,0.2164584266617477,-44.0,4.95,36.68943636363636,0.3983988297698814,-0.6423703311202612,-0.1738674802571456,,-1.1202609462785358,-0.3845249819715153
2026-01-20,26487.51,5683.44,20.35,44.0,41.0,32.6648,0.1185,0.2145705655231465,3.0,4.5,36.35405,0.3533295484596304,-0.7197748657357805,-0.3208699764177025,,-1.3775202883599709,-0.5162088955134558
2026-01-21,26585.06,5746.3,20.45,51.0,33.0,124.4314,0.1371,0.216147716048036,18.0,3.45,43.12923076923077,0.2487391664503352,-0.6956592522825533,-0.1974571250797913,,-0.683028197279287,-0.3318513520478241
2026-01-22,26629.96,5762.44,19.99,50.0,36.0,46.7864,0.143,0.2163893599539766,14.0,4.0,43.390457142857144,0.3031090252231699,-0.8006553662295979,-0.1783800596168614,,-0.4623765362444824,-0.284575734216943
2026-01-23,26749.51,5798.01,20.08,48.0,39.0,-14.2838,0.1306,0.2167520077937876,9.0,3.5,39.54550666666667,0.2530710189138405,-0.7786202172646073,-0.1498445932581425,,-0.9236234898716192,-0.3997543203701321
2026-01-26,26765.52,5725.99,20.19,46.0,39.0,-7.3534,0.1447,0.2139315806306023,7.0,4.05,36.614325,0.3075367198340495,-0.7520267533249195,-0.3704003433828406,,-0.3966930988897982,-0.3028958689408772
2026-01-27,27126.95,5754.72,20.45,54.0,31.0,-5.6537,0.1246,0.2121403253959623,23.0,7.45,34.1279705882353,0.645692713943851,-0.6908775612932675,-0.5102266393666539,,-1.145222962181984,-0.4251586122245136
2026-01-28,27826.91,5900.16,22.55,79.0,7.0,-30.4715,0.1242,0.2120307285286077,72.0,9.65,30.539111111111108,0.8637226064569262,-0.2046070248369498,-0.5181835089399429,,-1.157507094503143,-0.2541437554557774
2026-01-29,27968.09,5841.1,22.08,54.0,29.0,38.9214,0.1244,0.2088487272459435,25.0,14.4,30.980284210526317,1.3341418161668044,-0.3131585753967861,-0.766861487526582,,-1.1474332501177522,-0.2233278742185789
2026-01-30,27387.11,5718.18,22.55,9.0,79.0,28.679,0.1265,0.2087909239054431,-70.0,6.8,30.86522,0.5754505600360457,-0.2039685036500508,-0.7702058703940569,,-1.0668015542759255,-0.3663813420709969
2026-02-02,26775.57,5526.31,24.4,11.0,75.0,16.9763,0.1301,0.2063937387700803,-64.0,4.15,23.323585,0.3106620057670994,0.2251779205661201,-0.9568112091072408,,-0.930722910124931,-0.337923548224738
2026-02-03,26834.77,5467.26,23.4,61.0,27.0,8.4547,0.1551,0.2037379116720583,34.0,3.55,22.455815,0.2504721137437599,-0.0071247649242098,-1.1628840967904954,,0.002619535075058,-0.2292293032239718
2026-02-04,26847.32,5366.44,22.49,64.0,23.0,118.766,0.1453,0.199887363058957,41.0,6.15,24.27369,0.5097776726266566,-0.2185098831393234,-1.4609616824613183,,-0.3632084007456723,-0.3832255734299143
2026-02-05,26885.24,5406.13,23.43,61.0,25.0,222.0563,0.1734,0.2010817087740336,36.0,9.5,37.571304999999995,0.8435248512843915,0.0002743521586766,-1.36345067029487,,0.6867961525636216,0.0417861714279549
2026-02-06,26559.95,5346.2,24.01,33.0,52.0,132.033,0.1981,0.2012880295331881,-19.0,7.9,41.119635,0.6824327974292699,0.1352666420211595,-1.3436259376932274,,1.605513667827606,0.269896792396202
2026-02-09,27027.16,5417.6,23.02,70.0,18.0,-16.7062,0.1667,0.2004502137849482,52.0,9.05,37.01593,0.7963140005110328,-0.0955037115524307,-1.405235172495986,,0.431809753743808,-0.0681537824483939
2026-02-10,27183.15,5451.03,22.03,55.0,33.0,0.7561,0.1629,0.2005297399308027,22.0,9.15,36.4739,0.8050439263409856,-0.3262401760631739,-1.3950487035076369,,0.2894155204486641,-0.1567073581952902
2026-02-11,27266.38,5499.99,21.38,62.0,23.0,42.5884,0.1634,0.2017132453959784,39.0,10.4,37.32155,0.9286147043479576,-0.4775291935467093,-1.2991313055518647,,0.3078044559580194,-0.1350603346981493
2026-02-12,27032.54,5408.98,21.27,28.0,56.0,40.351,0.1522,0.2000914453469781,-28.0,7.9,40.015195,0.6771391230867099,-0.50264316707227,-1.421760585846003,,-0.1116191774401072,-0.3397209518179175
2026-02-13,26567.12,5360.42,23.28,16.0,68.0,178.9291,0.1636,0.2017689535034283,-52.0,5.9,48.91943,0.4760544062932652,-0.0323563697469776,-1.2875039969213402,,0.3154768644319223,-0.1320822739857826
2026-02-16,26705.94,5367.52,24.27,64.0,22.0,,0.1995,0.2009859978716345,42.0,10.2,50.41712105263158,0.9059110830853998,0.1992856491062102,-1.344985543608424,,1.6567093164792337,0.3542301262656049
2026-02-20,26413.35,5211.5,24.36,25.0,63.0,,0.2014,0.197305529211554,-38.0,8.15,51.40336111111111,0.6991883825550433,0.2201615309145158,-1.6262865869803087,,1.7213553621122857,0.253604672150384
2026-02-23,27081.91,5385.35,24.61,83.0,5.0,,0.1947,0.1988541428577231,78.0,11.15,47.107594117647054,0.998482719464263,0.2785283902876681,-1.5010768116081423,,1.4664127699817162,0.3105867670313762
2026-02-24,26590.32,5270.7,24.47,18.0,69.0,27.5602,0.1743,0.1982187502820575,-51.0,7.9,45.97664117647059,0.6712447754893046,0.2454076954543311,-1.5454978120011753,,0.7034401894439334,0.0186487120965984
2026-02-25,26765.72,5260.5,23.09,42.0,42.0,-35.5958,0.1574,0.1965387069729489,0.0,7.45,44.722994117647055,0.6252102914167674,-0.078849029183869,-1.6699426840958085,,0.071827060379608,-0.2629385903708254
2026-02-26,26381.02,5109.33,23.28,17.0,71.0,-64.3456,0.1482,0.1936744674769967,-54.0,4.4,41.37051176470588,0.3183116744457109,-0.0341203725201705,-1.8838393013691463,,-0.2720201933905121,-0.4679170482085296
2026-02-27,26630.54,5137.84,22.18,62.0,24.0,131.386,0.1617,0.1929303724220387,38.0,5.15,49.431670588235285,0.3933293338615916,-0.2928332539250814,-1.9327055776607849,,0.2331543704295295,-0.3997637818236862
2026-03-02,26059.85,4989.37,25.47,12.0,76.0,142.817,0.1838,0.1914581242793032,-64.0,-1.65,59.62511176470588,-0.2909940294412775,0.4819588555420122,-2.0363399551171075,,1.0591407230475984,-0.1965586014921936
2026-03-03,25768.08,4876.53,26.25,17.0,67.0,53.7807,0.1597,0.1892469287583708,-50.0,-5.4,60.49918823529412,-0.6679561024727247,0.6650119414727866,-2.1943161718286235,,0.1560450797677053,-0.5103038132652141
2026-03-04,25249.48,4829.5,28.42,9.0,78.0,-4.1139,0.1763,0.1912712657844834,-69.0,-5.35,58.57019411764706,-0.6620150159437105,1.1744258474422322,-2.02940482612636,,0.7773891987663392,-0.1849011989653748
2026-03-05,25321.34,4796.33,26.55,46.0,40.0,-244.6644,0.1806,0.1894184904906296,6.0,-1.85,43.17956470588235,-0.3086393788852243,0.7322800700373813,-2.1594359769840703,,0.9370511648353912,-0.1996860302491305
2026-03-06,25757.29,4947.5,26.73,71.0,17.0,-19.2917,0.1719,0.1920815427399388,54.0,-0.85,41.547423529411766,-0.2074762617492935,0.773600429970877,-1.9479091053860171,,0.6098511725374085,-0.1929834411567563
2026-03-09,25408.46,4941.73,28.92,17.0,72.0,329.9382,0.1822,0.1944915197536568,-55.0,-5.65,53.96931764705882,-0.6915569497044478,1.2873934841891672,-1.758166370223366,,0.9946742721502124,-0.0419138908971085
2026-03-10,25959.9,5060.53,25.6,72.0,17.0,-157.6483,0.1606,0.1949364211726547,55.0,-4.7,31.633752941176468,-0.5947568180729054,0.5035409945294725,-1.718102815708168,,0.1836012109238149,-0.4064293570819464
2026-03-11,25898.76,5054.85,25.24,45.0,42.0,30.2809,0.1636,0.1951772980636911,3.0,-3.6,25.648335294117643,-0.4829221507909474,0.4180933086586004,-1.6937686990684218,,0.2960274523129724,-0.365642522221949
2026-03-12,25716.76,5027.64,25.56,28.0,60.0,99.1576,0.1841,0.1955005218386764,-32.0,-7.8,32.46385294117647,-0.906558560442509,0.4931304070603751,-1.6635260149584443,,1.0648610367185742,-0.2530232829055011
2026-03-13,25465.6,4978.08,26.42,19.0,67.0,162.8341,0.1801,0.1954825332998241,-48.0,-11.3,41.997852941176475,-1.2578991392799423,0.6955075857923996,-1.6590980309820087,,0.9128975502273896,-0.3271480085605405
2026-03-16,25834.02,5111.78,24.97,58.0,30.0,-11.0057,0.1641,0.1978700953239178,28.0,-11.85,38.845258823529406,-1.3102356815475176,0.3521496113214152,-1.4750426640308392,,0.3108506313116537,-0.5305695257363219
2026-03-17,25868.54,5107.64,23.62,58.0,30.0,-100.8636,0.1525,0.1974460097090906,28.0,-9.05,30.538517647058818,-1.025123825488305,0.0325236055299673,-1.5024028210219442,,-0.1256513964574425,-0.6551636093594311
2026-03-18,26025.42,5108.3,22.85,58.0,30.0,10.6806,0.1654,0.1962811743287908,28.0,-5.05,20.64154705882353,-0.6198391722366533,-0.1497914176600934,-1.5847443698645405,,0.3599665459695482,-0.4986021034479346
2026-03-19,25500.58,4996.28,24.41,13.0,77.0,230.8824,0.186,0.1959280926159326,-64.0,-10.35,32.32159444444444,-1.1535993219513672,0.2199803616453035,-1.6059252029558433,,1.1342796491382197,-0.3513161285309218
2026-03-20,25277.32,4872.38,24.1,29.0,60.0,-184.3784,0.1722,0.1927569853133164,-31.0,-10.0,20.916331578947364,-1.1158788827686683,0.1462567025759203,-1.8360080739787017,,0.613325688541523,-0.5480761414074817
2026-03-23,24382.47,4712.48,28.84,2.0,88.0,262.5539,0.1785,0.1932732819931696,-86.0,-18.2,32.99820999999999,-1.9365809937854452,1.2693893750228469,-1.7905047401983558,,0.8495915239468852,-0.4020262087535172
2026-03-24,25063.71,4830.89,27.11,81.0,8.0,-240.5394,0.1817,0.192744410145186,73.0,-12.0,19.59323,-1.3079289192905723,0.8572309408802983,-1.8227130115792856,,0.968591694006296,-0.3262048239958159
2026-03-25,25335.95,4922.94,26.81,64.0,24.0,197.0946,0.1965,0.1943065091303069,40.0,-10.0,31.227749999999997,-1.1040711780382633,0.784819478951842,-1.7004129646868589,,1.5223268764021716,-0.1243344468427771
2026-03-26,24856.43,4761.54,28.89,13.0,76.0,29.5094,0.202,0.1915617005338256,-63.0,-10.45,35.9205,-1.1469827593113375,1.2759594977210005,-1.8963368787591173,,1.7233116165971645,-0.0110121309380724
2026-03-27,24951.88,4778.01,28.02,54.0,34.0,-25.4593,0.1805,0.1914889779848252,20.0,-11.35,28.078235,-1.234799733055056,1.067292112533107,-1.8937948206758397,,0.9130905169762262,-0.2870529810553905
2026-03-30,24750.79,4690.08,29.22,25.0,64.0,-21.7612,0.2117,0.1894921333824092,-39.0,-10.1,19.849325,-1.1066677118003725,1.3487493456792696,-2.031922849841445,,2.0767298451081095,0.0717221572863904
2026-03-31,24788.14,4649.82,27.85,47.0,42.0,6.2173,0.1725,0.1875824487032911,5.0,-7.35,17.471154999999996,-0.8285163541765923,1.021820915468293,-2.161538467133856,,0.6057575588846632,-0.3406190867393731
2026-04-01,25294.03,4756.45,25.6,83.0,7.0,-111.3111,0.1661,0.1880463492768847,76.0,-0.1,12.111294999999998,-0.0982725454570141,0.4874817146229878,-2.1169019571305356,,0.3652089677450352,-0.3406209550548816
2026-04-02,25116.53,4679.1,26.08,38.0,46.0,174.5924,0.1879,0.1862956387685719,-8.0,-0.8,33.074135,-0.1686760395437878,0.6006983400487721,-2.2329908967000143,,1.1813799841605903,-0.1548971530086098
2026-04-08,25893.02,4923.25,23.66,73.0,15.0,-187.9359,0.1626,0.1901381144416526,58.0,-0.6,24.641925,-0.1483603851166781,0.0258238490063211,-1.9441567025620936,,0.2313205591240852,-0.4588431698870913
2026-04-09,25752.4,4821.67,23.48,36.0,53.0,109.9831,0.1865,0.1872318696509839,-17.0,1.3,13.64417,0.0434623788371256,-0.016956910538102,-2.144856061545501,,1.1270578396915223,-0.2478231883887386
2026-04-10,25893.54,4860.26,22.51,56.0,31.0,-24.5469,0.1654,0.1877016429580505,25.0,-0.2,20.29924,-0.1080458618386397,-0.2475513241406342,-2.100508118595993,-1.4037070309630335,0.334083649650384,-0.7051457371775834
2026-04-13,25660.85,4822.01,23.13,22.0,64.0,19.6372,0.1695,0.1879131049828825,-42.0,-2.45,19.767055000000003,-0.3353229582397266,-0.0997958613367458,-2.075290145899804,-1.412264510147012,0.4876849501128618,-0.6869977051020854
2026-04-14,25872.32,4851.96,21.53,61.0,29.0,-17.5329,0.1548,0.1875347862116733,32.0,0.75,13.93253,-0.0113363898013043,-0.4806760128003634,-2.0924539121215364,-1.828849259715273,-0.0652936015975713,-0.8957218352072097
2026-04-15,25947.32,4911.79,21.22,48.0,40.0,36.7217,0.1545,0.1892985479810631,8.0,3.55,7.62691,0.2721354050018498,-0.5539784608750002,-1.9571538283954304,-2.228177343823417,-0.0765213269933429,-0.9087391110170682
2026-04-16,26394.26,5092.08,21.62,61.0,26.0,37.3949,0.1463,0.192923764485157,35.0,3.9,10.04694,0.307329900265123,-0.4580078568938435,-1.6913128362427874,-1.9592936560226857,-0.3851730545623766,-0.8372915006913141
2026-04-17,26160.33,5042.68,20.89,16.0,72.0,148.3757,0.1749,0.1927605653292599,-56.0,-0.3,22.508905,-0.118864199734582,-0.6315895947767275,-1.69711935476624,-0.9866693231667444,0.6926264492537463,-0.5483232046381095
2026-04-20,26361.07,5065.63,22.18,61.0,28.0,-34.0192,0.1498,0.1921632923094548,33.0,-0.05,20.273915,-0.0933824527578305,-0.3229788663591548,-1.7336239451079456,-1.138051107805289,-0.2542737417608912,-0.7084620227582222
2026-04-21,26487.48,5061.5,21.67,59.0,30.0,32.549,0.1453,0.1910902811441481,29.0,4.6,10.357245,0.3790432863047223,-0.444487645250654,-1.80336208037378,-1.835133341894046,-0.4237772637495948,-0.8255434089926705
2026-04-22,26163.24,4963.94,20.89,20.0,70.0,42.6334,0.1473,0.1897295594888094,-50.0,3.65,21.707835,0.282101994400194,-0.6303991672369539,-1.8925522693897685,-0.9672703831123232,-0.3478445174283448,-0.7111928685534392
2026-04-23,25915.2,4865.52,21.14,25.0,63.0,75.0731,0.1735,0.1877477310613076,-38.0,6.05,12.333795,0.5259237580574623,-0.5698635054784745,-2.024194196694244,-1.6278153299470497,0.6423153771852831,-0.6107267793754045
2026-04-24,25978.07,4902.2,20.76,46.0,43.0,30.2007,0.1702,0.1887053195252765,3.0,2.55,25.870800000000003,0.169095738692716,-0.6600824496642591,-1.948072330337413,-0.615745483555405,0.516856140805039,-0.5075896768118644
2026-04-27,25925.65,4939.84,20.69,36.0,53.0,-35.5982,0.1624,0.1905387135905946,-17.0,-0.3,14.236160000000002,-0.1214796904175414,-0.675996889262334,-1.811639118796719,-1.4513140315401674,0.2212879832860701,-0.7678283493461383
2026-04-28,25679.78,4827.19,20.52,28.0,61.0,126.8072,0.1765,0.1879762988623734,-33.0,1.2,19.10105,0.0316178112784217,-0.7158200516475413,-1.983732310275679,-1.0747093681464917,0.7546190562349772,-0.5976049725112627
2026-04-29,26111.84,4910.02,20.13,77.0,13.0,-34.4488,0.1992,0.1880380700862138,64.0,3.4,18.651575,0.2561592825832585,-0.8082294375207357,-1.9709023906948315,-1.09119302280429,1.6101501314965454,-0.4008030873880105
2026-04-30,25776.53,4871.32,21.29,18.0,70.0,106.4825,0.1839,0.1889827684331444,-52.0,2.75,25.06376,0.18951841623035,-0.5292055221323452,-1.8969392242236836,-0.6119862558614689,1.0290327433710955,-0.3639159685232103
2026-05-04,26095.88,4976.7,20.94,71.0,19.0,,0.2017,0.1907082650594653,52.0,5.1,26.05567894736842,0.4295814565417029,-0.6125313556061455,-1.7697175456427192,-0.5338052052714104,1.697118068304048,-0.1578709163349048
2026-05-05,25898.61,4929.68,21.14,30.0,57.0,,0.2468,0.190345350580591,-27.0,-0.05,33.68716666666667,-0.0977869534003185,-0.5638212370981173,-1.788501127049268,0.0345364203327852,3.3649132075989674,0.1898680620768097
2026-05-06,26213.78,4969.2,21.12,67.0,22.0,-74.4504,0.1549,0.1895644199348587,45.0,2.6,19.851455555555553,0.1737011985318993,-0.5679759194661596,-1.8359508892314231,-0.9901279408131832,-0.0768695459990334,-0.6594446193955801
2026-05-07,26626.28,5121.1,21.21,79.0,11.0,-41.6322,0.1511,0.192332537628238,68.0,3.1,27.97943888888889,0.224791854356719,-0.5457067111526853,-1.6380209103351928,-0.3777225196240136,-0.2191110634112081,-0.5111538700332762
2026-05-08,26393.71,5102.79,21.58,31.0,58.0,114.4286,0.1658,0.1933335631860773,-27.0,2.6,28.226411111111116,0.1732958910962444,-0.4561546099464808,-1.56375970085819,-0.3565258534537706,0.3320487481740733,-0.3742191049976248
2026-05-11,26406.84,5106.4,21.91,51.0,32.0,0.6297,0.1509,0.193374140942271,19.0,2.3,29.62511111111111,0.1423391197562148,-0.3762836790558272,-1.5563153549788296,-0.2487853774699012,-0.227159610033847,-0.453240980356438
2026-05-12,26347.91,5070.61,22.1,40.0,48.0,6.8695,0.155,0.1924482814765953,-8.0,4.0,28.915794444444447,0.3168886556326396,-0.3301609777974664,-1.6154430399143909,-0.3008498795892879,-0.0730361826836606,-0.4005202848704332
2026-05-13,26388.44,5093.85,21.88,35.0,51.0,-58.6813,0.1346,0.193033388862699,-16.0,1.6,26.629772222222226,0.0697828104443119,-0.3828614270788171,-1.5702237538665502,-0.4726609033734614,-0.8390009084010399,-0.6389928364551114
2026-05-14,26389.04,5076.2,21.53,42.0,45.0,-84.1029,0.1414,0.1923601616428638,-3.0,1.05,19.917294444444444,0.0131080111806214,-0.4668780508659427,-1.611758470323431,-0.9783339271314306,-0.5825279339745043,-0.7252780742229373
2026-05-15,25962.73,4941.14,21.01,13.0,76.0,217.0964,0.1462,0.1903166577628778,-63.0,-3.85,29.90071111111111,-0.4916206130575074,-0.5918278016350842,-1.7467440495327493,-0.2073399316838375,-0.4014591101748624,-0.6877983012168082
2026-05-18,25675.18,4844.94,20.7,11.0,77.0,-68.3836,0.1706,0.1887013060862669,-66.0,-4.35,17.85852777777778,-0.5426038093158873,-0.6659429418743792,-1.8510139526033351,-1.1257720841559036,0.5170315333811941,-0.7336602509136623
2026-05-19,25797.85,4857.46,19.84,45.0,43.0,11.0102,0.1601,0.1882893341887017,2.0,-5.9,20.36016111111111,-0.701728052682924,-0.872624287414108,-1.8720871344609356,-0.9220400396947648,0.1211820424433212,-0.8494594943618823
2026-05-20,25651.12,4873.82,19.62,30.0,60.0,49.6343,0.1754,0.1900041791547503,-30.0,-8.85,21.30934444444445,-1.0046903729045715,-0.9243758572241402,-1.7483009899056652,-0.8401438808612911,0.6974360826425879,-0.7640150036506159
2026-05-21,25386.52,4768.9,19.97,30.0,59.0,-52.9768,0.1563,0.1878516630085572,-29.0,-7.8,15.997666666666667,-0.8948497823948157,-0.8384758338177031,-1.8883708562351704,-1.2342555499695576,-0.0233467800962231,-0.975859760502694
2026-05-22,25606.03,4869.57,18.81,52.0,36.0,-56.3121,0.1563,0.1901727835201317,16.0,-5.1,8.69848888888889,-0.6151945703870116,-1.1170521236083244,-1.7238382192148856,-1.7571287883536957,-0.0233268402808284,-1.0473081083689493
2026-05-26,25599.45,4946.88,18.88,33.0,55.0,-8.3643,0.1588,0.1932416516761102,-22.0,-6.35,6.555988888888891,-0.7434059263036658,-1.0980503388205884,-1.5101747823169014,-1.8721703241358487,0.0711194446452183,-1.0305363853863572
2026-05-27,25328.23,4907.57,18.71,16.0,73.0,-66.7699,0.1645,0.193758900641695,-57.0,-8.35,4.824227777777779,-0.948663253162267,-1.1369551985870612,-1.470947688085616,-1.9490895643836104,0.2865148158720386,-1.0438281776693032
2026-05-28,25006.16,4888.58,19.48,15.0,75.0,65.8859,0.1426,0.1954950300246019,-60.0,-9.7,1.4397111111111127,-1.0862400612132086,-0.9492009435217588,-1.349476061486649,-2.132595919541904,-0.5421222372669411,-1.2119270446060924
2026-05-29,25182.39,4884.23,19.15,64.0,25.0,16.2866,0.1565,0.1939541878272872,39.0,-10.95,4.258344444444446,-1.2129206820549645,-1.0272259602396012,-1.450512751768597,-1.8802469086551856,-0.0154762552482553,-1.1172765115933203
2026-06-01,25398.18,4964.92,19.78,65.0,24.0,40.2166,0.173,0.195483298409571,41.0,-6.3,0.5769055555555569,-0.7313790288972184,-0.8735540346642825,-1.3433545587339542,-2.0821771562177616,0.6094853635300919,-0.884195882996625
2026-06-02,26038.32,5199.28,21.51,60.0,30.0,19.1885,0.1716,0.1996780130208093,30.0,-7.4,1.556463157894738,-0.8438815868856713,-0.4545994951125523,-1.0564593368670252,-1.9612802026773184,0.5557545834604546,-0.7520932076164225
2026-06-03,25633.21,5056.97,20.9,13.0,76.0,161.5963,0.1756,0.1972819635152991,-63.0,-9.2,9.558455000000002,-1.028236079894681,-0.6015680066192838,-1.21669178749192,-1.3858321627540515,0.7067063283812145,-0.7051243416757444
2026-06-04,25253.4,4975.36,20.65,12.0,75.0,-2.7066,0.1833,0.1970174313161792,-63.0,-14.6,13.145645000000002,-1.581954998316774,-0.6613164205435785,-1.2320408402655632,-1.125386938142847,0.9974558048801492,-0.7206486784777227
2026-06-05,24961.95,4888.39,20.58,26.0,57.0,-20.9501,0.1716,0.1958336588287373,-31.0,-19.55,14.179750000000002,-2.0837275104860544,-0.6774473757758878,-1.3094028242828235,-1.042977739796489,0.552507855469122,-0.9122095189744264
2026-06-08,24657.06,4755.91,22.95,25.0,65.0,98.0863,0.1581,0.1928822819914458,-40.0,-20.2,13.362635,-2.140523333232178,-0.1028270699671413,-1.5054849357849085,-1.0869671274010586,0.0394740625508656,-0.9592656807668842
2026-06-09,24565.9,4769.61,21.85,27.0,62.0,-74.3884,0.1698,0.194155719920703,-35.0,-22.9,9.61173,-2.4039094348573293,-0.3693578197702088,-1.415619561186534,-1.3258716658264804,0.483946423987937,-1.0061624115305232
2026-06-10,24407.96,4724.79,22.6,53.0,39.0,71.3502,0.1769,0.1935757842933207,14.0,-21.8,12.835765,-2.2794623624510626,-0.187099296995209,-1.4511099717869544,-1.0932676203447318,0.7531574514283733,-0.8515563600299169
2026-06-11,24249.29,4655.74,23.16,28.0,62.0,-23.8193,0.1763,0.1919948996444844,-34.0,-22.7,14.578865000000002,-2.3580827409716445,-0.0509814822843915,-1.5536125166742596,-0.9648969286519288,0.7293808780207633,-0.8396385581122923
2026-06-12,24718.1,4705.2,21.58,82.0,11.0,-34.0106,0.1733,0.1903544366274107,71.0,-19.0,17.08348,-1.9743661965526973,-0.4347965989143635,-1.6592473295597534,-0.7874401226635238,0.6144194965119467,-0.8482861502356782
2026-06-15,24842.67,4765.58,20.58,52.0,41.0,18.2063,0.1503,0.1918304272447366,11.0,-15.3,7.138975000000002,-1.594968298726036,-0.6773322578292986,-1.555231334915204,-1.446396710265045,-0.261755977958908,-1.1071369159388982
2026-06-16,24493.95,4658.65,20.05,17.0,74.0,29.9029,0.1632,0.1901959463459344,-57.0,-14.85,12.053300000000002,-1.5450745996273498,-0.8052669172565612,-1.66017960489678,-1.099949320372149,0.2299748507578057,-0.9760991182790067
2026-06-17,24312.16,4669.07,20.21,13.0,79.0,-27.7753,0.1374,0.1920466959743601,-66.0,-18.25,10.114025000000002,-1.881343768101081,-0.7652942834937311,-1.531386669255358,-1.2173736948116598,-0.7536825616661731,-1.2298161954656006
2026-06-18,23924.81,4604.35,21.4,17.0,75.0,-58.5983,0.1601,0.1924508491394498,-58.0,-19.65,4.702395000000002,-2.0139290807839627,-0.4749029308573528,-1.5001757908537172,-1.559054252746945,0.1128626755459927,-1.087039875939197
2026-06-22,23768.52,4549.41,21.24,22.0,70.0,-50.2927,0.1348,0.1914048497760903,-48.0,-20.6,4.836600000000002,-2.099938360245315,-0.5133713010405603,-1.565928572850766,-1.525936338885989,-0.8526109196617704,-1.31155709853688
2026-06-23,23336.28,4399.22,22.87,19.0,73.0,89.8576,0.1433,0.1885141933504397,-54.0,-24.1,12.145085000000002,-2.4366718831945553,-0.1156755112792764,-1.7538654244970444,-1.026623292496078,-0.5272027650730142,-1.1720077753079938
2026-06-24,23412.18,4479.02,22.88,45.0,46.0,136.8666,0.1538,0.1913115310065103,-1.0,-23.05,19.40663,-2.3194952659083317,-0.1131399165394306,-1.5621521990294993,-0.5372344739114168,-0.1255713177027593,-0.9315186346182877
2026-06-25,23076.91,4405.92,24.55,33.0,60.0,-76.9688,0.1513,0.1909233081898746,-27.0,-21.55,18.896685,-2.1600999350133177,0.2946158374512219,-1.5835317823323236,-0.568074661720981,-0.2210594840885718,-0.8476300051407945
2026-06-26,22671.86,4255.59,25.82,20.0,72.0,-21.7063,0.1632,0.1877036114372618,-52.0,-21.15,14.517075000000002,-2.1108655496359363,0.6044610002838422,-1.7923370681907975,-0.8564680051629323,0.2345262243859872,-0.7841366796639673
2026-06-29,23026.68,4393.01,24.98,73.0,17.0,-89.5604,0.1828,0.1907791309906595,56.0,-20.3,9.224725,-2.018324717308437,0.3985904254135722,-1.5827545233391056,-1.2003085161022575,0.9842287302191453,-0.6837137202234166
2026-06-30,22881.02,4472.23,24.78,15.0,78.0,51.0722,0.1835,0.195455884396762,-63.0,-25.5,9.767505000000002,-2.515915442453779,0.349309393731844,-1.2686611153777283,-1.1518299401711192,1.0093895772525276,-0.7155415054036511
2026-07-02,23055.03,4454.28,23.77,72.0,21.0,-17.0672,0.1737,0.1932020908235643,51.0,-24.45,7.95472,-2.399383985007113,0.1017979096528035,-1.4151655774589316,-1.2592870531732512,0.6330137917107453,-0.8678049828551494
2026-07-03,23350.03,4499.0,22.92,80.0,12.0,39.264,0.1812,0.1926764119789139,68.0,-17.9,1.838105,-1.7528278175667544,-0.1065136034932403,-1.4464629865429923,-1.6425476808635506,0.919255408289296,-0.8058193360354483
2026-07-06,23616.32,4541.23,23.25,58.0,31.0,177.9393,0.1862,0.1922920251758106,27.0,-13.4,10.8704,-1.3104963750770422,-0.0255196194158672,-1.4682175112752534,-1.0322967637132694,1.1090122275251053,-0.5455036083912654
2026-07-07,23496.89,4507.04,23.02,19.0,72.0,4.3235,0.1694,0.1918143209590716,-53.0,-14.5,12.13408,-1.4143637981640385,-0.0819343594580387,-1.495975502832274,-0.9406341509274068,0.464306683625574,-0.6937202255512367
2026-07-08,24199.46,4731.02,24.02,73.0,19.0,123.2166,0.1692,0.195501056635148,54.0,-9.8,13.390595,-0.9545833732560234,0.1637004170187142,-1.2489346479699208,-0.8507832226574542,0.4561841979106298,-0.4868833257908108
2026-07-09,24030.18,4731.56,23.01,26.0,66.0,85.2713,0.1796,0.1969007306645227,-40.0,-10.05,21.373579999999997,-0.977402155491151,-0.0846553869161283,-1.1539911471114388,-0.3174427977195881,0.8543143254445814,-0.3358354323587449
2026-07-10,24175.12,4721.66,22.74,74.0,16.0,-51.8368,0.1593,0.1953107161412229,58.0,-7.85,15.21423,-0.7618802883150272,-0.1509945034154027,-1.25671085171582,-0.7247502307705566,0.074621460063172,-0.5639428828307269
2026-07-13,24213.72,4676.43,22.67,52.0,37.0,78.2362,0.165,0.1931314147516366,15.0,-5.4,20.317005,-0.5223376955300703,-0.1680999643129702,-1.3976911277649402,-0.3810227133525546,0.293451482556079,-0.4351400036808913
2026-07-14,24340.73,4679.46,22.39,70.0,20.0,95.1486,0.1794,0.1922481371758365,50.0,-6.45,26.774965,-0.6241236929206198,-0.2369324706926684,-1.4524893351670027,0.0530182980816832,0.8461720714491792,-0.2828710258498857
2026-07-15,24681.1,4740.49,22.36,68.0,21.0,115.5204,0.191,0.1920696403320759,47.0,-4.65,31.64067,-0.4479039304119888,-0.2441264189880393,-1.4605974459246105,0.3797772856354212,1.2896919036777486,-0.0966317212022937
2026-07-16,25008.6,4834.44,22.74,71.0,22.0,43.5356,0.1649,0.1933111009812624,49.0,0.65,32.322305,0.0699606150495919,-0.1501714620816606,-1.375392691670512,0.4239447967092745,0.2858202662936244,-0.1491676951399363
2026-07-17,24562.24,4623.17,22.9,24.0,67.0,-12.5749,0.1677,0.1882226539598994,-43.0,1.8,33.082325000000004,0.1822781540956798,-0.1105426383136442,-1.7058857212286809,0.4732918988530114,0.3932033076589277,-0.1535309997869412
2026-07-20,25143.05,4752.15,23.9,86.0,5.0,-51.4473,0.1782,0.18900451615854083,81.0,8.75,33.439875,0.8613058770795063,0.1366607819602144,-1.649426752005735,0.4952258661112979,0.7964872464748498,0.1280506039240267
2026-07-21,25132.29,4814.83,23.37,41.0,49.0,61.8749,0.1642,0.19157943824458495,-8.0,10.75,39.048255,1.0553008135624782,0.0054764666670124,-1.4762023056099574,0.8727104161930854,0.257004619121289,0.1428580019867815
2026-07-22,24892.66,4668.23,22.89,38.0,50.0,64.9787,0.1802,0.18753439768992142,-12.0,12.85,37.80431,1.2582471770392505,-0.1133313584519059,-1.736575950864996,0.7826224812710867,0.8725362795391037,0.2126997257065077
2026-07-23,25210.81,4698.48,22.11,73.0,20.0,-36.4769,0.1744,0.18636767323223646,53.0,14.2,5.2709,1.5183804315812115,-0.3064280499264621,-1.8069964292634555,0.1877010483082944,0.6481823699925812,0.0481678741384338
2026-07-24,24963.23,4629.51,22.21,16.0,74.0,-13.1111,0.1751,0.18545316451436775,-58.0,2.1666666666666665,2.2072333333333334,1.3637553501938704,-0.2813782094830482,-1.860287919823324,0.4055880452084361,0.674400790350847,0.0604156112893562
2026-07-27,25207.18,4702.05,22.18,70.0,22.0,-13.5809,0.1807,0.18653613771949104,48.0,8.714285714285714,-0.04821428571428551,1.8455788640592008,-0.2885776846772215,-1.7835180075638497,0.4316799279336958,0.88923351437113,0.218879322824591
