date,indicator_key,indicator,group,value,mom_diff,yoy_diff
2015-01-31,M0017127,生产,component,51.7,,
2015-01-31,M0017128,新订单,component,50.2,,
2015-01-31,M0017129,新出口订单,component,48.4,,
2015-01-31,M0017130,在手订单,component,44.0,,
2015-01-31,M0017131,产成品库存,component,48.0,,
2015-01-31,M0017132,采购量,component,49.6,,
2015-01-31,M0017133,进口,component,46.4,,
2015-01-31,M0017134,主要原材料购进价格,component,41.9,,
2015-01-31,M0017135,原材料库存,component,47.3,,
2015-01-31,M0017136,从业人员,component,47.9,,
2015-01-31,M0017137,供应商配送时间,component,50.2,,
2015-01-31,M0017126,制造业PMI,headline,49.8,,
2015-01-31,M5207831,建筑业PMI,headline,56.9,,
2015-01-31,M5207838,服务业PMI,headline,52.9,,
2015-02-28,M0017127,生产,component,51.4,-0.30000000000000426,
2015-02-28,M0017128,新订单,component,50.4,0.19999999999999574,
2015-02-28,M0017129,新出口订单,component,48.5,0.10000000000000142,
2015-02-28,M0017130,在手订单,component,43.8,-0.20000000000000284,
2015-02-28,M0017131,产成品库存,component,47.0,-1.0,
2015-02-28,M0017132,采购量,component,49.4,-0.20000000000000284,
2015-02-28,M0017133,进口,component,47.5,1.1000000000000014,
2015-02-28,M0017134,主要原材料购进价格,component,43.9,2.0,
2015-02-28,M0017135,原材料库存,component,48.2,0.9000000000000057,
2015-02-28,M0017136,从业人员,component,47.8,-0.10000000000000142,
2015-02-28,M0017137,供应商配送时间,component,49.9,-0.30000000000000426,
2015-02-28,M0017126,制造业PMI,headline,49.9,0.10000000000000142,
2015-02-28,M5207831,建筑业PMI,headline,56.5,-0.3999999999999986,
2015-02-28,M5207838,服务业PMI,headline,53.2,0.30000000000000426,
2015-03-31,M0017127,生产,component,52.1,0.7000000000000028,
2015-03-31,M0017128,新订单,component,50.2,-0.19999999999999574,
2015-03-31,M0017129,新出口订单,component,48.3,-0.20000000000000284,
2015-03-31,M0017130,在手订单,component,44.1,0.30000000000000426,
2015-03-31,M0017131,产成品库存,component,48.6,1.6000000000000014,
2015-03-31,M0017132,采购量,component,49.7,0.30000000000000426,
2015-03-31,M0017133,进口,component,48.1,0.6000000000000014,
2015-03-31,M0017134,主要原材料购进价格,component,45.0,1.1000000000000014,
2015-03-31,M0017135,原材料库存,component,48.0,-0.20000000000000284,
2015-03-31,M0017136,从业人员,component,48.4,0.6000000000000014,
2015-03-31,M0017137,供应商配送时间,component,50.1,0.20000000000000284,
2015-03-31,M0017126,制造业PMI,headline,50.1,0.20000000000000284,
2015-03-31,M5207831,建筑业PMI,headline,58.9,2.3999999999999986,
2015-03-31,M5207838,服务业PMI,headline,52.3,-0.9000000000000057,
2015-04-30,M0017127,生产,component,52.6,0.5,
2015-04-30,M0017128,新订单,component,50.2,0.0,
2015-04-30,M0017129,新出口订单,component,48.1,-0.19999999999999574,
2015-04-30,M0017130,在手订单,component,43.8,-0.30000000000000426,
2015-04-30,M0017131,产成品库存,component,48.0,-0.6000000000000014,
2015-04-30,M0017132,采购量,component,50.1,0.3999999999999986,
2015-04-30,M0017133,进口,component,47.8,-0.30000000000000426,
2015-04-30,M0017134,主要原材料购进价格,component,47.8,2.799999999999997,
2015-04-30,M0017135,原材料库存,component,48.2,0.20000000000000284,
2015-04-30,M0017136,从业人员,component,48.0,-0.3999999999999986,
2015-04-30,M0017137,供应商配送时间,component,50.4,0.29999999999999716,
2015-04-30,M0017126,制造业PMI,headline,50.1,0.0,
2015-04-30,M5207831,建筑业PMI,headline,57.5,-1.3999999999999986,
2015-04-30,M5207838,服务业PMI,headline,52.4,0.10000000000000142,
2015-05-31,M0017127,生产,component,52.9,0.29999999999999716,
2015-05-31,M0017128,新订单,component,50.6,0.3999999999999986,
2015-05-31,M0017129,新出口订单,component,48.9,0.7999999999999972,
2015-05-31,M0017130,在手订单,component,44.7,0.9000000000000057,
2015-05-31,M0017131,产成品库存,component,47.5,-0.5,
2015-05-31,M0017132,采购量,component,51.0,0.8999999999999986,
2015-05-31,M0017133,进口,component,47.6,-0.19999999999999574,
2015-05-31,M0017134,主要原材料购进价格,component,49.4,1.6000000000000014,
2015-05-31,M0017135,原材料库存,component,48.2,0.0,
2015-05-31,M0017136,从业人员,component,48.2,0.20000000000000284,
2015-05-31,M0017137,供应商配送时间,component,50.9,0.5,
2015-05-31,M0017126,制造业PMI,headline,50.2,0.10000000000000142,
2015-05-31,M5207831,建筑业PMI,headline,57.9,0.3999999999999986,
2015-05-31,M5207838,服务业PMI,headline,52.0,-0.3999999999999986,
2015-06-30,M0017127,生产,component,52.9,0.0,
2015-06-30,M0017128,新订单,component,50.1,-0.5,
2015-06-30,M0017129,新出口订单,component,48.2,-0.6999999999999957,
2015-06-30,M0017130,在手订单,component,44.6,-0.10000000000000142,
2015-06-30,M0017131,产成品库存,component,47.7,0.20000000000000284,
2015-06-30,M0017132,采购量,component,50.9,-0.10000000000000142,
2015-06-30,M0017133,进口,component,48.0,0.3999999999999986,
2015-06-30,M0017134,主要原材料购进价格,component,47.3,-2.1000000000000014,
2015-06-30,M0017135,原材料库存,component,48.7,0.5,
2015-06-30,M0017136,从业人员,component,48.1,-0.10000000000000142,
2015-06-30,M0017137,供应商配送时间,component,50.3,-0.6000000000000014,
2015-06-30,M0017126,制造业PMI,headline,50.2,0.0,
2015-06-30,M5207831,建筑业PMI,headline,62.1,4.200000000000003,
2015-06-30,M5207838,服务业PMI,headline,52.3,0.29999999999999716,
2015-07-31,M0017127,生产,component,52.4,-0.5,
2015-07-31,M0017128,新订单,component,49.9,-0.20000000000000284,
2015-07-31,M0017129,新出口订单,component,47.9,-0.30000000000000426,
2015-07-31,M0017130,在手订单,component,44.0,-0.6000000000000014,
2015-07-31,M0017131,产成品库存,component,47.4,-0.30000000000000426,
2015-07-31,M0017132,采购量,component,50.3,-0.6000000000000014,
2015-07-31,M0017133,进口,component,47.8,-0.20000000000000284,
2015-07-31,M0017134,主要原材料购进价格,component,44.7,-2.5999999999999943,
2015-07-31,M0017135,原材料库存,component,48.4,-0.30000000000000426,
2015-07-31,M0017136,从业人员,component,48.0,-0.10000000000000142,
2015-07-31,M0017137,供应商配送时间,component,50.4,0.10000000000000142,
2015-07-31,M0017126,制造业PMI,headline,50.0,-0.20000000000000284,
2015-07-31,M5207831,建筑业PMI,headline,60.1,-2.0,
2015-07-31,M5207838,服务业PMI,headline,52.8,0.5,
2015-08-31,M0017127,生产,component,51.7,-0.6999999999999957,
2015-08-31,M0017128,新订单,component,49.7,-0.19999999999999574,
2015-08-31,M0017129,新出口订单,component,47.7,-0.19999999999999574,
2015-08-31,M0017130,在手订单,component,44.6,0.6000000000000014,
2015-08-31,M0017131,产成品库存,component,47.2,-0.19999999999999574,
2015-08-31,M0017132,采购量,component,49.4,-0.8999999999999986,
2015-08-31,M0017133,进口,component,47.2,-0.5999999999999943,
2015-08-31,M0017134,主要原材料购进价格,component,44.9,0.19999999999999574,
2015-08-31,M0017135,原材料库存,component,48.3,-0.10000000000000142,
2015-08-31,M0017136,从业人员,component,47.9,-0.10000000000000142,
2015-08-31,M0017137,供应商配送时间,component,50.6,0.20000000000000284,
2015-08-31,M0017126,制造业PMI,headline,49.7,-0.29999999999999716,
2015-08-31,M5207831,建筑业PMI,headline,57.8,-2.3000000000000043,
2015-08-31,M5207838,服务业PMI,headline,52.6,-0.19999999999999574,
2015-08-31,M6642295,装备制造业,industry,48.3,,
2015-09-30,M0017127,生产,component,52.3,0.5999999999999943,
2015-09-30,M0017128,新订单,component,50.2,0.5,
2015-09-30,M0017129,新出口订单,component,47.9,0.19999999999999574,
2015-09-30,M0017130,在手订单,component,43.8,-0.8000000000000043,
2015-09-30,M0017131,产成品库存,component,46.8,-0.4000000000000057,
2015-09-30,M0017132,采购量,component,48.6,-0.7999999999999972,
2015-09-30,M0017133,进口,component,48.1,0.8999999999999986,
2015-09-30,M0017134,主要原材料购进价格,component,45.8,0.8999999999999986,
2015-09-30,M0017135,原材料库存,component,47.5,-0.7999999999999972,
2015-09-30,M0017136,从业人员,component,47.9,0.0,
2015-09-30,M0017137,供应商配送时间,component,50.8,0.19999999999999574,
2015-09-30,M0017126,制造业PMI,headline,49.8,0.09999999999999432,
2015-09-30,M5207831,建筑业PMI,headline,55.2,-2.5999999999999943,
2015-09-30,M5207838,服务业PMI,headline,53.0,0.3999999999999986,
2015-09-30,M6642295,装备制造业,industry,50.9,2.6000000000000014,
2015-10-31,M0017127,生产,component,52.2,-0.09999999999999432,
2015-10-31,M0017128,新订单,component,50.3,0.09999999999999432,
2015-10-31,M0017129,新出口订单,component,47.4,-0.5,
2015-10-31,M0017130,在手订单,component,44.4,0.6000000000000014,
2015-10-31,M0017131,产成品库存,component,47.2,0.4000000000000057,
2015-10-31,M0017132,采购量,component,48.8,0.19999999999999574,
2015-10-31,M0017133,进口,component,47.5,-0.6000000000000014,
2015-10-31,M0017134,主要原材料购进价格,component,44.4,-1.3999999999999986,
2015-10-31,M0017135,原材料库存,component,47.2,-0.29999999999999716,
2015-10-31,M0017136,从业人员,component,47.8,-0.10000000000000142,
2015-10-31,M0017137,供应商配送时间,component,50.6,-0.19999999999999574,
2015-10-31,M0017126,制造业PMI,headline,49.8,0.0,
2015-10-31,M5207831,建筑业PMI,headline,57.1,1.8999999999999986,
2015-10-31,M5207838,服务业PMI,headline,52.3,-0.7000000000000028,
2015-11-30,M0017127,生产,component,51.9,-0.30000000000000426,
2015-11-30,M0017128,新订单,component,49.8,-0.5,
2015-11-30,M0017129,新出口订单,component,46.4,-1.0,
2015-11-30,M0017130,在手订单,component,43.0,-1.3999999999999986,
2015-11-30,M0017131,产成品库存,component,46.7,-0.5,
2015-11-30,M0017132,采购量,component,48.3,-0.5,
2015-11-30,M0017133,进口,component,46.7,-0.7999999999999972,
2015-11-30,M0017134,主要原材料购进价格,component,41.1,-3.299999999999997,
2015-11-30,M0017135,原材料库存,component,47.1,-0.10000000000000142,
2015-11-30,M0017136,从业人员,component,47.6,-0.19999999999999574,
2015-11-30,M0017137,供应商配送时间,component,50.6,0.0,
2015-11-30,M0017126,制造业PMI,headline,49.6,-0.19999999999999574,
2015-11-30,M5207831,建筑业PMI,headline,58.1,1.0,
2015-11-30,M5207838,服务业PMI,headline,52.8,0.5,
2015-11-30,M6642296,消费品制造业,industry,53.4,,
2015-12-31,M0017127,生产,component,52.2,0.30000000000000426,
2015-12-31,M0017128,新订单,component,50.2,0.4000000000000057,
2015-12-31,M0017129,新出口订单,component,47.5,1.1000000000000014,
2015-12-31,M0017130,在手订单,component,43.6,0.6000000000000014,
2015-12-31,M0017131,产成品库存,component,46.1,-0.6000000000000014,
2015-12-31,M0017132,采购量,component,50.3,2.0,
2015-12-31,M0017133,进口,component,47.6,0.8999999999999986,
2015-12-31,M0017134,主要原材料购进价格,component,42.4,1.2999999999999972,
2015-12-31,M0017135,原材料库存,component,47.6,0.5,
2015-12-31,M0017136,从业人员,component,47.4,-0.20000000000000284,
2015-12-31,M0017137,供应商配送时间,component,50.7,0.10000000000000142,
2015-12-31,M0017126,制造业PMI,headline,49.7,0.10000000000000142,
2015-12-31,M5207831,建筑业PMI,headline,58.3,0.19999999999999574,
2015-12-31,M5207838,服务业PMI,headline,53.7,0.9000000000000057,
2015-12-31,M6642295,装备制造业,industry,51.2,,
2015-12-31,M6642296,消费品制造业,industry,54.4,1.0,
2016-01-31,M0017127,生产,component,51.4,-0.8000000000000043,-0.30000000000000426
2016-01-31,M0017128,新订单,component,49.5,-0.7000000000000028,-0.7000000000000028
2016-01-31,M0017129,新出口订单,component,46.9,-0.6000000000000014,-1.5
2016-01-31,M0017130,在手订单,component,43.4,-0.20000000000000284,-0.6000000000000014
2016-01-31,M0017131,产成品库存,component,44.6,-1.5,-3.3999999999999986
2016-01-31,M0017132,采购量,component,49.0,-1.2999999999999972,-0.6000000000000014
2016-01-31,M0017133,进口,component,46.4,-1.2000000000000028,0.0
2016-01-31,M0017134,主要原材料购进价格,component,45.1,2.700000000000003,3.200000000000003
2016-01-31,M0017135,原材料库存,component,46.8,-0.8000000000000043,-0.5
2016-01-31,M0017136,从业人员,component,47.8,0.3999999999999986,-0.10000000000000142
2016-01-31,M0017137,供应商配送时间,component,50.5,-0.20000000000000284,0.29999999999999716
2016-01-31,M0017126,制造业PMI,headline,49.4,-0.30000000000000426,-0.3999999999999986
2016-01-31,M5207831,建筑业PMI,headline,57.8,-0.5,0.8999999999999986
2016-01-31,M5207838,服务业PMI,headline,52.7,-1.0,-0.19999999999999574
2016-01-31,M6642295,装备制造业,industry,48.9,-2.3000000000000043,
2016-01-31,M6642296,消费品制造业,industry,57.8,3.3999999999999986,
2016-02-29,M0017127,生产,component,50.2,-1.1999999999999957,-1.1999999999999957
2016-02-29,M0017128,新订单,component,48.6,-0.8999999999999986,-1.7999999999999972
2016-02-29,M0017129,新出口订单,component,47.4,0.5,-1.1000000000000014
2016-02-29,M0017130,在手订单,component,43.9,0.5,0.10000000000000142
2016-02-29,M0017131,产成品库存,component,46.4,1.7999999999999972,-0.6000000000000014
2016-02-29,M0017132,采购量,component,47.9,-1.1000000000000014,-1.5
2016-02-29,M0017133,进口,component,45.8,-0.6000000000000014,-1.7000000000000028
2016-02-29,M0017134,主要原材料购进价格,component,50.2,5.100000000000001,6.300000000000004
2016-02-29,M0017135,原材料库存,component,48.0,1.2000000000000028,-0.20000000000000284
2016-02-29,M0017136,从业人员,component,47.6,-0.19999999999999574,-0.19999999999999574
2016-02-29,M0017137,供应商配送时间,component,49.8,-0.7000000000000028,-0.10000000000000142
2016-02-29,M0017126,制造业PMI,headline,49.0,-0.3999999999999986,-0.8999999999999986
2016-02-29,M5207831,建筑业PMI,headline,55.2,-2.5999999999999943,-1.2999999999999972
2016-02-29,M5207838,服务业PMI,headline,52.2,-0.5,-1.0
2016-03-31,M0017127,生产,component,52.3,2.0999999999999943,0.19999999999999574
2016-03-31,M0017128,新订单,component,51.4,2.799999999999997,1.1999999999999957
2016-03-31,M0017129,新出口订单,component,50.2,2.8000000000000043,1.9000000000000057
2016-03-31,M0017130,在手订单,component,45.7,1.8000000000000043,1.6000000000000014
2016-03-31,M0017131,产成品库存,component,46.0,-0.3999999999999986,-2.6000000000000014
2016-03-31,M0017132,采购量,component,52.6,4.700000000000003,2.8999999999999986
2016-03-31,M0017133,进口,component,50.1,4.300000000000004,2.0
2016-03-31,M0017134,主要原材料购进价格,component,55.3,5.099999999999994,10.299999999999997
2016-03-31,M0017135,原材料库存,component,48.2,0.20000000000000284,0.20000000000000284
2016-03-31,M0017136,从业人员,component,48.1,0.5,-0.29999999999999716
2016-03-31,M0017137,供应商配送时间,component,51.3,1.5,1.1999999999999957
2016-03-31,M0017126,制造业PMI,headline,50.2,1.2000000000000028,0.10000000000000142
2016-03-31,M5207831,建筑业PMI,headline,58.0,2.799999999999997,-0.8999999999999986
2016-03-31,M5207838,服务业PMI,headline,53.1,0.8999999999999986,0.8000000000000043
2016-04-30,M0017127,生产,component,52.2,-0.09999999999999432,-0.3999999999999986
2016-04-30,M0017128,新订单,component,51.0,-0.3999999999999986,0.7999999999999972
2016-04-30,M0017129,新出口订单,component,50.1,-0.10000000000000142,2.0
2016-04-30,M0017130,在手订单,component,44.8,-0.9000000000000057,1.0
2016-04-30,M0017131,产成品库存,component,45.5,-0.5,-2.5
2016-04-30,M0017132,采购量,component,51.0,-1.6000000000000014,0.8999999999999986
2016-04-30,M0017133,进口,component,49.5,-0.6000000000000014,1.7000000000000028
2016-04-30,M0017134,主要原材料购进价格,component,57.6,2.3000000000000043,9.800000000000004
2016-04-30,M0017135,原材料库存,component,47.4,-0.8000000000000043,-0.8000000000000043
2016-04-30,M0017136,从业人员,component,47.8,-0.30000000000000426,-0.20000000000000284
2016-04-30,M0017137,供应商配送时间,component,50.1,-1.1999999999999957,-0.29999999999999716
2016-04-30,M0017126,制造业PMI,headline,50.1,-0.10000000000000142,0.0
2016-04-30,M5207831,建筑业PMI,headline,59.4,1.3999999999999986,1.8999999999999986
2016-04-30,M5207838,服务业PMI,headline,52.5,-0.6000000000000014,0.10000000000000142
2016-05-31,M0017127,生产,component,52.3,0.09999999999999432,-0.6000000000000014
2016-05-31,M0017128,新订单,component,50.7,-0.29999999999999716,0.10000000000000142
2016-05-31,M0017129,新出口订单,component,50.0,-0.10000000000000142,1.1000000000000014
2016-05-31,M0017130,在手订单,component,45.1,0.30000000000000426,0.3999999999999986
2016-05-31,M0017131,产成品库存,component,46.8,1.2999999999999972,-0.7000000000000028
2016-05-31,M0017132,采购量,component,51.2,0.20000000000000284,0.20000000000000284
2016-05-31,M0017133,进口,component,49.6,0.10000000000000142,2.0
2016-05-31,M0017134,主要原材料购进价格,component,55.3,-2.3000000000000043,5.899999999999999
2016-05-31,M0017135,原材料库存,component,47.6,0.20000000000000284,-0.6000000000000014
2016-05-31,M0017136,从业人员,component,48.2,0.4000000000000057,0.0
2016-05-31,M0017137,供应商配送时间,component,50.4,0.29999999999999716,-0.5
2016-05-31,M0017126,制造业PMI,headline,50.1,0.0,-0.10000000000000142
2016-05-31,M5207831,建筑业PMI,headline,59.4,0.0,1.5
2016-05-31,M5207838,服务业PMI,headline,52.0,-0.5,0.0
2016-06-30,M0017127,生产,component,52.5,0.20000000000000284,-0.3999999999999986
2016-06-30,M0017128,新订单,component,50.5,-0.20000000000000284,0.3999999999999986
2016-06-30,M0017129,新出口订单,component,49.6,-0.3999999999999986,1.3999999999999986
2016-06-30,M0017130,在手订单,component,45.0,-0.10000000000000142,0.3999999999999986
2016-06-30,M0017131,产成品库存,component,46.5,-0.29999999999999716,-1.2000000000000028
2016-06-30,M0017132,采购量,component,50.5,-0.7000000000000028,-0.3999999999999986
2016-06-30,M0017133,进口,component,49.1,-0.5,1.1000000000000014
2016-06-30,M0017134,主要原材料购进价格,component,51.3,-4.0,4.0
2016-06-30,M0017135,原材料库存,component,47.0,-0.6000000000000014,-1.7000000000000028
2016-06-30,M0017136,从业人员,component,47.9,-0.30000000000000426,-0.20000000000000284
2016-06-30,M0017137,供应商配送时间,component,50.7,0.30000000000000426,0.4000000000000057
2016-06-30,M0017126,制造业PMI,headline,50.0,-0.10000000000000142,-0.20000000000000284
2016-06-30,M5207831,建筑业PMI,headline,62.0,2.6000000000000014,-0.10000000000000142
2016-06-30,M5207838,服务业PMI,headline,52.2,0.20000000000000284,-0.09999999999999432
2016-07-31,M0017127,生产,component,52.1,-0.3999999999999986,-0.29999999999999716
2016-07-31,M0017128,新订单,component,50.4,-0.10000000000000142,0.5
2016-07-31,M0017129,新出口订单,component,49.0,-0.6000000000000014,1.1000000000000014
2016-07-31,M0017130,在手订单,component,45.5,0.5,1.5
2016-07-31,M0017131,产成品库存,component,46.8,0.29999999999999716,-0.6000000000000014
2016-07-31,M0017132,采购量,component,50.5,0.0,0.20000000000000284
2016-07-31,M0017133,进口,component,49.3,0.19999999999999574,1.5
2016-07-31,M0017134,主要原材料购进价格,component,54.6,3.3000000000000043,9.899999999999999
2016-07-31,M0017135,原材料库存,component,47.3,0.29999999999999716,-1.1000000000000014
2016-07-31,M0017136,从业人员,component,48.2,0.30000000000000426,0.20000000000000284
2016-07-31,M0017137,供应商配送时间,component,50.5,-0.20000000000000284,0.10000000000000142
2016-07-31,M0017126,制造业PMI,headline,49.9,-0.10000000000000142,-0.10000000000000142
2016-07-31,M5207831,建筑业PMI,headline,61.1,-0.8999999999999986,1.0
2016-07-31,M5207838,服务业PMI,headline,52.6,0.3999999999999986,-0.19999999999999574
2016-08-31,M0017127,生产,component,52.6,0.5,0.8999999999999986
2016-08-31,M0017128,新订单,component,51.3,0.8999999999999986,1.5999999999999943
2016-08-31,M0017129,新出口订单,component,49.7,0.7000000000000028,2.0
2016-08-31,M0017130,在手订单,component,45.0,-0.5,0.3999999999999986
2016-08-31,M0017131,产成品库存,component,46.6,-0.19999999999999574,-0.6000000000000014
2016-08-31,M0017132,采购量,component,52.6,2.1000000000000014,3.200000000000003
2016-08-31,M0017133,进口,component,49.5,0.20000000000000284,2.299999999999997
2016-08-31,M0017134,主要原材料购进价格,component,57.2,2.6000000000000014,12.300000000000004
2016-08-31,M0017135,原材料库存,component,47.6,0.30000000000000426,-0.6999999999999957
2016-08-31,M0017136,从业人员,component,48.4,0.19999999999999574,0.5
2016-08-31,M0017137,供应商配送时间,component,50.6,0.10000000000000142,0.0
2016-08-31,M0017126,制造业PMI,headline,50.4,0.5,0.6999999999999957
2016-08-31,M5207831,建筑业PMI,headline,58.2,-2.8999999999999986,0.4000000000000057
2016-08-31,M5207838,服务业PMI,headline,52.7,0.10000000000000142,0.10000000000000142
2016-09-30,M0017127,生产,component,52.8,0.19999999999999574,0.5
2016-09-30,M0017128,新订单,component,50.9,-0.3999999999999986,0.6999999999999957
2016-09-30,M0017129,新出口订单,component,50.1,0.3999999999999986,2.200000000000003
2016-09-30,M0017130,在手订单,component,45.2,0.20000000000000284,1.4000000000000057
2016-09-30,M0017131,产成品库存,component,46.4,-0.20000000000000284,-0.3999999999999986
2016-09-30,M0017132,采购量,component,51.9,-0.7000000000000028,3.299999999999997
2016-09-30,M0017133,进口,component,50.4,0.8999999999999986,2.299999999999997
2016-09-30,M0017134,主要原材料购进价格,component,57.5,0.29999999999999716,11.700000000000003
2016-09-30,M0017135,原材料库存,component,47.4,-0.20000000000000284,-0.10000000000000142
2016-09-30,M0017136,从业人员,component,48.6,0.20000000000000284,0.7000000000000028
2016-09-30,M0017137,供应商配送时间,component,49.9,-0.7000000000000028,-0.8999999999999986
2016-09-30,M0017126,制造业PMI,headline,50.4,0.0,0.6000000000000014
2016-09-30,M5207831,建筑业PMI,headline,61.9,3.6999999999999957,6.699999999999996
2016-09-30,M5207838,服务业PMI,headline,52.3,-0.4000000000000057,-0.7000000000000028
2016-09-30,M6642294,高技术制造业,industry,52.4,,
2016-09-30,M6642295,装备制造业,industry,51.9,,1.0
2016-09-30,M6642296,消费品制造业,industry,50.8,,
2016-10-31,M0017127,生产,component,53.3,0.5,1.0999999999999943
2016-10-31,M0017128,新订单,component,52.8,1.8999999999999986,2.5
2016-10-31,M0017129,新出口订单,component,49.2,-0.8999999999999986,1.8000000000000043
2016-10-31,M0017130,在手订单,component,45.8,0.5999999999999943,1.3999999999999986
2016-10-31,M0017131,产成品库存,component,46.9,0.5,-0.30000000000000426
2016-10-31,M0017132,采购量,component,52.4,0.5,3.6000000000000014
2016-10-31,M0017133,进口,component,49.9,-0.5,2.3999999999999986
2016-10-31,M0017134,主要原材料购进价格,component,62.6,5.100000000000001,18.200000000000003
2016-10-31,M0017135,原材料库存,component,48.1,0.7000000000000028,0.8999999999999986
2016-10-31,M0017136,从业人员,component,48.8,0.19999999999999574,1.0
2016-10-31,M0017137,供应商配送时间,component,50.2,0.30000000000000426,-0.3999999999999986
2016-10-31,M0017126,制造业PMI,headline,51.2,0.8000000000000043,1.4000000000000057
2016-10-31,M5207831,建筑业PMI,headline,61.8,-0.10000000000000142,4.699999999999996
2016-10-31,M5207838,服务业PMI,headline,52.6,0.30000000000000426,0.30000000000000426
2016-10-31,M6642294,高技术制造业,industry,53.7,1.3000000000000043,
2016-10-31,M6642295,装备制造业,industry,52.3,0.3999999999999986,
2016-10-31,M6642296,消费品制造业,industry,51.7,0.9000000000000057,
2016-11-30,M0017127,生产,component,53.9,0.6000000000000014,2.0
2016-11-30,M0017128,新订单,component,53.2,0.4000000000000057,3.4000000000000057
2016-11-30,M0017129,新出口订单,component,50.3,1.0999999999999943,3.8999999999999986
2016-11-30,M0017130,在手订单,component,46.7,0.9000000000000057,3.700000000000003
2016-11-30,M0017131,产成品库存,component,45.9,-1.0,-0.8000000000000043
2016-11-30,M0017132,采购量,component,52.9,0.5,4.600000000000001
2016-11-30,M0017133,进口,component,50.6,0.7000000000000028,3.8999999999999986
2016-11-30,M0017134,主要原材料购进价格,component,68.3,5.699999999999996,27.199999999999996
2016-11-30,M0017135,原材料库存,component,48.4,0.29999999999999716,1.2999999999999972
2016-11-30,M0017136,从业人员,component,49.2,0.4000000000000057,1.6000000000000014
2016-11-30,M0017137,供应商配送时间,component,49.7,-0.5,-0.8999999999999986
2016-11-30,M0017126,制造业PMI,headline,51.7,0.5,2.1000000000000014
2016-11-30,M5207831,建筑业PMI,headline,60.4,-1.3999999999999986,2.299999999999997
2016-11-30,M5207838,服务业PMI,headline,53.7,1.1000000000000014,0.9000000000000057
2016-11-30,M6642296,消费品制造业,industry,53.2,1.5,-0.19999999999999574
2016-12-31,M0017127,生产,component,53.3,-0.6000000000000014,1.0999999999999943
2016-12-31,M0017128,新订单,component,53.2,0.0,3.0
2016-12-31,M0017129,新出口订单,component,50.1,-0.19999999999999574,2.6000000000000014
2016-12-31,M0017130,在手订单,component,46.2,-0.5,2.6000000000000014
2016-12-31,M0017131,产成品库存,component,44.4,-1.5,-1.7000000000000028
2016-12-31,M0017132,采购量,component,52.1,-0.7999999999999972,1.8000000000000043
2016-12-31,M0017133,进口,component,50.3,-0.30000000000000426,2.6999999999999957
2016-12-31,M0017134,主要原材料购进价格,component,69.6,1.2999999999999972,27.199999999999996
2016-12-31,M0017135,原材料库存,component,48.0,-0.3999999999999986,0.3999999999999986
2016-12-31,M0017136,从业人员,component,48.9,-0.30000000000000426,1.5
2016-12-31,M0017137,供应商配送时间,component,50.0,0.29999999999999716,-0.7000000000000028
2016-12-31,M0017126,制造业PMI,headline,51.4,-0.30000000000000426,1.6999999999999957
2016-12-31,M5207831,建筑业PMI,headline,61.9,1.5,3.6000000000000014
2016-12-31,M5207838,服务业PMI,headline,53.2,-0.5,-0.5
2016-12-31,M6642294,高技术制造业,industry,52.0,,
2016-12-31,M6642295,装备制造业,industry,53.8,,2.5999999999999943
2017-01-31,M0017127,生产,component,53.1,-0.19999999999999574,1.7000000000000028
2017-01-31,M0017128,新订单,component,52.8,-0.4000000000000057,3.299999999999997
2017-01-31,M0017129,新出口订单,component,50.3,0.19999999999999574,3.3999999999999986
2017-01-31,M0017130,在手订单,component,46.3,0.09999999999999432,2.8999999999999986
2017-01-31,M0017131,产成品库存,component,45.0,0.6000000000000014,0.3999999999999986
2017-01-31,M0017132,采购量,component,52.6,0.5,3.6000000000000014
2017-01-31,M0017133,进口,component,50.7,0.4000000000000057,4.300000000000004
2017-01-31,M0017134,主要原材料购进价格,component,64.5,-5.099999999999994,19.4
2017-01-31,M0017135,原材料库存,component,48.0,0.0,1.2000000000000028
2017-01-31,M0017136,从业人员,component,49.2,0.30000000000000426,1.4000000000000057
2017-01-31,M0017137,供应商配送时间,component,49.8,-0.20000000000000284,-0.7000000000000028
2017-01-31,M0017126,制造业PMI,headline,51.3,-0.10000000000000142,1.8999999999999986
2017-01-31,M5207831,建筑业PMI,headline,61.1,-0.7999999999999972,3.3000000000000043
2017-01-31,M5207838,服务业PMI,headline,53.5,0.29999999999999716,0.7999999999999972
2017-01-31,M6642294,高技术制造业,industry,52.9,0.8999999999999986,
2017-01-31,M6642295,装备制造业,industry,55.7,1.9000000000000057,6.800000000000004
2017-02-28,M0017127,生产,component,53.7,0.6000000000000014,3.5
2017-02-28,M0017128,新订单,component,53.0,0.20000000000000284,4.399999999999999
2017-02-28,M0017129,新出口订单,component,50.8,0.5,3.3999999999999986
2017-02-28,M0017130,在手订单,component,46.0,-0.29999999999999716,2.1000000000000014
2017-02-28,M0017131,产成品库存,component,47.6,2.6000000000000014,1.2000000000000028
2017-02-28,M0017132,采购量,component,51.4,-1.2000000000000028,3.5
2017-02-28,M0017133,进口,component,51.2,0.5,5.400000000000006
2017-02-28,M0017134,主要原材料购进价格,component,64.2,-0.29999999999999716,14.0
2017-02-28,M0017135,原材料库存,component,48.6,0.6000000000000014,0.6000000000000014
2017-02-28,M0017136,从业人员,component,49.7,0.5,2.1000000000000014
2017-02-28,M0017137,供应商配送时间,component,50.5,0.7000000000000028,0.7000000000000028
2017-02-28,M0017126,制造业PMI,headline,51.6,0.30000000000000426,2.6000000000000014
2017-02-28,M5207831,建筑业PMI,headline,60.1,-1.0,4.899999999999999
2017-02-28,M5207838,服务业PMI,headline,53.2,-0.29999999999999716,1.0
2017-03-31,M0017127,生产,component,54.2,0.5,1.9000000000000057
2017-03-31,M0017128,新订单,component,53.3,0.29999999999999716,1.8999999999999986
2017-03-31,M0017129,新出口订单,component,51.0,0.20000000000000284,0.7999999999999972
2017-03-31,M0017130,在手订单,component,46.1,0.10000000000000142,0.3999999999999986
2017-03-31,M0017131,产成品库存,component,47.3,-0.30000000000000426,1.2999999999999972
2017-03-31,M0017132,采购量,component,53.4,2.0,0.7999999999999972
2017-03-31,M0017133,进口,component,50.5,-0.7000000000000028,0.3999999999999986
2017-03-31,M0017134,主要原材料购进价格,component,59.3,-4.900000000000006,4.0
2017-03-31,M0017135,原材料库存,component,48.3,-0.30000000000000426,0.09999999999999432
2017-03-31,M0017136,从业人员,component,50.0,0.29999999999999716,1.8999999999999986
2017-03-31,M0017137,供应商配送时间,component,50.3,-0.20000000000000284,-1.0
2017-03-31,M0017126,制造业PMI,headline,51.8,0.19999999999999574,1.5999999999999943
2017-03-31,M5207831,建筑业PMI,headline,60.5,0.3999999999999986,2.5
2017-03-31,M5207838,服务业PMI,headline,54.2,1.0,1.1000000000000014
2017-04-30,M0017127,生产,component,53.8,-0.4000000000000057,1.5999999999999943
2017-04-30,M0017128,新订单,component,52.3,-1.0,1.2999999999999972
2017-04-30,M0017129,新出口订单,component,50.6,-0.3999999999999986,0.5
2017-04-30,M0017130,在手订单,component,45.0,-1.1000000000000014,0.20000000000000284
2017-04-30,M0017131,产成品库存,component,48.2,0.9000000000000057,2.700000000000003
2017-04-30,M0017132,采购量,component,51.9,-1.5,0.8999999999999986
2017-04-30,M0017133,进口,component,50.2,-0.29999999999999716,0.7000000000000028
2017-04-30,M0017134,主要原材料购进价格,component,51.8,-7.5,-5.800000000000004
2017-04-30,M0017135,原材料库存,component,48.3,0.0,0.8999999999999986
2017-04-30,M0017136,从业人员,component,49.2,-0.7999999999999972,1.4000000000000057
2017-04-30,M0017137,供应商配送时间,component,50.5,0.20000000000000284,0.3999999999999986
2017-04-30,M0017126,制造业PMI,headline,51.2,-0.5999999999999943,1.1000000000000014
2017-04-30,M5207831,建筑业PMI,headline,61.6,1.1000000000000014,2.200000000000003
2017-04-30,M5207838,服务业PMI,headline,52.6,-1.6000000000000014,0.10000000000000142
2017-04-30,M6642296,消费品制造业,industry,52.2,,
2017-05-31,M0017127,生产,component,53.4,-0.3999999999999986,1.1000000000000014
2017-05-31,M0017128,新订单,component,52.3,0.0,1.5999999999999943
2017-05-31,M0017129,新出口订单,component,50.7,0.10000000000000142,0.7000000000000028
2017-05-31,M0017130,在手订单,component,45.4,0.3999999999999986,0.29999999999999716
2017-05-31,M0017131,产成品库存,component,46.6,-1.6000000000000014,-0.19999999999999574
2017-05-31,M0017132,采购量,component,51.5,-0.3999999999999986,0.29999999999999716
2017-05-31,M0017133,进口,component,50.0,-0.20000000000000284,0.3999999999999986
2017-05-31,M0017134,主要原材料购进价格,component,49.5,-2.299999999999997,-5.799999999999997
2017-05-31,M0017135,原材料库存,component,48.5,0.20000000000000284,0.8999999999999986
2017-05-31,M0017136,从业人员,component,49.4,0.19999999999999574,1.1999999999999957
2017-05-31,M0017137,供应商配送时间,component,50.2,-0.29999999999999716,-0.19999999999999574
2017-05-31,M0017126,制造业PMI,headline,51.2,0.0,1.1000000000000014
2017-05-31,M5207831,建筑业PMI,headline,60.4,-1.2000000000000028,1.0
2017-05-31,M5207838,服务业PMI,headline,53.5,0.8999999999999986,1.5
2017-05-31,M6642296,消费品制造业,industry,53.8,1.5999999999999943,
2017-06-30,M0017127,生产,component,54.4,1.0,1.8999999999999986
2017-06-30,M0017128,新订单,component,53.1,0.8000000000000043,2.6000000000000014
2017-06-30,M0017129,新出口订单,component,52.0,1.2999999999999972,2.3999999999999986
2017-06-30,M0017130,在手订单,component,47.2,1.8000000000000043,2.200000000000003
2017-06-30,M0017131,产成品库存,component,46.3,-0.30000000000000426,-0.20000000000000284
2017-06-30,M0017132,采购量,component,52.5,1.0,2.0
2017-06-30,M0017133,进口,component,51.2,1.2000000000000028,2.1000000000000014
2017-06-30,M0017134,主要原材料购进价格,component,50.4,0.8999999999999986,-0.8999999999999986
2017-06-30,M0017135,原材料库存,component,48.6,0.10000000000000142,1.6000000000000014
2017-06-30,M0017136,从业人员,component,49.0,-0.3999999999999986,1.1000000000000014
2017-06-30,M0017137,供应商配送时间,component,49.9,-0.30000000000000426,-0.8000000000000043
2017-06-30,M0017126,制造业PMI,headline,51.7,0.5,1.7000000000000028
2017-06-30,M5207831,建筑业PMI,headline,61.4,1.0,-0.6000000000000014
2017-06-30,M5207838,服务业PMI,headline,53.8,0.29999999999999716,1.5999999999999943
2017-07-31,M0017127,生产,component,53.5,-0.8999999999999986,1.3999999999999986
2017-07-31,M0017128,新订单,component,52.8,-0.30000000000000426,2.3999999999999986
2017-07-31,M0017129,新出口订单,component,50.9,-1.1000000000000014,1.8999999999999986
2017-07-31,M0017130,在手订单,component,46.3,-0.9000000000000057,0.7999999999999972
2017-07-31,M0017131,产成品库存,component,46.1,-0.19999999999999574,-0.6999999999999957
2017-07-31,M0017132,采购量,component,52.7,0.20000000000000284,2.200000000000003
2017-07-31,M0017133,进口,component,51.1,-0.10000000000000142,1.8000000000000043
2017-07-31,M0017134,主要原材料购进价格,component,57.9,7.5,3.299999999999997
2017-07-31,M0017135,原材料库存,component,48.5,-0.10000000000000142,1.2000000000000028
2017-07-31,M0017136,从业人员,component,49.2,0.20000000000000284,1.0
2017-07-31,M0017137,供应商配送时间,component,50.1,0.20000000000000284,-0.3999999999999986
2017-07-31,M0017126,制造业PMI,headline,51.4,-0.30000000000000426,1.5
2017-07-31,M5207831,建筑业PMI,headline,62.5,1.1000000000000014,1.3999999999999986
2017-07-31,M5207838,服务业PMI,headline,53.1,-0.6999999999999957,0.5
2017-08-31,M0017127,生产,component,54.1,0.6000000000000014,1.5
2017-08-31,M0017128,新订单,component,53.1,0.30000000000000426,1.8000000000000043
2017-08-31,M0017129,新出口订单,component,50.4,-0.5,0.6999999999999957
2017-08-31,M0017130,在手订单,component,46.1,-0.19999999999999574,1.1000000000000014
2017-08-31,M0017131,产成品库存,component,45.5,-0.6000000000000014,-1.1000000000000014
2017-08-31,M0017132,采购量,component,52.9,0.19999999999999574,0.29999999999999716
2017-08-31,M0017133,进口,component,51.4,0.29999999999999716,1.8999999999999986
2017-08-31,M0017134,主要原材料购进价格,component,65.3,7.399999999999999,8.099999999999994
2017-08-31,M0017135,原材料库存,component,48.3,-0.20000000000000284,0.6999999999999957
2017-08-31,M0017136,从业人员,component,49.1,-0.10000000000000142,0.7000000000000028
2017-08-31,M0017137,供应商配送时间,component,49.3,-0.8000000000000043,-1.3000000000000043
2017-08-31,M0017126,制造业PMI,headline,51.7,0.30000000000000426,1.3000000000000043
2017-08-31,M5207831,建筑业PMI,headline,58.0,-4.5,-0.20000000000000284
2017-08-31,M5207838,服务业PMI,headline,52.6,-0.5,-0.10000000000000142
2017-09-30,M0017127,生产,component,54.7,0.6000000000000014,1.9000000000000057
2017-09-30,M0017128,新订单,component,54.8,1.6999999999999957,3.8999999999999986
2017-09-30,M0017129,新出口订单,component,51.3,0.8999999999999986,1.1999999999999957
2017-09-30,M0017130,在手订单,component,47.4,1.2999999999999972,2.1999999999999957
2017-09-30,M0017131,产成品库存,component,44.2,-1.2999999999999972,-2.1999999999999957
2017-09-30,M0017132,采购量,component,53.8,0.8999999999999986,1.8999999999999986
2017-09-30,M0017133,进口,component,51.1,-0.29999999999999716,0.7000000000000028
2017-09-30,M0017134,主要原材料购进价格,component,68.4,3.1000000000000085,10.900000000000006
2017-09-30,M0017135,原材料库存,component,48.9,0.6000000000000014,1.5
2017-09-30,M0017136,从业人员,component,49.0,-0.10000000000000142,0.3999999999999986
2017-09-30,M0017137,供应商配送时间,component,49.3,0.0,-0.6000000000000014
2017-09-30,M0017126,制造业PMI,headline,52.4,0.6999999999999957,2.0
2017-09-30,M5207831,建筑业PMI,headline,61.1,3.1000000000000014,-0.7999999999999972
2017-09-30,M5207838,服务业PMI,headline,54.4,1.7999999999999972,2.1000000000000014
2017-09-30,M6642296,消费品制造业,industry,53.4,,2.6000000000000014
2017-10-31,M0017127,生产,component,53.4,-1.3000000000000043,0.10000000000000142
2017-10-31,M0017128,新订单,component,52.9,-1.8999999999999986,0.10000000000000142
2017-10-31,M0017129,新出口订单,component,50.1,-1.1999999999999957,0.8999999999999986
2017-10-31,M0017130,在手订单,component,45.6,-1.7999999999999972,-0.19999999999999574
2017-10-31,M0017131,产成品库存,component,46.1,1.8999999999999986,-0.7999999999999972
2017-10-31,M0017132,采购量,component,53.2,-0.5999999999999943,0.8000000000000043
2017-10-31,M0017133,进口,component,50.3,-0.8000000000000043,0.3999999999999986
2017-10-31,M0017134,主要原材料购进价格,component,63.4,-5.000000000000007,0.7999999999999972
2017-10-31,M0017135,原材料库存,component,48.6,-0.29999999999999716,0.5
2017-10-31,M0017136,从业人员,component,49.0,0.0,0.20000000000000284
2017-10-31,M0017137,供应商配送时间,component,48.7,-0.5999999999999943,-1.5
2017-10-31,M0017126,制造业PMI,headline,51.6,-0.7999999999999972,0.3999999999999986
2017-10-31,M5207831,建筑业PMI,headline,58.5,-2.6000000000000014,-3.299999999999997
2017-10-31,M5207838,服务业PMI,headline,53.5,-0.8999999999999986,0.8999999999999986
2017-11-30,M0017127,生产,component,54.3,0.8999999999999986,0.3999999999999986
2017-11-30,M0017128,新订单,component,53.6,0.7000000000000028,0.3999999999999986
2017-11-30,M0017129,新出口订单,component,50.8,0.6999999999999957,0.5
2017-11-30,M0017130,在手订单,component,46.6,1.0,-0.10000000000000142
2017-11-30,M0017131,产成品库存,component,46.1,0.0,0.20000000000000284
2017-11-30,M0017132,采购量,component,53.5,0.29999999999999716,0.6000000000000014
2017-11-30,M0017133,进口,component,51.0,0.7000000000000028,0.3999999999999986
2017-11-30,M0017134,主要原材料购进价格,component,59.8,-3.6000000000000014,-8.5
2017-11-30,M0017135,原材料库存,component,48.4,-0.20000000000000284,0.0
2017-11-30,M0017136,从业人员,component,48.8,-0.20000000000000284,-0.4000000000000057
2017-11-30,M0017137,供应商配送时间,component,49.5,0.7999999999999972,-0.20000000000000284
2017-11-30,M0017126,制造业PMI,headline,51.8,0.19999999999999574,0.09999999999999432
2017-11-30,M5207831,建筑业PMI,headline,61.4,2.8999999999999986,1.0
2017-11-30,M5207838,服务业PMI,headline,53.6,0.10000000000000142,-0.10000000000000142
2017-12-31,M0017127,生产,component,54.0,-0.29999999999999716,0.7000000000000028
2017-12-31,M0017128,新订单,component,53.4,-0.20000000000000284,0.19999999999999574
2017-12-31,M0017129,新出口订单,component,51.9,1.1000000000000014,1.7999999999999972
2017-12-31,M0017130,在手订单,component,46.3,-0.30000000000000426,0.09999999999999432
2017-12-31,M0017131,产成品库存,component,45.8,-0.30000000000000426,1.3999999999999986
2017-12-31,M0017132,采购量,component,53.6,0.10000000000000142,1.5
2017-12-31,M0017133,进口,component,51.2,0.20000000000000284,0.9000000000000057
2017-12-31,M0017134,主要原材料购进价格,component,62.2,2.4000000000000057,-7.3999999999999915
2017-12-31,M0017135,原材料库存,component,48.0,-0.3999999999999986,0.0
2017-12-31,M0017136,从业人员,component,48.5,-0.29999999999999716,-0.3999999999999986
2017-12-31,M0017137,供应商配送时间,component,49.3,-0.20000000000000284,-0.7000000000000028
2017-12-31,M0017126,制造业PMI,headline,51.6,-0.19999999999999574,0.20000000000000284
2017-12-31,M5207831,建筑业PMI,headline,63.9,2.5,2.0
2017-12-31,M5207838,服务业PMI,headline,53.4,-0.20000000000000284,0.19999999999999574
2017-12-31,M6642295,装备制造业,industry,52.6,,-1.1999999999999957
2017-12-31,M6642296,消费品制造业,industry,52.4,,
2017-12-31,M6642297,基础原材料行业,industry,50.3,,
2018-01-31,M0017127,生产,component,53.5,-0.5,0.3999999999999986
2018-01-31,M0017128,新订单,component,52.6,-0.7999999999999972,-0.19999999999999574
2018-01-31,M0017129,新出口订单,component,49.5,-2.3999999999999986,-0.7999999999999972
2018-01-31,M0017130,在手订单,component,45.3,-1.0,-1.0
2018-01-31,M0017131,产成品库存,component,47.0,1.2000000000000028,2.0
2018-01-31,M0017132,采购量,component,52.9,-0.7000000000000028,0.29999999999999716
2018-01-31,M0017133,进口,component,50.4,-0.8000000000000043,-0.30000000000000426
2018-01-31,M0017134,主要原材料购进价格,component,59.7,-2.5,-4.799999999999997
2018-01-31,M0017135,原材料库存,component,48.8,0.7999999999999972,0.7999999999999972
2018-01-31,M0017136,从业人员,component,48.3,-0.20000000000000284,-0.9000000000000057
2018-01-31,M0017137,供应商配送时间,component,49.2,-0.09999999999999432,-0.5999999999999943
2018-01-31,M0017126,制造业PMI,headline,51.3,-0.30000000000000426,0.0
2018-01-31,M5207831,建筑业PMI,headline,60.5,-3.3999999999999986,-0.6000000000000014
2018-01-31,M5207838,服务业PMI,headline,54.4,1.0,0.8999999999999986
2018-01-31,M6642295,装备制造业,industry,50.0,-2.6000000000000014,-5.700000000000003
2018-01-31,M6642296,消费品制造业,industry,52.7,0.30000000000000426,
2018-01-31,M6642297,基础原材料行业,industry,51.0,0.7000000000000028,
2018-02-28,M0017127,生产,component,50.7,-2.799999999999997,-3.0
2018-02-28,M0017128,新订单,component,51.0,-1.6000000000000014,-2.0
2018-02-28,M0017129,新出口订单,component,49.0,-0.5,-1.7999999999999972
2018-02-28,M0017130,在手订单,component,44.9,-0.3999999999999986,-1.1000000000000014
2018-02-28,M0017131,产成品库存,component,46.7,-0.29999999999999716,-0.8999999999999986
2018-02-28,M0017132,采购量,component,50.8,-2.1000000000000014,-0.6000000000000014
2018-02-28,M0017133,进口,component,49.8,-0.6000000000000014,-1.4000000000000057
2018-02-28,M0017134,主要原材料购进价格,component,53.4,-6.300000000000004,-10.800000000000004
2018-02-28,M0017135,原材料库存,component,49.3,0.5,0.6999999999999957
2018-02-28,M0017136,从业人员,component,48.1,-0.19999999999999574,-1.6000000000000014
2018-02-28,M0017137,供应商配送时间,component,48.4,-0.8000000000000043,-2.1000000000000014
2018-02-28,M0017126,制造业PMI,headline,50.3,-1.0,-1.3000000000000043
2018-02-28,M5207831,建筑业PMI,headline,57.5,-3.0,-2.6000000000000014
2018-02-28,M5207838,服务业PMI,headline,53.8,-0.6000000000000014,0.5999999999999943
2018-02-28,M6642295,装备制造业,industry,51.0,1.0,
2018-02-28,M6642296,消费品制造业,industry,50.5,-2.200000000000003,
2018-02-28,M6642297,基础原材料行业,industry,48.8,-2.200000000000003,
2018-03-31,M0017127,生产,component,53.1,2.3999999999999986,-1.1000000000000014
2018-03-31,M0017128,新订单,component,53.3,2.299999999999997,0.0
2018-03-31,M0017129,新出口订单,component,51.3,2.299999999999997,0.29999999999999716
2018-03-31,M0017130,在手订单,component,46.0,1.1000000000000014,-0.10000000000000142
2018-03-31,M0017131,产成品库存,component,47.3,0.5999999999999943,0.0
2018-03-31,M0017132,采购量,component,53.0,2.200000000000003,-0.3999999999999986
2018-03-31,M0017133,进口,component,51.3,1.5,0.7999999999999972
2018-03-31,M0017134,主要原材料购进价格,component,53.4,0.0,-5.899999999999999
2018-03-31,M0017135,原材料库存,component,49.6,0.30000000000000426,1.3000000000000043
2018-03-31,M0017136,从业人员,component,49.1,1.0,-0.8999999999999986
2018-03-31,M0017137,供应商配送时间,component,50.1,1.7000000000000028,-0.19999999999999574
2018-03-31,M0017126,制造业PMI,headline,51.5,1.2000000000000028,-0.29999999999999716
2018-03-31,M5207831,建筑业PMI,headline,60.7,3.200000000000003,0.20000000000000284
2018-03-31,M5207838,服务业PMI,headline,53.6,-0.19999999999999574,-0.6000000000000014
2018-03-31,M6642294,高技术制造业,industry,53.2,,
2018-03-31,M6642295,装备制造业,industry,52.2,1.2000000000000028,
2018-03-31,M6642296,消费品制造业,industry,53.1,2.6000000000000014,
2018-04-30,M0017127,生产,component,53.1,0.0,-0.6999999999999957
2018-04-30,M0017128,新订单,component,52.9,-0.3999999999999986,0.6000000000000014
2018-04-30,M0017129,新出口订单,component,50.7,-0.5999999999999943,0.10000000000000142
2018-04-30,M0017130,在手订单,component,46.2,0.20000000000000284,1.2000000000000028
2018-04-30,M0017131,产成品库存,component,47.2,-0.09999999999999432,-1.0
2018-04-30,M0017132,采购量,component,52.6,-0.3999999999999986,0.7000000000000028
2018-04-30,M0017133,进口,component,50.2,-1.0999999999999943,0.0
2018-04-30,M0017134,主要原材料购进价格,component,53.0,-0.3999999999999986,1.2000000000000028
2018-04-30,M0017135,原材料库存,component,49.5,-0.10000000000000142,1.2000000000000028
2018-04-30,M0017136,从业人员,component,49.0,-0.10000000000000142,-0.20000000000000284
2018-04-30,M0017137,供应商配送时间,component,50.2,0.10000000000000142,-0.29999999999999716
2018-04-30,M0017126,制造业PMI,headline,51.4,-0.10000000000000142,0.19999999999999574
2018-04-30,M5207831,建筑业PMI,headline,60.6,-0.10000000000000142,-1.0
2018-04-30,M5207838,服务业PMI,headline,53.8,0.19999999999999574,1.1999999999999957
2018-04-30,M6642294,高技术制造业,industry,53.8,0.5999999999999943,
2018-04-30,M6642295,装备制造业,industry,51.7,-0.5,
2018-04-30,M6642297,基础原材料行业,industry,49.9,,
2018-05-31,M0017127,生产,component,54.1,1.0,0.7000000000000028
2018-05-31,M0017128,新订单,component,53.8,0.8999999999999986,1.5
2018-05-31,M0017129,新出口订单,component,51.2,0.5,0.5
2018-05-31,M0017130,在手订单,component,45.9,-0.30000000000000426,0.5
2018-05-31,M0017131,产成品库存,component,46.1,-1.1000000000000014,-0.5
2018-05-31,M0017132,采购量,component,53.0,0.3999999999999986,1.5
2018-05-31,M0017133,进口,component,50.9,0.6999999999999957,0.8999999999999986
2018-05-31,M0017134,主要原材料购进价格,component,56.7,3.700000000000003,7.200000000000003
2018-05-31,M0017135,原材料库存,component,49.6,0.10000000000000142,1.1000000000000014
2018-05-31,M0017136,从业人员,component,49.1,0.10000000000000142,-0.29999999999999716
2018-05-31,M0017137,供应商配送时间,component,50.1,-0.10000000000000142,-0.10000000000000142
2018-05-31,M0017126,制造业PMI,headline,51.9,0.5,0.6999999999999957
2018-05-31,M5207831,建筑业PMI,headline,60.1,-0.5,-0.29999999999999716
2018-05-31,M5207838,服务业PMI,headline,54.0,0.20000000000000284,0.5
2018-05-31,M6642294,高技术制造业,industry,54.8,1.0,
2018-05-31,M6642295,装备制造业,industry,53.0,1.2999999999999972,
2018-05-31,M6642296,消费品制造业,industry,52.7,,-1.0999999999999943
2018-05-31,M6642297,基础原材料行业,industry,50.5,0.6000000000000014,
2018-06-30,M0017127,生产,component,53.6,-0.5,-0.7999999999999972
2018-06-30,M0017128,新订单,component,53.2,-0.5999999999999943,0.10000000000000142
2018-06-30,M0017129,新出口订单,component,49.8,-1.4000000000000057,-2.200000000000003
2018-06-30,M0017130,在手订单,component,45.5,-0.3999999999999986,-1.7000000000000028
2018-06-30,M0017131,产成品库存,component,46.3,0.19999999999999574,0.0
2018-06-30,M0017132,采购量,component,52.8,-0.20000000000000284,0.29999999999999716
2018-06-30,M0017133,进口,component,50.0,-0.8999999999999986,-1.2000000000000028
2018-06-30,M0017134,主要原材料购进价格,component,57.7,1.0,7.300000000000004
2018-06-30,M0017135,原材料库存,component,48.8,-0.8000000000000043,0.19999999999999574
2018-06-30,M0017136,从业人员,component,49.0,-0.10000000000000142,0.0
2018-06-30,M0017137,供应商配送时间,component,50.2,0.10000000000000142,0.30000000000000426
2018-06-30,M0017126,制造业PMI,headline,51.5,-0.3999999999999986,-0.20000000000000284
2018-06-30,M5207831,建筑业PMI,headline,60.7,0.6000000000000014,-0.6999999999999957
2018-06-30,M5207838,服务业PMI,headline,54.0,0.0,0.20000000000000284
2018-06-30,M6642294,高技术制造业,industry,54.2,-0.5999999999999943,
2018-06-30,M6642295,装备制造业,industry,52.4,-0.6000000000000014,
2018-06-30,M6642296,消费品制造业,industry,51.8,-0.9000000000000057,
2018-07-31,M0017127,生产,component,53.0,-0.6000000000000014,-0.5
2018-07-31,M0017128,新订单,component,52.3,-0.9000000000000057,-0.5
2018-07-31,M0017129,新出口订单,component,49.8,0.0,-1.1000000000000014
2018-07-31,M0017130,在手订单,component,45.7,0.20000000000000284,-0.5999999999999943
2018-07-31,M0017131,产成品库存,component,47.1,0.8000000000000043,1.0
2018-07-31,M0017132,采购量,component,51.5,-1.2999999999999972,-1.2000000000000028
2018-07-31,M0017133,进口,component,49.6,-0.3999999999999986,-1.5
2018-07-31,M0017134,主要原材料购进价格,component,54.3,-3.4000000000000057,-3.6000000000000014
2018-07-31,M0017135,原材料库存,component,48.9,0.10000000000000142,0.3999999999999986
2018-07-31,M0017136,从业人员,component,49.2,0.20000000000000284,0.0
2018-07-31,M0017137,供应商配送时间,component,50.0,-0.20000000000000284,-0.10000000000000142
2018-07-31,M0017126,制造业PMI,headline,51.2,-0.29999999999999716,-0.19999999999999574
2018-07-31,M5207831,建筑业PMI,headline,59.5,-1.2000000000000028,-3.0
2018-07-31,M5207838,服务业PMI,headline,53.0,-1.0,-0.10000000000000142
2018-07-31,M6642294,高技术制造业,industry,52.6,-1.6000000000000014,
2018-07-31,M6642295,装备制造业,industry,52.0,-0.3999999999999986,
2018-07-31,M6642296,消费品制造业,industry,52.4,0.6000000000000014,
2018-08-31,M0017127,生产,component,53.3,0.29999999999999716,-0.8000000000000043
2018-08-31,M0017128,新订单,component,52.2,-0.09999999999999432,-0.8999999999999986
2018-08-31,M0017129,新出口订单,component,49.4,-0.3999999999999986,-1.0
2018-08-31,M0017130,在手订单,component,46.7,1.0,0.6000000000000014
2018-08-31,M0017131,产成品库存,component,47.4,0.29999999999999716,1.8999999999999986
2018-08-31,M0017132,采购量,component,51.8,0.29999999999999716,-1.1000000000000014
2018-08-31,M0017133,进口,component,49.1,-0.5,-2.299999999999997
2018-08-31,M0017134,主要原材料购进价格,component,58.7,4.400000000000006,-6.599999999999994
2018-08-31,M0017135,原材料库存,component,48.7,-0.19999999999999574,0.4000000000000057
2018-08-31,M0017136,从业人员,component,49.4,0.19999999999999574,0.29999999999999716
2018-08-31,M0017137,供应商配送时间,component,49.6,-0.3999999999999986,0.30000000000000426
2018-08-31,M0017126,制造业PMI,headline,51.3,0.09999999999999432,-0.4000000000000057
2018-08-31,M5207831,建筑业PMI,headline,59.0,-0.5,1.0
2018-08-31,M5207838,服务业PMI,headline,53.4,0.3999999999999986,0.7999999999999972
2018-09-30,M0017127,生产,component,53.0,-0.29999999999999716,-1.7000000000000028
2018-09-30,M0017128,新订单,component,52.0,-0.20000000000000284,-2.799999999999997
2018-09-30,M0017129,新出口订单,component,48.0,-1.3999999999999986,-3.299999999999997
2018-09-30,M0017130,在手订单,component,45.2,-1.5,-2.1999999999999957
2018-09-30,M0017131,产成品库存,component,47.4,0.0,3.1999999999999957
2018-09-30,M0017132,采购量,component,51.5,-0.29999999999999716,-2.299999999999997
2018-09-30,M0017133,进口,component,48.5,-0.6000000000000014,-2.6000000000000014
2018-09-30,M0017134,主要原材料购进价格,component,59.8,1.0999999999999943,-8.600000000000009
2018-09-30,M0017135,原材料库存,component,47.8,-0.9000000000000057,-1.1000000000000014
2018-09-30,M0017136,从业人员,component,48.3,-1.1000000000000014,-0.7000000000000028
2018-09-30,M0017137,供应商配送时间,component,49.7,0.10000000000000142,0.4000000000000057
2018-09-30,M0017126,制造业PMI,headline,50.8,-0.5,-1.6000000000000014
2018-09-30,M5207831,建筑业PMI,headline,63.4,4.399999999999999,2.299999999999997
2018-09-30,M5207838,服务业PMI,headline,53.4,0.0,-1.0
2018-10-31,M0017127,生产,component,52.0,-1.0,-1.3999999999999986
2018-10-31,M0017128,新订单,component,50.8,-1.2000000000000028,-2.1000000000000014
2018-10-31,M0017129,新出口订单,component,46.9,-1.1000000000000014,-3.200000000000003
2018-10-31,M0017130,在手订单,component,44.3,-0.9000000000000057,-1.3000000000000043
2018-10-31,M0017131,产成品库存,component,47.1,-0.29999999999999716,1.0
2018-10-31,M0017132,采购量,component,51.0,-0.5,-2.200000000000003
2018-10-31,M0017133,进口,component,47.6,-0.8999999999999986,-2.6999999999999957
2018-10-31,M0017134,主要原材料购进价格,component,58.0,-1.7999999999999972,-5.399999999999999
2018-10-31,M0017135,原材料库存,component,47.2,-0.5999999999999943,-1.3999999999999986
2018-10-31,M0017136,从业人员,component,48.1,-0.19999999999999574,-0.8999999999999986
2018-10-31,M0017137,供应商配送时间,component,49.5,-0.20000000000000284,0.7999999999999972
2018-10-31,M0017126,制造业PMI,headline,50.2,-0.5999999999999943,-1.3999999999999986
2018-10-31,M5207831,建筑业PMI,headline,63.9,0.5,5.399999999999999
2018-10-31,M5207838,服务业PMI,headline,52.1,-1.2999999999999972,-1.3999999999999986
2018-10-31,M6642294,高技术制造业,industry,51.6,,
2018-11-30,M0017127,生产,component,51.9,-0.10000000000000142,-2.3999999999999986
2018-11-30,M0017128,新订单,component,50.4,-0.3999999999999986,-3.200000000000003
2018-11-30,M0017129,新出口订单,component,47.0,0.10000000000000142,-3.799999999999997
2018-11-30,M0017130,在手订单,component,44.3,0.0,-2.3000000000000043
2018-11-30,M0017131,产成品库存,component,48.6,1.5,2.5
2018-11-30,M0017132,采购量,component,50.8,-0.20000000000000284,-2.700000000000003
2018-11-30,M0017133,进口,component,47.1,-0.5,-3.8999999999999986
2018-11-30,M0017134,主要原材料购进价格,component,50.3,-7.700000000000003,-9.5
2018-11-30,M0017135,原材料库存,component,47.4,0.19999999999999574,-1.0
2018-11-30,M0017136,从业人员,component,48.3,0.19999999999999574,-0.5
2018-11-30,M0017137,供应商配送时间,component,50.3,0.7999999999999972,0.7999999999999972
2018-11-30,M0017126,制造业PMI,headline,50.0,-0.20000000000000284,-1.7999999999999972
2018-11-30,M5207831,建筑业PMI,headline,59.3,-4.600000000000001,-2.1000000000000014
2018-11-30,M5207838,服务业PMI,headline,52.4,0.29999999999999716,-1.2000000000000028
2018-12-31,M0017127,生产,component,50.8,-1.1000000000000014,-3.200000000000003
2018-12-31,M0017128,新订单,component,49.7,-0.6999999999999957,-3.6999999999999957
2018-12-31,M0017129,新出口订单,component,46.6,-0.3999999999999986,-5.299999999999997
2018-12-31,M0017130,在手订单,component,44.1,-0.19999999999999574,-2.1999999999999957
2018-12-31,M0017131,产成品库存,component,48.2,-0.3999999999999986,2.4000000000000057
2018-12-31,M0017132,采购量,component,49.8,-1.0,-3.8000000000000043
2018-12-31,M0017133,进口,component,45.9,-1.2000000000000028,-5.300000000000004
2018-12-31,M0017134,主要原材料购进价格,component,44.8,-5.5,-17.400000000000006
2018-12-31,M0017135,原材料库存,component,47.1,-0.29999999999999716,-0.8999999999999986
2018-12-31,M0017136,从业人员,component,48.0,-0.29999999999999716,-0.5
2018-12-31,M0017137,供应商配送时间,component,50.4,0.10000000000000142,1.1000000000000014
2018-12-31,M0017126,制造业PMI,headline,49.4,-0.6000000000000014,-2.200000000000003
2018-12-31,M5207831,建筑业PMI,headline,62.6,3.3000000000000043,-1.2999999999999972
2018-12-31,M5207838,服务业PMI,headline,52.3,-0.10000000000000142,-1.1000000000000014
2018-12-31,M6642294,高技术制造业,industry,48.1,,
2018-12-31,M6642296,消费品制造业,industry,49.1,,-3.299999999999997
2019-01-31,M0017127,生产,component,50.9,0.10000000000000142,-2.6000000000000014
2019-01-31,M0017128,新订单,component,49.6,-0.10000000000000142,-3.0
2019-01-31,M0017129,新出口订单,component,46.9,0.29999999999999716,-2.6000000000000014
2019-01-31,M0017130,在手订单,component,43.7,-0.3999999999999986,-1.5999999999999943
2019-01-31,M0017131,产成品库存,component,47.1,-1.1000000000000014,0.10000000000000142
2019-01-31,M0017132,采购量,component,49.1,-0.6999999999999957,-3.799999999999997
2019-01-31,M0017133,进口,component,47.1,1.2000000000000028,-3.299999999999997
2019-01-31,M0017134,主要原材料购进价格,component,46.3,1.5,-13.400000000000006
2019-01-31,M0017135,原材料库存,component,48.1,1.0,-0.6999999999999957
2019-01-31,M0017136,从业人员,component,47.8,-0.20000000000000284,-0.5
2019-01-31,M0017137,供应商配送时间,component,50.1,-0.29999999999999716,0.8999999999999986
2019-01-31,M0017126,制造业PMI,headline,49.5,0.10000000000000142,-1.7999999999999972
2019-01-31,M5207831,建筑业PMI,headline,60.9,-1.7000000000000028,0.3999999999999986
2019-01-31,M5207838,服务业PMI,headline,53.6,1.3000000000000043,-0.7999999999999972
2019-01-31,M6642294,高技术制造业,industry,49.6,1.5,
2019-01-31,M6642295,装备制造业,industry,49.4,,-0.6000000000000014
2019-01-31,M6642296,消费品制造业,industry,49.6,0.5,-3.1000000000000014
2019-01-31,M6642297,基础原材料行业,industry,48.9,,-2.1000000000000014
2019-02-28,M0017127,生产,component,49.5,-1.3999999999999986,-1.2000000000000028
2019-02-28,M0017128,新订单,component,50.6,1.0,-0.3999999999999986
2019-02-28,M0017129,新出口订单,component,45.2,-1.6999999999999957,-3.799999999999997
2019-02-28,M0017130,在手订单,component,43.6,-0.10000000000000142,-1.2999999999999972
2019-02-28,M0017131,产成品库存,component,46.4,-0.7000000000000028,-0.30000000000000426
2019-02-28,M0017132,采购量,component,48.3,-0.8000000000000043,-2.5
2019-02-28,M0017133,进口,component,44.8,-2.3000000000000043,-5.0
2019-02-28,M0017134,主要原材料购进价格,component,51.9,5.600000000000001,-1.5
2019-02-28,M0017135,原材料库存,component,46.3,-1.8000000000000043,-3.0
2019-02-28,M0017136,从业人员,component,47.5,-0.29999999999999716,-0.6000000000000014
2019-02-28,M0017137,供应商配送时间,component,49.8,-0.30000000000000426,1.3999999999999986
2019-02-28,M0017126,制造业PMI,headline,49.2,-0.29999999999999716,-1.0999999999999943
2019-02-28,M5207831,建筑业PMI,headline,59.2,-1.6999999999999957,1.7000000000000028
2019-02-28,M5207838,服务业PMI,headline,53.5,-0.10000000000000142,-0.29999999999999716
2019-02-28,M6642294,高技术制造业,industry,51.4,1.7999999999999972,
2019-02-28,M6642295,装备制造业,industry,50.0,0.6000000000000014,-1.0
2019-02-28,M6642297,基础原材料行业,industry,48.1,-0.7999999999999972,-0.6999999999999957
2019-03-31,M0017127,生产,component,52.7,3.200000000000003,-0.3999999999999986
2019-03-31,M0017128,新订单,component,51.6,1.0,-1.6999999999999957
2019-03-31,M0017129,新出口订单,component,47.1,1.8999999999999986,-4.199999999999996
2019-03-31,M0017130,在手订单,component,46.4,2.799999999999997,0.3999999999999986
2019-03-31,M0017131,产成品库存,component,47.0,0.6000000000000014,-0.29999999999999716
2019-03-31,M0017132,采购量,component,51.2,2.9000000000000057,-1.7999999999999972
2019-03-31,M0017133,进口,component,48.7,3.9000000000000057,-2.5999999999999943
2019-03-31,M0017134,主要原材料购进价格,component,53.5,1.6000000000000014,0.10000000000000142
2019-03-31,M0017135,原材料库存,component,48.4,2.1000000000000014,-1.2000000000000028
2019-03-31,M0017136,从业人员,component,47.6,0.10000000000000142,-1.5
2019-03-31,M0017137,供应商配送时间,component,50.2,0.4000000000000057,0.10000000000000142
2019-03-31,M0017126,制造业PMI,headline,50.5,1.2999999999999972,-1.0
2019-03-31,M5207831,建筑业PMI,headline,61.7,2.5,1.0
2019-03-31,M5207838,服务业PMI,headline,53.6,0.10000000000000142,0.0
2019-03-31,M6642294,高技术制造业,industry,52.0,0.6000000000000014,-1.2000000000000028
2019-03-31,M6642295,装备制造业,industry,51.2,1.2000000000000028,-1.0
2019-04-30,M0017127,生产,component,52.1,-0.6000000000000014,-1.0
2019-04-30,M0017128,新订单,component,51.4,-0.20000000000000284,-1.5
2019-04-30,M0017129,新出口订单,component,49.2,2.1000000000000014,-1.5
2019-04-30,M0017130,在手订单,component,44.0,-2.3999999999999986,-2.200000000000003
2019-04-30,M0017131,产成品库存,component,46.5,-0.5,-0.7000000000000028
2019-04-30,M0017132,采购量,component,51.1,-0.10000000000000142,-1.5
2019-04-30,M0017133,进口,component,49.7,1.0,-0.5
2019-04-30,M0017134,主要原材料购进价格,component,53.1,-0.3999999999999986,0.10000000000000142
2019-04-30,M0017135,原材料库存,component,47.2,-1.1999999999999957,-2.299999999999997
2019-04-30,M0017136,从业人员,component,47.2,-0.3999999999999986,-1.7999999999999972
2019-04-30,M0017137,供应商配送时间,component,49.9,-0.30000000000000426,-0.30000000000000426
2019-04-30,M0017126,制造业PMI,headline,50.1,-0.3999999999999986,-1.2999999999999972
2019-04-30,M5207831,建筑业PMI,headline,60.1,-1.6000000000000014,-0.5
2019-04-30,M5207838,服务业PMI,headline,53.3,-0.30000000000000426,-0.5
2019-04-30,M6642294,高技术制造业,industry,52.9,0.8999999999999986,-0.8999999999999986
2019-05-31,M0017127,生产,component,51.7,-0.3999999999999986,-2.3999999999999986
2019-05-31,M0017128,新订单,component,49.8,-1.6000000000000014,-4.0
2019-05-31,M0017129,新出口订单,component,46.5,-2.700000000000003,-4.700000000000003
2019-05-31,M0017130,在手订单,component,44.3,0.29999999999999716,-1.6000000000000014
2019-05-31,M0017131,产成品库存,component,48.1,1.6000000000000014,2.0
2019-05-31,M0017132,采购量,component,50.5,-0.6000000000000014,-2.5
2019-05-31,M0017133,进口,component,47.1,-2.6000000000000014,-3.799999999999997
2019-05-31,M0017134,主要原材料购进价格,component,51.8,-1.3000000000000043,-4.900000000000006
2019-05-31,M0017135,原材料库存,component,47.4,0.19999999999999574,-2.200000000000003
2019-05-31,M0017136,从业人员,component,47.0,-0.20000000000000284,-2.1000000000000014
2019-05-31,M0017137,供应商配送时间,component,50.9,1.0,0.7999999999999972
2019-05-31,M0017126,制造业PMI,headline,49.4,-0.7000000000000028,-2.5
2019-05-31,M5207831,建筑业PMI,headline,58.6,-1.5,-1.5
2019-05-31,M5207838,服务业PMI,headline,53.5,0.20000000000000284,-0.5
2019-05-31,M6642294,高技术制造业,industry,52.1,-0.7999999999999972,-2.6999999999999957
2019-05-31,M6642295,装备制造业,industry,49.8,,-3.200000000000003
2019-06-30,M0017127,生产,component,51.3,-0.4000000000000057,-2.3000000000000043
2019-06-30,M0017128,新订单,component,49.6,-0.19999999999999574,-3.6000000000000014
2019-06-30,M0017129,新出口订单,component,46.3,-0.20000000000000284,-3.5
2019-06-30,M0017130,在手订单,component,44.5,0.20000000000000284,-1.0
2019-06-30,M0017131,产成品库存,component,48.1,0.0,1.8000000000000043
2019-06-30,M0017132,采购量,component,49.7,-0.7999999999999972,-3.0999999999999943
2019-06-30,M0017133,进口,component,46.8,-0.30000000000000426,-3.200000000000003
2019-06-30,M0017134,主要原材料购进价格,component,49.0,-2.799999999999997,-8.700000000000003
2019-06-30,M0017135,原材料库存,component,48.2,0.8000000000000043,-0.5999999999999943
2019-06-30,M0017136,从业人员,component,46.9,-0.10000000000000142,-2.1000000000000014
2019-06-30,M0017137,供应商配送时间,component,50.2,-0.6999999999999957,0.0
2019-06-30,M0017126,制造业PMI,headline,49.4,0.0,-2.1000000000000014
2019-06-30,M5207831,建筑业PMI,headline,58.7,0.10000000000000142,-2.0
2019-06-30,M5207838,服务业PMI,headline,53.4,-0.10000000000000142,-0.6000000000000014
2019-06-30,M6642294,高技术制造业,industry,51.7,-0.3999999999999986,-2.5
2019-06-30,M6642295,装备制造业,industry,50.0,0.20000000000000284,-2.3999999999999986
2019-07-31,M0017127,生产,component,52.1,0.8000000000000043,-0.8999999999999986
2019-07-31,M0017128,新订单,component,49.8,0.19999999999999574,-2.5
2019-07-31,M0017129,新出口订单,component,46.9,0.6000000000000014,-2.8999999999999986
2019-07-31,M0017130,在手订单,component,44.7,0.20000000000000284,-1.0
2019-07-31,M0017131,产成品库存,component,47.0,-1.1000000000000014,-0.10000000000000142
2019-07-31,M0017132,采购量,component,50.4,0.6999999999999957,-1.1000000000000014
2019-07-31,M0017133,进口,component,47.4,0.6000000000000014,-2.200000000000003
2019-07-31,M0017134,主要原材料购进价格,component,50.7,1.7000000000000028,-3.5999999999999943
2019-07-31,M0017135,原材料库存,component,48.0,-0.20000000000000284,-0.8999999999999986
2019-07-31,M0017136,从业人员,component,47.1,0.20000000000000284,-2.1000000000000014
2019-07-31,M0017137,供应商配送时间,component,50.1,-0.10000000000000142,0.10000000000000142
2019-07-31,M0017126,制造业PMI,headline,49.7,0.30000000000000426,-1.5
2019-07-31,M5207831,建筑业PMI,headline,58.2,-0.5,-1.2999999999999972
2019-07-31,M5207838,服务业PMI,headline,52.9,-0.5,-0.10000000000000142
2019-07-31,M6642295,装备制造业,industry,49.2,-0.7999999999999972,-2.799999999999997
2019-08-31,M0017127,生产,component,51.9,-0.20000000000000284,-1.3999999999999986
2019-08-31,M0017128,新订单,component,49.7,-0.09999999999999432,-2.5
2019-08-31,M0017129,新出口订单,component,47.2,0.30000000000000426,-2.1999999999999957
2019-08-31,M0017130,在手订单,component,44.8,0.09999999999999432,-1.9000000000000057
2019-08-31,M0017131,产成品库存,component,47.8,0.7999999999999972,0.3999999999999986
2019-08-31,M0017132,采购量,component,49.3,-1.1000000000000014,-2.5
2019-08-31,M0017133,进口,component,46.7,-0.6999999999999957,-2.3999999999999986
2019-08-31,M0017134,主要原材料购进价格,component,48.6,-2.1000000000000014,-10.100000000000001
2019-08-31,M0017135,原材料库存,component,47.5,-0.5,-1.2000000000000028
2019-08-31,M0017136,从业人员,component,46.9,-0.20000000000000284,-2.5
2019-08-31,M0017137,供应商配送时间,component,50.3,0.19999999999999574,0.6999999999999957
2019-08-31,M0017126,制造业PMI,headline,49.5,-0.20000000000000284,-1.7999999999999972
2019-08-31,M5207831,建筑业PMI,headline,61.2,3.0,2.200000000000003
2019-08-31,M5207838,服务业PMI,headline,52.5,-0.3999999999999986,-0.8999999999999986
2019-08-31,M6642294,高技术制造业,industry,51.2,,
2019-08-31,M6642295,装备制造业,industry,50.2,1.0,
2019-09-30,M0017127,生产,component,52.3,0.3999999999999986,-0.7000000000000028
2019-09-30,M0017128,新订单,component,50.5,0.7999999999999972,-1.5
2019-09-30,M0017129,新出口订单,component,48.2,1.0,0.20000000000000284
2019-09-30,M0017130,在手订单,component,44.7,-0.09999999999999432,-0.5
2019-09-30,M0017131,产成品库存,component,47.1,-0.6999999999999957,-0.29999999999999716
2019-09-30,M0017132,采购量,component,50.4,1.1000000000000014,-1.1000000000000014
2019-09-30,M0017133,进口,component,47.1,0.3999999999999986,-1.3999999999999986
2019-09-30,M0017134,主要原材料购进价格,component,52.2,3.6000000000000014,-7.599999999999994
2019-09-30,M0017135,原材料库存,component,47.6,0.10000000000000142,-0.19999999999999574
2019-09-30,M0017136,从业人员,component,47.0,0.10000000000000142,-1.2999999999999972
2019-09-30,M0017137,供应商配送时间,component,50.5,0.20000000000000284,0.7999999999999972
2019-09-30,M0017126,制造业PMI,headline,49.8,0.29999999999999716,-1.0
2019-09-30,M5207831,建筑业PMI,headline,57.6,-3.6000000000000014,-5.799999999999997
2019-09-30,M5207838,服务业PMI,headline,53.0,0.5,-0.3999999999999986
2019-09-30,M6642294,高技术制造业,industry,51.3,0.09999999999999432,
2019-09-30,M6642295,装备制造业,industry,49.8,-0.4000000000000057,
2019-09-30,M6642296,消费品制造业,industry,50.5,,
2019-10-31,M0017127,生产,component,50.8,-1.5,-1.2000000000000028
2019-10-31,M0017128,新订单,component,49.6,-0.8999999999999986,-1.1999999999999957
2019-10-31,M0017129,新出口订单,component,47.0,-1.2000000000000028,0.10000000000000142
2019-10-31,M0017130,在手订单,component,44.9,0.19999999999999574,0.6000000000000014
2019-10-31,M0017131,产成品库存,component,46.7,-0.3999999999999986,-0.3999999999999986
2019-10-31,M0017132,采购量,component,49.8,-0.6000000000000014,-1.2000000000000028
2019-10-31,M0017133,进口,component,46.9,-0.20000000000000284,-0.7000000000000028
2019-10-31,M0017134,主要原材料购进价格,component,50.4,-1.8000000000000043,-7.600000000000001
2019-10-31,M0017135,原材料库存,component,47.4,-0.20000000000000284,0.19999999999999574
2019-10-31,M0017136,从业人员,component,47.3,0.29999999999999716,-0.8000000000000043
2019-10-31,M0017137,供应商配送时间,component,50.1,-0.3999999999999986,0.6000000000000014
2019-10-31,M0017126,制造业PMI,headline,49.3,-0.5,-0.9000000000000057
2019-10-31,M5207831,建筑业PMI,headline,60.4,2.799999999999997,-3.5
2019-10-31,M5207838,服务业PMI,headline,51.4,-1.6000000000000014,-0.7000000000000028
2019-10-31,M6642294,高技术制造业,industry,51.4,0.10000000000000142,-0.20000000000000284
2019-10-31,M6642295,装备制造业,industry,50.3,0.5,
2019-10-31,M6642296,消费品制造业,industry,50.8,0.29999999999999716,
2019-11-30,M0017127,生产,component,52.6,1.8000000000000043,0.7000000000000028
2019-11-30,M0017128,新订单,component,51.3,1.6999999999999957,0.8999999999999986
2019-11-30,M0017129,新出口订单,component,48.8,1.7999999999999972,1.7999999999999972
2019-11-30,M0017130,在手订单,component,44.9,0.0,0.6000000000000014
2019-11-30,M0017131,产成品库存,component,46.4,-0.30000000000000426,-2.200000000000003
2019-11-30,M0017132,采购量,component,51.0,1.2000000000000028,0.20000000000000284
2019-11-30,M0017133,进口,component,49.8,2.8999999999999986,2.6999999999999957
2019-11-30,M0017134,主要原材料购进价格,component,49.0,-1.3999999999999986,-1.2999999999999972
2019-11-30,M0017135,原材料库存,component,47.8,0.3999999999999986,0.3999999999999986
2019-11-30,M0017136,从业人员,component,47.3,0.0,-1.0
2019-11-30,M0017137,供应商配送时间,component,50.5,0.3999999999999986,0.20000000000000284
2019-11-30,M0017126,制造业PMI,headline,50.2,0.9000000000000057,0.20000000000000284
2019-11-30,M5207831,建筑业PMI,headline,59.6,-0.7999999999999972,0.30000000000000426
2019-11-30,M5207838,服务业PMI,headline,53.5,2.1000000000000014,1.1000000000000014
2019-11-30,M6642294,高技术制造业,industry,51.7,0.30000000000000426,
2019-11-30,M6642295,装备制造业,industry,51.0,0.7000000000000028,
2019-11-30,M6642296,消费品制造业,industry,51.1,0.30000000000000426,
2019-12-31,M0017127,生产,component,53.2,0.6000000000000014,2.4000000000000057
2019-12-31,M0017128,新订单,component,51.2,-0.09999999999999432,1.5
2019-12-31,M0017129,新出口订单,component,50.3,1.5,3.6999999999999957
2019-12-31,M0017130,在手订单,component,45.0,0.10000000000000142,0.8999999999999986
2019-12-31,M0017131,产成品库存,component,45.6,-0.7999999999999972,-2.6000000000000014
2019-12-31,M0017132,采购量,component,51.3,0.29999999999999716,1.5
2019-12-31,M0017133,进口,component,49.9,0.10000000000000142,4.0
2019-12-31,M0017134,主要原材料购进价格,component,51.8,2.799999999999997,7.0
2019-12-31,M0017135,原材料库存,component,47.2,-0.5999999999999943,0.10000000000000142
2019-12-31,M0017136,从业人员,component,47.3,0.0,-0.7000000000000028
2019-12-31,M0017137,供应商配送时间,component,51.1,0.6000000000000014,0.7000000000000028
2019-12-31,M0017126,制造业PMI,headline,50.2,0.0,0.8000000000000043
2019-12-31,M5207831,建筑业PMI,headline,56.7,-2.8999999999999986,-5.899999999999999
2019-12-31,M5207838,服务业PMI,headline,53.0,-0.5,0.7000000000000028
2019-12-31,M6642294,高技术制造业,industry,52.8,1.0999999999999943,4.699999999999996
2019-12-31,M6642295,装备制造业,industry,51.3,0.29999999999999716,
2019-12-31,M6642296,消费品制造业,industry,51.4,0.29999999999999716,2.299999999999997
2020-01-31,M0017127,生产,component,51.3,-1.9000000000000057,0.3999999999999986
2020-01-31,M0017128,新订单,component,51.4,0.19999999999999574,1.7999999999999972
2020-01-31,M0017129,新出口订单,component,48.7,-1.5999999999999943,1.8000000000000043
2020-01-31,M0017130,在手订单,component,46.3,1.2999999999999972,2.5999999999999943
2020-01-31,M0017131,产成品库存,component,46.0,0.3999999999999986,-1.1000000000000014
2020-01-31,M0017132,采购量,component,51.6,0.30000000000000426,2.5
2020-01-31,M0017133,进口,component,49.0,-0.8999999999999986,1.8999999999999986
2020-01-31,M0017134,主要原材料购进价格,component,53.8,2.0,7.5
2020-01-31,M0017135,原材料库存,component,47.1,-0.10000000000000142,-1.0
2020-01-31,M0017136,从业人员,component,47.5,0.20000000000000284,-0.29999999999999716
2020-01-31,M0017137,供应商配送时间,component,49.9,-1.2000000000000028,-0.20000000000000284
2020-01-31,M0017126,制造业PMI,headline,50.0,-0.20000000000000284,0.5
2020-01-31,M5207831,建筑业PMI,headline,59.7,3.0,-1.1999999999999957
2020-01-31,M5207838,服务业PMI,headline,53.1,0.10000000000000142,-0.5
2020-01-31,M6642294,高技术制造业,industry,52.9,0.10000000000000142,3.299999999999997
2020-01-31,M6642295,装备制造业,industry,50.7,-0.5999999999999943,1.3000000000000043
2020-02-29,M0017127,生产,component,27.8,-23.499999999999996,-21.7
2020-02-29,M0017128,新订单,component,29.3,-22.099999999999998,-21.3
2020-02-29,M0017129,新出口订单,component,28.7,-20.000000000000004,-16.500000000000004
2020-02-29,M0017130,在手订单,component,35.6,-10.699999999999996,-8.0
2020-02-29,M0017131,产成品库存,component,46.1,0.10000000000000142,-0.29999999999999716
2020-02-29,M0017132,采购量,component,29.3,-22.3,-18.999999999999996
2020-02-29,M0017133,进口,component,31.9,-17.1,-12.899999999999999
2020-02-29,M0017134,主要原材料购进价格,component,51.4,-2.3999999999999986,-0.5
2020-02-29,M0017135,原材料库存,component,33.9,-13.200000000000003,-12.399999999999999
2020-02-29,M0017136,从业人员,component,31.8,-15.7,-15.7
2020-02-29,M0017137,供应商配送时间,component,32.1,-17.799999999999997,-17.699999999999996
2020-02-29,M0017126,制造业PMI,headline,35.7,-14.299999999999997,-13.5
2020-02-29,M5207831,建筑业PMI,headline,26.6,-33.1,-32.6
2020-02-29,M5207838,服务业PMI,headline,30.1,-23.0,-23.4
2020-02-29,M6642296,消费品制造业,industry,37.6,,
2020-03-31,M0017127,生产,component,54.1,26.3,1.3999999999999986
2020-03-31,M0017128,新订单,component,52.0,22.7,0.3999999999999986
2020-03-31,M0017129,新出口订单,component,46.4,17.7,-0.7000000000000028
2020-03-31,M0017130,在手订单,component,46.3,10.699999999999996,-0.10000000000000142
2020-03-31,M0017131,产成品库存,component,49.1,3.0,2.1000000000000014
2020-03-31,M0017132,采购量,component,52.7,23.400000000000002,1.5
2020-03-31,M0017133,进口,component,48.4,16.5,-0.30000000000000426
2020-03-31,M0017134,主要原材料购进价格,component,45.5,-5.899999999999999,-8.0
2020-03-31,M0017135,原材料库存,component,49.0,15.100000000000001,0.6000000000000014
2020-03-31,M0017136,从业人员,component,50.9,19.099999999999998,3.299999999999997
2020-03-31,M0017137,供应商配送时间,component,48.2,16.1,-2.0
2020-03-31,M0017126,制造业PMI,headline,52.0,16.299999999999997,1.5
2020-03-31,M5207831,建筑业PMI,headline,55.1,28.5,-6.600000000000001
2020-03-31,M5207838,服务业PMI,headline,51.8,21.699999999999996,-1.8000000000000043
2020-03-31,M6642294,高技术制造业,industry,55.8,,3.799999999999997
2020-03-31,M6642295,装备制造业,industry,54.5,,3.299999999999997
2020-03-31,M6642296,消费品制造业,industry,52.0,14.399999999999999,
2020-04-30,M0017127,生产,component,53.7,-0.3999999999999986,1.6000000000000014
2020-04-30,M0017128,新订单,component,50.2,-1.7999999999999972,-1.1999999999999957
2020-04-30,M0017129,新出口订单,component,33.5,-12.899999999999999,-15.700000000000003
2020-04-30,M0017130,在手订单,component,43.6,-2.6999999999999957,-0.3999999999999986
2020-04-30,M0017131,产成品库存,component,49.3,0.19999999999999574,2.799999999999997
2020-04-30,M0017132,采购量,component,52.0,-0.7000000000000028,0.8999999999999986
2020-04-30,M0017133,进口,component,43.9,-4.5,-5.800000000000004
2020-04-30,M0017134,主要原材料购进价格,component,42.5,-3.0,-10.600000000000001
2020-04-30,M0017135,原材料库存,component,48.2,-0.7999999999999972,1.0
2020-04-30,M0017136,从业人员,component,50.2,-0.6999999999999957,3.0
2020-04-30,M0017137,供应商配送时间,component,50.1,1.8999999999999986,0.20000000000000284
2020-04-30,M0017126,制造业PMI,headline,50.8,-1.2000000000000028,0.6999999999999957
2020-04-30,M5207831,建筑业PMI,headline,59.7,4.600000000000001,-0.3999999999999986
2020-04-30,M5207838,服务业PMI,headline,52.1,0.30000000000000426,-1.1999999999999957
2020-04-30,M6642294,高技术制造业,industry,53.9,-1.8999999999999986,1.0
2020-04-30,M6642295,装备制造业,industry,54.1,-0.3999999999999986,
2020-04-30,M6642296,消费品制造业,industry,52.9,0.8999999999999986,
2020-05-31,M0017127,生产,component,53.2,-0.5,1.5
2020-05-31,M0017128,新订单,component,50.9,0.6999999999999957,1.1000000000000014
2020-05-31,M0017129,新出口订单,component,35.3,1.7999999999999972,-11.200000000000003
2020-05-31,M0017130,在手订单,component,44.1,0.5,-0.19999999999999574
2020-05-31,M0017131,产成品库存,component,47.3,-2.0,-0.8000000000000043
2020-05-31,M0017132,采购量,component,50.8,-1.2000000000000028,0.29999999999999716
2020-05-31,M0017133,进口,component,45.3,1.3999999999999986,-1.8000000000000043
2020-05-31,M0017134,主要原材料购进价格,component,51.6,9.100000000000001,-0.19999999999999574
2020-05-31,M0017135,原材料库存,component,47.3,-0.9000000000000057,-0.10000000000000142
2020-05-31,M0017136,从业人员,component,49.4,-0.8000000000000043,2.3999999999999986
2020-05-31,M0017137,供应商配送时间,component,50.5,0.3999999999999986,-0.3999999999999986
2020-05-31,M0017126,制造业PMI,headline,50.6,-0.19999999999999574,1.2000000000000028
2020-05-31,M5207831,建筑业PMI,headline,60.8,1.0999999999999943,2.1999999999999957
2020-05-31,M5207838,服务业PMI,headline,52.3,0.19999999999999574,-1.2000000000000028
2020-05-31,M6642294,高技术制造业,industry,51.7,-2.1999999999999957,-0.3999999999999986
2020-05-31,M6642295,装备制造业,industry,52.2,-1.8999999999999986,2.4000000000000057
2020-05-31,M6642296,消费品制造业,industry,51.8,-1.1000000000000014,
2020-06-30,M0017127,生产,component,53.9,0.6999999999999957,2.6000000000000014
2020-06-30,M0017128,新订单,component,51.4,0.5,1.7999999999999972
2020-06-30,M0017129,新出口订单,component,42.6,7.300000000000004,-3.6999999999999957
2020-06-30,M0017130,在手订单,component,44.8,0.6999999999999957,0.29999999999999716
2020-06-30,M0017131,产成品库存,component,46.8,-0.5,-1.3000000000000043
2020-06-30,M0017132,采购量,component,51.8,1.0,2.0999999999999943
2020-06-30,M0017133,进口,component,47.0,1.7000000000000028,0.20000000000000284
2020-06-30,M0017134,主要原材料购进价格,component,56.8,5.199999999999996,7.799999999999997
2020-06-30,M0017135,原材料库存,component,47.6,0.30000000000000426,-0.6000000000000014
2020-06-30,M0017136,从业人员,component,49.1,-0.29999999999999716,2.200000000000003
2020-06-30,M0017137,供应商配送时间,component,50.5,0.0,0.29999999999999716
2020-06-30,M0017126,制造业PMI,headline,50.9,0.29999999999999716,1.5
2020-06-30,M5207831,建筑业PMI,headline,59.8,-1.0,1.0999999999999943
2020-06-30,M5207838,服务业PMI,headline,53.4,1.1000000000000014,0.0
2020-06-30,M6642294,高技术制造业,industry,51.1,-0.6000000000000014,-0.6000000000000014
2020-06-30,M6642295,装备制造业,industry,52.3,0.09999999999999432,2.299999999999997
2020-07-31,M0017127,生产,component,54.0,0.10000000000000142,1.8999999999999986
2020-07-31,M0017128,新订单,component,51.7,0.30000000000000426,1.9000000000000057
2020-07-31,M0017129,新出口订单,component,48.4,5.799999999999997,1.5
2020-07-31,M0017130,在手订单,component,45.6,0.8000000000000043,0.8999999999999986
2020-07-31,M0017131,产成品库存,component,47.6,0.8000000000000043,0.6000000000000014
2020-07-31,M0017132,采购量,component,52.4,0.6000000000000014,2.0
2020-07-31,M0017133,进口,component,49.1,2.1000000000000014,1.7000000000000028
2020-07-31,M0017134,主要原材料购进价格,component,58.1,1.3000000000000043,7.399999999999999
2020-07-31,M0017135,原材料库存,component,47.9,0.29999999999999716,-0.10000000000000142
2020-07-31,M0017136,从业人员,component,49.3,0.19999999999999574,2.1999999999999957
2020-07-31,M0017137,供应商配送时间,component,50.4,-0.10000000000000142,0.29999999999999716
2020-07-31,M0017126,制造业PMI,headline,51.1,0.20000000000000284,1.3999999999999986
2020-07-31,M5207831,建筑业PMI,headline,60.5,0.7000000000000028,2.299999999999997
2020-07-31,M5207838,服务业PMI,headline,53.1,-0.29999999999999716,0.20000000000000284
2020-07-31,M6642294,高技术制造业,industry,51.3,0.19999999999999574,
2020-07-31,M6642295,装备制造业,industry,51.8,-0.5,2.5999999999999943
2020-07-31,M6642296,消费品制造业,industry,51.6,,
2020-08-31,M0017127,生产,component,53.5,-0.5,1.6000000000000014
2020-08-31,M0017128,新订单,component,52.0,0.29999999999999716,2.299999999999997
2020-08-31,M0017129,新出口订单,component,49.1,0.7000000000000028,1.8999999999999986
2020-08-31,M0017130,在手订单,component,46.0,0.3999999999999986,1.2000000000000028
2020-08-31,M0017131,产成品库存,component,47.1,-0.5,-0.6999999999999957
2020-08-31,M0017132,采购量,component,51.7,-0.6999999999999957,2.4000000000000057
2020-08-31,M0017133,进口,component,49.0,-0.10000000000000142,2.299999999999997
2020-08-31,M0017134,主要原材料购进价格,component,58.3,0.19999999999999574,9.699999999999996
2020-08-31,M0017135,原材料库存,component,47.3,-0.6000000000000014,-0.20000000000000284
2020-08-31,M0017136,从业人员,component,49.4,0.10000000000000142,2.5
2020-08-31,M0017137,供应商配送时间,component,50.4,0.0,0.10000000000000142
2020-08-31,M0017126,制造业PMI,headline,51.0,-0.10000000000000142,1.5
2020-08-31,M5207831,建筑业PMI,headline,60.2,-0.29999999999999716,-1.0
2020-08-31,M5207838,服务业PMI,headline,54.3,1.1999999999999957,1.7999999999999972
2020-08-31,M6642294,高技术制造业,industry,52.8,1.5,1.5999999999999943
2020-08-31,M6642295,装备制造业,industry,52.7,0.9000000000000057,2.5
2020-09-30,M0017127,生产,component,54.0,0.5,1.7000000000000028
2020-09-30,M0017128,新订单,component,52.8,0.7999999999999972,2.299999999999997
2020-09-30,M0017129,新出口订单,component,50.8,1.6999999999999957,2.5999999999999943
2020-09-30,M0017130,在手订单,component,46.1,0.10000000000000142,1.3999999999999986
2020-09-30,M0017131,产成品库存,component,48.4,1.2999999999999972,1.2999999999999972
2020-09-30,M0017132,采购量,component,53.6,1.8999999999999986,3.200000000000003
2020-09-30,M0017133,进口,component,50.4,1.3999999999999986,3.299999999999997
2020-09-30,M0017134,主要原材料购进价格,component,58.5,0.20000000000000284,6.299999999999997
2020-09-30,M0017135,原材料库存,component,48.5,1.2000000000000028,0.8999999999999986
2020-09-30,M0017136,从业人员,component,49.6,0.20000000000000284,2.6000000000000014
2020-09-30,M0017137,供应商配送时间,component,50.7,0.30000000000000426,0.20000000000000284
2020-09-30,M0017126,制造业PMI,headline,51.5,0.5,1.7000000000000028
2020-09-30,M5207831,建筑业PMI,headline,60.2,0.0,2.6000000000000014
2020-09-30,M5207838,服务业PMI,headline,55.2,0.9000000000000057,2.200000000000003
2020-09-30,M6642294,高技术制造业,industry,54.5,1.7000000000000028,3.200000000000003
2020-09-30,M6642295,装备制造业,industry,53.0,0.29999999999999716,3.200000000000003
2020-10-31,M0017127,生产,component,53.9,-0.10000000000000142,3.1000000000000014
2020-10-31,M0017128,新订单,component,52.8,0.0,3.1999999999999957
2020-10-31,M0017129,新出口订单,component,51.0,0.20000000000000284,4.0
2020-10-31,M0017130,在手订单,component,47.2,1.1000000000000014,2.3000000000000043
2020-10-31,M0017131,产成品库存,component,44.9,-3.5,-1.8000000000000043
2020-10-31,M0017132,采购量,component,53.1,-0.5,3.3000000000000043
2020-10-31,M0017133,进口,component,50.8,0.3999999999999986,3.8999999999999986
2020-10-31,M0017134,主要原材料购进价格,component,58.8,0.29999999999999716,8.399999999999999
2020-10-31,M0017135,原材料库存,component,48.0,-0.5,0.6000000000000014
2020-10-31,M0017136,从业人员,component,49.3,-0.30000000000000426,2.0
2020-10-31,M0017137,供应商配送时间,component,50.6,-0.10000000000000142,0.5
2020-10-31,M0017126,制造业PMI,headline,51.4,-0.10000000000000142,2.1000000000000014
2020-10-31,M5207831,建筑业PMI,headline,59.8,-0.4000000000000057,-0.6000000000000014
2020-10-31,M5207838,服务业PMI,headline,55.5,0.29999999999999716,4.100000000000001
2020-10-31,M6642294,高技术制造业,industry,53.6,-0.8999999999999986,2.200000000000003
2020-10-31,M6642295,装备制造业,industry,52.5,-0.5,2.200000000000003
2020-11-30,M0017127,生产,component,54.7,0.8000000000000043,2.1000000000000014
2020-11-30,M0017128,新订单,component,53.9,1.1000000000000014,2.6000000000000014
2020-11-30,M0017129,新出口订单,component,51.5,0.5,2.700000000000003
2020-11-30,M0017130,在手订单,component,46.7,-0.5,1.8000000000000043
2020-11-30,M0017131,产成品库存,component,45.7,0.8000000000000043,-0.6999999999999957
2020-11-30,M0017132,采购量,component,53.7,0.6000000000000014,2.700000000000003
2020-11-30,M0017133,进口,component,50.9,0.10000000000000142,1.1000000000000014
2020-11-30,M0017134,主要原材料购进价格,component,62.6,3.8000000000000043,13.600000000000001
2020-11-30,M0017135,原材料库存,component,48.6,0.6000000000000014,0.8000000000000043
2020-11-30,M0017136,从业人员,component,49.5,0.20000000000000284,2.200000000000003
2020-11-30,M0017137,供应商配送时间,component,50.1,-0.5,-0.3999999999999986
2020-11-30,M0017126,制造业PMI,headline,52.1,0.7000000000000028,1.8999999999999986
2020-11-30,M5207831,建筑业PMI,headline,60.5,0.7000000000000028,0.8999999999999986
2020-11-30,M5207838,服务业PMI,headline,55.7,0.20000000000000284,2.200000000000003
2020-11-30,M6642294,高技术制造业,industry,56.2,2.6000000000000014,4.5
2020-11-30,M6642295,装备制造业,industry,53.1,0.6000000000000014,2.1000000000000014
2020-12-31,M0017127,生产,component,54.2,-0.5,1.0
2020-12-31,M0017128,新订单,component,53.6,-0.29999999999999716,2.3999999999999986
2020-12-31,M0017129,新出口订单,component,51.3,-0.20000000000000284,1.0
2020-12-31,M0017130,在手订单,component,47.1,0.3999999999999986,2.1000000000000014
2020-12-31,M0017131,产成品库存,component,46.2,0.5,0.6000000000000014
2020-12-31,M0017132,采购量,component,53.2,-0.5,1.9000000000000057
2020-12-31,M0017133,进口,component,50.4,-0.5,0.5
2020-12-31,M0017134,主要原材料购进价格,component,68.0,5.399999999999999,16.200000000000003
2020-12-31,M0017135,原材料库存,component,48.6,0.0,1.3999999999999986
2020-12-31,M0017136,从业人员,component,49.6,0.10000000000000142,2.3000000000000043
2020-12-31,M0017137,供应商配送时间,component,49.9,-0.20000000000000284,-1.2000000000000028
2020-12-31,M0017126,制造业PMI,headline,51.9,-0.20000000000000284,1.6999999999999957
2020-12-31,M5207831,建筑业PMI,headline,60.7,0.20000000000000284,4.0
2020-12-31,M5207838,服务业PMI,headline,54.8,-0.9000000000000057,1.7999999999999972
2020-12-31,M6642296,消费品制造业,industry,50.5,,-0.8999999999999986
2021-01-31,M0017127,生产,component,53.5,-0.7000000000000028,2.200000000000003
2021-01-31,M0017128,新订单,component,52.3,-1.3000000000000043,0.8999999999999986
2021-01-31,M0017129,新出口订单,component,50.2,-1.0999999999999943,1.5
2021-01-31,M0017130,在手订单,component,47.3,0.19999999999999574,1.0
2021-01-31,M0017131,产成品库存,component,49.0,2.799999999999997,3.0
2021-01-31,M0017132,采购量,component,52.0,-1.2000000000000028,0.3999999999999986
2021-01-31,M0017133,进口,component,49.8,-0.6000000000000014,0.7999999999999972
2021-01-31,M0017134,主要原材料购进价格,component,67.1,-0.9000000000000057,13.299999999999997
2021-01-31,M0017135,原材料库存,component,49.0,0.3999999999999986,1.8999999999999986
2021-01-31,M0017136,从业人员,component,48.4,-1.2000000000000028,0.8999999999999986
2021-01-31,M0017137,供应商配送时间,component,48.8,-1.1000000000000014,-1.1000000000000014
2021-01-31,M0017126,制造业PMI,headline,51.3,-0.6000000000000014,1.2999999999999972
2021-01-31,M5207831,建筑业PMI,headline,60.0,-0.7000000000000028,0.29999999999999716
2021-01-31,M5207838,服务业PMI,headline,51.1,-3.6999999999999957,-2.0
2021-01-31,M6642296,消费品制造业,industry,52.3,1.7999999999999972,
2021-02-28,M0017127,生产,component,51.9,-1.6000000000000014,24.099999999999998
2021-02-28,M0017128,新订单,component,51.5,-0.7999999999999972,22.2
2021-02-28,M0017129,新出口订单,component,48.8,-1.4000000000000057,20.099999999999998
2021-02-28,M0017130,在手订单,component,46.1,-1.1999999999999957,10.5
2021-02-28,M0017131,产成品库存,component,48.0,-1.0,1.8999999999999986
2021-02-28,M0017132,采购量,component,51.6,-0.3999999999999986,22.3
2021-02-28,M0017133,进口,component,49.6,-0.19999999999999574,17.700000000000003
2021-02-28,M0017134,主要原材料购进价格,component,66.7,-0.3999999999999915,15.300000000000004
2021-02-28,M0017135,原材料库存,component,47.7,-1.2999999999999972,13.800000000000004
2021-02-28,M0017136,从业人员,component,48.1,-0.29999999999999716,16.3
2021-02-28,M0017137,供应商配送时间,component,47.9,-0.8999999999999986,15.799999999999997
2021-02-28,M0017126,制造业PMI,headline,50.6,-0.6999999999999957,14.899999999999999
2021-02-28,M5207831,建筑业PMI,headline,54.7,-5.299999999999997,28.1
2021-02-28,M5207838,服务业PMI,headline,50.8,-0.30000000000000426,20.699999999999996
2021-02-28,M6642294,高技术制造业,industry,53.6,,
2021-02-28,M6642295,装备制造业,industry,52.2,,
2021-02-28,M6642296,消费品制造业,industry,50.5,-1.7999999999999972,12.899999999999999
2021-02-28,M6642297,基础原材料行业,industry,49.3,,
2021-03-31,M0017127,生产,component,53.9,2.0,-0.20000000000000284
2021-03-31,M0017128,新订单,component,53.6,2.1000000000000014,1.6000000000000014
2021-03-31,M0017129,新出口订单,component,51.2,2.4000000000000057,4.800000000000004
2021-03-31,M0017130,在手订单,component,46.6,0.5,0.30000000000000426
2021-03-31,M0017131,产成品库存,component,46.7,-1.2999999999999972,-2.3999999999999986
2021-03-31,M0017132,采购量,component,53.1,1.5,0.3999999999999986
2021-03-31,M0017133,进口,component,51.1,1.5,2.700000000000003
2021-03-31,M0017134,主要原材料购进价格,component,69.4,2.700000000000003,23.900000000000006
2021-03-31,M0017135,原材料库存,component,48.4,0.6999999999999957,-0.6000000000000014
2021-03-31,M0017136,从业人员,component,50.1,2.0,-0.7999999999999972
2021-03-31,M0017137,供应商配送时间,component,50.0,2.1000000000000014,1.7999999999999972
2021-03-31,M0017126,制造业PMI,headline,51.9,1.2999999999999972,-0.10000000000000142
2021-03-31,M5207831,建筑业PMI,headline,62.3,7.599999999999994,7.199999999999996
2021-03-31,M5207838,服务业PMI,headline,55.2,4.400000000000006,3.4000000000000057
2021-03-31,M6642294,高技术制造业,industry,53.9,0.29999999999999716,-1.8999999999999986
2021-03-31,M6642295,装备制造业,industry,52.9,0.6999999999999957,-1.6000000000000014
2021-03-31,M6642296,消费品制造业,industry,50.8,0.29999999999999716,-1.2000000000000028
2021-03-31,M6642297,基础原材料行业,industry,51.8,2.5,
2021-04-30,M0017127,生产,component,52.2,-1.6999999999999957,-1.5
2021-04-30,M0017128,新订单,component,52.0,-1.6000000000000014,1.7999999999999972
2021-04-30,M0017129,新出口订单,component,50.4,-0.8000000000000043,16.9
2021-04-30,M0017130,在手订单,component,46.4,-0.20000000000000284,2.799999999999997
2021-04-30,M0017131,产成品库存,component,46.8,0.09999999999999432,-2.5
2021-04-30,M0017132,采购量,component,51.7,-1.3999999999999986,-0.29999999999999716
2021-04-30,M0017133,进口,component,50.6,-0.5,6.700000000000003
2021-04-30,M0017134,主要原材料购进价格,component,66.9,-2.5,24.400000000000006
2021-04-30,M0017135,原材料库存,component,48.3,-0.10000000000000142,0.09999999999999432
2021-04-30,M0017136,从业人员,component,49.6,-0.5,-0.6000000000000014
2021-04-30,M0017137,供应商配送时间,component,48.7,-1.2999999999999972,-1.3999999999999986
2021-04-30,M0017126,制造业PMI,headline,51.1,-0.7999999999999972,0.30000000000000426
2021-04-30,M5207831,建筑业PMI,headline,57.4,-4.899999999999999,-2.3000000000000043
2021-04-30,M5207838,服务业PMI,headline,54.4,-0.8000000000000043,2.299999999999997
2021-04-30,M6642294,高技术制造业,industry,54.0,0.10000000000000142,0.10000000000000142
2021-04-30,M6642295,装备制造业,industry,52.9,0.0,-1.2000000000000028
2021-04-30,M6642296,消费品制造业,industry,50.8,0.0,-2.1000000000000014
2021-04-30,M6642297,基础原材料行业,industry,49.5,-2.299999999999997,
2021-05-31,M0017127,生产,component,52.7,0.5,-0.5
2021-05-31,M0017128,新订单,component,51.3,-0.7000000000000028,0.3999999999999986
2021-05-31,M0017129,新出口订单,component,48.3,-2.1000000000000014,13.0
2021-05-31,M0017130,在手订单,component,45.9,-0.5,1.7999999999999972
2021-05-31,M0017131,产成品库存,component,46.5,-0.29999999999999716,-0.7999999999999972
2021-05-31,M0017132,采购量,component,51.9,0.19999999999999574,1.1000000000000014
2021-05-31,M0017133,进口,component,50.9,0.29999999999999716,5.600000000000001
2021-05-31,M0017134,主要原材料购进价格,component,72.8,5.8999999999999915,21.199999999999996
2021-05-31,M0017135,原材料库存,component,47.7,-0.5999999999999943,0.4000000000000057
2021-05-31,M0017136,从业人员,component,48.9,-0.7000000000000028,-0.5
2021-05-31,M0017137,供应商配送时间,component,47.6,-1.1000000000000014,-2.8999999999999986
2021-05-31,M0017126,制造业PMI,headline,51.0,-0.10000000000000142,0.3999999999999986
2021-05-31,M5207831,建筑业PMI,headline,60.1,2.700000000000003,-0.6999999999999957
2021-05-31,M5207838,服务业PMI,headline,54.3,-0.10000000000000142,2.0
2021-05-31,M6642294,高技术制造业,industry,55.2,1.2000000000000028,3.5
2021-06-30,M0017127,生产,component,51.9,-0.8000000000000043,-2.0
2021-06-30,M0017128,新订单,component,51.5,0.20000000000000284,0.10000000000000142
2021-06-30,M0017129,新出口订单,component,48.1,-0.19999999999999574,5.5
2021-06-30,M0017130,在手订单,component,46.6,0.7000000000000028,1.8000000000000043
2021-06-30,M0017131,产成品库存,component,47.1,0.6000000000000014,0.30000000000000426
2021-06-30,M0017132,采购量,component,51.7,-0.19999999999999574,-0.09999999999999432
2021-06-30,M0017133,进口,component,49.7,-1.1999999999999957,2.700000000000003
2021-06-30,M0017134,主要原材料购进价格,component,61.2,-11.599999999999994,4.400000000000006
2021-06-30,M0017135,原材料库存,component,48.0,0.29999999999999716,0.3999999999999986
2021-06-30,M0017136,从业人员,component,49.2,0.30000000000000426,0.10000000000000142
2021-06-30,M0017137,供应商配送时间,component,47.9,0.29999999999999716,-2.6000000000000014
2021-06-30,M0017126,制造业PMI,headline,50.9,-0.10000000000000142,0.0
2021-06-30,M5207831,建筑业PMI,headline,60.1,0.0,0.30000000000000426
2021-06-30,M5207838,服务业PMI,headline,52.3,-2.0,-1.1000000000000014
2021-06-30,M6642296,消费品制造业,industry,52.2,,
2021-07-31,M0017127,生产,component,51.0,-0.8999999999999986,-3.0
2021-07-31,M0017128,新订单,component,50.9,-0.6000000000000014,-0.8000000000000043
2021-07-31,M0017129,新出口订单,component,47.7,-0.3999999999999986,-0.6999999999999957
2021-07-31,M0017130,在手订单,component,46.1,-0.5,0.5
2021-07-31,M0017131,产成品库存,component,47.6,0.5,0.0
2021-07-31,M0017132,采购量,component,50.8,-0.9000000000000057,-1.6000000000000014
2021-07-31,M0017133,进口,component,49.4,-0.30000000000000426,0.29999999999999716
2021-07-31,M0017134,主要原材料购进价格,component,62.9,1.6999999999999957,4.799999999999997
2021-07-31,M0017135,原材料库存,component,47.7,-0.29999999999999716,-0.19999999999999574
2021-07-31,M0017136,从业人员,component,49.6,0.3999999999999986,0.30000000000000426
2021-07-31,M0017137,供应商配送时间,component,48.9,1.0,-1.5
2021-07-31,M0017126,制造业PMI,headline,50.4,-0.5,-0.7000000000000028
2021-07-31,M5207831,建筑业PMI,headline,57.5,-2.6000000000000014,-3.0
2021-07-31,M5207838,服务业PMI,headline,52.5,0.20000000000000284,-0.6000000000000014
2021-07-31,M6642294,高技术制造业,industry,55.0,,3.700000000000003
2021-07-31,M6642295,装备制造业,industry,52.4,,0.6000000000000014
2021-07-31,M6642296,消费品制造业,industry,51.4,-0.8000000000000043,-0.20000000000000284
2021-07-31,M6642297,基础原材料行业,industry,47.4,,
2021-08-31,M0017127,生产,component,50.9,-0.10000000000000142,-2.6000000000000014
2021-08-31,M0017128,新订单,component,49.6,-1.2999999999999972,-2.3999999999999986
2021-08-31,M0017129,新出口订单,component,46.7,-1.0,-2.3999999999999986
2021-08-31,M0017130,在手订单,component,45.9,-0.20000000000000284,-0.10000000000000142
2021-08-31,M0017131,产成品库存,component,47.7,0.10000000000000142,0.6000000000000014
2021-08-31,M0017132,采购量,component,50.3,-0.5,-1.4000000000000057
2021-08-31,M0017133,进口,component,48.3,-1.1000000000000014,-0.7000000000000028
2021-08-31,M0017134,主要原材料购进价格,component,61.3,-1.6000000000000014,3.0
2021-08-31,M0017135,原材料库存,component,47.7,0.0,0.4000000000000057
2021-08-31,M0017136,从业人员,component,49.6,0.0,0.20000000000000284
2021-08-31,M0017137,供应商配送时间,component,48.0,-0.8999999999999986,-2.3999999999999986
2021-08-31,M0017126,制造业PMI,headline,50.1,-0.29999999999999716,-0.8999999999999986
2021-08-31,M5207831,建筑业PMI,headline,60.5,3.0,0.29999999999999716
2021-08-31,M5207838,服务业PMI,headline,45.2,-7.299999999999997,-9.099999999999994
2021-08-31,M6642294,高技术制造业,industry,53.7,-1.2999999999999972,0.9000000000000057
2021-08-31,M6642295,装备制造业,industry,51.3,-1.1000000000000014,-1.4000000000000057
2021-08-31,M6642297,基础原材料行业,industry,48.0,0.6000000000000014,
2021-09-30,M0017127,生产,component,49.5,-1.3999999999999986,-4.5
2021-09-30,M0017128,新订单,component,49.3,-0.30000000000000426,-3.5
2021-09-30,M0017129,新出口订单,component,46.2,-0.5,-4.599999999999994
2021-09-30,M0017130,在手订单,component,45.6,-0.29999999999999716,-0.5
2021-09-30,M0017131,产成品库存,component,47.2,-0.5,-1.1999999999999957
2021-09-30,M0017132,采购量,component,49.7,-0.5999999999999943,-3.8999999999999986
2021-09-30,M0017133,进口,component,46.8,-1.5,-3.6000000000000014
2021-09-30,M0017134,主要原材料购进价格,component,63.5,2.200000000000003,5.0
2021-09-30,M0017135,原材料库存,component,48.2,0.5,-0.29999999999999716
2021-09-30,M0017136,从业人员,component,49.0,-0.6000000000000014,-0.6000000000000014
2021-09-30,M0017137,供应商配送时间,component,48.1,0.10000000000000142,-2.6000000000000014
2021-09-30,M0017126,制造业PMI,headline,49.6,-0.5,-1.8999999999999986
2021-09-30,M5207831,建筑业PMI,headline,57.5,-3.0,-2.700000000000003
2021-09-30,M5207838,服务业PMI,headline,52.4,7.199999999999996,-2.8000000000000043
2021-09-30,M6642294,高技术制造业,industry,54.0,0.29999999999999716,-0.5
2021-09-30,M6642295,装备制造业,industry,51.8,0.5,-1.2000000000000028
2021-09-30,M6642296,消费品制造业,industry,49.7,,
2021-09-30,M6642297,基础原材料行业,industry,47.3,-0.7000000000000028,
2021-10-31,M0017127,生产,component,48.4,-1.1000000000000014,-5.5
2021-10-31,M0017128,新订单,component,48.8,-0.5,-4.0
2021-10-31,M0017129,新出口订单,component,46.6,0.3999999999999986,-4.399999999999999
2021-10-31,M0017130,在手订单,component,45.0,-0.6000000000000014,-2.200000000000003
2021-10-31,M0017131,产成品库存,component,46.3,-0.9000000000000057,1.3999999999999986
2021-10-31,M0017132,采购量,component,48.9,-0.8000000000000043,-4.200000000000003
2021-10-31,M0017133,进口,component,47.5,0.7000000000000028,-3.299999999999997
2021-10-31,M0017134,主要原材料购进价格,component,72.1,8.599999999999994,13.299999999999997
2021-10-31,M0017135,原材料库存,component,47.0,-1.2000000000000028,-1.0
2021-10-31,M0017136,从业人员,component,48.8,-0.20000000000000284,-0.5
2021-10-31,M0017137,供应商配送时间,component,46.7,-1.3999999999999986,-3.8999999999999986
2021-10-31,M0017126,制造业PMI,headline,49.2,-0.3999999999999986,-2.1999999999999957
2021-10-31,M5207831,建筑业PMI,headline,56.9,-0.6000000000000014,-2.8999999999999986
2021-10-31,M5207838,服务业PMI,headline,51.6,-0.7999999999999972,-3.8999999999999986
2021-10-31,M6642294,高技术制造业,industry,52.0,-2.0,-1.6000000000000014
2021-10-31,M6642295,装备制造业,industry,51.2,-0.5999999999999943,-1.2999999999999972
2021-10-31,M6642296,消费品制造业,industry,49.7,0.0,
2021-10-31,M6642297,基础原材料行业,industry,47.2,-0.09999999999999432,
2021-11-30,M0017127,生产,component,52.0,3.6000000000000014,-2.700000000000003
2021-11-30,M0017128,新订单,component,49.4,0.6000000000000014,-4.5
2021-11-30,M0017129,新出口订单,component,48.5,1.8999999999999986,-3.0
2021-11-30,M0017130,在手订单,component,45.7,0.7000000000000028,-1.0
2021-11-30,M0017131,产成品库存,component,47.9,1.6000000000000014,2.1999999999999957
2021-11-30,M0017132,采购量,component,50.2,1.3000000000000043,-3.5
2021-11-30,M0017133,进口,component,48.1,0.6000000000000014,-2.799999999999997
2021-11-30,M0017134,主要原材料购进价格,component,52.9,-19.199999999999996,-9.700000000000003
2021-11-30,M0017135,原材料库存,component,47.7,0.7000000000000028,-0.8999999999999986
2021-11-30,M0017136,从业人员,component,48.9,0.10000000000000142,-0.6000000000000014
2021-11-30,M0017137,供应商配送时间,component,48.2,1.5,-1.8999999999999986
2021-11-30,M0017126,制造业PMI,headline,50.1,0.8999999999999986,-2.0
2021-11-30,M5207831,建筑业PMI,headline,59.1,2.200000000000003,-1.3999999999999986
2021-11-30,M5207838,服务业PMI,headline,51.1,-0.5,-4.600000000000001
2021-11-30,M6642294,高技术制造业,industry,53.2,1.2000000000000028,-3.0
2021-11-30,M6642295,装备制造业,industry,51.7,0.5,-1.3999999999999986
2021-11-30,M6642296,消费品制造业,industry,51.4,1.6999999999999957,
2021-11-30,M6642297,基础原材料行业,industry,51.1,3.8999999999999986,
2021-12-31,M0017127,生产,component,51.4,-0.6000000000000014,-2.8000000000000043
2021-12-31,M0017128,新订单,component,49.7,0.30000000000000426,-3.8999999999999986
2021-12-31,M0017129,新出口订单,component,48.1,-0.3999999999999986,-3.1999999999999957
2021-12-31,M0017130,在手订单,component,45.6,-0.10000000000000142,-1.5
2021-12-31,M0017131,产成品库存,component,48.5,0.6000000000000014,2.299999999999997
2021-12-31,M0017132,采购量,component,50.8,0.5999999999999943,-2.4000000000000057
2021-12-31,M0017133,进口,component,48.2,0.10000000000000142,-2.1999999999999957
2021-12-31,M0017134,主要原材料购进价格,component,48.1,-4.799999999999997,-19.9
2021-12-31,M0017135,原材料库存,component,49.2,1.5,0.6000000000000014
2021-12-31,M0017136,从业人员,component,49.1,0.20000000000000284,-0.5
2021-12-31,M0017137,供应商配送时间,component,48.3,0.09999999999999432,-1.6000000000000014
2021-12-31,M0017126,制造业PMI,headline,50.3,0.19999999999999574,-1.6000000000000014
2021-12-31,M5207831,建筑业PMI,headline,56.3,-2.8000000000000043,-4.400000000000006
2021-12-31,M5207838,服务业PMI,headline,52.0,0.8999999999999986,-2.799999999999997
2021-12-31,M6642294,高技术制造业,industry,54.0,0.7999999999999972,
2021-12-31,M6642295,装备制造业,industry,51.6,-0.10000000000000142,
2021-12-31,M6642296,消费品制造业,industry,51.1,-0.29999999999999716,0.6000000000000014
2022-01-31,M0017127,生产,component,50.9,-0.5,-2.6000000000000014
2022-01-31,M0017128,新订单,component,49.3,-0.4000000000000057,-3.0
2022-01-31,M0017129,新出口订单,component,48.4,0.29999999999999716,-1.8000000000000043
2022-01-31,M0017130,在手订单,component,45.8,0.19999999999999574,-1.5
2022-01-31,M0017131,产成品库存,component,48.0,-0.5,-1.0
2022-01-31,M0017132,采购量,component,50.2,-0.5999999999999943,-1.7999999999999972
2022-01-31,M0017133,进口,component,47.2,-1.0,-2.5999999999999943
2022-01-31,M0017134,主要原材料购进价格,component,56.4,8.299999999999997,-10.699999999999996
2022-01-31,M0017135,原材料库存,component,49.1,-0.10000000000000142,0.10000000000000142
2022-01-31,M0017136,从业人员,component,48.9,-0.20000000000000284,0.5
2022-01-31,M0017137,供应商配送时间,component,47.6,-0.6999999999999957,-1.1999999999999957
2022-01-31,M0017126,制造业PMI,headline,50.1,-0.19999999999999574,-1.1999999999999957
2022-01-31,M5207831,建筑业PMI,headline,55.4,-0.8999999999999986,-4.600000000000001
2022-01-31,M5207838,服务业PMI,headline,50.3,-1.7000000000000028,-0.8000000000000043
2022-01-31,M6642294,高技术制造业,industry,51.9,-2.1000000000000014,
2022-01-31,M6642295,装备制造业,industry,50.3,-1.3000000000000043,
2022-01-31,M6642296,消费品制造业,industry,50.2,-0.8999999999999986,-2.0999999999999943
2022-02-28,M0017127,生产,component,50.4,-0.5,-1.5
2022-02-28,M0017128,新订单,component,50.7,1.4000000000000057,-0.7999999999999972
2022-02-28,M0017129,新出口订单,component,49.0,0.6000000000000014,0.20000000000000284
2022-02-28,M0017130,在手订单,component,45.2,-0.5999999999999943,-0.8999999999999986
2022-02-28,M0017131,产成品库存,component,47.3,-0.7000000000000028,-0.7000000000000028
2022-02-28,M0017132,采购量,component,50.9,0.6999999999999957,-0.7000000000000028
2022-02-28,M0017133,进口,component,48.6,1.3999999999999986,-1.0
2022-02-28,M0017134,主要原材料购进价格,component,60.0,3.6000000000000014,-6.700000000000003
2022-02-28,M0017135,原材料库存,component,48.1,-1.0,0.3999999999999986
2022-02-28,M0017136,从业人员,component,49.2,0.30000000000000426,1.1000000000000014
2022-02-28,M0017137,供应商配送时间,component,48.2,0.6000000000000014,0.30000000000000426
2022-02-28,M0017126,制造业PMI,headline,50.2,0.10000000000000142,-0.3999999999999986
2022-02-28,M5207831,建筑业PMI,headline,57.6,2.200000000000003,2.8999999999999986
2022-02-28,M5207838,服务业PMI,headline,50.5,0.20000000000000284,-0.29999999999999716
2022-02-28,M6642294,高技术制造业,industry,53.1,1.2000000000000028,-0.5
2022-02-28,M6642295,装备制造业,industry,51.4,1.1000000000000014,-0.8000000000000043
2022-02-28,M6642296,消费品制造业,industry,51.8,1.5999999999999943,1.2999999999999972
2022-02-28,M6642297,基础原材料行业,industry,48.3,,-1.0
2022-03-31,M0017127,生产,component,49.5,-0.8999999999999986,-4.399999999999999
2022-03-31,M0017128,新订单,component,48.8,-1.9000000000000057,-4.800000000000004
2022-03-31,M0017129,新出口订单,component,47.2,-1.7999999999999972,-4.0
2022-03-31,M0017130,在手订单,component,46.1,0.8999999999999986,-0.5
2022-03-31,M0017131,产成品库存,component,48.9,1.6000000000000014,2.1999999999999957
2022-03-31,M0017132,采购量,component,48.7,-2.1999999999999957,-4.399999999999999
2022-03-31,M0017133,进口,component,46.9,-1.7000000000000028,-4.200000000000003
2022-03-31,M0017134,主要原材料购进价格,component,66.1,6.099999999999994,-3.3000000000000114
2022-03-31,M0017135,原材料库存,component,47.3,-0.8000000000000043,-1.1000000000000014
2022-03-31,M0017136,从业人员,component,48.6,-0.6000000000000014,-1.5
2022-03-31,M0017137,供应商配送时间,component,46.5,-1.7000000000000028,-3.5
2022-03-31,M0017126,制造业PMI,headline,49.5,-0.7000000000000028,-2.3999999999999986
2022-03-31,M5207831,建筑业PMI,headline,58.1,0.5,-4.199999999999996
2022-03-31,M5207838,服务业PMI,headline,46.7,-3.799999999999997,-8.5
2022-03-31,M6642294,高技术制造业,industry,50.4,-2.700000000000003,-3.5
2022-03-31,M6642295,装备制造业,industry,49.5,-1.8999999999999986,-3.3999999999999986
2022-03-31,M6642296,消费品制造业,industry,49.3,-2.5,-1.5
2022-03-31,M6642297,基础原材料行业,industry,49.5,1.2000000000000028,-2.299999999999997
2022-04-30,M0017127,生产,component,44.4,-5.100000000000001,-7.800000000000004
2022-04-30,M0017128,新订单,component,42.6,-6.199999999999996,-9.399999999999999
2022-04-30,M0017129,新出口订单,component,41.6,-5.600000000000001,-8.799999999999997
2022-04-30,M0017130,在手订单,component,46.0,-0.10000000000000142,-0.3999999999999986
2022-04-30,M0017131,产成品库存,component,50.3,1.3999999999999986,3.5
2022-04-30,M0017132,采购量,component,43.5,-5.200000000000003,-8.200000000000003
2022-04-30,M0017133,进口,component,42.9,-4.0,-7.700000000000003
2022-04-30,M0017134,主要原材料购进价格,component,64.2,-1.8999999999999915,-2.700000000000003
2022-04-30,M0017135,原材料库存,component,46.5,-0.7999999999999972,-1.7999999999999972
2022-04-30,M0017136,从业人员,component,47.2,-1.3999999999999986,-2.3999999999999986
2022-04-30,M0017137,供应商配送时间,component,37.2,-9.299999999999997,-11.5
2022-04-30,M0017126,制造业PMI,headline,47.4,-2.1000000000000014,-3.700000000000003
2022-04-30,M5207831,建筑业PMI,headline,52.7,-5.399999999999999,-4.699999999999996
2022-04-30,M5207838,服务业PMI,headline,40.0,-6.700000000000003,-14.399999999999999
2022-04-30,M6642294,高技术制造业,industry,50.1,-0.29999999999999716,-3.8999999999999986
2022-04-30,M6642295,装备制造业,industry,45.8,-3.700000000000003,-7.100000000000001
2022-04-30,M6642296,消费品制造业,industry,48.4,-0.8999999999999986,-2.3999999999999986
2022-04-30,M6642297,基础原材料行业,industry,47.3,-2.200000000000003,-2.200000000000003
2022-05-31,M0017127,生产,component,49.7,5.300000000000004,-3.0
2022-05-31,M0017128,新订单,component,48.2,5.600000000000001,-3.0999999999999943
2022-05-31,M0017129,新出口订单,component,46.2,4.600000000000001,-2.0999999999999943
2022-05-31,M0017130,在手订单,component,45.0,-1.0,-0.8999999999999986
2022-05-31,M0017131,产成品库存,component,49.3,-1.0,2.799999999999997
2022-05-31,M0017132,采购量,component,48.4,4.899999999999999,-3.5
2022-05-31,M0017133,进口,component,45.1,2.200000000000003,-5.799999999999997
2022-05-31,M0017134,主要原材料购进价格,component,55.8,-8.400000000000006,-17.0
2022-05-31,M0017135,原材料库存,component,47.9,1.3999999999999986,0.19999999999999574
2022-05-31,M0017136,从业人员,component,47.6,0.3999999999999986,-1.2999999999999972
2022-05-31,M0017137,供应商配送时间,component,44.1,6.899999999999999,-3.5
2022-05-31,M0017126,制造业PMI,headline,49.6,2.200000000000003,-1.3999999999999986
2022-05-31,M5207831,建筑业PMI,headline,52.2,-0.5,-7.899999999999999
2022-05-31,M5207838,服务业PMI,headline,47.1,7.100000000000001,-7.199999999999996
2022-05-31,M6642294,高技术制造业,industry,50.5,0.3999999999999986,-4.700000000000003
2022-05-31,M6642295,装备制造业,industry,48.9,3.1000000000000014,
2022-05-31,M6642296,消费品制造业,industry,50.2,1.8000000000000043,
2022-06-30,M0017127,生产,component,52.8,3.0999999999999943,0.8999999999999986
2022-06-30,M0017128,新订单,component,50.4,2.1999999999999957,-1.1000000000000014
2022-06-30,M0017129,新出口订单,component,49.5,3.299999999999997,1.3999999999999986
2022-06-30,M0017130,在手订单,component,44.2,-0.7999999999999972,-2.3999999999999986
2022-06-30,M0017131,产成品库存,component,48.6,-0.6999999999999957,1.5
2022-06-30,M0017132,采购量,component,51.1,2.700000000000003,-0.6000000000000014
2022-06-30,M0017133,进口,component,49.2,4.100000000000001,-0.5
2022-06-30,M0017134,主要原材料购进价格,component,52.0,-3.799999999999997,-9.200000000000003
2022-06-30,M0017135,原材料库存,component,48.1,0.20000000000000284,0.10000000000000142
2022-06-30,M0017136,从业人员,component,48.7,1.1000000000000014,-0.5
2022-06-30,M0017137,供应商配送时间,component,51.3,7.199999999999996,3.3999999999999986
2022-06-30,M0017126,制造业PMI,headline,50.2,0.6000000000000014,-0.6999999999999957
2022-06-30,M5207831,建筑业PMI,headline,56.6,4.399999999999999,-3.5
2022-06-30,M5207838,服务业PMI,headline,54.3,7.199999999999996,2.0
2022-06-30,M6642294,高技术制造业,industry,52.8,2.299999999999997,
2022-06-30,M6642295,装备制造业,industry,52.2,3.3000000000000043,
2022-06-30,M6642296,消费品制造业,industry,50.9,0.6999999999999957,-1.3000000000000043
2022-07-31,M0017127,生产,component,49.8,-3.0,-1.2000000000000028
2022-07-31,M0017128,新订单,component,48.5,-1.8999999999999986,-2.3999999999999986
2022-07-31,M0017129,新出口订单,component,47.4,-2.1000000000000014,-0.30000000000000426
2022-07-31,M0017130,在手订单,component,42.6,-1.6000000000000014,-3.5
2022-07-31,M0017131,产成品库存,component,48.0,-0.6000000000000014,0.3999999999999986
2022-07-31,M0017132,采购量,component,48.9,-2.200000000000003,-1.8999999999999986
2022-07-31,M0017133,进口,component,46.9,-2.3000000000000043,-2.5
2022-07-31,M0017134,主要原材料购进价格,component,40.4,-11.600000000000001,-22.5
2022-07-31,M0017135,原材料库存,component,47.9,-0.20000000000000284,0.19999999999999574
2022-07-31,M0017136,从业人员,component,48.6,-0.10000000000000142,-1.0
2022-07-31,M0017137,供应商配送时间,component,50.1,-1.1999999999999957,1.2000000000000028
2022-07-31,M0017126,制造业PMI,headline,49.0,-1.2000000000000028,-1.3999999999999986
2022-07-31,M5207831,建筑业PMI,headline,59.2,2.6000000000000014,1.7000000000000028
2022-07-31,M5207838,服务业PMI,headline,52.8,-1.5,0.29999999999999716
2022-07-31,M6642294,高技术制造业,industry,51.5,-1.2999999999999972,-3.5
2022-07-31,M6642295,装备制造业,industry,51.2,-1.0,-1.1999999999999957
2022-07-31,M6642296,消费品制造业,industry,51.4,0.5,0.0
2022-08-31,M0017127,生产,component,49.8,0.0,-1.1000000000000014
2022-08-31,M0017128,新订单,component,49.2,0.7000000000000028,-0.3999999999999986
2022-08-31,M0017129,新出口订单,component,48.1,0.7000000000000028,1.3999999999999986
2022-08-31,M0017130,在手订单,component,43.1,0.5,-2.799999999999997
2022-08-31,M0017131,产成品库存,component,45.2,-2.799999999999997,-2.5
2022-08-31,M0017132,采购量,component,49.2,0.30000000000000426,-1.0999999999999943
2022-08-31,M0017133,进口,component,47.8,0.8999999999999986,-0.5
2022-08-31,M0017134,主要原材料购进价格,component,44.3,3.8999999999999986,-17.0
2022-08-31,M0017135,原材料库存,component,48.0,0.10000000000000142,0.29999999999999716
2022-08-31,M0017136,从业人员,component,48.9,0.29999999999999716,-0.7000000000000028
2022-08-31,M0017137,供应商配送时间,component,49.5,-0.6000000000000014,1.5
2022-08-31,M0017126,制造业PMI,headline,49.4,0.3999999999999986,-0.7000000000000028
2022-08-31,M5207831,建筑业PMI,headline,56.5,-2.700000000000003,-4.0
2022-08-31,M5207838,服务业PMI,headline,51.9,-0.8999999999999986,6.699999999999996
2022-08-31,M6642294,高技术制造业,industry,50.6,-0.8999999999999986,-3.1000000000000014
2022-08-31,M6642295,装备制造业,industry,50.9,-0.30000000000000426,-0.3999999999999986
2022-08-31,M6642296,消费品制造业,industry,52.3,0.8999999999999986,
2022-08-31,M6642297,基础原材料行业,industry,46.2,,-1.7999999999999972
2022-09-30,M0017127,生产,component,51.5,1.7000000000000028,2.0
2022-09-30,M0017128,新订单,component,49.8,0.5999999999999943,0.5
2022-09-30,M0017129,新出口订单,component,47.0,-1.1000000000000014,0.7999999999999972
2022-09-30,M0017130,在手订单,component,44.1,1.0,-1.5
2022-09-30,M0017131,产成品库存,component,47.3,2.0999999999999943,0.09999999999999432
2022-09-30,M0017132,采购量,component,50.2,1.0,0.5
2022-09-30,M0017133,进口,component,48.1,0.30000000000000426,1.3000000000000043
2022-09-30,M0017134,主要原材料购进价格,component,51.3,7.0,-12.200000000000003
2022-09-30,M0017135,原材料库存,component,47.6,-0.3999999999999986,-0.6000000000000014
2022-09-30,M0017136,从业人员,component,49.0,0.10000000000000142,0.0
2022-09-30,M0017137,供应商配送时间,component,48.7,-0.7999999999999972,0.6000000000000014
2022-09-30,M0017126,制造业PMI,headline,50.1,0.7000000000000028,0.5
2022-09-30,M5207831,建筑业PMI,headline,60.2,3.700000000000003,2.700000000000003
2022-09-30,M5207838,服务业PMI,headline,48.9,-3.0,-3.5
2022-09-30,M6642294,高技术制造业,industry,49.3,-1.3000000000000043,-4.700000000000003
2022-09-30,M6642295,装备制造业,industry,49.5,-1.3999999999999986,-2.299999999999997
2022-09-30,M6642297,基础原材料行业,industry,50.6,4.399999999999999,3.3000000000000043
2022-10-31,M0017127,生产,component,49.6,-1.8999999999999986,1.2000000000000028
2022-10-31,M0017128,新订单,component,48.1,-1.6999999999999957,-0.6999999999999957
2022-10-31,M0017129,新出口订单,component,47.6,0.6000000000000014,1.0
2022-10-31,M0017130,在手订单,component,43.9,-0.20000000000000284,-1.1000000000000014
2022-10-31,M0017131,产成品库存,component,48.0,0.7000000000000028,1.7000000000000028
2022-10-31,M0017132,采购量,component,49.3,-0.9000000000000057,0.3999999999999986
2022-10-31,M0017133,进口,component,47.9,-0.20000000000000284,0.3999999999999986
2022-10-31,M0017134,主要原材料购进价格,component,53.3,2.0,-18.799999999999997
2022-10-31,M0017135,原材料库存,component,47.7,0.10000000000000142,0.7000000000000028
2022-10-31,M0017136,从业人员,component,48.3,-0.7000000000000028,-0.5
2022-10-31,M0017137,供应商配送时间,component,47.1,-1.6000000000000014,0.3999999999999986
2022-10-31,M0017126,制造业PMI,headline,49.2,-0.8999999999999986,0.0
2022-10-31,M5207831,建筑业PMI,headline,58.2,-2.0,1.3000000000000043
2022-10-31,M5207838,服务业PMI,headline,47.0,-1.8999999999999986,-4.600000000000001
2022-10-31,M6642294,高技术制造业,industry,49.4,0.10000000000000142,-2.6000000000000014
2022-10-31,M6642295,装备制造业,industry,49.6,0.10000000000000142,-1.6000000000000014
2022-10-31,M6642296,消费品制造业,industry,49.5,,-0.20000000000000284
2022-10-31,M6642297,基础原材料行业,industry,48.8,-1.8000000000000043,1.5999999999999943
2022-11-30,M0017127,生产,component,47.8,-1.8000000000000043,-4.200000000000003
2022-11-30,M0017128,新订单,component,46.4,-1.7000000000000028,-3.0
2022-11-30,M0017129,新出口订单,component,46.7,-0.8999999999999986,-1.7999999999999972
2022-11-30,M0017130,在手订单,component,43.4,-0.5,-2.3000000000000043
2022-11-30,M0017131,产成品库存,component,48.1,0.10000000000000142,0.20000000000000284
2022-11-30,M0017132,采购量,component,47.1,-2.1999999999999957,-3.1000000000000014
2022-11-30,M0017133,进口,component,47.1,-0.7999999999999972,-1.0
2022-11-30,M0017134,主要原材料购进价格,component,50.7,-2.5999999999999943,-2.1999999999999957
2022-11-30,M0017135,原材料库存,component,46.7,-1.0,-1.0
2022-11-30,M0017136,从业人员,component,47.4,-0.8999999999999986,-1.5
2022-11-30,M0017137,供应商配送时间,component,46.7,-0.3999999999999986,-1.5
2022-11-30,M0017126,制造业PMI,headline,48.0,-1.2000000000000028,-2.1000000000000014
2022-11-30,M5207831,建筑业PMI,headline,55.4,-2.8000000000000043,-3.700000000000003
2022-11-30,M5207838,服务业PMI,headline,45.1,-1.8999999999999986,-6.0
2022-11-30,M6642294,高技术制造业,industry,49.3,-0.10000000000000142,-3.9000000000000057
2022-11-30,M6642295,装备制造业,industry,48.0,-1.6000000000000014,-3.700000000000003
2022-11-30,M6642296,消费品制造业,industry,48.8,-0.7000000000000028,-2.6000000000000014
2022-11-30,M6642297,基础原材料行业,industry,46.9,-1.8999999999999986,-4.200000000000003
2022-12-31,M0017127,生产,component,44.6,-3.1999999999999957,-6.799999999999997
2022-12-31,M0017128,新订单,component,43.9,-2.5,-5.800000000000004
2022-12-31,M0017129,新出口订单,component,44.2,-2.5,-3.8999999999999986
2022-12-31,M0017130,在手订单,component,43.1,-0.29999999999999716,-2.5
2022-12-31,M0017131,产成品库存,component,46.6,-1.5,-1.8999999999999986
2022-12-31,M0017132,采购量,component,44.9,-2.200000000000003,-5.899999999999999
2022-12-31,M0017133,进口,component,43.7,-3.3999999999999986,-4.5
2022-12-31,M0017134,主要原材料购进价格,component,51.6,0.8999999999999986,3.5
2022-12-31,M0017135,原材料库存,component,47.1,0.3999999999999986,-2.1000000000000014
2022-12-31,M0017136,从业人员,component,44.8,-2.6000000000000014,-4.300000000000004
2022-12-31,M0017137,供应商配送时间,component,40.1,-6.600000000000001,-8.199999999999996
2022-12-31,M0017126,制造业PMI,headline,47.0,-1.0,-3.299999999999997
2022-12-31,M5207831,建筑业PMI,headline,54.4,-1.0,-1.8999999999999986
2022-12-31,M5207838,服务业PMI,headline,39.4,-5.700000000000003,-12.600000000000001
2022-12-31,M6642294,高技术制造业,industry,47.4,-1.8999999999999986,-6.600000000000001
2022-12-31,M6642295,装备制造业,industry,46.0,-2.0,-5.600000000000001
2022-12-31,M6642296,消费品制造业,industry,46.9,-1.8999999999999986,-4.200000000000003
2022-12-31,M6642297,基础原材料行业,industry,47.4,0.5,
2023-01-31,M0017127,生产,component,49.8,5.199999999999996,-1.1000000000000014
2023-01-31,M0017128,新订单,component,50.9,7.0,1.6000000000000014
2023-01-31,M0017129,新出口订单,component,46.1,1.8999999999999986,-2.299999999999997
2023-01-31,M0017130,在手订单,component,44.5,1.3999999999999986,-1.2999999999999972
2023-01-31,M0017131,产成品库存,component,47.2,0.6000000000000014,-0.7999999999999972
2023-01-31,M0017132,采购量,component,50.4,5.5,0.19999999999999574
2023-01-31,M0017133,进口,component,46.7,3.0,-0.5
2023-01-31,M0017134,主要原材料购进价格,component,52.2,0.6000000000000014,-4.199999999999996
2023-01-31,M0017135,原材料库存,component,49.6,2.5,0.5
2023-01-31,M0017136,从业人员,component,47.7,2.9000000000000057,-1.1999999999999957
2023-01-31,M0017137,供应商配送时间,component,47.6,7.5,0.0
2023-01-31,M0017126,制造业PMI,headline,50.1,3.1000000000000014,0.0
2023-01-31,M5207831,建筑业PMI,headline,56.4,2.0,1.0
2023-01-31,M5207838,服务业PMI,headline,54.0,14.600000000000001,3.700000000000003
2023-01-31,M6642294,高技术制造业,industry,52.5,5.100000000000001,0.6000000000000014
2023-01-31,M6642295,装备制造业,industry,50.7,4.700000000000003,0.4000000000000057
2023-01-31,M6642296,消费品制造业,industry,50.9,4.0,0.6999999999999957
2023-01-31,M6642297,基础原材料行业,industry,48.6,1.2000000000000028,
2023-02-28,M0017127,生产,component,56.7,6.900000000000006,6.300000000000004
2023-02-28,M0017128,新订单,component,54.1,3.200000000000003,3.3999999999999986
2023-02-28,M0017129,新出口订单,component,52.4,6.299999999999997,3.3999999999999986
2023-02-28,M0017130,在手订单,component,49.3,4.799999999999997,4.099999999999994
2023-02-28,M0017131,产成品库存,component,50.6,3.3999999999999986,3.3000000000000043
2023-02-28,M0017132,采购量,component,53.5,3.1000000000000014,2.6000000000000014
2023-02-28,M0017133,进口,component,51.3,4.599999999999994,2.6999999999999957
2023-02-28,M0017134,主要原材料购进价格,component,54.4,2.1999999999999957,-5.600000000000001
2023-02-28,M0017135,原材料库存,component,49.8,0.19999999999999574,1.6999999999999957
2023-02-28,M0017136,从业人员,component,50.2,2.5,1.0
2023-02-28,M0017137,供应商配送时间,component,52.0,4.399999999999999,3.799999999999997
2023-02-28,M0017126,制造业PMI,headline,52.6,2.5,2.3999999999999986
2023-02-28,M5207831,建筑业PMI,headline,60.2,3.8000000000000043,2.6000000000000014
2023-02-28,M5207838,服务业PMI,headline,55.6,1.6000000000000014,5.100000000000001
2023-02-28,M6642294,高技术制造业,industry,53.6,1.1000000000000014,0.5
2023-02-28,M6642295,装备制造业,industry,54.5,3.799999999999997,3.1000000000000014
2023-02-28,M6642296,消费品制造业,industry,51.3,0.3999999999999986,-0.5
2023-02-28,M6642297,基础原材料行业,industry,51.6,3.0,3.3000000000000043
2023-03-31,M0017127,生产,component,54.6,-2.1000000000000014,5.100000000000001
2023-03-31,M0017128,新订单,component,53.6,-0.5,4.800000000000004
2023-03-31,M0017129,新出口订单,component,50.4,-2.0,3.1999999999999957
2023-03-31,M0017130,在手订单,component,48.9,-0.3999999999999986,2.799999999999997
2023-03-31,M0017131,产成品库存,component,49.5,-1.1000000000000014,0.6000000000000014
2023-03-31,M0017132,采购量,component,53.5,0.0,4.799999999999997
2023-03-31,M0017133,进口,component,50.9,-0.3999999999999986,4.0
2023-03-31,M0017134,主要原材料购进价格,component,50.9,-3.5,-15.199999999999996
2023-03-31,M0017135,原材料库存,component,48.3,-1.5,1.0
2023-03-31,M0017136,从业人员,component,49.7,-0.5,1.1000000000000014
2023-03-31,M0017137,供应商配送时间,component,50.8,-1.2000000000000028,4.299999999999997
2023-03-31,M0017126,制造业PMI,headline,51.9,-0.7000000000000028,2.3999999999999986
2023-03-31,M5207831,建筑业PMI,headline,65.6,5.3999999999999915,7.499999999999993
2023-03-31,M5207838,服务业PMI,headline,56.9,1.2999999999999972,10.199999999999996
2023-03-31,M6642294,高技术制造业,industry,51.2,-2.3999999999999986,0.8000000000000043
2023-03-31,M6642295,装备制造业,industry,53.0,-1.5,3.5
2023-03-31,M6642296,消费品制造业,industry,51.9,0.6000000000000014,2.6000000000000014
2023-04-30,M0017127,生产,component,50.2,-4.399999999999999,5.800000000000004
2023-04-30,M0017128,新订单,component,48.8,-4.800000000000004,6.199999999999996
2023-04-30,M0017129,新出口订单,component,47.6,-2.799999999999997,6.0
2023-04-30,M0017130,在手订单,component,46.8,-2.1000000000000014,0.7999999999999972
2023-04-30,M0017131,产成品库存,component,49.4,-0.10000000000000142,-0.8999999999999986
2023-04-30,M0017132,采购量,component,49.1,-4.399999999999999,5.600000000000001
2023-04-30,M0017133,进口,component,48.9,-2.0,6.0
2023-04-30,M0017134,主要原材料购进价格,component,46.4,-4.5,-17.800000000000004
2023-04-30,M0017135,原材料库存,component,47.9,-0.3999999999999986,1.3999999999999986
2023-04-30,M0017136,从业人员,component,48.8,-0.9000000000000057,1.5999999999999943
2023-04-30,M0017137,供应商配送时间,component,50.3,-0.5,13.099999999999994
2023-04-30,M0017126,制造业PMI,headline,49.2,-2.6999999999999957,1.8000000000000043
2023-04-30,M5207831,建筑业PMI,headline,63.9,-1.6999999999999957,11.199999999999996
2023-04-30,M5207838,服务业PMI,headline,55.1,-1.7999999999999972,15.100000000000001
2023-04-30,M6642294,高技术制造业,industry,49.3,-1.9000000000000057,-0.8000000000000043
2023-04-30,M6642295,装备制造业,industry,50.1,-2.8999999999999986,4.300000000000004
2023-04-30,M6642296,消费品制造业,industry,49.8,-2.1000000000000014,1.3999999999999986
2023-04-30,M6642297,基础原材料行业,industry,47.9,,0.6000000000000014
2023-05-31,M0017127,生产,component,49.6,-0.6000000000000014,-0.10000000000000142
2023-05-31,M0017128,新订单,component,48.3,-0.5,0.09999999999999432
2023-05-31,M0017129,新出口订单,component,47.2,-0.3999999999999986,1.0
2023-05-31,M0017130,在手订单,component,46.1,-0.6999999999999957,1.1000000000000014
2023-05-31,M0017131,产成品库存,component,48.9,-0.5,-0.3999999999999986
2023-05-31,M0017132,采购量,component,49.0,-0.10000000000000142,0.6000000000000014
2023-05-31,M0017133,进口,component,48.6,-0.29999999999999716,3.5
2023-05-31,M0017134,主要原材料购进价格,component,40.8,-5.600000000000001,-15.0
2023-05-31,M0017135,原材料库存,component,47.6,-0.29999999999999716,-0.29999999999999716
2023-05-31,M0017136,从业人员,component,48.4,-0.3999999999999986,0.7999999999999972
2023-05-31,M0017137,供应商配送时间,component,50.5,0.20000000000000284,6.399999999999999
2023-05-31,M0017126,制造业PMI,headline,48.8,-0.4000000000000057,-0.8000000000000043
2023-05-31,M5207831,建筑业PMI,headline,58.2,-5.699999999999996,6.0
2023-05-31,M5207838,服务业PMI,headline,53.8,-1.3000000000000043,6.699999999999996
2023-05-31,M6642294,高技术制造业,industry,50.5,1.2000000000000028,0.0
2023-05-31,M6642295,装备制造业,industry,50.4,0.29999999999999716,1.5
2023-05-31,M6642296,消费品制造业,industry,50.8,1.0,0.5999999999999943
2023-05-31,M6642297,基础原材料行业,industry,45.8,-2.1000000000000014,
2023-06-30,M0017127,生产,component,50.3,0.6999999999999957,-2.5
2023-06-30,M0017128,新订单,component,48.6,0.30000000000000426,-1.7999999999999972
2023-06-30,M0017129,新出口订单,component,46.4,-0.8000000000000043,-3.1000000000000014
2023-06-30,M0017130,在手订单,component,45.2,-0.8999999999999986,1.0
2023-06-30,M0017131,产成品库存,component,46.1,-2.799999999999997,-2.5
2023-06-30,M0017132,采购量,component,48.9,-0.10000000000000142,-2.200000000000003
2023-06-30,M0017133,进口,component,47.0,-1.6000000000000014,-2.200000000000003
2023-06-30,M0017134,主要原材料购进价格,component,45.0,4.200000000000003,-7.0
2023-06-30,M0017135,原材料库存,component,47.4,-0.20000000000000284,-0.7000000000000028
2023-06-30,M0017136,从业人员,component,48.2,-0.19999999999999574,-0.5
2023-06-30,M0017137,供应商配送时间,component,50.4,-0.10000000000000142,-0.8999999999999986
2023-06-30,M0017126,制造业PMI,headline,49.0,0.20000000000000284,-1.2000000000000028
2023-06-30,M5207831,建筑业PMI,headline,55.7,-2.5,-0.8999999999999986
2023-06-30,M5207838,服务业PMI,headline,52.8,-1.0,-1.5
2023-06-30,M6642294,高技术制造业,industry,51.2,0.7000000000000028,-1.5999999999999943
2023-06-30,M6642295,装备制造业,industry,50.9,0.5,-1.3000000000000043
2023-06-30,M6642296,消费品制造业,industry,50.7,-0.09999999999999432,-0.19999999999999574
2023-07-31,M0017127,生产,component,50.2,-0.09999999999999432,0.4000000000000057
2023-07-31,M0017128,新订单,component,49.5,0.8999999999999986,1.0
2023-07-31,M0017129,新出口订单,component,46.3,-0.10000000000000142,-1.1000000000000014
2023-07-31,M0017130,在手订单,component,45.4,0.19999999999999574,2.799999999999997
2023-07-31,M0017131,产成品库存,component,46.3,0.19999999999999574,-1.7000000000000028
2023-07-31,M0017132,采购量,component,49.5,0.6000000000000014,0.6000000000000014
2023-07-31,M0017133,进口,component,46.8,-0.20000000000000284,-0.10000000000000142
2023-07-31,M0017134,主要原材料购进价格,component,52.4,7.399999999999999,12.0
2023-07-31,M0017135,原材料库存,component,48.2,0.8000000000000043,0.30000000000000426
2023-07-31,M0017136,从业人员,component,48.1,-0.10000000000000142,-0.5
2023-07-31,M0017137,供应商配送时间,component,50.5,0.10000000000000142,0.3999999999999986
2023-07-31,M0017126,制造业PMI,headline,49.3,0.29999999999999716,0.29999999999999716
2023-07-31,M5207831,建筑业PMI,headline,51.2,-4.5,-8.0
2023-07-31,M5207838,服务业PMI,headline,51.5,-1.2999999999999972,-1.2999999999999972
2023-08-31,M0017127,生产,component,51.9,1.6999999999999957,2.1000000000000014
2023-08-31,M0017128,新订单,component,50.2,0.7000000000000028,1.0
2023-08-31,M0017129,新出口订单,component,46.7,0.4000000000000057,-1.3999999999999986
2023-08-31,M0017130,在手订单,component,45.9,0.5,2.799999999999997
2023-08-31,M0017131,产成品库存,component,47.2,0.9000000000000057,2.0
2023-08-31,M0017132,采购量,component,50.5,1.0,1.2999999999999972
2023-08-31,M0017133,进口,component,48.9,2.1000000000000014,1.1000000000000014
2023-08-31,M0017134,主要原材料购进价格,component,56.5,4.100000000000001,12.200000000000003
2023-08-31,M0017135,原材料库存,component,48.4,0.19999999999999574,0.3999999999999986
2023-08-31,M0017136,从业人员,component,48.0,-0.10000000000000142,-0.8999999999999986
2023-08-31,M0017137,供应商配送时间,component,51.6,1.1000000000000014,2.1000000000000014
2023-08-31,M0017126,制造业PMI,headline,49.7,0.4000000000000057,0.30000000000000426
2023-08-31,M5207831,建筑业PMI,headline,53.8,2.5999999999999943,-2.700000000000003
2023-08-31,M5207838,服务业PMI,headline,50.5,-1.0,-1.3999999999999986
2023-09-30,M0017127,生产,component,52.7,0.8000000000000043,1.2000000000000028
2023-09-30,M0017128,新订单,component,50.5,0.29999999999999716,0.7000000000000028
2023-09-30,M0017129,新出口订单,component,47.8,1.0999999999999943,0.7999999999999972
2023-09-30,M0017130,在手订单,component,45.3,-0.6000000000000014,1.1999999999999957
2023-09-30,M0017131,产成品库存,component,46.7,-0.5,-0.5999999999999943
2023-09-30,M0017132,采购量,component,50.7,0.20000000000000284,0.5
2023-09-30,M0017133,进口,component,47.6,-1.2999999999999972,-0.5
2023-09-30,M0017134,主要原材料购进价格,component,59.4,2.8999999999999986,8.100000000000001
2023-09-30,M0017135,原材料库存,component,48.5,0.10000000000000142,0.8999999999999986
2023-09-30,M0017136,从业人员,component,48.1,0.10000000000000142,-0.8999999999999986
2023-09-30,M0017137,供应商配送时间,component,50.8,-0.8000000000000043,2.0999999999999943
2023-09-30,M0017126,制造业PMI,headline,50.2,0.5,0.10000000000000142
2023-09-30,M5207831,建筑业PMI,headline,56.2,2.4000000000000057,-4.0
2023-09-30,M5207838,服务业PMI,headline,50.9,0.3999999999999986,2.0
2023-09-30,M6642294,高技术制造业,industry,50.1,,0.8000000000000043
2023-09-30,M6642295,装备制造业,industry,50.6,,1.1000000000000014
2023-09-30,M6642296,消费品制造业,industry,51.3,,
2023-09-30,M6642297,基础原材料行业,industry,49.7,,-0.8999999999999986
2023-10-31,M0017127,生产,component,50.9,-1.8000000000000043,1.2999999999999972
2023-10-31,M0017128,新订单,component,49.5,-1.0,1.3999999999999986
2023-10-31,M0017129,新出口订单,component,46.8,-1.0,-0.8000000000000043
2023-10-31,M0017130,在手订单,component,44.2,-1.0999999999999943,0.30000000000000426
2023-10-31,M0017131,产成品库存,component,48.5,1.7999999999999972,0.5
2023-10-31,M0017132,采购量,component,49.8,-0.9000000000000057,0.5
2023-10-31,M0017133,进口,component,47.5,-0.10000000000000142,-0.3999999999999986
2023-10-31,M0017134,主要原材料购进价格,component,52.6,-6.799999999999997,-0.6999999999999957
2023-10-31,M0017135,原材料库存,component,48.2,-0.29999999999999716,0.5
2023-10-31,M0017136,从业人员,component,48.0,-0.10000000000000142,-0.29999999999999716
2023-10-31,M0017137,供应商配送时间,component,50.2,-0.5999999999999943,3.1000000000000014
2023-10-31,M0017126,制造业PMI,headline,49.5,-0.7000000000000028,0.29999999999999716
2023-10-31,M5207831,建筑业PMI,headline,53.5,-2.700000000000003,-4.700000000000003
2023-10-31,M5207838,服务业PMI,headline,50.1,-0.7999999999999972,3.1000000000000014
2023-11-30,M0017127,生产,component,50.7,-0.19999999999999574,2.9000000000000057
2023-11-30,M0017128,新订单,component,49.4,-0.10000000000000142,3.0
2023-11-30,M0017129,新出口订单,component,46.3,-0.5,-0.4000000000000057
2023-11-30,M0017130,在手订单,component,44.4,0.19999999999999574,1.0
2023-11-30,M0017131,产成品库存,component,48.2,-0.29999999999999716,0.10000000000000142
2023-11-30,M0017132,采购量,component,49.6,-0.19999999999999574,2.5
2023-11-30,M0017133,进口,component,47.3,-0.20000000000000284,0.19999999999999574
2023-11-30,M0017134,主要原材料购进价格,component,50.7,-1.8999999999999986,0.0
2023-11-30,M0017135,原材料库存,component,48.0,-0.20000000000000284,1.2999999999999972
2023-11-30,M0017136,从业人员,component,48.1,0.10000000000000142,0.7000000000000028
2023-11-30,M0017137,供应商配送时间,component,50.3,0.09999999999999432,3.5999999999999943
2023-11-30,M0017126,制造业PMI,headline,49.4,-0.10000000000000142,1.3999999999999986
2023-11-30,M5207831,建筑业PMI,headline,55.0,1.5,-0.3999999999999986
2023-11-30,M5207838,服务业PMI,headline,49.3,-0.8000000000000043,4.199999999999996
2023-11-30,M6642294,高技术制造业,industry,51.2,,1.9000000000000057
2023-11-30,M6642295,装备制造业,industry,51.6,,3.6000000000000014
2023-12-31,M0017127,生产,component,50.2,-0.5,5.600000000000001
2023-12-31,M0017128,新订单,component,48.7,-0.6999999999999957,4.800000000000004
2023-12-31,M0017129,新出口订单,component,45.8,-0.5,1.5999999999999943
2023-12-31,M0017130,在手订单,component,44.5,0.10000000000000142,1.3999999999999986
2023-12-31,M0017131,产成品库存,component,47.8,-0.4000000000000057,1.1999999999999957
2023-12-31,M0017132,采购量,component,49.0,-0.6000000000000014,4.100000000000001
2023-12-31,M0017133,进口,component,46.4,-0.8999999999999986,2.6999999999999957
2023-12-31,M0017134,主要原材料购进价格,component,51.5,0.7999999999999972,-0.10000000000000142
2023-12-31,M0017135,原材料库存,component,47.7,-0.29999999999999716,0.6000000000000014
2023-12-31,M0017136,从业人员,component,47.9,-0.20000000000000284,3.1000000000000014
2023-12-31,M0017137,供应商配送时间,component,50.3,0.0,10.199999999999996
2023-12-31,M0017126,制造业PMI,headline,49.0,-0.3999999999999986,2.0
2023-12-31,M5207831,建筑业PMI,headline,56.9,1.8999999999999986,2.5
2023-12-31,M5207838,服务业PMI,headline,49.3,0.0,9.899999999999999
2023-12-31,M6642294,高技术制造业,industry,50.3,-0.9000000000000057,2.8999999999999986
2023-12-31,M6642295,装备制造业,industry,50.2,-1.3999999999999986,4.200000000000003
2023-12-31,M6642296,消费品制造业,industry,49.4,,2.5
2024-01-31,M0017127,生产,component,51.3,1.0999999999999943,1.5
2024-01-31,M0017128,新订单,component,49.0,0.29999999999999716,-1.8999999999999986
2024-01-31,M0017129,新出口订单,component,47.2,1.4000000000000057,1.1000000000000014
2024-01-31,M0017130,在手订单,component,44.3,-0.20000000000000284,-0.20000000000000284
2024-01-31,M0017131,产成品库存,component,49.4,1.6000000000000014,2.1999999999999957
2024-01-31,M0017132,采购量,component,49.2,0.20000000000000284,-1.1999999999999957
2024-01-31,M0017133,进口,component,46.7,0.30000000000000426,0.0
2024-01-31,M0017134,主要原材料购进价格,component,50.4,-1.1000000000000014,-1.8000000000000043
2024-01-31,M0017135,原材料库存,component,47.6,-0.10000000000000142,-2.0
2024-01-31,M0017136,从业人员,component,47.6,-0.29999999999999716,-0.10000000000000142
2024-01-31,M0017137,供应商配送时间,component,50.8,0.5,3.1999999999999957
2024-01-31,M0017126,制造业PMI,headline,49.2,0.20000000000000284,-0.8999999999999986
2024-01-31,M5207831,建筑业PMI,headline,53.9,-3.0,-2.5
2024-01-31,M5207838,服务业PMI,headline,50.1,0.8000000000000043,-3.8999999999999986
2024-01-31,M6642294,高技术制造业,industry,51.1,0.8000000000000043,-1.3999999999999986
2024-01-31,M6642295,装备制造业,industry,50.1,-0.10000000000000142,-0.6000000000000014
2024-01-31,M6642296,消费品制造业,industry,50.1,0.7000000000000028,-0.7999999999999972
2024-01-31,M6642297,基础原材料行业,industry,47.6,,-1.0
2024-02-29,M0017127,生产,component,49.8,-1.5,-6.900000000000006
2024-02-29,M0017128,新订单,component,49.0,0.0,-5.100000000000001
2024-02-29,M0017129,新出口订单,component,46.3,-0.9000000000000057,-6.100000000000001
2024-02-29,M0017130,在手订单,component,43.5,-0.7999999999999972,-5.799999999999997
2024-02-29,M0017131,产成品库存,component,47.9,-1.5,-2.700000000000003
2024-02-29,M0017132,采购量,component,48.0,-1.2000000000000028,-5.5
2024-02-29,M0017133,进口,component,46.4,-0.30000000000000426,-4.899999999999999
2024-02-29,M0017134,主要原材料购进价格,component,50.1,-0.29999999999999716,-4.299999999999997
2024-02-29,M0017135,原材料库存,component,47.4,-0.20000000000000284,-2.3999999999999986
2024-02-29,M0017136,从业人员,component,47.5,-0.10000000000000142,-2.700000000000003
2024-02-29,M0017137,供应商配送时间,component,48.8,-2.0,-3.200000000000003
2024-02-29,M0017126,制造业PMI,headline,49.1,-0.10000000000000142,-3.5
2024-02-29,M5207831,建筑业PMI,headline,53.5,-0.3999999999999986,-6.700000000000003
2024-02-29,M5207838,服务业PMI,headline,51.0,0.8999999999999986,-4.600000000000001
2024-02-29,M6642294,高技术制造业,industry,50.8,-0.30000000000000426,-2.8000000000000043
2024-02-29,M6642295,装备制造业,industry,49.5,-0.6000000000000014,-5.0
2024-02-29,M6642296,消费品制造业,industry,50.0,-0.10000000000000142,-1.2999999999999972
2024-03-31,M0017127,生产,component,52.2,2.4000000000000057,-2.3999999999999986
2024-03-31,M0017128,新订单,component,53.0,4.0,-0.6000000000000014
2024-03-31,M0017129,新出口订单,component,51.3,5.0,0.8999999999999986
2024-03-31,M0017130,在手订单,component,47.6,4.100000000000001,-1.2999999999999972
2024-03-31,M0017131,产成品库存,component,48.9,1.0,-0.6000000000000014
2024-03-31,M0017132,采购量,component,52.7,4.700000000000003,-0.7999999999999972
2024-03-31,M0017133,进口,component,50.4,4.0,-0.5
2024-03-31,M0017134,主要原材料购进价格,component,50.5,0.3999999999999986,-0.3999999999999986
2024-03-31,M0017135,原材料库存,component,48.1,0.7000000000000028,-0.19999999999999574
2024-03-31,M0017136,从业人员,component,48.1,0.6000000000000014,-1.6000000000000014
2024-03-31,M0017137,供应商配送时间,component,50.6,1.8000000000000043,-0.19999999999999574
2024-03-31,M0017126,制造业PMI,headline,50.8,1.6999999999999957,-1.1000000000000014
2024-03-31,M5207831,建筑业PMI,headline,56.2,2.700000000000003,-9.399999999999991
2024-03-31,M5207838,服务业PMI,headline,52.4,1.3999999999999986,-4.5
2024-03-31,M6642294,高技术制造业,industry,53.9,3.1000000000000014,2.6999999999999957
2024-03-31,M6642295,装备制造业,industry,51.6,2.1000000000000014,-1.3999999999999986
2024-03-31,M6642296,消费品制造业,industry,51.8,1.7999999999999972,-0.10000000000000142
2024-03-31,M6642297,基础原材料行业,industry,49.1,,
2024-04-30,M0017127,生产,component,52.9,0.6999999999999957,2.6999999999999957
2024-04-30,M0017128,新订单,component,51.1,-1.8999999999999986,2.3000000000000043
2024-04-30,M0017129,新出口订单,component,50.6,-0.6999999999999957,3.0
2024-04-30,M0017130,在手订单,component,45.6,-2.0,-1.1999999999999957
2024-04-30,M0017131,产成品库存,component,47.3,-1.6000000000000014,-2.1000000000000014
2024-04-30,M0017132,采购量,component,50.5,-2.200000000000003,1.3999999999999986
2024-04-30,M0017133,进口,component,48.1,-2.299999999999997,-0.7999999999999972
2024-04-30,M0017134,主要原材料购进价格,component,54.0,3.5,7.600000000000001
2024-04-30,M0017135,原材料库存,component,48.1,0.0,0.20000000000000284
2024-04-30,M0017136,从业人员,component,48.0,-0.10000000000000142,-0.7999999999999972
2024-04-30,M0017137,供应商配送时间,component,50.4,-0.20000000000000284,0.10000000000000142
2024-04-30,M0017126,制造业PMI,headline,50.4,-0.3999999999999986,1.1999999999999957
2024-04-30,M5207831,建筑业PMI,headline,56.3,0.09999999999999432,-7.600000000000001
2024-04-30,M5207838,服务业PMI,headline,50.3,-2.1000000000000014,-4.800000000000004
2024-04-30,M6642294,高技术制造业,industry,53.0,-0.8999999999999986,3.700000000000003
2024-04-30,M6642295,装备制造业,industry,51.3,-0.30000000000000426,1.1999999999999957
2024-04-30,M6642296,消费品制造业,industry,50.5,-1.2999999999999972,0.7000000000000028
2024-05-31,M0017127,生产,component,50.8,-2.1000000000000014,1.1999999999999957
2024-05-31,M0017128,新订单,component,49.6,-1.5,1.3000000000000043
2024-05-31,M0017129,新出口订单,component,48.3,-2.3000000000000043,1.0999999999999943
2024-05-31,M0017130,在手订单,component,45.3,-0.30000000000000426,-0.8000000000000043
2024-05-31,M0017131,产成品库存,component,46.5,-0.7999999999999972,-2.3999999999999986
2024-05-31,M0017132,采购量,component,49.3,-1.2000000000000028,0.29999999999999716
2024-05-31,M0017133,进口,component,46.8,-1.3000000000000043,-1.8000000000000043
2024-05-31,M0017134,主要原材料购进价格,component,56.9,2.8999999999999986,16.1
2024-05-31,M0017135,原材料库存,component,47.8,-0.30000000000000426,0.19999999999999574
2024-05-31,M0017136,从业人员,component,48.1,0.10000000000000142,-0.29999999999999716
2024-05-31,M0017137,供应商配送时间,component,50.1,-0.29999999999999716,-0.3999999999999986
2024-05-31,M0017126,制造业PMI,headline,49.5,-0.8999999999999986,0.7000000000000028
2024-05-31,M5207831,建筑业PMI,headline,54.4,-1.8999999999999986,-3.8000000000000043
2024-05-31,M5207838,服务业PMI,headline,50.5,0.20000000000000284,-3.299999999999997
2024-05-31,M6642294,高技术制造业,industry,50.7,-2.299999999999997,0.20000000000000284
2024-05-31,M6642295,装备制造业,industry,50.7,-0.5999999999999943,0.30000000000000426
2024-05-31,M6642297,基础原材料行业,industry,47.9,,2.1000000000000014
2024-06-30,M0017127,生产,component,50.6,-0.19999999999999574,0.30000000000000426
2024-06-30,M0017128,新订单,component,49.5,-0.10000000000000142,0.8999999999999986
2024-06-30,M0017129,新出口订单,component,48.3,0.0,1.8999999999999986
2024-06-30,M0017130,在手订单,component,45.0,-0.29999999999999716,-0.20000000000000284
2024-06-30,M0017131,产成品库存,component,48.3,1.7999999999999972,2.1999999999999957
2024-06-30,M0017132,采购量,component,48.1,-1.1999999999999957,-0.7999999999999972
2024-06-30,M0017133,进口,component,46.9,0.10000000000000142,-0.10000000000000142
2024-06-30,M0017134,主要原材料购进价格,component,51.7,-5.199999999999996,6.700000000000003
2024-06-30,M0017135,原材料库存,component,47.6,-0.19999999999999574,0.20000000000000284
2024-06-30,M0017136,从业人员,component,48.1,0.0,-0.10000000000000142
2024-06-30,M0017137,供应商配送时间,component,49.5,-0.6000000000000014,-0.8999999999999986
2024-06-30,M0017126,制造业PMI,headline,49.5,0.0,0.5
2024-06-30,M5207831,建筑业PMI,headline,52.3,-2.1000000000000014,-3.4000000000000057
2024-06-30,M5207838,服务业PMI,headline,50.2,-0.29999999999999716,-2.5999999999999943
2024-06-30,M6642294,高技术制造业,industry,52.3,1.5999999999999943,1.0999999999999943
2024-06-30,M6642295,装备制造业,industry,51.0,0.29999999999999716,0.10000000000000142
2024-06-30,M6642296,消费品制造业,industry,49.5,,-1.2000000000000028
2024-06-30,M6642297,基础原材料行业,industry,47.4,-0.5,
2024-07-31,M0017127,生产,component,50.1,-0.5,-0.10000000000000142
2024-07-31,M0017128,新订单,component,49.3,-0.20000000000000284,-0.20000000000000284
2024-07-31,M0017129,新出口订单,component,48.5,0.20000000000000284,2.200000000000003
2024-07-31,M0017130,在手订单,component,45.3,0.29999999999999716,-0.10000000000000142
2024-07-31,M0017131,产成品库存,component,47.8,-0.5,1.5
2024-07-31,M0017132,采购量,component,48.8,0.6999999999999957,-0.7000000000000028
2024-07-31,M0017133,进口,component,47.0,0.10000000000000142,0.20000000000000284
2024-07-31,M0017134,主要原材料购进价格,component,49.9,-1.8000000000000043,-2.5
2024-07-31,M0017135,原材料库存,component,47.8,0.19999999999999574,-0.4000000000000057
2024-07-31,M0017136,从业人员,component,48.3,0.19999999999999574,0.19999999999999574
2024-07-31,M0017137,供应商配送时间,component,49.3,-0.20000000000000284,-1.2000000000000028
2024-07-31,M0017126,制造业PMI,headline,49.4,-0.10000000000000142,0.10000000000000142
2024-07-31,M5207831,建筑业PMI,headline,51.2,-1.0999999999999943,0.0
2024-07-31,M5207838,服务业PMI,headline,50.0,-0.20000000000000284,-1.5
2024-07-31,M6642294,高技术制造业,industry,49.4,-2.8999999999999986,
2024-07-31,M6642295,装备制造业,industry,49.5,-1.5,
2024-07-31,M6642296,消费品制造业,industry,50.1,0.6000000000000014,
2024-07-31,M6642297,基础原材料行业,industry,48.6,1.2000000000000028,
2024-08-31,M0017127,生产,component,49.8,-0.30000000000000426,-2.1000000000000014
2024-08-31,M0017128,新订单,component,48.9,-0.3999999999999986,-1.3000000000000043
2024-08-31,M0017129,新出口订单,component,48.7,0.20000000000000284,2.0
2024-08-31,M0017130,在手订单,component,44.7,-0.5999999999999943,-1.1999999999999957
2024-08-31,M0017131,产成品库存,component,48.5,0.7000000000000028,1.2999999999999972
2024-08-31,M0017132,采购量,component,47.8,-1.0,-2.700000000000003
2024-08-31,M0017133,进口,component,46.8,-0.20000000000000284,-2.1000000000000014
2024-08-31,M0017134,主要原材料购进价格,component,43.2,-6.699999999999996,-13.299999999999997
2024-08-31,M0017135,原材料库存,component,47.6,-0.19999999999999574,-0.7999999999999972
2024-08-31,M0017136,从业人员,component,48.1,-0.19999999999999574,0.10000000000000142
2024-08-31,M0017137,供应商配送时间,component,49.6,0.30000000000000426,-2.0
2024-08-31,M0017126,制造业PMI,headline,49.1,-0.29999999999999716,-0.6000000000000014
2024-08-31,M5207831,建筑业PMI,headline,50.6,-0.6000000000000014,-3.1999999999999957
2024-08-31,M5207838,服务业PMI,headline,50.2,0.20000000000000284,-0.29999999999999716
2024-08-31,M6642294,高技术制造业,industry,51.7,2.3000000000000043,
2024-08-31,M6642295,装备制造业,industry,51.2,1.7000000000000028,
2024-08-31,M6642296,消费品制造业,industry,50.0,-0.10000000000000142,
2024-08-31,M6642297,基础原材料行业,industry,46.4,-2.200000000000003,
2024-09-30,M0017127,生产,component,51.2,1.4000000000000057,-1.5
2024-09-30,M0017128,新订单,component,49.9,1.0,-0.6000000000000014
2024-09-30,M0017129,新出口订单,component,47.5,-1.2000000000000028,-0.29999999999999716
2024-09-30,M0017130,在手订单,component,44.0,-0.7000000000000028,-1.2999999999999972
2024-09-30,M0017131,产成品库存,component,48.4,-0.10000000000000142,1.6999999999999957
2024-09-30,M0017132,采购量,component,47.6,-0.19999999999999574,-3.1000000000000014
2024-09-30,M0017133,进口,component,46.1,-0.6999999999999957,-1.5
2024-09-30,M0017134,主要原材料购进价格,component,45.1,1.8999999999999986,-14.299999999999997
2024-09-30,M0017135,原材料库存,component,47.7,0.10000000000000142,-0.7999999999999972
2024-09-30,M0017136,从业人员,component,48.2,0.10000000000000142,0.10000000000000142
2024-09-30,M0017137,供应商配送时间,component,49.5,-0.10000000000000142,-1.2999999999999972
2024-09-30,M0017126,制造业PMI,headline,49.8,0.6999999999999957,-0.4000000000000057
2024-09-30,M5207831,建筑业PMI,headline,50.7,0.10000000000000142,-5.5
2024-09-30,M5207838,服务业PMI,headline,49.9,-0.30000000000000426,-1.0
2024-09-30,M6642294,高技术制造业,industry,53.0,1.2999999999999972,2.8999999999999986
2024-09-30,M6642295,装备制造业,industry,52.0,0.7999999999999972,1.3999999999999986
2024-09-30,M6642296,消费品制造业,industry,51.1,1.1000000000000014,-0.19999999999999574
2024-09-30,M6642297,基础原材料行业,industry,46.6,0.20000000000000284,-3.1000000000000014
2024-10-31,M0017127,生产,component,52.0,0.7999999999999972,1.1000000000000014
2024-10-31,M0017128,新订单,component,50.0,0.10000000000000142,0.5
2024-10-31,M0017129,新出口订单,component,47.3,-0.20000000000000284,0.5
2024-10-31,M0017130,在手订单,component,45.4,1.3999999999999986,1.1999999999999957
2024-10-31,M0017131,产成品库存,component,46.9,-1.5,-1.6000000000000014
2024-10-31,M0017132,采购量,component,49.3,1.6999999999999957,-0.5
2024-10-31,M0017133,进口,component,47.0,0.8999999999999986,-0.5
2024-10-31,M0017134,主要原材料购进价格,component,53.4,8.299999999999997,0.7999999999999972
2024-10-31,M0017135,原材料库存,component,48.2,0.5,0.0
2024-10-31,M0017136,从业人员,component,48.4,0.19999999999999574,0.3999999999999986
2024-10-31,M0017137,供应商配送时间,component,49.6,0.10000000000000142,-0.6000000000000014
2024-10-31,M0017126,制造业PMI,headline,50.1,0.30000000000000426,0.6000000000000014
2024-10-31,M5207831,建筑业PMI,headline,50.4,-0.30000000000000426,-3.1000000000000014
2024-10-31,M5207838,服务业PMI,headline,50.1,0.20000000000000284,0.0
2024-10-31,M6642294,高技术制造业,industry,50.1,-2.8999999999999986,
2024-10-31,M6642295,装备制造业,industry,51.3,-0.7000000000000028,
2024-10-31,M6642296,消费品制造业,industry,49.5,-1.6000000000000014,
2024-10-31,M6642297,基础原材料行业,industry,49.3,2.6999999999999957,
2024-11-30,M0017127,生产,component,52.4,0.3999999999999986,1.6999999999999957
2024-11-30,M0017128,新订单,component,50.8,0.7999999999999972,1.3999999999999986
2024-11-30,M0017129,新出口订单,component,48.1,0.8000000000000043,1.8000000000000043
2024-11-30,M0017130,在手订单,component,45.6,0.20000000000000284,1.2000000000000028
2024-11-30,M0017131,产成品库存,component,47.4,0.5,-0.8000000000000043
2024-11-30,M0017132,采购量,component,51.0,1.7000000000000028,1.3999999999999986
2024-11-30,M0017133,进口,component,47.3,0.29999999999999716,0.0
2024-11-30,M0017134,主要原材料购进价格,component,49.8,-3.6000000000000014,-0.9000000000000057
2024-11-30,M0017135,原材料库存,component,48.2,0.0,0.20000000000000284
2024-11-30,M0017136,从业人员,component,48.2,-0.19999999999999574,0.10000000000000142
2024-11-30,M0017137,供应商配送时间,component,50.2,0.6000000000000014,-0.09999999999999432
2024-11-30,M0017126,制造业PMI,headline,50.3,0.19999999999999574,0.8999999999999986
2024-11-30,M5207831,建筑业PMI,headline,49.7,-0.6999999999999957,-5.299999999999997
2024-11-30,M5207838,服务业PMI,headline,50.1,0.0,0.8000000000000043
2024-11-30,M6642294,高技术制造业,industry,51.2,1.1000000000000014,0.0
2024-11-30,M6642295,装备制造业,industry,51.3,0.0,-0.30000000000000426
2024-11-30,M6642296,消费品制造业,industry,50.8,1.2999999999999972,
2024-11-30,M6642297,基础原材料行业,industry,49.2,-0.09999999999999432,
2024-12-31,M0017127,生产,component,52.1,-0.29999999999999716,1.8999999999999986
2024-12-31,M0017128,新订单,component,51.0,0.20000000000000284,2.299999999999997
2024-12-31,M0017129,新出口订单,component,48.3,0.19999999999999574,2.5
2024-12-31,M0017130,在手订单,component,45.9,0.29999999999999716,1.3999999999999986
2024-12-31,M0017131,产成品库存,component,47.9,0.5,0.10000000000000142
2024-12-31,M0017132,采购量,component,51.5,0.5,2.5
2024-12-31,M0017133,进口,component,49.3,2.0,2.8999999999999986
2024-12-31,M0017134,主要原材料购进价格,component,48.2,-1.5999999999999943,-3.299999999999997
2024-12-31,M0017135,原材料库存,component,48.3,0.09999999999999432,0.5999999999999943
2024-12-31,M0017136,从业人员,component,48.1,-0.10000000000000142,0.20000000000000284
2024-12-31,M0017137,供应商配送时间,component,50.9,0.6999999999999957,0.6000000000000014
2024-12-31,M0017126,制造业PMI,headline,50.1,-0.19999999999999574,1.1000000000000014
2024-12-31,M5207831,建筑业PMI,headline,53.2,3.5,-3.6999999999999957
2024-12-31,M5207838,服务业PMI,headline,52.0,1.8999999999999986,2.700000000000003
2024-12-31,M6642295,装备制造业,industry,50.6,-0.6999999999999957,0.3999999999999986
2024-12-31,M6642296,消费品制造业,industry,51.4,0.6000000000000014,2.0
2024-12-31,M6642297,基础原材料行业,industry,48.8,-0.4000000000000057,
2025-01-31,M0017127,生产,component,49.8,-2.3000000000000043,-1.5
2025-01-31,M0017128,新订单,component,49.2,-1.7999999999999972,0.20000000000000284
2025-01-31,M0017129,新出口订单,component,46.4,-1.8999999999999986,-0.8000000000000043
2025-01-31,M0017130,在手订单,component,45.6,-0.29999999999999716,1.3000000000000043
2025-01-31,M0017131,产成品库存,component,46.5,-1.3999999999999986,-2.8999999999999986
2025-01-31,M0017132,采购量,component,49.2,-2.299999999999997,0.0
2025-01-31,M0017133,进口,component,48.1,-1.1999999999999957,1.3999999999999986
2025-01-31,M0017134,主要原材料购进价格,component,49.5,1.2999999999999972,-0.8999999999999986
2025-01-31,M0017135,原材料库存,component,47.7,-0.5999999999999943,0.10000000000000142
2025-01-31,M0017136,从业人员,component,48.1,0.0,0.5
2025-01-31,M0017137,供应商配送时间,component,50.3,-0.6000000000000014,-0.5
2025-01-31,M0017126,制造业PMI,headline,49.1,-1.0,-0.10000000000000142
2025-01-31,M5207831,建筑业PMI,headline,49.3,-3.9000000000000057,-4.600000000000001
2025-01-31,M5207838,服务业PMI,headline,50.3,-1.7000000000000028,0.19999999999999574
2025-01-31,M6642294,高技术制造业,industry,49.3,,-1.8000000000000043
2025-01-31,M6642295,装备制造业,industry,50.2,-0.3999999999999986,0.10000000000000142
2025-01-31,M6642296,消费品制造业,industry,49.1,-2.299999999999997,-1.0
2025-01-31,M6642297,基础原材料行业,industry,47.6,-1.1999999999999957,0.0
2025-02-28,M0017127,生产,component,52.5,2.700000000000003,2.700000000000003
2025-02-28,M0017128,新订单,component,51.1,1.8999999999999986,2.1000000000000014
2025-02-28,M0017129,新出口订单,component,48.6,2.200000000000003,2.3000000000000043
2025-02-28,M0017130,在手订单,component,46.0,0.3999999999999986,2.5
2025-02-28,M0017131,产成品库存,component,48.3,1.7999999999999972,0.3999999999999986
2025-02-28,M0017132,采购量,component,52.1,2.8999999999999986,4.100000000000001
2025-02-28,M0017133,进口,component,49.5,1.3999999999999986,3.1000000000000014
2025-02-28,M0017134,主要原材料购进价格,component,50.8,1.2999999999999972,0.6999999999999957
2025-02-28,M0017135,原材料库存,component,47.0,-0.7000000000000028,-0.3999999999999986
2025-02-28,M0017136,从业人员,component,48.6,0.5,1.1000000000000014
2025-02-28,M0017137,供应商配送时间,component,51.0,0.7000000000000028,2.200000000000003
2025-02-28,M0017126,制造业PMI,headline,50.2,1.1000000000000014,1.1000000000000014
2025-02-28,M5207831,建筑业PMI,headline,52.7,3.4000000000000057,-0.7999999999999972
2025-02-28,M5207838,服务业PMI,headline,50.0,-0.29999999999999716,-1.0
2025-02-28,M6642294,高技术制造业,industry,50.9,1.6000000000000014,0.10000000000000142
2025-02-28,M6642295,装备制造业,industry,50.8,0.5999999999999943,1.2999999999999972
2025-02-28,M6642296,消费品制造业,industry,49.9,0.7999999999999972,-0.10000000000000142
2025-02-28,M6642297,基础原材料行业,industry,49.8,2.1999999999999957,
2025-03-31,M0017127,生产,component,52.6,0.10000000000000142,0.3999999999999986
2025-03-31,M0017128,新订单,component,51.8,0.6999999999999957,-1.2000000000000028
2025-03-31,M0017129,新出口订单,component,49.0,0.3999999999999986,-2.299999999999997
2025-03-31,M0017130,在手订单,component,45.6,-0.3999999999999986,-2.0
2025-03-31,M0017131,产成品库存,component,48.0,-0.29999999999999716,-0.8999999999999986
2025-03-31,M0017132,采购量,component,51.8,-0.30000000000000426,-0.9000000000000057
2025-03-31,M0017133,进口,component,47.5,-2.0,-2.8999999999999986
2025-03-31,M0017134,主要原材料购进价格,component,49.8,-1.0,-0.7000000000000028
2025-03-31,M0017135,原材料库存,component,47.2,0.20000000000000284,-0.8999999999999986
2025-03-31,M0017136,从业人员,component,48.2,-0.3999999999999986,0.10000000000000142
2025-03-31,M0017137,供应商配送时间,component,50.3,-0.7000000000000028,-0.30000000000000426
2025-03-31,M0017126,制造业PMI,headline,50.5,0.29999999999999716,-0.29999999999999716
2025-03-31,M5207831,建筑业PMI,headline,53.4,0.6999999999999957,-2.8000000000000043
2025-03-31,M5207838,服务业PMI,headline,50.3,0.29999999999999716,-2.1000000000000014
2025-03-31,M6642294,高技术制造业,industry,52.3,1.3999999999999986,-1.6000000000000014
2025-03-31,M6642295,装备制造业,industry,52.0,1.2000000000000028,0.3999999999999986
2025-03-31,M6642296,消费品制造业,industry,50.0,0.10000000000000142,-1.7999999999999972
2025-03-31,M6642297,基础原材料行业,industry,49.3,-0.5,0.19999999999999574
2025-04-30,M0017127,生产,component,49.8,-2.8000000000000043,-3.1000000000000014
2025-04-30,M0017128,新订单,component,49.2,-2.5999999999999943,-1.8999999999999986
2025-04-30,M0017129,新出口订单,component,44.7,-4.299999999999997,-5.899999999999999
2025-04-30,M0017130,在手订单,component,43.2,-2.3999999999999986,-2.3999999999999986
2025-04-30,M0017131,产成品库存,component,47.3,-0.7000000000000028,0.0
2025-04-30,M0017132,采购量,component,46.3,-5.5,-4.200000000000003
2025-04-30,M0017133,进口,component,43.4,-4.100000000000001,-4.700000000000003
2025-04-30,M0017134,主要原材料购进价格,component,47.0,-2.799999999999997,-7.0
2025-04-30,M0017135,原材料库存,component,47.0,-0.20000000000000284,-1.1000000000000014
2025-04-30,M0017136,从业人员,component,47.9,-0.30000000000000426,-0.10000000000000142
2025-04-30,M0017137,供应商配送时间,component,50.2,-0.09999999999999432,-0.19999999999999574
2025-04-30,M0017126,制造业PMI,headline,49.0,-1.5,-1.3999999999999986
2025-04-30,M5207831,建筑业PMI,headline,51.9,-1.5,-4.399999999999999
2025-04-30,M5207838,服务业PMI,headline,50.1,-0.19999999999999574,-0.19999999999999574
2025-04-30,M6642294,高技术制造业,industry,51.5,-0.7999999999999972,-1.5
2025-04-30,M6642295,装备制造业,industry,49.6,-2.3999999999999986,-1.6999999999999957
2025-04-30,M6642296,消费品制造业,industry,49.4,-0.6000000000000014,-1.1000000000000014
2025-04-30,M6642297,基础原材料行业,industry,47.7,-1.5999999999999943,
2025-05-31,M0017127,生产,component,50.7,0.9000000000000057,-0.09999999999999432
2025-05-31,M0017128,新订单,component,49.8,0.5999999999999943,0.19999999999999574
2025-05-31,M0017129,新出口订单,component,47.5,2.799999999999997,-0.7999999999999972
2025-05-31,M0017130,在手订单,component,44.8,1.5999999999999943,-0.5
2025-05-31,M0017131,产成品库存,component,46.5,-0.7999999999999972,0.0
2025-05-31,M0017132,采购量,component,47.6,1.3000000000000043,-1.6999999999999957
2025-05-31,M0017133,进口,component,47.1,3.700000000000003,0.30000000000000426
2025-05-31,M0017134,主要原材料购进价格,component,46.9,-0.10000000000000142,-10.0
2025-05-31,M0017135,原材料库存,component,47.4,0.3999999999999986,-0.3999999999999986
2025-05-31,M0017136,从业人员,component,48.1,0.20000000000000284,0.0
2025-05-31,M0017137,供应商配送时间,component,50.0,-0.20000000000000284,-0.10000000000000142
2025-05-31,M0017126,制造业PMI,headline,49.5,0.5,0.0
2025-05-31,M5207831,建筑业PMI,headline,51.0,-0.8999999999999986,-3.3999999999999986
2025-05-31,M5207838,服务业PMI,headline,50.2,0.10000000000000142,-0.29999999999999716
2025-05-31,M6642294,高技术制造业,industry,50.9,-0.6000000000000014,0.19999999999999574
2025-05-31,M6642295,装备制造业,industry,51.2,1.6000000000000014,0.5
2025-05-31,M6642296,消费品制造业,industry,50.2,0.8000000000000043,
2025-05-31,M6642297,基础原材料行业,industry,47.0,-0.7000000000000028,-0.8999999999999986
2025-06-30,M0017127,生产,component,51.0,0.29999999999999716,0.3999999999999986
2025-06-30,M0017128,新订单,component,50.2,0.4000000000000057,0.7000000000000028
2025-06-30,M0017129,新出口订单,component,47.7,0.20000000000000284,-0.5999999999999943
2025-06-30,M0017130,在手订单,component,45.2,0.4000000000000057,0.20000000000000284
2025-06-30,M0017131,产成品库存,component,48.1,1.6000000000000014,-0.19999999999999574
2025-06-30,M0017132,采购量,component,50.2,2.6000000000000014,2.1000000000000014
2025-06-30,M0017133,进口,component,47.8,0.6999999999999957,0.8999999999999986
2025-06-30,M0017134,主要原材料购进价格,component,48.4,1.5,-3.3000000000000043
2025-06-30,M0017135,原材料库存,component,48.0,0.6000000000000014,0.3999999999999986
2025-06-30,M0017136,从业人员,component,47.9,-0.20000000000000284,-0.20000000000000284
2025-06-30,M0017137,供应商配送时间,component,50.2,0.20000000000000284,0.7000000000000028
2025-06-30,M0017126,制造业PMI,headline,49.7,0.20000000000000284,0.20000000000000284
2025-06-30,M5207831,建筑业PMI,headline,52.8,1.7999999999999972,0.5
2025-06-30,M5207838,服务业PMI,headline,50.1,-0.10000000000000142,-0.10000000000000142
2025-06-30,M6642294,高技术制造业,industry,50.9,0.0,-1.3999999999999986
2025-06-30,M6642295,装备制造业,industry,51.4,0.19999999999999574,0.3999999999999986
2025-06-30,M6642296,消费品制造业,industry,50.4,0.19999999999999574,0.8999999999999986
2025-06-30,M6642297,基础原材料行业,industry,47.8,0.7999999999999972,0.3999999999999986
2025-07-31,M0017127,生产,component,50.5,-0.5,0.3999999999999986
2025-07-31,M0017128,新订单,component,49.4,-0.8000000000000043,0.10000000000000142
2025-07-31,M0017129,新出口订单,component,47.1,-0.6000000000000014,-1.3999999999999986
2025-07-31,M0017130,在手订单,component,44.7,-0.5,-0.5999999999999943
2025-07-31,M0017131,产成品库存,component,47.4,-0.7000000000000028,-0.3999999999999986
2025-07-31,M0017132,采购量,component,49.5,-0.7000000000000028,0.7000000000000028
2025-07-31,M0017133,进口,component,47.8,0.0,0.7999999999999972
2025-07-31,M0017134,主要原材料购进价格,component,51.5,3.1000000000000014,1.6000000000000014
2025-07-31,M0017135,原材料库存,component,47.7,-0.29999999999999716,-0.09999999999999432
2025-07-31,M0017136,从业人员,component,48.0,0.10000000000000142,-0.29999999999999716
2025-07-31,M0017137,供应商配送时间,component,50.3,0.09999999999999432,1.0
2025-07-31,M0017126,制造业PMI,headline,49.3,-0.4000000000000057,-0.10000000000000142
2025-07-31,M5207831,建筑业PMI,headline,50.6,-2.1999999999999957,-0.6000000000000014
2025-07-31,M5207838,服务业PMI,headline,50.0,-0.10000000000000142,0.0
2025-07-31,M6642294,高技术制造业,industry,50.6,-0.29999999999999716,1.2000000000000028
2025-07-31,M6642295,装备制造业,industry,50.3,-1.1000000000000014,0.7999999999999972
2025-07-31,M6642296,消费品制造业,industry,49.5,-0.8999999999999986,-0.6000000000000014
2025-07-31,M6642297,基础原材料行业,industry,48.0,0.20000000000000284,-0.6000000000000014
2025-08-31,M0017127,生产,component,50.8,0.29999999999999716,1.0
2025-08-31,M0017128,新订单,component,49.5,0.10000000000000142,0.6000000000000014
2025-08-31,M0017129,新出口订单,component,47.2,0.10000000000000142,-1.5
2025-08-31,M0017130,在手订单,component,45.5,0.7999999999999972,0.7999999999999972
2025-08-31,M0017131,产成品库存,component,46.8,-0.6000000000000014,-1.7000000000000028
2025-08-31,M0017132,采购量,component,50.4,0.8999999999999986,2.6000000000000014
2025-08-31,M0017133,进口,component,48.0,0.20000000000000284,1.2000000000000028
2025-08-31,M0017134,主要原材料购进价格,component,53.3,1.7999999999999972,10.099999999999994
2025-08-31,M0017135,原材料库存,component,48.0,0.29999999999999716,0.3999999999999986
2025-08-31,M0017136,从业人员,component,47.9,-0.10000000000000142,-0.20000000000000284
2025-08-31,M0017137,供应商配送时间,component,50.5,0.20000000000000284,0.8999999999999986
2025-08-31,M0017126,制造业PMI,headline,49.4,0.10000000000000142,0.29999999999999716
2025-08-31,M5207831,建筑业PMI,headline,49.1,-1.5,-1.5
2025-08-31,M5207838,服务业PMI,headline,50.5,0.5,0.29999999999999716
2025-08-31,M6642294,高技术制造业,industry,51.9,1.2999999999999972,0.19999999999999574
2025-08-31,M6642295,装备制造业,industry,50.5,0.20000000000000284,-0.7000000000000028
2025-08-31,M6642296,消费品制造业,industry,49.2,-0.29999999999999716,-0.7999999999999972
2025-08-31,M6642297,基础原材料行业,industry,48.2,0.20000000000000284,1.8000000000000043
2025-09-30,M0017127,生产,component,51.9,1.1000000000000014,0.6999999999999957
2025-09-30,M0017128,新订单,component,49.7,0.20000000000000284,-0.19999999999999574
2025-09-30,M0017129,新出口订单,component,47.8,0.5999999999999943,0.29999999999999716
2025-09-30,M0017130,在手订单,component,45.2,-0.29999999999999716,1.2000000000000028
2025-09-30,M0017131,产成品库存,component,48.2,1.4000000000000057,-0.19999999999999574
2025-09-30,M0017132,采购量,component,51.6,1.2000000000000028,4.0
2025-09-30,M0017133,进口,component,48.1,0.10000000000000142,2.0
2025-09-30,M0017134,主要原材料购进价格,component,53.2,-0.09999999999999432,8.100000000000001
2025-09-30,M0017135,原材料库存,component,48.5,0.5,0.7999999999999972
2025-09-30,M0017136,从业人员,component,48.5,0.6000000000000014,0.29999999999999716
2025-09-30,M0017137,供应商配送时间,component,50.8,0.29999999999999716,1.2999999999999972
2025-09-30,M0017126,制造业PMI,headline,49.8,0.3999999999999986,0.0
2025-09-30,M5207831,建筑业PMI,headline,49.3,0.19999999999999574,-1.4000000000000057
2025-09-30,M5207838,服务业PMI,headline,50.1,-0.3999999999999986,0.20000000000000284
2025-09-30,M6642294,高技术制造业,industry,51.6,-0.29999999999999716,-1.3999999999999986
2025-09-30,M6642295,装备制造业,industry,51.9,1.3999999999999986,-0.10000000000000142
2025-09-30,M6642296,消费品制造业,industry,50.6,1.3999999999999986,-0.5
2025-09-30,M6642297,基础原材料行业,industry,47.5,-0.7000000000000028,0.8999999999999986
2025-10-31,M0017127,生产,component,49.7,-2.1999999999999957,-2.299999999999997
2025-10-31,M0017128,新订单,component,48.8,-0.9000000000000057,-1.2000000000000028
2025-10-31,M0017129,新出口订单,component,45.9,-1.8999999999999986,-1.3999999999999986
2025-10-31,M0017130,在手订单,component,44.5,-0.7000000000000028,-0.8999999999999986
2025-10-31,M0017131,产成品库存,component,48.1,-0.10000000000000142,1.2000000000000028
2025-10-31,M0017132,采购量,component,49.0,-2.6000000000000014,-0.29999999999999716
2025-10-31,M0017133,进口,component,46.8,-1.3000000000000043,-0.20000000000000284
2025-10-31,M0017134,主要原材料购进价格,component,52.5,-0.7000000000000028,-0.8999999999999986
2025-10-31,M0017135,原材料库存,component,47.3,-1.2000000000000028,-0.9000000000000057
2025-10-31,M0017136,从业人员,component,48.3,-0.20000000000000284,-0.10000000000000142
2025-10-31,M0017137,供应商配送时间,component,50.0,-0.7999999999999972,0.3999999999999986
2025-10-31,M0017126,制造业PMI,headline,49.0,-0.7999999999999972,-1.1000000000000014
2025-10-31,M5207831,建筑业PMI,headline,49.1,-0.19999999999999574,-1.2999999999999972
2025-10-31,M5207838,服务业PMI,headline,50.2,0.10000000000000142,0.10000000000000142
2025-10-31,M6642294,高技术制造业,industry,50.5,-1.1000000000000014,0.3999999999999986
2025-10-31,M6642295,装备制造业,industry,50.2,-1.6999999999999957,-1.0999999999999943
2025-10-31,M6642296,消费品制造业,industry,50.1,-0.5,0.6000000000000014
2025-10-31,M6642297,基础原材料行业,industry,47.3,-0.20000000000000284,-2.0
2025-11-30,M0017127,生产,component,50.0,0.29999999999999716,-2.3999999999999986
2025-11-30,M0017128,新订单,component,49.2,0.4000000000000057,-1.5999999999999943
2025-11-30,M0017129,新出口订单,component,47.6,1.7000000000000028,-0.5
2025-11-30,M0017130,在手订单,component,45.5,1.0,-0.10000000000000142
2025-11-30,M0017131,产成品库存,component,47.3,-0.8000000000000043,-0.10000000000000142
2025-11-30,M0017132,采购量,component,49.5,0.5,-1.5
2025-11-30,M0017133,进口,component,47.0,0.20000000000000284,-0.29999999999999716
2025-11-30,M0017134,主要原材料购进价格,component,53.6,1.1000000000000014,3.8000000000000043
2025-11-30,M0017135,原材料库存,component,47.3,0.0,-0.9000000000000057
2025-11-30,M0017136,从业人员,component,48.4,0.10000000000000142,0.19999999999999574
2025-11-30,M0017137,供应商配送时间,component,50.1,0.10000000000000142,-0.10000000000000142
2025-11-30,M0017126,制造业PMI,headline,49.2,0.20000000000000284,-1.0999999999999943
2025-11-30,M5207831,建筑业PMI,headline,49.6,0.5,-0.10000000000000142
2025-11-30,M5207838,服务业PMI,headline,49.5,-0.7000000000000028,-0.6000000000000014
2025-11-30,M6642294,高技术制造业,industry,50.1,-0.3999999999999986,-1.1000000000000014
2025-11-30,M6642295,装备制造业,industry,49.8,-0.4000000000000057,-1.5
2025-11-30,M6642296,消费品制造业,industry,49.4,-0.7000000000000028,-1.3999999999999986
2025-11-30,M6642297,基础原材料行业,industry,48.4,1.1000000000000014,-0.8000000000000043
2025-12-31,M0017127,生产,component,51.7,1.7000000000000028,-0.3999999999999986
2025-12-31,M0017128,新订单,component,50.8,1.5999999999999943,-0.20000000000000284
2025-12-31,M0017129,新出口订单,component,49.0,1.3999999999999986,0.7000000000000028
2025-12-31,M0017130,在手订单,component,46.0,0.5,0.10000000000000142
2025-12-31,M0017131,产成品库存,component,48.2,0.9000000000000057,0.30000000000000426
2025-12-31,M0017132,采购量,component,51.1,1.6000000000000014,-0.3999999999999986
2025-12-31,M0017133,进口,component,47.0,0.0,-2.299999999999997
2025-12-31,M0017134,主要原材料购进价格,component,53.1,-0.5,4.899999999999999
2025-12-31,M0017135,原材料库存,component,47.8,0.5,-0.5
2025-12-31,M0017136,从业人员,component,48.2,-0.19999999999999574,0.10000000000000142
2025-12-31,M0017137,供应商配送时间,component,50.2,0.10000000000000142,-0.6999999999999957
2025-12-31,M0017126,制造业PMI,headline,50.1,0.8999999999999986,0.0
2025-12-31,M5207831,建筑业PMI,headline,52.8,3.1999999999999957,-0.4000000000000057
2025-12-31,M5207838,服务业PMI,headline,49.7,0.20000000000000284,-2.299999999999997
2025-12-31,M6642294,高技术制造业,industry,52.5,2.3999999999999986,
2025-12-31,M6642295,装备制造业,industry,50.4,0.6000000000000014,-0.20000000000000284
2025-12-31,M6642296,消费品制造业,industry,50.4,1.0,-1.0
2025-12-31,M6642297,基础原材料行业,industry,48.9,0.5,0.10000000000000142
2026-01-31,M0017127,生产,component,50.6,-1.1000000000000014,0.8000000000000043
2026-01-31,M0017128,新订单,component,49.2,-1.5999999999999943,0.0
2026-01-31,M0017129,新出口订单,component,47.8,-1.2000000000000028,1.3999999999999986
2026-01-31,M0017130,在手订单,component,45.1,-0.8999999999999986,-0.5
2026-01-31,M0017131,产成品库存,component,48.6,0.3999999999999986,2.1000000000000014
2026-01-31,M0017132,采购量,component,48.7,-2.3999999999999986,-0.5
2026-01-31,M0017133,进口,component,47.3,0.29999999999999716,-0.8000000000000043
2026-01-31,M0017134,主要原材料购进价格,component,56.1,3.0,6.600000000000001
2026-01-31,M0017135,原材料库存,component,47.4,-0.3999999999999986,-0.30000000000000426
2026-01-31,M0017136,从业人员,component,48.1,-0.10000000000000142,0.0
2026-01-31,M0017137,供应商配送时间,component,50.1,-0.10000000000000142,-0.19999999999999574
2026-01-31,M0017126,制造业PMI,headline,49.3,-0.8000000000000043,0.19999999999999574
2026-01-31,M5207831,建筑业PMI,headline,48.8,-4.0,-0.5
2026-01-31,M5207838,服务业PMI,headline,49.5,-0.20000000000000284,-0.7999999999999972
2026-01-31,M6642294,高技术制造业,industry,52.0,-0.5,2.700000000000003
2026-01-31,M6642295,装备制造业,industry,50.1,-0.29999999999999716,-0.10000000000000142
2026-01-31,M6642296,消费品制造业,industry,48.3,-2.1000000000000014,-0.8000000000000043
2026-01-31,M6642297,基础原材料行业,industry,47.9,-1.0,0.29999999999999716
2026-02-28,M0017127,生产,component,49.6,-1.0,-2.8999999999999986
2026-02-28,M0017128,新订单,component,48.6,-0.6000000000000014,-2.5
2026-02-28,M0017129,新出口订单,component,45.0,-2.799999999999997,-3.6000000000000014
2026-02-28,M0017130,在手订单,component,44.0,-1.1000000000000014,-2.0
2026-02-28,M0017131,产成品库存,component,45.8,-2.8000000000000043,-2.5
2026-02-28,M0017132,采购量,component,48.2,-0.5,-3.8999999999999986
2026-02-28,M0017133,进口,component,45.6,-1.6999999999999957,-3.8999999999999986
2026-02-28,M0017134,主要原材料购进价格,component,54.8,-1.3000000000000043,4.0
2026-02-28,M0017135,原材料库存,component,47.5,0.10000000000000142,0.5
2026-02-28,M0017136,从业人员,component,48.0,-0.10000000000000142,-0.6000000000000014
2026-02-28,M0017137,供应商配送时间,component,49.1,-1.0,-1.8999999999999986
2026-02-28,M0017126,制造业PMI,headline,49.0,-0.29999999999999716,-1.2000000000000028
2026-02-28,M5207831,建筑业PMI,headline,48.2,-0.5999999999999943,-4.5
2026-02-28,M5207838,服务业PMI,headline,49.7,0.20000000000000284,-0.29999999999999716
2026-02-28,M6642294,高技术制造业,industry,51.5,-0.5,0.6000000000000014
2026-02-28,M6642295,装备制造业,industry,49.8,-0.30000000000000426,-1.0
2026-02-28,M6642296,消费品制造业,industry,48.8,0.5,-1.1000000000000014
2026-02-28,M6642297,基础原材料行业,industry,47.8,-0.10000000000000142,-2.0
2026-03-31,M0017127,生产,component,51.4,1.7999999999999972,-1.2000000000000028
2026-03-31,M0017128,新订单,component,51.6,3.0,-0.19999999999999574
2026-03-31,M0017129,新出口订单,component,49.1,4.100000000000001,0.10000000000000142
2026-03-31,M0017130,在手订单,component,47.1,3.1000000000000014,1.5
2026-03-31,M0017131,产成品库存,component,46.7,0.9000000000000057,-1.2999999999999972
2026-03-31,M0017132,采购量,component,50.9,2.6999999999999957,-0.8999999999999986
2026-03-31,M0017133,进口,component,49.8,4.199999999999996,2.299999999999997
2026-03-31,M0017134,主要原材料购进价格,component,63.9,9.100000000000001,14.100000000000001
2026-03-31,M0017135,原材料库存,component,47.7,0.20000000000000284,0.5
2026-03-31,M0017136,从业人员,component,48.6,0.6000000000000014,0.3999999999999986
2026-03-31,M0017137,供应商配送时间,component,49.5,0.3999999999999986,-0.7999999999999972
2026-03-31,M0017126,制造业PMI,headline,50.4,1.3999999999999986,-0.10000000000000142
2026-03-31,M5207831,建筑业PMI,headline,49.3,1.0999999999999943,-4.100000000000001
2026-03-31,M5207838,服务业PMI,headline,50.2,0.5,-0.09999999999999432
2026-03-31,M6642294,高技术制造业,industry,52.1,0.6000000000000014,-0.19999999999999574
2026-03-31,M6642295,装备制造业,industry,51.5,1.7000000000000028,-0.5
2026-03-31,M6642296,消费品制造业,industry,50.8,2.0,0.7999999999999972
2026-03-31,M6642297,基础原材料行业,industry,48.9,1.1000000000000014,-0.3999999999999986
2026-04-30,M0017127,生产,component,51.5,0.10000000000000142,1.7000000000000028
2026-04-30,M0017128,新订单,component,50.6,-1.0,1.3999999999999986
2026-04-30,M0017129,新出口订单,component,50.3,1.1999999999999957,5.599999999999994
2026-04-30,M0017130,在手订单,component,46.2,-0.8999999999999986,3.0
2026-04-30,M0017131,产成品库存,component,47.5,0.7999999999999972,0.20000000000000284
2026-04-30,M0017132,采购量,component,51.1,0.20000000000000284,4.800000000000004
2026-04-30,M0017133,进口,component,50.1,0.30000000000000426,6.700000000000003
2026-04-30,M0017134,主要原材料购进价格,component,63.7,-0.19999999999999574,16.700000000000003
2026-04-30,M0017135,原材料库存,component,49.3,1.5999999999999943,2.299999999999997
2026-04-30,M0017136,从业人员,component,48.8,0.19999999999999574,0.8999999999999986
2026-04-30,M0017137,供应商配送时间,component,49.5,0.0,-0.7000000000000028
2026-04-30,M0017126,制造业PMI,headline,50.3,-0.10000000000000142,1.2999999999999972
2026-04-30,M5207831,建筑业PMI,headline,48.0,-1.2999999999999972,-3.8999999999999986
2026-04-30,M5207838,服务业PMI,headline,49.6,-0.6000000000000014,-0.5
2026-04-30,M6642294,高技术制造业,industry,52.2,0.10000000000000142,0.7000000000000028
2026-04-30,M6642295,装备制造业,industry,51.8,0.29999999999999716,2.1999999999999957
2026-04-30,M6642296,消费品制造业,industry,50.7,-0.09999999999999432,1.3000000000000043
2026-04-30,M6642297,基础原材料行业,industry,47.9,-1.0,0.19999999999999574
2026-05-31,M0017127,生产,component,51.2,-0.29999999999999716,0.5
2026-05-31,M0017128,新订单,component,49.9,-0.7000000000000028,0.10000000000000142
2026-05-31,M0017129,新出口订单,component,48.6,-1.6999999999999957,1.1000000000000014
2026-05-31,M0017130,在手订单,component,46.8,0.5999999999999943,2.0
2026-05-31,M0017131,产成品库存,component,49.3,1.7999999999999972,2.799999999999997
2026-05-31,M0017132,采购量,component,49.8,-1.3000000000000043,2.1999999999999957
2026-05-31,M0017133,进口,component,48.8,-1.3000000000000043,1.6999999999999957
2026-05-31,M0017134,主要原材料购进价格,component,60.5,-3.200000000000003,13.600000000000001
2026-05-31,M0017135,原材料库存,component,48.6,-0.6999999999999957,1.2000000000000028
2026-05-31,M0017136,从业人员,component,48.6,-0.19999999999999574,0.5
2026-05-31,M0017137,供应商配送时间,component,49.2,-0.29999999999999716,-0.7999999999999972
2026-05-31,M0017126,制造业PMI,headline,50.0,-0.29999999999999716,0.5
2026-05-31,M5207831,建筑业PMI,headline,48.8,0.7999999999999972,-2.200000000000003
2026-05-31,M5207838,服务业PMI,headline,50.3,0.6999999999999957,0.09999999999999432
2026-05-31,M6642294,高技术制造业,industry,52.9,0.6999999999999957,2.0
2026-05-31,M6642295,装备制造业,industry,52.1,0.30000000000000426,0.8999999999999986
2026-05-31,M6642296,消费品制造业,industry,49.7,-1.0,-0.5
2026-05-31,M6642297,基础原材料行业,industry,47.1,-0.7999999999999972,0.10000000000000142
2026-06-30,M0017127,生产,component,51.4,0.19999999999999574,0.3999999999999986
2026-06-30,M0017128,新订单,component,51.2,1.3000000000000043,1.0
2026-06-30,M0017129,新出口订单,component,50.1,1.5,2.3999999999999986
2026-06-30,M0017130,在手订单,component,47.1,0.30000000000000426,1.8999999999999986
2026-06-30,M0017131,产成品库存,component,47.7,-1.5999999999999943,-0.3999999999999986
2026-06-30,M0017132,采购量,component,51.4,1.6000000000000014,1.1999999999999957
2026-06-30,M0017133,进口,component,49.6,0.8000000000000043,1.8000000000000043
2026-06-30,M0017134,主要原材料购进价格,component,54.2,-6.299999999999997,5.800000000000004
2026-06-30,M0017135,原材料库存,component,48.4,-0.20000000000000284,0.3999999999999986
2026-06-30,M0017136,从业人员,component,48.5,-0.10000000000000142,0.6000000000000014
2026-06-30,M0017137,供应商配送时间,component,49.9,0.6999999999999957,-0.30000000000000426
2026-06-30,M0017126,制造业PMI,headline,50.3,0.29999999999999716,0.5999999999999943
2026-06-30,M5207831,建筑业PMI,headline,49.0,0.20000000000000284,-3.799999999999997
2026-06-30,M5207838,服务业PMI,headline,50.4,0.10000000000000142,0.29999999999999716
2026-06-30,M6642294,高技术制造业,industry,53.5,0.6000000000000014,2.6000000000000014
2026-06-30,M6642295,装备制造业,industry,52.5,0.3999999999999986,1.1000000000000014
2026-06-30,M6642296,消费品制造业,industry,50.2,0.5,-0.19999999999999574
2026-06-30,M6642297,基础原材料行业,industry,47.1,0.0,-0.6999999999999957
2026-07-31,M0017127,生产,component,49.9,-1.5,-0.6000000000000014
2026-07-31,M0017128,新订单,component,48.5,-2.700000000000003,-0.8999999999999986
2026-07-31,M0017129,新出口订单,component,49.6,-0.5,2.5
2026-07-31,M0017130,在手订单,component,45.8,-1.3000000000000043,1.0999999999999943
2026-07-31,M0017131,产成品库存,component,48.6,0.8999999999999986,1.2000000000000028
2026-07-31,M0017132,采购量,component,49.4,-2.0,-0.10000000000000142
2026-07-31,M0017133,进口,component,47.5,-2.1000000000000014,-0.29999999999999716
2026-07-31,M0017134,主要原材料购进价格,component,53.2,-1.0,1.7000000000000028
2026-07-31,M0017135,原材料库存,component,48.3,-0.10000000000000142,0.5999999999999943
2026-07-31,M0017136,从业人员,component,49.0,0.5,1.0
2026-07-31,M0017137,供应商配送时间,component,49.5,-0.3999999999999986,-0.7999999999999972
2026-07-31,M0017126,制造业PMI,headline,49.2,-1.0999999999999943,-0.09999999999999432
2026-07-31,M5207831,建筑业PMI,headline,47.0,-2.0,-3.6000000000000014
2026-07-31,M5207838,服务业PMI,headline,49.3,-1.1000000000000014,-0.7000000000000028
2026-07-31,M6642294,高技术制造业,industry,53.3,-0.20000000000000284,2.6999999999999957
2026-07-31,M6642295,装备制造业,industry,51.4,-1.1000000000000014,1.1000000000000014
2026-07-31,M6642296,消费品制造业,industry,47.8,-2.4000000000000057,-1.7000000000000028
2026-07-31,M6642297,基础原材料行业,industry,47.0,-0.10000000000000142,-1.0
2026-08-31,M0017127,生产,component,50.4,0.5,-0.3999999999999986
2026-08-31,M0017128,新订单,component,50.6,2.1000000000000014,1.1000000000000014
2026-08-31,M0017129,新出口订单,component,50.1,0.5,2.8999999999999986
2026-08-31,M0017130,在手订单,component,46.7,0.9000000000000057,1.2000000000000028
2026-08-31,M0017131,产成品库存,component,48.4,-0.20000000000000284,1.6000000000000014
2026-08-31,M0017132,采购量,component,50.5,1.1000000000000014,0.10000000000000142
2026-08-31,M0017133,进口,component,48.6,1.1000000000000014,0.6000000000000014
2026-08-31,M0017134,主要原材料购进价格,component,56.6,3.3999999999999986,3.3000000000000043
2026-08-31,M0017135,原材料库存,component,48.1,-0.19999999999999574,0.10000000000000142
2026-08-31,M0017136,从业人员,component,48.7,-0.29999999999999716,0.8000000000000043
2026-08-31,M0017137,供应商配送时间,component,50.1,0.6000000000000014,-0.3999999999999986
2026-08-31,M0017126,制造业PMI,headline,49.8,0.5999999999999943,0.3999999999999986
2026-08-31,M5207831,建筑业PMI,headline,46.9,-0.10000000000000142,-2.200000000000003
2026-08-31,M5207838,服务业PMI,headline,49.3,0.0,-1.2000000000000028
2026-08-31,M6642294,高技术制造业,industry,52.9,-0.3999999999999986,1.0
2026-08-31,M6642295,装备制造业,industry,51.4,0.0,0.8999999999999986
2026-08-31,M6642296,消费品制造业,industry,49.0,1.2000000000000028,-0.20000000000000284
2026-08-31,M6642297,基础原材料行业,industry,47.9,0.8999999999999986,-0.30000000000000426
