date,close,pe_spread,turn_ma20,ls,fund30,bias250,rsi90,pe_spread_pct3,turn_ma20_pct3,ls_pct3,fund30_pct3,bias250_pct3,rsi90_pct3,sentiment_3y
2015-04-20,4217.077,-0.018414624439108858,6.86507,136.6399805895328,0.9186632049143275,60.312940047088844,68.12997203568135,0.9946666666666667,1.0,0.784,0.9833333333333333,0.9973333333333333,0.976,0.955888888888889
2015-04-21,4293.623,-0.01804732682014506,6.92098,113.00734325389527,0.9150311355254697,62.687738052307765,68.85428933927977,0.9946666666666667,1.0,0.7333333333333333,0.9672131147540983,0.9986666666666667,0.9866666666666667,0.9467577413479052
2015-04-22,4398.494,-0.01688239008824964,6.94076,98.04997845517724,0.9196087603677638,66.0906957468645,69.8050392562792,0.9986666666666667,1.0,0.7013333333333334,1.0,1.0,0.9906666666666667,0.9484444444444445
2015-04-23,4414.508,-0.016701282619459766,7.024879999999999,86.5357265935449,0.9199392202229364,66.1150760557391,69.94670247332704,0.9986666666666667,1.0,0.676,1.0,1.0,0.9906666666666667,0.9442222222222223
2015-04-24,4393.686,-0.016628176764355733,7.107259999999999,87.10587154045746,0.930877082344078,64.7639972488551,69.51786357823131,0.9986666666666667,1.0,0.68,1.0,0.9973333333333333,0.9853333333333333,0.9435555555555556
2015-04-27,4527.396,-0.015463171304350036,7.26399,78.10709411860057,0.930986713932703,69.16192546677877,70.68497195627558,1.0,1.0,0.6546666666666666,1.0,1.0,0.9973333333333333,0.9420000000000001
2015-04-28,4476.215,-0.015635602527804777,7.3866249999999996,88.88296960547524,0.935961256669553,66.65716761474502,69.65268362275589,0.9986666666666667,1.0,0.6866666666666666,1.0,0.9986666666666667,0.9853333333333333,0.9448888888888889
2015-04-29,4476.62,-0.01582685176614245,7.3605350000000005,92.36266277388941,0.9308440507574952,66.07598055464112,69.65622965133012,0.9973333333333333,0.9986666666666667,0.704,0.9552238805970149,0.9946666666666667,0.9853333333333333,0.9392039800995025
2015-04-30,4441.655,-0.017218258682211593,7.407209999999999,96.17918301093556,0.9346029475560952,64.20163007789286,68.9528253545744,0.9906666666666667,1.0,0.7066666666666667,0.9852941176470589,0.992,0.9786666666666667,0.9422156862745097
2015-05-04,4480.464,-0.016476312203482855,7.414765,87.9489446180346,0.9300764893172616,65.04740009337763,69.3007809334616,0.9946666666666667,1.0,0.6853333333333333,0.927536231884058,0.9933333333333333,0.98,0.9301449275362318
2015-05-05,4298.706,-0.018416168595672668,7.473535000000001,69.67056797618613,0.9305215395575542,57.83063259614438,65.80782701849876,0.9813333333333333,1.0,0.628,0.9285714285714286,0.9813333333333333,0.932,0.9085396825396826
2015-05-06,4229.266,-0.018676515053697773,7.416025,63.08464046782342,0.8982509544430264,54.782631074526876,64.55085557935024,0.9773333333333334,0.9986666666666667,0.6173333333333333,0.8028169014084507,0.9746666666666667,0.912,0.8804694835680751
2015-05-07,4112.214,-0.020309878270048917,7.27672,36.631708258131084,0.8933521015224687,50.03560233992981,62.51542326800154,0.9733333333333334,0.992,0.5413333333333333,0.7916666666666666,0.9666666666666667,0.8973333333333333,0.8603888888888888
2015-05-08,4205.917,-0.019826751757369046,7.159975,23.25577929165874,0.8930096489315272,52.96647868914577,63.44843645163861,0.9733333333333334,0.9893333333333333,0.49866666666666665,0.7808219178082192,0.972,0.9013333333333333,0.8525814307458144
2015-05-11,4333.584,-0.01824467126412537,7.15854,17.951355970991102,0.8902041006253342,57.08239892050675,64.66035926240113,0.9826666666666667,0.988,0.488,0.7702702702702703,0.98,0.9146666666666666,0.8539339339339338
2015-05-12,4401.219,-0.017245884742306226,7.111985,13.16560630368599,0.8756013274751641,58.9867968197894,65.277138648972,0.988,0.9866666666666667,0.48,0.76,0.9813333333333333,0.9253333333333333,0.8535555555555557
2015-05-13,4375.76,-0.017495549218462886,7.04812,8.432743825862786,0.9002997313738563,57.532733428934655,64.84633881116046,0.984,0.984,0.4746666666666667,0.8157894736842105,0.9786666666666667,0.9173333333333333,0.8590760233918129
2015-05-14,4378.311,-0.017683145314059436,6.944255,5.063963782541521,0.7830263023716197,57.088842327207544,64.86983061068445,0.9826666666666667,0.9813333333333333,0.4653333333333333,0.5844155844155844,0.9773333333333334,0.9173333333333333,0.8180692640692641
2015-05-15,4308.691,-0.01846163367676871,6.868525000000001,12.076734148284231,0.7841822358830101,54.083802841885856,63.69512782156829,0.9746666666666667,0.9773333333333334,0.4826666666666667,0.5897435897435898,0.968,0.8986666666666666,0.8151794871794872
2015-05-18,4283.491,-0.01863528466429086,6.66613,17.225161113444273,0.7882121398098114,52.68631712911256,63.2757153654432,0.9706666666666667,0.9746666666666667,0.49333333333333335,0.6329113924050633,0.964,0.892,0.8212630098452883
2015-05-19,4417.552,-0.016824985137355947,6.403055,3.874002270925871,0.7965620911556599,56.935838175702294,64.53210666779442,0.9906666666666667,0.956,0.46,0.6625,0.9746666666666667,0.9053333333333333,0.8248611111111112
2015-05-20,4446.288,-0.016936486672533432,6.322255,8.08153318532564,0.8062474662013597,57.42081694542791,64.79318729631149,0.988,0.9533333333333334,0.476,0.6666666666666666,0.9773333333333334,0.9146666666666666,0.8293333333333334
2015-05-21,4529.422,-0.0161000311665579,6.185194999999999,7.214208575685859,0.807020693889467,59.80257910132438,65.53538156353468,0.996,0.948,0.4746666666666667,0.6707317073170732,0.984,0.9266666666666666,0.8333441734417345
2015-05-22,4657.596,-0.014772056522438723,6.168259999999999,-3.757958353254679,0.8058682801930006,63.71643763923262,66.63209603953567,1.0,0.9453333333333334,0.43333333333333335,0.6506024096385542,0.9893333333333333,0.94,0.8264337349397591
2015-05-25,4813.798,-0.013057548971830424,6.190665,-22.275670034575768,0.8056613611965809,68.5464723908936,67.89126065574868,1.0,0.948,0.37466666666666665,0.6428571428571429,0.9986666666666667,0.9613333333333334,0.8209206349206349
2015-05-26,4910.897,-0.011299575567881422,6.200279999999999,-14.380385404241366,0.7988958656233182,71.24931422643846,68.63526567797027,1.0,0.948,0.3973333333333333,0.6352941176470588,1.0,0.9693333333333334,0.8249934640522877
2015-05-27,4941.714,-0.011140779073564346,6.1374,-14.11629841049512,0.8087373413669381,71.6216789304017,68.86679423149448,1.0,0.94,0.39866666666666667,0.686046511627907,1.0,0.976,0.833452196382429
2015-05-28,4620.266,-0.013644050762837055,6.28369,-39.71566684192297,0.7989950053887903,59.88162774504704,63.89192370842962,0.996,0.9506666666666667,0.3466666666666667,0.632183908045977,0.9786666666666667,0.8893333333333333,0.7989195402298851
2015-05-29,4611.744,-0.01334302414236671,6.322635,-37.74330366918923,0.7963809255003952,59.01655065238953,63.768425427190266,0.996,0.9533333333333334,0.34933333333333333,0.6022727272727273,0.9733333333333334,0.888,0.7937121212121213
2015-06-01,4828.738,-0.010222566723628417,6.370505,-52.66393419547123,0.7824210264779669,65.85948378603736,65.48620096372363,1.0,0.9533333333333334,0.32266666666666666,0.5056179775280899,0.9893333333333333,0.92,0.7818252184769038
2015-06-02,4910.527,-0.010057303214431948,6.38875,-34.27691921385525,0.7867083411259392,68.00654212269848,66.09882444489503,1.0,0.9546666666666667,0.352,0.5666666666666667,0.9946666666666667,0.9293333333333333,0.7995555555555556
2015-06-03,4909.978,-0.009836859072596217,6.4554100000000005,-31.788150379015747,0.7887052099325293,67.3292975161679,66.09086152705247,1.0,0.96,0.356,0.5824175824175825,0.9933333333333333,0.928,0.8032918192918194
2015-06-04,4947.102,-0.00956569763604246,6.610000000000001,-11.065782024557137,0.784251719905097,67.93130966095033,66.36791728729986,1.0,0.972,0.412,0.5217391304347826,0.9933333333333333,0.9333333333333333,0.8054009661835749
2015-06-05,5023.096,-0.009018996472452565,6.818455,4.388747240679805,0.7954069951260209,69.82322485975492,66.92728490507496,1.0,0.9746666666666667,0.464,0.6129032258064516,0.9973333333333333,0.9413333333333334,0.8317060931899642
2015-06-08,5131.881,-0.008056839792239055,7.020484999999999,12.830723267049478,0.7916953030339257,72.77846223621725,67.70482608741659,1.0,0.9813333333333333,0.49066666666666664,0.6063829787234043,1.0,0.9533333333333334,0.8386193853427896
2015-06-09,5113.534,-0.00829541744729203,7.130494999999999,18.49195394191773,0.7882798758602297,71.45071017613975,67.43444030226856,0.9986666666666667,0.9866666666666667,0.5066666666666667,0.5684210526315789,0.9973333333333333,0.9453333333333334,0.8338479532163743
2015-06-10,5106.0359,-0.008080011948514015,7.170389999999999,13.835359393514779,0.7644831574936055,70.49476184478685,67.32332638338772,0.9986666666666667,0.9893333333333333,0.49333333333333335,0.4166666666666667,0.9946666666666667,0.9426666666666667,0.8058888888888888
2015-06-11,5121.5925,-0.007697303313312948,7.227875,8.927470802757995,0.7621022302177394,70.31342023868281,67.4359013247591,1.0,0.9893333333333333,0.484,0.4020618556701031,0.9933333333333333,0.9453333333333334,0.8023436426116838
2015-06-12,5166.35,-0.00729881174444684,7.32943,12.380021794235574,0.750495233194927,71.08802294487553,67.75905956057582,1.0,0.992,0.492,0.3979591836734694,0.9946666666666667,0.956,0.8054376417233561
2015-06-15,5062.9929,-0.007763840046200544,7.473025,10.658613726057354,0.7552854647303818,66.99445907570612,66.22436840821307,0.9973333333333333,0.9986666666666667,0.4866666666666667,0.40404040404040403,0.9826666666666667,0.92,0.7982289562289563
2015-06-16,4887.432,-0.00984189375528647,7.532725000000001,17.802921694287903,0.7581533420226091,60.603187938435376,63.74445774108669,0.988,1.0,0.508,0.41,0.9666666666666667,0.872,0.7907777777777779
2015-06-17,4967.8983,-0.009117158623104409,7.53674,10.324332444494132,0.779779646458096,62.62468346008987,64.36298419328887,0.9906666666666667,1.0,0.4866666666666667,0.48514851485148514,0.9666666666666667,0.88,0.8015247524752476
2015-06-18,4785.356,-0.01111477201093497,7.552875,7.3405479978204085,0.7927938485392797,56.090424785461245,61.93889113645849,0.9826666666666667,1.0,0.4786666666666667,0.6372549019607843,0.9426666666666667,0.852,0.8155424836601308
2015-06-19,4478.3643,-0.014171252340856533,7.424415000000001,-11.95412842337268,0.8051190059275332,45.6194211482523,58.21043063868799,0.9746666666666667,0.9933333333333333,0.412,0.6893203883495146,0.9066666666666666,0.7813333333333333,0.7928867313915857
2015-06-23,4576.4922,-0.012764591901030992,7.292154999999999,-8.51801160421735,0.8007640250078336,48.329687395611344,59.008027273489425,0.9786666666666667,0.984,0.4226666666666667,0.6826923076923077,0.9213333333333333,0.8026666666666666,0.7986709401709401
2015-06-24,4690.1497,-0.011439129220185348,7.186935,-10.6161876381924,0.8075125068415451,51.49819422345481,59.90436284809379,0.9786666666666667,0.9786666666666667,0.4146666666666667,0.7333333333333333,0.9306666666666666,0.8266666666666667,0.8104444444444443
2015-06-25,4527.7789,-0.012986801443908305,7.111579999999999,-27.368889138210506,0.8020222556124301,45.78770845788074,58.06999701681741,0.976,0.9706666666666667,0.36533333333333334,0.6792452830188679,0.904,0.776,0.7785408805031446
2015-06-26,4192.8734,-0.016650380867294187,6.971385,-34.96154936059784,0.8977930480205173,34.628138880847146,54.583753285597766,0.9586666666666667,0.964,0.352,0.8504672897196262,0.8373333333333334,0.6986666666666667,0.7768556593977155
2015-06-29,4053.0304,-0.018191111368968158,6.993639999999999,-50.97429225745921,0.904935514649824,29.800135788050074,53.23426790630891,0.9413333333333334,0.964,0.32666666666666666,0.8796296296296297,0.8173333333333334,0.66,0.7648271604938272
2015-06-30,4277.2219,-0.015350009362830208,7.045534999999999,-46.45322078263496,0.9031939717317202,36.58579036585259,55.03644052093898,0.968,0.9666666666666667,0.336,0.8715596330275229,0.856,0.7053333333333334,0.783926605504587
2015-07-01,4053.6997,-0.0180797096063664,7.0173950000000005,-61.37317784216805,0.8969186729274324,29.114884523722683,52.97809166492778,0.94,0.9626666666666667,0.308,0.8272727272727273,0.8146666666666667,0.652,0.7507676767676768
2015-07-02,3912.7668,-0.019573409004382245,6.99037,-82.69472146769371,0.8889557178506253,24.327074018006357,51.744206885785104,0.924,0.96,0.264,0.7927927927927928,0.8106666666666666,0.596,0.7245765765765765
2015-07-03,3686.9153,-0.023095878317274943,6.906104999999999,-110.46802263572914,0.8846893524465804,16.905800498753276,49.86223500055239,0.916,0.9533333333333334,0.212,0.7857142857142857,0.8013333333333333,0.49866666666666665,0.6945079365079366
2015-07-06,3775.9122,-0.022150851342409572,6.925375,-114.6682443750143,0.8865128037716267,19.464185898986642,50.57849673599424,0.9186666666666666,0.9546666666666667,0.2,0.7876106194690266,0.804,0.5373333333333333,0.7003795476892822
2015-07-07,3727.1248,-0.022872775796315872,6.824225,-116.7880175002793,0.8833181175972673,17.670624593560124,50.181092774166146,0.9146666666666666,0.948,0.19733333333333333,0.7719298245614035,0.8013333333333333,0.524,0.6928771929824563
2015-07-08,3507.1923,-0.026573944083817108,6.78617,-147.9435834932487,0.888940828466385,10.52370779988323,48.44586214989569,0.9026666666666666,0.9453333333333334,0.16533333333333333,0.7913043478260869,0.756,0.3893333333333333,0.6583285024154589
2015-07-09,3709.3304,-0.023340413405883505,6.80921,-176.43512638674622,0.8841391809609797,16.651167075049788,50.051153349436866,0.908,0.9453333333333334,0.13466666666666666,0.7672413793103449,0.7973333333333333,0.5133333333333333,0.6776513409961686
2015-07-10,3877.8034,-0.020380716330386253,6.814189999999999,-199.80148191784406,0.8852046447293492,21.67158592884977,51.32847388177225,0.92,0.9453333333333334,0.116,0.7777777777777778,0.8053333333333333,0.5773333333333334,0.6902962962962964
2015-07-13,3970.3878,-0.01929929199848393,6.815869999999999,-212.19316605321035,0.9137336035830365,24.278479715406863,52.0104685017871,0.9253333333333333,0.9453333333333334,0.10133333333333333,0.8983050847457628,0.8093333333333333,0.6106666666666667,0.715050847457627
2015-07-14,3924.4871,-0.019874364861540483,6.826174999999999,-211.45573384092967,0.9077998956637998,22.555616340592955,51.647649071011564,0.92,0.948,0.10266666666666667,0.8907563025210085,0.8053333333333333,0.5893333333333334,0.7093482726423903
2015-07-15,3805.7033,-0.021177958521535825,6.847964999999999,-208.8737695837453,0.9080965491665975,18.58818281078729,50.721706530236986,0.9146666666666666,0.948,0.10666666666666667,0.8916666666666667,0.7973333333333333,0.536,0.6990555555555557
2015-07-16,3823.1755,-0.021285982708976102,6.81685,-205.15215985541346,0.9032489396742341,18.868226179119652,50.85276811716433,0.9133333333333333,0.9426666666666667,0.11333333333333333,0.859504132231405,0.7973333333333333,0.5426666666666666,0.6948062442607896
2015-07-17,3957.3516,-0.019701258245211323,6.796200000000001,-205.6658367539281,0.9027040290484735,22.747013785950166,51.84730397322107,0.9213333333333333,0.9373333333333334,0.11066666666666666,0.8442622950819673,0.8053333333333333,0.6013333333333334,0.703377049180328
2015-07-20,3992.1096,-0.019494338782752425,6.8396349999999995,-163.7545425567696,0.8941507466635576,23.52700577573348,52.10121292735197,0.9226666666666666,0.9466666666666667,0.156,0.7967479674796748,0.8053333333333333,0.6146666666666667,0.7070135501355014
2015-07-21,4017.6748,-0.019047717404551842,6.851935,-152.11907560805645,0.891709668063117,24.01858294224457,52.28833666540437,0.9253333333333333,0.948,0.168,0.7741935483870968,0.8066666666666666,0.6266666666666667,0.7081433691756273
2015-07-22,4026.045,-0.01924332430333004,6.833545000000001,-143.1078256413482,0.9083286141681222,23.97758192087145,52.3499687279615,0.924,0.944,0.18266666666666667,0.896,0.8053333333333333,0.628,0.73
2015-07-23,4123.9234,-0.018409382552612576,6.823330000000001,-135.779843799054,0.9414188127338682,26.670745150532916,53.06687949709141,0.936,0.94,0.18933333333333333,1.0,0.8106666666666666,0.652,0.7546666666666666
2015-07-24,4070.908,-0.019343576999375986,6.85442,-93.93995663052539,0.9335244985629145,24.73346689944067,52.6331400925537,0.92,0.948,0.25466666666666665,0.9763779527559056,0.8093333333333333,0.64,0.7580629921259843
2015-07-27,3725.5582,-0.024311285143118422,6.786105000000001,-116.38353102584858,0.9264411687738128,13.919201242691281,49.94408876846082,0.892,0.928,0.20933333333333334,0.9296875,0.768,0.48933333333333334,0.7027256944444445
2015-07-28,3663.0024,-0.025485337858055457,6.701275,-97.20816450353288,0.9236915010688693,11.786456574591163,49.481026507725204,0.8893333333333333,0.9266666666666666,0.24666666666666667,0.9224806201550387,0.7546666666666667,0.444,0.6973023255813953
2015-07-29,3789.168,-0.023787216575361043,6.607165,-95.0173428257167,0.9198988084410468,15.39534522114312,50.41858863697815,0.892,0.9213333333333333,0.25066666666666665,0.9076923076923077,0.7746666666666666,0.5173333333333333,0.7106153846153846
2015-07-30,3705.7656,-0.02486393117805242,6.532705,-87.06738484741669,0.9198988084410468,12.632139177639058,49.80075498513279,0.8893333333333333,0.916,0.2653333333333333,0.9083969465648855,0.7573333333333333,0.472,0.7013994910941476
2015-07-31,3663.7256,-0.02518350641003373,6.4209249999999995,-59.28389428703275,0.939912452574778,11.143774214998858,49.49161925757938,0.8866666666666667,0.9026666666666666,0.32,0.9924242424242424,0.744,0.44266666666666665,0.7147373737373738
2015-08-03,3622.9051,-0.02575583567259622,6.156635,-61.604093733412526,0.9351760228791538,9.7062414887249,49.19178999607821,0.884,0.88,0.31066666666666665,0.9774436090225563,0.7213333333333334,0.41333333333333333,0.6977961570593149
2015-08-04,3756.5449,-0.02376790943835063,5.964995,-86.85035031737806,0.9448145292569066,13.535937510195506,50.19078214209526,0.892,0.8733333333333333,0.264,1.0,0.7626666666666667,0.5093333333333333,0.716888888888889
2015-08-05,3694.5733,-0.024784566846435895,5.78439,-59.359625193696786,0.9474170697301368,11.45928382516388,49.732243829835554,0.888,0.868,0.31866666666666665,1.0,0.7466666666666667,0.464,0.7142222222222222
2015-08-06,3661.5392,-0.025527590846864186,5.569065,-26.13100234929294,0.95277531906266,10.265728137575735,49.488530939899476,0.8813333333333333,0.86,0.37733333333333335,1.0,0.728,0.43866666666666665,0.7142222222222222
2015-08-07,3744.2045,-0.024338771452911162,5.42832,-9.794185342048195,0.9522846358540463,12.546021537475728,50.10724671036506,0.888,0.8546666666666667,0.42533333333333334,0.9927007299270073,0.7546666666666667,0.5013333333333333,0.7361167883211679
2015-08-10,3928.4154,-0.021436452723236528,5.34297,-23.645258462776894,0.9497486381431404,17.836202121837474,51.447411357108045,0.904,0.8493333333333334,0.37866666666666665,0.9855072463768116,0.7866666666666666,0.5733333333333334,0.7462512077294686
2015-08-11,3927.9083,-0.021007223045376985,5.265375,-18.381469808168163,0.9501493657797955,17.580514312718144,51.44356470836845,0.9066666666666666,0.8466666666666667,0.39466666666666667,0.9856115107913669,0.784,0.572,0.7482685851318945
2015-08-18,3748.1639,-0.024046647458158987,5.098495,-24.4205222574073,0.9588118998603212,11.068978811980145,50.03266166405109,0.8813333333333333,0.8333333333333334,0.36933333333333335,1.0,0.7293333333333333,0.484,0.7162222222222222
2015-09-01,3166.6239,-0.03722518471752887,4.664895,-158.7800253255586,0.9242702609293537,-7.312220965504801,46.3483736670758,0.7946666666666666,0.8106666666666666,0.13733333333333334,0.8652482269503546,0.144,0.17466666666666666,0.48776359338061465
2015-09-02,3160.167,-0.037023557308942946,4.70242,-143.85601579116826,0.9192646966459457,-7.60431577965811,46.30694101395821,0.7986666666666666,0.812,0.156,0.823943661971831,0.13333333333333333,0.17066666666666666,0.4824350547730829
2015-09-07,3080.4201,-0.03886376379123111,4.71306,-159.3841324408843,0.9191167699213038,-10.027567976141427,45.795642357476375,0.7733333333333333,0.8133333333333334,0.136,0.8181818181818182,0.050666666666666665,0.14266666666666666,0.4556969696969697
2015-09-08,3170.4522,-0.03665082539025722,4.6641200000000005,-171.48128916810873,0.9278146634336694,-7.503248446783662,46.47041659843331,0.8,0.8066666666666666,0.12133333333333333,0.875,0.13466666666666666,0.18266666666666667,0.4867222222222221
2015-09-09,3243.0889,-0.035297317451988906,4.594065,-153.65335853427302,0.9405758366637599,-5.497238435109885,47.00861302248157,0.816,0.8,0.144,0.9448275862068966,0.20533333333333334,0.22266666666666668,0.5221379310344828
2015-09-10,3197.8932,-0.03616452309046203,4.444660000000001,-172.1996852490288,0.9223149384863544,-6.918642626929472,46.71309829308542,0.804,0.792,0.12,0.8424657534246576,0.15466666666666667,0.19866666666666666,0.48529984779299845
2015-09-14,3114.798,-0.0379291743110088,4.27302,-182.70725848687357,0.9224164523110808,-9.522740153362907,46.169762932806954,0.7813333333333333,0.7853333333333333,0.11866666666666667,0.8435374149659864,0.06666666666666667,0.156,0.4585895691609978
2015-11-26,3635.5521,-0.028996723319386426,3.585515,204.72664037546383,0.5968504314730195,-0.0013885016000414474,50.758413790219535,0.8373333333333334,0.7346666666666667,0.864,0.22297297297297297,0.44533333333333336,0.5133333333333333,0.6029399399399399
2015-11-27,3436.303,-0.03219055806947133,3.64448,163.0784107036053,0.6014004746601427,-5.584239587863404,49.026298312751706,0.8226666666666667,0.744,0.8333333333333334,0.22818791946308725,0.164,0.3586666666666667,0.5251424310216256
2015-11-30,3445.4048,-0.03219028382793758,3.6825500000000004,168.4923427976188,0.5941851889284415,-5.4373328221226425,49.10652416433802,0.8226666666666667,0.7466666666666667,0.836,0.22,0.17066666666666666,0.36533333333333334,0.5268888888888889
2015-12-01,3456.3085,-0.0319600864981196,3.7136000000000005,153.52047199190804,0.5959616597636551,-5.238931010852543,49.203374723353235,0.8226666666666667,0.7533333333333333,0.8146666666666667,0.2251655629139073,0.176,0.37466666666666665,0.5277498160412067
2015-12-02,3536.9051,-0.030403234921964308,3.692465,179.88519469388814,0.4869306534585753,-3.1358826671370577,49.91579477695629,0.8306666666666667,0.748,0.8493333333333334,0.1118421052631579,0.2786666666666667,0.45066666666666666,0.5448625730994152
2015-12-03,3584.8237,-0.029678964585444032,3.54416,175.14462758902783,0.48047994692197965,-1.9328309611695627,50.33458376877268,0.832,0.724,0.8413333333333334,0.0784313725490196,0.35333333333333333,0.4866666666666667,0.5526274509803922
2015-12-04,3524.992,-0.030853515440694482,3.446125,174.50288465995018,0.483929608322484,-3.6666469513248257,49.80871241905781,0.8266666666666667,0.7146666666666667,0.84,0.09740259740259741,0.248,0.43466666666666665,0.5269004329004329
2015-12-07,3536.9272,-0.030678142551373584,3.285525,169.03067704818105,0.48948418793557064,-3.436156319561523,49.914267203238666,0.828,0.7026666666666667,0.8346666666666667,0.12903225806451613,0.256,0.448,0.5330609318996415
2015-12-08,3470.0698,-0.03207363884703242,3.173225,130.98200824426453,0.4564974637306564,-5.3428495069213655,49.32663797912652,0.816,0.676,0.7733333333333333,0.03205128205128205,0.16666666666666666,0.38,0.47400854700854694
2015-12-09,3472.4394,-0.03203135527708996,3.082,123.75301690838467,0.49316040369429526,-5.360025779091371,49.348010377284574,0.816,0.6666666666666666,0.76,0.15286624203821655,0.16533333333333333,0.38266666666666665,0.4905888181174805
2015-12-10,3455.4951,-0.03229117897131745,2.99324,115.1019321183627,0.4792756955718766,-5.892826074023216,49.19796529279879,0.8093333333333333,0.6626666666666666,0.7413333333333333,0.08227848101265822,0.14,0.36533333333333334,0.46682419127988756
2015-12-11,3434.5813,-0.032757459027287994,2.90399,121.67641787840847,0.47998434310040894,-6.529094096111732,49.011963961883744,0.8053333333333333,0.656,0.76,0.0880503144654088,0.11866666666666667,0.344,0.46200838574423475
2015-12-14,3520.6682,-0.03082915527961896,2.8700799999999997,89.71515221862563,0.47097385599204994,-4.251019349694896,49.801937396921424,0.8253333333333334,0.652,0.688,0.0625,0.21866666666666668,0.432,0.47974999999999995
2015-12-15,3510.354,-0.031245808127233547,2.77036,62.705424060926134,0.46001472490813106,-4.59096860916044,49.708627661343364,0.82,0.6413333333333333,0.6133333333333333,0.043478260869565216,0.20266666666666666,0.4186666666666667,0.45657971014492754
2015-12-16,3516.1867,-0.031237491315652562,2.713375,44.531931842387905,0.45982708762393143,-4.483938251408615,49.76245411041632,0.82,0.624,0.5706666666666667,0.043209876543209874,0.20266666666666666,0.42533333333333334,0.44764609053497945
2015-12-17,3579.999,-0.030362561203794006,2.731385,39.028961004736175,0.4626723983627906,-2.82691447356771,50.35035705435379,0.8293333333333334,0.632,0.5573333333333333,0.0736196319018405,0.304,0.4866666666666667,0.480492160872529
2015-12-18,3578.964,-0.030704051979827802,2.710545,40.32171040296299,0.45776473023134806,-2.9223542549988935,50.34069465735256,0.8253333333333334,0.62,0.56,0.042682926829268296,0.292,0.48533333333333334,0.47089159891598914
2015-12-21,3642.472,-0.0302400505369398,2.70092,20.04282317727342,0.41857242508925574,-1.2765018947399454,50.92505765731429,0.8293333333333334,0.6173333333333333,0.5,0.006060606060606061,0.39066666666666666,0.5333333333333333,0.4794545454545454
2015-12-22,3651.767,-0.030342183321536126,2.706525,15.100504968157452,0.4204057696045579,-1.1010870313533538,51.01037937831036,0.828,0.6186666666666667,0.4866666666666667,0.012048192771084338,0.4066666666666667,0.5373333333333333,0.4815635876840696
2015-12-23,3636.089,-0.030676252570703902,2.7191400000000003,9.080884241514013,0.4157586166280958,-1.5984574407907015,50.859556873336544,0.824,0.6253333333333333,0.4706666666666667,0.005988023952095809,0.368,0.52,0.4689980039920159
2015-12-24,3612.485,-0.03146318461407216,2.675705,0.005377101480178226,0.38299646412290905,-2.2997408475112224,50.63163970686737,0.8106666666666666,0.6106666666666667,0.42533333333333334,0.005952380952380952,0.3333333333333333,0.5026666666666667,0.44810317460317467
2015-12-25,3627.914,-0.031190885723404418,2.591195,43.11741826819798,0.382793241083444,-1.942596605305047,50.77744500116227,0.8133333333333334,0.6053333333333333,0.5706666666666667,0.005917159763313609,0.3466666666666667,0.5106666666666667,0.4754306377383301
2015-12-28,3533.779,-0.0328573720928344,2.57105,20.375152733058997,0.3909059580373352,-4.536087695512947,49.868748386802345,0.7893333333333333,0.6013333333333334,0.5013333333333333,0.01764705882352941,0.192,0.43066666666666664,0.4220522875816994
2015-12-29,3563.736,-0.03224753878256799,2.532585,-5.929750747455614,0.2922723957684495,-3.7741345561682738,50.15580157647222,0.796,0.5946666666666667,0.4053333333333333,0.005847953216374269,0.23333333333333334,0.4653333333333333,0.4167524366471735
2015-12-30,3572.876,-0.03192086749883248,2.4702550000000003,17.328119845100616,0.29101883195157596,-3.57373150580097,50.243704283311075,0.804,0.5893333333333334,0.49066666666666664,0.005813953488372093,0.24,0.47333333333333333,0.4338578811369509
2015-12-31,3539.182,-0.032491922260150324,2.413155,5.839363703127503,0.23235789688468764,-4.535285158829905,49.91554677619334,0.792,0.5813333333333334,0.452,0.005780346820809248,0.18933333333333333,0.436,0.409407835581246
2016-01-04,3296.258,-0.03628837407364674,2.376555,-71.25648206884335,0.2578578823895951,-11.118880783762663,47.646706445497664,0.7253333333333334,0.5786666666666667,0.26266666666666666,0.011494252873563218,0.012,0.18933333333333333,0.29658237547892724
2016-01-05,3287.711,-0.036261480125698776,2.40653,-80.41799734418555,0.25320520769803323,-11.36991359845747,47.56977657602376,0.7253333333333334,0.5786666666666667,0.24933333333333332,0.011428571428571429,0.010666666666666666,0.18133333333333335,0.2927936507936508
2016-01-06,3361.84,-0.03488036195418001,2.41294,-75.87476248642679,0.26125097468387737,-9.391499580814822,48.30186564309647,0.7546666666666667,0.58,0.25466666666666665,0.022727272727272728,0.032,0.25466666666666665,0.31645454545454543
2016-01-07,3125.002,-0.039770292021533364,2.3463700000000003,-372.9211313091829,0.24074889177535716,-15.770864726785504,46.21690060651192,0.664,0.5746666666666667,0.017333333333333333,0.011299435028248588,0.0013333333333333333,0.07466666666666667,0.22388323917137476
2016-01-13,2949.597,-0.0449161967295125,2.426755,-447.5694547206434,0.2518855496080374,-20.419083968183692,44.8597026123673,0.6266666666666667,0.5786666666666667,0.004,0.016853932584269662,0.0013333333333333333,0.029333333333333333,0.20947565543071164
2016-01-15,2900.9698,-0.04598979583244177,2.389265,-524.2124354535889,0.3081142240270218,-21.666912211725588,44.57002855052292,0.6186666666666667,0.5693333333333334,0.0013333333333333333,0.05027932960893855,0.0013333333333333333,0.02266666666666667,0.2106021104903787
2016-01-18,2913.8367,-0.045437082026949974,2.3297049999999997,-537.4157247255926,0.3053410454060928,-21.28788523369173,44.69867973917369,0.6213333333333333,0.5653333333333334,0.0013333333333333333,0.05,0.0026666666666666666,0.024,0.21077777777777776
2016-03-08,2901.387,-0.04354226613620264,2.201715,180.5672123335113,0.35583151760837256,-20.525683706831188,46.17207934378068,0.6333333333333333,0.5266666666666666,0.8853333333333333,0.06077348066298342,0.037333333333333336,0.12,0.37724002455494166
2016-03-09,2862.556,-0.04484115915655873,2.2197950000000004,157.59728660785413,0.309001226752066,-21.554913372527707,45.829271416491494,0.616,0.5333333333333333,0.8546666666666667,0.06043956043956044,0.030666666666666665,0.096,0.3651843711843712
2016-03-10,2804.726,-0.046617595585938226,2.20319,153.17428502257064,0.29392931490131025,-23.09965496007217,45.32249966597399,0.596,0.5253333333333333,0.8466666666666667,0.04918032786885246,0.02,0.068,0.35086338797814204
2016-03-11,2810.307,-0.046685821182065594,2.195795,166.75532641621476,0.29103026547362937,-22.909588496114917,45.38144114296175,0.596,0.52,0.868,0.043478260869565216,0.021333333333333333,0.072,0.35346859903381644
2016-03-14,2859.499,-0.0454216772609959,2.2298999999999998,158.06612237211266,0.2983836882016446,-21.527322342373946,45.90123918600214,0.612,0.5373333333333333,0.8573333333333333,0.05945945945945946,0.034666666666666665,0.10666666666666667,0.3679099099099099
2016-03-15,2864.368,-0.04539945884736554,2.2126349999999997,222.46935206219985,0.2985883364873555,-21.35588793514598,45.95272244411013,0.6133333333333333,0.528,0.92,0.06451612903225806,0.036,0.11333333333333333,0.3791971326164874
2016-03-16,2870.43,-0.04543920585808776,2.1964750000000004,240.9934962495356,0.2857790721908391,-21.153458498059642,46.01740112518944,0.6106666666666667,0.5173333333333333,0.9293333333333333,0.0374331550802139,0.04,0.11733333333333333,0.37534997029114675
2016-03-17,2904.832,-0.04450563207025379,2.186325,224.62652370817034,0.2857790721908391,-20.174624489859717,46.385605547237354,0.6253333333333333,0.512,0.9213333333333333,0.0425531914893617,0.050666666666666665,0.144,0.3826477541371158
2016-03-18,2955.15,-0.04388725191307405,2.264055,201.9171625814031,0.28722841288080847,-18.75667463273112,46.92109307971686,0.6306666666666667,0.5493333333333333,0.9026666666666666,0.047619047619047616,0.056,0.18933333333333333,0.395936507936508
2016-03-21,3018.802,-0.0423264451574287,2.325905,232.11909631401932,0.2694444235351935,-16.97441564638765,47.59069630131601,0.644,0.564,0.9266666666666666,0.03684210526315789,0.06133333333333333,0.236,0.41147368421052627
2016-03-22,2999.363,-0.04275304345516165,2.36204,237.04563293753768,0.2668244041247433,-17.468190892744893,47.40600633482929,0.64,0.5666666666666667,0.9293333333333333,0.03664921465968586,0.06133333333333333,0.216,0.40833042466550323
2016-03-23,3009.96,-0.042449885222228714,2.363305,250.59518439560702,0.2648529155921217,-17.131643039476817,47.51828333306914,0.6413333333333333,0.5666666666666667,0.9373333333333334,0.036458333333333336,0.06266666666666666,0.228,0.412076388888889
2016-03-24,2960.97,-0.04320180849981964,2.3455500000000002,347.02249826591105,0.2805133953986108,-18.425037410588008,47.04873575015484,0.636,0.5626666666666666,0.9733333333333334,0.05181347150259067,0.06133333333333333,0.19866666666666666,0.4139689119170984
2016-03-25,2979.434,-0.04279960474897618,2.3366800000000003,358.1589463736458,0.2894148184158724,-17.861785977856847,47.247406320584126,0.6373333333333333,0.5613333333333334,0.976,0.07216494845360824,0.06266666666666666,0.208,0.41958304696449034
2016-03-28,2957.82,-0.042963618357797925,2.333255,418.71010604546797,0.2854074330772954,-18.39830427064587,47.038489967961766,0.636,0.56,0.984,0.05641025641025641,0.06266666666666666,0.19866666666666666,0.4162905982905983
2016-03-29,2919.832,-0.043906014733812636,2.330435,431.89945353024433,0.30085697576138765,-19.378015363442202,46.671704676856926,0.62,0.5586666666666666,0.984,0.11224489795918367,0.05466666666666667,0.16533333333333333,0.4158185941043084
2016-03-30,3000.645,-0.04257054827257771,2.29816,469.1050763583677,0.30114586802529286,-17.08335856188462,47.55149455179006,0.6386666666666667,0.5466666666666666,0.988,0.116751269035533,0.06933333333333333,0.23866666666666667,0.433014100394811
2016-03-31,3003.915,-0.041958931295176694,2.262665,472.3838504466361,0.2836351194497184,-16.932693160886725,47.5868763846916,0.6453333333333333,0.536,0.988,0.05555555555555555,0.072,0.244,0.4234814814814814
2016-04-01,3009.53,-0.04180469086549239,2.20658,471.86072964844357,0.2807397659695499,-16.715462948879146,47.64820078820165,0.6453333333333333,0.5106666666666667,0.9866666666666667,0.05527638190954774,0.07333333333333333,0.25333333333333335,0.42076828587381354
2016-04-05,3053.065,-0.0406712349731173,2.2263100000000002,426.29550549060826,0.3042369967441538,-15.450978677187798,48.12408397307636,0.6546666666666666,0.5213333333333333,0.9786666666666667,0.13,0.076,0.288,0.44144444444444436
2016-04-06,3050.592,-0.040697623691766584,2.2252300000000003,427.08758540520574,0.2963171156964257,-15.45053406044411,48.09896842961379,0.6533333333333333,0.52,0.9786666666666667,0.10945273631840796,0.07733333333333334,0.2866666666666667,0.437575456053068
2016-04-07,3008.42,-0.041307639028162604,2.24438,432.8160809063898,0.2845991180788875,-16.550950690458,47.669948594116164,0.648,0.5253333333333333,0.98,0.06435643564356436,0.07466666666666667,0.256,0.4247260726072608
2016-04-08,2984.958,-0.041759460696415104,2.269545,344.7051354096031,0.2997648419281945,-17.125859877403904,47.43193280515286,0.6413333333333333,0.5386666666666666,0.9613333333333334,0.12807881773399016,0.06933333333333333,0.22533333333333333,0.4273464696223317
2016-04-11,3033.957,-0.040591042322010835,2.31764,320.662226700484,0.3013197525660517,-15.69131704429153,47.98046514493651,0.6546666666666666,0.5533333333333333,0.9573333333333334,0.14215686274509803,0.07866666666666666,0.288,0.44569281045751635
2016-04-12,3023.646,-0.040850613843027045,2.31107,327.35317795177684,0.2981258141212158,-15.89929245664754,47.87416166472185,0.6493333333333333,0.548,0.9586666666666667,0.11707317073170732,0.07733333333333334,0.2773333333333333,0.4379566395663957
2016-04-13,3066.638,-0.03969451724137931,2.38718,316.5364823882288,0.27111763814117107,-14.618504294818724,48.356594949065084,0.6626666666666666,0.568,0.9546666666666667,0.04854368932038835,0.084,0.3373333333333333,0.4425350593311759
2016-04-14,3082.362,-0.03924922268155159,2.39813,295.4435748410456,0.2617362207417313,-14.093419476958447,48.532769388947465,0.664,0.5706666666666667,0.948,0.033816425120772944,0.08666666666666667,0.36,0.4438582930756843
2016-04-15,3078.117,-0.03937078093008117,2.3922849999999998,306.37225617699625,0.2767752049949876,-14.127540952043772,48.48761229444551,0.6613333333333333,0.5693333333333334,0.948,0.057692307692307696,0.08533333333333333,0.3586666666666667,0.44672649572649564
2016-04-18,3033.66,-0.040231946639917124,2.3244100000000003,281.0679683739408,0.2717392356511512,-15.27318120307768,48.01448483824866,0.656,0.5506666666666666,0.9373333333333334,0.05741626794258373,0.084,0.2906666666666667,0.4293471557682084
2016-04-19,3042.823,-0.040096771952336296,2.22243,299.5261027811829,0.2629557440224418,-14.914716057906274,48.1199957540523,0.656,0.5066666666666667,0.9466666666666667,0.0380952380952381,0.08533333333333333,0.2946666666666667,0.4212380952380952
2016-04-20,2972.584,-0.04137194651642773,2.22905,261.02829617924505,0.26201071760032635,-16.77051720524969,47.374656067016396,0.6373333333333333,0.5106666666666667,0.924,0.037914691943127965,0.07466666666666667,0.21866666666666668,0.4005413375460769
2016-04-21,2952.891,-0.04187278550743094,2.214865,249.89085296994415,0.2921234763771394,-17.217017734544605,47.16751902813813,0.628,0.5,0.916,0.12735849056603774,0.068,0.21066666666666667,0.4083375262054507
2016-04-22,2959.24,-0.04167944498845057,2.16304,248.2350102237981,0.2785102645665099,-16.923919395781407,47.24272286789902,0.632,0.47333333333333333,0.9133333333333333,0.07511737089201878,0.076,0.212,0.39696400625978095
2016-04-25,2946.67,-0.041868146842345536,2.13751,241.41770938650586,0.29844542584970396,-17.152080111930324,47.10847095834326,0.6266666666666667,0.4693333333333333,0.912,0.1588785046728972,0.06933333333333333,0.208,0.40736863966770515
2016-04-26,2964.7,-0.041462876265585244,2.093825,234.1944127884031,0.2877032276724104,-16.52758489501993,47.325590134138274,0.6346666666666667,0.4493333333333333,0.9026666666666666,0.11627906976744186,0.08266666666666667,0.22133333333333333,0.40115762273901817
2016-04-27,2953.671,-0.041765228035808864,2.066965,207.44449859018857,0.28395716224926165,-16.71242379381386,47.20572313659034,0.6266666666666667,0.44266666666666665,0.8853333333333333,0.09259259259259259,0.08133333333333333,0.21333333333333335,0.390320987654321
2016-04-28,2945.589,-0.04213098663243231,2.0297650000000003,256.4241197709343,0.271720887229135,-16.803981629709607,47.11728917163465,0.6186666666666667,0.432,0.9186666666666666,0.06451612903225806,0.07866666666666666,0.20933333333333334,0.38697491039426524
2016-04-29,2938.324,-0.04101902779444889,1.9717049999999996,223.10039049087112,0.26048183186047247,-16.870537130463525,47.037188699737776,0.64,0.4226666666666667,0.8946666666666667,0.027522935779816515,0.07866666666666666,0.19866666666666666,0.3770316004077472
2016-05-03,2992.643,-0.03985836623825918,1.9520649999999997,167.36030922705203,0.26693331890081445,-15.19932192549902,47.7093102179476,0.656,0.416,0.8426666666666667,0.0593607305936073,0.096,0.272,0.39033789954337905
2016-05-04,2991.272,-0.039817413864060444,1.9046500000000002,173.27840512055366,0.23999140613151712,-15.090332514056248,47.693862033271465,0.6573333333333333,0.4053333333333333,0.8506666666666667,0.00909090909090909,0.09733333333333333,0.27066666666666667,0.3817373737373737
2016-05-05,2997.842,-0.039620950612142436,1.858965,146.69989354299446,0.18959628360166295,-14.760755820885018,47.7758077888065,0.66,0.39066666666666666,0.8066666666666666,0.004524886877828055,0.1,0.28,0.3736430367018602
2016-05-06,2913.248,-0.04149889831123495,1.851465,130.58138136197317,0.18322654406578393,-17.01851388778598,46.82073013296165,0.6266666666666667,0.3893333333333333,0.7746666666666666,0.0045045045045045045,0.07466666666666667,0.18,0.34163963963963967
2016-05-09,2832.113,-0.04360116058981456,1.847305,85.69708006683379,0.18145658217495997,-19.18136797558947,45.93019689099046,0.5906666666666667,0.388,0.676,0.004484304932735426,0.056,0.10933333333333334,0.30408071748878923
2016-05-10,2832.591,-0.04338875876118342,1.79542,110.5688648290232,0.17602929353365335,-19.01539693874691,45.93632307012433,0.596,0.37866666666666665,0.7306666666666667,0.004464285714285714,0.05733333333333333,0.11066666666666666,0.31296626984126985
2016-05-11,2837.037,-0.04317046326551745,1.7705600000000001,107.12557213289074,0.18690411690716036,-18.752472619689208,45.993876601008715,0.5986666666666667,0.37466666666666665,0.7213333333333334,0.017777777777777778,0.06133333333333333,0.12,0.31562962962962965
2016-05-12,2835.862,-0.04326054424211474,1.6797050000000002,100.02993095071002,0.18229945940719697,-18.656283147567777,45.98079491323437,0.596,0.3506666666666667,0.7093333333333334,0.01327433628318584,0.06533333333333333,0.12,0.30910127826941985
2016-05-13,2827.109,-0.043386995607189095,1.6305400000000003,94.61881447958206,0.18142111239646086,-18.787608068267183,45.882488400180044,0.5933333333333334,0.3333333333333333,0.7013333333333334,0.00881057268722467,0.06,0.104,0.3001350954478708
2016-05-16,2850.862,-0.042602293343253696,1.591265,74.49216953228478,0.18142111239646086,-17.97756086967607,46.198146615354226,0.604,0.324,0.6413333333333333,0.013157894736842105,0.072,0.136,0.2984152046783626
2016-05-17,2843.684,-0.042743515114197425,1.559755,102.17682190310501,0.17804664621945276,-18.043553824483748,46.11594735674968,0.6026666666666667,0.2946666666666667,0.7133333333333334,0.008733624454148471,0.072,0.128,0.3032333818534692
2016-05-18,2807.514,-0.04328586535100678,1.550695,65.74778722853017,0.17776223781532177,-18.93705857614809,45.70159268427501,0.592,0.2866666666666667,0.616,0.008695652173913044,0.058666666666666666,0.088,0.2750048309178744
2016-05-19,2806.906,-0.043205107666679746,1.4608649999999999,95.8420668819997,0.17836037368548469,-18.807498055138428,45.69461367638934,0.5933333333333334,0.23066666666666666,0.7026666666666667,0.017316017316017316,0.06133333333333333,0.088,0.28221933621933626
2016-05-20,2825.483,-0.042849999858553256,1.4183299999999999,87.62311547432876,0.18246459932746897,-18.12303322235903,45.94964025654649,0.5986666666666667,0.19466666666666665,0.6773333333333333,0.03879310344827586,0.07466666666666667,0.12,0.28402107279693484
2016-05-23,2843.645,-0.04236916282148225,1.4090950000000002,40.24635210414783,0.17072532541710436,-17.45656150072209,46.19942737082365,0.6093333333333333,0.18266666666666667,0.56,0.004291845493562232,0.08133333333333333,0.14266666666666666,0.263381974248927
2016-05-24,2821.666,-0.043079650418434756,1.40106,25.76654492557998,0.1780332157590213,-17.955297577987217,45.93961754147703,0.5933333333333334,0.176,0.5133333333333333,0.017094017094017096,0.07866666666666666,0.116,0.24907122507122506
2016-05-25,2815.0863,-0.0430359956071891,1.3931749999999998,17.430810310130028,0.17801145587783443,-17.993772238882812,45.86154140786848,0.5933333333333334,0.17066666666666666,0.492,0.01702127659574468,0.07733333333333334,0.10533333333333333,0.24261465721040187
2016-05-26,2822.443,-0.0429500481999696,1.3841800000000002,7.57396820539924,0.19162097683640397,-17.623594349221094,45.96537372166838,0.596,0.164,0.4613333333333333,0.06779661016949153,0.08266666666666667,0.12666666666666668,0.24974387947269305
2016-05-27,2821.046,-0.04291313505557397,1.3686800000000001,-12.307222641579074,0.19732215728478236,-17.499825781540647,45.9484512659735,0.596,0.148,0.38133333333333336,0.07172995780590717,0.084,0.12266666666666666,0.2339549929676512
2016-05-30,2822.451,-0.04250026791714982,1.36669,-6.251886901413741,0.18189486074845573,-17.28116316488808,45.96868195027874,0.6053333333333333,0.14533333333333334,0.4026666666666667,0.046218487394957986,0.088,0.13066666666666665,0.23636974789915968
2016-05-31,2916.616,-0.04017063869075882,1.38952,-8.908789930105911,0.18769450636753787,-14.330893843674508,47.305383249979606,0.6506666666666666,0.16533333333333333,0.39466666666666667,0.06694560669456066,0.12533333333333332,0.24666666666666667,0.27493537889353786
2016-06-01,2913.508,-0.04014719001694066,1.400335,-15.761287303822257,0.19631201501886056,-14.220881912714955,47.26635447516132,0.6506666666666666,0.172,0.36666666666666664,0.07916666666666666,0.12666666666666668,0.24266666666666667,0.2729722222222222
2016-06-02,2925.229,-0.03971466905560944,1.407145,-17.32960564703518,0.19931303239940915,-13.670782309834328,47.431753901469605,0.6573333333333333,0.17866666666666667,0.364,0.08713692946058091,0.13333333333333333,0.2613333333333333,0.28030059935454127
2016-06-03,2938.682,-0.03937162299166855,1.38794,23.093929372093612,0.21500610077418936,-13.101257668920873,47.62243099353365,0.66,0.16133333333333333,0.508,0.09090909090909091,0.13466666666666666,0.28933333333333333,0.30737373737373735
2016-06-06,2934.098,-0.03957264538345259,1.366975,70.12859373428381,0.21091592616230945,-13.064297508058697,47.5629850663014,0.6586666666666666,0.14,0.6266666666666667,0.09053497942386832,0.136,0.2786666666666667,0.32175582990397805
2016-06-07,2936.045,-0.039488412036375695,1.372355,66.85127983691586,0.2065935547914284,-12.811028599153829,47.59108398236034,0.6586666666666666,0.148,0.6173333333333333,0.09016393442622951,0.13733333333333334,0.28933333333333333,0.323471766848816
2016-06-08,2927.159,-0.03967746213262476,1.375095,52.15234151645927,0.19490312070750268,-12.869634870685376,47.473676080096645,0.6546666666666666,0.14933333333333335,0.584,0.07755102040816327,0.13733333333333334,0.27066666666666667,0.3122585034013605
2016-06-13,2833.071,-0.041944819641441373,1.3907500000000002,-2.0082062207802664,0.20170142937886743,-15.461223055723094,46.25192707296282,0.6053333333333333,0.16533333333333333,0.4093333333333333,0.09349593495934959,0.11466666666666667,0.15333333333333332,0.2569159891598916
2016-06-14,2842.189,-0.04201106511240732,1.3924800000000002,0.8697787349000805,0.20639937912677633,-14.97552474463102,46.38713930043712,0.6026666666666667,0.16533333333333333,0.42,0.09716599190283401,0.12266666666666666,0.168,0.2626387764282501
2016-06-15,2887.21,-0.041058888458510474,1.4179850000000003,-2.127672573825123,0.21245096899454308,-13.407400844670326,47.05221173106125,0.624,0.19333333333333333,0.4066666666666667,0.10887096774193548,0.13733333333333334,0.22933333333333333,0.2832562724014337
2016-06-16,2872.817,-0.04155915148167724,1.44266,-10.158884054254429,0.21179799372807293,-13.604930389966407,46.8642668582853,0.6146666666666667,0.21333333333333335,0.376,0.10843373493975904,0.13733333333333334,0.208,0.27629451137884875
2016-06-17,2885.105,-0.04134886275485719,1.457455,15.688182425040054,0.21090088820497127,-13.002179221826882,47.046876792515434,0.6213333333333333,0.228,0.48133333333333334,0.104,0.14266666666666666,0.22933333333333333,0.30111111111111116
2016-06-20,2888.809,-0.041154936703740354,1.46923,10.496117280038959,0.30969034252241995,-12.656903059595937,47.102290456718535,0.6226666666666667,0.24,0.4653333333333333,0.3187250996015936,0.14933333333333335,0.23866666666666667,0.3391208499335989
2016-06-21,2878.558,-0.041421543607852634,1.4964,28.96207347404038,0.2997147742490404,-12.730102695583923,46.96474538977682,0.6173333333333333,0.26,0.52,0.2857142857142857,0.14933333333333335,0.22,0.3420634920634921
2016-06-22,2905.55,-0.040823653602421364,1.500205,22.06287146942526,0.29398671996481934,-11.669609300052263,47.37393558636064,0.6293333333333333,0.26266666666666666,0.5013333333333333,0.2648221343873518,0.15466666666666667,0.26266666666666666,0.3459148001756697
2016-06-23,2891.96,-0.04108628634343037,1.511545,39.27572826517866,0.2970274509053829,-11.85003491988461,47.18856780458267,0.6213333333333333,0.264,0.5573333333333333,0.27165354330708663,0.15466666666666667,0.248,0.35283114610673666
2016-06-24,2854.286,-0.042505959513609304,1.554345,23.76644343961931,0.27729520724007806,-12.782173860596169,46.67656952986975,0.5826666666666667,0.2906666666666667,0.5093333333333333,0.19607843137254902,0.14666666666666667,0.19066666666666668,0.3193464052287582
2016-06-27,2895.703,-0.04204713470955386,1.57394,-2.0462631785333087,0.31725180900580463,-11.291924624491257,47.31209366702942,0.592,0.31066666666666665,0.404,0.33203125,0.16,0.2613333333333333,0.3433385416666666
2016-06-28,2912.557,-0.041370477629359866,1.6046150000000001,-28.918214237474274,0.31713197594073517,-10.570382337693296,47.569238020476014,0.616,0.32666666666666666,0.3253333333333333,0.33073929961089493,0.16933333333333334,0.29733333333333334,0.34423432771292695
2016-06-29,2931.592,-0.04089269905016239,1.646695,-37.2352167693889,0.31713197594073517,-9.814587069785807,47.859868106675684,0.6266666666666667,0.3373333333333333,0.312,0.3333333333333333,0.17866666666666667,0.33866666666666667,0.3544444444444445
2016-06-30,2929.606,-0.04124580054196152,1.6134149999999998,30.654010074383507,0.34404572867758915,-9.692671054272795,47.831894346437096,0.6173333333333333,0.328,0.5293333333333333,0.33976833976833976,0.18133333333333335,0.33466666666666667,0.3884058344058345
2016-07-01,2932.476,-0.04153496244951253,1.587075,22.475148675953506,0.34622163173036846,-9.407863955701712,47.87641574293328,0.604,0.31733333333333336,0.508,0.3423076923076923,0.18666666666666668,0.344,0.38371794871794873
2016-07-04,2988.604,-0.03998128310169551,1.6157350000000001,7.61090488202359,0.3482565234023861,-7.4979816260553385,48.74154186075184,0.6453333333333333,0.328,0.45866666666666667,0.3448275862068966,0.22133333333333333,0.43866666666666665,0.40613793103448276
2016-07-05,3006.392,-0.03938572523487675,1.6448250000000002,1.7123471710133913,0.34633086277249026,-6.810525251834109,49.012752532752735,0.6586666666666666,0.336,0.424,0.3435114503816794,0.23866666666666667,0.464,0.4108074639525021
2016-07-06,3017.292,-0.03933247458623436,1.6781300000000001,-4.936160073753342,0.3544543528070923,-6.352394828502406,49.179374830651234,0.6613333333333333,0.348,0.39866666666666667,0.34980988593155893,0.25733333333333336,0.47733333333333333,0.4154127587663709
2016-07-07,3016.847,-0.039586591667778954,1.7209949999999998,-13.932682247334185,0.34808622041233905,-6.219465178573779,49.1727407311159,0.6533333333333333,0.364,0.36133333333333334,0.3446969696969697,0.26,0.476,0.40989393939393937
2016-07-08,2988.094,-0.04031521653332695,1.731955,-23.28854912282827,0.3650517074452614,-6.990031548385989,48.743117322613145,0.6333333333333333,0.364,0.33866666666666667,0.3584905660377358,0.232,0.43733333333333335,0.3939706498951782
2016-07-11,2994.917,-0.03987045901016563,1.75718,47.70752661919323,0.3676608765949782,-6.67099746347104,48.85035585148285,0.6413333333333333,0.36933333333333335,0.5906666666666667,0.3609022556390977,0.24666666666666667,0.44666666666666666,0.44259482038429404
2016-07-12,3049.381,-0.0385086596773878,1.824935,34.68795784870406,0.3635287590419461,-4.898188808097181,49.699838866052055,0.6773333333333333,0.384,0.5506666666666666,0.35580524344569286,0.32,0.5226666666666666,0.46841198501872655
2016-07-13,3060.689,-0.038091432188779875,1.8658750000000002,69.40207087188196,0.3681326356104299,-4.460279601717765,49.87462159492076,0.6893333333333334,0.392,0.6386666666666667,0.3656716417910448,0.34933333333333333,0.5413333333333333,0.49605638474295194
2016-07-14,3054.018,-0.038364684148031944,1.86657,66.72796683621914,0.36383245577959905,-4.588327390674085,49.77144835662073,0.6813333333333333,0.392,0.6306666666666667,0.35687732342007433,0.3426666666666667,0.5306666666666666,0.4890351094589012
2016-07-15,3054.296,-0.038421010125765764,1.86494,74.73957768968984,0.3281164164480267,-4.525607239392526,49.775826667584774,0.6786666666666666,0.3893333333333333,0.6573333333333333,0.32592592592592595,0.3453333333333333,0.5306666666666666,0.4878765432098766
2016-07-18,3043.564,-0.03855158535273519,1.8833449999999998,60.62834472281247,0.32447392790904467,-4.781815084177532,49.60702082844176,0.672,0.396,0.612,0.3247232472324723,0.32266666666666666,0.5133333333333333,0.4734538745387454
2016-07-19,3036.598,-0.03878044246984409,1.87639,60.15729323872216,0.28831412220323976,-4.899636073936875,49.496841080240884,0.6626666666666666,0.3933333333333333,0.6093333333333333,0.22794117647058823,0.31466666666666665,0.5053333333333333,0.45221241830065356
2016-07-21,3039.009,-0.039055457351699074,1.890515,85.31746194941223,0.29512072615645973,-4.605681537094297,49.540673436460864,0.6573333333333333,0.39866666666666667,0.6826666666666666,0.2564102564102564,0.33866666666666667,0.508,0.4736239316239316
2016-07-22,3012.816,-0.03936285097840858,1.8743200000000002,93.48608821539861,0.32667928667296425,-5.333633444566377,49.11918371598988,0.6493333333333333,0.38666666666666666,0.716,0.33211678832116787,0.29733333333333334,0.4613333333333333,0.4737972424979724
2016-07-26,3050.166,-0.038440038135076286,1.856805,116.0503469804645,0.32679313211026034,-3.9530783362888067,49.742129453888495,0.676,0.37733333333333335,0.7573333333333333,0.33454545454545453,0.38533333333333336,0.5253333333333333,0.5093131313131313
2016-07-27,2991.999,-0.03946706667469262,1.8979399999999997,107.41374484522933,0.3041447404772971,-5.665870721932631,48.800354785349185,0.6413333333333333,0.4026666666666667,0.736,0.2971014492753623,0.27466666666666667,0.428,0.4632946859903382
2016-07-28,2994.323,-0.03960574179760473,1.9144350000000003,92.29650957925895,0.41067835525795776,-5.470597957598445,48.83949015644761,0.636,0.408,0.7053333333333334,0.3971119133574007,0.2866666666666667,0.43066666666666664,0.47729643000401123
2016-07-29,2979.339,-0.03988550393297435,1.9178000000000002,84.92330383470505,0.42194470302037607,-5.819151373564669,48.59729872284468,0.6226666666666667,0.408,0.6746666666666666,0.41007194244604317,0.264,0.408,0.4645675459632294
2016-08-01,2953.385,-0.0402388857830406,1.8795350000000002,102.59956390056715,0.44150523616126625,-6.501204962390994,48.178820503965326,0.6146666666666667,0.388,0.7266666666666667,0.41935483870967744,0.24266666666666667,0.348,0.4565591397849462
2016-08-03,2978.461,-0.039850938197428735,1.7821299999999998,55.5812353718033,0.45500729794392986,-5.486318550000702,48.61255064720474,0.6253333333333333,0.3546666666666667,0.5893333333333334,0.42857142857142855,0.2826666666666667,0.408,0.4480952380952381
2016-08-04,2982.426,-0.039807435065976365,1.73699,52.74085952753825,0.480319358048273,-5.278674367497516,48.681778123053775,0.628,0.34,0.5813333333333334,0.48398576512455516,0.29733333333333334,0.412,0.45710873863187035
2016-08-05,2976.696,-0.04007376822396966,1.720065,69.71902000828172,0.5039656125162101,-5.362977732984797,48.586125334759025,0.616,0.33466666666666667,0.6253333333333333,0.5390070921985816,0.2906666666666667,0.4026666666666667,0.46805673758865246
2016-08-10,3018.746,-0.03971800183744946,1.58852,61.62772037799448,0.506272281135075,-3.7882807056946133,49.329730296799575,0.6266666666666667,0.2813333333333333,0.5986666666666667,0.5441696113074205,0.38666666666666666,0.48133333333333334,0.4864727129956812
2016-08-11,3002.638,-0.04006523031388082,1.576975,53.957062390383726,0.5173464700201282,-4.209599138958653,49.05183316916215,0.612,0.276,0.58,0.5528169014084507,0.3626666666666667,0.444,0.47124726134585293
2016-08-12,3050.667,-0.03913048461871094,1.57182,10.255382372410736,0.525434407703694,-2.59734046158272,49.90278181984888,0.652,0.2693333333333333,0.444,0.5578947368421052,0.4653333333333333,0.5426666666666666,0.48853801169590644
2016-08-19,3108.102,-0.037965704885922574,1.7703,-1.1642233084019153,0.5376996446263936,-0.3062750279113624,50.87848303641583,0.6906666666666667,0.3506666666666667,0.38533333333333336,0.5629370629370629,0.564,0.6133333333333333,0.5278228438228437
2016-08-22,3084.805,-0.038386775054132884,1.789855,-13.7744563147848,0.5407094435324328,-0.942998163012454,50.45623316173825,0.6733333333333333,0.356,0.33066666666666666,0.5644599303135889,0.5426666666666666,0.5773333333333334,0.5074099883855981
2016-08-23,3089.706,-0.037625037393349825,1.7908900000000003,13.298025994570025,0.5407094435324328,-0.6739085630972586,50.543549501987634,0.6986666666666667,0.356,0.4573333333333333,0.5659722222222222,0.5493333333333333,0.5813333333333334,0.5347731481481481
2016-08-24,3085.88,-0.037678793275745096,1.72288,40.22517393639646,0.5192496461727221,-0.6809673709464836,50.47332620864919,0.6973333333333334,0.33066666666666666,0.544,0.5467128027681661,0.548,0.576,0.5404521337946944
2016-08-25,3068.329,-0.03809360990808314,1.7133049999999996,9.062427234950746,0.5084052079695354,-1.1593389638600016,50.15010732524498,0.68,0.324,0.43866666666666665,0.5344827586206896,0.5253333333333333,0.5546666666666666,0.5095249042145594
2016-08-26,3070.309,-0.03769377196782151,1.7119250000000001,21.735514234446953,0.546461231487015,-1.0032288228967734,50.18649863577501,0.696,0.32266666666666666,0.4786666666666667,0.570446735395189,0.5386666666666666,0.5586666666666666,0.5275189003436426
2016-08-29,3070.027,-0.03718229576642399,1.709565,44.75397922382052,0.546461231487015,-0.936395117030131,50.181222558754875,0.7053333333333334,0.32133333333333336,0.5586666666666666,0.571917808219178,0.54,0.556,0.5422085235920853
2016-08-30,3074.677,-0.036249730837971644,1.7215399999999998,61.4809691765777,0.5834660648598238,-0.7308606757870373,50.26840178158919,0.724,0.3293333333333333,0.596,0.590443686006826,0.5466666666666666,0.5626666666666666,0.5581850587789154
2016-08-31,3085.491,-0.03610659408937866,1.7207600000000003,60.63236579251381,0.5839157947449514,-0.3657108771601747,50.47222547008142,0.732,0.3253333333333333,0.5933333333333334,0.5918367346938775,0.56,0.5746666666666667,0.5628616780045351
2016-09-01,3063.305,-0.03646005850543524,1.730105,50.76387938367185,0.6122272101426627,-1.094686753356755,50.04668321877942,0.716,0.332,0.5653333333333334,0.6101694915254238,0.5293333333333333,0.54,0.5488060263653484
2016-09-02,3067.352,-0.03631659752215083,1.7360599999999997,51.275942414509814,0.5903316215930702,-0.9819321896766042,50.12425189034743,0.7173333333333334,0.3333333333333333,0.5693333333333334,0.5945945945945946,0.5346666666666666,0.5466666666666666,0.5493213213213214
2016-09-05,3072.095,-0.036162882350940936,1.7318950000000002,48.018489822023724,0.5905245574519893,-0.8273498822885417,50.2158708512393,0.7293333333333333,0.33066666666666666,0.5626666666666666,0.5959595959595959,0.5413333333333333,0.5586666666666666,0.553104377104377
2016-09-06,3090.713,-0.03570562848631341,1.73455,52.659365494337806,0.5885336023787828,-0.20807692416102697,50.576253609978494,0.74,0.332,0.576,0.5906040268456376,0.5666666666666667,0.584,0.5648784489187174
2016-09-07,3091.928,-0.03541371391767427,1.7464,44.84980206770882,0.646001220572499,-0.15413950620565275,50.599852799533686,0.7426666666666667,0.3373333333333333,0.5586666666666666,0.6187290969899666,0.5666666666666667,0.5866666666666667,0.5684548494983278
2016-09-08,3095.954,-0.03543415951609816,1.739385,52.953892830687494,0.5970216765286092,-0.015003152543424658,50.67876521960485,0.7413333333333333,0.336,0.5826666666666667,0.6066666666666667,0.568,0.5906666666666667,0.5708888888888889
2016-09-09,3078.855,-0.03582656439662213,1.7368350000000004,83.79833084276692,0.5737612057645112,-0.556776255126401,50.33344404316142,0.736,0.33066666666666666,0.6786666666666666,0.574750830564784,0.5466666666666666,0.56,0.5711251384274639
2016-09-12,3021.977,-0.03675074157638733,1.6931249999999998,91.97591876370441,0.5529099962343234,-2.3864952219376234,49.20562849450238,0.7,0.3,0.708,0.5629139072847682,0.45066666666666666,0.44,0.5269300956585725
2016-09-13,3023.51,-0.03700772099450603,1.62258,95.7451779998054,0.5638697313220462,-2.31843199901568,49.236629959457105,0.6973333333333334,0.268,0.72,0.570957095709571,0.4533333333333333,0.44,0.5249372937293729
2016-09-14,3002.849,-0.03751414691163003,1.5825650000000002,70.69203990719802,0.573888718574962,-2.955805578971782,48.83044949364798,0.6826666666666666,0.248,0.64,0.5789473684210527,0.41333333333333333,0.3933333333333333,0.4927134502923976
2016-09-19,3026.051,-0.03696570031563165,1.528155,49.993548422036525,0.5573600495862987,-2.184249119176618,49.30536819799571,0.6973333333333334,0.20933333333333334,0.568,0.5639344262295082,0.456,0.45066666666666666,0.4908779599271403
2016-09-20,3023.0,-0.03721567189638954,1.49009,40.513862044924196,0.5501327701865303,-2.2604733438044367,49.24459172385962,0.688,0.188,0.544,0.5490196078431373,0.45466666666666666,0.44,0.47728104575163394
2016-09-21,3025.874,-0.03703936283231929,1.455095,43.46259197781964,0.5501327701865303,-2.156298911478871,49.30411831797932,0.6933333333333334,0.16266666666666665,0.556,0.5504885993485342,0.4573333333333333,0.448,0.4779703221136446
2016-09-22,3042.313,-0.03672720261557146,1.44394,31.91289195017066,0.5548494358689524,-1.6294582411548242,49.64570924489234,0.7,0.156,0.5066666666666667,0.5616883116883117,0.4826666666666667,0.48533333333333334,0.4820591630591631
2016-09-23,3033.896,-0.03700929810943614,1.4344350000000001,24.457256771761934,0.5354172565899139,-1.88659422818106,49.473110633116924,0.6933333333333334,0.15333333333333332,0.488,0.5242718446601942,0.4666666666666667,0.468,0.4656008629989212
2016-09-26,2980.43,-0.03827517957856495,1.41974,1.8092960884434888,0.51311373367592,-3.6024636770678686,48.39240928518382,0.6493333333333333,0.15066666666666667,0.39066666666666666,0.5096774193548387,0.368,0.3413333333333333,0.40161290322580645
2016-09-27,2998.172,-0.03787128042868165,1.406005,-12.182119904486854,0.51384244684281,-3.016110084950374,48.76794876792669,0.6653333333333333,0.14133333333333334,0.3293333333333333,0.5112540192926045,0.4053333333333333,0.37866666666666665,0.40520900321543407
2016-09-28,2987.858,-0.037971831029539396,1.3862999999999999,-34.35563133742738,0.4294041948196766,-3.3286446300105577,48.56021853570591,0.66,0.13066666666666665,0.268,0.375,0.384,0.35333333333333333,0.3618333333333334
2016-09-29,2998.483,-0.03768808215997563,1.37188,-43.06108731596629,0.4302193306103115,-2.961373873063078,48.7874643076334,0.672,0.12266666666666666,0.25733333333333336,0.3769968051118211,0.4146666666666667,0.38133333333333336,0.3708328008519702
2016-10-10,3048.143,-0.03714970028153546,1.353555,-48.48188937903319,0.42377955573962345,-1.3279704602316422,49.844985350954225,0.6853333333333333,0.116,0.25466666666666665,0.3662420382165605,0.496,0.5093333333333333,0.4045958952583157
2016-10-11,3065.25,-0.036520696847350514,1.361035,-62.36457069986068,0.40888257437431813,-0.7707148306984823,50.20368783525634,0.7053333333333334,0.11733333333333333,0.23066666666666666,0.3492063492063492,0.536,0.552,0.4150899470899471
2016-10-12,3058.498,-0.03640978751331771,1.35867,-63.55883496419733,0.40550880852750326,-0.9838746945900367,50.06078896548868,0.708,0.11733333333333333,0.228,0.34810126582278483,0.528,0.5346666666666666,0.41068354430379744
2016-10-13,3061.346,-0.036465943785880105,1.3489149999999999,-60.22923235227074,0.39388893184842616,-0.8946518721157481,50.121346467006866,0.7053333333333334,0.11333333333333333,0.24133333333333334,0.3470031545741325,0.536,0.54,0.41383385909568876
2016-10-14,3063.809,-0.03641453575692432,1.333015,-63.130200472774845,0.4045007456767643,-0.8163331905550075,50.17418583390958,0.7066666666666667,0.11066666666666666,0.22933333333333333,0.3490566037735849,0.5386666666666666,0.5466666666666666,0.4135094339622641
2016-10-17,3041.166,-0.03694276620235552,1.34063,-74.58654583157397,0.4080251516838206,-1.536317955585964,49.68487018955203,0.6906666666666667,0.11333333333333333,0.20666666666666667,0.3542319749216301,0.48933333333333334,0.4866666666666667,0.3901497735980495
2016-10-18,3083.875,-0.03601403541729868,1.34949,-83.37222590522185,0.39922761406880813,-0.1406917571213806,50.60371256393441,0.7293333333333333,0.11733333333333333,0.196,0.346875,0.5733333333333334,0.592,0.4258125
2016-10-19,3084.719,-0.036300759283986746,1.3371,-45.03150351665715,0.400534952032352,-0.08709885817940188,50.62173252350884,0.7106666666666667,0.112,0.26666666666666666,0.34890965732087226,0.5746666666666667,0.5946666666666667,0.43459605399792317
2016-10-20,3084.458,-0.03640871995936479,1.3484950000000002,-45.56783018217823,0.37311652016093555,-0.0685228826264539,50.615958247622864,0.7053333333333334,0.11733333333333333,0.2653333333333333,0.33229813664596275,0.576,0.5946666666666667,0.4318274672187716
2016-10-21,3090.941,-0.03633309841054873,1.3735149999999998,-28.758331214042244,0.3753633654692306,0.16377763632329234,50.75704707708625,0.7066666666666667,0.14,0.29733333333333334,0.33436532507739936,0.5826666666666667,0.6053333333333333,0.44439422084623326
2016-10-24,3128.247,-0.03539397533413691,1.43079,-18.870541388324966,0.3700797127833602,1.4002797024885716,51.56232256030815,0.744,0.172,0.31866666666666665,0.33024691358024694,0.6186666666666667,0.6626666666666666,0.4743744855967078
2016-10-25,3131.939,-0.03509887099232254,1.47107,-24.31490659634005,0.3615125888947787,1.554111250593504,51.64146492721194,0.7493333333333333,0.20266666666666666,0.30666666666666664,0.31384615384615383,0.624,0.6653333333333333,0.47697435897435897
2016-10-26,3116.312,-0.03522703977847238,1.5072649999999999,-29.429075186601324,0.35031026646333135,1.082850296538873,51.28282053092813,0.744,0.224,0.29333333333333333,0.3067484662576687,0.612,0.6506666666666666,0.4717914110429448
2016-10-27,3112.35,-0.03543786043110238,1.5158600000000002,-24.904949995974846,0.3451106670151173,0.9953485000663287,51.19167063842862,0.736,0.22933333333333333,0.30533333333333335,0.29357798165137616,0.6066666666666667,0.6453333333333333,0.46937410805300717
2016-10-28,3104.27,-0.036355201488446114,1.54271,-29.621573094613098,0.3211886074539826,0.7614568485463824,51.00471268064264,0.7,0.244,0.29333333333333333,0.2774390243902439,0.6,0.6333333333333333,0.45801761517615175
2016-10-31,3100.492,-0.03684813335631926,1.545885,21.815333966456393,0.31921839879188163,0.6738895783904963,50.916788414793444,0.6786666666666666,0.24666666666666667,0.5026666666666667,0.2765957446808511,0.5973333333333334,0.6253333333333333,0.4878770685579196
2016-11-01,3122.436,-0.03646157851485311,1.563565,27.184509898932788,0.3240803079288901,1.4246195726600686,51.408785514926045,0.692,0.26266666666666666,0.524,0.2818181818181818,0.6226666666666667,0.6546666666666666,0.5063030303030303
2016-11-02,3102.733,-0.03688048827837081,1.6001100000000001,23.52660441334021,0.3185867406282638,0.8274350696487076,50.945123776928426,0.676,0.2853333333333333,0.5146666666666667,0.27492447129909364,0.6026666666666667,0.6306666666666667,0.4973763007720711
2016-11-03,3128.936,-0.03588935430134815,1.6524899999999998,19.612311983273685,0.301114062248027,1.7193164437592001,51.5329937413466,0.7253333333333334,0.31333333333333335,0.496,0.24096385542168675,0.628,0.6613333333333333,0.5108273092369479
2016-11-04,3125.317,-0.03552759027695525,1.698715,24.66257860990737,0.2746588552901083,1.634690203511835,51.446884802134775,0.7333333333333333,0.3293333333333333,0.52,0.14714714714714713,0.6253333333333333,0.66,0.5025245245245246
2016-11-07,3133.333,-0.035991676931967725,1.70763,60.33967038826074,0.2885957390843642,1.9290440805854292,51.62792674277522,0.7213333333333334,0.3373333333333333,0.64,0.19161676646706588,0.636,0.6666666666666666,0.5321583499667332
2016-11-08,3147.888,-0.03563111071315935,1.718535,66.64107785270099,0.2473909129790775,2.4338056118516027,51.95685450807359,0.732,0.344,0.6626666666666666,0.10149253731343283,0.6413333333333333,0.68,0.5269154228855721
2016-11-09,3128.37,-0.0360562514922881,1.76602,57.096632615711,0.2473909129790775,1.8247523829273415,51.48213401500669,0.716,0.376,0.632,0.10416666666666667,0.6306666666666667,0.6613333333333333,0.5200277777777779
2016-11-10,3171.282,-0.034920047752582006,1.80898,37.58249837983365,0.24867456484730877,3.2410330869640847,52.448093711581095,0.752,0.3893333333333333,0.564,0.10682492581602374,0.648,0.692,0.5253597098582262
2016-11-11,3196.044,-0.03417082945775611,1.883315,30.397210186302516,0.25101208185167256,4.082886456410195,52.99418887846642,0.772,0.4186666666666667,0.5373333333333333,0.10946745562130178,0.6493333333333333,0.6973333333333334,0.5306890203813281
2016-11-14,3210.371,-0.033462742553433525,1.9631649999999996,41.60774541887841,0.24984059269600048,4.592031718545475,53.30792578682417,0.78,0.4493333333333333,0.5893333333333334,0.10914454277286136,0.6586666666666666,0.7,0.5477463126843657
2016-11-15,3206.986,-0.03362237655566757,1.99194,61.24223279703409,0.2375144709509897,4.53393133144977,53.22305274696852,0.776,0.4573333333333333,0.648,0.09411764705882353,0.656,0.6973333333333334,0.5547973856209151
2016-11-16,3205.057,-0.03350188102552577,2.01091,48.702323433553914,0.2479307001132369,4.531270785759145,53.17426558774901,0.7786666666666666,0.45866666666666667,0.6053333333333333,0.10850439882697947,0.6546666666666666,0.696,0.5503062886933855
2016-11-17,3208.453,-0.03294935589682835,2.0366150000000003,44.76301665328799,0.19015880682294886,4.701041203026679,53.250556034168184,0.784,0.4613333333333333,0.596,0.05263157894736842,0.6586666666666666,0.6986666666666667,0.5418830409356725
2016-11-18,3192.856,-0.033481643164184866,2.04634,42.97559927442501,0.20253104549036183,4.254310521443139,52.85064650177039,0.7773333333333333,0.464,0.5893333333333334,0.0728862973760933,0.648,0.6893333333333334,0.5401477162293489
2016-11-21,3218.148,-0.033000330677546576,2.04093,55.91242497550519,0.19934204123959026,5.13710778353369,53.42422427022046,0.7813333333333333,0.4613333333333333,0.632,0.06976744186046512,0.664,0.7,0.5514056847545219
2016-11-22,3248.352,-0.03257199346269584,2.0683800000000003,46.87818171076378,0.20562086946589012,6.170004755937408,54.09856076185671,0.7893333333333333,0.468,0.5973333333333334,0.0782608695652174,0.6786666666666666,0.7013333333333334,0.5521545893719807
2016-11-23,3241.137,-0.03290433921864985,2.095675,49.7602407522958,0.21168623540916073,5.984876398994743,53.91001776026531,0.7826666666666666,0.4746666666666667,0.6066666666666667,0.09248554913294797,0.6746666666666666,0.7,0.5551920359666025
2016-11-24,3241.736,-0.03280857481353513,2.1308049999999996,51.540178061661436,0.21564513344363026,6.054826953074222,53.92349953859001,0.7853333333333333,0.48933333333333334,0.6133333333333333,0.1037463976945245,0.676,0.7,0.5612910662824208
2016-11-25,3261.938,-0.03220649320447359,2.1556,48.403393679211206,0.2160989456932466,6.758568388406094,54.37862284862829,0.796,0.49066666666666664,0.6,0.10632183908045977,0.684,0.712,0.564831417624521
2016-11-28,3277.0,-0.03206074625476746,2.217895,41.97182076483736,0.21299084447861596,7.299294663813538,54.71586083559001,0.8,0.5146666666666667,0.5786666666666667,0.10028653295128939,0.684,0.7173333333333334,0.5658255332696593
2016-11-29,3282.924,-0.03151440797558416,2.29499,57.70158622271555,0.21701289064620333,7.542221368887869,54.84860766404819,0.8066666666666666,0.54,0.6346666666666667,0.11142857142857143,0.6866666666666666,0.7173333333333334,0.5827936507936508
2016-11-30,3250.034,-0.031692645328470465,2.324785,59.13537894209256,0.2237558745513283,6.515093503119673,53.9605206990091,0.804,0.5506666666666666,0.6386666666666667,0.11396011396011396,0.6786666666666666,0.696,0.580326685660019
2016-12-01,3273.309,-0.030883233317452147,2.332225,64.35319442937742,0.20731763737709574,7.326129315655305,54.487866391519816,0.816,0.5546666666666666,0.6613333333333333,0.08522727272727272,0.6826666666666666,0.7106666666666667,0.5850934343434343
2016-12-02,3243.843,-0.03125062204586304,2.362105,52.64642176529611,0.20697247606423816,6.41638800046842,53.70040984530781,0.808,0.5613333333333334,0.6133333333333333,0.08498583569405099,0.672,0.6906666666666667,0.5717198615045641
2016-12-05,3204.709,-0.0315294461907866,2.3828050000000003,35.114556145804386,0.20723275963364282,5.192043323261841,52.67796164223213,0.8026666666666666,0.564,0.5373333333333333,0.08757062146892655,0.6533333333333333,0.6733333333333333,0.5530395480225988
2016-12-06,3199.647,-0.030794587300852126,2.3668050000000003,41.333800430740325,0.1970878542192892,5.05853115067596,52.54709383649189,0.82,0.5613333333333334,0.568,0.061971830985915494,0.648,0.6693333333333333,0.554773082942097
2016-12-07,3222.242,-0.03065653578169558,2.33214,38.49286621481642,0.1887236571338044,5.831443568643491,53.07331276156897,0.824,0.5493333333333333,0.5533333333333333,0.047752808988764044,0.6573333333333333,0.68,0.5519588014981274
2016-12-08,3215.366,-0.030886736825336245,2.296395,53.64636596015657,0.18846537470632566,5.639047042500889,52.89281312206514,0.812,0.532,0.6186666666666667,0.047619047619047616,0.652,0.6746666666666666,0.5561587301587302
2016-12-09,3232.883,-0.0303330325533949,2.2446450000000002,56.66517326113805,0.20100564908033133,6.257012078560931,53.301956188117586,0.828,0.516,0.628,0.0782122905027933,0.6706666666666666,0.6853333333333333,0.5677020484171321
2016-12-12,3152.97,-0.031112390316655622,2.21766,33.81606435969741,0.19909497599540854,3.689336447768188,51.248527503458284,0.808,0.5013333333333333,0.524,0.07242339832869081,0.6213333333333333,0.6186666666666667,0.5242927886103375
2016-12-13,3155.037,-0.03073598474611801,2.1890500000000004,29.658871062476493,0.20724521904911375,3.8078311393029196,51.2976027353085,0.8173333333333334,0.48533333333333334,0.5106666666666667,0.10277777777777777,0.6213333333333333,0.6213333333333333,0.526462962962963
2016-12-14,3140.531,-0.03066043948731085,2.1773949999999997,10.01689448572634,0.21324673355013604,3.3844860100050056,50.93373807943466,0.8213333333333334,0.4826666666666667,0.43466666666666665,0.12465373961218837,0.6173333333333333,0.604,0.5141089566020314
2016-12-15,3117.677,-0.030143622500003707,2.16392,0.40411605677113016,0.2175151761789605,2.679791151480404,50.36457719246267,0.8306666666666667,0.47733333333333333,0.38533333333333336,0.13812154696132597,0.612,0.5453333333333333,0.49813136893799875
2016-12-16,3122.982,-0.03059768475032318,2.142375,0.05639882770896065,0.22997747772974836,2.9018828507091365,50.49443235180006,0.8213333333333334,0.4706666666666667,0.38133333333333336,0.14325068870523416,0.612,0.5546666666666666,0.497208448117539
2016-12-19,3118.0846,-0.030174852500156238,2.10564,2.440161441614123,0.22305111696987592,2.78622369832211,50.371409927100366,0.8293333333333334,0.456,0.39466666666666667,0.1401098901098901,0.6106666666666667,0.5466666666666666,0.49624053724053735
2016-12-20,3102.8759,-0.03001577525744941,2.05583,7.8073798008020105,0.2483625407117719,2.3296329025035645,49.98894310959164,0.8306666666666667,0.43733333333333335,0.42533333333333334,0.16712328767123288,0.6026666666666667,0.5053333333333333,0.4947427701674277
2016-12-21,3137.4297,-0.030225968489195204,2.025605,-7.552353016815033,0.2618342318170362,3.521516978216055,50.8464173017384,0.8253333333333334,0.4266666666666667,0.3453333333333333,0.19398907103825136,0.6186666666666667,0.5906666666666667,0.5001092896174862
2016-12-22,3139.558,-0.0310908739129128,1.9946100000000002,-14.116027795030817,0.24563981896765064,3.6424627934129594,50.89885410230056,0.7986666666666666,0.4226666666666667,0.312,0.15803814713896458,0.6186666666666667,0.6013333333333334,0.48522858007871633
2016-12-23,3110.1544,-0.03177308896217256,1.961255,-21.71275574909768,0.2419286455829438,2.726874466935003,50.151400504868114,0.78,0.4106666666666667,0.288,0.15760869565217392,0.6066666666666667,0.5226666666666666,0.46093478260869575
2016-12-26,3122.569,-0.03171091218121353,1.8987500000000002,-39.931740994533556,0.24097766437059412,3.199290854019199,50.46199906365147,0.78,0.396,0.244,0.15718157181571815,0.6106666666666667,0.556,0.45730803974706413
2016-12-27,3114.664,-0.031774294833465506,1.81253,-49.97711840870792,0.2196542565516442,3.0012563473034826,50.260351193230505,0.7773333333333333,0.36133333333333334,0.23066666666666666,0.13783783783783785,0.6093333333333333,0.5386666666666666,0.4425285285285285
2016-12-28,3102.2357,-0.03240804171181255,1.7599049999999998,-44.4592290079477,0.24264086713002606,2.6636206488636294,49.943053702017934,0.7613333333333333,0.348,0.23733333333333334,0.16442048517520216,0.6026666666666667,0.5026666666666667,0.43607008086253374
2016-12-29,3096.0968,-0.033217995254253424,1.708755,-39.998015260016814,0.28916244618910797,2.535884820846035,49.78606072760601,0.744,0.312,0.24266666666666667,0.27419354838709675,0.6026666666666667,0.484,0.44325448028673836
2016-12-30,3103.6373,-0.03336497102350876,1.6474550000000001,-32.42772414840084,0.27881310680515264,2.8581600030946452,49.98135931308972,0.7413333333333333,0.284,0.25733333333333336,0.24128686327077747,0.608,0.508,0.439992254989574
2017-01-03,3135.9208,-0.031752970403559316,1.6073800000000003,-42.560261173327035,0.2785218096594358,3.9937715082218217,50.80965920952241,0.7786666666666666,0.26666666666666666,0.23866666666666667,0.24064171122994651,0.6213333333333333,0.596,0.4569958407605466
2017-01-04,3158.794,-0.030465606840593386,1.6108850000000001,-55.602066961702235,0.2729666396430865,4.8175211338841395,51.386441545749975,0.8173333333333334,0.2693333333333333,0.22,0.22933333333333333,0.64,0.6373333333333333,0.4688888888888889
2017-01-05,3165.4109,-0.03005590986384065,1.6123550000000002,-42.755472341734475,0.2697866700278946,5.08847001639976,51.55262299265553,0.8293333333333334,0.27066666666666667,0.24,0.22074468085106383,0.644,0.6453333333333333,0.4750130023640662
2017-01-06,3154.321,-0.030377150020204406,1.6177,-43.928016873971245,0.26868482950760353,4.777262454014686,51.25566667300191,0.8173333333333334,0.27466666666666667,0.23866666666666667,0.21750663129973474,0.6373333333333333,0.6293333333333333,0.46913999410551127
2017-01-09,3171.2362,-0.03031889018002036,1.601385,-42.01903276854716,0.2640382967718312,5.395380050560572,51.68493258722336,0.8213333333333334,0.2653333333333333,0.244,0.20899470899470898,0.6493333333333333,0.652,0.4734991181657849
2017-01-10,3161.6713,-0.030356856259432713,1.553005,-11.994707587493906,0.2789691737429816,5.130253202192558,51.42596790198258,0.8173333333333334,0.23466666666666666,0.33466666666666667,0.2532981530343008,0.6426666666666667,0.636,0.4864385810612724
2017-01-11,3136.7535,-0.030527923077345406,1.54923,-36.20719457270246,0.2840976753150409,4.323831794805244,50.75601256600998,0.8106666666666666,0.232,0.25733333333333336,0.2657894736842105,0.624,0.5866666666666667,0.4627426900584795
2017-01-12,3119.2886,-0.030922913199692703,1.5238749999999999,-37.41288077629227,0.27362550163240856,3.7662245630117663,50.291638379202055,0.792,0.21866666666666668,0.25466666666666665,0.23622047244094488,0.6106666666666667,0.5413333333333333,0.4422589676290463
2017-01-13,3112.7644,-0.030837478753147775,1.507535,-24.395607606178515,0.31826978213902213,3.583521260574951,50.11842093788058,0.796,0.208,0.28933333333333333,0.36910994764397903,0.6066666666666667,0.516,0.46418499127399654
2017-01-16,3103.428,-0.03042319840330647,1.55048,-25.452690203640145,0.31740886511377464,3.275799440780447,49.86985670150866,0.812,0.23333333333333334,0.284,0.3681462140992167,0.6013333333333334,0.488,0.4644688134609806
2017-01-17,3108.7746,-0.0301200983926182,1.541215,-32.70502129397977,0.3186858112441843,3.4644159525621943,50.0134206611043,0.828,0.22266666666666668,0.2653333333333333,0.375,0.604,0.5053333333333333,0.4667222222222222
2017-01-18,3113.0123,-0.03005758682110629,1.527925,-22.52804848423338,0.3670741812438294,3.592170940823425,50.1278952772514,0.828,0.216,0.3,0.42857142857142855,0.6066666666666667,0.5186666666666667,0.48298412698412707
2017-01-19,3101.2992,-0.03034509913906519,1.497015,-8.125936810345195,0.46451677223386495,3.1916183501432993,49.80906590771544,0.8146666666666667,0.19866666666666666,0.3626666666666667,0.5284974093264249,0.5946666666666667,0.48,0.49652734599884857
2017-01-20,3123.1389,-0.030033055420576188,1.474515,-24.057461296207038,0.46402391501344586,3.8943084122313065,50.40384294988937,0.8293333333333334,0.18666666666666668,0.2946666666666667,0.5271317829457365,0.612,0.5533333333333333,0.5005219638242894
2017-01-23,3136.7748,-0.029841377922026825,1.45818,-11.17688458961507,0.45578913247291314,4.329994159987893,50.77216632795617,0.8306666666666667,0.17866666666666667,0.344,0.5025773195876289,0.6253333333333333,0.5893333333333334,0.5117628865979381
2017-01-24,3142.5533,-0.029186581330415476,1.445055,-5.17551209235441,0.45296779260838055,4.488605465284534,50.928335698182174,0.8333333333333334,0.17333333333333334,0.37466666666666665,0.4961439588688946,0.6253333333333333,0.6146666666666667,0.5195795487003713
2017-01-25,3149.5547,-0.02832795087760362,1.43005,-9.253295734375342,0.47866759907907813,4.688579156345729,51.11833560797305,0.8506666666666667,0.164,0.35333333333333333,0.541025641025641,0.6306666666666667,0.62,0.5266153846153846
2017-01-26,3159.166,-0.028056044363285612,1.41804,-9.206693786776555,0.46464373671837716,4.986913560743167,51.3796662219653,0.8546666666666667,0.16,0.3546666666666667,0.5319693094629157,0.6386666666666667,0.632,0.5286615515771527
2017-02-03,3140.17,-0.027716243191917407,1.39771,-26.456454981329017,0.4588349666026112,4.332956976399238,50.836475593709075,0.856,0.148,0.276,0.5102040816326531,0.6213333333333333,0.5933333333333334,0.50081179138322
2017-02-06,3156.9838,-0.026724860897644302,1.39359,-31.130655876376636,0.4721997188121871,4.853069062157478,51.29733655496195,0.86,0.14666666666666667,0.26266666666666666,0.5368956743002544,0.636,0.628,0.511704834605598
2017-02-07,3153.0878,-0.02687535327472794,1.38667,-3.3281990019524414,0.47618405318841744,4.690774053021207,51.18490857224155,0.8586666666666667,0.13733333333333334,0.37866666666666665,0.5380710659898477,0.628,0.62,0.5267896221094192
2017-02-08,3166.9818,-0.026896003932302764,1.3750200000000001,3.1960370302450087,0.47736013849541004,5.120194852003235,51.567711666950764,0.8573333333333333,0.12933333333333333,0.41333333333333333,0.5443037974683544,0.6413333333333333,0.6453333333333333,0.5384950773558369
2017-02-09,3183.1794,-0.027024182926164653,1.38227,-3.415572205039922,0.4556558879508738,5.597071948073862,52.01135676031122,0.856,0.13333333333333333,0.376,0.494949494949495,0.6493333333333333,0.66,0.5282693602693603
2017-02-10,3196.699,-0.026481458383321797,1.4072400000000003,-8.719353482246675,0.4762535266607661,5.980713645777547,52.37953658478922,0.8626666666666667,0.15333333333333332,0.3546666666666667,0.5440806045340051,0.6626666666666666,0.6653333333333333,0.5404578785334453
2017-02-13,3216.8394,-0.026215995468662913,1.4299250000000001,-7.440801759223007,0.47677286242197553,6.5691237245288026,52.9236396163528,0.864,0.16266666666666665,0.36133333333333334,0.5452261306532663,0.6773333333333333,0.6733333333333333,0.5473154662199888
2017-02-14,3217.928,-0.026504203352409265,1.436425,-2.4111546501597445,0.496379427389642,6.537376155272945,52.953020984242904,0.8586666666666667,0.16933333333333334,0.38,0.5914786967418546,0.676,0.6733333333333333,0.5581353383458646
2017-02-24,3253.4327,-0.02703747695814958,1.6657499999999998,27.528681544342078,0.5998099898951965,7.18315927738955,53.7527983553424,0.8453333333333334,0.2946666666666667,0.5186666666666667,0.705,0.6773333333333333,0.688,0.6215
2017-02-27,3228.6602,-0.027467744840217342,1.6891100000000001,26.249745313582906,0.6033055628319988,6.315793757335264,52.97666628715356,0.8373333333333334,0.30266666666666664,0.5133333333333333,0.7082294264339152,0.66,0.6653333333333333,0.6144826821834303
2017-02-28,3241.7331,-0.027238783360155047,1.70089,23.278353033236016,0.23264692044027957,6.69262611269914,53.336224348207104,0.84,0.30533333333333335,0.49733333333333335,0.13930348258706468,0.6693333333333333,0.68,0.5218839137645108
2017-03-01,3246.9335,-0.026828268525870697,1.7381800000000003,28.833838322728838,0.2573827389765573,6.818816526415672,53.47931755122499,0.852,0.3373333333333333,0.5226666666666666,0.18114143920595532,0.6733333333333333,0.6826666666666666,0.5415235732009925
2017-03-02,3230.0281,-0.026874312416047083,1.7712050000000001,26.9045279358142,0.26697408313923354,6.216992471329186,52.94560155314542,0.8506666666666667,0.352,0.5133333333333333,0.2103960396039604,0.6533333333333333,0.66,0.5399548954895489
2017-03-03,3218.3118,-0.02701470377747498,1.8024449999999999,43.89861840396108,0.27612145497029555,5.791437347969475,52.57785823487715,0.844,0.3586666666666667,0.5906666666666667,0.2345679012345679,0.6333333333333333,0.6506666666666666,0.5519835390946501
2017-03-06,3233.8657,-0.026728842318379756,1.8167299999999997,48.09613387575166,0.2738530681887102,6.233909705236673,53.01595158469169,0.8533333333333334,0.36133333333333334,0.6026666666666667,0.2315270935960591,0.6533333333333333,0.6653333333333333,0.5612545155993433
2017-03-07,3242.4063,-0.026518592020253605,1.834095,39.52027917448808,0.26844020831568366,6.448004301033117,53.25573295241554,0.8573333333333333,0.364,0.564,0.2113022113022113,0.6613333333333333,0.6733333333333333,0.5552170352170352
2017-03-08,3240.6646,-0.02623982358051452,1.84225,50.02651548310325,0.26600879553073703,6.313663489363908,53.19974275451285,0.8626666666666667,0.36533333333333334,0.6106666666666667,0.2034313725490196,0.6546666666666666,0.668,0.5607941176470589
2017-03-09,3216.7457,-0.026591272966937987,1.8312599999999999,43.65760445044057,0.26551897229093996,5.462053907760955,52.43418056523801,0.852,0.36133333333333334,0.5866666666666667,0.20293398533007334,0.6226666666666667,0.6426666666666667,0.5447112197772345
2017-03-10,3212.7601,-0.026703460182921607,1.7837300000000003,48.121904913812045,0.2643207531802837,5.281255398004747,52.30734570463011,0.8506666666666667,0.3466666666666667,0.6013333333333334,0.2,0.62,0.6373333333333333,0.5426666666666666
2017-03-13,3237.0244,-0.026553348567452055,1.756805,45.28390754796115,0.2565819510825684,6.0239591560075745,53.00715935331166,0.8546666666666667,0.3333333333333333,0.592,0.17761557177615572,0.644,0.6613333333333333,0.5438248175182482
2017-03-14,3239.3278,-0.026695211278594165,1.736375,30.87338655141562,0.2572969252601175,6.048665877884574,53.07325995286267,0.8493333333333334,0.32133333333333336,0.5213333333333333,0.1796116504854369,0.644,0.664,0.5299352750809062
2017-03-15,3241.7597,-0.026803455673033563,1.6896650000000002,31.96510447181558,0.23013974279770869,6.080436411720114,53.14362730655825,0.8426666666666667,0.288,0.5253333333333333,0.13317191283292978,0.6453333333333333,0.6653333333333333,0.5166397632499328
2017-03-16,3268.9354,-0.026838506410033727,1.6758250000000001,28.464176225401587,0.23759995632466424,6.9182720121069075,53.9243730348177,0.84,0.2786666666666667,0.5093333333333333,0.14251207729468598,0.6733333333333333,0.692,0.5226409017713366
2017-03-17,3237.4471,-0.02739769440150542,1.662975,27.674095124901044,0.22829996916993736,5.836463203901943,52.891731209920785,0.82,0.27466666666666667,0.5053333333333333,0.13012048192771083,0.628,0.6466666666666666,0.500797858099063
2017-03-20,3250.8082,-0.027307161373420916,1.633905,43.38748689645587,0.22856308290603022,6.211300112322227,53.2756622840512,0.8213333333333334,0.2613333333333333,0.5813333333333334,0.13221153846153846,0.6466666666666666,0.6733333333333333,0.5193685897435898
2017-03-21,3261.6108,-0.027122106261242097,1.6106849999999997,45.66533771633755,0.22942763705701347,6.501430569067912,53.58494353005152,0.8253333333333334,0.24666666666666667,0.592,0.1342925659472422,0.6613333333333333,0.6813333333333333,0.5234932054356515
2017-03-22,3245.2198,-0.027418922215821748,1.602045,39.244131744461725,0.23152496846580084,5.912856304273428,53.046184894257095,0.816,0.24133333333333334,0.5546666666666666,0.14114832535885166,0.6293333333333333,0.656,0.5064136097820308
2017-03-23,3248.5495,-0.02740868391026869,1.5937350000000001,35.205262079201106,0.22907405131790395,5.9683794834637816,53.14296329599826,0.816,0.23733333333333334,0.5373333333333333,0.13365155131264916,0.632,0.66,0.5027197029965527
2017-03-24,3269.4451,-0.027725393597418928,1.608955,28.049648456805528,0.23047321327914502,6.594501242941164,53.74794306876042,0.8093333333333333,0.24666666666666667,0.5066666666666667,0.14285714285714285,0.6653333333333333,0.6853333333333333,0.5093650793650794
2017-03-27,3266.9552,-0.028089381751466684,1.61779,36.793845519279614,0.23668212377804493,6.463044670823415,53.66445348277783,0.8053333333333333,0.256,0.5453333333333333,0.15201900237529692,0.6573333333333333,0.68,0.5160031670625495
2017-03-28,3252.9479,-0.02835890964069826,1.6224250000000002,36.75186484230957,0.23584671545756528,5.965442824758105,53.19438484394491,0.796,0.25866666666666666,0.5453333333333333,0.15165876777251186,0.628,0.66,0.506609794628752
2017-03-29,3241.3144,-0.028176684359102012,1.63395,32.84220050895743,0.2626617486014135,5.555874791211757,52.805907634569095,0.8026666666666666,0.2653333333333333,0.5293333333333333,0.21749408983451538,0.6066666666666667,0.6346666666666667,0.5093601260835303
2017-03-30,3210.2369,-0.028579615868833036,1.6643000000000001,28.175850773927777,0.2589207657258103,4.51510297405846,51.784295574739616,0.7893333333333333,0.2786666666666667,0.508,0.20518867924528303,0.572,0.608,0.4935314465408805
2017-03-31,3222.5142,-0.0284161121427203,1.682385,29.431300027089293,0.2611493553983521,4.885780056777689,52.15408768000473,0.7906666666666666,0.2866666666666667,0.5146666666666667,0.20941176470588235,0.588,0.616,0.5009019607843138
2017-04-05,3270.3054,-0.02709943081281503,1.72488,21.132357633725036,0.2594667593895311,6.398429372892123,53.556236447320096,0.8253333333333334,0.31733333333333336,0.4666666666666667,0.20657276995305165,0.6506666666666666,0.6773333333333333,0.5239843505477308
2017-04-06,3281.0047,-0.026966573432353216,1.762415,12.422516975400896,0.26084179821468273,6.704650598995121,53.86233746599413,0.832,0.33866666666666667,0.436,0.2107728337236534,0.6666666666666666,0.688,0.5286843611761644
2017-04-07,3286.616,-0.027026683539990215,1.7973500000000002,5.435181712256281,0.25395791808791246,6.841442397270114,54.02304572408221,0.828,0.352,0.4,0.1939252336448598,0.672,0.6946666666666667,0.5234319833852544
2017-04-10,3269.3926,-0.027160365860225723,1.82714,15.959773197090897,0.25589974764007806,6.2332560409511295,53.4452167027419,0.82,0.36,0.4493333333333333,0.1958041958041958,0.64,0.672,0.5228562548562549
2017-04-11,3288.9657,-0.02678224197070976,1.89408,10.600498616996987,0.2502596065676625,6.829216956133366,54.01050777869027,0.8426666666666667,0.392,0.42933333333333334,0.18604651162790697,0.6706666666666666,0.6933333333333334,0.5356744186046511
2017-04-12,3273.8301,-0.02691553455753983,1.9429650000000003,19.273564464878717,0.2512966236106671,6.300318064771471,53.5024952920414,0.832,0.404,0.464,0.1902552204176334,0.6426666666666667,0.672,0.5341536478473834
2017-04-13,3275.9603,-0.026917356728902615,1.9708200000000002,17.581389935687838,0.40998380902268966,6.332690041542399,53.56465629778742,0.8306666666666667,0.41333333333333333,0.45866666666666667,0.48842592592592593,0.6453333333333333,0.6733333333333333,0.5849598765432099
2017-04-14,3246.0668,-0.027003389751523332,2.00312,-0.9131640181162766,0.39497054050649405,5.335997202820519,52.567384261788064,0.8266666666666667,0.4226666666666667,0.3586666666666667,0.47344110854503463,0.5933333333333334,0.6186666666666667,0.5489068514241725
2017-04-17,3222.1673,-0.026907955409005847,2.013395,-0.3027899004075323,0.39025252818005035,4.537168938829894,51.787863184316926,0.832,0.42533333333333334,0.36,0.46774193548387094,0.5626666666666666,0.596,0.5406236559139784
2017-04-18,3196.7133,-0.0274820394986001,2.007215,3.6400761184255828,0.3830483107427691,3.6860257130888474,50.97376287992696,0.8,0.4226666666666667,0.388,0.4666666666666667,0.5346666666666666,0.5493333333333333,0.5268888888888889
2017-04-19,3170.6867,-0.027987445517640673,2.026285,-0.6358111267944082,0.38304879487018545,2.817072407998533,50.15848023987541,0.7946666666666666,0.4266666666666667,0.36,0.46788990825688076,0.5146666666666667,0.452,0.5026483180428135
2017-04-20,3172.1003,-0.027768198563240754,2.038475,4.416278781315725,0.375560413684449,2.844483565058775,50.20222570462431,0.7946666666666666,0.43066666666666664,0.39866666666666667,0.459954233409611,0.5146666666666667,0.46,0.509770150012713
2017-04-21,3173.1512,-0.027315855480309494,2.02587,12.519837448820198,0.368789671214763,2.8586123714722245,50.2350618814124,0.8066666666666666,0.424,0.44666666666666666,0.4520547945205479,0.516,0.46266666666666667,0.5180091324200914
2017-04-24,3129.5312,-0.027765123380668354,2.02219,-13.156588384301386,0.3792284728586428,1.4363855371356316,48.882149353383745,0.7933333333333333,0.42133333333333334,0.28933333333333333,0.4624145785876993,0.48933333333333334,0.31333333333333335,0.46151354087572766
2017-04-25,3134.5674,-0.02829464048796833,1.99029,-12.492172655136557,0.38418392477142543,1.5927458377989812,49.04237857946733,0.78,0.4093333333333333,0.292,0.4727272727272727,0.49066666666666664,0.32266666666666666,0.4612323232323232
2017-04-26,3140.8471,-0.028270222665284568,1.9746000000000001,-19.26384721841302,0.3883914841202356,1.7879959010770108,49.24298906074322,0.78,0.404,0.26266666666666666,0.47392290249433106,0.496,0.344,0.4600982615268329
2017-04-27,3152.1869,-0.028368244782646837,1.9971449999999997,-16.11356952434187,0.40050792191358175,2.1398004886541644,49.6052725763067,0.772,0.41333333333333333,0.27466666666666667,0.48642533936651583,0.5013333333333333,0.376,0.47062644544997484
2017-04-28,3154.6584,-0.029908537943371685,1.971715,-13.181900160563004,0.42152768206192553,2.2050693369208174,49.68442472334972,0.748,0.4013333333333333,0.292,0.510158013544018,0.5013333333333333,0.38266666666666665,0.47258189114622523
2017-05-02,3143.7121,-0.030713232224057155,1.9277450000000003,-5.764419955444794,0.41441615926274067,1.8278472702191406,49.33735820032462,0.7106666666666667,0.38666666666666666,0.3413333333333333,0.5022522522522522,0.49466666666666664,0.35333333333333333,0.46481981981981985
2017-05-03,3135.346,-0.030531544025153914,1.9118499999999998,-10.770616494809332,0.4731683253918235,1.5328593442303973,49.072423907054336,0.7186666666666667,0.38266666666666665,0.30666666666666664,0.5752808988764045,0.4826666666666667,0.32,0.46432459425717854
2017-05-04,3127.3687,-0.030382162044632698,1.878425,6.187726504425257,0.5336186774293875,1.2524770035953425,48.81964416180602,0.724,0.3586666666666667,0.4186666666666667,0.6636771300448431,0.47733333333333333,0.29733333333333334,0.48994618834080716
2017-05-05,3103.0378,-0.030698577355717946,1.845625,-1.873777128912252,0.5288843363948724,0.444393250143027,48.05614521090608,0.7093333333333334,0.3426666666666667,0.3626666666666667,0.6621923937360179,0.464,0.22666666666666666,0.4612542878448918
2017-05-08,3078.6129,-0.030673144308999832,1.8191700000000002,-16.20626152456893,0.5363241288670905,-0.3609294308367761,47.305129207626536,0.712,0.3333333333333333,0.2733333333333333,0.6674107142857143,0.43733333333333335,0.16,0.4305684523809525
2017-05-09,3080.5269,-0.030360338480038288,1.773545,-12.249497659629839,0.5896466134034061,-0.31535390374094474,47.370305964604434,0.7266666666666667,0.316,0.3,0.7193763919821826,0.44,0.16666666666666666,0.4447849542192526
2017-05-10,3052.785,-0.030271349476136633,1.71719,-22.492856859436017,0.5873579953997613,-1.226776005504615,46.526826324230036,0.7333333333333333,0.276,0.25466666666666665,0.7133333333333334,0.39066666666666666,0.10933333333333334,0.41288888888888886
2017-05-11,3061.5003,-0.030522756632244394,1.680475,-24.368488863223888,0.5704310442549974,-0.9605798355947992,46.827609294384224,0.716,0.256,0.24533333333333332,0.7028824833702882,0.412,0.12933333333333333,0.41025819167282584
2017-05-12,3083.5132,-0.029803832682607334,1.6580249999999999,-36.87487845667471,0.5857247887201247,-0.26019133961580065,47.580714761268446,0.7493333333333333,0.24666666666666667,0.20933333333333334,0.7123893805309734,0.44533333333333336,0.19333333333333333,0.4260648967551622
2017-05-15,3090.2289,-0.030108065660507548,1.62123,-22.09529617202253,0.5080503672594653,-0.05576060194587562,47.80876666512638,0.74,0.228,0.2613333333333333,0.6335540838852097,0.4533333333333333,0.21466666666666667,0.42181456953642377
2017-05-16,3112.9642,-0.029584822331379122,1.60288,-22.388625600032128,0.5097418772018014,0.6645527750493985,48.57468327395972,0.752,0.21333333333333335,0.25866666666666666,0.6365638766519823,0.4666666666666667,0.2786666666666667,0.43431620166421925
2017-05-17,3104.4415,-0.02976036770500641,1.593345,-14.154343736480115,0.5285599093110361,0.36413179822334385,48.305954844763235,0.748,0.20533333333333334,0.28933333333333333,0.654945054945055,0.46,0.26,0.4362686202686203
2017-05-18,3090.139,-0.030216897504539222,1.563175,-13.138314455086771,0.534719177614542,-0.13157988399032927,47.8566581106248,0.7306666666666667,0.19333333333333333,0.30266666666666664,0.6600877192982456,0.44666666666666666,0.21866666666666668,0.42534795321637425
2017-05-19,3090.6309,-0.03002124634254736,1.53401,-15.42244584204306,0.5438223666466128,-0.14899052249319755,47.873520082392425,0.7413333333333333,0.176,0.2853333333333333,0.6739606126914661,0.444,0.22266666666666668,0.42388232433746653
2017-05-22,3075.6756,-0.029863614515744978,1.528235,-25.71385598443854,0.56213454851516,-0.6627960662753507,47.40223990902598,0.744,0.17466666666666666,0.23866666666666667,0.6986899563318777,0.42,0.17466666666666666,0.4084483260553129
2017-05-23,3061.947,-0.029885713910917037,1.523955,-0.7244906675947504,0.5008481999596529,-1.1350746300799464,46.972984685221235,0.7426666666666667,0.17066666666666666,0.38266666666666665,0.6143790849673203,0.39066666666666666,0.13866666666666666,0.4066187363834422
2017-05-24,3064.0759,-0.02997379143632787,1.51735,1.8850532934590944,0.49040458035018863,-1.0966055388247353,47.04817798548329,0.74,0.16666666666666666,0.4026666666666667,0.6021739130434782,0.392,0.14533333333333334,0.4081400966183575
2017-05-25,3107.8311,-0.02907885521523127,1.52684,-22.611281932021257,0.48025745802707404,0.28246936614411133,48.56409444296541,0.756,0.17066666666666666,0.25466666666666665,0.579175704989154,0.45866666666666667,0.28,0.41652928416485907
2017-05-26,3110.0587,-0.02903409479650324,1.50021,-19.976223194088874,0.48442758955716414,0.3198576937538,48.63979187961743,0.756,0.156,0.26666666666666666,0.5909090909090909,0.45866666666666667,0.288,0.4193737373737374
2017-05-31,3117.1778,-0.029264740995036023,1.4947750000000002,-23.30833676886985,0.4886396260588506,0.5093372281257169,48.882912207885674,0.7493333333333333,0.15066666666666667,0.25066666666666665,0.6004319654427646,0.464,0.31733333333333336,0.42207199424046077
2017-06-01,3102.6232,-0.029407154673941352,1.4979850000000001,-25.97220494239346,0.4973049298136841,0.0019023232588066818,48.409161639726186,0.748,0.15333333333333332,0.23466666666666666,0.6142241379310345,0.4493333333333333,0.268,0.4112595785440612
2017-06-02,3105.54,-0.029283441752190907,1.487315,-24.14372775024117,0.5009949362305625,0.059786774573300505,48.51028977519797,0.748,0.14666666666666667,0.248,0.6193548387096774,0.45066666666666666,0.2733333333333333,0.41433691756272406
2017-06-05,3091.6561,-0.029828033252533415,1.465725,-32.33528571624905,0.5054167336910675,-0.4193786954286405,48.05685782920484,0.7386666666666667,0.14,0.21733333333333332,0.6266094420600858,0.42,0.232,0.39576824034334773
2017-06-06,3102.126,-0.029416059402991773,1.435565,-23.841116044030798,0.599046366827818,-0.1182398615496516,48.424483131100125,0.7453333333333333,0.12666666666666668,0.25333333333333335,0.7430406852248393,0.44,0.26666666666666666,0.42917344753747316
2017-06-07,3140.3249,-0.02857644707171854,1.4306999999999999,-25.559334927087917,0.6119494202517343,1.0693464022037302,49.736945557888625,0.7653333333333333,0.12266666666666666,0.23866666666666667,0.75,0.47333333333333333,0.39866666666666667,0.45811111111111114
2017-06-08,3150.3336,-0.028281709176177665,1.43742,-35.63838432088198,0.5836370017485017,1.3486889019530546,50.073575754638654,0.7786666666666666,0.128,0.20933333333333334,0.7142857142857143,0.47733333333333333,0.43866666666666665,0.4577142857142857
2017-06-09,3158.4004,-0.028250611043340257,1.435625,-16.73620656785468,0.6303380462499208,1.5641133227356274,50.34462399331909,0.78,0.12533333333333332,0.2866666666666667,0.7531914893617021,0.484,0.47733333333333333,0.4844208037825059
2017-06-12,3139.8766,-0.02902077803279371,1.4133149999999999,-27.13683481492413,0.620518698759513,0.9272386400614119,49.717851717547696,0.752,0.10933333333333334,0.23333333333333334,0.7515923566878981,0.468,0.3933333333333333,0.45126539278131633
2017-06-13,3153.7429,-0.028856335795351983,1.397225,-17.140787783136886,0.5997842381434358,1.3420550578647994,50.187291450179295,0.7546666666666667,0.09866666666666667,0.2853333333333333,0.739406779661017,0.4746666666666667,0.4573333333333333,0.46834557438794727
2017-06-14,3130.674,-0.029734063943937926,1.39701,-26.112287928861605,0.5970016416398848,0.5726879421735775,49.41120471542543,0.7333333333333333,0.09733333333333333,0.23733333333333334,0.733615221987315,0.45866666666666667,0.36533333333333334,0.4376025369978859
2017-06-15,3132.4863,-0.02957900176402281,1.383085,-13.922902039450804,0.5584078917675355,0.6041145584667174,49.47327637353617,0.7373333333333333,0.084,0.30266666666666664,0.6919831223628692,0.45866666666666667,0.37066666666666664,0.4408860759493671
2017-06-16,3123.1662,-0.02963507990660079,1.36372,-19.656873205250463,0.5038048726610512,0.28102024376099877,49.15959388088323,0.7346666666666667,0.068,0.27066666666666667,0.6126315789473684,0.44533333333333336,0.33066666666666666,0.41032748538011693
2017-06-19,3144.3739,-0.02987766370038513,1.356105,-24.08904203501976,0.4481382749225831,0.9347141346286225,49.890671838420225,0.7226666666666667,0.064,0.25066666666666665,0.4957983193277311,0.4666666666666667,0.416,0.4026330532212885
2017-06-20,3140.0136,-0.03006292249459757,1.360625,-28.93111341608028,0.45032205552350646,0.768357192821445,49.74195749665269,0.7106666666666667,0.06533333333333333,0.22266666666666668,0.4968553459119497,0.46266666666666667,0.3933333333333333,0.3919203354297694
2017-06-21,3156.2118,-0.02919557058231228,1.35188,-28.446229807965324,0.3898681787754264,1.2584121008054394,50.298509566376126,0.7426666666666667,0.06,0.22533333333333333,0.4393305439330544,0.47333333333333333,0.4706666666666667,0.40188842398884245
2017-06-22,3147.4532,-0.02906852448449615,1.3562150000000002,-21.863825903160944,0.38639640889665,0.9366941347860536,49.9957805673916,0.748,0.06266666666666666,0.26666666666666666,0.4363256784968685,0.4653333333333333,0.42533333333333334,0.40072094641614475
2017-06-23,3157.873,-0.028985123152908354,1.36182,-29.885890679091375,0.35323467085780685,1.2298569487019462,50.355239698108925,0.752,0.06666666666666667,0.21466666666666667,0.39375,0.4706666666666667,0.4786666666666667,0.3960694444444444
2017-06-26,3185.4439,-0.028827113485630565,1.351825,-9.55379953948048,0.35323467085780685,2.0746446293433918,51.292124338184955,0.7546666666666667,0.056,0.336,0.39501039501039503,0.49866666666666665,0.564,0.4340572880572881
2017-06-27,3191.1969,-0.028737911002976284,1.34713,-14.567903763003727,0.3364301104643668,2.2172806483937935,51.48531310372011,0.7573333333333333,0.04933333333333333,0.296,0.3775933609958506,0.5013333333333333,0.5786666666666667,0.4267100046104195
2017-06-28,3173.2014,-0.02879587226069244,1.343135,-22.16129791293841,0.3326505155592903,1.6033625737503998,50.847382660316704,0.7533333333333333,0.048,0.2653333333333333,0.3775933609958506,0.4826666666666667,0.5266666666666666,0.4089322268326418
2017-06-29,3188.0625,-0.028305121742350003,1.32629,-25.863678584653996,0.3354396858723756,2.0400937276244813,51.35077366356795,0.7746666666666666,0.04,0.236,0.3796680497925311,0.496,0.5666666666666667,0.4155002305209774
2017-06-30,3192.4269,-0.028141354472728385,1.3149250000000001,-28.9851190432357,0.3248096636061047,2.138741423574886,51.49829061855528,0.7853333333333333,0.03866666666666667,0.22133333333333333,0.37136929460580914,0.49733333333333335,0.5786666666666667,0.4154504379898571
2017-07-03,3195.9116,-0.027749018411928665,1.3169300000000002,-24.77129119314685,0.3295392965187765,2.2122497116499273,51.616745899300135,0.7933333333333333,0.03866666666666667,0.244,0.3796680497925311,0.5,0.584,0.4232780082987552
2017-07-04,3182.8039,-0.02802296517597505,1.328405,-22.068682383843964,0.3269608969670758,1.7551764168579842,51.14164519236149,0.7866666666666666,0.04,0.27066666666666667,0.3775933609958506,0.484,0.548,0.41782111572153063
2017-07-05,3207.1342,-0.027783301909403035,1.3155750000000002,-6.129660722801447,0.342529404020999,2.4867785179382818,51.97143508201524,0.7893333333333333,0.036,0.3626666666666667,0.3900414937759336,0.504,0.6,0.4470069156293223
2017-07-06,3212.444,-0.027757974417646422,1.3247499999999999,-3.0768049776556268,0.3674377915581425,2.614912180433082,52.15077929641742,0.792,0.037333333333333336,0.37866666666666665,0.42531120331950206,0.5053333333333333,0.604,0.45710742277547256
2017-07-07,3217.9567,-0.02744545475088027,1.330865,-1.9135706665944667,0.3840144424375226,2.7509091320332413,52.337633152317196,0.8,0.04,0.38666666666666666,0.45228215767634855,0.5093333333333333,0.6093333333333333,0.4662692485016136
2017-07-10,3212.6319,-0.027463969009861686,1.3536050000000002,10.460526519302533,0.3771754864637937,2.5440775467428622,52.13875854934045,0.7986666666666666,0.058666666666666666,0.4693333333333333,0.44190871369294604,0.5026666666666667,0.6013333333333334,0.4787625633932688
2017-07-11,3203.0375,-0.027633496658302482,1.37993,20.004027730829392,0.37472964068228626,2.2021542002984784,51.78025254451575,0.7933333333333333,0.08133333333333333,0.5106666666666667,0.43775933609958506,0.492,0.588,0.48384877823881983
2017-07-12,3197.5439,-0.027799550846549406,1.401325,33.15210583681582,0.3713284170486052,1.9923599790879098,51.574916120235926,0.7826666666666666,0.10266666666666667,0.576,0.43568464730290457,0.484,0.576,0.49283633010603967
2017-07-13,3218.1632,-0.027457638735579944,1.4223700000000001,19.24707089375508,0.3747279825559578,2.6199992800892913,52.29296440299124,0.7986666666666666,0.116,0.5053333333333333,0.43983402489626555,0.504,0.6066666666666667,0.495083448593822
2017-07-14,3222.4168,-0.02736028425384525,1.4351999999999998,20.475022240447515,0.3652942497324514,2.7273313568734414,52.44008030252129,0.804,0.12266666666666666,0.5133333333333333,0.422360248447205,0.508,0.6146666666666667,0.4975044858523119
2017-07-17,3176.4648,-0.027987635688029977,1.49343,19.53389370087143,0.3633708423289268,1.2418797613057864,50.731044130017125,0.7773333333333333,0.148,0.5066666666666667,0.4161490683229814,0.45066666666666666,0.49466666666666664,0.46558040027605246
2017-07-18,3187.5672,-0.027632599049092592,1.51515,17.532568622640383,0.369572721458623,1.5736334016076547,51.120252183505045,0.7906666666666666,0.16133333333333333,0.496,0.4359504132231405,0.464,0.5346666666666666,0.48043617998163457
2017-07-19,3230.9762,-0.0267623176940376,1.5756000000000001,15.846378227795014,0.35320951766157366,2.9250219089675955,52.60070891724572,0.844,0.19733333333333333,0.48933333333333334,0.4041237113402062,0.5173333333333333,0.62,0.512020618556701
2017-07-20,3244.8647,-0.026677296379892565,1.593215,4.7317566368010375,0.32796920688895825,3.3345387973899188,53.06068114538319,0.8493333333333334,0.204,0.432,0.3765432098765432,0.524,0.6413333333333333,0.5045349794238684
2017-07-21,3237.9817,-0.02674648347918092,1.615535,9.433957037780715,0.31933100853524427,3.0905789233484304,52.80387789756512,0.8426666666666667,0.22266666666666668,0.46266666666666667,0.3613963039014374,0.5173333333333333,0.6226666666666667,0.5048993839835729
2017-07-24,3250.5989,-0.026501762513021797,1.6415700000000002,24.33906097062078,0.3366063573153225,3.4672603283818715,53.223533306982155,0.8573333333333333,0.24,0.5386666666666666,0.38934426229508196,0.528,0.6533333333333333,0.5344462659380692
2017-07-25,3243.6894,-0.026449025617209437,1.66674,23.85682381748316,0.32393047922064677,3.2224021537634817,52.96274200191188,0.86,0.25066666666666665,0.5386666666666666,0.36400817995910023,0.5186666666666667,0.6306666666666667,0.5271124744376278
2017-07-26,3247.6748,-0.026009002300070812,1.69623,38.746780311520524,0.3232907862013194,3.3237942941315657,53.09679290461575,0.864,0.264,0.608,0.363265306122449,0.5213333333333333,0.644,0.5440997732426304
2017-07-27,3249.7814,-0.026158776605471147,1.74072,50.479437828476904,0.31607144604016923,3.363689427988392,53.16813270447145,0.8626666666666667,0.3,0.6586666666666666,0.3421588594704684,0.5226666666666666,0.6466666666666666,0.5554709210228559
2017-07-28,3253.2404,-0.026087057909217955,1.7683849999999999,51.14003771312912,0.32461401878192936,3.4451956012798046,53.286109438968836,0.8626666666666667,0.31066666666666665,0.6613333333333333,0.3719512195121951,0.5253333333333333,0.66,0.5653252032520325
2017-07-31,3273.0283,-0.025554249058764127,1.815655,44.510049336574866,0.36453420552768984,4.0419649228225385,53.95710426876675,0.868,0.3293333333333333,0.636,0.4300202839756592,0.5413333333333333,0.6893333333333334,0.5823367139959432
2017-08-01,3292.6383,-0.025027169038780342,1.8587,42.94846828208614,0.388984941164643,4.631578470827402,54.61047423856459,0.872,0.3466666666666667,0.628,0.4817813765182186,0.5653333333333334,0.7133333333333334,0.6011857849752587
2017-08-02,3285.0568,-0.025093692301926387,1.9114799999999998,55.60386736593185,0.42963646799099514,4.354546578686858,54.309173785753735,0.8706666666666667,0.38133333333333336,0.6853333333333333,0.5272727272727272,0.5546666666666666,0.7026666666666667,0.6203232323232323
2017-08-03,3272.9286,-0.02539788251306644,1.9367,53.966596041828524,0.40384412507087786,3.9353225927232893,53.82874194815864,0.868,0.38666666666666666,0.68,0.49798387096774194,0.536,0.68,0.6081084229390682
2017-08-04,3262.0809,-0.025594686939953037,1.980735,46.08376347295456,0.4369309293259749,3.56296494086894,53.4014687956016,0.8613333333333333,0.404,0.6466666666666666,0.5311871227364185,0.524,0.6586666666666666,0.6043089649005141
2017-08-07,3279.4566,-0.024939740810871074,1.99434,39.73157830295739,0.4369309293259749,4.076607857016756,53.99299297655816,0.872,0.4106666666666667,0.6146666666666667,0.5321285140562249,0.5386666666666666,0.688,0.6093547523427042
2017-08-08,3281.8728,-0.02498001974793576,2.0222949999999997,39.19429875359293,0.4458290286389263,4.115283383679724,54.074970122784634,0.8706666666666667,0.42133333333333334,0.6106666666666667,0.5350701402805611,0.5413333333333333,0.692,0.6118450233800935
2017-08-09,3275.573,-0.02515584011243749,2.043235,38.459806534679615,0.4514818762406588,3.876377812762466,53.82211256469506,0.8666666666666667,0.43466666666666665,0.6066666666666667,0.54,0.5306666666666666,0.676,0.6091111111111113
2017-08-10,3261.7494,-0.025658972866999488,2.062745,41.82429736109037,0.43268613509445314,3.3975529505678503,53.26939367887287,0.856,0.43866666666666665,0.6293333333333333,0.5269461077844312,0.512,0.6466666666666666,0.601602129075183
2017-08-11,3208.5413,-0.026840635800367316,2.1082,22.90471772903652,0.3409796235110802,1.6802642052546224,51.221964491913845,0.8146666666666667,0.456,0.5293333333333333,0.3884462151394422,0.44533333333333336,0.5186666666666667,0.5254077025232403
2017-08-14,3237.3602,-0.02654610511209554,2.07339,29.979765014734795,0.3265447008601284,2.559890735592951,52.22764478761663,0.836,0.44133333333333336,0.5693333333333334,0.36779324055666,0.47733333333333333,0.58,0.54529887342611
2017-08-15,3251.2617,-0.02632507818111334,2.068915,31.702854994382932,0.3157834209327912,2.9652145032979194,52.703311908477566,0.8453333333333334,0.44,0.576,0.3333333333333333,0.496,0.6013333333333334,0.5486666666666667
2017-08-16,3246.4512,-0.02623626885107376,2.025345,49.75291047998385,0.31042538242031026,2.777748235832167,52.52031873404304,0.8466666666666667,0.4146666666666667,0.668,0.3326732673267327,0.48533333333333334,0.592,0.5565566556655666
2017-08-17,3268.4298,-0.02590774326792277,2.0118250000000004,44.80101044595381,0.29909438702956886,3.4389564881441625,53.269963329682,0.8533333333333334,0.4093333333333333,0.652,0.308300395256917,0.5133333333333333,0.6466666666666666,0.5638278436539306
2017-08-18,3268.7243,-0.02601262653054151,2.0045,48.68288924925764,0.2928232339020307,3.416458400812794,53.2799584635827,0.8493333333333334,0.404,0.668,0.28994082840236685,0.512,0.648,0.56187902695595
2017-08-21,3286.9055,-0.02546862316790143,1.98307,35.828348879645716,0.2928232339020307,3.9563993554396326,53.89559538901406,0.8626666666666667,0.39066666666666666,0.5946666666666667,0.29133858267716534,0.5333333333333333,0.6786666666666666,0.5585564304461942
2017-08-22,3290.2257,-0.025415953782231035,1.974165,38.600886831621125,0.2843905625362738,4.023562247607759,54.00751405590707,0.8626666666666667,0.38533333333333336,0.6146666666666667,0.26129666011787817,0.536,0.6893333333333334,0.5582161100196464
2017-08-23,3287.7049,-0.025481664530266138,1.9586650000000003,37.8956839619228,0.30303721673870915,3.9127151960269613,53.90704500856504,0.86,0.37466666666666665,0.6066666666666667,0.3254901960784314,0.532,0.68,0.5631372549019608
2017-08-24,3271.5117,-0.025782736224465107,1.9292350000000003,26.112892865580648,0.2983366480413247,3.381781678010398,53.26338920865261,0.8493333333333334,0.36666666666666664,0.5493333333333333,0.30528375733855184,0.5066666666666667,0.6426666666666667,0.5366584040008698
2017-08-25,3331.5221,-0.02445847107035775,1.93948,0.8613331481165574,0.2944557881832725,5.248681527915955,55.265098437779336,0.876,0.368,0.4053333333333333,0.296875,0.5906666666666667,0.7253333333333334,0.543701388888889
2017-08-28,3362.6514,-0.024133457484932105,1.94423,-2.538968028113004,0.2944557881832725,6.198145818873457,56.24805975998099,0.8786666666666667,0.36933333333333335,0.376,0.2982456140350877,0.632,0.7453333333333333,0.5499298245614036
2017-08-29,3365.2261,-0.02437845338821614,1.9359650000000002,3.7784704021303526,0.3005965009844953,6.244413973007723,56.3283198467534,0.8746666666666667,0.364,0.4266666666666667,0.321011673151751,0.6373333333333333,0.7466666666666667,0.5617241677475141
2017-08-30,3363.6266,-0.024692325019568223,1.9268699999999999,-3.2300153126270175,0.3140220738707199,6.1596591632542275,56.26348044248999,0.872,0.36133333333333334,0.37466666666666665,0.34563106796116505,0.628,0.744,0.5542718446601942
2017-08-31,3360.8103,-0.025497329394299544,1.92743,0.343089706870785,0.2979691399319234,6.033827193801322,56.14840125497648,0.852,0.3626666666666667,0.4053333333333333,0.30426356589147285,0.6226666666666667,0.7413333333333333,0.5480439276485788
2017-09-01,3367.1194,-0.02536472494053523,1.9307000000000003,1.7999997373542556,0.29612711114329887,6.195701039686874,56.35065145420265,0.8586666666666667,0.36666666666666664,0.41333333333333333,0.29980657640232106,0.6293333333333333,0.7466666666666667,0.5524122071781646
2017-09-04,3379.583,-0.025019774556216005,1.9471899999999998,3.3518311418722533,0.2851940103893463,6.549311854655615,56.74915002444471,0.864,0.376,0.42533333333333334,0.2606177606177606,0.6586666666666666,0.7506666666666667,0.5558807378807379
2017-09-05,3384.317,-0.024641396517986122,1.93153,-2.066899319524623,0.29120084994616896,6.656060910745487,56.900283499566044,0.872,0.368,0.38266666666666665,0.2832369942196532,0.6613333333333333,0.752,0.5532061657032755
2017-09-06,3385.3888,-0.024722387258801326,1.9282350000000001,-6.0230482001402095,0.3114537935510085,6.647479473935514,56.93473682364367,0.8693333333333333,0.36533333333333334,0.36,0.35,0.66,0.752,0.5594444444444444
2017-09-07,3365.4974,-0.02545701545236028,1.9192799999999999,-5.626295943676496,0.3208235183040597,5.98139598032752,56.09320399272501,0.8506666666666667,0.36133333333333334,0.36533333333333334,0.3742802303262956,0.612,0.7333333333333333,0.549491149498827
2017-09-08,3365.2426,-0.02561346729986009,1.8900499999999998,21.491531254832495,0.32082900957909044,5.934599811632579,56.082466387649156,0.8386666666666667,0.3426666666666667,0.536,0.37547892720306514,0.6053333333333333,0.732,0.5716909323116219
2017-09-11,3376.4188,-0.025307195153452366,1.9027100000000001,31.20185087395373,0.3123323321304158,6.247494713349,56.45221832699368,0.8546666666666667,0.352,0.5906666666666667,0.34990439770554493,0.6333333333333333,0.7426666666666667,0.5872062885064796
2017-09-12,3379.488,-0.025211626954965934,1.9429649999999998,39.341397499704215,0.29096214648601515,6.301768853509571,56.553798245528554,0.8546666666666667,0.37866666666666665,0.64,0.2767175572519084,0.6386666666666667,0.7426666666666667,0.5885640373197626
2017-09-13,3384.147,-0.024974878950217723,1.9504249999999999,35.886518711430654,0.283628235161437,6.4059051867978445,56.70880884028787,0.8626666666666667,0.38533333333333336,0.612,0.24761904761904763,0.6453333333333333,0.7466666666666667,0.5832698412698413
2017-09-14,3371.4256,-0.025642543843933885,1.9577699999999996,43.729981503661406,0.2906738790475294,5.966020307218178,56.15558961990906,0.8333333333333334,0.388,0.668,0.27756653992395436,0.608,0.732,0.584483312209548
2017-09-15,3353.6192,-0.025962050352225444,1.9701849999999996,33.832494469786866,0.2924106886657641,5.371525302365909,55.39073727844495,0.8266666666666667,0.396,0.6053333333333333,0.2903225806451613,0.5893333333333334,0.7213333333333334,0.5714982078853047
2017-09-18,3362.8587,-0.025606480712066802,1.971345,35.80406001119812,0.29197362390554055,5.625866137713986,55.70728685740986,0.8346666666666667,0.39866666666666667,0.612,0.2859848484848485,0.596,0.7226666666666667,0.5749974747474748
2017-09-19,3356.8446,-0.02573965579251572,1.9726849999999998,33.57213910072477,0.29132723823443324,5.402417368857537,55.448298882605386,0.8293333333333334,0.4026666666666667,0.6026666666666667,0.28544423440453687,0.592,0.7213333333333334,0.5722407057340895
2017-09-20,3365.9959,-0.025561341027684974,1.977495,25.624516794777406,0.2802817377110548,5.6516591078466405,55.76474572809862,0.8373333333333334,0.408,0.5613333333333334,0.24150943396226415,0.5986666666666667,0.7226666666666667,0.5615849056603773
2017-09-21,3357.8123,-0.025439768982495836,1.9918749999999998,30.052498743378692,0.292477752120646,5.350372132044012,55.408844345308275,0.8466666666666667,0.416,0.5866666666666667,0.295668549905838,0.5866666666666667,0.7186666666666667,0.5750558694287508
2017-09-26,3343.5826,-0.025710335417016415,1.900235,70.9590556440974,0.4154414795365744,4.774368280995556,54.77514351292992,0.8253333333333334,0.352,0.7826666666666666,0.5357142857142857,0.5666666666666667,0.708,0.6283968253968254
2017-09-27,3345.2717,-0.025680286895293607,1.8535600000000003,63.47144641067378,0.42992178862738856,4.784970200572514,54.83646314906127,0.8253333333333334,0.32,0.7586666666666667,0.551594746716698,0.5693333333333334,0.7093333333333334,0.6223769022305607
2017-09-28,3339.6421,-0.025871047180010473,1.81522,60.579452912316,0.4530544517486955,4.567523866592382,54.58701150585652,0.8186666666666667,0.304,0.7426666666666667,0.5711610486891385,0.5586666666666666,0.704,0.6165268414481897
2017-09-29,3348.9431,-0.02570233064059744,1.752835,56.87715962524808,0.4442610115864661,4.818493399544366,54.92955317221615,0.824,0.2773333333333333,0.732,0.5607476635514018,0.5733333333333334,0.7133333333333334,0.6134579439252336
2017-10-09,3374.3781,-0.024911860201848858,1.7175150000000001,50.753771272600034,0.45067908269262236,5.569581772586507,55.850456705778,0.8653333333333333,0.25066666666666665,0.7066666666666667,0.5671641791044776,0.6,0.728,0.6196384742951907
2017-10-10,3382.9879,-0.024760236213042297,1.69965,47.50385952085651,0.4684084785942125,5.785653110716793,56.15710133281459,0.868,0.24133333333333334,0.6906666666666667,0.5996275605214153,0.6066666666666667,0.7386666666666667,0.6241601489757914
2017-10-11,3388.2838,-0.024575728538772747,1.677645,44.43420172558098,0.4510388233235557,5.8995816004199675,56.34569860294007,0.872,0.22666666666666666,0.6773333333333333,0.5669144981412639,0.6133333333333333,0.744,0.6167079719124328
2017-12-01,3317.6174,-0.02570952846482947,1.5376800000000002,-60.74774459712282,0.4799022653830951,2.449350474055212,51.34334362995278,0.7706666666666667,0.18133333333333335,0.16133333333333333,0.6233766233766234,0.468,0.5253333333333333,0.455007215007215
2017-12-04,3309.6183,-0.025732139651277276,1.5346899999999999,-55.248094642691996,0.5006998784645463,2.1963161710542245,51.00782891152192,0.768,0.17866666666666667,0.16933333333333334,0.6592592592592592,0.45866666666666667,0.5026666666666667,0.45609876543209876
2017-12-05,3303.6751,-0.025816616840343927,1.54174,-43.20572570161417,0.5018273391515682,2.009437626494126,50.75861692288059,0.7626666666666667,0.18666666666666668,0.18933333333333333,0.6654343807763401,0.452,0.4706666666666667,0.45446128568494565
2017-12-06,3293.9648,-0.026035818128535775,1.52679,-47.73423611938955,0.5222356462140673,1.7082202756162346,50.352159556414534,0.752,0.172,0.18133333333333335,0.6881918819188192,0.44133333333333336,0.4266666666666667,0.4435875358753587
2017-12-07,3272.0542,-0.026330537928467068,1.514995,-56.36016503222143,0.5199301256339334,1.028935891573246,49.448647888283006,0.7426666666666667,0.16133333333333333,0.168,0.6869244935543278,0.41333333333333333,0.31866666666666665,0.4151540822590547
2017-12-08,3289.9924,-0.025836858782741987,1.4905300000000001,-64.6559749300857,0.5208951195186807,1.5807081273397916,50.1886300390913,0.7613333333333333,0.144,0.14933333333333335,0.6875,0.436,0.4053333333333333,0.4305833333333333
2017-12-11,3322.1956,-0.025036301063831472,1.4585050000000002,-77.39193936342,0.520122906585661,2.5650784194054976,51.478064446518395,0.812,0.13333333333333333,0.13066666666666665,0.6862385321100918,0.48133333333333334,0.544,0.46459531090723755
2017-12-12,3280.8136,-0.025793629492733054,1.42746,-93.73420064876527,0.520122906585661,1.2779868964989394,49.80277720935764,0.7613333333333333,0.10666666666666667,0.11733333333333333,0.6868131868131868,0.424,0.3546666666666667,0.4084688644688645
2017-12-13,3303.0373,-0.02540265258094509,1.402865,-93.83623462143765,0.4741447956008875,1.9510119586813701,50.67453463278966,0.796,0.088,0.11733333333333333,0.5978062157221207,0.456,0.4653333333333333,0.42007881373146455
2017-12-14,3292.4385,-0.02578261074425836,1.3871850000000001,-101.16526236205169,0.49223936298081283,1.6150644544026482,50.25363717931947,0.7613333333333333,0.06533333333333333,0.104,0.6459854014598541,0.44133333333333336,0.41733333333333333,0.4058864557988646
2017-12-15,3266.1371,-0.026472571059400436,1.33628,-113.43349839572085,0.5090903277889505,0.7970022906016894,49.22758434124515,0.732,0.012,0.1,0.6739526411657559,0.4066666666666667,0.30133333333333334,0.37099210686095935
2017-12-18,3267.9224,-0.02635183630230533,1.31224,-110.52033377357719,0.49199175044357846,0.8477367372795364,49.29864130811628,0.7346666666666667,0.0013333333333333333,0.10266666666666667,0.64,0.4093333333333333,0.30666666666666664,0.36577777777777776
2017-12-19,3296.5384,-0.025592813653404864,1.27728,-121.1736174395133,0.4940520384471832,1.7127978808913147,50.42326438448342,0.78,0.0013333333333333333,0.09066666666666667,0.647912885662432,0.45066666666666666,0.44533333333333336,0.4026521476104053
2017-12-20,3287.6057,-0.02572285253366327,1.24485,-117.86713929297323,0.4563157431038893,1.4205908041421411,50.072662375073364,0.764,0.0013333333333333333,0.092,0.5652173913043478,0.432,0.3893333333333333,0.37398067632850235
2017-12-21,3300.0593,-0.02549531442008693,1.210725,-84.55413191048612,0.4545102494787187,1.7847398890478816,50.55733664647587,0.7866666666666666,0.0013333333333333333,0.132,0.5587703435804702,0.456,0.46,0.39912839059674504
2017-12-22,3297.063,-0.025794036541760025,1.194125,-86.44641042672075,0.4448216301059565,1.6698231051815338,50.43820857912947,0.7533333333333333,0.0013333333333333333,0.132,0.5433212996389891,0.448,0.448,0.3876646610509426
2017-12-25,3280.461,-0.02601990339025599,1.1824249999999998,-75.72621640692111,0.46703891384385393,1.1382303471883848,49.78097323589798,0.74,0.0013333333333333333,0.14533333333333334,0.5873873873873874,0.42,0.35333333333333333,0.37456456456456455
2017-12-26,3306.1246,-0.02532074725080624,1.18187,-80.99833406746674,0.4676497046823342,1.9058203776199267,50.78346759886735,0.7986666666666666,0.0013333333333333333,0.13866666666666666,0.5881294964028777,0.4653333333333333,0.492,0.4140215827338129
2017-12-27,3275.7828,-0.0258507138473967,1.1695,-94.0300908897479,0.434034708874551,0.9490639966459824,49.59969330476594,0.748,0.0013333333333333333,0.12266666666666666,0.533213644524237,0.4146666666666667,0.3333333333333333,0.3588689407540395
2017-12-28,3296.3847,-0.025495963277527303,1.174795,-89.5264608182039,0.41070228267262676,1.5640477485750814,50.393659800988814,0.784,0.0026666666666666666,0.13066666666666665,0.5089605734767025,0.44133333333333336,0.44533333333333336,0.38549342891278376
2017-12-29,3307.1721,-0.025150840290823866,1.1754,-98.2043041420512,0.47327233473657526,1.8753708544144043,50.80401568250972,0.8053333333333333,0.004,0.112,0.5974955277280859,0.468,0.496,0.4138048101769032
2018-01-02,3348.3259,-0.024085075547955526,1.1980650000000002,-115.46381411374452,0.47334793618136595,3.1128275429495478,52.32545859658388,0.856,0.009333333333333334,0.09733333333333333,0.5982142857142857,0.5293333333333333,0.612,0.4503690476190476
2018-01-03,3369.1084,-0.023609484954343743,1.199735,-121.62384355903768,0.47422289052348465,3.7213324630963607,53.0666794657669,0.8733333333333333,0.010666666666666666,0.09066666666666667,0.6007130124777184,0.5653333333333334,0.6586666666666666,0.4665632798573975
2018-01-04,3385.7102,-0.02323534331618738,1.2226599999999999,-121.30732650335423,0.45372203942387707,4.197656504987779,53.6488252426912,0.8813333333333333,0.013333333333333334,0.092,0.5561497326203209,0.584,0.7053333333333334,0.47202495543672013
2018-01-05,3391.7501,-0.023215820273776805,1.25655,-103.67599206377974,0.45372203942387707,4.346349660305449,53.85937802637399,0.8826666666666667,0.016,0.112,0.5579322638146168,0.5906666666666667,0.7173333333333334,0.47943315508021395
2018-01-08,3409.4795,-0.02305199456950431,1.29953,-94.42932661440076,0.4756757964965857,4.851354781500672,54.473258197069484,0.8893333333333333,0.018666666666666668,0.12933333333333333,0.6060606060606061,0.6186666666666667,0.7413333333333333,0.5005656565656565
2018-01-09,3413.8996,-0.023176578455917772,1.3243449999999999,-70.62426368217479,0.47744329034445876,4.947231634258031,54.62545411753718,0.8853333333333333,0.025333333333333333,0.16266666666666665,0.6185383244206774,0.624,0.7493333333333333,0.5108674985145574
2018-01-10,3421.8343,-0.02265339545530278,1.3596300000000001,-36.92622475680676,0.43827884846986387,5.154184192133537,54.899152395056085,0.892,0.056,0.24,0.5365418894830659,0.6386666666666667,0.7586666666666667,0.5203125371360665
2018-01-11,3425.3449,-0.022203359466759845,1.38547,-17.66236504417006,0.42702474827746645,5.227588552519924,55.0205408382889,0.8946666666666667,0.084,0.3333333333333333,0.5222816399286988,0.644,0.7626666666666667,0.5401580510992275
2018-01-12,3428.9407,-0.022333529739979333,1.4075099999999998,-11.729611946065262,0.4315528047161,5.303952152954139,55.14558531519053,0.8933333333333333,0.12266666666666666,0.376,0.5302491103202847,0.6506666666666666,0.7653333333333333,0.5563748517200474
2018-01-15,3410.4882,-0.022282928045118958,1.44965,3.977362906505391,0.39195951377059596,4.704321225316255,54.36133876435497,0.8933333333333333,0.15866666666666668,0.47733333333333333,0.48398576512455516,0.6106666666666667,0.74,0.5606642941874259
2018-01-16,3436.594,-0.021856619391411744,1.487505,-4.3842814426538155,0.3705640805154604,5.471417530597389,55.27138121103033,0.896,0.176,0.4186666666666667,0.4483985765124555,0.6693333333333333,0.7706666666666667,0.5631775405298537
2018-01-17,3444.6713,-0.021650861153072493,1.5486650000000002,20.092863978735437,0.37858113609244587,5.6825992918907,55.548709921595204,0.896,0.22933333333333333,0.5706666666666667,0.4626334519572954,0.6813333333333333,0.784,0.6039944642151047
2018-01-18,3474.754,-0.020707484854779697,1.58286,14.62654645599423,0.369951411663304,6.561336199093426,56.56302303362354,0.9053333333333333,0.25733333333333336,0.54,0.44661921708185054,0.7573333333333333,0.8253333333333334,0.621992091735864
2018-01-19,3487.864,-0.02048260902524284,1.629925,19.058997277732942,0.41122254990596807,6.915045206325932,56.995477297606236,0.908,0.29733333333333334,0.5613333333333334,0.5142348754448398,0.7746666666666666,0.8346666666666667,0.6483724792408067
2018-01-22,3501.3622,-0.020547798510079228,1.6704599999999998,14.977532371698175,0.40990674486746903,7.277696448970228,57.43668361292795,0.904,0.32,0.54,0.5088967971530249,0.7813333333333333,0.84,0.6490383550810597
2018-01-23,3546.5048,-0.01962449616511261,1.7122049999999998,8.93356034017927,0.5436406056096582,8.601841237037844,58.863976522491534,0.9146666666666666,0.3466666666666667,0.5013333333333333,0.7277580071174378,0.7906666666666666,0.8493333333333334,0.6884041122973508
2018-01-24,3559.4653,-0.01943302212409269,1.7599699999999998,26.62793994752434,0.5578502959178802,8.938581384419674,59.260601401845705,0.9186666666666666,0.38533333333333336,0.616,0.7419928825622776,0.792,0.8573333333333333,0.7185543693159352
2018-01-25,3548.307,-0.019766726114780656,1.79619,45.59968002812582,0.5744423086447727,8.539238179620966,58.76728894504932,0.9106666666666666,0.4026666666666667,0.72,0.7526690391459074,0.7906666666666666,0.8493333333333334,0.7376670620798734
2018-01-26,3558.1288,-0.019629962977365877,1.817595,54.19699812181952,0.5725212350425106,8.778874517781055,59.0705644528193,0.912,0.41333333333333333,0.7613333333333333,0.7473309608540926,0.7933333333333333,0.856,0.7472218268090155
2018-01-29,3523.0007,-0.020231725764506554,1.8566100000000003,49.525257063967615,0.5817965387794707,7.652300576734561,57.53989783388901,0.9053333333333333,0.42933333333333334,0.736,0.7526690391459074,0.7893333333333333,0.8413333333333334,0.7423337287465402
2018-01-30,3488.009,-0.020956951192635777,1.8490950000000002,58.12914782784051,0.5590859626332252,6.5373223603026664,56.076201573648525,0.892,0.4266666666666667,0.7733333333333333,0.7384341637010676,0.7546666666666667,0.8013333333333333,0.7310723606168446
2018-01-31,3480.8334,-0.021047663990169593,1.8457549999999998,62.16444809270209,0.5836065439865683,6.274229052153069,55.781948344415426,0.8893333333333333,0.42533333333333334,0.7853333333333333,0.7544483985765125,0.736,0.792,0.7304080664294187
2018-02-01,3446.9799,-0.02152867820230217,1.86768,60.85057968834303,0.6471126586785138,5.202426301679641,54.419576485667555,0.8826666666666667,0.44266666666666665,0.78,0.7975133214920072,0.6453333333333333,0.7426666666666667,0.7151411091375568
2018-02-02,3462.0808,-0.021262401142972454,1.86502,55.33423264101921,0.6323707268487859,5.624248497655282,54.91625313941035,0.8866666666666667,0.43866666666666665,0.7586666666666667,0.7943262411347518,0.6786666666666666,0.7626666666666667,0.7199432624113475
2018-02-05,3487.497,-0.02060800460607573,1.856855,53.83543801544991,0.6320487838855585,6.354588873985012,55.73716198819631,0.896,0.43466666666666665,0.7533333333333333,0.7929203539823009,0.748,0.792,0.7361533923303835
2018-02-06,3370.652,-0.022979695991267153,1.8939799999999998,18.766849166930797,0.6321944193982546,2.764503147842623,51.38723284394998,0.864,0.464,0.556,0.7932862190812721,0.512,0.556,0.6242143698468787
2018-02-07,3309.2598,-0.02448037500091879,1.915305,-0.534747788373636,0.6224790687339135,0.8735646963142552,49.34124521588252,0.8013333333333333,0.4826666666666667,0.44,0.7883597883597884,0.4106666666666667,0.31466666666666665,0.539615520282187
2018-02-08,3262.0504,-0.02548742288354812,1.925845,-25.050794774509484,0.6593015768220295,-0.5770070483614886,47.859466304482716,0.748,0.4866666666666667,0.2813333333333333,0.7992957746478874,0.3453333333333333,0.19866666666666666,0.47654929577464794
2018-02-09,3129.8508,-0.028185965652648554,1.9597749999999998,-72.99402725899904,0.6729788060375632,-4.600073995148968,44.10844751720325,0.5773333333333334,0.5146666666666667,0.16,0.7996485061511424,0.24933333333333332,0.013333333333333334,0.38571919546963485
2018-02-12,3154.1254,-0.027877135948647026,1.925815,-81.27012784249683,0.6860773043311202,-3.8551775285203815,44.910175825214026,0.5893333333333334,0.4866666666666667,0.14933333333333335,0.8,0.268,0.029333333333333333,0.387111111111111
2018-02-13,3184.9587,-0.02729178878720595,1.89969,-87.90112623083542,0.7024517559312288,-2.9115353263688193,45.90682868613749,0.6213333333333333,0.4706666666666667,0.13866666666666666,0.8021015761821366,0.2906666666666667,0.06533333333333333,0.3981280404748005
2018-02-14,3199.1589,-0.02706800144388699,1.8314949999999999,-100.51377966579031,0.7024517559312288,-2.4764326168748685,46.35878668758873,0.6306666666666667,0.42133333333333334,0.11466666666666667,0.8024475524475524,0.30133333333333334,0.10533333333333333,0.39596348096348094
2018-02-22,3268.5589,-0.02556412805839047,1.7967399999999998,-133.73606677011315,0.7027568856467884,-0.3675856703717284,48.485940635971644,0.7373333333333333,0.404,0.08533333333333333,0.8027923211169284,0.36,0.24,0.43824316463059915
2018-02-23,3289.0241,-0.02521087267997406,1.7534800000000001,-154.51777698540752,0.6972623674749933,0.24897455374277566,49.08798656999599,0.764,0.38,0.072,0.7961672473867596,0.39466666666666667,0.2946666666666667,0.4502500967866822
2018-02-26,3329.5737,-0.024817115059262818,1.740895,-166.83162266574487,0.6972623674749933,1.4691475782830477,50.25290276287343,0.7906666666666666,0.37733333333333335,0.06533333333333333,0.7965217391304348,0.4493333333333333,0.43466666666666665,0.48564251207729464
2018-02-27,3292.0679,-0.02589622168310829,1.713385,-169.97795076629131,0.6976051706803723,0.31978180975988924,49.19996295013244,0.7013333333333334,0.34933333333333333,0.064,0.7986111111111112,0.39866666666666667,0.308,0.4366574074074074
2018-02-28,3259.408,-0.026032740653190223,1.6707249999999998,-185.8177136089716,0.7366532004429629,-0.676205617417236,48.30863791156178,0.6906666666666667,0.32133333333333336,0.05466666666666667,0.8076256499133448,0.348,0.23333333333333334,0.40927094165222416
2018-03-01,3273.7549,-0.025805555358880017,1.635325,-189.25956886686765,0.7030551416598324,-0.24053759577994382,48.72130894453575,0.7066666666666667,0.30266666666666664,0.05333333333333334,0.8027681660899654,0.372,0.2653333333333333,0.41712802768166085
2018-03-02,3254.5283,-0.02606148234651791,1.6052,-200.2334872534766,0.6925021506107576,-0.826801143606537,48.199839906665865,0.6866666666666666,0.2773333333333333,0.050666666666666665,0.7889273356401384,0.3426666666666667,0.224,0.39504344482891196
2018-03-05,3256.9263,-0.025908661153202325,1.5658549999999998,-184.47015082251988,0.6928640852688663,-0.754151015912008,48.26967183002078,0.6973333333333334,0.248,0.058666666666666666,0.7906574394463668,0.3466666666666667,0.22933333333333333,0.39510957324106116
2018-03-06,3289.6419,-0.025523323541057498,1.5690149999999998,-179.46121995056347,0.6850100434051569,0.235316202803304,49.214218145724125,0.74,0.24933333333333332,0.064,0.78719723183391,0.4,0.31733333333333336,0.42631064975009614
2018-03-07,3271.6683,-0.02581789744626098,1.55122,-185.86402678417295,0.7113762870498611,-0.3159759642881954,48.72000078519436,0.7026666666666667,0.23466666666666666,0.05733333333333333,0.8062283737024222,0.368,0.268,0.4061491733948482
2018-03-08,3288.4055,-0.025551775257449408,1.5038,-181.6894550091593,0.6907216444384463,0.1889235765926367,49.20038427220058,0.7373333333333333,0.19333333333333333,0.06266666666666666,0.7906574394463668,0.4,0.316,0.4166651287966166
2018-03-09,3307.1656,-0.025129923099897387,1.486075,-188.66995405857682,0.676253888748145,0.7510223710017527,49.73411017623633,0.768,0.17466666666666666,0.056,0.78719723183391,0.424,0.368,0.4296439830834294
2018-03-12,3326.6992,-0.024858834887616116,1.4799849999999999,-187.56968613024873,0.6784623865863534,1.3327191163633456,50.284097683015275,0.7866666666666666,0.17466666666666666,0.05733333333333333,0.7889273356401384,0.4533333333333333,0.452,0.452154555940023
2018-03-13,3310.2389,-0.02515829461103431,1.435425,-152.60614768579882,0.6050752666182836,0.8219492161015696,49.81959566324941,0.7626666666666667,0.14533333333333334,0.08933333333333333,0.7664359861591695,0.42933333333333334,0.38666666666666666,0.42996155324875057
2018-03-14,3291.3819,-0.025479049577855406,1.39134,-145.00976760217088,0.5768362097867062,0.24162902139512887,49.29209671879325,0.744,0.1,0.09333333333333334,0.7301038062283737,0.404,0.32666666666666666,0.39968396770472897
2018-03-15,3291.112,-0.025635454461112567,1.369595,-120.85232416812528,0.5350474194520786,0.2272493770092643,49.284543798116694,0.7173333333333334,0.06933333333333333,0.11066666666666666,0.6885813148788927,0.4026666666666667,0.32666666666666666,0.38587466359092665
2018-03-16,3269.8821,-0.026237916621428638,1.321405,-62.7318336912918,0.529301075888192,-0.4257295097132685,48.69109299504504,0.668,0.025333333333333333,0.18933333333333333,0.6851211072664359,0.36133333333333334,0.2653333333333333,0.36574240676662817
2018-03-19,3279.2517,-0.02603680127310734,1.315175,-53.905142274851244,0.5205036167329733,-0.14849413145882062,48.965354395492895,0.6746666666666666,0.02266666666666667,0.208,0.6764705882352942,0.384,0.2906666666666667,0.376078431372549
2018-03-20,3290.6399,-0.02602812256731058,1.3106,-33.03630813569583,0.5409067980794908,0.19172784912317997,49.29845822811097,0.6773333333333333,0.02,0.252,0.7024221453287197,0.404,0.332,0.3979592464436755
2018-03-21,3280.9521,-0.026923193763252903,1.33907,-27.95855743173132,0.5449120406629654,-0.1083052830670117,49.02320097407079,0.6146666666666667,0.04,0.272,0.7076124567474048,0.3893333333333333,0.296,0.3866020761245675
2018-03-22,3263.4803,-0.02744241822535215,1.34391,28.683311258708443,0.5141792343958104,-0.6428789964583181,48.5290358553153,0.5813333333333334,0.044,0.6213333333333333,0.6678200692041523,0.3546666666666667,0.24933333333333332,0.4197477893118031
2018-03-23,3152.7608,-0.030279790581402385,1.39765,6.133083201838872,0.5294857485234037,-4.00016801860289,45.58443797310327,0.4493333333333333,0.11733333333333333,0.484,0.6903114186851211,0.26666666666666666,0.048,0.34260745866974246
2018-03-26,3133.7218,-0.03069384357735943,1.396305,24.710688651207136,0.5369590420199997,-4.567838660185508,45.10849470568015,0.42,0.11466666666666667,0.6,0.7006920415224913,0.25333333333333335,0.03333333333333333,0.35367089580930405
2018-03-27,3166.6488,-0.030009799886993947,1.402035,32.10931860699907,0.5231910324338497,-3.5552156890944264,46.092835767954234,0.4693333333333333,0.12666666666666668,0.6386666666666667,0.6833910034602076,0.28,0.08933333333333333,0.3812318339100346
2018-03-28,3122.2895,-0.031289472212255066,1.40687,29.784310302411882,0.5509389140275636,-4.890098219525041,44.993636129578434,0.392,0.13333333333333333,0.6253333333333333,0.7231833910034602,0.24266666666666667,0.03333333333333333,0.3583083429450211
2018-03-29,3160.5306,-0.030296055400558644,1.4117549999999999,14.59202114329861,0.5012033467549547,-3.7152778318230495,46.113894355973464,0.44666666666666666,0.14,0.528,0.6487889273356401,0.276,0.092,0.3552425990003845
2018-03-30,3168.8966,-0.03052916782522337,1.41355,21.49288419243834,0.4843564973071935,-3.4510384268421013,46.35559046591205,0.4266666666666667,0.14266666666666666,0.572,0.6245674740484429,0.2853333333333333,0.112,0.3605390234525183
2018-04-02,3163.179,-0.030973748986924107,1.428635,17.748557266815226,0.49103664935761643,-3.6127576432079866,46.21233895078288,0.39866666666666667,0.15466666666666667,0.548,0.6349480968858131,0.28,0.10266666666666667,0.35315801614763553
2018-04-03,3136.6332,-0.03140623975481954,1.411305,16.28045241030702,0.4605647671738975,-4.4064670720255545,45.55144193992488,0.38666666666666666,0.14,0.54,0.5751295336787565,0.26266666666666666,0.050666666666666665,0.32585492227979274
2018-04-04,3131.1114,-0.03193281695149556,1.4037000000000002,23.362701914251204,0.46040649013513824,-4.5605768627107075,45.41482302839567,0.372,0.12933333333333333,0.588,0.5741379310344827,0.256,0.04666666666666667,0.3276896551724138
2018-04-09,3138.2936,-0.031826251936507365,1.400255,30.212360634981906,0.45866362931168064,-4.32963930978757,45.629310956244126,0.37333333333333335,0.12266666666666666,0.6346666666666667,0.5679862306368331,0.2693333333333333,0.05466666666666667,0.33710881621725
2018-04-10,3190.3216,-0.030413591450151073,1.401115,16.296542683380892,0.4484433431264273,-2.741212456413389,47.15056116522245,0.432,0.12666666666666668,0.5413333333333333,0.5412371134020618,0.312,0.16666666666666666,0.35331729667812145
2018-04-11,3208.0818,-0.030093495893478428,1.389365,16.388912639575835,0.4484433431264273,-2.1980613162134066,47.65611221161833,0.4613333333333333,0.104,0.5426666666666666,0.5420240137221269,0.32266666666666666,0.208,0.36344844673146565
2018-04-12,3180.1583,-0.03084517038896953,1.3780649999999999,12.026992453291768,0.4356842893670774,-3.0386813462405793,46.942171232906766,0.4053333333333333,0.08666666666666667,0.5146666666666667,0.5256849315068494,0.2986666666666667,0.14933333333333335,0.33005859969558604
2018-04-13,3159.0521,-0.031328098327202195,1.36597,12.512344488164501,0.44989983635771386,-3.6678704971861875,46.41073054176613,0.388,0.07066666666666667,0.52,0.5435897435897435,0.2813333333333333,0.124,0.3212649572649573
2018-04-16,3110.6489,-0.03310841683117707,1.3684100000000001,-14.610646274097121,0.4609325526167765,-5.123513534700319,45.22340071892312,0.3466666666666667,0.076,0.3466666666666667,0.5802047781569966,0.23866666666666667,0.03866666666666667,0.27114524080394387
2018-04-17,3066.7967,-0.03415188847762055,1.37107,-21.5372275045857,0.4663413610776122,-6.437903654448796,44.18772352180485,0.3373333333333333,0.08133333333333333,0.32,0.5877342419080068,0.20533333333333334,0.014666666666666666,0.25773348476244556
2018-04-18,3091.3987,-0.035136838158625436,1.3799949999999999,-29.45230841192756,0.4654675877770885,-5.664599878186927,44.90356397058913,0.31866666666666665,0.09333333333333334,0.264,0.5867346938775511,0.22,0.030666666666666665,0.2522335600907029
2018-04-19,3117.376,-0.03456709615573247,1.388495,-38.11559109529992,0.4844740825367232,-4.85372092028652,45.64791671045485,0.3333333333333333,0.108,0.23866666666666667,0.633276740237691,0.248,0.06266666666666666,0.2706572344840596
2018-04-20,3071.5425,-0.035504357638256746,1.382855,-58.76832696880581,0.45651765507464587,-6.229215836052237,44.57349810915594,0.31066666666666665,0.096,0.20266666666666666,0.5644067796610169,0.20933333333333334,0.024,0.23451224105461396
2018-04-23,3068.012,-0.0348652810272523,1.374835,-52.199066133504914,0.5097556904895164,-6.316628262572621,44.49192641861873,0.33066666666666666,0.08666666666666667,0.212,0.6751269035532995,0.20933333333333334,0.02266666666666667,0.2560767061477721
2018-04-24,3128.9271,-0.033716023715331445,1.327735,-30.366297592132298,0.5098565370519276,-4.445671155665654,46.209477858033175,0.344,0.03333333333333333,0.2653333333333333,0.676818950930626,0.272,0.11466666666666667,0.2843587140439932
2018-04-25,3117.9739,-0.03374221175337335,1.30315,-26.084476446693884,0.507932020507388,-4.771011421765081,45.95094449301096,0.344,0.02,0.2866666666666667,0.6683587140439933,0.25333333333333335,0.092,0.27739311900733227
2018-04-26,3075.0301,-0.03480910638325023,1.28031,-38.59752434881841,0.510385831373052,-6.071622000684029,44.95378695355078,0.332,0.018666666666666668,0.24133333333333334,0.6790540540540541,0.21333333333333335,0.037333333333333336,0.25362012012012014
2018-04-27,3082.2316,-0.035293361452145254,1.2668599999999999,-11.35189632876427,0.5313463742338479,-5.841309527443728,45.15561267813819,0.31866666666666665,0.017333333333333333,0.388,0.7082630691399663,0.21733333333333332,0.042666666666666665,0.28204384485666106
2018-05-02,3081.1773,-0.035667207649371355,1.25117,15.190352121412502,0.5835358691102266,-5.8629373292697355,45.13111534069539,0.308,0.016,0.5506666666666666,0.765993265993266,0.21733333333333332,0.042666666666666665,0.3167766554433221
2018-05-03,3100.8586,-0.035437683175681176,1.24434,7.879716626647848,0.5852890202332252,-5.258308485137142,45.687340072702526,0.31466666666666665,0.014666666666666666,0.504,0.7714285714285715,0.244,0.072,0.32012698412698415
2018-05-04,3091.0334,-0.035850857843599725,1.2190699999999999,-1.0133818015831366,0.5873209656175569,-5.553476519389832,45.454722086813334,0.304,0.013333333333333334,0.44666666666666666,0.7734899328859061,0.23066666666666666,0.06,0.3046927665920955
2018-05-07,3136.6448,-0.03463865047950392,1.212995,-13.856005797588352,0.5873209656175569,-4.159327980159578,46.728022103194455,0.3426666666666667,0.013333333333333334,0.37066666666666664,0.7738693467336684,0.2906666666666667,0.156,0.3245337800111669
2018-05-08,3161.4976,-0.03358743120529969,1.2125249999999999,-24.693255667915935,0.5404035423170709,-3.4010460495177752,47.40453535314217,0.356,0.013333333333333334,0.30133333333333334,0.7157190635451505,0.31333333333333335,0.208,0.3179531772575251
2018-05-09,3159.1502,-0.03346427939569793,1.204885,-25.36950250433,0.5184311568945945,-3.4733003236271154,47.34710583126898,0.36,0.012,0.296,0.679465776293823,0.31066666666666665,0.20266666666666666,0.3101331849378594
2018-05-10,3174.4127,-0.03330022641248115,1.189595,2.028111533079368,0.5296069976408684,-3.0105993380416085,47.763191750440015,0.36533333333333334,0.008,0.4746666666666667,0.7016666666666667,0.324,0.23866666666666667,0.35205555555555557
2018-05-11,3163.2632,-0.03348453981699198,1.17019,3.346722930334465,0.5174026084775413,-3.3545529428881227,47.485982056875024,0.3586666666666667,0.0026666666666666666,0.4786666666666667,0.6783333333333333,0.316,0.216,0.34172222222222226
2018-05-14,3174.032,-0.03316366621892838,1.1618,2.769776656815907,0.5183279268926592,-3.0310695576096447,47.781987591508894,0.36933333333333335,0.0013333333333333333,0.47733333333333333,0.68,0.324,0.24266666666666667,0.34911111111111115
2018-05-15,3192.1183,-0.03258303233003869,1.1602350000000001,1.1126259714139906,0.5016370894398083,-2.489135180931057,48.27714354636009,0.38,0.0013333333333333333,0.468,0.65,0.344,0.27466666666666667,0.353
2018-05-16,3169.5652,-0.033228702027893756,1.149975,16.78296044988707,0.5175429196254071,-3.1888324276202917,47.70670338452782,0.368,0.0013333333333333333,0.5733333333333334,0.6816666666666666,0.32133333333333336,0.23733333333333334,0.3638333333333334
2018-05-17,3154.2825,-0.033528910202479154,1.135695,19.3001661537092,0.5589015331024008,-3.6643080271381634,47.32353291347173,0.35733333333333334,0.0013333333333333333,0.5946666666666667,0.7516666666666667,0.30266666666666664,0.20133333333333334,0.3681666666666667
2018-05-18,3193.3034,-0.032625795531978675,1.1258000000000001,7.034497466345158,0.5487649076398033,-2.489300540040429,48.39373248300578,0.38266666666666665,0.0013333333333333333,0.508,0.7383333333333333,0.3466666666666667,0.288,0.37749999999999995
2018-05-21,3213.8404,-0.032417305704670135,1.12709,8.40135382805812,0.5687148527359537,-1.8804403178012685,48.9457743921191,0.388,0.0026666666666666666,0.5186666666666667,0.76,0.364,0.3413333333333333,0.3957777777777778
2018-05-22,3214.3497,-0.032658709615370485,1.12209,41.33692886210906,0.5744452805405853,-1.8805686708810665,48.9594666156273,0.38266666666666665,0.0013333333333333333,0.7293333333333333,0.77,0.364,0.3426666666666667,0.43166666666666664
2018-05-23,3168.9642,-0.033960599953592754,1.13272,-1.6152266649413036,0.5760451412670339,-3.275279762815808,47.804142678629866,0.352,0.005333333333333333,0.4493333333333333,0.7716666666666666,0.32,0.24666666666666667,0.3575
2018-05-24,3154.6506,-0.0342093538889427,1.11646,33.238984147857025,0.6078311071847291,-3.717066979240491,47.44706663310543,0.34933333333333333,0.0013333333333333333,0.6893333333333334,0.8183333333333334,0.2986666666666667,0.216,0.3955
2018-05-25,3141.3032,-0.034821647070206414,1.11669,25.99076732099985,0.6041253835586855,-4.128756719798532,47.11520536144258,0.3373333333333333,0.0026666666666666666,0.648,0.8166666666666667,0.292,0.18666666666666668,0.38055555555555554
2018-05-28,3135.0821,-0.034976750033367414,1.113855,54.926845976657034,0.631979402885816,-4.3238714020357065,46.96039431381316,0.332,0.0013333333333333333,0.8066666666666666,0.83,0.288,0.17066666666666666,0.40477777777777774
2018-05-29,3120.4605,-0.03548987243291551,1.1153650000000002,43.53322054831443,0.6245716725040223,-4.773559484729062,46.59650074178425,0.31466666666666665,0.0026666666666666666,0.7453333333333333,0.8283333333333334,0.26,0.148,0.38316666666666666
2018-05-30,3041.4434,-0.03736682069543144,1.1235950000000001,-3.373131066773624,0.682521726204417,-7.18102924196794,44.70344947334819,0.24266666666666667,0.008,0.43466666666666665,0.8483333333333334,0.19333333333333333,0.030666666666666665,0.29294444444444445
2018-05-31,3095.4737,-0.03597373396363354,1.123275,-22.413749097492484,0.7035722049645254,-5.535995084114765,46.2143784798219,0.304,0.008,0.32266666666666666,0.87,0.23333333333333334,0.12666666666666668,0.31077777777777776
2018-06-01,3075.1372,-0.036353248702888,1.127415,-25.594647884468884,0.6980355071509313,-6.157867413975571,45.738691689591825,0.2826666666666667,0.013333333333333334,0.29333333333333333,0.8633333333333333,0.21466666666666667,0.08,0.2912222222222222
2018-06-04,3091.1909,-0.035579049431653346,1.116785,-2.913689116773128,0.6779246283941431,-5.6660500934106235,46.18090498917815,0.316,0.006666666666666667,0.44266666666666665,0.8466666666666667,0.228,0.12266666666666666,0.32711111111111113
2018-06-05,3114.2055,-0.03503328810738187,1.104475,-1.7184945159469862,0.6778367285699479,-4.964194033999303,46.809336191579774,0.3373333333333333,0.0013333333333333333,0.45466666666666666,0.8466666666666667,0.25866666666666666,0.168,0.3444444444444445
2018-06-06,3115.1803,-0.03506101292663307,1.10306,-4.787230634953687,0.6208880855986935,-4.934214389921632,46.83592532608787,0.3373333333333333,0.0013333333333333333,0.43066666666666664,0.8266666666666667,0.26,0.17333333333333334,0.33822222222222226
2018-06-07,3109.4988,-0.035046363438206204,1.1003500000000002,1.478358903095625,0.6508027443597482,-5.108392827481689,46.69834059717911,0.33866666666666667,0.0013333333333333333,0.4786666666666667,0.8433333333333334,0.25733333333333336,0.16133333333333333,0.3467777777777778
2018-06-08,3067.1478,-0.036329321667604234,1.10145,-20.166964223591037,0.6104410107958412,-6.3964184656263745,45.68668215786971,0.2853333333333333,0.0026666666666666666,0.33866666666666667,0.8216666666666667,0.208,0.07466666666666667,0.2885
2018-06-11,3052.7831,-0.036547222063013994,1.0923399999999999,-25.28329449783257,0.5746286176380361,-6.830380889849009,45.34971127132815,0.27066666666666667,0.0013333333333333333,0.2986666666666667,0.7716666666666666,0.19866666666666666,0.05466666666666667,0.26594444444444443
2018-06-12,3079.8018,-0.035556723841664514,1.086955,-32.07710618006638,0.5606266759501222,-6.003220164327782,46.10578698256065,0.32,0.0013333333333333333,0.264,0.7566666666666667,0.22133333333333333,0.11733333333333333,0.28011111111111114
2018-06-13,3049.7965,-0.036432895226395624,1.0791799999999998,-32.74571056480346,0.5143850209122746,-6.908705581338392,45.400414248192945,0.2773333333333333,0.0013333333333333333,0.25866666666666666,0.6783333333333333,0.19866666666666666,0.06,0.24572222222222226
2018-06-14,3044.1597,-0.03688470714932566,1.077745,-27.320189478044597,0.5136156879576782,-7.068715009658644,45.26884638797365,0.26,0.0013333333333333333,0.2853333333333333,0.675,0.19466666666666665,0.052,0.2447222222222222
2018-06-15,3021.9008,-0.03746790509937691,1.07941,-8.350860286664897,0.5104625183669698,-7.7328495227554805,44.75098188894651,0.24266666666666667,0.004,0.42133333333333334,0.6733333333333333,0.188,0.03333333333333333,0.2604444444444445
2018-06-19,2907.8221,-0.04047386856204886,1.104795,-48.12008606725823,0.5104625183669698,-11.190824325302263,42.24626633173099,0.14266666666666666,0.013333333333333334,0.21866666666666668,0.675,0.16133333333333333,0.0013333333333333333,0.20205555555555557
2018-06-20,2915.7314,-0.03997601419849166,1.103355,-55.958503389643454,0.49491734958087386,-10.923361922704157,42.47201282434871,0.156,0.012,0.20533333333333334,0.64,0.164,0.0026666666666666666,0.19666666666666666
2018-06-21,2875.8099,-0.04128445063825862,1.10012,-53.93268458500347,0.49000143575688315,-12.115606657659228,41.64123320576696,0.12266666666666666,0.008,0.21066666666666667,0.63,0.156,0.0013333333333333333,0.18811111111111112
2018-06-22,2889.7603,-0.04111194397339907,1.099315,-71.86335218491246,0.4760306921850985,-11.663073977129368,42.04185060950047,0.12666666666666668,0.008,0.172,0.5983333333333334,0.16,0.0026666666666666666,0.17794444444444443
2018-06-25,2859.3364,-0.041492882525260774,1.09471,-90.33912785262612,0.46013293629703367,-12.564893966425938,41.414860576466346,0.11333333333333333,0.008,0.14666666666666667,0.565,0.15466666666666667,0.0013333333333333333,0.16483333333333333
2018-06-26,2844.5081,-0.04195709947189344,1.09233,-104.64937328864283,0.4487896859418922,-12.986410761005141,41.11266823212922,0.1,0.006666666666666667,0.12666666666666668,0.53,0.144,0.0013333333333333333,0.15144444444444446
2018-06-27,2813.1775,-0.04313682822548891,1.08712,-128.50752659770455,0.4331046862752625,-13.910386062927738,40.48154497554014,0.06933333333333333,0.006666666666666667,0.10266666666666667,0.51,0.136,0.0013333333333333333,0.13766666666666666
2018-06-28,2786.8966,-0.04414241718082111,1.070015,-96.2523065894382,0.4373936388078995,-14.676068384378894,39.96118852633821,0.04666666666666667,0.0013333333333333333,0.13733333333333334,0.5183333333333333,0.12666666666666668,0.0013333333333333333,0.1386111111111111
2018-06-29,2847.4181,-0.04297065313572245,1.06281,-103.90501486196746,0.414414570576775,-12.791091791601295,41.70616057689397,0.076,0.0013333333333333333,0.12933333333333333,0.485,0.15066666666666667,0.008,0.14172222222222222
2018-07-02,2775.557,-0.04523994905679267,1.06435,-142.52007296276355,0.3920399649426796,-14.952173672280612,40.29980226482546,0.03866666666666667,0.0026666666666666666,0.09866666666666667,0.46,0.124,0.0026666666666666666,0.12111111111111113
2018-08-20,2698.4658,-0.04526335912215762,1.13089,-53.65154803578787,0.5093330019350129,-15.743175131140674,42.02699045208547,0.044,0.07066666666666667,0.232,0.7226148409893993,0.11733333333333333,0.02666666666666667,0.20221358460934433
2018-08-23,2724.6244,-0.04542450572083285,1.02639,-92.3133980735746,0.5591031094262228,-14.760105912483745,42.815947715485834,0.04133333333333333,0.005333333333333333,0.15333333333333332,0.8297872340425532,0.14266666666666666,0.042666666666666665,0.20252009456264775
2018-08-24,2729.4308,-0.04492378920614103,1.0079550000000002,-102.72004114865933,0.5582441003911571,-14.552102747502216,42.93841996231825,0.05466666666666667,0.0026666666666666666,0.13733333333333334,0.824468085106383,0.15066666666666667,0.048,0.2029669030732861
2018-08-27,2780.899,-0.04388560277147227,1.00053,-148.3214408653946,0.5624695382735664,-12.88761800090288,44.23178487275942,0.08266666666666667,0.0013333333333333333,0.10133333333333333,0.8368794326241135,0.18666666666666668,0.07466666666666667,0.21392434988179673
2018-08-28,2777.9808,-0.044338523145188415,1.00074,-146.02406619185967,0.5476552578050344,-12.923503742036546,44.174376361586724,0.072,0.0026666666666666666,0.10266666666666667,0.8102836879432624,0.18666666666666668,0.072,0.20771394799054377
2018-08-29,2769.2947,-0.04509814821801109,0.981005,-104.41438418218365,0.5476552578050344,-13.139038595788577,44.002474257887656,0.052,0.0013333333333333333,0.13733333333333334,0.8120567375886525,0.17866666666666667,0.06933333333333333,0.20845390070921985
2018-08-30,2737.7367,-0.0463669160090836,0.9536499999999999,-81.51189769052382,0.5294168710001009,-14.06958591161066,43.38223417566463,0.025333333333333333,0.0013333333333333333,0.17066666666666666,0.776595744680851,0.16266666666666665,0.05466666666666667,0.19854373522458627
2018-08-31,2725.2499,-0.04709423892857754,0.9465499999999999,-57.99148629993692,0.5337410100971403,-14.402808930312505,43.13893182500054,0.02,0.0013333333333333333,0.22,0.7854609929078015,0.15333333333333332,0.052,0.20535460992907803
2018-09-03,2720.7344,-0.047009703132973896,0.9352750000000001,-28.935390655231117,0.5402269629929152,-14.479009930158915,43.05063985745769,0.021333333333333333,0.0013333333333333333,0.2986666666666667,0.7978723404255319,0.15333333333333332,0.050666666666666665,0.22053427895981084
2018-09-04,2750.5804,-0.04596577129128144,0.9189350000000001,26.60368232935093,0.5503841803622945,-13.474271372761015,43.81919067663575,0.034666666666666665,0.0013333333333333333,0.656,0.824468085106383,0.176,0.068,0.2934113475177305
2018-09-05,2704.3368,-0.0474593417334408,0.90234,10.186167776555067,0.6277083981965675,-14.858165259912825,42.91183240025666,0.02,0.0013333333333333333,0.552,0.9308510638297872,0.14,0.04533333333333334,0.28158628841607564
2018-09-06,2691.5929,-0.04787686444672557,0.881725,45.67077358713698,0.6158735070190482,-15.187608912721462,42.66562799627928,0.018666666666666668,0.0013333333333333333,0.7653333333333333,0.9221238938053097,0.13066666666666665,0.04133333333333333,0.31324287118977384
2018-09-07,2702.3007,-0.04734111268571828,0.8765850000000001,33.28387764726074,0.6125148438395683,-14.779472895003954,42.94377360038995,0.02266666666666667,0.0013333333333333333,0.6933333333333334,0.9204946996466431,0.14266666666666666,0.052,0.3054157832744405
2018-09-10,2669.4845,-0.04807284421367,0.8674099999999999,-0.5431949849004241,0.6033315562960747,-15.740222609863375,42.307685963627236,0.017333333333333333,0.0013333333333333333,0.48133333333333334,0.908289241622575,0.11866666666666667,0.036,0.26049265138154026
2018-09-11,2664.7997,-0.048034998589024096,0.8639300000000001,-24.834589232352528,0.6033315562960747,-15.812117853956186,42.21741176904591,0.018666666666666668,0.0013333333333333333,0.332,0.9084507042253521,0.116,0.030666666666666665,0.23451956181533648
2018-09-12,2656.1101,-0.04853148954822947,0.85305,47.979782148901336,0.6052059886900252,-16.009353367245495,42.04912014697008,0.013333333333333334,0.0013333333333333333,0.772,0.9137323943661971,0.11466666666666667,0.029333333333333333,0.30739984350547733
2018-09-13,2686.5784,-0.047525271005984124,0.8477500000000001,27.902906255042808,0.6084772680251781,-14.970737179084981,42.85679475464109,0.025333333333333333,0.0013333333333333333,0.6586666666666666,0.9156414762741653,0.14266666666666666,0.050666666666666665,0.2990513571568053
2018-09-14,2681.6431,-0.047752585328232185,0.843235,73.68344703032687,0.5793979694690597,-15.053395173016648,42.75917817610336,0.025333333333333333,0.0013333333333333333,0.8586666666666667,0.8596491228070176,0.14,0.048,0.3221637426900585
2018-09-17,2651.7886,-0.04869110628738925,0.8345600000000001,66.20968133993244,0.5860699126230033,-15.923092378296166,42.171590574151104,0.010666666666666666,0.0013333333333333333,0.8426666666666667,0.8739054290718039,0.116,0.032,0.3127620159564118
2018-09-18,2699.9501,-0.047067163610426496,0.8358549999999999,59.997399698361505,0.5855354924480619,-14.322592456439109,43.43953137904618,0.03333333333333333,0.0026666666666666666,0.8226666666666667,0.8706293706293706,0.16933333333333334,0.072,0.32843822843822845
2018-09-19,2730.8503,-0.04584119906651547,0.85548,55.57589370488677,0.4729897152398202,-13.270630960108932,44.23285418192589,0.04933333333333333,0.008,0.8093333333333333,0.6265270506108203,0.196,0.09733333333333333,0.2977545084351367
2018-09-20,2729.2438,-0.045563840237381754,0.861055,58.809949487155336,0.4796606360607321,-13.249478512529734,44.200260478497825,0.05333333333333334,0.009333333333333334,0.82,0.6515679442508711,0.196,0.096,0.30437243515292295
2018-09-21,2797.4848,-0.04363061960120548,0.88461,-15.225681486713484,0.4421710369110729,-11.01546675578372,45.91226419339554,0.112,0.016,0.37866666666666665,0.5495652173913044,0.244,0.18666666666666668,0.24781642512077295
2018-09-25,2781.1385,-0.04414167744428597,0.876305,4.987643900082617,0.4421710369110729,-11.470938125048825,45.57356658152681,0.09733333333333333,0.013333333333333334,0.5133333333333333,0.5503472222222222,0.236,0.16,0.261724537037037
2018-09-26,2806.8133,-0.0436695331606189,0.884675,-16.241253326007495,0.4213239984369575,-10.590357112523751,46.2039057239747,0.112,0.018666666666666668,0.36933333333333335,0.5164644714038128,0.25466666666666665,0.224,0.24918852301174657
2018-09-27,2791.7748,-0.04441557826185132,0.893715,-27.935424444508726,0.4472702904199332,-11.005324827911533,45.88911348088542,0.092,0.02,0.2946666666666667,0.5580589254766031,0.24666666666666667,0.18266666666666667,0.23234315424610053
2018-09-28,2821.3501,-0.04354859938152699,0.90499,-14.016907021811221,0.45544290204583027,-10.000036643718147,46.61248627420888,0.12,0.02266666666666667,0.384,0.58578856152513,0.2653333333333333,0.25066666666666665,0.2714092046986328
2018-10-08,2716.5104,-0.04663879144472469,0.9209799999999999,-87.16213275433051,0.45544290204583027,-13.273414418775554,44.48091271198779,0.037333333333333336,0.025333333333333333,0.152,0.587521663778163,0.19466666666666665,0.10666666666666667,0.18392027729636048
2018-10-09,2721.013,-0.046519375191663305,0.9270250000000001,-114.62537522445825,0.4641489837262844,-13.05955118824289,44.5909573290725,0.04,0.02666666666666667,0.11866666666666667,0.6169844020797227,0.20666666666666667,0.11466666666666667,0.18727517812439823
2018-10-10,2725.8367,-0.04633183205829313,0.9289799999999999,-77.28427182876362,0.4668243962418394,-12.83683656821033,44.709683097885,0.04533333333333334,0.028,0.168,0.6256499133448874,0.216,0.12133333333333333,0.20071943000192569
2018-10-11,2583.4575,-0.051064405046055104,0.9654400000000001,-122.54730082587184,0.4548796202952793,-17.309252235078677,42.02210607314119,0.0013333333333333333,0.03333333333333333,0.10266666666666667,0.584055459272097,0.088,0.02666666666666667,0.13934257654534948
2018-10-12,2606.9125,-0.050062683368616745,0.9934799999999999,-142.66404612298743,0.3613319450016859,-16.479555325574957,42.59693131358528,0.006666666666666667,0.036,0.09466666666666666,0.4117647058823529,0.11333333333333333,0.048,0.11840522875816993
2018-10-15,2568.0984,-0.0513520518514011,0.997555,-174.96045608866143,0.3566168421394621,-17.641652285911857,41.90172787379969,0.0013333333333333333,0.037333333333333336,0.07866666666666666,0.4117647058823529,0.08266666666666667,0.025333333333333333,0.1061830065359477
2018-10-16,2546.3296,-0.05202466894971787,1.00355,-150.18616274814053,0.3566168421394621,-18.255610049024707,41.51743565438793,0.0013333333333333333,0.042666666666666665,0.08666666666666667,0.41278065630397237,0.07466666666666667,0.017333333333333333,0.10590788716177317
2018-10-17,2561.614,-0.051498741112486465,1.0154599999999998,-165.7737420258685,0.30446819621810783,-17.67902067721029,41.89579427778696,0.0026666666666666666,0.04666666666666667,0.08133333333333333,0.31896551724137934,0.084,0.02666666666666667,0.0933831417624521
2018-10-18,2486.4186,-0.05434975310370228,1.030315,-244.8093888559133,0.30446819621810783,-20.003331882632413,40.589368020361064,0.0013333333333333333,0.05333333333333334,0.042666666666666665,0.32013769363166955,0.05333333333333334,0.009333333333333334,0.0800229489386116
2018-10-19,2550.4652,-0.051896172566159623,1.046715,-266.6093298588589,0.5592090273631449,-17.85416036688642,42.14327712511894,0.004,0.05466666666666667,0.037333333333333336,0.845360824742268,0.08533333333333333,0.03866666666666667,0.17756013745704466
2018-10-22,2654.8762,-0.04837079054072347,1.09133,-348.9276594590823,0.5914355771589953,-14.410642268290319,44.534853644776135,0.02666666666666667,0.08266666666666667,0.028,0.9005145797598628,0.176,0.12,0.22230798551553269
2018-10-23,2594.8255,-0.050637094034415665,1.127345,-339.6234970736008,0.5902685726939861,-16.260665996959254,43.48932146616717,0.010666666666666666,0.12133333333333333,0.030666666666666665,0.8955479452054794,0.12133333333333333,0.084,0.21059132420091323
2018-10-24,2603.2951,-0.05057626228401301,1.144835,-278.66941944597033,0.5887477536979911,-15.903186625528265,43.677909212763616,0.012,0.132,0.034666666666666665,0.8923076923076924,0.128,0.09066666666666667,0.21494017094017093
2018-10-25,2603.7995,-0.05060362870813912,1.15275,-238.95598923345756,0.5727996869794104,-15.803311268220611,43.689226416218695,0.012,0.136,0.048,0.8532423208191127,0.132,0.092,0.21220705346985214
2018-10-26,2598.8468,-0.0505589988006209,1.1716,-248.71059637050814,0.5760555897367461,-15.878272339105804,43.6022325706262,0.014666666666666666,0.15333333333333332,0.044,0.8637137989778535,0.13066666666666665,0.08666666666666667,0.21550785538519782
2018-10-29,2542.1033,-0.05296446340001087,1.16155,-227.97430087525333,0.565055500052223,-17.626678946559494,42.619027055291085,0.0026666666666666666,0.144,0.05466666666666667,0.8452380952380952,0.08933333333333333,0.056,0.19865079365079363
2018-10-30,2568.0481,-0.05228521842740662,1.18318,-225.1843776986343,0.5650111069468132,-16.698452639914162,43.21111420675725,0.004,0.16133333333333333,0.056,0.8438030560271647,0.11866666666666667,0.07733333333333334,0.21018939822674965
2018-10-31,2602.7832,-0.05200228849988834,1.199295,-226.04409324375956,0.5658016471951925,-15.48642232567845,43.993510545686725,0.006666666666666667,0.16666666666666666,0.056,0.8457627118644068,0.14533333333333334,0.10533333333333333,0.2209604519774011
2018-11-01,2606.2372,-0.052096203648397524,1.2305949999999999,-226.6091437876712,0.567454019611343,-15.288228466064757,44.07099362073098,0.005333333333333333,0.17733333333333334,0.056,0.8460236886632826,0.152,0.10933333333333334,0.2243372814438804
2018-11-02,2676.4762,-0.0492984070262354,1.266095,-247.21884981922096,0.5622817333569102,-12.923656854251641,45.618138746795175,0.025333333333333333,0.184,0.04533333333333334,0.8361486486486487,0.232,0.18666666666666668,0.25158033033033034
2018-11-05,2665.4306,-0.049881389602122204,1.283,-136.96266930313982,0.568205230698648,-13.199182902558338,45.41834185884356,0.025333333333333333,0.18933333333333333,0.108,0.8465430016863407,0.22,0.17866666666666667,0.261312722503279
2018-11-06,2659.3564,-0.050291392456744334,1.30103,-151.05766339330194,0.5678581122452245,-13.311458303061741,45.30799036022755,0.02266666666666667,0.192,0.096,0.8451178451178452,0.21466666666666667,0.16933333333333334,0.2566307519640853
2018-11-07,2641.342,-0.05116930803411764,1.3241049999999999,-189.4791171256079,0.558724062779782,-13.814513688180307,44.98023343056879,0.013333333333333334,0.204,0.07066666666666667,0.8218487394957983,0.20266666666666666,0.15333333333333332,0.2443081232492997
2019-04-04,3246.5714,-0.036973432649950025,3.11979,95.70482653616904,0.46498763316214614,15.019836566756162,58.20953938694796,0.436,0.9786666666666667,0.8586666666666667,0.6096256684491979,1.0,0.9946666666666667,0.8129376114081995
2019-04-16,3253.5978,-0.035373154507146766,2.9319750000000004,136.21447978807143,0.4571290095939939,15.18925771049695,57.91599654584856,0.496,0.9666666666666667,0.9173333333333333,0.5855855855855856,1.0,0.9893333333333333,0.8258198198198198
2019-04-30,3078.3389,-0.039029517948803355,2.70515,124.67396958629445,0.4461944855038423,8.92016814824692,53.77187146302,0.372,0.952,0.9093333333333333,0.5347985347985348,0.9626666666666667,0.8013333333333333,0.7553553113553114
2019-05-06,2906.464,-0.043541494685814586,2.6580199999999996,66.28988073468349,0.4595796144268271,2.8622759838420775,50.31938890861329,0.208,0.9506666666666667,0.7946666666666666,0.5824175824175825,0.6573333333333333,0.568,0.6268473748473748
2019-05-07,2926.3908,-0.043104374738661515,2.589085,59.146102431415386,0.44127564969909044,3.597205800062886,50.6905683755474,0.224,0.948,0.7693333333333333,0.5201465201465202,0.6986666666666667,0.6053333333333333,0.6275799755799755
2019-05-08,2893.7567,-0.04414208501053088,2.4967449999999998,47.44968714475095,0.49723849583665297,2.4744612324301363,50.07102731145827,0.18933333333333333,0.9466666666666667,0.7026666666666667,0.6666666666666666,0.628,0.532,0.6108888888888889
2019-05-09,2850.9537,-0.04562725708820079,2.3786549999999997,3.5509718103847376,0.4937416168870725,0.9907649947522801,49.27229582124885,0.148,0.9386666666666666,0.45066666666666666,0.6593406593406593,0.5506666666666666,0.464,0.5352234432234432
2019-05-10,2939.2106,-0.043416897306820766,2.34651,-48.533810985777166,0.49376999215348666,4.138237338059114,50.905258449553166,0.212,0.9346666666666666,0.17733333333333334,0.6593406593406593,0.7253333333333334,0.624,0.5554456654456655
2019-05-14,2883.6107,-0.04505478285200697,2.224675,-78.78498486561159,0.4417479440124031,2.2254795408024552,49.87823428487269,0.16666666666666666,0.9213333333333333,0.12666666666666668,0.5155963302752293,0.6186666666666667,0.516,0.4774882772680938
2019-05-15,2938.6781,-0.04371925094272605,2.201185,-106.68556169599304,0.4418986363040394,4.200158847257396,50.877911281197235,0.20266666666666666,0.9146666666666666,0.09066666666666667,0.5155963302752293,0.7266666666666667,0.62,0.511710499490316
2019-05-16,2955.711,-0.04341197641667252,2.161985,-123.91318560435667,0.4392058146185258,4.8310164558084345,51.18245928785357,0.21733333333333332,0.9093333333333333,0.076,0.5082568807339449,0.7626666666666667,0.6413333333333333,0.5191539245667686
2019-05-17,2882.2962,-0.04526031691419398,2.124955,-144.14324434177155,0.43968850729952763,2.267701805243383,49.83576930708461,0.16,0.904,0.068,0.5082568807339449,0.616,0.508,0.46070948012232416
2019-05-20,2870.6046,-0.045445252030804136,2.0667750000000003,-147.11945298321257,0.41645429172374,1.8945960906394443,49.62549116605693,0.156,0.892,0.064,0.47155963302752296,0.5946666666666667,0.4826666666666667,0.44348216106014277
2019-05-21,2905.9688,-0.0442772157632856,2.0216900000000004,-162.89329294394844,0.3440425981107191,3.189209142339622,50.267346254196624,0.19333333333333333,0.8733333333333333,0.05733333333333333,0.344954128440367,0.6626666666666666,0.556,0.4479367991845056
2019-05-22,2891.7046,-0.044368519693427935,1.9764850000000003,-163.5356670094273,0.34147060321468775,2.722317527357898,50.007451823456094,0.19066666666666668,0.8506666666666667,0.05733333333333333,0.3412844036697248,0.6346666666666667,0.52,0.4324362895005098
2019-05-23,2852.5153,-0.04553798826732757,1.9156849999999999,-175.23053986394598,0.3631393080032434,1.3765059652582234,49.29930324821346,0.152,0.804,0.050666666666666665,0.3724770642201835,0.556,0.4573333333333333,0.39874617737003065
2019-05-24,2852.9948,-0.045486405616998044,1.8531750000000002,-187.73233124237538,0.32988599853699363,1.4424513668790828,49.30818505066543,0.156,0.76,0.042666666666666665,0.3284403669724771,0.5613333333333334,0.46,0.3847400611620795
2019-05-27,2892.3782,-0.04414336695290569,1.82262,-212.04309533452084,0.29825130207694234,2.88334630733742,50.035175401520874,0.2,0.7453333333333333,0.030666666666666665,0.25137614678899084,0.6493333333333333,0.5213333333333333,0.39967380224260957
2019-05-28,2909.9106,-0.044086700469807165,1.782435,-183.32262651623887,0.29955426516240746,3.5429841983634303,50.35568496714272,0.20533333333333334,0.7226666666666667,0.050666666666666665,0.25504587155963304,0.688,0.568,0.41495208970438324
2019-05-29,2914.6964,-0.04416066783099541,1.7503050000000002,-166.6540855728398,0.3015416848138025,3.754420070301445,50.44343423640459,0.2,0.7026666666666667,0.06133333333333333,0.26055045871559634,0.7013333333333334,0.5773333333333334,0.4172028542303772
2019-05-30,2905.8054,-0.04439085296076939,1.7167849999999998,-168.20041234864675,0.33118012904956773,3.4833155023723528,50.27648384161167,0.19333333333333333,0.672,0.06,0.3284403669724771,0.6826666666666666,0.5546666666666666,0.4151845056065239
2019-05-31,2898.6961,-0.04458971659296557,1.70596,-164.8835169706848,0.3252338755051373,3.276573077090994,50.14229520285917,0.18533333333333332,0.6626666666666666,0.06533333333333333,0.3119266055045872,0.6653333333333333,0.5293333333333333,0.4033211009174312
2019-06-03,2890.0809,-0.045112370918987565,1.6628800000000001,-84.66872691898175,0.3442198450458024,3.010566765102407,49.97882900833665,0.168,0.6346666666666667,0.13333333333333333,0.344954128440367,0.652,0.508,0.40682568807339453
2019-06-04,2862.2803,-0.046067970353333154,1.6374099999999998,-93.7843801545934,0.3411543072685998,2.0622188110982265,49.45274457610958,0.144,0.6253333333333333,0.124,0.3357798165137615,0.592,0.4613333333333333,0.380407747196738
2019-06-05,2861.4181,-0.046032933345553535,1.61785,-69.32596611160335,0.35284015623190473,2.0722222027485193,49.43642447749142,0.14666666666666667,0.608,0.16,0.3559633027522936,0.592,0.4573333333333333,0.38666055045871556
2019-06-06,2827.7978,-0.04681614566740758,1.6087099999999999,-69.56649404639364,0.3475635273192209,0.9171700004071415,48.801370751090936,0.13733333333333334,0.596,0.16,0.3486238532110092,0.5186666666666667,0.3973333333333333,0.35965953109072374
2019-06-10,2852.1302,-0.045985853430652146,1.563955,-38.69259664468484,0.3513841152451262,1.824536771959706,49.27823377652991,0.14933333333333335,0.5613333333333334,0.23066666666666666,0.3541284403669725,0.576,0.43866666666666665,0.38502140672782875
2019-06-11,2925.7162,-0.04374436196828592,1.581955,-46.45149746533849,0.3495331875710676,4.468911941038867,50.682970630972896,0.224,0.5733333333333334,0.208,0.3504587155963303,0.7333333333333333,0.6,0.4481875637104995
2019-06-12,2909.3796,-0.04423814369072871,1.59374,-41.61902394461407,0.3921736236814731,3.9131985854682805,50.369793700678905,0.208,0.5866666666666667,0.22666666666666666,0.43669724770642204,0.708,0.5666666666666667,0.45544954128440357
2019-06-13,2910.7406,-0.04438046976484943,1.5864850000000001,-5.837367774427207,0.3658418540423245,3.9862319007796465,50.39561610717164,0.20266666666666666,0.5786666666666667,0.4146666666666667,0.381651376146789,0.7106666666666667,0.5706666666666667,0.4764974515800204
2019-06-14,2881.9743,-0.04523601194671718,1.573165,-15.002158318359477,0.37405772927091985,2.989346382113256,49.84134938114399,0.172,0.5666666666666667,0.36,0.4018348623853211,0.6453333333333333,0.49333333333333335,0.43986136595310904
2019-06-17,2887.6221,-0.045112648607714495,1.530885,20.20148254453585,0.3700999285009743,3.2246072833749917,49.95063736304315,0.17466666666666666,0.528,0.5746666666666667,0.3944954128440367,0.6573333333333333,0.5026666666666667,0.4719714576962284
2019-06-18,2890.158,-0.044933583423005394,1.50756,27.41540770821365,0.32893215692401817,3.348511925736375,50.00010270225356,0.184,0.504,0.6266666666666667,0.30458715596330277,0.664,0.508,0.46520897043832826
2019-06-19,2917.8029,-0.04404138372721971,1.51327,43.60539693751383,0.2819933617603909,4.365675984764383,50.53899353066137,0.224,0.508,0.7146666666666667,0.1798165137614679,0.732,0.5853333333333334,0.49063608562691124
2019-06-20,2987.1186,-0.042306620875757435,1.547085,27.369602854291884,0.2658649444953183,6.857235658341265,51.85468720149211,0.2786666666666667,0.5426666666666666,0.6266666666666667,0.15045871559633028,0.9346666666666666,0.6893333333333334,0.5370764525993884
2019-06-21,3001.9802,-0.042094563541095614,1.57989,56.10280884927931,0.2682268384282208,7.396682028301882,52.130767084135435,0.2813333333333333,0.5733333333333334,0.7986666666666666,0.15412844036697249,0.948,0.6946666666666667,0.5750214067278288
2019-06-24,3008.1479,-0.041782190480346953,1.59525,44.63546584452001,0.26334068547061884,7.628369169868154,52.24568917183029,0.292,0.5893333333333334,0.7213333333333334,0.14128440366972478,0.952,0.7013333333333334,0.5662140672782875
2019-06-25,2982.0738,-0.04256852208920776,1.612315,61.06141373660853,0.24096323755208798,6.705807413009146,51.71492508802789,0.268,0.6053333333333333,0.8226666666666667,0.09541284403669725,0.92,0.6813333333333333,0.5654576962283384
2019-06-26,2976.2837,-0.04260347796394874,1.592575,65.81732709841367,0.24071028771800695,6.508971062253788,51.59721692498334,0.26666666666666666,0.58,0.8333333333333334,0.09357798165137615,0.9013333333333333,0.6746666666666666,0.5582629969418961
2019-06-27,2996.7926,-0.04198097429563914,1.590545,53.57169584148437,0.24216578073653228,7.246754901797847,51.988637382299764,0.2853333333333333,0.5786666666666667,0.7773333333333333,0.09908256880733946,0.94,0.6893333333333334,0.5616248725790011
2019-06-28,2978.8784,-0.042660221039304176,1.580335,36.67070009989476,0.24900070039723884,6.594813792040988,51.61991624402011,0.264,0.568,0.672,0.11192660550458716,0.9106666666666666,0.6746666666666666,0.5335433231396534
2019-07-01,3044.9028,-0.04112164670503902,1.600395,6.406534706708726,0.24774829048221866,8.937259302069677,52.86582170348533,0.31333333333333335,0.5893333333333334,0.49733333333333335,0.10458715596330276,0.9626666666666667,0.7293333333333333,0.5327645259938838
2019-07-02,3043.9428,-0.04169857712924668,1.5985900000000002,12.356470020658264,0.2721992186280139,8.876716504593851,52.84581164683675,0.2946666666666667,0.5866666666666667,0.5226666666666666,0.1596330275229358,0.96,0.7253333333333334,0.5414943934760449
2019-07-03,3015.2633,-0.04250965184116581,1.6024250000000002,19.869992985817817,0.30522396346307124,7.8315366395411035,52.24836533567661,0.27066666666666667,0.592,0.5653333333333334,0.24403669724770644,0.952,0.6986666666666667,0.5537838939857288
2019-07-04,3005.2488,-0.04280582044283451,1.603745,11.954383143176585,0.30522396346307124,7.450971503520298,52.04061538321361,0.2613333333333333,0.5946666666666667,0.52,0.24403669724770644,0.9426666666666667,0.688,0.5417838939857288
2019-07-05,3011.0588,-0.04242013933243719,1.5928749999999998,43.46359467118623,0.29091132182751134,7.633066889837425,52.15223210745389,0.27466666666666667,0.5746666666666667,0.708,0.1908256880733945,0.948,0.692,0.5646931702344546
2019-07-08,2933.3634,-0.044209410736733845,1.6068649999999998,27.40560243639277,0.28373860679010865,4.837757366817774,50.560966362181304,0.216,0.5973333333333334,0.6213333333333333,0.1761467889908257,0.7466666666666667,0.572,0.4882466870540265
2019-07-09,2928.2295,-0.044522087095470536,1.5612400000000002,74.02121619863067,0.3285433352061425,4.633131977131066,50.45809245324887,0.20133333333333334,0.54,0.8573333333333333,0.30275229357798167,0.7266666666666667,0.56,0.5313476044852191
2019-07-10,2915.3022,-0.04495465951901419,1.52076,68.71093411640072,0.3285433352061425,4.161100044383814,50.198022958298196,0.184,0.49866666666666665,0.8426666666666667,0.30275229357798167,0.7013333333333334,0.516,0.5075698267074413
2019-07-11,2917.7609,-0.04486623316533807,1.4939449999999999,67.84178804739963,0.3131598402452727,4.2277646778667854,50.24734318678282,0.18933333333333333,0.464,0.8413333333333334,0.24770642201834864,0.704,0.5213333333333333,0.49461773700305806
2019-07-12,2930.5462,-0.044592775183909146,1.464075,81.46031553919352,0.2735224865912924,4.662994880258431,50.505092134437156,0.19866666666666666,0.43866666666666665,0.8733333333333333,0.14862385321100918,0.728,0.5666666666666667,0.49232619775739045
2019-07-15,2942.1853,-0.04408075053693344,1.4688700000000001,69.76667046988183,0.2788349424582138,5.051207075763431,50.7400207005471,0.23066666666666666,0.44133333333333336,0.844,0.1614678899082569,0.7546666666666667,0.5866666666666667,0.5031335372069318
2019-07-16,2937.6168,-0.044265656963105714,1.4625650000000001,67.92075165752851,0.28474529289625894,4.857577048860939,50.64460601195389,0.21866666666666668,0.436,0.8386666666666667,0.1743119266055046,0.748,0.5786666666666667,0.49905198776758414
2019-07-17,2931.6926,-0.0444224499377821,1.433225,82.66617858258991,0.28609652988999956,4.618560011480355,50.5200293251135,0.208,0.4093333333333333,0.8786666666666667,0.1779816513761468,0.72,0.564,0.4929969418960245
2019-07-18,2901.1766,-0.04524295315759026,1.37991,97.24311019981724,0.2648007252669703,3.5168675942727656,49.88090070772295,0.17066666666666666,0.3293333333333333,0.9066666666666666,0.12660550458715597,0.652,0.468,0.44221202854230374
2019-08-05,2821.4957,-0.04870645245523213,1.089125,27.590197884225972,0.3775060074052377,0.5308635849018417,48.159121542959284,0.12,0.108,0.6053333333333333,0.398876404494382,0.448,0.30533333333333335,0.3309238451935081
2019-09-10,3021.2024,-0.04484899975391437,1.432445,88.85467435466535,0.26830588386096194,7.203901099540744,52.75128041996268,0.23333333333333334,0.46,0.896,0.14591439688715954,0.9306666666666666,0.7186666666666667,0.5640968439256376
2019-09-11,3008.8118,-0.04494043541335841,1.46524,88.57358507974007,0.2727654497877433,6.721282252408978,52.45127977022446,0.22533333333333333,0.492,0.8946666666666667,0.1553398058252427,0.9093333333333333,0.708,0.5641121898597627
2019-09-12,3031.2351,-0.04402756106508657,1.482205,70.83309193727399,0.2619425765120222,7.46928344056097,52.941048584908614,0.288,0.504,0.8533333333333334,0.12596899224806202,0.9413333333333334,0.7346666666666667,0.5745503875968992
2019-09-18,2985.6586,-0.04481160434459398,1.50633,84.19655283801612,0.32108652256532516,5.726266771517108,51.82076038907171,0.23733333333333334,0.532,0.8853333333333333,0.27906976744186046,0.8066666666666666,0.668,0.5680671834625324
2019-09-19,2999.2789,-0.044732134180918356,1.50847,74.76250649395502,0.335715671373938,6.163921765077318,52.1252961056948,0.24133333333333334,0.5373333333333333,0.86,0.31589147286821706,0.8453333333333334,0.6786666666666666,0.5797596899224806
2019-09-20,3006.4467,-0.04462293204196416,1.52112,68.78677757709903,0.4873446201300036,6.36688997701611,52.285797080694564,0.24933333333333332,0.556,0.8413333333333334,0.6375968992248062,0.8746666666666667,0.6906666666666667,0.6415994832041344
2019-09-23,2977.0767,-0.04535769307947062,1.525175,59.606146584506234,0.5107734821023202,5.281264152834941,51.56943186242173,0.20533333333333334,0.5613333333333334,0.8066666666666666,0.7015503875968992,0.764,0.6453333333333333,0.6140361757105942
2019-09-24,2985.3406,-0.04494602446024552,1.52284,71.84526797487453,0.5062566608971796,5.524364120328529,51.75749954684787,0.228,0.5573333333333333,0.8506666666666667,0.6802325581395349,0.7893333333333333,0.66,0.627594315245478
2019-09-25,2955.4325,-0.04568273492249475,1.50783,84.42554998523008,0.5041944136418118,4.427490852513527,51.03223660056904,0.188,0.5373333333333333,0.8853333333333333,0.6782945736434108,0.6826666666666666,0.6013333333333334,0.5954935400516795
2019-09-26,2929.0875,-0.046021374150352116,1.5095100000000001,70.70793530340649,0.5009591994110869,3.4604313986531965,50.40310517749376,0.18133333333333335,0.54,0.844,0.6686046511627907,0.612,0.5266666666666666,0.5621007751937984
2019-09-27,2932.167,-0.04583360219732926,1.49251,68.1822675551204,0.5007642863527156,3.528193209989139,50.47527462141127,0.188,0.5173333333333333,0.8346666666666667,0.6666666666666666,0.62,0.5373333333333333,0.5606666666666666
2019-09-30,2905.1892,-0.046630472929200584,1.463145,48.30310379103065,0.5033606443641081,2.5459439466843037,49.832891991891216,0.17066666666666666,0.49066666666666664,0.744,0.6802325581395349,0.528,0.436,0.5082609819121447
2019-10-08,2913.5704,-0.04670596600136783,1.433985,50.07822926649709,0.5155938110299715,2.8152548901990038,50.032672629762075,0.16933333333333334,0.46266666666666667,0.7573333333333333,0.7209302325581395,0.5533333333333333,0.4653333333333333,0.5214883720930232
2019-10-09,2924.8566,-0.04635473974231033,1.4119,44.22712496478448,0.5173424152015005,3.1850360065124983,50.30217695247929,0.17733333333333334,0.43466666666666665,0.7106666666666667,0.7228682170542635,0.5813333333333334,0.5066666666666667,0.5222558139534884
2019-10-10,2947.7106,-0.04560923298688463,1.37696,40.95998701415118,0.5259313734946655,3.96925410786535,50.845069258841576,0.19733333333333333,0.376,0.6906666666666667,0.7461240310077519,0.6506666666666666,0.5826666666666667,0.540576227390181
2019-10-11,2973.6558,-0.0446206692971299,1.322,38.1218798821086,0.5259313734946655,4.85589195260594,51.453874245155696,0.26266666666666666,0.30933333333333335,0.6733333333333333,0.748062015503876,0.7253333333333334,0.632,0.5584547803617571
2019-10-14,3007.8834,-0.04367381429474286,1.31743,24.571536235356064,0.5367039529885286,6.032741124121732,52.242953276132084,0.32266666666666666,0.30666666666666664,0.5946666666666667,0.7751937984496124,0.8306666666666667,0.6866666666666666,0.5860878552971576
2019-10-15,2991.0459,-0.044017332076453586,1.2833549999999998,24.45423494466536,0.5660818127734948,5.409573572419291,51.82391871991955,0.308,0.288,0.592,0.8410852713178295,0.7746666666666666,0.664,0.5779586563307494
2019-10-16,2978.7124,-0.04433990851529346,1.248445,16.498264151745218,0.5655154308152702,4.951638654649604,51.51783449216971,0.2853333333333333,0.272,0.5466666666666666,0.8391472868217055,0.728,0.6346666666666667,0.5509689922480621
2019-10-17,2977.3342,-0.04448877563849836,1.20731,20.941227323853013,0.5936804802604979,4.864531777660175,51.48347419128374,0.2733333333333333,0.24666666666666667,0.5746666666666667,0.9011627906976745,0.7226666666666667,0.6306666666666667,0.5581937984496124
2019-10-18,2938.1413,-0.04522149468581459,1.188485,-1.1854051398705678,0.6280053755457689,3.452474736363631,50.51460755993448,0.224,0.23066666666666666,0.44533333333333336,0.9418604651162791,0.6013333333333334,0.5373333333333333,0.4967545219638243
2019-10-21,2939.6179,-0.044752529824548935,1.15365,-10.8741619673346,0.6310648145974012,3.47331120546841,50.55006193804007,0.252,0.19333333333333333,0.4013333333333333,0.9437984496124031,0.6053333333333333,0.5413333333333333,0.48952196382428936
2019-10-22,2954.3799,-0.04443646190597624,1.1131,2.4276531498190366,0.6318989973573944,3.938645168296473,50.90565978335789,0.2773333333333333,0.14133333333333334,0.47333333333333333,0.9437984496124031,0.64,0.5826666666666667,0.5097441860465116
2019-10-23,2941.6188,-0.04487748619327062,1.095135,-6.607276231803098,0.6322186355225867,3.440972059215075,50.587655234271764,0.24666666666666667,0.11866666666666667,0.416,0.9496124031007752,0.5946666666666667,0.5426666666666666,0.47804651162790696
2019-10-24,2940.9215,-0.04480585540092331,1.08042,-2.856796448416503,0.7095765256948889,3.36224780252814,50.57019918406909,0.25333333333333335,0.10133333333333333,0.43866666666666665,0.9961240310077519,0.584,0.5413333333333333,0.4857984496124031
2019-10-25,2954.9327,-0.044700478306606894,1.06219,-11.875567909782148,0.7068473600420371,3.7950649775073453,50.914362075444835,0.26266666666666666,0.07866666666666666,0.3973333333333333,0.9941860465116279,0.6293333333333333,0.5826666666666667,0.4908087855297157
2019-10-28,2980.0498,-0.04377487956800718,1.062435,-4.1636651602566985,0.7193699389716763,4.6158233805338345,51.52618959341857,0.3293333333333333,0.08,0.432,0.998062015503876,0.688,0.6346666666666667,0.5270103359173127
2019-11-20,2911.0534,-0.04720078251865126,1.06176,-30.600928310952156,0.35833965813720736,1.3870149141873345,49.70468080817976,0.16,0.08933333333333333,0.252,0.3652694610778443,0.4146666666666667,0.408,0.28154491017964073
2019-11-21,2903.6379,-0.04741440051655971,1.06043,-35.939984087036976,0.3583440064168045,1.0902818926462166,49.51329172063835,0.15866666666666668,0.088,0.24133333333333334,0.3652694610778443,0.39866666666666667,0.39066666666666666,0.27376713240186296
2019-11-22,2885.2884,-0.047876538945617844,1.0681699999999998,-33.79589002133838,0.356063480112758,0.41922193968857435,49.04077896064469,0.14933333333333335,0.10133333333333333,0.244,0.35728542914171657,0.364,0.3546666666666667,0.26176979374584164
2019-11-25,2906.1688,-0.047080266744042504,1.070165,-30.46345742196297,0.3451100761039463,1.1073837211353021,49.59430547186386,0.16533333333333333,0.104,0.256,0.3413173652694611,0.39866666666666667,0.396,0.2768862275449102
2019-11-26,2907.0602,-0.047285249088163415,1.0699750000000001,-19.04653818643618,0.3144438777062142,1.1047843035919325,49.61793080624591,0.16266666666666665,0.10266666666666667,0.3426666666666667,0.26746506986027946,0.3973333333333333,0.4,0.27879973386560214
2019-11-27,2903.1947,-0.047362633198817304,1.06066,-18.15297279065169,0.3134213659846288,0.938879359971323,49.516158210051,0.16133333333333333,0.08933333333333333,0.3466666666666667,0.2654690618762475,0.39066666666666666,0.3933333333333333,0.27446706586826347
2019-11-28,2889.6934,-0.047801467726326916,1.045245,-23.59172260282827,0.2716143293073963,0.44345568924903933,49.16001340850307,0.15066666666666667,0.072,0.312,0.1596806387225549,0.36533333333333334,0.3626666666666667,0.23705788423153693
2019-11-29,2871.9813,-0.048275192088581456,1.0311750000000002,-10.653766141454696,0.25858939918803225,-0.20357883880129934,48.69537579897462,0.14133333333333334,0.06666666666666667,0.4026666666666667,0.11976047904191617,0.33466666666666667,0.34,0.23418230206254162
2019-12-02,2875.8072,-0.047761747324271346,1.01637,0.44705660173991646,0.25824635356377107,-0.10178007285769342,48.8010768379457,0.15733333333333333,0.056,0.47333333333333333,0.11976047904191617,0.3426666666666667,0.3453333333333333,0.24907119095143046
2019-12-03,2884.6988,-0.047823051559360466,0.9956750000000001,-3.588189445833791,0.268519630272917,0.1737878810114557,49.047785622706925,0.152,0.044,0.43333333333333335,0.1596806387225549,0.34933333333333333,0.36,0.24972455089820356
2019-12-04,2878.1157,-0.048005262447464114,0.9811650000000001,1.0613011976478788,0.2569741238181116,-0.09625747540507046,48.871473465860376,0.14933333333333335,0.04133333333333333,0.47733333333333333,0.11377245508982035,0.344,0.34933333333333333,0.24585096473719228
2019-12-05,2899.4685,-0.047421882167228924,0.9833250000000001,-20.464140367903383,0.23992334401748147,0.5997222651970224,49.46728969456138,0.16533333333333333,0.042666666666666665,0.3333333333333333,0.07385229540918163,0.37733333333333335,0.3973333333333333,0.23164204923486362
2019-12-06,2912.0136,-0.04714881969104978,0.9779500000000001,-20.79677470461496,0.24121737568218649,0.987707113054892,49.81474344030389,0.17466666666666666,0.04,0.332,0.08183632734530938,0.4,0.44,0.24475049900199597
2019-12-09,2914.4775,-0.046960111758717046,0.9785349999999999,29.610336136502156,0.23007928436109823,1.0293247961100427,49.88318333556356,0.18666666666666668,0.04133333333333333,0.6506666666666666,0.05788423153692615,0.404,0.452,0.2987584830339321
2019-12-10,2917.3157,-0.04718050929845978,0.985975,28.9244446873239,0.23270285188262757,1.0786738988632694,49.96267099835372,0.17466666666666666,0.04666666666666667,0.6493333333333333,0.06786427145708583,0.4066666666666667,0.46,0.3008662674650699
2019-12-11,2924.4173,-0.0470282382466374,0.99671,34.78489011497868,0.22637218043081758,1.2775351144127312,50.16267408376397,0.18533333333333332,0.052,0.6786666666666666,0.04790419161676647,0.4186666666666667,0.488,0.3117618097139055
2019-12-12,2915.6983,-0.04758478853487083,1.00387,31.46012273060569,0.24910355193569966,0.9391002568328366,49.914968185027085,0.16266666666666665,0.06,0.6626666666666666,0.10179640718562874,0.39866666666666667,0.456,0.30696606786427144
2019-12-13,2967.6764,-0.04598695705088972,1.031205,21.403052043787,0.2373713655909509,2.6956324563681244,51.362839961730984,0.21866666666666668,0.08,0.5973333333333334,0.07385229540918163,0.5186666666666667,0.628,0.35275316034597476
2019-12-16,2984.3925,-0.0456191386811269,1.0626250000000002,34.735943604261934,0.23586690942031846,3.2262811202648844,51.81583510721664,0.23066666666666666,0.11333333333333333,0.6813333333333333,0.06986027944111776,0.5706666666666667,0.672,0.389643379906853
2019-12-17,3022.4219,-0.044381021373045976,1.1180050000000001,35.85238689179772,0.22870306971444404,4.481354720805553,52.82662138526977,0.3293333333333333,0.20533333333333334,0.6893333333333334,0.04790419161676647,0.6826666666666666,0.7293333333333333,0.4473173652694611
2019-12-18,3017.0444,-0.04449052736418585,1.15551,56.10869900940227,0.17997705090545943,4.236200148736846,52.668634691728,0.32,0.252,0.8013333333333333,0.001996007984031936,0.668,0.7213333333333334,0.46077711244178315
2019-12-19,3017.0658,-0.04447115606808909,1.18597,61.27011814640974,0.19703349793857391,4.174676697057489,52.6692043276083,0.32266666666666666,0.288,0.8213333333333334,0.007984031936127744,0.6613333333333333,0.7226666666666667,0.4706640053226879
2019-12-20,3004.9376,-0.0450594936379075,1.20585,70.94213714707976,0.18860699802288466,3.697066575308461,52.30841395832964,0.27066666666666667,0.30666666666666664,0.8506666666666667,0.005988023952095809,0.6266666666666667,0.7053333333333334,0.460998003992016
2019-12-23,2962.7513,-0.046266743439290596,1.21446,62.11453018262421,0.18968927176662048,2.1903983854787423,51.07770006944668,0.212,0.316,0.8213333333333334,0.00998003992015968,0.4826666666666667,0.6093333333333333,0.40855222887558224
2019-12-24,2982.6806,-0.04642920003635848,1.2144949999999999,47.401092370557535,0.20656495127718072,2.828334266223975,51.6214652211023,0.20266666666666666,0.31733333333333336,0.752,0.01996007984031936,0.536,0.6626666666666666,0.4151044577511644
2019-12-25,2981.8805,-0.04654925056953751,1.2293100000000001,43.57290064794557,0.19407964575236883,2.7457563507841787,51.5981819693589,0.20133333333333334,0.3253333333333333,0.7253333333333334,0.011976047904191617,0.528,0.66,0.40866267465069867
2019-12-26,3007.3546,-0.04621089350147749,1.2520250000000002,41.107551742199746,0.1910928064148443,3.5650745236709858,52.29100239036262,0.216,0.3426666666666667,0.716,0.011976047904191617,0.616,0.7053333333333334,0.4346626746506986
2019-12-27,3005.0355,-0.04609061019599378,1.2969849999999998,60.801586187853786,0.19898971608800048,3.424180682672695,52.222186744802485,0.21866666666666668,0.36,0.816,0.01996007984031936,0.592,0.6986666666666667,0.45088223552894213
2019-12-30,3040.0239,-0.04519026270969201,1.3404150000000001,40.31224743447319,0.2089662844870675,4.557776903388455,53.162581676498526,0.268,0.39866666666666667,0.7146666666666667,0.031936127744510975,0.6986666666666667,0.7733333333333333,0.4808782435129741
2019-12-31,3050.124,-0.04488647710621694,1.37465,43.69258105469936,0.20781749321173804,4.831048040058894,53.43015505160624,0.292,0.432,0.7306666666666667,0.029940119760479042,0.7293333333333333,0.7933333333333333,0.5012122421823021
2020-01-02,3085.1976,-0.04385761880871018,1.434965,36.098032650824166,0.21268535055917753,5.953633623031851,54.3460289473503,0.39066666666666666,0.5226666666666666,0.6906666666666667,0.031936127744510975,0.8306666666666667,0.8386666666666667,0.5508782435129741
2020-01-03,3083.7858,-0.04392370382753874,1.477555,50.50833444494123,0.22536537180134128,5.824209275990122,54.30255825924296,0.388,0.5586666666666666,0.776,0.03992015968063872,0.82,0.836,0.5697644710578842
2020-01-06,3083.4083,-0.04405993797006802,1.541825,56.82764405513899,0.2262365329900941,5.727285993138276,54.29081600851408,0.37733333333333335,0.64,0.8013333333333333,0.03992015968063872,0.8133333333333334,0.8346666666666667,0.5844311377245509
2020-01-07,3104.8015,-0.043563855300945406,1.58361,42.5530182283328,0.23148165830844947,6.372352179715768,54.850312167455236,0.408,0.6733333333333333,0.72,0.059880239520958084,0.8826666666666667,0.86,0.6006467065868263
2020-01-08,3066.8925,-0.044559717880390676,1.63582,26.467686528212994,0.26871155656985934,4.989569072350819,53.67306111898183,0.32666666666666666,0.7293333333333333,0.628,0.16167664670658682,0.7453333333333333,0.8013333333333333,0.5653905522288757
2020-01-09,3094.8819,-0.04418701270597761,1.665185,18.078189849459363,0.2695506997320698,5.860618375384252,54.403734058456216,0.36533333333333334,0.7413333333333333,0.576,0.16167664670658682,0.8213333333333334,0.8413333333333334,0.5845016633399868
2020-01-10,3092.2907,-0.0445378157904817,1.6863700000000001,25.333905397627404,0.28656572856480644,5.681326182413127,54.32352245634141,0.33066666666666666,0.7533333333333333,0.6226666666666667,0.2055888223552894,0.8066666666666666,0.8346666666666667,0.5922648037258816
2020-01-13,3115.5696,-0.0439828589279966,1.6853950000000002,40.17192888742531,0.2982857215955677,6.382196388183781,54.92724392402129,0.3893333333333333,0.7533333333333333,0.712,0.2375249500998004,0.8826666666666667,0.8653333333333333,0.6400319361277446
2020-01-14,3106.8204,-0.0440180039122166,1.6912600000000002,47.99979144229829,0.32439382611301515,5.997753133966177,54.652698621086195,0.38533333333333336,0.7586666666666667,0.76,0.2934131736526946,0.836,0.8506666666666667,0.647346640053227
2020-01-15,3090.0379,-0.04454395405133523,1.65915,54.940645504668794,0.3289918494173793,5.3451017131826095,54.127905365014556,0.3293333333333333,0.7373333333333333,0.792,0.31137724550898205,0.7706666666666667,0.8253333333333334,0.6276739853626081
2020-01-16,3074.0814,-0.0449735378998465,1.63947,45.950616023105056,0.34666852385881475,4.722910795433988,53.63275147481794,0.2813333333333333,0.732,0.7453333333333333,0.3413173652694611,0.708,0.7906666666666666,0.5997751164337991
2020-01-17,3075.4955,-0.04502269420801504,1.6284800000000001,45.05490442497029,0.36039897687427935,4.695308180828195,53.67073273711833,0.2813333333333333,0.7226666666666667,0.7373333333333333,0.3652694610778443,0.7053333333333334,0.7933333333333333,0.6008782435129741
2020-01-20,3095.7873,-0.04467178269389979,1.6228950000000002,40.98812732053557,0.37719543783380727,5.305678853858464,54.21495297445891,0.31866666666666665,0.7213333333333334,0.7093333333333334,0.4031936127744511,0.7666666666666667,0.8253333333333334,0.6240878243512974
2020-01-21,3052.1419,-0.04615829436662636,1.629285,49.574534878920076,0.41669395283480865,3.750700922546102,52.86427461731805,0.21866666666666668,0.7253333333333334,0.768,0.4550898203592814,0.624,0.7293333333333333,0.5867371922821025
2020-01-22,3060.7545,-0.04594448318097526,1.64798,58.88220973837022,0.44908321386703676,3.9692502018110476,53.097447283167924,0.23066666666666666,0.74,0.8066666666666666,0.5149700598802395,0.64,0.752,0.6140505655355954
2020-01-23,2976.5281,-0.04838696145753994,1.681015,26.963635394283983,0.4541385716214228,1.0524348535572159,50.62102424763715,0.14,0.76,0.624,0.5329341317365269,0.4066666666666667,0.5533333333333333,0.5028223552894212
2020-02-03,2746.6056,-0.056590237536691734,1.6913600000000002,-54.57915159229276,0.46608290247462375,-6.775684837103501,44.847097487961065,0.02666666666666667,0.7693333333333333,0.19066666666666668,0.5768463073852296,0.21866666666666668,0.14933333333333335,0.3219188290086494
2020-02-04,2783.2875,-0.05503447986704421,1.73033,-74.42819500213386,0.47142655003489076,-5.559316988954022,45.8436779239054,0.044,0.784,0.15333333333333332,0.5868263473053892,0.236,0.21733333333333332,0.336915502328676
2020-02-05,2818.0878,-0.05422512275018961,1.7489800000000002,-69.75415434627052,0.47630214421776124,-4.40730980049453,46.76648892642719,0.058666666666666666,0.7893333333333333,0.16133333333333333,0.6087824351297405,0.26,0.26666666666666666,0.35746373918829005
2020-02-06,2866.5097,-0.05298489821042794,1.7814450000000002,-82.82034708829303,0.46425639249610323,-2.7985479756933773,48.012925886610056,0.07066666666666667,0.8013333333333333,0.14,0.562874251497006,0.29733333333333334,0.312,0.3640345974717232
2020-02-07,2875.9636,-0.05269536875793308,1.7856400000000001,-72.20834429233969,0.4572682745180478,-2.517144836872509,48.25214684425627,0.07733333333333334,0.8053333333333333,0.15866666666666668,0.5429141716566867,0.3,0.324,0.36804125083167
2020-02-10,2890.4878,-0.052489951278206284,1.795845,-76.39117885546165,0.4745336599418682,-2.0659304412239288,48.61945978934439,0.07866666666666666,0.8053333333333333,0.152,0.5988023952095808,0.30666666666666664,0.344,0.38091151031270787
2020-02-11,2901.6744,-0.051667037972624286,1.77875,-85.14032033731979,0.5089076720963296,-1.7281960767553284,48.90195207854368,0.1,0.7973333333333333,0.13466666666666666,0.6866267465069861,0.31066666666666665,0.36133333333333334,0.39843779108449767
2020-02-12,2926.8991,-0.05104152712750529,1.7675049999999999,-101.1710445266969,0.5123001979797744,-0.9175512993511825,49.53462873078387,0.11066666666666666,0.792,0.11466666666666667,0.7045908183632734,0.32266666666666666,0.412,0.40943180306054555
2020-02-13,2906.0735,-0.051754225269052656,1.7576249999999998,-90.34090845864853,0.5348053059254456,-1.6637053450675232,49.027819989249075,0.09733333333333333,0.788,0.12933333333333333,0.7604790419161677,0.312,0.368,0.40919095143047235
2020-02-14,2917.0077,-0.051007760158807355,1.7589650000000003,-81.34670438280244,0.5898260174339729,-1.3368133793714265,49.303215964535084,0.11333333333333333,0.788,0.148,0.8782435129740519,0.31466666666666665,0.39866666666666667,0.44015169660678644
2020-02-17,2983.6224,-0.04898942451381669,1.7947049999999998,-102.10646832021115,0.6479527746474468,0.8606425396999517,50.93634261379518,0.14266666666666666,0.804,0.11466666666666667,0.9461077844311377,0.404,0.5946666666666667,0.5010179640718563
2020-02-18,2984.9716,-0.04928682904380836,1.829845,-94.90355197707316,0.7031520268693006,0.8516492296695599,50.968692420441215,0.14266666666666666,0.82,0.12266666666666666,0.9880239520958084,0.404,0.5973333333333334,0.5124484364604125
2020-02-19,2975.4019,-0.04938685797261513,1.85942,-99.64986071430144,0.694534627142984,0.47982125351877514,50.72878662552507,0.14,0.836,0.12,0.9700598802395209,0.38666666666666666,0.5693333333333334,0.5036766467065869
2020-02-20,3030.1542,-0.04778309612756173,1.9099500000000003,-111.99585208570977,0.7097879715753161,2.2768331932442987,52.03501205105144,0.17733333333333334,0.848,0.10533333333333333,0.9940119760479041,0.5133333333333333,0.672,0.5516686626746506
2020-02-21,3039.6692,-0.04776171452946751,1.9721149999999998,-111.66464022654037,0.7607282605356119,2.5470742571672256,52.257440075872516,0.18133333333333335,0.8893333333333333,0.10666666666666667,1.0,0.5226666666666666,0.6893333333333334,0.5648888888888889
2020-02-24,3031.2333,-0.04841334407714968,2.04001,-115.79954583854584,0.7542828864930594,2.2196942428383437,52.04107529943347,0.15733333333333333,0.9226666666666666,0.10133333333333333,0.998003992015968,0.5093333333333333,0.672,0.5601117764471059
2020-02-25,3013.0501,-0.04881032556305396,2.12549,-113.36069751398173,0.7478404185955005,1.5663283198964262,51.575623927158155,0.14933333333333335,0.9333333333333333,0.10666666666666667,0.9960079840319361,0.4613333333333333,0.6373333333333333,0.5473346640053226
2020-02-26,2987.9287,-0.04960592000953791,2.2121850000000003,-101.26951313832365,0.7395273345026232,0.6780384674779594,50.939113587749866,0.136,0.936,0.12133333333333333,0.9940119760479041,0.3973333333333333,0.588,0.5287797737857618
2020-02-27,2991.3288,-0.04979875554988257,2.259055,-97.46949138330723,0.7413179524261084,0.7604226723334939,51.0218437277162,0.136,0.9386666666666666,0.12933333333333333,0.9940119760479041,0.4,0.5946666666666667,0.5321131071190951
2020-02-28,2880.3038,-0.05300080921906147,2.30622,-85.66315289726344,0.7393866936315756,-2.9956549514636555,48.330722568063216,0.07066666666666667,0.94,0.14933333333333335,0.9900199600798403,0.296,0.33066666666666666,0.46278110445775106
2020-03-02,2970.9312,-0.050581203600498184,2.360735,31.88434038503351,0.7629522724038269,0.028281811641184262,50.48644315774375,0.12133333333333333,0.9426666666666667,0.656,1.0,0.3626666666666667,0.5386666666666666,0.6035555555555555
2020-03-03,2992.8968,-0.050051595896382944,2.378275,36.94545455362072,0.806052788066614,0.7351331054537447,50.987632486717395,0.13466666666666666,0.9426666666666667,0.684,1.0,0.4013333333333333,0.5946666666666667,0.6262222222222222
2020-03-04,3011.6657,-0.05032584950029424,2.39575,47.894377490176964,0.8018915731119525,1.338556188569151,51.41259405473526,0.12933333333333333,0.944,0.7533333333333333,0.998003992015968,0.4493333333333333,0.62,0.6490006653359947
2020-03-05,3071.6771,-0.048739083421693696,2.4430699999999996,54.285784733582375,0.7868592560764494,3.3425051512627535,52.737568423207804,0.16,0.944,0.7866666666666666,0.9960079840319361,0.5986666666666667,0.716,0.7002235528942116
2020-03-06,3034.5113,-0.050238705953394955,2.462275,45.35007735669092,0.781526327388256,2.079336067582127,51.85202128388799,0.132,0.944,0.7333333333333333,0.9940119760479041,0.5066666666666667,0.6586666666666666,0.6614464404524285
2020-03-09,2943.2907,-0.05358789468095966,2.50534,22.13289212847843,0.8091345919042445,-0.9878727318884728,49.7774600564011,0.06666666666666667,0.9466666666666667,0.5813333333333334,1.0,0.3253333333333333,0.44666666666666666,0.5611111111111112
2020-03-10,2996.7618,-0.051324534307434014,2.54954,9.448759797820003,0.8348120183774204,0.803322112540017,50.940938912521055,0.10933333333333334,0.9466666666666667,0.508,1.0,0.4093333333333333,0.5906666666666667,0.594
2020-03-11,2968.5174,-0.052062480900655315,2.586325,14.955050921461634,0.8322820347977293,-0.14332207559231147,50.31827838721408,0.092,0.9466666666666667,0.5333333333333333,0.998003992015968,0.3546666666666667,0.5146666666666667,0.5732228875582169
2020-03-12,2923.4856,-0.05288794165551948,2.59878,9.284611863304463,0.8053448403172957,-1.6443519577008292,49.345812998487915,0.07733333333333334,0.948,0.5026666666666667,0.9920159680638723,0.31466666666666665,0.4053333333333333,0.5400026613439787
2020-03-13,2887.4265,-0.053535199289005554,2.640395,2.6209772745049236,0.8171504926090758,-2.835685492957496,48.58548152212558,0.06933333333333333,0.948,0.4693333333333333,0.9960159362549801,0.2986666666666667,0.3453333333333333,0.5211137671536078
2020-03-16,2789.2537,-0.056208210394813676,2.65449,0.5678783033204127,0.8208412816715187,-6.099740814365595,46.608307955316825,0.032,0.948,0.45866666666666667,0.9960238568588469,0.228,0.25866666666666666,0.48689286503203005
2020-03-17,2779.6407,-0.056095681661867326,2.65273,-15.081039317468708,0.8198638093099997,-6.382167139193462,46.42125034339695,0.034666666666666665,0.9466666666666667,0.37066666666666664,0.9940476190476191,0.22266666666666668,0.252,0.4701190476190476
2020-03-18,2728.7563,-0.0576291556954743,2.644335,-33.97938049461493,0.801254968425765,-8.066083671054026,45.44496660425289,0.02,0.9453333333333334,0.256,0.9821782178217822,0.20933333333333334,0.19333333333333333,0.4343630363036304
2020-03-19,2702.1296,-0.058445176891849054,2.628625,-28.61359385771715,0.8009504852558429,-8.923284887328077,44.94478955147272,0.010666666666666666,0.9426666666666667,0.2773333333333333,0.9802371541501976,0.20933333333333334,0.16,0.4300395256916996
2020-03-20,2745.6182,-0.05757816816596864,2.588445,-45.282048287896885,0.8238186842294724,-7.4181987671997245,45.92772100682999,0.02266666666666667,0.9386666666666666,0.236,0.9960552268244576,0.21466666666666667,0.22533333333333333,0.4388980933596318
2020-03-23,2660.1674,-0.060789978272268334,2.545065,-80.86338272264692,0.8184307179193014,-10.25518773805587,44.354269207942025,0.0013333333333333333,0.9346666666666666,0.16533333333333333,0.9901574803149606,0.20133333333333334,0.128,0.40347069116360457
2020-03-24,2722.4381,-0.05876453847771115,2.479125,-105.98581676338938,0.8184307179193014,-8.121131399188986,45.7245270051835,0.008,0.9293333333333333,0.11333333333333333,0.9901574803149606,0.212,0.216,0.41147069116360463
2020-03-25,2781.5913,-0.05703183809999639,2.4094399999999996,-132.9821639834435,0.8120759722624068,-6.094340577538803,46.978729218084126,0.030666666666666665,0.9253333333333333,0.08933333333333333,0.984251968503937,0.23733333333333334,0.2853333333333333,0.42537532808398953
2020-03-26,2764.9109,-0.058165703541544024,2.368405,-146.2947017410857,0.7840267317543392,-6.615661037342213,46.67119490012222,0.018666666666666668,0.92,0.07733333333333334,0.968503937007874,0.22666666666666666,0.272,0.41386176727909013
2020-03-27,2772.2033,-0.057906202381169516,2.311665,-107.10421869169818,0.7838016763690459,-6.3290214472739414,46.825086755415036,0.02266666666666667,0.9146666666666666,0.11466666666666667,0.9665354330708661,0.232,0.28,0.42175590551181114
2020-03-30,2747.2138,-0.059024541924526996,2.2662050000000002,-86.76664492241878,0.7697443241136553,-7.130293683494937,46.3614790428987,0.005333333333333333,0.9106666666666666,0.15333333333333332,0.9625984251968503,0.22,0.25466666666666665,0.4177664041994751
2020-03-31,2750.2962,-0.059587162110126476,2.197965,-80.66306031154755,0.7649916875735499,-6.981924504403924,46.42763923817714,0.005333333333333333,0.9026666666666666,0.17333333333333334,0.9606299212598425,0.22266666666666668,0.2613333333333333,0.4209938757655293
2020-04-01,2734.5215,-0.06016330947430844,2.1491,-88.35219395828341,0.7614103549833661,-7.469172532149537,46.133157896086715,0.005333333333333333,0.9,0.15066666666666667,0.9566929133858267,0.21733333333333332,0.24,0.4116710411198601
2020-04-02,2780.6379,-0.058549853752769124,2.067515,-94.27169974212762,0.757091371513211,-5.875255409882851,47.12463200384275,0.017333333333333333,0.892,0.14,0.952755905511811,0.248,0.29733333333333334,0.424570428696413
2020-04-03,2763.9874,-0.05912762535341094,2.009485,-93.42289781130717,0.7176068631140059,-6.409335839653618,46.81005757185752,0.008,0.872,0.14666666666666667,0.937007874015748,0.23333333333333334,0.284,0.41350131233595794
2020-04-07,2820.7634,-0.05836881736326093,1.957385,-83.26941101686998,0.7176068631140059,-4.460724972949248,48.00683050263794,0.021333333333333333,0.8386666666666667,0.16666666666666666,0.937007874015748,0.2786666666666667,0.332,0.4290568678915135
2020-04-08,2815.3686,-0.05886221054962025,1.9036449999999998,-64.47701933953738,0.7228490668827019,-4.620242135403007,47.9032661196733,0.010666666666666666,0.804,0.21066666666666667,0.9389763779527559,0.27466666666666667,0.332,0.42849606299212595
2020-04-09,2825.9036,-0.05818170677487182,1.862575,-61.09013857697744,0.721555329004138,-4.22896139692599,48.12426159066445,0.028,0.7906666666666666,0.21333333333333335,0.937007874015748,0.288,0.3413333333333333,0.4330568678915136
2020-04-10,2796.6312,-0.0587862556121702,1.8352,-58.63378528411641,0.7074722140163959,-5.172972483807037,47.5574125853097,0.013333333333333334,0.7773333333333333,0.22133333333333333,0.9232283464566929,0.2613333333333333,0.316,0.41876027996500437
2020-04-13,2783.0476,-0.05896226573437534,1.7673999999999999,-57.333441067538786,0.7115707804621958,-5.583133611591684,47.29599384237209,0.010666666666666666,0.748,0.22533333333333333,0.9291338582677166,0.256,0.30533333333333335,0.41241119860017506
2020-04-14,2827.283,-0.057684735479523366,1.7137499999999999,-36.34769426025025,0.6986328870784002,-4.031754555014999,48.23307763604318,0.03866666666666667,0.7266666666666667,0.27466666666666667,0.905511811023622,0.2946666666666667,0.3506666666666667,0.4318075240594926
2020-04-15,2811.1741,-0.05827675901885783,1.6773400000000003,-44.065389915713695,0.6954128551199531,-4.522106505682144,47.919320308084565,0.028,0.708,0.25866666666666666,0.8956692913385826,0.2826666666666667,0.336,0.41816710411198593
2020-04-23,2838.4994,-0.0580286284189102,1.57415,100.56978745998362,0.6554219882940922,-3.2968258860900157,48.534577592864345,0.036,0.6293333333333333,0.916,0.8667992047713717,0.32133333333333336,0.376,0.5242443119063397
2020-04-24,2808.5293,-0.05827084815838125,1.572825,96.54048291920498,0.6620246113873838,-4.2597921742543505,47.929996722473284,0.030666666666666665,0.628,0.9066666666666666,0.8687872763419483,0.292,0.3373333333333333,0.5105756571681025
2020-04-27,2815.4947,-0.057348148637751666,1.56039,84.06594293614086,0.6071657222380119,-3.9637310709432105,48.08199250458161,0.05466666666666667,0.62,0.8813333333333333,0.8170974155069582,0.30133333333333334,0.3466666666666667,0.5035162359178263
2020-04-29,2822.4424,-0.056376507040752324,1.557035,39.49778890562993,0.532443836907159,-3.6098910027705156,48.24557123155165,0.07066666666666667,0.62,0.6986666666666667,0.6653386454183267,0.31333333333333335,0.3586666666666667,0.45444532979194335
2020-04-30,2860.0822,-0.05159340627597922,1.563725,30.217988119729114,0.5348174729838544,-2.2770571562055864,49.070033223040724,0.15333333333333332,0.6266666666666667,0.656,0.6733067729083665,0.3506666666666667,0.4186666666666667,0.4797733510402833
2020-05-06,2878.1402,-0.05083344887219125,1.57302,51.47876994436632,0.5351818851658242,-1.616964896013684,49.46062922573427,0.16666666666666666,0.6346666666666667,0.772,0.6752988047808764,0.36133333333333334,0.4573333333333333,0.5112164674634794
2020-05-07,2871.5232,-0.050542917413322924,1.580155,61.095508292223144,0.4942000239370376,-1.7988309585723838,49.32046874260534,0.17733333333333334,0.644,0.8133333333333334,0.5517928286852589,0.35733333333333334,0.448,0.49863213811420987
2020-05-08,2895.3444,-0.05002761868113685,1.563275,84.46517791629134,0.4957629340183514,-0.9532299699295366,49.83795189212156,0.192,0.6266666666666667,0.8853333333333333,0.5537848605577689,0.37733333333333335,0.508,0.5238530323151838
2020-05-11,2894.802,-0.04948783171206453,1.55446,85.88377082426567,0.4974168289352614,-0.9458155509084465,49.82623721662531,0.20266666666666666,0.6173333333333333,0.888,0.5577689243027888,0.37866666666666665,0.5053333333333333,0.5249614873837981
2020-05-12,2891.5564,-0.04970491640344102,1.5378699999999998,87.00986072271712,0.48259408251507707,-1.0337180320833528,49.75546892419904,0.19866666666666666,0.608,0.8893333333333333,0.5199203187250996,0.37333333333333335,0.496,0.5142089420097388
2020-05-13,2898.0495,-0.049059371294768894,1.519125,101.14326908762567,0.5058147172760823,-0.7869974183960515,49.899425970322284,0.212,0.5893333333333334,0.916,0.5816733067729084,0.384,0.5213333333333333,0.5340566622399291
2020-05-14,2870.3422,-0.0498920873988459,1.524265,98.87019207645989,0.5032801303732366,-1.7306795434080757,49.29003242268119,0.19333333333333333,0.5973333333333334,0.9133333333333333,0.5717131474103586,0.3586666666666667,0.44,0.5123966356795042
2020-05-15,2868.4587,-0.05057878047259197,1.517435,123.15529736930918,0.5196728472519605,-1.7873715605559615,49.24868762375892,0.17466666666666666,0.5893333333333334,0.9386666666666666,0.6274900398406374,0.3586666666666667,0.43466666666666665,0.5205816733067729
2020-05-18,2875.4176,-0.04993787112767892,1.522275,132.45599288276372,0.5606775696975683,-1.5466342763645446,49.40724177284366,0.19466666666666665,0.596,0.9533333333333334,0.7211155378486056,0.36666666666666664,0.456,0.5479637007525454
2020-05-19,2898.576,-0.049281263374732674,1.518195,127.58465740273209,0.5636606928647283,-0.7601708817432828,49.933618880242065,0.216,0.5906666666666667,0.9466666666666667,0.7270916334661355,0.3893333333333333,0.528,0.5662930500221337
2020-05-20,2883.7378,-0.04999290976293939,1.50367,125.58474294940658,0.5772982131442554,-1.260691688363036,49.599262949226265,0.19466666666666665,0.5666666666666667,0.9386666666666666,0.7629482071713147,0.372,0.4746666666666667,0.5516024789729969
2020-05-21,2867.9237,-0.05044110230499502,1.499645,127.70727148924635,0.5664205506879635,-1.7973535423521425,49.24389021266073,0.18266666666666667,0.564,0.9466666666666667,0.7350597609561753,0.3586666666666667,0.43466666666666665,0.536954404603807
2020-05-22,2813.7654,-0.05261068433985274,1.489875,119.01521730170535,0.6558717122097246,-3.642608979119988,48.0515790946392,0.12666666666666668,0.552,0.9293333333333333,0.8645418326693227,0.312,0.344,0.5214236387782204
2020-05-25,2817.9697,-0.051849118120352825,1.4722149999999998,127.49317579908256,0.6271281785554951,-3.482673944938419,48.15013123884302,0.148,0.5386666666666666,0.944,0.8346613545816733,0.32,0.35333333333333333,0.5231102257636122
2020-05-26,2846.5473,-0.050574357883831265,1.4444299999999999,112.05975261526373,0.633438698820051,-2.489288818712765,48.81755143429146,0.18,0.52,0.9186666666666666,0.8545816733067729,0.3506666666666667,0.404,0.5379858344400177
2020-05-27,2836.8036,-0.050659695251768305,1.42974,128.20024604187773,0.6394483976375962,-2.8170089677046484,48.60184895972977,0.172,0.504,0.9466666666666667,0.8545816733067729,0.3453333333333333,0.3893333333333333,0.5353191677733511
2020-05-28,2846.2217,-0.05067394999023017,1.426625,114.78101586514234,0.6315738256045432,-2.4911064543614025,48.82287675969986,0.172,0.5,0.9213333333333333,0.8386454183266933,0.3506666666666667,0.408,0.5317742363877822
2020-05-29,2852.3512,-0.050872316914193985,1.4070449999999999,102.10043040135096,0.637053121339014,-2.2739350402184,48.9673083305707,0.16933333333333334,0.4826666666666667,0.904,0.852589641434263,0.3586666666666667,0.41733333333333333,0.5307649402390439
2020-06-01,2915.4311,-0.04907414069191572,1.42484,85.28555550468795,0.6392514281539062,-0.115965723286926,50.4233763425298,0.228,0.5013333333333333,0.8653333333333333,0.852589641434263,0.42933333333333334,0.5906666666666667,0.577876051350155
2020-06-02,2921.398,-0.048242237097536916,1.429085,104.3213032774612,0.6453088522626897,0.07901579084228505,50.558315102309315,0.25066666666666665,0.508,0.9066666666666666,0.8545816733067729,0.44,0.6106666666666667,0.5950969455511288
2020-06-03,2923.3711,-0.04810763615885909,1.4303599999999999,107.0811325347477,0.6491200944546497,0.13695194317553394,50.60327349507241,0.252,0.512,0.908,0.8585657370517928,0.44266666666666665,0.6146666666666667,0.597983178397521
2020-06-04,2919.2506,-0.04783842910967171,1.429535,104.16996027407595,0.6502589836040907,-0.007873030965976913,50.50628588182695,0.264,0.5093333333333333,0.904,0.8585657370517928,0.43466666666666665,0.6,0.5950942895086322
2020-06-05,2930.7993,-0.04734288627244755,1.42546,102.5234835248192,0.6615082496998693,0.384827788511255,50.7736915524854,0.2866666666666667,0.5026666666666667,0.9013333333333333,0.8665338645418327,0.4613333333333333,0.6333333333333333,0.6086445329791943
2020-06-08,2937.7712,-0.047496792084443074,1.42687,92.85634955666069,0.6531977438409328,0.6204461246090975,50.93552128213184,0.28,0.5053333333333333,0.8773333333333333,0.8585657370517928,0.472,0.6466666666666666,0.6066498450641876
2020-06-09,2956.1116,-0.04712306721390043,1.4310500000000002,82.7827355775467,0.6617306039459354,1.241638306751014,51.36088152189564,0.296,0.5186666666666667,0.8506666666666667,0.8665338645418327,0.5173333333333333,0.6733333333333333,0.6204223107569721
2020-06-10,2943.7525,-0.04730774152865552,1.43766,74.38246140569694,0.6692712239869493,0.8121382660642551,51.05923760291609,0.2906666666666667,0.5333333333333333,0.8253333333333334,0.8685258964143426,0.4826666666666667,0.66,0.6100876494023905
2020-06-11,2920.8968,-0.048410608040780796,1.4495799999999999,80.33899901518132,0.6479555573789013,0.025196569472085706,50.50454452312367,0.24666666666666667,0.5413333333333333,0.8413333333333334,0.8466135458167331,0.43066666666666664,0.592,0.5831022576361222
2020-06-12,2919.7408,-0.04865539868704408,1.4653800000000001,66.10114187830192,0.6891575341373365,-0.02225940399099846,50.476497714837045,0.24133333333333334,0.5533333333333333,0.7906666666666666,0.8844621513944223,0.428,0.588,0.5809659141212926
2020-06-15,2890.0306,-0.04904034270113951,1.47076,56.95670278890685,0.7137510060853482,-1.0434739316842356,49.75834116672425,0.23066666666666666,0.5573333333333333,0.76,0.9282868525896414,0.38666666666666666,0.48933333333333334,0.5587144754316069
2020-06-16,2931.7493,-0.0474676557554448,1.4773900000000002,45.334919994616655,0.7253756088334176,0.3707112230711962,50.753254251051025,0.2853333333333333,0.5613333333333334,0.692,0.9382470119521913,0.4573333333333333,0.6253333333333333,0.5932633908809207
2020-06-17,2935.873,-0.04685527408380338,1.48537,48.23684560845578,0.7389783295490222,0.5003639104439017,50.85053988709398,0.31866666666666665,0.5693333333333334,0.7146666666666667,0.9402390438247012,0.46266666666666667,0.636,0.6069287295263391
2020-06-18,2939.3151,-0.04703423298635337,1.5042300000000002,48.303105766083235,0.7432944382136719,0.6163198227694622,50.93235909803166,0.31066666666666665,0.596,0.716,0.9462151394422311,0.4693333333333333,0.6426666666666667,0.6134803010181495
2020-06-19,2967.6341,-0.04608933680278843,1.52292,57.41711846461652,0.7220834074103897,1.5776112031923306,51.60265262755247,0.34933333333333333,0.6293333333333333,0.76,0.9302788844621513,0.544,0.7013333333333334,0.6523798140770253
2020-06-22,2965.2717,-0.04565362622383991,1.5553,46.36300361519076,0.7250900104443592,1.4891725868702466,51.543254916066715,0.368,0.652,0.6973333333333334,0.9322709163346613,0.536,0.6906666666666667,0.6460451527224436
2020-06-23,2970.6203,-0.04558126524164366,1.57314,56.48782079486571,0.7142969457440204,1.6598959692544435,51.67061933074645,0.37333333333333335,0.6706666666666666,0.7546666666666667,0.9183266932270916,0.5493333333333333,0.7066666666666667,0.662165559982293
2020-06-24,2979.5505,-0.04582676215568225,1.578105,56.597197369522235,0.6589340590648762,1.9526737212665957,51.88414771641521,0.36533333333333334,0.676,0.7546666666666667,0.8426294820717132,0.5653333333333334,0.7186666666666667,0.6537715803452856
2020-06-29,2961.5164,-0.04640573620253377,1.5832950000000001,54.937740249239596,0.6602442192029123,1.3256961892646135,51.42020540171208,0.3333333333333333,0.684,0.7426666666666667,0.8446215139442231,0.5173333333333333,0.6746666666666666,0.6327702523240372
2020-06-30,2984.6741,-0.046098441409048944,1.58771,44.78332453424787,0.6660432332028887,2.1086719228950113,51.97780792585094,0.34933333333333333,0.6893333333333334,0.6773333333333333,0.850597609561753,0.576,0.72,0.6437662682602922
2020-07-01,3025.981,-0.04484004977255416,1.592595,67.44665588012461,0.654755476908009,3.516317002724745,52.951879826047886,0.44266666666666665,0.692,0.796,0.8326693227091634,0.6866666666666666,0.7786666666666666,0.704778220451527
2020-07-02,3090.5693,-0.04312371741370087,1.6389150000000001,51.80784553082947,0.6410744266887736,5.713014747637302,54.413938690464946,0.5733333333333334,0.728,0.728,0.8147410358565738,0.856,0.8386666666666667,0.7564568393094291
2020-07-03,3152.8126,-0.04121079518636153,1.70899,28.33761476819049,0.6348702819004783,7.820707676433236,55.753889756355115,0.624,0.756,0.592,0.8067729083665338,0.9506666666666667,0.9013333333333333,0.7717954847277557
2020-07-06,3332.8807,-0.036250817310771885,1.85221,0.15648460687475563,0.6434285953953787,13.924053718797591,59.257391767782025,0.6666666666666666,0.804,0.444,0.8147410358565738,0.988,0.9986666666666667,0.7860123948649845
2020-07-07,3345.3369,-0.0358782410348996,2.002755,-5.543572005961181,0.614902839367885,14.292158298883617,59.481820518209354,0.672,0.876,0.4106666666666667,0.7669322709163346,0.9893333333333333,1.0,0.7858220451527224
2020-07-08,3403.4401,-0.034306436507260285,2.124345,-10.779969133468512,0.6393737540524463,16.21265045685991,60.50795957497953,0.7013333333333334,0.896,0.396,0.8087649402390438,1.0,1.0,0.8003497122620629
2020-07-09,3450.5935,-0.033361849403187205,2.264445,-7.031311936607409,0.6256376443526565,17.74687159028565,61.31203655201922,0.7146666666666667,0.9093333333333333,0.4013333333333333,0.7768924302788844,1.0,1.0,0.8003709606020363
2020-07-10,3383.3222,-0.03545116396623972,2.38442,-14.711555649395677,0.6515901780395532,15.398023620865754,59.562471579540144,0.6813333333333333,0.9226666666666666,0.376,0.8286852589641435,0.9946666666666667,0.9973333333333333,0.8001142098273574
2020-07-13,3443.2863,-0.03403455440244403,2.495565,-13.911638401961056,0.6552777190992994,17.37932142973717,60.57650770832085,0.7066666666666667,0.9306666666666666,0.38133333333333336,0.8326693227091634,0.9986666666666667,0.9986666666666667,0.8081115537848605
2020-07-14,3414.6186,-0.03511802810683014,2.59994,-28.961006675878536,0.6606273683979352,16.3387064936394,59.8509137718384,0.6906666666666667,0.9413333333333334,0.29333333333333333,0.8426294820717132,0.9973333333333333,0.996,0.7935493581230633
2020-07-15,3361.3044,-0.0366569550888181,2.68447,-23.431002345547398,0.6516220720663825,14.466706071722179,58.53238924389468,0.66,0.9506666666666667,0.3293333333333333,0.8247011952191236,0.9826666666666667,0.9853333333333333,0.7887835325365207
2020-07-16,3210.0986,-0.03968725109737402,2.775675,-21.195891493734166,0.6674914881234318,9.287874909602012,55.05395342006355,0.6373333333333333,0.952,0.34,0.850597609561753,0.9586666666666667,0.86,0.7664329349269589
2020-07-17,3214.1287,-0.03962108542069407,2.817645,-23.443511821404144,0.6686480890605981,9.383257452264537,55.12582944528921,0.6386666666666667,0.9533333333333334,0.32666666666666666,0.850597609561753,0.96,0.86,0.7648773793714033
2020-07-20,3314.149,-0.03768708240275485,2.871285,-44.015267524151625,0.6682761265896718,12.727928208199547,56.857336792397305,0.6506666666666666,0.96,0.26,0.848605577689243,0.9706666666666667,0.952,0.7736564851704294
2020-07-21,3320.8947,-0.03793415791751241,2.9027749999999997,-36.306443765713965,0.665515507000923,12.895077914355223,56.97057287628923,0.6493333333333333,0.9626666666666667,0.2773333333333333,0.8426294820717132,0.9706666666666667,0.9586666666666667,0.7768826914563967
2020-07-22,3333.1635,-0.038749052450894564,2.9474799999999997,-41.73110989704355,0.6612596084587137,13.248189842373591,57.17729149296661,0.6453333333333333,0.9693333333333334,0.2653333333333333,0.8346613545816733,0.9746666666666667,0.964,0.7755546702080567
2020-07-23,3325.1102,-0.03875882017828785,3.010395,-41.47334337796252,0.6572202267858114,12.914021383081952,56.99553949718329,0.6453333333333333,0.972,0.2693333333333333,0.8247011952191236,0.9693333333333334,0.9586666666666667,0.773227976980965
2020-07-24,3196.7684,-0.04188749016796682,3.084515,-65.63995068563776,0.6356058151616589,8.518267100796972,54.21808754172998,0.6106666666666667,0.976,0.20666666666666667,0.7828685258964143,0.936,0.804,0.7193669765382914
2020-07-27,3205.2268,-0.041587422552968045,3.11229,-59.369786997225845,0.6373412269660891,8.76587527122943,54.3662929433119,0.6173333333333333,0.9773333333333334,0.22133333333333333,0.7848605577689243,0.9386666666666666,0.8146666666666667,0.7256989818503762
2020-07-28,3227.9604,-0.040725360266317165,3.13904,-53.480464422453764,0.6158064284472953,9.49328345306293,54.76429377055621,0.6333333333333333,0.9786666666666667,0.244,0.7430278884462151,0.956,0.8333333333333334,0.731393536963258
2020-07-29,3294.5521,-0.03914530204884664,3.156535,-53.25619529441258,0.6098925054645888,11.692477488788855,55.90351121099407,0.648,0.98,0.24533333333333332,0.7350597609561753,0.9613333333333334,0.8933333333333333,0.743843293492696
2020-07-30,3286.822,-0.0394638601810688,3.1391999999999998,-40.59031796775051,0.5898064480969746,11.375641753297261,55.73873297272099,0.6453333333333333,0.9773333333333334,0.276,0.7091633466135459,0.96,0.8826666666666667,0.7417494466578131
2020-07-31,3310.0065,-0.03874294097786304,3.101815,-29.990649654924084,0.5607704919738457,12.096985432097007,56.13091212080923,0.6546666666666666,0.972,0.3,0.6434262948207171,0.9613333333333334,0.9053333333333333,0.739459938025675
2020-08-03,3367.9658,-0.03780294903044791,3.02098,-2.179010523893254,0.5224222089484435,13.987572087152866,57.09202971657187,0.6613333333333333,0.9653333333333334,0.4266666666666667,0.5717131474103586,0.98,0.9613333333333334,0.7610633023461708
2020-08-04,3371.6875,-0.03771128102572885,2.94839,-5.4325898155668995,0.5235260862166193,14.044300967860469,57.15298470198486,0.6626666666666666,0.96,0.4106666666666667,0.5737051792828686,0.98,0.9626666666666667,0.7582841965471446
2020-08-05,3377.5648,-0.03745100095586092,2.8806599999999998,5.811873578357165,0.5159246822981873,14.17509482753192,57.24996794556325,0.668,0.948,0.4746666666666667,0.5438247011952191,0.98,0.9653333333333334,0.76330411686587
2020-08-06,3386.4631,-0.03702266468767998,2.81128,12.708083369560939,0.5268385537345057,14.407528597058006,57.39760380083772,0.6733333333333333,0.9346666666666666,0.504,0.5776892430278885,0.9813333333333333,0.9653333333333334,0.7727259849490925
2020-08-07,3354.0352,-0.0375351708862207,2.759265,19.213119664534787,0.5302676762517503,13.24878214240135,56.67629515597063,0.6666666666666666,0.9306666666666666,0.5333333333333333,0.5856573705179283,0.9693333333333334,0.9346666666666666,0.7700540061974325
2020-08-10,3379.2524,-0.037335894767483835,2.6996200000000004,20.097112049402597,0.5279527501140775,14.034488232653896,57.10024330629524,0.6733333333333333,0.928,0.5426666666666666,0.5756972111553785,0.976,0.9573333333333334,0.7755050907481187
2020-08-11,3340.29,-0.03814155794935575,2.6527000000000003,18.062502584802274,0.5369282337416962,12.657672696099587,56.240365711477935,0.656,0.92,0.5293333333333333,0.601593625498008,0.9573333333333334,0.904,0.761376715360779
2020-08-12,3319.2656,-0.03841646775850214,2.615455,23.869782118483528,0.5371269265218775,11.886622275922099,55.78198843660771,0.656,0.9146666666666666,0.5613333333333334,0.603585657370518,0.9506666666666667,0.8773333333333333,0.7605976095617529
2020-08-13,3320.7261,-0.038518521345458565,2.5614049999999997,51.355738932830945,0.5440687877186593,11.867542028777178,55.80729050498617,0.656,0.9066666666666666,0.7253333333333334,0.6115537848605578,0.9493333333333334,0.8773333333333333,0.7877034085878708
2020-08-14,3360.0988,-0.03785879588696988,2.5451699999999997,38.72101077999673,0.552628919817908,13.111823422975476,56.486073923899774,0.6653333333333333,0.904,0.6373333333333333,0.6235059760956175,0.964,0.924,0.7863621071270473
2020-08-17,3438.801,-0.03623069058850906,2.552655,49.145313589633645,0.5556300387536083,15.658214253550007,57.79638503993823,0.7,0.9053333333333333,0.708,0.6235059760956175,0.9933333333333333,0.9746666666666667,0.8174732182381584
2020-08-18,3451.0894,-0.03575593680555311,2.5596550000000002,35.97690563397748,0.5501312555160414,15.965049879988303,57.99609365828878,0.7066666666666667,0.9053333333333333,0.6226666666666667,0.6155378486055777,0.9946666666666667,0.976,0.8034785303231518
2020-08-19,3408.1288,-0.03647741582392919,2.5623250000000004,29.83400283644582,0.5405699820262325,14.427099763546858,57.04183060164576,0.692,0.9066666666666666,0.5933333333333334,0.599601593625498,0.9786666666666667,0.9506666666666667,0.7868224878264719
2020-08-20,3363.8988,-0.037227687018742336,2.53742,13.128629453351323,0.5473517686816197,12.852797182902043,56.0811361647459,0.68,0.8973333333333333,0.5026666666666667,0.6075697211155379,0.9533333333333334,0.8866666666666667,0.7545949535192563
2020-08-21,3380.6825,-0.03708229633963005,2.4888749999999997,39.0507254783887,0.5321047592348865,13.32983019439653,56.36314875529612,0.6826666666666666,0.892,0.6373333333333333,0.5717131474103586,0.9653333333333334,0.9093333333333333,0.7763966356795042
2020-08-24,3385.6383,-0.03669801460247424,2.4761300000000004,38.61331733903597,0.5257612532737919,13.40648876638566,56.44665471771908,0.6906666666666667,0.888,0.6346666666666667,0.549800796812749,0.9653333333333334,0.9146666666666666,0.7738556883576804
2020-08-25,3373.5781,-0.03653998607684289,2.469995,42.83885181673759,0.519903117319619,12.917086942412315,56.182075880193636,0.696,0.8866666666666667,0.656,0.5298804780876494,0.9546666666666667,0.8946666666666667,0.7696467463479415
2020-08-26,3329.7388,-0.037239216820516494,2.458445,42.272935016959735,0.5219045182385976,11.373106820614343,55.2304697393576,0.68,0.884,0.6546666666666666,0.5398406374501992,0.9346666666666666,0.832,0.7541956617972554
2020-08-27,3350.1128,-0.036806885608321044,2.4218300000000004,37.1429249817609,0.49853285638128,11.975730631236647,55.58403028536272,0.692,0.8813333333333333,0.6266666666666667,0.4601593625498008,0.94,0.8506666666666667,0.7418043382027446
2020-08-28,3403.8066,-0.03417547785095021,2.3938499999999996,29.799474483668774,0.508306983655581,13.691267744896995,56.49956579219908,0.7493333333333333,0.8773333333333333,0.592,0.48406374501992033,0.9653333333333334,0.92,0.7646772908366534
2020-08-31,3395.6775,-0.03168696389412305,2.36472,42.34859167151632,0.5049203354507777,13.341657110955163,56.32182643643829,0.7773333333333333,0.8706666666666667,0.6586666666666666,0.4760956175298805,0.9626666666666667,0.9,0.7742381584772023
2020-09-01,3410.6068,-0.03113705655893356,2.295875,36.173529766576394,0.5000082403081705,13.759430335279133,56.57552763766396,0.7826666666666666,0.8626666666666667,0.6253333333333333,0.45617529880478086,0.9653333333333334,0.9266666666666666,0.7698069942452412
2020-09-02,3404.8017,-0.030724650448684304,2.2517950000000004,34.74364656156715,0.4956136919759639,13.486862296207036,56.446608121442765,0.7866666666666666,0.856,0.616,0.44621513944223107,0.9626666666666667,0.9106666666666666,0.7630358565737052
2020-09-03,3384.9806,-0.031061189763657827,2.19564,27.380975301638074,0.49003776711703534,12.75290347888478,56.0059570533134,0.784,0.848,0.58,0.42828685258964144,0.9426666666666667,0.8706666666666667,0.7422700309871626
2020-09-04,3355.3666,-0.031409017879257685,2.1320699999999997,23.590020104136414,0.5004175228158738,11.693279026688309,55.35309606751583,0.7786666666666666,0.844,0.5546666666666666,0.45617529880478086,0.9293333333333333,0.8266666666666667,0.731584772023019
2020-09-07,3292.5907,-0.032278424178347566,2.0887149999999997,8.811583906337688,0.5055884383918294,9.546653257133642,54.003642561350055,0.7746666666666666,0.8373333333333334,0.4826666666666667,0.4760956175298805,0.92,0.7613333333333333,0.7086826029216468
2020-09-08,3316.417,-0.0319559639346076,2.042885,12.254081030903137,0.5049295851374115,10.277340232664066,54.430036332508465,0.776,0.8293333333333334,0.49866666666666665,0.47410358565737054,0.9226666666666666,0.784,0.7141283753873395
2020-09-09,3254.6279,-0.03348714391003149,2.0328,-5.189986349773136,0.5190268556019351,8.170403400595717,53.13821590671101,0.76,0.828,0.412,0.5239043824701195,0.8906666666666667,0.736,0.6917618415227977
2020-09-10,3234.8234,-0.033831647910940454,2.028115,-20.051145476027585,0.5576155660798554,7.462382924449251,52.732570112624614,0.7546666666666667,0.828,0.3506666666666667,0.6235059760956175,0.8773333333333333,0.716,0.6916954404603808
2020-09-11,3260.3461,-0.03285987104672666,1.99731,-15.081432842873312,0.5713951506825223,8.261887628681786,53.19817553338689,0.772,0.82,0.37466666666666665,0.6693227091633466,0.8906666666666667,0.7373333333333333,0.7106648959716688
2020-09-14,3278.8138,-0.03249996517597505,1.9203,-0.9784971543801362,0.6211338762774294,8.824722836728549,53.533093539900825,0.7773333333333333,0.78,0.44,0.7470119521912351,0.8986666666666666,0.744,0.7311686586985392
2020-09-15,3295.6795,-0.032632775684711,1.858145,-9.197415741287045,0.635916379194521,9.335398780430504,53.83816587971841,0.7746666666666666,0.76,0.4026666666666667,0.7808764940239044,0.9106666666666666,0.7506666666666667,0.7299238601150951
2020-09-16,3283.9244,-0.03265614127363159,1.7870949999999997,-1.99648897319409,0.644230783521364,8.902344851086408,53.59018466325783,0.7746666666666666,0.7373333333333333,0.436,0.7948207171314741,0.8986666666666666,0.7426666666666667,0.7306923417441347
2020-09-17,3270.435,-0.032825321410619626,1.739895,8.265836712877217,0.6312408299485146,8.416056536853556,53.30526824847908,0.7733333333333333,0.7173333333333334,0.48933333333333334,0.7569721115537849,0.888,0.7386666666666667,0.7272731297034086
2020-09-18,3338.0897,-0.0316410243408916,1.7280799999999998,-6.976106921543703,0.680154299593703,10.612872853279987,54.531302417701816,0.7906666666666666,0.716,0.4066666666666667,0.8625498007968128,0.924,0.7866666666666666,0.747758300132802
2020-09-21,3316.9351,-0.032229709313073784,1.710945,-15.631064565509547,0.6963452713753675,9.868815094840965,54.08229947637041,0.7853333333333333,0.7093333333333334,0.372,0.8804780876494024,0.92,0.76,0.7378574590526782
2020-09-22,3274.3015,-0.03313904694046613,1.689395,-30.932024953861855,0.683788533986238,8.418499816691337,53.18975271620947,0.7706666666666667,0.7026666666666667,0.296,0.8625498007968128,0.8853333333333333,0.736,0.7088694112439132
2020-09-23,3279.7105,-0.03305025504367272,1.64663,-22.44318150412846,0.6713787284423914,8.561874609273179,53.2886571269724,0.7733333333333333,0.6866666666666666,0.33866666666666667,0.8466135458167331,0.888,0.7386666666666667,0.711991146525011
2020-09-24,3223.1764,-0.03416260084545001,1.6358799999999998,-42.48399524217578,0.6658824534001148,6.66336116722781,52.124628394283484,0.7506666666666667,0.6813333333333333,0.27066666666666667,0.8346613545816733,0.8426666666666667,0.6906666666666667,0.6784435590969456
2020-09-25,3219.4179,-0.03373465472221243,1.5992099999999998,-29.3897754460163,0.6468348226779861,6.5049637798481275,52.048193589589225,0.7586666666666667,0.6546666666666666,0.30666666666666664,0.7868525896414342,0.8293333333333334,0.6906666666666667,0.6711420982735724
2020-09-28,3217.5346,-0.033926239441130324,1.54075,-40.7316739917905,0.6500325051590832,6.410009773361458,52.009548997206736,0.756,0.5933333333333334,0.2773333333333333,0.7948207171314741,0.828,0.6853333333333333,0.6558034528552457
2020-09-29,3224.3593,-0.03360134899737599,1.50776,-38.20144127043437,0.6598151546493524,6.6039739169350575,52.13976801961705,0.7626666666666667,0.5546666666666666,0.284,0.8187250996015937,0.8386666666666667,0.6973333333333334,0.6593430721558212
2020-09-30,3218.0521,-0.03347415266420469,1.471185,-43.062386141519625,0.6693495639943149,6.365679020960124,52.00788334924683,0.7693333333333333,0.5186666666666667,0.2693333333333333,0.8446215139442231,0.82,0.6853333333333333,0.6512146967684816
2020-10-09,3272.0762,-0.03207788537654477,1.4486599999999998,-59.01876117393175,0.6825871169183926,8.109162564020611,53.03681425916874,0.796,0.5013333333333333,0.22266666666666668,0.8605577689243028,0.8773333333333333,0.7373333333333333,0.6658707392651616
2020-10-12,3358.4652,-0.03049129938732089,1.461755,-74.1871018756897,0.6852709747715466,10.90875754657754,54.61041982944989,0.8186666666666667,0.5106666666666667,0.19066666666666668,0.8645418326693227,0.924,0.8,0.6847569721115537
2020-10-13,3359.7499,-0.030428753950219385,1.4420600000000001,-52.596584475714536,0.7190512103654604,10.891957695218068,54.63327958067641,0.82,0.496,0.24933333333333332,0.9223107569721115,0.9226666666666666,0.8026666666666666,0.7021629039397963
2020-10-14,3340.7782,-0.030554968642312927,1.41615,-49.954292537860795,0.7280775493521818,10.205877181422295,54.22545297955231,0.8173333333333334,0.464,0.25333333333333335,0.9342629482071713,0.9173333333333333,0.7746666666666666,0.6934882691456398
2020-10-15,3332.1832,-0.030531436522738063,1.360085,-29.74710178641186,0.7405052141075534,9.864354801507247,54.04064066644174,0.8186666666666667,0.3973333333333333,0.31466666666666665,0.9422310756972112,0.9146666666666666,0.7693333333333333,0.6928162903939796
2020-10-16,3336.3582,-0.030463280022681068,1.31931,-32.60432727670445,0.7465762406520218,9.939491689273595,54.11745430215815,0.8226666666666667,0.376,0.30533333333333335,0.9462151394422311,0.916,0.772,0.6897025232403718
2020-10-19,3312.6671,-0.031029613202921837,1.3170199999999999,-25.89224024002391,0.752081868243843,9.101432094816397,53.603366065246334,0.812,0.37466666666666665,0.332,0.9482071713147411,0.8933333333333333,0.7546666666666667,0.6858123063302347
2020-10-20,3328.1029,-0.03094401387972942,1.2994350000000001,-31.72312859527878,0.7517151250745143,9.551607141980334,53.89195087971609,0.8146666666666667,0.36133333333333334,0.308,0.9462151394422311,0.9093333333333333,0.7666666666666667,0.6843691899070384
2020-10-21,3325.0247,-0.031015148527080295,1.29186,-23.450414454375363,0.7491087274885312,9.395933290972547,53.824437989824375,0.8133333333333334,0.3586666666666667,0.352,0.9442231075697212,0.9026666666666666,0.7626666666666667,0.6889260734838425
2020-10-22,3312.5005,-0.03140080873189874,1.28067,-22.53871567042887,0.7581421332556918,8.935299688143928,53.548434081675964,0.8066666666666666,0.356,0.35733333333333334,0.952191235059761,0.8866666666666667,0.7533333333333333,0.6853652058432934
2020-10-23,3277.9972,-0.03180346628051571,1.272035,-29.814714166986306,0.7589994542397612,7.762329819458036,52.79423607423903,0.8013333333333333,0.35333333333333333,0.316,0.952191235059761,0.86,0.724,0.667809650287738
2020-10-26,3251.1188,-0.03238791974469884,1.2423950000000001,-21.741867143161272,0.7606115408082885,6.842178446260183,52.21490294848755,0.7933333333333333,0.33466666666666667,0.364,0.952191235059761,0.836,0.7026666666666667,0.6638096502877379
2020-10-27,3254.3157,-0.03278415827606132,1.21844,-13.33118587883385,0.7678369667398179,6.90850712076807,52.27788831286968,0.784,0.32133333333333336,0.4186666666666667,0.9601593625498008,0.8373333333333334,0.7106666666666667,0.6720265604249668
2020-10-28,3269.238,-0.03258854856130786,1.204175,1.5520514573496484,0.7767154002052927,7.3575442386836,52.57296329000482,0.7906666666666666,0.30533333333333335,0.48133333333333334,0.9621513944223108,0.844,0.72,0.6839141212926073
2020-10-29,3272.7274,-0.03347428448006039,1.209495,-3.882425002163643,0.7577544394942932,7.424918905707112,52.64220562257295,0.7693333333333333,0.31066666666666665,0.4493333333333333,0.9423459244532804,0.848,0.7213333333333334,0.6735020985199912
2020-10-30,3224.5325,-0.03542367120853781,1.21675,13.746214204671247,0.7438725343588874,5.803376617603884,51.59020550915799,0.7266666666666667,0.32266666666666666,0.536,0.9265873015873016,0.776,0.66,0.6579867724867725
2020-11-02,3225.1196,-0.03559590605295639,1.2362449999999998,13.830471218720362,0.7248327133022121,5.785050833330629,51.60211989192922,0.7186666666666667,0.33866666666666667,0.5373333333333333,0.9047619047619048,0.7733333333333333,0.664,0.6561269841269841
2020-11-03,3271.0744,-0.034684508195996194,1.25529,-5.5105859104329795,0.7156277098267061,7.246027212104056,52.5269391113761,0.7466666666666667,0.352,0.44133333333333336,0.8888888888888888,0.8386666666666667,0.7226666666666667,0.665037037037037
2020-11-04,3277.4402,-0.03461720465919404,1.267145,-3.095371919844524,0.7216804065870253,7.40733576212711,52.653672607716814,0.7493333333333333,0.3626666666666667,0.456,0.8988095238095238,0.8453333333333334,0.7266666666666667,0.6731349206349208
2020-11-05,3320.1333,-0.033534309922645555,1.290965,-12.622009204540348,0.7239174064735494,8.75439786994443,53.49563959071669,0.7706666666666667,0.372,0.42,0.9027777777777778,0.8773333333333333,0.764,0.684462962962963
2020-11-06,3312.159,-0.033379882957911285,1.30573,15.923143801522713,0.7257117552263457,8.446001890597167,53.316554996613135,0.78,0.384,0.5533333333333333,0.9087301587301587,0.8706666666666667,0.7613333333333333,0.7096772486772487
2020-11-09,3373.7337,-0.03190476404475227,1.3212949999999999,35.78012443049917,0.7184469935664506,10.40140388830617,54.50576471374951,0.8133333333333334,0.3973333333333333,0.6466666666666666,0.8869047619047619,0.9186666666666666,0.82,0.7471507936507936
2020-11-10,3360.1485,-0.03221358500126046,1.345755,30.62409254464663,0.6942693632082739,9.8963088160259,54.19773478035827,0.8093333333333333,0.416,0.6333333333333333,0.8353174603174603,0.9133333333333333,0.7946666666666666,0.7336640211640212
2020-11-11,3342.2025,-0.03231130274138955,1.368975,31.923962460339368,0.6861135419821164,9.250321887811698,53.79164743149573,0.8066666666666666,0.428,0.6373333333333333,0.8257425742574257,0.892,0.7786666666666666,0.728068206820682
2020-11-12,3338.6788,-0.032218342174212364,1.375605,33.39241920859584,0.7084578610220432,9.08087248795415,53.71173923925727,0.8106666666666666,0.43866666666666665,0.6453333333333333,0.8675889328063241,0.8853333333333333,0.7773333333333333,0.7374870443566096
2020-11-13,3310.1046,-0.03273387936046138,1.3853300000000002,26.213482344826815,0.7231984593251565,8.10002819747484,53.06531907251059,0.7946666666666666,0.4493333333333333,0.6053333333333333,0.8994082840236687,0.856,0.7506666666666667,0.7259013806706114
2020-11-16,3346.9692,-0.03196800276738223,1.406405,22.219494647790555,0.7389793351928567,9.25321414684872,53.79085934219184,0.816,0.48133333333333334,0.5853333333333334,0.9153543307086615,0.892,0.7813333333333333,0.7452257217847769
2020-11-17,3339.895,-0.03191174811801375,1.4456399999999998,23.189732584054667,0.739927029613348,8.970888281328303,53.62998172984074,0.82,0.5306666666666666,0.588,0.9194499017681729,0.8826666666666667,0.7733333333333333,0.7523527614058065
2020-11-18,3347.3034,-0.03115067106059454,1.48141,21.794208986764602,0.7402848448716096,9.16009221413101,53.77638495003417,0.8346666666666667,0.5653333333333334,0.5826666666666667,0.9196078431372549,0.8853333333333333,0.7826666666666666,0.7617124183006535
2020-11-19,3363.0876,-0.03060405906206337,1.50891,20.676644899487258,0.6998408043972376,9.617796679646574,54.08869335353788,0.848,0.596,0.5786666666666667,0.8434442270058709,0.9066666666666666,0.8,0.7621295933898674
2020-11-20,3377.7267,-0.030747582601884392,1.536835,31.492408715713623,0.6905164579018561,10.027849444585545,54.377788235854986,0.8453333333333334,0.6253333333333333,0.6373333333333333,0.818359375,0.9146666666666666,0.82,0.7768376736111112
2020-11-23,3414.4899,-0.03046298596561625,1.605995,38.19469464962731,0.6753613477257877,11.153026420857959,55.095844891777396,0.8573333333333333,0.7,0.6626666666666666,0.7914230019493177,0.924,0.86,0.7992371669915529
2020-11-24,3402.8225,-0.03045489680637134,1.656955,36.58030350244522,0.6673209316464666,10.701488224270639,54.81894275014038,0.8586666666666667,0.7266666666666667,0.656,0.7762645914396887,0.92,0.8453333333333334,0.7971552096843926
2020-11-25,3362.3274,-0.03134097664358499,1.7069299999999998,33.51667336784979,0.6335911555879467,9.319726184098664,53.86872087979137,0.832,0.744,0.644,0.6970873786407767,0.8893333333333333,0.792,0.7664034519956849
2020-11-26,3369.7334,-0.03095765792178691,1.73031,27.447572978841748,0.6264394947611868,9.492396686786432,54.01613313499791,0.844,0.7533333333333333,0.6146666666666667,0.6705426356589147,0.896,0.7986666666666666,0.7628682170542636
2020-11-27,3408.3071,-0.029978241078248716,1.746715,34.9158857226208,0.6485614621257535,10.673974015935173,54.77725656699945,0.8706666666666667,0.7573333333333333,0.648,0.7292069632495164,0.9186666666666666,0.8466666666666667,0.795090049430475
2020-11-30,3391.7551,-0.030735908445383084,1.80049,24.592714780350207,0.6216047462110303,10.07105445369798,54.38663745007766,0.8493333333333334,0.7813333333333333,0.5946666666666667,0.6621621621621622,0.9106666666666666,0.824,0.7703603603603604
2020-12-01,3451.9384,-0.02937522729937795,1.834675,31.785665878259493,0.6206383095567289,11.94555554682719,55.55205858729257,0.8733333333333333,0.7866666666666666,0.632,0.6570327552986512,0.932,0.8853333333333333,0.7943943481053307
2020-12-02,3449.3805,-0.029233906604194226,1.87592,32.49368068154786,0.6382774716684441,11.783468331116008,55.49112252604943,0.8746666666666667,0.8026666666666666,0.6373333333333333,0.7076923076923077,0.928,0.88,0.8050598290598291
2020-12-03,3442.1359,-0.02945817897131745,1.8993599999999997,50.27868980422352,0.6148745866313688,11.468233140910566,55.31733491122506,0.8733333333333333,0.804,0.7306666666666667,0.6487523992322457,0.924,0.8733333333333333,0.8090142887609298
2020-12-04,3444.5814,-0.029697413955851883,1.906165,50.482739179809386,0.6063159358970681,11.469684977843396,55.36505223757936,0.8733333333333333,0.8066666666666666,0.732,0.6360153256704981,0.924,0.8773333333333333,0.8082247765006385
2020-12-07,3416.6037,-0.03023404032082127,1.8872399999999998,59.33305898635351,0.6111653694998883,10.491425044222268,54.68937876603267,0.8693333333333333,0.8,0.772,0.6462715105162524,0.9093333333333333,0.8466666666666667,0.8072674739749309
2020-12-08,3410.1771,-0.03058828407710148,1.86979,53.720593272256934,0.602835838287527,10.211312547628658,54.53478338649893,0.8546666666666667,0.7973333333333333,0.7413333333333333,0.6240458015267175,0.9053333333333333,0.8386666666666667,0.7935631891433418
2020-12-09,3371.964,-0.031079215730274543,1.866615,46.451744276039705,0.5861672917451831,8.908429325306821,53.62333755111585,0.8386666666666667,0.7946666666666666,0.7026666666666667,0.6076190476190476,0.856,0.7733333333333333,0.7621587301587301
2020-12-10,3373.2758,-0.03124821546357926,1.8780299999999996,38.78103000749019,0.5838353661705886,8.880283253367537,53.65022890850677,0.836,0.7986666666666666,0.66,0.6007604562737643,0.8533333333333334,0.7786666666666666,0.7545711871567384
2020-12-11,3347.191,-0.03139368233580834,1.9011699999999998,42.912197100544375,0.5706282478763833,7.972623812908042,53.03189541652932,0.832,0.804,0.6773333333333333,0.573055028462998,0.8293333333333334,0.7493333333333333,0.7441758380771665
2020-12-14,3369.1201,-0.031093341415226773,1.886955,47.53095686797539,0.5813474789014265,8.612117495726924,53.48762321814961,0.8413333333333334,0.7973333333333333,0.7093333333333334,0.5946969696969697,0.8453333333333334,0.768,0.7593383838383838
2020-12-15,3367.2326,-0.0312660367330584,1.8664849999999997,46.4205338933339,0.5813474789014265,8.482847191849485,53.44248880301932,0.8373333333333334,0.7893333333333333,0.7,0.5954631379962193,0.8386666666666667,0.7666666666666667,0.7545771896660366
2020-12-16,3366.9832,-0.031275863688238446,1.843385,46.02692925443449,0.5848552593166929,8.409497577019343,53.43646384227339,0.8373333333333334,0.7746666666666666,0.696,0.6037735849056604,0.8333333333333334,0.7666666666666667,0.7519622641509435
2020-12-17,3404.8732,-0.03050476694552816,1.8504850000000002,40.66782837971053,0.5924639803150854,9.559928468573432,54.22921442892086,0.868,0.7773333333333333,0.6613333333333333,0.6252354048964218,0.8906666666666667,0.82,0.7737614563716259
2020-12-18,3394.896,-0.030590467166298208,1.8567699999999998,42.418787419084566,0.5907231569343024,9.171382700483367,53.98447941316822,0.8626666666666667,0.7813333333333333,0.6693333333333333,0.6221804511278195,0.8653333333333333,0.8026666666666666,0.7672522974101922
2020-12-21,3420.5693,-0.030424360958075172,1.825185,38.23418800292393,0.5884379116165175,9.925813108146686,54.51857912314966,0.8773333333333333,0.7653333333333333,0.6466666666666666,0.6135084427767354,0.8986666666666666,0.848,0.7749180737961225
2020-12-22,3356.7822,-0.032043919744698834,1.83174,24.932887255465772,0.5943672805704125,7.815982961637835,52.97374330524956,0.816,0.768,0.576,0.6292134831460674,0.816,0.7493333333333333,0.7257578027465668
2020-12-23,3382.3195,-0.031598523146661284,1.8218900000000002,26.352687635461137,0.5914186316050996,8.571123984685292,53.507101590933196,0.8293333333333334,0.7613333333333333,0.58,0.6224299065420561,0.8386666666666667,0.7733333333333333,0.7341827622014537
2020-12-24,3363.1133,-0.03176588656651336,1.827055,23.47012593804166,0.5871769087537206,7.899828035849699,53.049509008254304,0.8266666666666667,0.764,0.5653333333333334,0.6063432835820896,0.8173333333333334,0.7506666666666667,0.7217238805970151
2020-12-25,3396.5626,-0.03161003087601505,1.830315,20.666726823590608,0.592361857538917,8.915381572544078,53.746157113131424,0.8306666666666667,0.7653333333333333,0.5506666666666666,0.6256983240223464,0.852,0.7893333333333333,0.7356163873370577
2020-12-28,3397.2854,-0.03181351976755278,1.80632,24.950407340566898,0.5760884208396682,8.886204442835343,53.76114926475848,0.8253333333333334,0.756,0.5746666666666667,0.5780669144981413,0.848,0.7893333333333333,0.7285667079719124
2020-12-29,3379.0362,-0.03219386443413917,1.8039749999999999,42.828477242121664,0.5760884208396682,8.251062425894396,53.3199003363018,0.8146666666666667,0.7546666666666667,0.6706666666666666,0.5788497217068646,0.8213333333333334,0.7613333333333333,0.7335860647289217
2020-12-30,3414.4527,-0.03194246285899119,1.7963749999999998,32.83579157550662,0.5771521140667678,9.32999416233975,54.059882972397425,0.8213333333333334,0.7506666666666667,0.6186666666666667,0.5814814814814815,0.8746666666666667,0.8106666666666666,0.7429135802469137
2020-12-31,3473.0693,-0.030674699323559804,1.8069600000000001,21.528274640850157,0.5995432120080253,11.14024694622302,55.2472286496015,0.8706666666666667,0.756,0.552,0.6333333333333333,0.9173333333333333,0.884,0.7688888888888888
2021-01-04,3502.9584,-0.02986581756535643,1.8482699999999999,6.534055029374031,0.6004151079797346,12.019256791097321,55.83580139722222,0.8986666666666666,0.7733333333333333,0.484,0.6333333333333333,0.9333333333333333,0.9066666666666666,0.7715555555555554
2021-01-05,3528.6767,-0.02995411809621499,1.8993900000000004,1.9113633693004886,0.6003299937310642,12.762934546165972,56.33548008576898,0.8986666666666666,0.8013333333333333,0.464,0.6314814814814815,0.9426666666666667,0.924,0.7770246913580249
2021-01-06,3550.8767,-0.029557934794556144,1.946445,0.7586851100389538,0.6253228981344788,13.389890737939014,56.762496239976166,0.9026666666666666,0.816,0.4573333333333333,0.6777777777777778,0.96,0.9426666666666667,0.7927407407407406
2021-01-07,3576.2046,-0.029108240846744494,1.9940000000000002,9.566416879309344,0.6549648575848585,14.115768022325547,57.24489073952329,0.908,0.8226666666666667,0.496,0.7555555555555555,0.9733333333333334,0.9613333333333334,0.8194814814814815
2021-01-08,3570.1082,-0.028971706097713483,2.02591,7.414516590562727,0.6865770561823651,13.839126659220202,57.089856558092194,0.9093333333333333,0.828,0.48533333333333334,0.8240740740740741,0.9653333333333334,0.9546666666666667,0.82779012345679
2021-01-11,3531.4978,-0.029448640640258275,2.0473149999999998,9.927451069006878,0.67282994082552,12.537421494739709,56.116516091051885,0.9053333333333333,0.8333333333333334,0.496,0.7962962962962963,0.932,0.9093333333333333,0.8120493827160494
2021-01-12,3608.3389,-0.028323722983608655,2.0748249999999997,1.1865696484723287,0.7047135085674473,14.904339954209744,57.572300575923165,0.912,0.8373333333333334,0.456,0.8629629629629629,0.9826666666666667,0.9693333333333334,0.836716049382716
2021-01-13,3598.6518,-0.028737944399129054,2.13038,-2.9466114183082937,0.7442076224427837,14.520963914927432,57.329846505769886,0.912,0.8426666666666667,0.4266666666666667,0.9314814814814815,0.9786666666666667,0.9613333333333334,0.8421358024691358
2021-01-14,3565.9046,-0.029386973056596617,2.1738500000000003,-9.383376905361615,0.7504530219494068,13.409240305548176,56.51622589918988,0.9066666666666666,0.8466666666666667,0.4,0.937037037037037,0.956,0.928,0.8290617283950618
2021-01-15,3566.3778,-0.029016258511801216,2.191265,3.29587247646802,0.7819608120104417,13.354643604162696,56.52524163970743,0.912,0.8466666666666667,0.468,0.9666666666666667,0.952,0.9293333333333333,0.8457777777777777
2021-01-18,3596.2237,-0.02838258987937313,2.19816,-5.68726790467926,0.781614820097439,14.231903406433833,57.09265332894285,0.916,0.8493333333333334,0.408,0.9648148148148148,0.972,0.9533333333333334,0.8439135802469137
2021-01-19,3566.3814,-0.02885012625049374,2.2117750000000003,-7.559804082096122,0.789691416409246,13.212131725881072,56.3490390322408,0.9146666666666666,0.8506666666666667,0.4,0.9722222222222222,0.9426666666666667,0.9133333333333333,0.8322592592592591
2021-01-20,3583.092,-0.02866182837390857,2.1953199999999997,9.327395128715182,0.8028088501336664,13.672130301420115,56.668621001806,0.9173333333333333,0.844,0.492,0.9777777777777777,0.956,0.9333333333333333,0.8534074074074075
2021-01-21,3621.2641,-0.028377541822799154,2.203205,7.991254207910231,0.7977560950352918,14.806060028294077,57.3892539423533,0.92,0.8493333333333334,0.484,0.9703703703703703,0.98,0.9613333333333334,0.8608395061728396
2021-01-22,3606.7496,-0.028898876398346002,2.21834,12.415177110185482,0.8238626137215671,14.27472274286501,57.02459877882717,0.9146666666666666,0.8533333333333334,0.504,0.9962962962962963,0.9706666666666667,0.9453333333333334,0.8640493827160495
2021-01-25,3624.2381,-0.028548634470223946,2.2282800000000003,15.736401719523457,0.8496103485882335,14.753571788357789,57.354759452096324,0.92,0.8546666666666667,0.52,1.0,0.9786666666666667,0.96,0.8722222222222222
2021-01-26,3569.429,-0.02918495663014456,2.213485,4.3571396338931265,0.8646974369123878,12.949583641719054,55.991495101639224,0.9106666666666666,0.8493333333333334,0.4666666666666667,1.0,0.932,0.8893333333333333,0.8413333333333334
2021-01-27,3573.3412,-0.02906202590868237,2.19548,2.645415335748936,0.8675773158930407,13.00196982302153,56.06686946326665,0.9133333333333333,0.8386666666666667,0.456,1.0,0.9333333333333333,0.892,0.838888888888889
2021-01-28,3505.1759,-0.030004164450777124,2.18704,-0.9105554467211618,0.8762704051450112,10.78612186815937,54.42448009175271,0.8973333333333333,0.8346666666666667,0.43066666666666664,1.0,0.8893333333333333,0.8173333333333334,0.8115555555555555
2021-01-29,3483.0692,-0.03054764780266772,2.17253,6.232437938581853,0.8744084978183884,10.033532780442368,53.906605181630134,0.8773333333333333,0.832,0.472,0.9981481481481481,0.8746666666666667,0.7746666666666666,0.8048024691358023
2021-02-01,3505.2836,-0.030301193274696957,2.1359850000000002,7.501294655812188,0.8856112044611787,10.671935640738738,54.34802650776127,0.892,0.828,0.4786666666666667,1.0,0.8853333333333333,0.8026666666666666,0.8144444444444444
2021-02-02,3533.6849,-0.029715490991604747,2.0867549999999997,-0.2734961508314484,0.8859802294322191,11.502049816538374,54.906350302215344,0.9053333333333333,0.8186666666666667,0.43466666666666665,1.0,0.9,0.844,0.8171111111111111
2021-02-03,3517.308,-0.0297500441301336,2.060335,0.3002678594752126,0.9104886291004025,10.90959085710792,54.51756573523966,0.9053333333333333,0.812,0.436,1.0,0.8906666666666667,0.8213333333333334,0.810888888888889
2021-02-04,3501.8592,-0.030196780455450448,2.022895,0.8375239788450415,0.9257804919302863,10.317362693074683,54.151790065323844,0.8973333333333333,0.8026666666666666,0.44,1.0,0.876,0.7853333333333333,0.8002222222222222
2021-02-05,3496.3329,-0.030338734482712,2.002605,0.5987381464572934,0.907038247208172,10.044394495548147,54.020681632093925,0.892,0.7973333333333333,0.43733333333333335,0.9962962962962963,0.8693333333333333,0.7773333333333333,0.7949382716049382
2021-02-08,3532.4467,-0.029557558571487806,1.9630850000000002,-3.454631804325089,0.9005520446202091,11.081147144537496,54.74474743601599,0.9133333333333333,0.7893333333333333,0.4026666666666667,0.9944444444444445,0.8906666666666667,0.8333333333333334,0.803962962962963
2021-02-09,3603.489,-0.028513523727744974,1.93686,-4.661922606236033,0.9196284960036292,13.210193936795234,56.11937374966826,0.9346666666666666,0.784,0.396,0.9981481481481481,0.936,0.896,0.8241358024691358
2021-02-10,3655.088,-0.02749297511442153,1.890515,-15.395076463310659,0.9198501931833626,14.718948981370183,57.076970797184536,0.9426666666666667,0.764,0.3466666666666667,0.9981481481481481,0.976,0.9466666666666667,0.8290246913580246
2021-02-18,3675.3571,-0.026659170167566817,1.88468,-11.350047337999143,0.920255104410659,15.241562579058577,57.445861295696716,0.9493333333333334,0.76,0.37066666666666664,0.9981481481481481,0.988,0.964,0.8383580246913581
2021-02-19,3696.168,-0.026562101516200608,1.8935650000000002,-17.563271702653623,0.9225249796689943,15.778723643531123,57.82221807409706,0.9506666666666667,0.764,0.34,0.9981481481481481,0.9933333333333333,0.9733333333333334,0.8365802469135802
2021-02-22,3642.4449,-0.027037934661706238,1.9519100000000003,-18.70492218233457,0.9231224605258905,13.993700836066324,56.51736225286097,0.948,0.7853333333333333,0.3333333333333333,0.9981481481481481,0.9573333333333334,0.916,0.8230246913580248
2021-02-23,3636.3573,-0.027194369989047236,1.9732399999999999,-15.193369718594084,0.9244617403545727,13.699240292764813,56.37159309836761,0.9466666666666667,0.7906666666666666,0.352,0.9981481481481481,0.948,0.9053333333333333,0.823469135802469
2021-02-24,3564.0799,-0.028422317752728354,1.9998200000000002,-24.555168165303513,0.9229012409580788,11.349204141800984,54.678392533714714,0.936,0.796,0.30666666666666664,0.9944444444444445,0.8853333333333333,0.8306666666666667,0.7915185185185186
2021-02-25,3585.0458,-0.02785075274482903,2.01099,-22.799467171795698,0.9128622048251449,11.920104244693475,55.074221162904536,0.944,0.8,0.31333333333333335,0.9851851851851852,0.8986666666666666,0.8506666666666667,0.7986419753086419
2021-02-26,3509.0804,-0.02909505961407261,2.012525,-36.467520470798206,0.9148696933053931,9.476920746202078,53.36646769077406,0.924,0.8,0.24933333333333332,0.9851851851851852,0.8346666666666667,0.7306666666666667,0.7539753086419753
2021-03-01,3551.3998,-0.02870055194901032,2.007145,-47.70853959635676,0.9223028622357335,10.717624780923153,54.167094951588425,0.9333333333333333,0.796,0.21733333333333332,0.9907407407407407,0.8733333333333333,0.7893333333333333,0.766679012345679
2021-03-02,3508.5912,-0.029480415254157274,2.0262350000000002,-41.55442902995375,0.9236636224579287,9.31781188183125,53.23222604725069,0.9146666666666666,0.804,0.24,0.9962962962962963,0.8226666666666667,0.7253333333333334,0.7504938271604938
2021-03-03,3576.9045,-0.02808503124404739,2.05316,-63.46821645558711,0.9185903253376088,11.371692888621187,54.49946472261004,0.9466666666666667,0.8106666666666666,0.18133333333333335,0.9814814814814815,0.884,0.8226666666666667,0.7711358024691357
2021-03-04,3503.4916,-0.0291565744851826,2.091805,-54.2329157101814,0.9188293179010599,9.021760372089837,52.9405589683424,0.924,0.82,0.204,0.9814814814814815,0.8053333333333333,0.7093333333333334,0.7406913580246913
2021-03-05,3501.9867,-0.02941997471200246,2.111375,-48.00561411559883,0.9125504191950176,8.908650156614705,52.90918666008747,0.9186666666666666,0.82,0.22,0.9740740740740741,0.7973333333333333,0.708,0.739679012345679
2021-03-08,3421.4141,-0.030894749226480084,2.14623,-56.678402685123984,0.9139689821224456,6.345568636300403,51.26441286672139,0.864,0.828,0.19866666666666666,0.975925925925926,0.7053333333333334,0.6066666666666667,0.6964320987654321
2021-03-09,3359.292,-0.03197575300493439,2.1914100000000003,-63.41760080873635,0.9135120828256893,4.366921737756635,50.051298641244315,0.8186666666666667,0.836,0.18266666666666667,0.9740740740740741,0.6346666666666667,0.49866666666666665,0.6574567901234568
2021-03-10,3357.7372,-0.032211446317645546,2.1919750000000002,-59.30016094032791,0.9158765985501672,4.256759541982702,50.02134001216984,0.8146666666666667,0.836,0.19066666666666668,0.9777777777777777,0.632,0.49466666666666664,0.6576296296296297
2021-03-11,3436.8313,-0.03058030742506008,2.1996849999999997,-80.79219766372756,0.9220269973200266,6.650895511218202,51.51428047911041,0.88,0.8426666666666667,0.15466666666666667,0.987037037037037,0.7213333333333334,0.6253333333333333,0.7018395061728396
2021-03-12,3453.0777,-0.030230283148253385,2.22215,-83.13351686791984,0.9194024637289261,7.0938767995379015,51.813266528687066,0.904,0.852,0.14533333333333334,0.9796296296296296,0.7346666666666667,0.6506666666666666,0.7110493827160494
2021-03-15,3419.9456,-0.031007864434139172,2.261875,-80.52838478562299,0.9173682259973801,6.012621649615824,51.16263617820863,0.8626666666666667,0.8573333333333333,0.15866666666666668,0.9740740740740741,0.696,0.608,0.69279012345679
2021-03-16,3446.7334,-0.030674735662986632,2.283975,-64.77356557799612,0.89212337170898,6.793335175816084,51.65894280775999,0.876,0.8613333333333333,0.184,0.9555555555555556,0.7266666666666667,0.644,0.707925925925926
2021-03-17,3445.5509,-0.030849149694260024,2.291855,-47.208339881236725,0.8760288136473087,6.702339860644324,51.635518702461425,0.8693333333333333,0.8613333333333333,0.232,0.9481481481481482,0.72,0.6413333333333333,0.7120246913580246
2021-03-18,3463.0681,-0.030568022585375,2.2731500000000002,-46.86808137760232,0.8713972398249403,7.175808743110501,51.96182095802422,0.8853333333333333,0.8573333333333333,0.23466666666666666,0.9444444444444444,0.7346666666666667,0.6586666666666666,0.7191851851851853
2021-03-19,3404.6634,-0.031931037463477696,2.25537,-62.70746009455996,0.8621541361413104,5.315107778514849,50.80612075553377,0.8266666666666667,0.8506666666666667,0.188,0.9388888888888889,0.6693333333333333,0.5746666666666667,0.6747037037037037
2021-03-22,3443.4392,-0.03126257862221847,2.196655,-63.377298595928465,0.8579612030310095,6.451990669690955,51.529890295732706,0.8533333333333334,0.8306666666666667,0.18533333333333332,0.937037037037037,0.7066666666666667,0.624,0.6895061728395061
2021-03-23,3411.5088,-0.03206049716670354,2.17136,-73.917122276013,0.861083915181162,5.401272864839823,50.90621841604916,0.8186666666666667,0.8173333333333334,0.16533333333333333,0.937037037037037,0.6706666666666666,0.5813333333333334,0.6650617283950617
2021-03-24,3367.0606,-0.033079782379639364,2.155405,-73.18874473767846,0.853787798200977,3.9663846691373905,50.0534457967596,0.7893333333333333,0.8146666666666667,0.16666666666666666,0.9333333333333333,0.6013333333333334,0.492,0.632888888888889
2021-03-25,3363.5915,-0.033352977274552616,2.12338,-70.82673311169691,0.8427079094186518,3.7856457195117654,49.98735549781201,0.7826666666666666,0.8026666666666666,0.17066666666666666,0.9296296296296296,0.5933333333333334,0.48,0.6264938271604938
2021-03-26,3418.3267,-0.03230052992542745,2.103755,-65.29680239546528,0.8640825004823728,5.391455195863748,51.0192412993967,0.812,0.8,0.17866666666666667,0.9388888888888889,0.6693333333333333,0.5946666666666667,0.6655925925925926
2021-03-29,3435.2958,-0.03310150072479895,2.092585,-59.97656220834645,0.8715955414236878,5.822427159350907,51.33403192227931,0.7906666666666666,0.7986666666666666,0.19066666666666668,0.9444444444444444,0.684,0.6053333333333333,0.6689629629629629
2021-03-30,3456.6766,-0.03279630992550007,2.073435,-52.22924352311176,0.8507565880380713,6.38214376817734,51.72930521697677,0.7973333333333333,0.792,0.22,0.9277777777777778,0.7026666666666667,0.6453333333333333,0.6808518518518518
2021-03-31,3441.9115,-0.03371989645247911,2.05245,-35.67374708280954,0.8495955795812318,5.837016017769492,51.43755087151323,0.7666666666666667,0.784,0.272,0.924074074074074,0.684,0.6146666666666667,0.6742345679012346
2021-04-01,3466.3315,-0.03323372479560728,2.0136700000000003,-26.18081729848859,0.8493385742326617,6.48233432134,51.891352039493896,0.7866666666666666,0.7706666666666667,0.30533333333333335,0.9222222222222223,0.7066666666666667,0.6573333333333333,0.6914814814814815
2021-04-02,3484.3924,-0.03293766863369012,1.9821650000000002,-37.469343299018846,0.8458991274129339,6.937026772448207,52.22524688199944,0.7973333333333333,0.756,0.26266666666666666,0.9203703703703704,0.7306666666666667,0.68,0.6911728395061728
2021-04-06,3482.9674,-0.032865358404984994,1.93159,-15.339298998388045,0.8091657305611328,6.801335280115306,52.19634310383196,0.7986666666666666,0.744,0.36933333333333335,0.8981481481481481,0.724,0.676,0.7016913580246914
2021-04-07,3479.6256,-0.03279478237963936,1.89452,1.418558592235371,0.8072201258081637,6.605408402136592,52.12792631986699,0.804,0.7306666666666667,0.4653333333333333,0.8944444444444445,0.712,0.6706666666666666,0.7128518518518518
2021-04-08,3482.5548,-0.03252906372648799,1.903705,-0.7157434835491472,0.7940166799981692,6.6023506549375055,52.183481122312735,0.816,0.736,0.44533333333333336,0.8796296296296297,0.7093333333333334,0.6746666666666666,0.7101604938271605
2021-04-09,3450.6772,-0.033244029594466984,1.887715,18.99726794497886,0.8089289877572168,5.535663788399003,51.52544428456915,0.7866666666666666,0.7253333333333334,0.548,0.8944444444444445,0.664,0.6133333333333333,0.7052962962962962
2021-04-12,3412.9477,-0.03416114563353476,1.8694950000000001,13.86477835915153,0.7980393519692576,4.297193270747579,50.75935186792914,0.7573333333333333,0.716,0.528,0.8796296296296297,0.6093333333333333,0.5533333333333333,0.6739382716049382
2021-04-13,3396.47,-0.034814327604059725,1.83487,17.47518304886168,0.7655934071957603,3.709730403324185,50.42821990715806,0.7453333333333333,0.6986666666666667,0.5426666666666666,0.8555555555555555,0.5746666666666667,0.5093333333333333,0.6543703703703704
2021-04-14,3416.7212,-0.034429749044892155,1.80641,14.40432123819599,0.7438761414791523,4.247102281686521,50.82689521392793,0.7533333333333333,0.6853333333333333,0.5266666666666666,0.8222222222222222,0.6053333333333333,0.5586666666666666,0.6585925925925925
2021-04-15,3398.9875,-0.03471188557580895,1.7899850000000002,7.810002113433626,0.7337273233270851,3.625724397299579,50.467479110217525,0.748,0.676,0.49333333333333335,0.8018518518518518,0.568,0.512,0.6331975308641975
2021-04-16,3426.6178,-0.03437472977595064,1.78094,3.7189959552000573,0.7053787915133988,4.390968305921428,51.01326361678121,0.756,0.668,0.476,0.7537037037037037,0.6133333333333333,0.5813333333333334,0.641395061728395
2021-04-19,3477.5485,-0.033704500411967535,1.7775050000000001,15.029176855126622,0.6975695207650583,5.857139279171419,51.99914861848844,0.776,0.6653333333333333,0.5293333333333333,0.7407407407407407,0.6773333333333333,0.6573333333333333,0.6743456790123457
2021-04-20,3472.9427,-0.033865765431769085,1.7673549999999998,27.836349764989478,0.698413878465472,5.63371562094217,51.90362223122174,0.7693333333333333,0.6613333333333333,0.6026666666666667,0.7425925925925926,0.664,0.6506666666666666,0.6817654320987655
2021-04-21,3472.9298,-0.03397375577621922,1.7438500000000001,38.37199445242453,0.6577320360878811,5.5464777833732715,51.90335217159339,0.7666666666666667,0.6533333333333333,0.6573333333333333,0.6722222222222223,0.6613333333333333,0.6493333333333333,0.6767037037037037
2021-04-22,3465.1138,-0.03433644496184868,1.72186,52.93313715554041,0.6160681428190488,5.221695422725969,51.73841351645641,0.7573333333333333,0.6466666666666666,0.7453333333333333,0.5796296296296296,0.6453333333333333,0.6346666666666667,0.6681604938271605
2021-04-23,3474.166,-0.034227094028981025,1.71578,48.23337020368686,0.6220302246913404,5.413747878116282,51.91736585833527,0.76,0.644,0.7226666666666667,0.587037037037037,0.656,0.6506666666666666,0.6700617283950617
2021-04-26,3441.1658,-0.034837905007246164,1.71634,63.93662433796953,0.6002337094825151,4.332675991769919,51.21725466394289,0.744,0.644,0.788,0.5407407407407407,0.6026666666666667,0.5853333333333334,0.6507901234567901
2021-04-27,3442.6111,-0.03518234937310651,1.7065000000000001,69.54442483578035,0.62335177448815,4.29773492259935,51.24637224163805,0.7346666666666667,0.636,0.8066666666666666,0.587037037037037,0.6,0.5853333333333334,0.658283950617284
2021-04-28,3457.0683,-0.03553656045218039,1.695525,69.14838531990591,0.6021852971515431,4.657279192965547,51.538962861667855,0.7226666666666667,0.6333333333333333,0.8053333333333333,0.5425925925925926,0.6173333333333333,0.6093333333333333,0.6550987654320988
2021-04-29,3474.9011,-0.037062138516875176,1.693895,70.85833003197712,0.6419190860014578,5.11791959560981,51.899039597101485,0.6853333333333333,0.632,0.812,0.6333333333333333,0.6413333333333333,0.6466666666666666,0.6751111111111111
2021-04-30,3446.8564,-0.04020527219059786,1.7035399999999998,68.15929595153167,0.6501891065263429,4.1914037601294085,51.292940389105524,0.636,0.6333333333333333,0.7973333333333333,0.65,0.5866666666666667,0.584,0.647888888888889
2021-05-06,3441.2826,-0.040419404831457874,1.7187949999999996,72.48354641667254,0.6670163477380382,3.9478471561801953,51.17283100926505,0.636,0.6453333333333333,0.816,0.6925925925925925,0.568,0.5773333333333334,0.6558765432098765
2021-05-07,3418.8741,-0.04067734541429712,1.7575800000000001,65.05605108610538,0.6692066531308642,3.1986064962059135,50.69026382207612,0.6346666666666667,0.6573333333333333,0.784,0.7,0.5186666666666667,0.528,0.6371111111111111
2021-05-10,3427.9909,-0.0405596450681312,1.78246,60.79905844320274,0.665160404955726,3.396462759807495,50.880832484588375,0.636,0.6706666666666666,0.7706666666666667,0.6833333333333333,0.528,0.548,0.6394444444444444
2021-05-11,3441.8454,-0.040392564880673366,1.78832,56.69011244041317,0.6692677168836003,3.735955644938871,51.17083318917014,0.64,0.6746666666666666,0.7533333333333333,0.7,0.5573333333333333,0.576,0.6502222222222221
2021-05-12,3462.7513,-0.040035503851221364,1.7987199999999999,63.9899541382363,0.6682309614046895,4.283988833041619,51.60680943362547,0.6453333333333333,0.68,0.78,0.6925925925925925,0.5946666666666667,0.62,0.6687654320987654
2021-05-13,3429.5361,-0.04066298535791544,1.8019349999999998,70.48816297070945,0.6657574678554826,3.2082030469253064,50.87697342601086,0.636,0.6813333333333333,0.8066666666666666,0.6814814814814815,0.5146666666666667,0.5426666666666666,0.6438024691358025
2021-05-14,3490.3762,-0.03936393629605981,1.822385,59.62042935169134,0.6772516595015127,4.95948552170824,52.1309196457767,0.656,0.688,0.7626666666666667,0.7092592592592593,0.6346666666666667,0.6706666666666666,0.6868765432098765
2021-05-17,3517.6158,-0.0388851492357618,1.8481049999999999,55.55316123192557,0.6582061977768785,5.697309246009041,52.677836982801914,0.6626666666666666,0.7013333333333334,0.7413333333333333,0.6592592592592592,0.6653333333333333,0.7013333333333334,0.6885432098765433
2021-05-18,3529.0144,-0.03870465250732931,1.85791,55.78162145548919,0.6363371029683912,5.956082366302828,52.90552483397166,0.668,0.708,0.7426666666666667,0.6018518518518519,0.68,0.7133333333333334,0.6856419753086419
2021-05-19,3510.9647,-0.03925072976076046,1.8614799999999998,62.73241876303126,0.6408785152749645,5.336273761384991,52.501028990095314,0.6586666666666666,0.7106666666666667,0.776,0.6129629629629629,0.6453333333333333,0.6906666666666667,0.6823827160493828
2021-05-20,3506.9444,-0.03962146853470025,1.8340149999999997,79.97752553976429,0.625602796142666,5.138419366934577,52.410773302123765,0.652,0.692,0.8386666666666667,0.5685185185185185,0.6373333333333333,0.688,0.6794197530864197
2021-05-21,3486.5569,-0.040155301093443826,1.81798,72.33730587881018,0.6687465517706425,4.452671090906213,51.95276489921795,0.6453333333333333,0.68,0.8133333333333334,0.6944444444444444,0.5986666666666667,0.644,0.6792962962962963
2021-05-24,3497.2821,-0.039966512957233136,1.8117899999999998,68.96969800184118,0.6702557688023426,4.69880096633386,52.17509635428689,0.652,0.6786666666666666,0.796,0.7018518518518518,0.6146666666666667,0.668,0.6851975308641975
2021-05-25,3581.3418,-0.03831824958238188,1.8205300000000002,48.713467687323885,0.7002955322740596,7.124105350986487,53.86701322573912,0.6773333333333333,0.68,0.7026666666666667,0.7462962962962963,0.7333333333333333,0.7773333333333333,0.7194938271604938
2021-05-26,3593.357,-0.03832701529529833,1.845815,48.099333368284334,0.6835366004167456,7.390359066637009,54.10171536260012,0.6773333333333333,0.6973333333333334,0.6946666666666667,0.7166666666666667,0.7413333333333333,0.7946666666666666,0.7203333333333334
2021-05-27,3608.8507,-0.037970944763160444,1.852085,48.664990754053434,0.6883865332617972,7.758920997664265,54.40420251114337,0.6853333333333333,0.7013333333333334,0.7013333333333334,0.7240740740740741,0.756,0.8226666666666667,0.7317901234567902
2021-05-28,3600.7844,-0.037968772072606016,1.87414,42.66633134859083,0.6978178799373673,7.427963723333675,54.21609314406642,0.6866666666666666,0.7173333333333334,0.6493333333333333,0.737037037037037,0.7453333333333333,0.8013333333333333,0.7228395061728395
2021-05-31,3615.4773,-0.0381601641682641,1.8911799999999999,40.94921228963014,0.7020719802123324,7.772208849282869,54.505840363058155,0.68,0.7266666666666667,0.6373333333333333,0.7462962962962963,0.7573333333333333,0.832,0.7299382716049383
2021-06-01,3624.7138,-0.03810488168885193,1.905825,38.27410751206361,0.7148226030805768,7.950126562150173,54.68813369865658,0.684,0.736,0.6213333333333333,0.7685185185185185,0.7626666666666667,0.844,0.7360864197530864
2021-06-02,3597.1379,-0.03833359756708517,1.9108049999999999,35.348435886185456,0.725654319873457,7.028989328754909,54.03446042691825,0.6773333333333333,0.7386666666666667,0.604,0.7962962962962963,0.724,0.7826666666666666,0.7204938271604938
2021-06-03,3584.2121,-0.03870111911537783,1.9174600000000002,34.49130105558842,0.7259132131281915,6.547230349620881,53.73004610788024,0.6746666666666666,0.7413333333333333,0.5973333333333334,0.7981481481481482,0.696,0.756,0.7105802469135803
2021-06-04,3591.8447,-0.03818015605726201,1.90061,32.331862908355475,0.7173165562177672,6.679582460405253,53.88517845529306,0.6826666666666666,0.728,0.588,0.7666666666666667,0.7053333333333334,0.7706666666666667,0.7068888888888889
2021-06-07,3599.541,-0.03788787743535521,1.870485,27.381569896790353,0.716905834965947,6.811379575544896,54.04229561248445,0.696,0.7093333333333334,0.5613333333333334,0.7648148148148148,0.716,0.784,0.7052469135802469
2021-06-08,3580.1063,-0.038194306647872406,1.8483900000000002,28.270453079804383,0.7457182109401947,6.1422234527513275,53.576169858449916,0.6826666666666666,0.6893333333333334,0.5693333333333334,0.8240740740740741,0.6746666666666666,0.74,0.6966790123456789
2021-06-09,3591.3965,-0.038040787239075606,1.8379600000000003,23.879384453193524,0.7336646830947631,6.3837136975710695,53.8102106663629,0.6933333333333334,0.6826666666666666,0.5386666666666666,0.7981481481481482,0.684,0.7613333333333333,0.6930246913580246
2021-06-10,3610.859,-0.03773844240473649,1.8304749999999999,31.188803004557144,0.755149743014638,6.872166447629491,54.21259966589736,0.7026666666666667,0.6746666666666666,0.5786666666666667,0.837037037037037,0.7186666666666667,0.796,0.7179506172839506
2021-06-11,3589.7481,-0.03784348683506007,1.8316700000000001,44.639986177710384,0.7328171823868531,6.16333536183491,53.69946576379811,0.7013333333333334,0.6746666666666666,0.6626666666666666,0.7944444444444444,0.672,0.748,0.7088518518518518
2021-06-15,3556.559,-0.03872327434679934,1.8233350000000002,42.97531850514997,0.7620081794756608,5.1030736880183,52.90338854605897,0.6733333333333333,0.6666666666666666,0.652,0.85,0.616,0.6933333333333334,0.6918888888888889
2021-06-16,3518.3292,-0.03927511376650691,1.8217050000000001,38.88436590860806,0.7487409756753575,3.899733222168056,52.00535542949106,0.6626666666666666,0.6613333333333333,0.6253333333333333,0.8240740740740741,0.532,0.6293333333333333,0.6557901234567901
2021-06-17,3525.6042,-0.0390855667449997,1.8128500000000003,41.74169145632375,0.7313904042356046,4.0414708827788415,52.16162296894809,0.668,0.6573333333333333,0.64,0.7888888888888889,0.544,0.6466666666666666,0.6574814814814814
2021-06-18,3525.0968,-0.039313894145997834,1.829595,34.833550442024006,0.7329932397794927,3.954427327602783,52.149647367386024,0.6626666666666666,0.6693333333333333,0.596,0.7907407407407407,0.536,0.644,0.6497901234567901
2021-06-21,3529.1826,-0.03950327428289126,1.837605,36.38401529940781,0.731855079149876,4.004610692468824,52.238936658256094,0.6586666666666666,0.6813333333333333,0.6053333333333333,0.7870370370370371,0.5426666666666666,0.6546666666666666,0.6549506172839505
2021-06-22,3557.412,-0.038954427099076275,1.85016,29.973361514171017,0.7305784502056596,4.760746179445374,52.85360349445952,0.6733333333333333,0.6893333333333334,0.568,0.7833333333333333,0.5973333333333334,0.6893333333333334,0.6667777777777778
2021-06-23,3566.2199,-0.03880089009538992,1.851035,47.37093377972464,0.7214873506628436,4.9403555252035325,53.04427140561736,0.676,0.6906666666666667,0.684,0.7574074074074074,0.6066666666666667,0.7053333333333334,0.686679012345679
2021-06-24,3566.6539,-0.038799216936574,1.83208,50.371345262828754,0.7079821358546016,4.8732709421749565,53.05373159953595,0.6773333333333333,0.672,0.7093333333333334,0.7277777777777777,0.6053333333333333,0.7066666666666667,0.6830740740740741
2021-06-25,3607.5618,-0.038010335347251116,1.831585,39.08375176969672,0.6830635659880308,5.986674754903865,53.93827992713376,0.7053333333333334,0.668,0.624,0.6777777777777778,0.6613333333333333,0.7706666666666667,0.6845185185185186
2021-06-28,3606.3722,-0.038033993656349754,1.8166550000000001,38.78992708635812,0.6822362455931423,5.8677944530983295,53.90841074784172,0.7053333333333334,0.6493333333333333,0.6213333333333333,0.6722222222222223,0.6573333333333333,0.7693333333333333,0.6791481481481482
2021-06-29,3573.1779,-0.038713186583091336,1.80288,33.240134943656685,0.6603820632702362,4.814913087763739,53.079010657497065,0.684,0.64,0.5826666666666667,0.6166666666666667,0.592,0.7053333333333334,0.6367777777777778
2021-06-30,3591.197,-0.03844100023850282,1.7722449999999998,29.62889977389085,0.6714788460192115,5.262967611378655,53.471967020757525,0.6893333333333334,0.616,0.5613333333333334,0.6611111111111111,0.6186666666666667,0.724,0.6450740740740741
2021-07-01,3588.7816,-0.03833429313971401,1.751145,33.45689481390919,0.6699944950538279,5.11561656584909,53.41133262581425,0.692,0.6066666666666667,0.5853333333333334,0.6574074074074074,0.612,0.7186666666666667,0.6453456790123456
2021-07-02,3518.7595,-0.03974722021040282,1.72878,20.396208372638597,0.6792945016132662,2.9978745056844502,51.69293887887848,0.6533333333333333,0.596,0.5066666666666667,0.674074074074074,0.46,0.5826666666666667,0.5787901234567902
2021-07-05,3534.3222,-0.03949291625995391,1.7148949999999998,19.294556148987482,0.6806149856178643,3.3851765887143115,52.039734151512796,0.6613333333333333,0.5866666666666667,0.5,0.6759259259259259,0.4786666666666667,0.6186666666666667,0.5868765432098765
2021-07-06,3530.2589,-0.039230450152981385,1.7127699999999997,20.501695256746956,0.685028427099871,3.199819235614343,51.94128280318185,0.672,0.584,0.5066666666666667,0.6851851851851852,0.4666666666666667,0.604,0.5864197530864198
2021-07-07,3553.7155,-0.039104258170201855,1.7132549999999998,21.3502543319225,0.6431498747855101,3.8136367456004017,52.466244245164106,0.6746666666666666,0.584,0.5106666666666667,0.5666666666666667,0.516,0.6586666666666666,0.5851111111111111
2021-07-08,3525.5039,-0.04044554999617304,1.7242950000000001,15.259293663162907,0.6344184752405808,2.924455090873024,51.7783548134587,0.64,0.5933333333333334,0.484,0.5425925925925926,0.45066666666666666,0.5853333333333334,0.549320987654321
2021-07-09,3524.0881,-0.04019574739329527,1.7296950000000002,15.73914529528669,0.6316872989862541,2.8233121575035103,51.74392578804992,0.6453333333333333,0.596,0.4866666666666667,0.5333333333333333,0.44266666666666665,0.5813333333333334,0.5475555555555556
2021-07-12,3547.8362,-0.04045410747997055,1.7395599999999998,14.893323127402752,0.6403380832454812,3.4610029051303615,52.282117627213324,0.64,0.5986666666666667,0.4786666666666667,0.5611111111111111,0.4866666666666667,0.6493333333333333,0.5690740740740741
2021-07-13,3566.5225,-0.040292283969901116,1.75199,18.16449445555054,0.6452068990244211,3.9557606006000556,52.70185360093921,0.6453333333333333,0.6066666666666667,0.49333333333333335,0.5722222222222222,0.524,0.6693333333333333,0.5851481481481482
2021-07-14,3528.5011,-0.040983813607973145,1.7774749999999997,21.08095224652405,0.6447041740810385,2.8240744199832246,51.764964386095954,0.6306666666666667,0.616,0.5093333333333333,0.5703703703703704,0.44,0.58,0.5577283950617283
2021-07-15,3564.5902,-0.040045014853858446,1.8073599999999999,12.444406087225005,0.6319017939253929,3.849206336082367,52.57420453905378,0.6546666666666666,0.6453333333333333,0.4653333333333333,0.5296296296296297,0.5146666666666667,0.6613333333333333,0.5784938271604938
2021-07-16,3539.3038,-0.04011144538688466,1.830255,1.3235161846151158,0.6380130115472414,3.0962004690289646,51.95658802734042,0.6546666666666666,0.664,0.416,0.5481481481481482,0.45466666666666666,0.6,0.5562469135802469
2021-07-19,3539.1225,-0.04006818559760033,1.84832,2.0321523634008685,0.6339943819273187,3.080286631186402,51.95216302886822,0.6546666666666666,0.6853333333333333,0.42,0.5333333333333333,0.4533333333333333,0.5973333333333334,0.5573333333333332
2021-07-20,3536.7905,-0.040315447149941605,1.8483150000000002,10.66063706034457,0.6535484627909397,2.993949983541566,51.89467485124499,0.6453333333333333,0.684,0.4573333333333333,0.5944444444444444,0.448,0.5893333333333334,0.5697407407407408
2021-07-21,3562.6611,-0.03993453005001148,1.860325,7.395768187584224,0.6544128191332801,3.73289675822015,52.48452331949539,0.6613333333333333,0.7,0.44,0.5944444444444444,0.5053333333333333,0.656,0.5928518518518519
2021-07-22,3574.7344,-0.03944357544393915,1.888165,4.186695680144268,0.6621768663274115,4.0650250638115,52.75789187919936,0.672,0.7186666666666667,0.428,0.6259259259259259,0.5333333333333333,0.6733333333333333,0.6085432098765432
2021-07-23,3550.3964,-0.04006105619504935,1.92732,8.203211046247532,0.6676383693398101,3.3337623194508836,52.146318567726276,0.6533333333333333,0.7426666666666667,0.44533333333333336,0.6407407407407407,0.4653333333333333,0.6226666666666667,0.5950123456790123
2021-07-26,3467.4409,-0.04206942708318519,1.9720099999999998,-3.836500840679207,0.6691762620524789,0.8891287382358115,50.14284834043701,0.604,0.7506666666666667,0.372,0.6481481481481481,0.3546666666666667,0.39066666666666666,0.5200246913580246
2021-07-27,3381.1833,-0.043343267402068564,2.0280750000000003,-7.199703451741556,0.6823503167591987,-1.6397578030084237,48.19581557029896,0.568,0.776,0.35333333333333333,0.6759259259259259,0.284,0.25333333333333335,0.4850987654320987
2021-07-28,3361.5895,-0.043493638448755825,2.0720099999999997,-6.853718000237876,0.6927040852105868,-2.2151488181919587,47.769735811188376,0.5626666666666666,0.7906666666666666,0.35733333333333334,0.6962962962962963,0.272,0.23066666666666666,0.48493827160493824
2021-07-29,3411.724,-0.043028509556516666,2.093395,-18.66855539970979,0.7042297756902386,-0.7672800959063752,48.93776030389774,0.5773333333333334,0.7986666666666666,0.30533333333333335,0.7185185185185186,0.304,0.284,0.4979753086419753
2021-07-30,3397.3574,-0.04389708049816608,2.12281,-0.23826823586071555,0.6958100458244233,-1.1925236013891505,48.62266761652421,0.5413333333333333,0.8013333333333333,0.396,0.7,0.2906666666666667,0.2693333333333333,0.4997777777777777
2021-08-02,3464.2854,-0.04270747040353072,2.169255,-7.895223030719961,0.6918569780270244,0.7376750913373087,50.13516614576745,0.5826666666666667,0.816,0.348,0.6913123844731978,0.3453333333333333,0.38666666666666666,0.5283298418566441
2021-08-03,3447.9914,-0.04298001034643997,2.2020150000000003,-10.439041474048082,0.6917078954510025,0.23457346420554526,49.774419764299246,0.5773333333333334,0.836,0.344,0.6900369003690037,0.324,0.3426666666666667,0.5190061500615005
2021-08-04,3477.2186,-0.04243641236521943,2.216065,-10.071986259649009,0.6838038259867869,1.0522600997897147,50.42150996488184,0.592,0.8426666666666667,0.344,0.6758747697974218,0.3626666666666667,0.4146666666666667,0.538645794966237
2021-08-05,3466.5491,-0.04297374380126259,2.22007,-7.374778712620639,0.6994204546394253,0.71425844887687,50.182836343047455,0.576,0.844,0.34933333333333333,0.7113970588235294,0.3413333333333333,0.39066666666666666,0.5354550653594772
2021-08-06,3458.2277,-0.04301259035179707,2.2207649999999997,-13.002939234111949,0.7173132657254355,0.45338793320803816,49.99618536096586,0.5733333333333334,0.844,0.332,0.7467889908256881,0.3293333333333333,0.36933333333333335,0.5324648318042814
2021-08-09,3494.6348,-0.04181547330213575,2.2078100000000003,-20.733270037897825,0.7063206180325362,1.4864238281392828,50.8057134686958,0.6106666666666667,0.8333333333333334,0.2866666666666667,0.7234432234432234,0.38133333333333336,0.468,0.5505738705738706
2021-08-10,3529.9309,-0.04099916889897934,2.2059249999999997,-24.73638056160982,0.7367069802263101,2.485263198464094,51.57430883390621,0.6253333333333333,0.832,0.2653333333333333,0.7970749542961609,0.412,0.5426666666666666,0.579068047938249
2021-08-11,3532.6213,-0.04079251915314262,2.210875,-16.31377510631542,0.7442237619987373,2.543765840920642,51.63255654492698,0.6293333333333333,0.8333333333333334,0.30533333333333335,0.8193430656934306,0.412,0.556,0.5925571776155718
2021-08-12,3524.7374,-0.04114956118056158,2.21745,-10.054739504343488,0.7507850546283615,2.296735717560816,51.44917391493003,0.6213333333333333,0.84,0.3426666666666667,0.8306010928961749,0.408,0.5266666666666666,0.5948779599271402
2021-08-13,3516.2989,-0.040990695731432034,2.22214,-5.202319132756344,0.7481387473265765,2.035395782338756,51.25214802858395,0.624,0.844,0.364,0.8236363636363636,0.392,0.5093333333333333,0.5928282828282828
2021-08-16,3517.3447,-0.04130885323150202,2.23718,-8.056329870266339,0.7483509577722245,2.0502395693469344,51.27553251686976,0.6146666666666667,0.848,0.344,0.8239564428312159,0.392,0.5106666666666667,0.5888816293607583
2021-08-17,3446.976,-0.042845550830473034,2.274835,-20.363811417786877,0.7416819407527088,-0.0021837795255330583,49.654779502298126,0.5733333333333334,0.8573333333333333,0.2826666666666667,0.8061594202898551,0.30266666666666664,0.31733333333333336,0.5232487922705314
2021-08-18,3485.2859,-0.042502000679237456,2.289045,-28.69491722186916,0.7677707839662561,1.0967588018271135,50.515885189938174,0.5853333333333334,0.86,0.24266666666666667,0.8589511754068716,0.3586666666666667,0.428,0.5556029736789231
2021-08-19,3465.5546,-0.043086671171469276,2.287635,-30.440088997469445,0.7887483519401799,0.5098100802340078,50.069847392665075,0.564,0.8586666666666667,0.23066666666666666,0.8754512635379061,0.32266666666666666,0.372,0.5372418772563177
2021-08-20,3427.3338,-0.043800698532137666,2.259215,-33.13281226496953,0.7888705985938538,-0.6111497441763869,49.218573540566204,0.5346666666666666,0.848,0.22266666666666668,0.8756756756756757,0.2866666666666667,0.276,0.5072792792792793
2021-08-23,3477.1321,-0.04277034884054756,2.240765,-24.257972858632485,0.7921090938711928,0.8146551128483948,50.331186360572524,0.58,0.8426666666666667,0.2613333333333333,0.8776978417266187,0.33866666666666667,0.39466666666666667,0.5491718625099921
2021-08-24,3514.471,-0.042318094519576625,2.22938,-13.880744870474842,0.8105297848041794,1.8790054400660727,51.142832916546006,0.5933333333333334,0.84,0.32266666666666666,0.9012567324955116,0.38533333333333336,0.49866666666666665,0.5902094554159186
2021-08-25,3540.3837,-0.04201467124224449,2.24018,-13.758143610074796,0.8008368372269604,2.6180867209123937,51.696773210966974,0.6026666666666667,0.8413333333333334,0.32266666666666666,0.8817204301075269,0.41733333333333333,0.5626666666666666,0.604731182795699
2021-08-26,3501.6643,-0.04268378042283304,2.285385,-8.588445967327829,0.8055454819634011,1.4898531815906946,50.82603153344815,0.5826666666666667,0.8573333333333333,0.3426666666666667,0.8908765652951699,0.37333333333333335,0.46,0.584479427549195
2021-08-27,3522.1567,-0.04305293603038009,2.3067900000000003,-9.513013530196332,0.8048417466067597,2.0702976327529266,51.26535099925137,0.568,0.864,0.33866666666666667,0.8875,0.392,0.508,0.5930277777777777
2021-08-30,3528.1512,-0.04491158691316219,2.33038,3.832354484180769,0.8188344683398999,2.2245518212060444,51.39380553722114,0.428,0.8666666666666667,0.42533333333333334,0.9090909090909091,0.4,0.5173333333333333,0.591070707070707
2021-08-31,3543.9402,-0.04566415268501031,2.369745,4.783013808366235,0.8135036181026805,2.6625971720732,51.73266459285556,0.372,0.872,0.428,0.902135231316726,0.4186666666666667,0.5653333333333334,0.5930225385527876
2021-09-01,3567.1008,-0.04530611676011739,2.47072,7.917663071531564,0.8083738984408688,3.3118016437727826,52.226702619300454,0.3973333333333333,0.8866666666666667,0.44266666666666665,0.8916518650088809,0.464,0.6346666666666667,0.6194975330570357
2021-09-02,3597.0426,-0.044630479980942404,2.539745,5.404734480315199,0.7961618996120696,4.152024883280636,52.857514883596956,0.456,0.8973333333333333,0.42933333333333334,0.8687943262411347,0.5386666666666666,0.68,0.6450212765957447
2021-09-03,3581.7344,-0.04482963524798897,2.62336,3.7789403730640174,0.7941148601957402,3.678517767006584,52.49911683756116,0.43866666666666665,0.9146666666666666,0.42,0.8672566371681416,0.49866666666666665,0.6533333333333333,0.6320983284169125
2021-09-06,3621.8593,-0.04400280463491621,2.6750599999999998,5.859742507113339,0.7986295551946213,4.807014535049325,53.33774027825386,0.5266666666666666,0.9253333333333333,0.43066666666666664,0.872791519434629,0.588,0.716,0.676576364350216
2021-09-07,3676.5866,-0.042686066311613376,2.738315,3.875063910062451,0.8097910342906235,6.3570963149637505,54.44697909361526,0.584,0.9293333333333333,0.42,0.8977072310405644,0.6746666666666666,0.8253333333333334,0.7218400940623163
2021-09-08,3675.1865,-0.04252514684234554,2.80147,0.026938738086130343,0.7595775882925819,6.282219284517021,54.41351542026656,0.5893333333333334,0.9333333333333333,0.38666666666666666,0.823943661971831,0.672,0.8186666666666667,0.7039906103286385
2021-09-09,3693.1296,-0.042136196543913026,2.8730800000000003,-1.1811803929061853,0.7331908114524598,6.766221137098949,54.77374664917889,0.6,0.944,0.37333333333333335,0.7627416520210897,0.7093333333333334,0.848,0.7062347197812927
2021-09-10,3703.1103,-0.041992410401333474,2.955325,-0.1754230625282105,0.7348828413157154,7.017840784535578,54.97388290947171,0.6066666666666667,0.96,0.38533333333333336,0.7666666666666667,0.7226666666666667,0.8586666666666667,0.7166666666666667
2021-09-13,3715.3723,-0.04148875514956732,3.0127650000000004,-1.9359909356688974,0.7515271467339204,7.331213279417637,55.22007344830378,0.6186666666666667,0.9626666666666667,0.36933333333333335,0.809106830122592,0.732,0.8666666666666667,0.726406693909321
2021-09-14,3662.6015,-0.04259813156842784,3.06297,5.725870743772177,0.747220678142348,5.769198256863528,53.93663345766756,0.5826666666666667,0.9666666666666667,0.428,0.7954545454545454,0.64,0.7626666666666667,0.6959090909090909
2021-09-15,3656.2232,-0.0426021791392669,3.091385,14.265814231921752,0.750241149843459,5.540673212949043,53.78384371812148,0.5813333333333334,0.9706666666666667,0.47333333333333333,0.8045375218150087,0.628,0.7453333333333333,0.7005340314136125
2021-09-16,3607.0922,-0.04367761938920913,3.14705,12.837850130708048,0.7382448384382886,4.087521520947401,52.62269824843902,0.54,0.9786666666666667,0.4666666666666667,0.764808362369338,0.5213333333333333,0.648,0.6532458381726675
2021-09-17,3613.9663,-0.043661970036142826,3.196595,17.855031463657582,0.7341096914334725,4.242646474554168,52.76697398837102,0.5426666666666666,0.9813333333333333,0.488,0.759581881533101,0.5386666666666666,0.6613333333333333,0.6619303135888502
2021-09-22,3628.4897,-0.04348505456241497,3.223515,28.215854183944572,0.7446004953387737,4.614049093479822,53.07229539538158,0.5506666666666666,0.9866666666666667,0.5533333333333333,0.7895652173913044,0.5613333333333334,0.6906666666666667,0.6887053140096618
2021-09-23,3642.2204,-0.04329627919979529,3.258345,31.45951383889819,0.7519738881709689,4.963697208638318,53.360527265622444,0.556,0.9893333333333333,0.568,0.8125,0.5946666666666667,0.7066666666666667,0.7045277777777779
2021-09-24,3613.0673,-0.043751593309026636,3.2835050000000003,31.194289041331416,0.7530351097748438,4.083441386948716,52.66600269984323,0.5293333333333333,0.9906666666666667,0.5666666666666667,0.8142361111111112,0.516,0.6466666666666666,0.6772615740740742
2021-09-27,3582.8307,-0.04422528567662591,3.2912350000000004,35.37727067518519,0.743948799191369,3.1782604183906216,51.956735187070734,0.488,0.9906666666666667,0.596,0.78125,0.42933333333333334,0.5746666666666667,0.6433194444444444
2021-09-28,3602.2184,-0.043802573674394746,3.29038,29.49358763681454,0.7547563742887257,3.698565909623075,52.372628714925135,0.5253333333333333,0.9893333333333333,0.5533333333333333,0.8159722222222222,0.4826666666666667,0.6293333333333333,0.6659953703703704
2021-09-29,3536.2944,-0.04518416364253642,3.27393,17.120433760642754,0.7594175692999955,1.7696288119078973,50.85877027295197,0.39866666666666667,0.9866666666666667,0.4786666666666667,0.8246527777777778,0.35333333333333333,0.436,0.5796643518518518
2021-09-30,3568.1668,-0.04446743914526043,3.23405,13.172154017830394,0.7596172955942788,2.65968248765589,51.54355826032934,0.4666666666666667,0.9813333333333333,0.45866666666666667,0.8263888888888888,0.3933333333333333,0.512,0.6063981481481482
2021-10-08,3592.1666,-0.04355134130110205,3.15324,10.082475244567178,0.761509857962339,3.317454911005324,52.05232999882297,0.544,0.968,0.44133333333333336,0.8315972222222222,0.44266666666666665,0.5906666666666667,0.6363773148148147
2021-10-11,3591.7087,-0.04303373318752065,3.100395,13.553227979357558,0.7595060457617442,3.266575087454937,52.04178760614022,0.5613333333333334,0.9573333333333334,0.45866666666666667,0.8211805555555556,0.43733333333333335,0.588,0.6373078703703704
2021-10-12,3546.9362,-0.04383026719505448,3.039675,7.28394593649918,0.7452709353431739,1.9479729206114405,51.02006448378912,0.5213333333333333,0.948,0.42,0.7777777777777778,0.35333333333333333,0.4573333333333333,0.5796296296296296
2021-10-13,3561.7623,-0.04369334777364907,2.981375,10.418707460953044,0.7411027791819331,2.334276813061331,51.33996981137765,0.532,0.9413333333333334,0.44266666666666665,0.7604166666666666,0.37733333333333335,0.48133333333333334,0.5891805555555555
2021-10-14,3558.2795,-0.04376989103505842,2.90402,19.30739240439604,0.7204371609652283,2.19441282317987,51.26043821646516,0.524,0.9266666666666666,0.49066666666666664,0.7013888888888888,0.36666666666666664,0.47333333333333333,0.5804537037037036
2021-10-15,3572.3662,-0.04340626378760197,2.824105,12.99197217199665,0.6946240247469827,2.5571796291307125,51.56730926199387,0.5506666666666666,0.912,0.456,0.6388888888888888,0.384,0.5093333333333333,0.5751481481481481
2021-10-18,3568.1379,-0.04280510123282615,2.74219,12.360022132365884,0.6888102817632895,2.3953685264508806,51.46894697766407,0.5706666666666667,0.9013333333333333,0.4493333333333333,0.625,0.376,0.496,0.5697222222222221
2021-10-19,3593.1533,-0.042682443513543625,2.649075,6.5515244436329425,0.683626550692335,3.0688603696451544,52.01651750083967,0.5773333333333334,0.8866666666666667,0.41733333333333333,0.6111111111111112,0.42133333333333334,0.5813333333333334,0.5825185185185185
2021-10-20,3587.0009,-0.042962525538567935,2.58031,7.645142634692064,0.675511836259164,2.8552141374935003,51.870960114821536,0.564,0.872,0.424,0.59375,0.4053333333333333,0.5533333333333333,0.5687361111111111
2021-10-21,3594.7831,-0.04307767458564568,2.5121949999999997,16.0271291977905,0.6592226223448595,3.0504323538653955,52.04261603517261,0.5546666666666666,0.8586666666666667,0.48,0.5347222222222222,0.4186666666666667,0.588,0.5724537037037037
2021-10-22,3582.6036,-0.04308555201761596,2.47607,12.63149696263251,0.657161441693535,2.6750492772420476,51.75050647702048,0.5533333333333333,0.848,0.45466666666666666,0.5260416666666666,0.3893333333333333,0.5373333333333333,0.5514513888888889
2021-10-25,3609.8626,-0.04282976512229239,2.40588,15.891453048446934,0.6754923459627928,3.424370741871696,52.35574993887965,0.5653333333333334,0.8373333333333334,0.48,0.5920138888888888,0.452,0.628,0.5924467592592593
2021-10-26,3597.6377,-0.0431977866428942,2.353685,13.101976179336745,0.6695168093308929,3.042773958222833,52.05959021841999,0.5466666666666666,0.824,0.46,0.5798611111111112,0.416,0.5893333333333334,0.5693101851851852
2021-10-27,3562.3052,-0.04390879414454217,2.31718,3.6435224371515034,0.6302845404331036,2.004383046375202,51.21290385796772,0.504,0.8186666666666667,0.39466666666666667,0.4340277777777778,0.3426666666666667,0.4573333333333333,0.4918935185185185
2021-10-28,3518.4166,-0.04486920194346644,2.26862,-7.43313468805259,0.621521176523141,0.7239237812056265,50.18761037060714,0.404,0.8013333333333333,0.31333333333333335,0.4166666666666667,0.2773333333333333,0.32666666666666666,0.4232222222222222
2021-10-29,3547.3361,-0.04347926800685138,2.22434,-7.744540427654627,0.6903550816373029,1.5263328024475165,50.8433666879136,0.5373333333333333,0.7826666666666666,0.312,0.6267361111111112,0.3253333333333333,0.412,0.49934490740740745
2021-11-01,3544.4795,-0.04476163463929979,2.182515,-6.294439627220925,0.7213658265866789,1.4190955408005745,50.77659692223455,0.41333333333333333,0.744,0.324,0.7013888888888888,0.31733333333333336,0.404,0.48400925925925925
2021-11-02,3505.6283,-0.04563558378200137,2.17507,-8.357939739449193,0.716690056269764,0.28526913475492854,49.87576731771226,0.352,0.7426666666666667,0.308,0.6840277777777778,0.25066666666666665,0.2826666666666667,0.43667129629629625
2021-11-03,3498.5368,-0.045657963187098666,2.131285,3.053176756921104,0.7035840422680273,0.057152810987415315,49.71297459676865,0.3506666666666667,0.728,0.39466666666666667,0.65625,0.24266666666666667,0.26266666666666666,0.4391527777777778
2021-11-04,3526.8657,-0.045261310014219736,2.10655,6.107129546231661,0.6956893472158746,0.8355425531314964,50.36739460997145,0.37333333333333335,0.7173333333333334,0.4146666666666667,0.6354166666666666,0.284,0.3426666666666667,0.4612361111111111
2021-11-05,3491.5677,-0.04633637440860478,2.08792,3.478693570054716,0.7008141619965317,-0.20073014402065548,49.55482704935395,0.32266666666666666,0.7093333333333334,0.39466666666666667,0.6510416666666666,0.228,0.24,0.4242847222222223
2021-11-08,3498.6308,-0.04609026935896253,2.0577650000000003,1.0703613445158595,0.70019134871604,-0.025066289341302284,49.71896611324804,0.3333333333333333,0.6973333333333334,0.376,0.6475694444444444,0.23333333333333334,0.26266666666666666,0.4250393518518518
2021-11-09,3507.0018,-0.045935765146132845,2.020685,11.893405344301016,0.7307697477433639,0.18731062545416233,49.914283415999506,0.3426666666666667,0.68,0.448,0.7274305555555556,0.24666666666666667,0.288,0.4554606481481482
2021-11-10,3492.4616,-0.04609422402765702,2.015415,10.682429626645103,0.7207647110512581,-0.2586082343534857,49.57602101478003,0.3293333333333333,0.6786666666666666,0.44533333333333336,0.6979166666666666,0.22266666666666668,0.23733333333333334,0.43520833333333336
2021-11-11,3532.7858,-0.044965101112092204,2.024325,0.6556537581874835,0.6994573653907072,0.8575646577221319,50.516474676344416,0.3933333333333333,0.6826666666666666,0.368,0.640625,0.2853333333333333,0.372,0.4569930555555555
2021-11-12,3539.1002,-0.044871755660310056,2.019425,3.7249294945498974,0.6594193157133271,1.0069188897015913,50.66218791384709,0.4066666666666667,0.6773333333333333,0.396,0.5138888888888888,0.2946666666666667,0.3893333333333333,0.44631481481481483
2021-11-15,3533.3026,-0.04511583904954364,2.0098200000000004,3.1555243820504018,0.6759755563212901,0.8120070248336386,50.52405244250259,0.38266666666666665,0.6706666666666666,0.388,0.5763888888888888,0.276,0.372,0.4442870370370369
2021-11-16,3521.7867,-0.04537896959816549,1.99955,7.927252789852872,0.6592536924963812,0.4603157659187618,50.24885173011689,0.36533333333333334,0.6626666666666666,0.428,0.5104166666666666,0.25466666666666665,0.324,0.4241805555555555
2021-11-17,3537.3662,-0.04504670529709193,1.9777550000000002,6.062940811158583,0.6494613357063681,0.878804667339339,50.61684371031712,0.388,0.656,0.4093333333333333,0.4756944444444444,0.2853333333333333,0.38266666666666665,0.432837962962963
2021-11-18,3520.7106,-0.04554608221588259,1.9624699999999997,-1.0163170521293665,0.6414500140834032,0.3869884827923942,50.21530206496217,0.35333333333333333,0.648,0.3413333333333333,0.453125,0.248,0.31733333333333336,0.3935208333333333
2021-11-19,3560.3734,-0.0445843488358228,1.949625,-9.27908443251522,0.6393247071275353,1.494727184385436,51.14853217280414,0.43866666666666665,0.644,0.288,0.4427083333333333,0.32266666666666666,0.45066666666666666,0.43111805555555555
2021-11-22,3582.0797,-0.044611802819988985,1.948845,-6.455618720218425,0.6374820978848802,2.0855806236217633,51.65011566910311,0.43333333333333335,0.6426666666666667,0.308,0.4357638888888889,0.3506666666666667,0.52,0.44840509259259265
2021-11-23,3589.0894,-0.04447589103505842,1.95317,-7.425346604585101,0.6581302914657851,2.2561600363703027,51.81169040181789,0.45066666666666666,0.6453333333333333,0.29733333333333334,0.5034722222222222,0.36133333333333334,0.54,0.46635648148148157
2021-11-24,3592.7025,-0.04461662534434123,1.9475749999999998,-1.9836297257324702,0.6432828357909579,2.3261453222273687,51.895481316894056,0.43066666666666664,0.64,0.336,0.4548611111111111,0.36533333333333334,0.5533333333333333,0.4633657407407408
2021-11-25,3584.1788,-0.04484934525669506,1.92444,5.6033398706855735,0.6405156656930124,2.055796098102869,51.681099639760184,0.4053333333333333,0.6333333333333333,0.404,0.4444444444444444,0.3413333333333333,0.5213333333333333,0.45829629629629626
2021-11-26,3564.0894,-0.04563615785751682,1.904055,7.04668001788383,0.6379392167524598,1.457864064431802,51.17722078870063,0.33866666666666667,0.6213333333333333,0.41733333333333333,0.4305555555555556,0.312,0.4493333333333333,0.42820370370370364
2021-11-29,3562.6968,-0.04563525553074031,1.888795,4.56605836460929,0.6300311757651639,1.393353444539458,51.14226764094227,0.34,0.6066666666666667,0.3973333333333333,0.3958333333333333,0.30666666666666664,0.44133333333333336,0.41463888888888895
2021-11-30,3563.8872,-0.045603064394781914,1.866725,12.062682453242886,0.6153060966036592,1.4040521441729847,51.17109504996951,0.344,0.5906666666666667,0.4493333333333333,0.3697916666666667,0.30666666666666664,0.44666666666666666,0.41785416666666664
2021-12-01,3576.8853,-0.045151124229196496,1.8718050000000002,11.308679806502184,0.6215959432469149,1.7508262234042782,51.48715430569242,0.372,0.5946666666666667,0.44533333333333336,0.3784722222222222,0.32666666666666666,0.484,0.43352314814814813
2021-12-02,3573.8358,-0.044958162183636075,1.8813900000000001,18.277514382126483,0.5822172668401158,1.6456479203541097,51.408209189125124,0.38533333333333336,0.5986666666666667,0.49733333333333335,0.3229166666666667,0.32266666666666666,0.4706666666666667,0.4329305555555556
2021-12-03,3607.4322,-0.04419379821909041,1.8858350000000002,20.936292512800946,0.5752418502200948,2.577306007076663,52.2243213598175,0.4786666666666667,0.6,0.5133333333333333,0.3107638888888889,0.376,0.6093333333333333,0.48134953703703703
2021-12-06,3589.3061,-0.04501222710479074,1.920155,18.138286206230873,0.5838477034944153,2.0355484387580614,51.750120382094664,0.38,0.6306666666666667,0.49333333333333335,0.3246527777777778,0.3373333333333333,0.5293333333333333,0.44921990740740747
2021-12-07,3595.0882,-0.04455289207513688,1.95377,19.000473789566456,0.5899758957293837,2.173737713765811,51.89103284403707,0.43866666666666665,0.6453333333333333,0.49733333333333335,0.3350694444444444,0.34933333333333333,0.548,0.4689560185185186
2021-12-08,3637.5675,-0.0436647243111611,1.9661300000000002,12.72063634257448,0.6137890427369471,3.3540783236952754,52.912681075735186,0.5266666666666666,0.6493333333333333,0.45466666666666666,0.3628472222222222,0.44533333333333336,0.6733333333333333,0.5186967592592592
2021-12-09,3673.0412,-0.04299094416094364,1.9944849999999998,15.60102106156883,0.5830682762982892,4.328638825159792,53.74222940424308,0.5586666666666666,0.66,0.4746666666666667,0.3188908145580589,0.5453333333333333,0.7386666666666667,0.549370691315232
2021-12-10,3666.3479,-0.043222122183137944,2.0234550000000002,16.430582688818248,0.5406782435173515,4.113160876353517,53.56218388797774,0.544,0.6813333333333333,0.4826666666666667,0.28027681660899656,0.5173333333333333,0.7213333333333334,0.5378239138792772
2021-12-13,3681.082,-0.042830683455346914,2.05278,14.66502340072499,0.5156134151386856,4.504060750193517,53.905937635976294,0.564,0.6946666666666667,0.4666666666666667,0.24006908462867013,0.5573333333333333,0.7586666666666667,0.5469004029936673
2021-12-14,3661.5253,-0.04332648867761278,2.06821,14.10330155769941,0.5131765092960393,3.9229651420159772,53.37561155960236,0.5386666666666666,0.7026666666666667,0.46266666666666667,0.23793103448275862,0.49466666666666664,0.704,0.5234329501915709
2021-12-15,3647.6303,-0.04353217105601305,2.09724,16.189790661584965,0.49620972332935404,3.504731360770963,53.000978803084045,0.528,0.7146666666666667,0.48133333333333334,0.20481927710843373,0.45866666666666667,0.6746666666666666,0.5103587684069611
2021-12-16,3675.016,-0.042871983944393045,2.118955,12.844611252285631,0.4727258898544067,4.251247155502225,53.64936884174798,0.5613333333333334,0.7186666666666667,0.45066666666666666,0.1872852233676976,0.5346666666666666,0.728,0.5301030927835052
2021-12-17,3632.3638,-0.04371415528331325,2.14518,17.284901279163407,0.47413428731960167,3.0153363989970705,52.508470414348636,0.512,0.7306666666666667,0.488,0.18867924528301888,0.4053333333333333,0.628,0.49211320754716975
2021-12-20,3593.6019,-0.04441444185567606,2.1738,12.716843284311153,0.45485797467111655,1.890414642829974,51.50195097242922,0.44533333333333336,0.74,0.448,0.17465753424657535,0.316,0.4693333333333333,0.4322207001522069
2021-12-21,3625.1251,-0.04380119307686015,2.18979,7.3117435533596336,0.4639110070964636,2.754850992314317,52.25461633720072,0.5013333333333333,0.7453333333333333,0.404,0.1811965811965812,0.38266666666666665,0.6066666666666667,0.47019943019943017
2021-12-22,3622.6178,-0.044069515925285754,2.20894,6.62872903100218,0.4468229693703371,2.651724922983245,52.18947014185914,0.4786666666666667,0.7653333333333333,0.4,0.17064846416382254,0.36933333333333335,0.592,0.46266363291619267
2021-12-23,3643.3391,-0.04380824495108375,2.2309050000000004,4.028435828509188,0.4383935564395991,3.206812524205227,52.68247322004321,0.49866666666666665,0.7866666666666666,0.37866666666666665,0.16013628620102216,0.42133333333333334,0.6413333333333333,0.4811338254779481
2021-12-24,3618.0535,-0.044219306719149386,2.2561600000000004,3.420589670143869,0.43518984152215906,2.4614137307433115,52.02054674133015,0.4573333333333333,0.7933333333333333,0.368,0.1598639455782313,0.352,0.5613333333333334,0.44864399092970514
2021-12-27,3615.9741,-0.044336292931066196,2.25325,1.1720657530202203,0.41571235200858286,2.3736515231738142,51.966248939559,0.4493333333333333,0.7906666666666666,0.34933333333333333,0.15619694397283532,0.34933333333333333,0.5493333333333333,0.44069949066213915
2021-12-28,3630.1115,-0.04417002556640641,2.24237,-3.481196691070309,0.4258302298673864,2.7476943260038356,52.30849023845453,0.468,0.788,0.30533333333333335,0.16101694915254236,0.38,0.6146666666666667,0.4528361581920904
2021-12-29,3597.0002,-0.044956410779964845,2.234445,-12.956417117675642,0.43564831423021433,1.7872122017529524,51.440430338159906,0.3626666666666667,0.7826666666666666,0.24933333333333332,0.16412859560067683,0.304,0.4533333333333333,0.3860214326001128
2021-12-30,3619.1886,-0.04471537412033766,2.2211000000000003,-20.383741077374353,0.43957285296851883,2.3920754834884095,51.98043558883796,0.3973333333333333,0.772,0.20666666666666667,0.16891891891891891,0.348,0.5493333333333333,0.407042042042042
2021-12-31,3639.7754,-0.04421278059265593,2.2073,-17.508544546297713,0.4398987499683915,2.941538626561413,52.476283978445394,0.456,0.7546666666666667,0.22533333333333333,0.17200674536256325,0.39466666666666667,0.6213333333333333,0.4373344575604272
2022-01-04,3632.3289,-0.04421084079311372,2.2042699999999997,-14.13425929227634,0.443242452808336,2.7018861896539237,52.278827049961116,0.456,0.752,0.244,0.17845117845117844,0.37333333333333335,0.6053333333333333,0.4348529741863075
2022-01-05,3595.1761,-0.04460038120749947,2.207665,-23.42051682384296,0.4323952843906472,1.6247412473771927,51.30482609650627,0.4066666666666667,0.7546666666666667,0.19333333333333333,0.16134453781512606,0.292,0.43066666666666664,0.3731129785247433
2022-01-06,3586.0792,-0.04462927170555777,2.2117549999999997,-14.763474911084785,0.4385437882456272,1.3458827915569849,51.06924126388722,0.4,0.7586666666666667,0.24266666666666667,0.16778523489932887,0.26666666666666666,0.404,0.3732975391498881
2022-01-07,3579.5427,-0.044649027383772286,2.21502,-7.826793492473925,0.4352045869643949,1.1403173416872692,50.89941445839303,0.3973333333333333,0.764,0.28,0.16415410385259632,0.26,0.376,0.3735812395309883
2022-01-10,3593.5187,-0.04446873253039714,2.199625,-10.673329274520185,0.45034667864462047,1.5106034657380363,51.24993394954474,0.428,0.7413333333333333,0.264,0.18896321070234115,0.2853333333333333,0.42133333333333334,0.3881605351170568
2022-01-11,3567.4409,-0.04512852456687509,2.18297,-13.08808693045492,0.46152521310737366,0.7565339600775101,50.56877495587035,0.3373333333333333,0.7253333333333334,0.25466666666666665,0.1986644407345576,0.22266666666666668,0.328,0.3444440734557596
2022-01-12,3597.4321,-0.04464144476808064,2.17699,-16.723248599931836,0.46966551761900516,1.5893133666078585,51.32121228784757,0.396,0.7226666666666667,0.22933333333333333,0.20666666666666667,0.28933333333333333,0.43066666666666664,0.3791111111111112
2022-01-13,3555.2585,-0.045576376660864025,2.1757199999999997,-21.96384638703566,0.47722746073110645,0.3924254555037088,50.23387329749564,0.30533333333333335,0.7213333333333334,0.19866666666666666,0.21630615640599002,0.19733333333333333,0.268,0.3178288038454428
2022-01-14,3521.2559,-0.04628145910449295,2.17384,-21.586552972567773,0.5041103974522102,-0.5668973084277606,49.38086992909982,0.2613333333333333,0.7173333333333334,0.204,0.24750830564784054,0.15866666666666668,0.16266666666666665,0.2919180509413068
2022-01-17,3541.666,-0.04609410311494508,2.145535,-15.438986220884729,0.5069507470297842,0.010482866409788905,49.89728728491714,0.2693333333333333,0.7053333333333334,0.23733333333333334,0.25870646766169153,0.176,0.22533333333333333,0.3120066334991708
2022-01-18,3569.9144,-0.04588104977255417,2.131775,-13.093564237545053,0.4987337693174623,0.8088847547532696,50.60261561883284,0.284,0.7,0.26,0.2367549668874172,0.224,0.3293333333333333,0.33901471670345845
2022-01-19,3558.1796,-0.046195414587094384,2.108295,-6.672383156714162,0.4987255236487557,0.4788659084331792,50.305122692921785,0.2613333333333333,0.6866666666666666,0.304,0.23636363636363636,0.20133333333333334,0.276,0.32761616161616164
2022-01-20,3555.0629,-0.04619628984272879,2.1024950000000002,-9.984723788939931,0.4992194829102959,0.38818177746455795,50.22581734007375,0.26,0.6826666666666666,0.2786666666666667,0.23927392739273928,0.19333333333333333,0.26266666666666666,0.31943454345434547
2022-01-21,3522.5679,-0.047034478185539935,2.0860899999999996,-15.004524963939375,0.5310062304138695,-0.5197772370972742,49.40464908644298,0.228,0.672,0.24533333333333332,0.2981878088962109,0.15333333333333332,0.15733333333333333,0.29236463481603514
2022-01-24,3524.105,-0.04732526667416456,2.05515,-10.72295730531934,0.5446224590507649,-0.46798662230000954,49.444187052177455,0.21466666666666667,0.6586666666666666,0.2733333333333333,0.31743421052631576,0.15333333333333332,0.16,0.29623903508771926
2022-01-25,3433.0612,-0.04900480115237703,2.0554,-32.697432200607224,0.6049851426813081,-3.024801420089951,47.23336712298745,0.16266666666666665,0.6586666666666666,0.15733333333333333,0.3891625615763547,0.09733333333333333,0.06266666666666666,0.2546382047071702
2022-01-26,3455.6679,-0.048418086275897415,2.041145,-37.523167769516775,0.623223729574946,-2.3740078440592005,47.81921923635593,0.176,0.6493333333333333,0.144,0.4163934426229508,0.108,0.072,0.2609544626593807
2022-01-27,3394.2474,-0.04941682237021784,2.032245,-44.2586445485924,0.6368032131050386,-4.087305718142542,46.40371855675933,0.15066666666666667,0.6453333333333333,0.12533333333333332,0.45662847790507366,0.07733333333333334,0.037333333333333336,0.24877141298417896
2022-01-28,3361.4397,-0.05049717867292003,2.0254649999999996,-48.793485128967745,0.6807064708189742,-4.99235882413871,45.67344378069139,0.12,0.6386666666666667,0.112,0.6078431372549019,0.06533333333333333,0.021333333333333333,0.26086274509803925
2022-02-07,3429.5809,-0.048538326239084356,2.0235899999999996,-64.58609514988999,0.6839879798752936,-3.0495917144542806,47.41168198872209,0.17333333333333334,0.636,0.08266666666666667,0.6215334420880914,0.09466666666666666,0.06533333333333333,0.2789222403480152
2022-02-08,3452.6288,-0.047934975398834886,2.0099150000000003,-69.15424802043219,0.7468685511633298,-2.3794386128506595,47.980971833429216,0.18933333333333333,0.6226666666666667,0.07866666666666666,0.7947882736156352,0.10666666666666667,0.07733333333333334,0.31157582338038364
2022-02-09,3479.9458,-0.04728438703553427,1.98841,-67.3105338297656,0.7290671415990567,-1.5929576679994284,48.6472597296026,0.21733333333333332,0.6066666666666667,0.08,0.7398373983739838,0.12533333333333332,0.11333333333333333,0.31375067750677504
2022-02-10,3485.9071,-0.04712551107533762,1.9825950000000003,-67.61249325529539,0.7666642839543413,-1.4089554660944303,48.79200285891577,0.22133333333333333,0.6053333333333333,0.08,0.849025974025974,0.128,0.116,0.3332821067821068
2022-02-11,3462.9479,-0.046982278039420636,1.957845,-75.09034360226468,0.8228431751230295,-2.046505030553758,48.26220551686141,0.23333333333333334,0.592,0.064,0.9205834683954619,0.11066666666666666,0.096,0.33609724473257696
2022-02-14,3428.8821,-0.04770745104290963,1.944755,-80.425677392707,0.8773284653035605,-2.9942402958810455,47.48852062932398,0.19866666666666666,0.58,0.06133333333333333,0.9563106796116505,0.092,0.06,0.32471844660194177
2022-02-15,3446.0885,-0.04749059814491072,1.9192300000000002,-77.68792533601476,0.881807222538929,-2.5009384762305076,47.91499563073009,0.20133333333333334,0.5706666666666667,0.064,0.9563812600969306,0.09866666666666667,0.068,0.3265079877939329
2022-02-16,3465.8305,-0.04717856730406507,1.8987199999999997,-75.12998121940925,0.8862798211162923,-1.9404714300572334,48.401215200855106,0.21733333333333332,0.5506666666666666,0.06666666666666667,0.9596774193548387,0.11066666666666666,0.1,0.33416845878136203
2022-02-17,3468.0354,-0.047232139064734,1.8764499999999997,-64.73596178906027,0.879574424606754,-1.8739512032506456,48.45555922755013,0.21333333333333335,0.532,0.092,0.9533011272141707,0.11066666666666666,0.1,0.3335501878690284
2022-02-18,3490.7573,-0.046551753876194424,1.8521749999999997,-62.89901846997975,0.8865113099794729,-1.2262493610885938,49.01513877441972,0.244,0.5066666666666667,0.1,0.9598070739549839,0.132,0.128,0.34507895677027517
2022-02-21,3490.6123,-0.046271773205306205,1.846595,-60.588007583971546,0.886533936262308,-1.2273678320898762,49.01170512719851,0.256,0.49333333333333335,0.104,0.9598715890850722,0.13066666666666665,0.12666666666666668,0.3450897092919565
2022-02-22,3457.146,-0.04708873308405988,1.8302749999999999,-62.357188085316636,0.8870693972552711,-2.169400844258096,48.223255124135314,0.21866666666666668,0.47333333333333333,0.10266666666666667,0.9599358974358975,0.10266666666666667,0.08533333333333333,0.32376709401709397
2022-02-23,3489.1465,-0.046826686553855974,1.826655,-66.51647497476401,0.8733220555497492,-1.263044917081646,49.01631708365223,0.23466666666666666,0.4666666666666667,0.088,0.9408,0.128,0.128,0.3310222222222223
2022-02-24,3429.9564,-0.048212285419112,1.85701,-75.83665855950096,0.879275802380276,-2.9267631441700415,47.65113543677838,0.16666666666666666,0.5106666666666667,0.06666666666666667,0.9472843450479234,0.084,0.052,0.3045473908413206
2022-02-25,3451.4061,-0.04795022688207899,1.8722100000000002,-70.49443358750216,0.8843957163178205,-2.3028821491840934,48.18003297811953,0.17333333333333334,0.528,0.08133333333333333,0.9505582137161085,0.096,0.08,0.31820414673046254
2022-02-28,3462.3064,-0.04768412121805542,1.889675,-74.57843296854264,0.8574175843389326,-1.9729359359119458,48.44769214706946,0.18933333333333333,0.544,0.072,0.9235668789808917,0.104,0.09466666666666666,0.3212611464968153
2022-03-01,3488.8347,-0.0468471553320746,1.88862,-47.239273600594686,0.831480307376828,-1.2009794225797066,49.094791088218905,0.23333333333333334,0.5413333333333333,0.13866666666666666,0.9077901430842608,0.132,0.13333333333333333,0.34774280162515453
2022-03-02,3484.1916,-0.046849380261968644,1.9070049999999998,-38.786932471916685,0.8351873921477655,-1.308768385539405,48.98596191310565,0.232,0.5626666666666666,0.16666666666666666,0.9111111111111111,0.12533333333333332,0.12266666666666666,0.3534074074074074
2022-03-03,3481.1125,-0.04669175222032103,1.94873,-15.10596923754565,0.7377377866923599,-1.3779578632899692,48.91325014561629,0.23733333333333334,0.5826666666666667,0.272,0.7416798732171157,0.12133333333333333,0.11866666666666667,0.34561331220285263
2022-03-04,3447.649,-0.0476371692608661,1.980585,-9.188791568309682,0.7362866997442314,-2.3051073049797033,48.12813711642639,0.18533333333333332,0.6026666666666667,0.31866666666666665,0.7389240506329114,0.08933333333333333,0.06933333333333333,0.3340428973277074
2022-03-07,3372.8552,-0.04936934858369685,2.00218,0.23336866410406287,0.7371324329531072,-4.403794372470071,46.44323429140468,0.12533333333333332,0.6146666666666667,0.39466666666666667,0.740916271721959,0.044,0.021333333333333333,0.32348604528699315
2022-03-08,3293.5301,-0.05108782151526277,2.0173300000000003,-8.83440580372394,0.7398318436207382,-6.621229664268391,44.76254247635593,0.076,0.628,0.32,0.750788643533123,0.018666666666666668,0.0026666666666666666,0.29935366281107606
2022-03-09,3256.3884,-0.05190044876654771,2.052665,-6.5302664055733715,0.6967741836150027,-7.647812154934497,44.00848286782429,0.06666666666666667,0.6533333333333333,0.344,0.631496062992126,0.008,0.0013333333333333333,0.28413823272090993
2022-03-10,3296.0922,-0.050893327819499914,2.06058,-17.186930659216387,0.6971122657611515,-6.49471865341199,45.009862009875064,0.07866666666666666,0.6613333333333333,0.2613333333333333,0.6320754716981132,0.02,0.008,0.2769014675052411
2022-03-11,3309.7467,-0.051463076962272064,2.069375,-15.331294000021217,0.6904254960880771,-6.086170161144711,45.34977245524067,0.072,0.6666666666666666,0.272,0.6122448979591837,0.028,0.009333333333333334,0.2767074829931973
2022-03-14,3223.5328,-0.053767497753001305,2.0772500000000003,-23.04734852862211,0.6913205117942952,-8.495783375542699,43.627911351755884,0.048,0.6706666666666666,0.224,0.6144200626959248,0.004,0.0013333333333333333,0.2604033437826541
2022-03-15,3063.9652,-0.05744090417009426,2.13358,-49.340465725043885,0.6324256905597821,-12.981892113110138,40.73328592105603,0.034666666666666665,0.7013333333333334,0.13333333333333333,0.4241001564945227,0.0013333333333333333,0.0013333333333333333,0.2160166927490871
2022-03-16,3170.7103,-0.054852762417306626,2.1830550000000004,-64.59264403060305,0.5963722096347016,-9.916377395202014,43.2791006664614,0.048,0.7253333333333334,0.09866666666666667,0.3609375,0.004,0.0026666666666666666,0.20660069444444448
2022-03-17,3215.0445,-0.053874106672843564,2.21966,-73.76501492681521,0.5718261705884,-8.635362857197194,44.284265392927125,0.050666666666666665,0.768,0.07733333333333334,0.32293291731669266,0.006666666666666667,0.006666666666666667,0.205377708441671
2022-03-18,3251.0724,-0.052409129277473675,2.2421300000000004,-75.15839980445716,0.5517875046461465,-7.600161029773167,45.083999480108396,0.064,0.7866666666666666,0.068,0.3052959501557632,0.013333333333333334,0.014666666666666666,0.20866043613707166
2022-03-21,3253.6857,-0.0521659081269909,2.259255,-79.6665409609378,0.5367348543246415,-7.514947358233448,45.14175752165177,0.06533333333333333,0.796,0.06266666666666666,0.29237947122861585,0.014666666666666666,0.016,0.2078410229825471
2022-03-22,3259.8619,-0.051703762133747506,2.26966,-72.48830045095278,0.529839895965741,-7.320742512814826,45.27930408871548,0.072,0.8013333333333333,0.08266666666666667,0.2795031055900621,0.018666666666666668,0.017333333333333333,0.21191718426501036
2022-03-23,3271.0325,-0.05129808657068111,2.276665,-67.58328062401179,0.5311074614764919,-6.983900965498613,45.52909699060325,0.07866666666666666,0.804,0.096,0.2837209302325581,0.021333333333333333,0.021333333333333333,0.2175090439276486
2022-03-24,3250.2644,-0.05197424762256827,2.2306199999999996,-58.380178949353024,0.51555446221748,-7.556627157666185,45.14167973086515,0.068,0.7746666666666666,0.128,0.25541795665634676,0.014666666666666666,0.016,0.20945854833161334
2022-03-25,3212.2399,-0.05289096937223724,2.2196000000000002,-63.42398763168228,0.4744418398549198,-8.613732688306897,44.44151848883359,0.058666666666666666,0.76,0.11066666666666666,0.19783616692426584,0.008,0.009333333333333334,0.19075047226515543
2022-03-28,3214.5027,-0.052790968622671575,2.220895,-62.663672275357044,0.45275878431094213,-8.525306220655338,44.493326951967894,0.06133333333333333,0.764,0.11733333333333333,0.17592592592592593,0.009333333333333334,0.010666666666666666,0.18976543209876542
2022-03-29,3203.9393,-0.05309702892682627,2.219405,-56.622447193786,0.43898688093775784,-8.79900692101242,44.298321089911056,0.056,0.7573333333333333,0.136,0.15716486902927582,0.006666666666666667,0.008,0.1868608115048793
2022-03-30,3266.5959,-0.051970021608097786,2.23015,-72.24957125280073,0.4217185843727808,-7.000850021724725,45.7251343763186,0.07333333333333333,0.7733333333333333,0.084,0.14615384615384616,0.02666666666666667,0.030666666666666665,0.189025641025641
2022-03-31,3252.2029,-0.051948937693671926,2.227065,-78.38836604574732,0.41491474598382383,-7.390446733361111,45.45466733726333,0.07466666666666667,0.7693333333333333,0.06533333333333333,0.141321044546851,0.024,0.02666666666666667,0.18355350742447515
2022-04-01,3282.7166,-0.05150446588978301,2.22208,-77.42094606056006,0.4142773813334559,-6.507825042156979,46.137698179701374,0.084,0.7626666666666667,0.068,0.1411042944785276,0.036,0.037333333333333336,0.18818404907975464
2022-04-06,3283.4261,-0.05157381852792771,2.23215,-56.09865451261945,0.4148707877603183,-6.478707981532095,46.15355257951779,0.084,0.7773333333333333,0.14133333333333334,0.14241960183767227,0.03866666666666667,0.03866666666666667,0.2037366003062787
2022-04-07,3236.6951,-0.052909872027957244,2.2282599999999997,-44.46945630214313,0.41236443911998155,-7.796409146294147,45.26610401444868,0.06,0.7706666666666667,0.168,0.14067278287461774,0.016,0.02266666666666667,0.19633435270132518
2022-04-08,3251.8502,-0.0523419300103341,2.21291,-40.555129611823475,0.39013147950982574,-7.3471105647691655,45.60908547980176,0.07066666666666667,0.7466666666666667,0.18666666666666668,0.13893129770992366,0.02666666666666667,0.030666666666666665,0.20004410517387616
2022-04-11,3167.1259,-0.0541999619779671,2.22664,-48.3234282902161,0.3860967570967773,-9.733517593582796,44.04864041871654,0.050666666666666665,0.7706666666666667,0.156,0.13871951219512196,0.005333333333333333,0.006666666666666667,0.1880088075880759
2022-04-12,3213.3295,-0.053078925556902294,2.2364699999999997,-55.922628577782575,0.3618179007430382,-8.391250816101214,45.084761058908626,0.058666666666666666,0.784,0.14266666666666666,0.1293759512937595,0.014666666666666666,0.021333333333333333,0.19178488077118216
2022-04-13,3186.8244,-0.05373133114078306,2.25336,-33.14040846594801,0.3784002647100646,-9.12044816711074,44.605585061218875,0.05466666666666667,0.7946666666666666,0.20933333333333334,0.1398176291793313,0.006666666666666667,0.014666666666666666,0.2033029381965552
2022-04-14,3225.6412,-0.052753766383040274,2.227255,2.7047987844609054,0.37611076592384046,-7.988236627041568,45.46398848613377,0.06933333333333333,0.7733333333333333,0.456,0.13657056145675264,0.02,0.03333333333333333,0.24809509357612547
2022-04-15,3211.2448,-0.05326535597502824,2.21938,29.243017723100394,0.32930178488950584,-8.370337952972262,45.20128675310995,0.058666666666666666,0.7546666666666667,0.6653333333333333,0.10303030303030303,0.017333333333333333,0.02666666666666667,0.270949494949495
2022-04-18,3195.524,-0.05324606447622285,2.19925,33.641472718575784,0.36438600953256267,-8.788991094177966,44.91469932044185,0.06,0.7266666666666667,0.6986666666666667,0.13313161875945537,0.010666666666666666,0.018666666666666668,0.2746330475710203
2022-04-19,3194.0287,-0.053184133859359634,2.1914849999999997,42.84867872990131,0.35540990978224735,-8.801934500149944,44.88732544627273,0.06133333333333333,0.7173333333333334,0.764,0.12386706948640483,0.009333333333333334,0.018666666666666668,0.2824222893588453
2022-04-20,3151.0498,-0.054011802315313225,2.19547,29.592365530374394,0.32314924239293347,-9.995019929205851,44.10601248051929,0.052,0.7213333333333334,0.668,0.09351432880844646,0.004,0.008,0.2578079436902967
2022-04-21,3079.8077,-0.05583043516284287,2.20365,10.120135381545253,0.27575770705981334,-11.992651328061665,42.85562936944286,0.04666666666666667,0.7373333333333333,0.5266666666666666,0.0677710843373494,0.0026666666666666666,0.0026666666666666666,0.23062851405622486
2022-04-22,3086.9193,-0.05539643905432408,2.2013,10.83743008116781,0.2567713207227811,-11.756548449081826,43.01869439031827,0.048,0.7346666666666667,0.532,0.04360902255639098,0.004,0.004,0.22771261487050962
2022-04-25,2928.5118,-0.05995970301148335,2.23204,-21.407300465148182,0.2550240691118119,-16.240006217969082,40.42062187339911,0.004,0.7906666666666666,0.26266666666666666,0.04354354354354354,0.0013333333333333333,0.0013333333333333333,0.18392392392392395
2022-04-26,2886.4257,-0.060907886240738764,2.250555,-22.143791588986915,0.2507499808283825,-17.393617604073487,39.77523190685962,0.0013333333333333333,0.8026666666666666,0.256,0.043478260869565216,0.0013333333333333333,0.0013333333333333333,0.18435748792270534
2022-04-27,2958.282,-0.05874104356937231,2.27343,-41.02715460053406,0.24139393569032702,-15.294433989005851,41.39093907717941,0.016,0.8226666666666667,0.18666666666666668,0.0374251497005988,0.004,0.005333333333333333,0.17868196939454428
2022-04-28,2975.4848,-0.05817211360323822,2.28845,-52.719898698273084,0.20640465999378166,-14.757815465731628,41.76914426391792,0.02666666666666667,0.832,0.14933333333333335,0.01195814648729447,0.005333333333333333,0.006666666666666667,0.17199302441454908
2022-04-29,3047.0624,-0.055658204127413353,2.3047,-50.495353475647335,0.21453077570700638,-12.664165201824407,43.3084039547066,0.05333333333333334,0.8373333333333334,0.15333333333333332,0.019402985074626865,0.008,0.012,0.18056716417910448
2022-05-05,3067.7587,-0.05526298254526432,2.2991449999999998,-59.42834844210785,0.21453665755638915,-12.0300959523148,43.74321613954999,0.056,0.8373333333333334,0.12933333333333333,0.020864381520119227,0.009333333333333334,0.014666666666666666,0.17792184136446434
2022-05-06,3001.5605,-0.05706434046593846,2.28948,-73.19377975634376,0.2285489315463329,-13.881809110497855,42.684310491357905,0.044,0.8346666666666667,0.084,0.026785714285714284,0.006666666666666667,0.008,0.1673531746031746
2022-05-09,3004.1409,-0.057101855132302926,2.249775,-83.35985177171665,0.22638368529717637,-13.762151782678366,42.738949048750925,0.044,0.8026666666666666,0.04933333333333333,0.02674591381872214,0.008,0.009333333333333334,0.15667987452534257
2022-05-10,3035.8442,-0.056340508845091564,2.241495,-77.53106659974799,0.2079663409430521,-12.808182495373055,43.40920615776933,0.052,0.8,0.06933333333333333,0.016320474777448073,0.010666666666666666,0.016,0.1607200791295747
2022-05-11,3058.7027,-0.05559916360404708,2.2456850000000004,-80.53251636288707,0.18272143952474867,-12.11305225870014,43.888092998891764,0.058666666666666666,0.804,0.06133333333333333,0.002967359050445104,0.013333333333333334,0.02,0.1600501153972964
2022-05-12,3054.994,-0.05586084662911614,2.222655,-52.39476906298063,0.1843828786345018,-12.180492042645874,43.82724339547052,0.056,0.776,0.15866666666666668,0.0044444444444444444,0.013333333333333334,0.02,0.17140740740740745
2022-05-13,3084.2845,-0.05501316797744668,2.19877,-47.077241980638235,0.186149274130076,-11.300480496848397,44.44243700122617,0.06533333333333333,0.7293333333333333,0.176,0.005917159763313609,0.02,0.032,0.17143063773833003
2022-05-16,3073.7488,-0.05534364255799716,2.182275,-44.516595184743665,0.19070967426355892,-11.562661360766713,44.26609878711387,0.06266666666666666,0.708,0.18266666666666667,0.0103397341211226,0.02,0.02666666666666667,0.16838995568685375
2022-05-17,3093.6965,-0.05486675031279096,2.16868,-37.9356501820057,0.18976148267648751,-10.952537146158203,44.68630568095992,0.068,0.696,0.21066666666666667,0.01032448377581121,0.02266666666666667,0.037333333333333336,0.174165191740413
2022-05-18,3085.9768,-0.055449776673052724,2.13994,-37.9263344098967,0.18726575978079027,-11.138385922929729,44.55484412862474,0.06133333333333333,0.688,0.212,0.007363770250368188,0.02266666666666667,0.036,0.17122729504172804
2022-05-19,3096.9648,-0.05521355055364131,2.13577,-34.840106021316956,0.1903594036939477,-10.788905620413836,44.78863283931105,0.06666666666666667,0.6866666666666666,0.224,0.013235294117647059,0.025333333333333333,0.04133333333333333,0.17620588235294118
2022-05-20,3146.5673,-0.05380402052823504,2.143795,-50.38742327512932,0.17670804635179777,-9.330656085193034,45.831300147408754,0.07866666666666666,0.6906666666666667,0.16266666666666665,0.0014705882352941176,0.032,0.07066666666666667,0.1726895424836601
2022-05-23,3146.8573,-0.054032356604437115,2.1402799999999997,-32.478160657193484,0.17536991763462223,-9.291458097638273,45.83734748363044,0.076,0.6906666666666667,0.23466666666666666,0.0014684287812041115,0.03333333333333333,0.072,0.18468918257464514
2022-05-24,3070.9272,-0.05594316953395317,2.1496000000000004,-26.42978451630563,0.17391967485403192,-11.440143268201986,44.521357516539155,0.056,0.6986666666666667,0.25333333333333335,0.001466275659824047,0.021333333333333333,0.036,0.17779993483219292
2022-05-25,3107.4641,-0.0550170671363006,2.149705,-38.416682203782784,0.18061137423992008,-10.353181251176203,45.28572807767466,0.07066666666666667,0.7,0.21066666666666667,0.007320644216691069,0.028,0.06,0.17944232959167072
2022-05-26,3123.1079,-0.055091553186269196,2.13185,12.252217525669522,0.17260557964292883,-9.863674580563996,45.61018628125422,0.06933333333333333,0.684,0.5666666666666667,0.0014619883040935672,0.03333333333333333,0.06933333333333333,0.23735477582846007
2022-05-27,3130.2394,-0.054949564955130994,2.1189449999999996,25.99571335676052,0.17661548853291173,-9.617432178360053,45.7584658225391,0.07466666666666667,0.672,0.6746666666666666,0.00583941605839416,0.036,0.07466666666666667,0.25630656934306567
2022-05-30,3149.0607,-0.05417110794119276,2.097015,48.83387794276024,0.1466677014260669,-9.034067032838589,46.15026943015853,0.08133333333333333,0.664,0.844,0.0014577259475218659,0.04133333333333333,0.084,0.2860207321023647
2022-05-31,3186.4271,-0.05309318632755091,2.09873,44.073379875449575,0.14584749829372282,-7.9201462372844205,46.92002234370729,0.09866666666666667,0.6666666666666666,0.8066666666666666,0.001455604075691412,0.06,0.1,0.28890926734594863
2022-06-01,3182.1566,-0.05308570464404501,2.082275,69.6896389576242,0.15177057460894916,-8.009017626363857,46.84263692938511,0.1,0.6546666666666666,0.9266666666666666,0.00436046511627907,0.058666666666666666,0.1,0.30739341085271316
2022-06-02,3195.458,-0.05273835458117554,2.0730700000000004,74.28618585088785,0.15641036055991486,-7.593390950026702,47.11735372468618,0.112,0.6506666666666666,0.944,0.005805515239477504,0.06666666666666667,0.10533333333333333,0.31407869698435736
2022-06-06,3236.3719,-0.051636981797758184,2.094105,93.47966169289856,0.14486763541665001,-6.3819842195910415,47.95398727103485,0.13333333333333333,0.6666666666666666,0.9733333333333334,0.001451378809869376,0.09333333333333334,0.12933333333333333,0.33290856313497824
2022-06-07,3241.7635,-0.05169596341401021,2.12465,85.86911709943436,0.15269924179873123,-6.189162380573565,48.06348225158021,0.132,0.6853333333333333,0.9626666666666667,0.00725689404934688,0.096,0.13733333333333334,0.33676503789711343
2022-06-08,3263.7934,-0.0510326819970009,2.14209,87.08266306239264,0.13720225553799703,-5.515612643433898,48.51105956578059,0.14666666666666667,0.7026666666666667,0.9653333333333334,0.001451378809869376,0.10533333333333333,0.16933333333333334,0.34846411869053373
2022-06-09,3238.9543,-0.05167586222709014,2.14144,86.01170145476777,0.1338639298254494,-6.194506468948113,48.039034198591246,0.13333333333333333,0.7026666666666667,0.9626666666666667,0.001451378809869376,0.096,0.136,0.338686340912756
2022-06-10,3284.8341,-0.05052521470820468,2.168555,73.9297294940406,0.13179568359039595,-4.830917716798222,48.96654235003624,0.16266666666666665,0.7173333333333334,0.936,0.001451378809869376,0.11066666666666666,0.196,0.3540196742460893
2022-06-13,3255.5511,-0.05114337553889409,2.198875,80.68097522490544,0.1322520156811119,-5.639953538715437,48.40882822362581,0.14533333333333334,0.756,0.948,0.002902757619738752,0.104,0.16666666666666666,0.3538171262699565
2022-06-14,3288.9066,-0.050236679155177544,2.231175,68.54422516436401,0.13995432512611783,-4.636038221203497,49.0769126118,0.17066666666666666,0.82,0.9106666666666666,0.007246376811594203,0.11333333333333333,0.21066666666666667,0.37209661835748786
2022-06-15,3305.4066,-0.049624536468756766,2.29495,58.84710425779883,0.1306412385447603,-4.125170146534374,49.40465715249442,0.18666666666666668,0.8693333333333333,0.88,0.0014492753623188406,0.12533333333333332,0.23466666666666666,0.38290821256038643
2022-06-16,3285.3845,-0.0502793813365708,2.32867,47.422162875444144,0.1252580594708286,-4.672869896076881,49.01753290545282,0.16933333333333334,0.8786666666666667,0.824,0.0014492753623188406,0.11333333333333333,0.20533333333333334,0.3653526570048309
2022-06-17,3316.7857,-0.04956061510339371,2.34572,41.58417629884093,0.12463655650030003,-3.73101501051456,49.643322978054144,0.192,0.88,0.7786666666666666,0.0014492753623188406,0.13466666666666666,0.2613333333333333,0.37468599033816424
2022-06-20,3315.4302,-0.04956735326225817,2.35761,56.24930327276823,0.11482144247329483,-3.7386062665053843,49.61673766326016,0.192,0.8813333333333333,0.8706666666666667,0.0014492753623188406,0.13466666666666666,0.25733333333333336,0.3895748792270531
2022-06-21,3306.7186,-0.04968982275794165,2.3693350000000004,54.19557680918706,0.11568456523120384,-3.9610491036837336,49.444649431531886,0.188,0.8853333333333333,0.8586666666666667,0.002898550724637681,0.13333333333333333,0.24133333333333334,0.3849275362318841
2022-06-22,3267.2016,-0.05069037567404606,2.35626,71.88055341279386,0.11901283980766383,-5.073011841545116,48.67032009674595,0.156,0.8786666666666667,0.9306666666666666,0.004347826086956522,0.11066666666666666,0.18266666666666667,0.3771690821256038
2022-06-23,3320.1487,-0.04939025212764788,2.37438,76.45818355155987,0.11922590849109446,-3.5020564398040688,49.73683506674454,0.20266666666666666,0.8866666666666667,0.9426666666666667,0.005797101449275362,0.14266666666666666,0.2786666666666667,0.4098550724637681
2022-06-24,3349.747,-0.04860751381722396,2.38024,74.5892144055097,0.12132693317805773,-2.614628903324623,50.320352715526674,0.22533333333333333,0.888,0.9386666666666666,0.007246376811594203,0.16133333333333333,0.352,0.42876328502415456
2022-06-27,3379.1852,-0.047587884240681395,2.39624,67.24166840720471,0.11244030723915605,-1.7385199721455136,50.89372688760661,0.26666666666666666,0.892,0.8986666666666666,0.0014492753623188406,0.18933333333333333,0.43733333333333335,0.44757487922705314
2022-06-28,3409.2103,-0.046863398825643075,2.41449,69.27366853101074,0.1266563646764254,-0.8528527039913913,51.47140124178677,0.31066666666666665,0.8946666666666667,0.9133333333333333,0.013043478260869565,0.22666666666666666,0.516,0.4790628019323672
2022-06-29,3361.5177,-0.04798015709708131,2.433725,73.17816692109915,0.12328350322301798,-2.221191829470426,50.51684532535736,0.24666666666666667,0.896,0.9306666666666666,0.010144927536231883,0.176,0.38266666666666665,0.4403574879227053
2022-06-30,3398.6161,-0.04726385179639552,2.437785,59.74277546079483,0.12394476012045347,-1.1275346130697805,51.22832054177307,0.2866666666666667,0.896,0.8773333333333333,0.011594202898550725,0.21733333333333332,0.4786666666666667,0.4612657004830918
2022-07-01,3387.6373,-0.04743892619940364,2.43599,60.730122021557605,0.1253883430637524,-1.430693946221373,51.008837978164934,0.27466666666666667,0.8946666666666667,0.8773333333333333,0.015942028985507246,0.20266666666666666,0.452,0.4528792270531401
2022-07-04,3405.4267,-0.04690443507469272,2.418745,65.67363017746348,0.13136832077269212,-0.8955491409062488,51.35036761667589,0.31466666666666665,0.8906666666666667,0.892,0.020289855072463767,0.23066666666666666,0.49466666666666664,0.4738260869565218
2022-07-05,3404.0252,-0.04700224087352935,2.4226300000000003,67.05242331784214,0.1321628644437766,-0.9176280267166992,51.321864169572976,0.30933333333333335,0.892,0.8946666666666667,0.02318840579710145,0.22933333333333333,0.49066666666666664,0.47319806763285027
2022-07-06,3355.3497,-0.04806446678188043,2.407165,57.99907459615463,0.12467134502572264,-2.3104123079475736,50.34047566850161,0.24533333333333332,0.8853333333333333,0.8653333333333333,0.014492753623188406,0.17066666666666666,0.3466666666666667,0.42130434782608694
2022-07-07,3364.398,-0.047865834311775844,2.3800800000000004,62.18587740293037,0.1508670981227708,-2.019228248739935,50.518341228886236,0.25333333333333335,0.876,0.884,0.036231884057971016,0.184,0.37733333333333335,0.43514975845410636
2022-07-08,3356.0778,-0.04812592353356373,2.34575,64.3007581473203,0.15300483280913255,-2.2330299391768893,50.35064872189047,0.24,0.8613333333333333,0.888,0.04057971014492753,0.17733333333333334,0.3466666666666667,0.42565217391304344
2022-07-11,3313.584,-0.049112418793453225,2.3171150000000003,57.319441735496014,0.18892345940768981,-3.4417221907351636,49.50199295676143,0.21066666666666667,0.8546666666666667,0.86,0.06086956521739131,0.14666666666666667,0.24,0.3954782608695651
2022-07-12,3281.4665,-0.04999152372256199,2.2829,55.97485664799751,0.20240488367240278,-4.34309601417362,48.872401478190284,0.18133333333333335,0.8346666666666667,0.848,0.07391304347826087,0.124,0.19333333333333333,0.3758743961352657
2022-07-13,3284.2918,-0.050059832420143884,2.21973,54.219624983880124,0.19955430080758538,-4.226733025007556,48.930181248788955,0.17733333333333334,0.768,0.8386666666666667,0.07391304347826087,0.128,0.19733333333333333,0.36387439613526573
2022-07-14,3281.744,-0.050407053863019025,2.197485,57.80699911669703,0.19971511132025904,-4.274564766515465,48.879807627408304,0.16933333333333334,0.7253333333333334,0.8613333333333333,0.07536231884057971,0.12533333333333332,0.19466666666666665,0.3585603864734299
2022-07-15,3228.0609,-0.05179952257211861,2.1924799999999998,53.35953789050845,0.2001355536963834,-5.806792641679747,47.83061064967805,0.12933333333333333,0.7173333333333334,0.8306666666666667,0.07681159420289856,0.104,0.124,0.33035748792270536
2022-07-18,3278.1033,-0.05060421778626108,2.17292,41.325890600095335,0.20994518817080704,-4.3184202236492215,48.865268059905006,0.16133333333333333,0.6946666666666667,0.7506666666666667,0.08695652173913043,0.12666666666666668,0.19333333333333333,0.33560386473429954
2022-07-19,3279.4313,-0.05054101100586117,2.14918,37.76630702037673,0.21973578050366488,-4.248995778226272,48.89246864029596,0.168,0.6826666666666666,0.72,0.0927536231884058,0.13066666666666665,0.19866666666666666,0.3321256038647343
2022-07-20,3304.7243,-0.05009648077669952,2.127395,35.11259910125469,0.247174706639806,-3.4856188468425198,49.410761352845796,0.18266666666666667,0.6586666666666666,0.704,0.11884057971014493,0.15333333333333332,0.24266666666666667,0.34336231884057966
2022-07-21,3272.0012,-0.05097084846595546,2.106535,43.250916869137626,0.2793130764970254,-4.413146924711864,48.763776476522466,0.15333333333333332,0.644,0.768,0.1536231884057971,0.12266666666666666,0.18666666666666668,0.3380483091787439
2022-07-22,3269.9739,-0.05076798826732757,2.0795,31.433085908623866,0.29217062510197744,-4.441344278971037,48.72380686936835,0.15866666666666668,0.624,0.6746666666666666,0.1608695652173913,0.12266666666666666,0.18666666666666668,0.321256038647343
2022-07-25,3250.388,-0.05128513606950935,2.03689,27.76542686718585,0.28791807727394153,-4.978590380662551,48.33673830244203,0.14666666666666667,0.5946666666666667,0.652,0.15797101449275364,0.11466666666666667,0.16533333333333333,0.30521739130434783
2022-07-26,3277.4356,-0.050751059626040124,1.9912100000000001,18.114712150327932,0.3087591331382495,-4.159747223155552,48.90359688445005,0.16133333333333333,0.5533333333333333,0.592,0.16521739130434782,0.14,0.20533333333333334,0.30286956521739133
2022-07-27,3275.7553,-0.050801791869032546,1.9338450000000003,27.579998176286466,0.3494676703050263,-4.1765093845193775,48.869911225303376,0.16,0.5213333333333333,0.652,0.18405797101449275,0.13866666666666666,0.19866666666666666,0.3091207729468599
2022-07-28,3282.5758,-0.05051253673841753,1.9059900000000003,27.537051314312833,0.40857145546579365,-3.9481402662250753,49.01406847698436,0.17733333333333334,0.5053333333333333,0.652,0.2028985507246377,0.15066666666666667,0.21733333333333332,0.3175942028985507
2022-07-29,3253.2382,-0.05147451172271615,1.8927150000000001,21.038511341619596,0.42953756014542993,-4.7747279333932084,48.42025791486481,0.14266666666666666,0.48933333333333334,0.6146666666666667,0.2144927536231884,0.11733333333333333,0.17066666666666666,0.2915265700483092
2022-08-01,3259.9585,-0.05160906643785872,1.8726550000000004,14.290418421619648,0.4314469975449915,-4.547079890343165,48.56460427299198,0.13866666666666666,0.4666666666666667,0.5613333333333334,0.2144927536231884,0.12266666666666666,0.17866666666666667,0.28041545893719805
2022-08-02,3186.2664,-0.05331425349100425,1.8661199999999998,-1.6201226108828735,0.48208180698260195,-6.663668406762213,47.102901405558484,0.09333333333333334,0.45466666666666666,0.4026666666666667,0.2565217391304348,0.084,0.10533333333333333,0.23275362318840584
2022-08-03,3163.6741,-0.05401742652209111,1.8482800000000001,3.2766041253587446,0.48466987449364246,-7.2808134893580405,46.66744440201709,0.084,0.43066666666666664,0.456,0.2579710144927536,0.07733333333333334,0.09466666666666666,0.23343961352657003
2022-08-04,3189.0391,-0.053361566082592835,1.82603,-3.500463050452055,0.5057704442522297,-6.497821059971498,47.22140940928576,0.09466666666666666,0.39866666666666667,0.388,0.2898550724637681,0.09066666666666667,0.11066666666666666,0.22875362318840578
2022-08-05,3227.0267,-0.05223955036528319,1.8102399999999998,-10.707014536673427,0.5128580534212126,-5.3573448535834896,48.0387980877327,0.124,0.384,0.33066666666666666,0.3,0.11466666666666667,0.14133333333333334,0.23244444444444445
2022-08-08,3236.9337,-0.05195356010133452,1.7831499999999998,-3.1044139911304,0.5126528989703004,-5.050723494461707,48.250162869833744,0.13066666666666665,0.36133333333333334,0.39466666666666667,0.2985507246376812,0.11866666666666667,0.16533333333333333,0.2448695652173913
2022-08-09,3247.4318,-0.05172143766173067,1.7594999999999998,4.295129664450343,0.5410722507813003,-4.730020917278111,48.474755007439896,0.13866666666666666,0.3466666666666667,0.476,0.3463768115942029,0.12533333333333332,0.18133333333333335,0.26906280193236715
2022-08-10,3230.02,-0.05219988780710201,1.7364950000000001,-2.270150496839193,0.5864886226572237,-5.220621837905459,48.124457637294235,0.12533333333333332,0.332,0.4,0.3898550724637681,0.116,0.152,0.2525314009661836
2022-08-11,3281.6654,-0.05093576954427439,1.719345,-15.069710367325683,0.535165419004865,-3.6920986789613974,49.225012153755564,0.168,0.32133333333333336,0.30266666666666664,0.3333333333333333,0.168,0.248,0.2568888888888889
2022-08-12,3276.8877,-0.051003258178452915,1.6948150000000002,-0.17285151764329498,0.5159904488460249,-3.8111510573969776,49.12751018210657,0.16666666666666666,0.30266666666666664,0.4266666666666667,0.30289855072463767,0.164,0.244,0.2678164251207729
2022-08-15,3276.087,-0.051906624502904036,1.6762650000000001,11.498023024618561,0.5230567994039118,-3.81524051999087,49.11102438259428,0.13466666666666666,0.2906666666666667,0.5386666666666666,0.3115942028985507,0.164,0.24266666666666667,0.28037681159420286
2022-08-16,3277.8847,-0.05209706037575741,1.670845,11.522189668189952,0.5227120185978393,-3.739926687384554,49.14976603210904,0.128,0.28933333333333333,0.54,0.3101449275362319,0.168,0.24666666666666667,0.28035748792270526
2022-08-17,3292.526,-0.05197232462955725,1.676905,8.898278227422594,0.5023535775710221,-3.290193390488605,49.46661167704291,0.132,0.2906666666666667,0.5213333333333333,0.26666666666666666,0.184,0.2733333333333333,0.27799999999999997
2022-08-18,3277.5438,-0.05273361811596208,1.66647,11.246094217501906,0.5110038148115158,-3.709817425157824,49.14971024474508,0.11733333333333333,0.2866666666666667,0.5386666666666666,0.28695652173913044,0.172,0.24666666666666667,0.2747149758454106
2022-08-19,3258.0784,-0.05317263139651404,1.67483,5.506591791650266,0.4863171964109435,-4.255070725566334,48.73947484898202,0.10133333333333333,0.288,0.488,0.24312590448625182,0.14666666666666667,0.20133333333333334,0.2447432063032642
2022-08-22,3277.7943,-0.05269135055087817,1.686045,8.367339041384241,0.4305105252272393,-3.647123760486426,49.1739890452237,0.12133333333333333,0.2946666666666667,0.5213333333333333,0.19508670520231214,0.176,0.252,0.2600700064226076
2022-08-23,3276.2234,-0.052658335891261523,1.7011599999999998,17.766347029213506,0.4532411129029493,-3.664258150238986,49.14042731953209,0.12266666666666666,0.304,0.6053333333333333,0.2178932178932179,0.176,0.248,0.27898220298220294
2022-08-24,3215.2033,-0.0541697050330852,1.734065,0.40375755378863687,0.4807328643474476,-5.424092200514419,47.857403112824734,0.08266666666666667,0.33066666666666666,0.43333333333333335,0.24063400576368876,0.11466666666666667,0.12933333333333333,0.22188344540505922
2022-08-25,3246.2481,-0.05297948635882359,1.7470799999999997,-5.194862196598621,0.43249243761134887,-4.480551879063011,48.5485368686562,0.112,0.3373333333333333,0.38266666666666665,0.1985611510791367,0.136,0.18933333333333333,0.22598241406874497
2022-08-26,3236.2226,-0.05326588097543723,1.746595,1.416387305941356,0.4169484659629056,-4.744029985563214,48.33929939022591,0.09866666666666667,0.33466666666666667,0.45066666666666666,0.1896551724137931,0.128,0.176,0.22960919540229885
2022-08-29,3240.7275,-0.05348358494639342,1.7467399999999997,-1.395754707136092,0.41431881381744334,-4.588262422071388,48.44027246046156,0.096,0.336,0.412,0.1836441893830703,0.13466666666666666,0.18266666666666667,0.22416292045273398
2022-08-30,3227.2203,-0.05399820806729047,1.7170100000000001,17.848168988208755,0.37970249837102804,-4.95704926635171,48.1548958362566,0.088,0.31333333333333335,0.612,0.17621776504297995,0.12533333333333332,0.15733333333333333,0.2453696275071633
2022-08-31,3202.1378,-0.05426761440714108,1.7220900000000001,17.404785110542292,0.38031761297260985,-5.66646652485816,47.62799113158635,0.07866666666666666,0.31733333333333336,0.6093333333333333,0.17739628040057226,0.10933333333333334,0.12133333333333333,0.23556604673342865
2022-09-01,3184.9797,-0.05478180034675163,1.7258149999999997,20.197864171201246,0.39044615122627285,-6.145132794776654,47.270199694854675,0.07866666666666666,0.31866666666666665,0.632,0.18142857142857144,0.10266666666666667,0.116,0.23823809523809525
2022-09-02,3186.4781,-0.05466509684620115,1.7189400000000004,29.39906858021817,0.38860801254525257,-6.0687972365011,47.30515771751292,0.08,0.312,0.6906666666666667,0.1797432239657632,0.108,0.11866666666666667,0.24817942621651612
2022-09-05,3199.9118,-0.05433789410249336,1.7263800000000002,26.271894085007418,0.3851593781733588,-5.637798476325773,47.619988152282154,0.08133333333333333,0.31866666666666665,0.6693333333333333,0.1768901569186876,0.11466666666666667,0.124,0.24748169281978125
2022-09-06,3243.4466,-0.05335125644393465,1.7439399999999998,15.114412062247283,0.3752047907290119,-4.320488485544793,48.62586891091193,0.10533333333333333,0.332,0.5893333333333334,0.16951566951566951,0.15466666666666667,0.204,0.2591415004748338
2022-09-07,3246.2943,-0.053128667718124314,1.7561049999999998,19.848932700454128,0.3752797304384238,-4.207618136735558,48.69104439527778,0.11466666666666667,0.3413333333333333,0.628,0.17069701280227595,0.16533333333333333,0.208,0.27133839102260154
2022-09-08,3235.5862,-0.053341554782453185,1.7496649999999998,33.21368583231671,0.30946381007704415,-4.491289578790525,48.457284750317385,0.10666666666666667,0.3373333333333333,0.72,0.1434659090909091,0.14533333333333334,0.188,0.2734665404040404
2022-09-09,3262.0542,-0.05256601265575081,1.74496,23.758544144519362,0.2960888754413776,-3.679738920138309,49.06846376686924,0.14133333333333334,0.3293333333333333,0.6533333333333333,0.14042553191489363,0.192,0.24933333333333332,0.28429314420803786
2022-09-13,3263.7972,-0.05240999908206829,1.7411699999999999,23.4196056324825,0.2927706308199964,-3.596374793591939,49.1086496836235,0.144,0.3253333333333333,0.6493333333333333,0.14022662889518414,0.19866666666666666,0.25333333333333335,0.28514888259364174
2022-09-14,3237.5419,-0.05277410929515598,1.7269199999999998,14.411839163360042,0.2653459996991945,-4.33463511843899,48.52543474437241,0.132,0.312,0.5773333333333334,0.12446958981612447,0.156,0.18933333333333333,0.24852270941379853
2022-09-15,3199.9187,-0.05359126297644001,1.7259149999999999,5.293563990876692,0.26151773101830716,-5.401951704308461,47.70447657039095,0.1,0.30933333333333335,0.4826666666666667,0.1228813559322034,0.12133333333333333,0.124,0.2100357815442561
2022-09-16,3126.3977,-0.05534889319488073,1.7306649999999997,-16.528601126360485,0.25325975353575664,-7.525634913207313,46.16122372356091,0.06533333333333333,0.31866666666666665,0.28,0.1156558533145275,0.06933333333333333,0.08666666666666667,0.15594264221908793
2022-09-19,3115.6019,-0.05555859301441014,1.7060300000000002,-16.928737024128907,0.24005757294982605,-7.789727586724016,45.940540165859396,0.06266666666666666,0.2826666666666667,0.2773333333333333,0.10845070422535211,0.064,0.08133333333333333,0.14607511737089202
2022-09-20,3122.4058,-0.05554750105323272,1.6791549999999997,-15.268264798381665,0.2592429661601797,-7.527689238449087,46.10474984399755,0.064,0.2653333333333333,0.28933333333333333,0.12517580872011252,0.07066666666666667,0.08266666666666667,0.14952930145335208
2022-09-21,3117.1774,-0.05583930637870417,1.655345,-19.584388462109672,0.24429213106204986,-7.621466764914963,45.99617925532097,0.058666666666666666,0.252,0.25733333333333336,0.11235955056179775,0.06666666666666667,0.08266666666666667,0.1382821473158552
2022-09-22,3108.9096,-0.055990232450839464,1.6140899999999998,-6.695801992317627,0.23865724368316418,-7.802635096098709,45.82362343634752,0.056,0.236,0.36133333333333334,0.10659186535764376,0.06266666666666666,0.076,0.14976531089294062
2022-09-23,3088.3695,-0.05612980691869254,1.5871799999999998,-6.503108437079334,0.2535896549816729,-8.344931969780788,45.39577653111654,0.05466666666666667,0.22666666666666666,0.36533333333333334,0.12044817927170869,0.056,0.06266666666666666,0.14763025210084035
2022-09-26,3051.226,-0.05682245209869073,1.572385,-17.450851840399423,0.26289243343317803,-9.375809147106985,44.63370682533945,0.048,0.21333333333333335,0.27066666666666667,0.13286713286713286,0.037333333333333336,0.04,0.12370007770007772
2022-09-27,3093.8618,-0.055834060546764576,1.5533050000000002,-33.38350320122444,0.25188319989817803,-8.047356177604836,45.69195496157319,0.064,0.20266666666666666,0.18933333333333333,0.11871508379888268,0.06133333333333333,0.07466666666666667,0.11845251396648043
2022-09-28,3045.0668,-0.05669904396786109,1.534265,-46.67062943741007,0.25557579893880666,-9.431788140505171,44.70309884824127,0.050666666666666665,0.196,0.14666666666666667,0.12412831241283125,0.037333333333333336,0.042666666666666665,0.0995769409576941
2022-09-29,3041.2046,-0.05676061717542767,1.5008199999999998,-44.08833375504153,0.26639943056665943,-9.48572229663327,44.62579674937693,0.050666666666666665,0.16933333333333334,0.15333333333333332,0.13788300835654596,0.037333333333333336,0.04,0.09809161250386877
2022-09-30,3024.3905,-0.057027857325280956,1.4789949999999998,-44.83388786731112,0.2628570673901281,-9.922929810702719,44.28863575344076,0.048,0.16,0.14933333333333335,0.1349095966620306,0.032,0.029333333333333333,0.0922627105547829
2022-10-10,2974.1454,-0.05855517339522765,1.476355,-64.14798345931425,0.27118082489780826,-11.350300330880724,43.30005448000409,0.017333333333333333,0.156,0.09066666666666667,0.14583333333333334,0.02266666666666667,0.014666666666666666,0.07452777777777779
2022-10-11,2979.7926,-0.05840796159075572,1.4549949999999998,-65.47220573840855,0.2725521232552274,-11.11177212494071,43.44353544424718,0.021333333333333333,0.14533333333333334,0.08266666666666667,0.14840499306518723,0.02666666666666667,0.018666666666666668,0.07384527662197565
2022-10-12,3025.5055,-0.057252514463378146,1.4334149999999999,-68.10124747323442,0.24555121516121145,-9.684821978791703,44.59128680612041,0.04533333333333334,0.13333333333333333,0.076,0.11357340720221606,0.04,0.042666666666666665,0.07515112342259156
2022-10-13,3016.3561,-0.05765638373281355,1.41792,-70.44663708350501,0.2421580731837011,-9.896997558967435,44.40887971182536,0.036,0.11866666666666667,0.07333333333333333,0.11203319502074689,0.037333333333333336,0.036,0.06889442139234671
2022-10-14,3071.9868,-0.056521938840046665,1.415645,-82.25145168847658,0.2705926607144274,-8.177051947094071,45.772782609995076,0.06133333333333333,0.116,0.034666666666666665,0.1477900552486188,0.068,0.08933333333333333,0.08618723143032536
2022-10-17,3084.9423,-0.05598555055364131,1.4072650000000002,-80.11178550702704,0.27928948513939184,-7.740019183058777,46.0843022361086,0.07066666666666667,0.11333333333333333,0.04533333333333334,0.15586206896551724,0.08133333333333333,0.1,0.09442145593869732
2022-10-18,3080.9574,-0.0561649981737104,1.3962800000000002,-86.74744291580993,0.31352645065055845,-7.805460041785395,46.00210418096928,0.06666666666666667,0.10933333333333334,0.02666666666666667,0.17079889807162535,0.07733333333333334,0.1,0.09179981634527089
2022-10-19,3044.3777,-0.05711245562025328,1.38819,-86.43265145884087,0.3384245627513314,-8.8402989353619,45.25284914881714,0.04933333333333333,0.10933333333333334,0.028,0.18044077134986225,0.05466666666666667,0.068,0.08162901744719926
2022-10-20,3035.0504,-0.05723669474081241,1.363235,-77.98401102735738,0.3375332892855244,-9.05895855370641,45.06359469345718,0.04933333333333333,0.10266666666666667,0.052,0.1790633608815427,0.052,0.06133333333333333,0.08273278236914601
2022-10-21,3038.9291,-0.057208576793215546,1.34035,-50.90606862999388,0.31217022722477517,-8.88726301996826,45.16003977021795,0.050666666666666665,0.09866666666666667,0.14266666666666666,0.1652892561983471,0.056,0.068,0.09688154269972453
2022-10-24,2977.5554,-0.05905835898060745,1.35314,-62.27470621924334,0.30200866496869466,-10.664770068928453,43.926107938834605,0.009333333333333334,0.10266666666666667,0.11333333333333333,0.1623108665749656,0.030666666666666665,0.025333333333333333,0.07394069998471649
2022-10-25,2976.283,-0.05901295365207315,1.361965,-61.49782989164274,0.3028291146605704,-10.640531466747472,43.900959865100305,0.012,0.10533333333333333,0.11466666666666667,0.16346153846153846,0.032,0.025333333333333333,0.07546581196581197
2022-10-26,2999.5036,-0.05858337671748285,1.370745,-69.51356514261681,0.27894388712544327,-9.881359735745686,44.48746970608112,0.02,0.10933333333333334,0.08266666666666667,0.1510989010989011,0.04133333333333333,0.042666666666666665,0.07451648351648352
2022-10-27,2982.9029,-0.0589672522832357,1.381805,-69.6908041711055,0.2558845892066854,-10.317043579295593,44.1537415484106,0.013333333333333334,0.11466666666666667,0.08266666666666667,0.12637362637362637,0.034666666666666665,0.032,0.06728449328449328
2022-10-28,2915.9257,-0.061221234560689966,1.394815,-78.42600082877601,0.2658125283095974,-12.25929698981062,42.84249900857789,0.0013333333333333333,0.11866666666666667,0.050666666666666665,0.1401098901098901,0.013333333333333334,0.010666666666666666,0.055796092796092794
2022-10-31,2893.4829,-0.061579670219988614,1.4049850000000002,-68.03593746984052,0.2700171093744137,-12.861868476739946,42.41567926574615,0.0013333333333333333,0.12133333333333333,0.08933333333333333,0.14697802197802198,0.010666666666666666,0.008,0.06294078144078144
2022-11-01,2969.1995,-0.059260989655450236,1.42838,-65.04975821010467,0.2704672763735377,-10.514204454742515,44.308566190180585,0.010666666666666666,0.13733333333333334,0.1,0.14835164835164835,0.036,0.04133333333333333,0.07894749694749695
2022-11-02,3003.3699,-0.058133759326599116,1.454525,-52.781251079827626,0.2566320807830592,-9.421126977158744,45.131668159933604,0.04133333333333333,0.15733333333333333,0.14666666666666667,0.12774725274725274,0.056,0.07466666666666667,0.10062454212454212
2022-11-03,2997.8057,-0.05839707237903052,1.4619199999999999,-54.74822681003246,0.267135552740206,-9.522132627636303,45.02209703172412,0.032,0.16133333333333333,0.14133333333333334,0.14423076923076922,0.05333333333333334,0.07066666666666667,0.10048290598290598
2022-11-04,3070.7964,-0.056149532859891146,1.4974450000000001,-64.53373709908394,0.2838960548119106,-7.2601882365178945,46.73745192574407,0.084,0.17866666666666667,0.10666666666666667,0.16346153846153846,0.11866666666666667,0.13733333333333334,0.13146581196581197
2022-11-07,3077.817,-0.05596940119363991,1.51832,-42.492334383495034,0.2879004036948629,-6.993728045217629,46.89860217175193,0.09066666666666667,0.18933333333333333,0.18666666666666668,0.1662087912087912,0.12266666666666666,0.144,0.14992368742368742
2022-11-08,3064.4928,-0.05646714292679533,1.5311299999999999,-44.205763925269906,0.29452881063012276,-7.345525306820666,46.627848827603174,0.07866666666666666,0.19466666666666665,0.18133333333333335,0.1717032967032967,0.116,0.13466666666666666,0.14617277167277165
2022-11-09,3048.1676,-0.05679488259405885,1.526295,-26.37776164297736,0.2855141722997353,-7.783444914106575,46.29669196328823,0.072,0.19333333333333333,0.24666666666666667,0.16483516483516483,0.09866666666666667,0.12666666666666668,0.15036141636141637
2022-11-10,3036.1318,-0.05698654832613671,1.530425,-27.828388779033475,0.29195864317655107,-8.091026225555886,46.05284698288418,0.07066666666666667,0.19333333333333333,0.24533333333333332,0.17032967032967034,0.08666666666666667,0.11733333333333333,0.14727716727716725
2022-11-11,3087.2926,-0.05527014490996135,1.5662150000000001,-20.210212279283553,0.2853925094991321,-6.494935125272705,47.24717722727993,0.11333333333333333,0.212,0.2866666666666667,0.16483516483516483,0.13866666666666666,0.15866666666666668,0.17902808302808304
2022-11-14,3083.4013,-0.054230567043687616,1.5948799999999999,-15.696998705279896,0.28049302088618094,-6.565800397281474,47.166861098908726,0.132,0.22933333333333333,0.31333333333333335,0.16346153846153846,0.136,0.156,0.18835470085470085
2022-11-15,3134.0778,-0.053125985402961914,1.6196749999999998,-26.091799394100832,0.2754607005311753,-4.984948875067174,48.323725601353345,0.168,0.236,0.25066666666666665,0.15796703296703296,0.18,0.21866666666666668,0.20188339438339442
2022-11-16,3119.9804,-0.053314985921657516,1.6402450000000002,-11.230069704538323,0.23977910637041497,-5.3696945941966945,48.02788724766923,0.15866666666666668,0.24666666666666667,0.3546666666666667,0.10576923076923077,0.172,0.192,0.20496153846153845
2022-11-17,3115.4347,-0.053692041521446104,1.65185,-9.767222303840782,0.23127327358009941,-5.463617614865179,47.93220404190777,0.14933333333333335,0.25066666666666665,0.36933333333333335,0.0989010989010989,0.16933333333333334,0.18533333333333332,0.20381684981684986
2022-11-18,3097.2432,-0.05391657032286511,1.666935,-14.554321657149899,0.23148318295734516,-5.968862957995691,47.548847855311976,0.144,0.25733333333333336,0.3373333333333333,0.10164835164835165,0.15866666666666668,0.168,0.19449694749694746
2022-11-21,3085.0444,-0.054333017186723565,1.6545400000000001,5.060781935778579,0.23131909943412354,-6.2928512599241255,47.29235978808467,0.13066666666666665,0.24933333333333332,0.5186666666666667,0.10027472527472528,0.14933333333333335,0.16266666666666665,0.21849023199023201
2022-11-22,3088.9426,-0.05401362829522155,1.67391,2.2097021050596766,0.2563954678507564,-6.123820814779135,47.38407552948452,0.14266666666666666,0.25866666666666666,0.488,0.13324175824175824,0.15466666666666667,0.16666666666666666,0.2239847374847375
2022-11-23,3096.9073,-0.054078972341247034,1.69008,10.069808387862793,0.2548603178432003,-5.831145007534944,47.57256484096436,0.14,0.272,0.5653333333333334,0.12912087912087913,0.164,0.17333333333333334,0.24063125763125762
2022-11-24,3089.3096,-0.05430442851317825,1.6900600000000001,7.9007701796042795,0.2671459161456797,-6.011414861003939,47.40873496167987,0.132,0.27066666666666667,0.5466666666666666,0.15384615384615385,0.16133333333333333,0.168,0.23875213675213677
2022-11-25,3101.6932,-0.05350360880285013,1.6947950000000003,29.09921291233354,0.2559640986826158,-5.586391063935925,47.705565984545885,0.16133333333333333,0.276,0.7146666666666667,0.1346153846153846,0.172,0.18133333333333335,0.27332478632478635
2022-11-28,3078.5485,-0.05382120463320576,1.6957550000000001,30.159446256778267,0.2451116755729165,-6.23852193403579,47.20204952658245,0.152,0.2786666666666667,0.7266666666666667,0.11950549450549451,0.15066666666666667,0.15733333333333333,0.26413980463980463
2022-11-29,3149.7478,-0.051706871686722104,1.7158450000000003,42.3210817312513,0.1939174868222014,-4.026675198133178,48.880497586415785,0.23466666666666666,0.2946666666666667,0.808,0.06584362139917696,0.24266666666666667,0.2853333333333333,0.3218628257887517
2022-11-30,3151.3353,-0.05160440361367136,1.728385,52.517316279582985,0.17117759812716665,-3.9304094477922935,48.91711239718606,0.244,0.312,0.8706666666666667,0.0410958904109589,0.248,0.292,0.3346270928462709
2022-12-01,3165.4711,-0.051556463861687093,1.76201,48.781177893278965,0.1767308265938075,-3.4504255261367023,49.244462714614016,0.248,0.3466666666666667,0.8546666666666667,0.049247606019151846,0.2733333333333333,0.332,0.3506523787809697
2022-12-02,3156.1442,-0.05175511327078531,1.7543850000000003,69.98607543849184,0.16659744412501576,-3.684029087678209,49.03480482512519,0.232,0.33866666666666667,0.9386666666666666,0.040983606557377046,0.26,0.308,0.3530528233151184
2022-12-05,3211.8144,-0.05003394381462978,1.78946,60.15971946147411,0.16370988070503814,-1.939550603816742,50.311673234906785,0.30533333333333335,0.36533333333333334,0.9053333333333333,0.040927694406548434,0.32133333333333336,0.42533333333333334,0.3939323935122025
2022-12-06,3212.5334,-0.049752177539817255,1.8215200000000003,64.30493646484732,0.14942302081587677,-1.8730617463840304,50.32792660224967,0.31466666666666665,0.39066666666666666,0.92,0.0340599455040872,0.324,0.42933333333333334,0.40212110202845897
2022-12-07,3199.6194,-0.050551749088194514,1.8548950000000002,63.66448610184983,0.14501922304448314,-2.2239796684042856,50.030684844458655,0.2866666666666667,0.44266666666666665,0.9146666666666666,0.031292517006802724,0.31066666666666665,0.4066666666666667,0.3987709750566894
2022-12-08,3197.3499,-0.05039886222709014,1.8688850000000001,68.49671834583935,0.13772579107881103,-2.249679147199579,49.9782278332698,0.29733333333333334,0.45866666666666667,0.9293333333333333,0.028532608695652172,0.30933333333333335,0.4026666666666667,0.40431099033816426
2022-12-09,3206.9502,-0.05010591051934345,1.85916,80.98721910861846,0.14050496949480618,-1.9133615959417538,50.20157979967476,0.304,0.44666666666666666,0.96,0.031207598371777476,0.3253333333333333,0.42,0.41453459972862955
2022-12-12,3179.0417,-0.050798963289440474,1.850215,71.00138478566811,0.14345353125990773,-2.7196115632838525,49.55116743193809,0.27466666666666667,0.432,0.9413333333333334,0.032520325203252036,0.29333333333333333,0.36133333333333334,0.3891978319783198
2022-12-13,3176.3255,-0.050736891580880496,1.83724,88.29101934112478,0.14443528478256648,-2.7554133063063646,49.48806448698227,0.2786666666666667,0.4146666666666667,0.972,0.03382949932341001,0.29333333333333333,0.3546666666666667,0.3911938054427906
2022-12-14,3176.5253,-0.05100722927916021,1.82598,89.6648309847574,0.15046590410329258,-2.697950431640994,49.4928489681614,0.2653333333333333,0.39066666666666666,0.972,0.041891891891891894,0.296,0.356,0.38698198198198197
2022-12-15,3168.6478,-0.050527890240612106,1.8132750000000002,83.9493875458756,0.14281880749665626,-2.8891982512432968,49.30664380749431,0.2946666666666667,0.37733333333333335,0.9586666666666667,0.032388663967611336,0.28933333333333333,0.33866666666666667,0.381842555105713
2022-12-16,3167.8576,-0.05043608079629022,1.80194,80.3959421933787,0.14124446358979292,-2.8625410304855103,49.2878337507134,0.30133333333333334,0.364,0.9533333333333334,0.03234501347708895,0.2906666666666667,0.33466666666666667,0.3793908355795148
2022-12-19,3107.115,-0.052210701527943715,1.80838,63.36232774574893,0.14215731872077345,-4.66309088819763,47.86831333053885,0.21466666666666667,0.372,0.904,0.033647375504710635,0.20266666666666666,0.18933333333333333,0.3193856736952296
2022-12-20,3073.7659,-0.05292465092135256,1.777965,50.02569326068067,0.13731398603668848,-5.616935339854379,47.114951000367604,0.19066666666666668,0.34,0.844,0.028225806451612902,0.17333333333333334,0.15333333333333332,0.2882598566308244
2022-12-21,3068.4105,-0.05313608961916378,1.7393249999999998,50.047459854195694,0.15925525467542848,-5.712132248704405,46.99484456103291,0.17866666666666667,0.30266666666666664,0.844,0.05510752688172043,0.16933333333333334,0.152,0.2836290322580645
2022-12-22,3054.4313,-0.05351463302143353,1.7275299999999998,46.68797332642143,0.16310293693624717,-6.069343628940982,46.68072998184072,0.16266666666666665,0.28933333333333333,0.8186666666666667,0.056451612903225805,0.16133333333333333,0.14133333333333334,0.2716308243727598
2022-12-23,3045.8664,-0.05394528225372559,1.694135,44.98488439823234,0.1795649772362086,-6.261744151356485,46.48821116108939,0.14933333333333335,0.24933333333333332,0.8066666666666666,0.06989247311827956,0.15066666666666667,0.136,0.26031541218637994
2022-12-26,3065.5626,-0.05340954889835038,1.6664099999999997,40.739208561833436,0.18148835521308268,-5.587932612821012,46.99654890066496,0.168,0.22266666666666668,0.7733333333333333,0.0739247311827957,0.17866666666666667,0.156,0.26209856630824374
2022-12-27,3095.5678,-0.05227010034788801,1.618855,46.86906536511404,0.18294892286616535,-4.59574154714244,47.76102535071641,0.22,0.196,0.8186666666666667,0.07661290322580645,0.21333333333333335,0.19066666666666668,0.2858799283154122
2022-12-28,3087.3997,-0.05256384116356985,1.57719,34.59327538377846,0.19428119293913929,-4.78351068328009,47.572143726410744,0.21466666666666667,0.176,0.7266666666666667,0.09408602150537634,0.204,0.18266666666666667,0.26634767025089606
2022-12-29,3073.7016,-0.053071154725406036,1.530225,32.85680473307977,0.1982656637191134,-5.145129121179936,47.25521790380551,0.192,0.14666666666666667,0.716,0.0967741935483871,0.19466666666666665,0.16933333333333334,0.25257347670250896
2022-12-30,3089.2579,-0.05265998369783087,1.505405,26.304752957870164,0.19245838882107588,-4.601955815551573,47.65569055137311,0.212,0.132,0.6626666666666666,0.0913978494623656,0.216,0.19066666666666668,0.2507885304659498
2023-01-03,3116.5119,-0.05212232501400589,1.45814,26.291123553411808,0.19254370421483682,-3.7001345644221972,48.35045296957511,0.23066666666666666,0.10666666666666667,0.6613333333333333,0.09274193548387097,0.272,0.24933333333333332,0.26879032258064517
2023-01-04,3123.5164,-0.051986700073018505,1.43019,22.897697853030934,0.18532832734721083,-3.4216448571988356,48.52800972309554,0.23466666666666666,0.08933333333333333,0.6413333333333333,0.0793010752688172,0.292,0.2653333333333333,0.266994623655914
2023-01-05,3155.2162,-0.05107809248596376,1.40274,9.484681244791403,0.1841456392002272,-2.385617220820613,49.32525894151584,0.2773333333333333,0.068,0.524,0.07795698924731183,0.32266666666666666,0.34933333333333333,0.2698817204301075
2023-01-06,3157.6365,-0.05085922414862325,1.38491,8.115093007245179,0.17535153386697877,-2.255299259105581,49.38578756612949,0.2906666666666667,0.06133333333333333,0.512,0.06451612903225806,0.3333333333333333,0.35333333333333333,0.2691971326164874
2023-01-09,3176.0845,-0.050327659143474146,1.3520400000000001,-2.476581808616686,0.17740206272736678,-1.6289391438701117,49.8475240986945,0.324,0.048,0.39866666666666667,0.07123655913978495,0.36666666666666664,0.392,0.2667616487455197
2023-01-10,3169.5072,-0.0503532667440425,1.323655,4.304542793050132,0.18376594378353275,-1.7806351886948013,49.684109771467604,0.324,0.042666666666666665,0.47333333333333333,0.08064516129032258,0.3586666666666667,0.38,0.2765519713261649
2023-01-11,3161.8376,-0.05040341619718357,1.30945,2.316712369318026,0.19042804224740567,-1.9627288054905212,49.492787284734085,0.32266666666666666,0.037333333333333336,0.4493333333333333,0.09543010752688172,0.348,0.36666666666666664,0.2699050179211469
2023-01-12,3163.4509,-0.05008386621108317,1.295965,-4.526622738321862,0.20520832747350543,-1.8547253771048267,49.53412450210155,0.336,0.032,0.388,0.11559139784946236,0.356,0.37066666666666664,0.2663763440860215
2023-01-13,3195.3059,-0.04908510318493932,1.29006,-13.61759065430698,0.19925853054494877,-0.8126385619861343,50.34557268501224,0.36933333333333335,0.028,0.32,0.11021505376344086,0.404,0.436,0.2779247311827957
2023-01-16,3227.5916,-0.048321745547768497,1.3032400000000002,-22.038382049629917,0.21767511277351653,0.23530977846029089,51.15059397821219,0.3893333333333333,0.034666666666666665,0.26266666666666666,0.1303763440860215,0.436,0.5146666666666667,0.29461827956989245
2023-01-17,3224.2448,-0.04856974397993441,1.287855,-0.573644006463752,0.24092853963806615,0.1763998187191751,51.06381097597087,0.38266666666666665,0.025333333333333333,0.42133333333333334,0.14919354838709678,0.43333333333333335,0.508,0.31997670250896054
2023-01-18,3224.406,-0.048267948098430116,1.28592,19.658017665086106,0.27555006538258925,0.2256438472500788,51.06785455585188,0.392,0.024,0.628,0.19623655913978494,0.436,0.5093333333333333,0.3642616487455197
2023-01-19,3240.2794,-0.0479768122260802,1.2961449999999999,14.482052315402257,0.3160437042308497,0.7632986035024159,51.46718168810247,0.4013333333333333,0.030666666666666665,0.5853333333333334,0.2271505376344086,0.468,0.5586666666666666,0.3785250896057348
2023-01-20,3264.8138,-0.04711516771824467,1.3100049999999999,12.945824240257735,0.3374234113022776,1.5644795645491927,52.078438214111756,0.43333333333333335,0.037333333333333336,0.568,0.2325268817204301,0.5093333333333333,0.6546666666666666,0.40586559139784945
2023-01-30,3269.318,-0.047120800505572914,1.3551350000000002,8.226141934035525,0.34679244045142166,1.7461417679910163,52.19022729967927,0.43333333333333335,0.04933333333333333,0.5226666666666666,0.23655913978494625,0.5186666666666667,0.6693333333333333,0.40498207885304655
2023-01-31,3255.6692,-0.047524729171260244,1.38156,13.939932308989256,0.34311676498184407,1.3591719767428234,51.81980805090222,0.416,0.058666666666666666,0.5813333333333334,0.23387096774193547,0.496,0.608,0.3989784946236559
2023-02-01,3284.9213,-0.046719183323314054,1.414095,14.84084923768097,0.359604647042047,2.2999896656659358,52.5496997183623,0.452,0.07333333333333333,0.592,0.239247311827957,0.552,0.7013333333333334,0.4349856630824373
2023-02-02,3285.6705,-0.04687318891816397,1.444355,15.536199153541673,0.36309230974879075,2.355961919632632,52.56830994668247,0.44533333333333336,0.09733333333333333,0.6,0.24193548387096775,0.556,0.7013333333333334,0.4403225806451612
2023-02-03,3263.4059,-0.04733639499147309,1.466285,17.474493195281525,0.3697744277039173,1.7012134366502396,51.95593483619458,0.424,0.11066666666666666,0.616,0.24327956989247312,0.52,0.6253333333333333,0.42321326164874545
2023-02-06,3238.6978,-0.04781269647838503,1.480695,11.508139447614582,0.37773641070622144,0.971419302637111,51.28548705722101,0.408,0.12,0.5506666666666666,0.24865591397849462,0.484,0.5373333333333333,0.3914426523297491
2023-02-07,3248.094,-0.047681972657535446,1.472745,20.91087623502318,0.3730049761546637,1.3031401658017971,51.52603615494104,0.4146666666666667,0.11333333333333333,0.6493333333333333,0.24193548387096775,0.49333333333333335,0.568,0.4134336917562724
2023-02-08,3232.1063,-0.048025298817073264,1.461275,16.740745067394073,0.3871931131555096,0.8410489757985307,51.091941919934314,0.4,0.10266666666666667,0.6133333333333333,0.2553763440860215,0.47733333333333333,0.512,0.3934516129032259
2023-02-09,3270.3826,-0.04719787335175287,1.45942,17.743911022954137,0.4070326758298842,2.0675806617051373,52.069551038047756,0.436,0.10133333333333333,0.6213333333333333,0.2594086021505376,0.5426666666666666,0.6573333333333333,0.4363458781362007
2023-02-10,3260.6734,-0.04731365250586503,1.459565,14.022091162562532,0.4010490668115131,1.7864648060844646,51.803935438209926,0.43066666666666664,0.10266666666666667,0.584,0.25806451612903225,0.5293333333333333,0.6066666666666667,0.41856630824372765
2023-02-13,3284.1599,-0.046872583879037005,1.4703149999999998,11.032401389290925,0.4268975921088126,2.5415883758491242,52.39793063825509,0.45466666666666666,0.11066666666666666,0.5466666666666666,0.27419354838709675,0.572,0.6946666666666667,0.4421433691756272
2023-02-14,3293.2825,-0.0466666494116454,1.480675,11.302402068073803,0.44039403329851207,2.8393918291530484,52.62725633916737,0.4653333333333333,0.12133333333333333,0.5493333333333333,0.2916666666666667,0.592,0.7133333333333334,0.4555
2023-02-15,3280.4919,-0.04693956970396643,1.489505,5.4593326364832535,0.36610200634336715,2.4503383211775587,52.270225232741204,0.452,0.12666666666666668,0.48933333333333334,0.2325268817204301,0.5693333333333334,0.6866666666666666,0.42608781362007164
2023-02-16,3249.0295,-0.04754267905127292,1.5345650000000002,-2.3768557193752144,0.39354597221617976,1.4906528608398473,51.40279315432744,0.42,0.156,0.404,0.2540322580645161,0.5106666666666667,0.552,0.3827831541218638
2023-02-17,3224.0243,-0.04813466038516451,1.55087,7.245131193153384,0.44208254868693375,0.7383346739777696,50.726235628965554,0.396,0.16133333333333333,0.508,0.2916666666666667,0.4653333333333333,0.468,0.38172222222222224
2023-02-20,3290.3383,-0.046241368506021466,1.556025,-0.26808094504505675,0.4437392381488118,2.8347614108338526,52.40618399247347,0.47733333333333333,0.16666666666666666,0.42533333333333334,0.29301075268817206,0.596,0.7,0.44305734767025085
2023-02-21,3306.5236,-0.04587098576242495,1.583915,-4.654204912097242,0.45947408038788057,3.363789369917103,52.80333850513381,0.49333333333333335,0.188,0.39066666666666666,0.30376344086021506,0.628,0.7346666666666667,0.45640501792114696
2023-02-22,3291.1477,-0.04627904246405492,1.595895,-9.95926447083022,0.4273776369237171,2.9052364740636216,52.38341030738472,0.476,0.196,0.344,0.26881720430107525,0.6,0.6986666666666667,0.4305806451612903
2023-02-23,3287.477,-0.04631782672424626,1.6062349999999999,-3.9840885732977824,0.41582736162382344,2.8086458015254445,52.28303306066038,0.4746666666666667,0.20133333333333334,0.39466666666666667,0.260752688172043,0.5933333333333334,0.6946666666666667,0.4365698924731183
2023-02-24,3267.1597,-0.046908639697704826,1.5949550000000001,-0.49312109572647955,0.41433334623192986,2.196140700817728,51.72823014579647,0.456,0.196,0.428,0.2553763440860215,0.556,0.5986666666666667,0.41500716845878144
2023-02-27,3258.0344,-0.0470903150958257,1.5637649999999998,-3.892061275546979,0.40717403073529695,1.9372059852191148,51.480116220657884,0.448,0.17333333333333334,0.396,0.24865591397849462,0.5373333333333333,0.5666666666666667,0.39499820788530454
2023-02-28,3279.6053,-0.04658021981003957,1.550055,-8.942421756183876,0.395182618703465,2.6363192201924512,52.03012011932249,0.47333333333333333,0.16133333333333333,0.35333333333333333,0.24596774193548387,0.5866666666666667,0.6533333333333333,0.4123279569892473
2023-03-01,3312.3478,-0.04573405447526688,1.54421,-15.51111642360496,0.38181358311146557,3.684162791863055,52.85050776120376,0.5,0.16133333333333333,0.29733333333333334,0.23655913978494625,0.6466666666666666,0.7426666666666667,0.43075985663082433
2023-03-02,3310.6536,-0.04558777595496351,1.542295,-15.89060036563555,0.41778566367037834,3.6544863499737845,52.80325616029647,0.5093333333333333,0.16133333333333333,0.2946666666666667,0.2661290322580645,0.644,0.74,0.435910394265233
2023-03-03,3328.3927,-0.045161280120700406,1.55596,-13.153254466887006,0.41605664462525804,4.226692720647995,53.24585158640801,0.5186666666666667,0.17066666666666666,0.3253333333333333,0.2647849462365591,0.6746666666666666,0.772,0.45435304659498205
2023-03-06,3322.0259,-0.04542186907774533,1.576275,-5.127990416760326,0.380642271489467,4.049100804051009,53.06523936244299,0.512,0.18933333333333333,0.3933333333333333,0.23655913978494625,0.6653333333333333,0.7613333333333333,0.4596487455197133
2023-03-07,3285.0988,-0.04627362628073972,1.615195,-15.362588702217238,0.3822136784583102,2.91118456806867,52.03011472808719,0.47733333333333333,0.21466666666666667,0.2986666666666667,0.239247311827957,0.6013333333333334,0.648,0.4132078853046595
2023-03-08,3283.2479,-0.046299526629291425,1.6225450000000001,-7.658580740418955,0.3763723516860732,2.874879163620747,51.978722390392754,0.47333333333333333,0.21866666666666668,0.364,0.23118279569892472,0.5986666666666667,0.6373333333333333,0.4205304659498208
2023-03-09,3276.0937,-0.04648518624564443,1.6259800000000002,5.299742544226319,0.3587435322832568,2.6746775539944645,51.77881615966489,0.468,0.22133333333333333,0.5,0.21774193548387097,0.584,0.604,0.43251254480286744
2023-03-10,3230.0766,-0.047678006664651884,1.6323699999999999,-4.363067830772309,0.3434693105628125,1.2653239062783372,50.515148032204486,0.4093333333333333,0.22266666666666668,0.396,0.21370967741935484,0.4866666666666667,0.44266666666666665,0.3618405017921147
2023-03-13,3268.6955,-0.046534753082066595,1.63158,-7.345547909649838,0.34324056388066,2.503755853545764,51.51926264586104,0.4666666666666667,0.22266666666666668,0.36666666666666664,0.21370967741935484,0.5693333333333334,0.5626666666666666,0.40028494623655914
2023-03-14,3245.3123,-0.047063701612364145,1.64543,-12.928380312424565,0.37166589323747706,1.8005874604841265,50.88703323969772,0.44,0.23066666666666666,0.324,0.22983870967741934,0.524,0.47733333333333333,0.37097311827956986
2023-03-15,3263.3148,-0.046548408727807536,1.6554749999999998,-12.87886004346555,0.36882810515638786,2.3889806316238715,51.351819236867534,0.4653333333333333,0.23733333333333334,0.324,0.22849462365591397,0.5613333333333334,0.54,0.39274910394265233
2023-03-16,3226.8912,-0.04716771481480082,1.6413,-12.141199999558069,0.3583260199072296,1.2647131219635455,50.37641051066312,0.42933333333333334,0.22933333333333333,0.3253333333333333,0.22043010752688172,0.48133333333333334,0.4266666666666667,0.3520716845878136
2023-03-17,3250.546,-0.046513116228008605,1.659045,-8.331271492983802,0.36478656428377176,2.012540638256888,50.98780826849192,0.4666666666666667,0.24133333333333334,0.35333333333333333,0.22849462365591397,0.5306666666666666,0.48933333333333334,0.38497132616487456
2023-03-20,3234.9103,-0.04714411523594128,1.677635,14.053327311100247,0.3626501248823831,1.5245796239734322,50.571331666426744,0.428,0.25466666666666665,0.6026666666666667,0.22580645161290322,0.5013333333333333,0.4493333333333333,0.4103010752688172
2023-03-21,3255.6505,-0.04661960092270457,1.6708100000000001,4.463145699767182,0.35354426994073473,2.1806786608529416,51.10702817105587,0.46,0.24666666666666667,0.492,0.21908602150537634,0.544,0.5026666666666667,0.4107365591397849
2023-03-22,3265.7475,-0.04651273235046551,1.6800600000000003,2.179583856660031,0.3512184853693781,2.5032415264478303,51.36651018262962,0.4666666666666667,0.25866666666666666,0.4613333333333333,0.21908602150537634,0.568,0.5426666666666666,0.41940322580645156
2023-03-23,3286.6491,-0.0459069837561364,1.6907500000000002,-2.4340238161140917,0.353932895803308,3.151113963201224,51.900874779561285,0.49066666666666664,0.2653333333333333,0.4066666666666667,0.2217741935483871,0.6146666666666667,0.6226666666666667,0.4369623655913979
2023-03-24,3265.6537,-0.04640471038889934,1.7148800000000002,-0.1957636660671369,0.35411623589541324,2.466231354408399,51.32800781997852,0.468,0.288,0.432,0.22311827956989247,0.5653333333333334,0.536,0.418741935483871
2023-03-27,3251.3971,-0.04694918940281688,1.74021,-1.1046875379826986,0.3426982494425663,2.008572597757685,50.94190886527776,0.43733333333333335,0.3253333333333333,0.41733333333333333,0.21236559139784947,0.528,0.4866666666666667,0.40117204301075265
2023-03-28,3245.376,-0.04691626848877166,1.7513349999999999,3.5303984183095167,0.3431931327310863,1.8157924429363481,50.77877698862512,0.43866666666666665,0.34,0.476,0.21505376344086022,0.5186666666666667,0.464,0.4087311827956989
2023-03-29,3240.0568,-0.04705207623454953,1.7434049999999999,9.081528217203243,0.37049365941530055,1.650320621640189,50.63392375864794,0.42933333333333334,0.328,0.5426666666666666,0.24327956989247312,0.5066666666666667,0.45466666666666666,0.4174354838709678
2023-03-30,3261.2485,-0.046809507442714615,1.734435,2.6218953300218004,0.3538467688120571,2.314196913179578,51.19482168060453,0.45066666666666666,0.32,0.46266666666666667,0.22446236559139784,0.552,0.516,0.4209659498207885
2023-03-31,3272.8602,-0.04657752331182413,1.71684,3.6074296200301887,0.3338078890261958,2.676812555911301,51.500157714538005,0.4573333333333333,0.2946666666666667,0.476,0.20833333333333334,0.584,0.5626666666666666,0.43050000000000005
2023-04-03,3296.396,-0.04574433638067323,1.720045,-2.2149873661511776,0.33504304850023015,3.4118908632128964,52.11420877374952,0.49466666666666664,0.30133333333333334,0.404,0.20967741935483872,0.6333333333333333,0.664,0.451168458781362
2023-04-04,3312.5578,-0.045211293813122805,1.7169750000000001,3.330666303880804,0.3317180262155765,3.910783312123889,52.531541605460326,0.516,0.296,0.47333333333333333,0.20833333333333334,0.6546666666666666,0.7133333333333334,0.47694444444444445
2023-04-06,3312.628,-0.045134786267869376,1.734175,3.03331963976035,0.3412029929076104,3.8998979641870823,52.533358644566206,0.52,0.324,0.468,0.2163978494623656,0.6533333333333333,0.7146666666666667,0.4827329749103942
2023-04-07,3327.6457,-0.04494396250297618,1.7381849999999996,-2.155932897938982,0.34646585257540796,4.356111874733992,52.92319731826449,0.5293333333333333,0.328,0.4066666666666667,0.22446236559139784,0.6866666666666666,0.748,0.4871881720430107
2023-04-10,3315.3578,-0.04514964207010805,1.7515450000000001,15.606642568939975,0.34610416940588123,3.9562296793164364,52.56598373821135,0.5173333333333333,0.3506666666666667,0.6306666666666667,0.22446236559139784,0.6586666666666666,0.7146666666666667,0.5160770609318996
2023-04-11,3313.5705,-0.04558412539299244,1.75699,28.784833878818205,0.35047096392305543,3.8940660073913946,52.51384890037299,0.5013333333333333,0.356,0.724,0.22983870967741934,0.648,0.708,0.5278620071684587
2023-04-12,3327.1816,-0.045187508901198395,1.7617549999999997,33.5569113150639,0.3538615286376839,4.311021031253581,52.873792120380244,0.512,0.36,0.7613333333333333,0.23521505376344087,0.6826666666666666,0.7413333333333333,0.5487580645161291
2023-04-13,3318.3638,-0.04527133750018597,1.7719049999999998,37.83350774244849,0.3514170651850899,4.029922248305207,52.61253042571509,0.508,0.36533333333333334,0.7826666666666666,0.2325268817204301,0.66,0.7173333333333334,0.5443100358422939
2023-04-14,3338.1525,-0.044762884106531106,1.7721899999999997,47.572790649783485,0.33225206884108494,4.6431120457467445,53.138021595995134,0.5373333333333333,0.36666666666666664,0.8413333333333334,0.20967741935483872,0.6933333333333334,0.7653333333333333,0.5689462365591398
2023-04-17,3385.6095,-0.043356023448917494,1.7872799999999998,41.184191261524234,0.3298058442341147,6.110962196725711,54.36527119106857,0.596,0.37866666666666665,0.8013333333333333,0.20833333333333334,0.7413333333333333,0.8626666666666667,0.5980555555555555
2023-04-18,3393.3312,-0.043018359140187826,1.7734649999999998,40.513460128584214,0.34590401986023367,6.3341133293908,54.561067968679694,0.612,0.36933333333333335,0.796,0.2271505376344086,0.7453333333333333,0.884,0.6056362007168459
2023-04-19,3370.1283,-0.043468939888225866,1.7844250000000001,43.42005029776291,0.33469304129503374,5.580157373665928,53.85888662915652,0.592,0.37866666666666665,0.82,0.21370967741935484,0.7213333333333334,0.82,0.5909516129032258
2023-04-20,3367.031,-0.043372118212339585,1.79954,46.8296254049675,0.3500332311768118,5.46281147962584,53.76548305815508,0.5933333333333334,0.3893333333333333,0.8346666666666667,0.23521505376344087,0.716,0.8093333333333333,0.5963136200716846
2023-04-21,3301.2575,-0.04598325590249558,1.82088,39.29352775801799,0.35399279101671144,3.3878179903144456,51.83507113754213,0.4706666666666667,0.41333333333333333,0.7906666666666666,0.24596774193548387,0.6146666666666667,0.5973333333333334,0.5221057347670252
2023-04-24,3275.413,-0.046395216359333726,1.828725,37.3590787087916,0.37702673189530433,2.572032169442373,51.105970027675795,0.4493333333333333,0.428,0.772,0.27419354838709675,0.5546666666666666,0.48533333333333334,0.493921146953405
2023-04-25,3264.8717,-0.04673085490592378,1.8402749999999997,39.49348676697771,0.35468644888529416,2.23505579093104,50.81118735936263,0.42933333333333334,0.45066666666666666,0.7906666666666666,0.24865591397849462,0.5266666666666666,0.452,0.4829982078853046
2023-04-26,3264.1006,-0.04706219075778423,1.8575849999999998,39.80842350976799,0.3018667721865882,2.2021311460381554,50.7895166353091,0.404,0.47733333333333333,0.792,0.19623655913978494,0.524,0.448,0.47359498207885303
2023-04-27,3285.8844,-0.04712794422926142,1.8710050000000003,33.43476199816121,0.3386258167511481,2.872368079616683,51.381879311417755,0.3933333333333333,0.49733333333333335,0.744,0.2217741935483871,0.5786666666666667,0.5293333333333333,0.49407347670250895
2023-04-28,3323.2746,-0.046148060695801886,1.90028,34.12204902639215,0.3534652863785136,4.020521810672073,52.37688262301161,0.46266666666666667,0.532,0.7493333333333333,0.24327956989247312,0.652,0.684,0.5538799283154122
2023-05-04,3350.4587,-0.045437285676625916,1.95642,30.674103346970355,0.3494447407734603,4.83587586160712,53.0828228123066,0.496,0.5706666666666667,0.7226666666666667,0.23655913978494625,0.6946666666666667,0.7586666666666667,0.5798709677419355
2023-05-05,3334.5028,-0.04604033731770643,1.9777799999999999,30.88400991608917,0.3930542718156164,4.304294287039001,52.619846773292466,0.468,0.5826666666666667,0.7226666666666667,0.29973118279569894,0.6733333333333333,0.7093333333333334,0.5759551971326166
2023-05-08,3395.0036,-0.04425972931017371,2.0195,23.078665119953314,0.41536608840927036,6.134829482832083,54.15307577287604,0.5533333333333333,0.6146666666666667,0.668,0.3172043010752688,0.74,0.8493333333333334,0.6237562724014338
2023-05-09,3357.6707,-0.04526449507629769,2.0885249999999997,14.382317447367825,0.4240512004438254,4.905906525958925,53.08122430344517,0.5,0.6653333333333333,0.592,0.32661290322580644,0.6946666666666667,0.756,0.5891021505376344
2023-05-10,3319.1506,-0.04647111060760353,2.133565,6.154361251719308,0.4112208156665342,3.655649699437813,52.00717813359442,0.43866666666666665,0.7,0.496,0.30913978494623656,0.6186666666666667,0.6226666666666667,0.5308566308243727
2023-05-11,3309.5512,-0.04698131601782105,2.138185,5.879452071378836,0.408757836197562,3.312751108690537,51.74333510539844,0.4026666666666667,0.704,0.492,0.30913978494623656,0.5986666666666667,0.5746666666666667,0.5135232974910394
2023-05-12,3272.3619,-0.047808552991039116,2.145815,-6.243714974137191,0.4290144546883335,2.12310012004846,50.73497375585624,0.3506666666666667,0.7133333333333334,0.348,0.3346774193548387,0.5066666666666667,0.42933333333333334,0.4471129032258065
2023-05-15,3310.7367,-0.04680131601782105,2.1582149999999998,-12.33999269956692,0.41046604729813735,3.2893629437855454,51.716808433168104,0.42,0.72,0.28933333333333333,0.31048387096774194,0.596,0.568,0.48396953405017923
2023-05-16,3290.9874,-0.047346689374009265,2.150915,-16.53495305062546,0.4087069086651995,2.636147672411271,51.18591397063578,0.36533333333333334,0.7173333333333334,0.24266666666666667,0.30913978494623656,0.5453333333333333,0.4866666666666667,0.44441218637992835
2023-05-17,3284.232,-0.047575925203519165,2.137085,-15.723918557494159,0.420929558257961,2.3896909339648165,51.00480521838749,0.356,0.6986666666666667,0.24666666666666667,0.33064516129032256,0.5253333333333333,0.45866666666666667,0.4359964157706093
2023-05-18,3297.3199,-0.04719917690116111,2.1107950000000004,-9.365367387304616,0.4296158251658736,2.764212644212627,51.34210317531378,0.376,0.6746666666666666,0.30933333333333335,0.34139784946236557,0.5586666666666666,0.512,0.462010752688172
2023-05-19,3283.5417,-0.047553358535552766,2.0924199999999997,-19.45477161641486,0.43198154118227355,2.306125806927284,50.96856273327264,0.3546666666666667,0.6586666666666666,0.22666666666666666,0.34543010752688175,0.5146666666666667,0.45466666666666666,0.4257939068100358
2023-05-22,3296.4696,-0.04722573683509623,2.072065,-18.210523444094918,0.4254224644656678,2.6780227954646074,51.30471718581903,0.37466666666666665,0.6413333333333333,0.23066666666666666,0.33422818791946307,0.5533333333333333,0.5026666666666667,0.43948247576435495
2023-05-23,3246.238,-0.048679823224634586,2.051615,-35.35364529496948,0.4287931948462578,1.0930166227100857,49.95892241383984,0.312,0.624,0.164,0.339142091152815,0.428,0.35333333333333333,0.37007923741435805
2023-05-24,3204.7494,-0.049712505720699025,2.024745,-29.93076104251236,0.45830646417729093,-0.21528753384193466,48.88783089947097,0.28933333333333333,0.608,0.18,0.37349397590361444,0.364,0.25466666666666665,0.3449156626506024
2023-05-25,3201.2605,-0.04977532616335982,2.00445,-26.047725752098472,0.44053552953510666,-0.3372711916051152,48.798862565084214,0.2866666666666667,0.5866666666666667,0.19466666666666665,0.3622994652406417,0.36133333333333334,0.244,0.3392721330956625
2023-05-26,3212.5038,-0.0492686483323354,1.9709000000000003,-27.738273431117705,0.44102288428472475,-0.0029968124800716645,49.10072154310402,0.30266666666666664,0.5626666666666666,0.18933333333333333,0.36315086782376504,0.37066666666666664,0.28,0.34474736685951646
2023-05-29,3221.4484,-0.04914713078367017,1.95369,-33.41827885842761,0.44571385473723457,0.2598859410454235,49.340992232969455,0.30266666666666664,0.5533333333333333,0.16666666666666666,0.3684913217623498,0.38533333333333336,0.30266666666666664,0.3465263314048361
2023-05-30,3224.2133,-0.049006322165888884,1.9423199999999998,-31.348744177808726,0.44464049112255266,0.3362381621862198,49.41563306915458,0.30933333333333335,0.5413333333333333,0.17733333333333334,0.3684913217623498,0.38666666666666666,0.31066666666666665,0.34897077584928055
2023-05-31,3204.5644,-0.049666360799755394,1.910925,-25.794360140460014,0.4112439297691614,-0.2823908101432959,48.89788179083855,0.288,0.528,0.20133333333333334,0.31241655540720964,0.35733333333333334,0.252,0.3231805370123127
2023-06-01,3204.6345,-0.049604228675421635,1.86157,-20.67948023123401,0.4139739121653028,-0.29680256430562046,48.899813365861775,0.28933333333333333,0.468,0.228,0.31466666666666665,0.356,0.252,0.318
2023-06-02,3230.0686,-0.04936215893565239,1.8220649999999998,-23.65703715749879,0.4410672478766253,0.47917689660355034,49.598792925347404,0.29733333333333334,0.4013333333333333,0.20666666666666667,0.36666666666666664,0.3973333333333333,0.32666666666666666,0.33266666666666667
2023-06-05,3232.441,-0.04931152305408988,1.750185,-12.582781336973596,0.4404674908611136,0.5392985351386548,49.663738115619324,0.29733333333333334,0.33066666666666666,0.2986666666666667,0.364,0.4,0.332,0.3371111111111111
2023-06-06,3195.3404,-0.05016577455564031,1.675385,-13.875494847705596,0.4448464661186525,-0.6226982676241333,48.67192443464273,0.26266666666666666,0.236,0.284,0.37466666666666665,0.3453333333333333,0.22933333333333333,0.2886666666666667
2023-06-07,3197.7587,-0.05011324124685672,1.6232300000000002,-4.024823904518513,0.43049103583002163,-0.5535120946089989,48.73940148774805,0.26266666666666666,0.20533333333333334,0.37866666666666665,0.3453333333333333,0.348,0.23333333333333334,0.29555555555555557
2023-06-08,3213.5855,-0.04958562000919897,1.60689,-11.929029450080861,0.41202604036166596,-0.06469365005395966,49.1815397191123,0.2866666666666667,0.19733333333333333,0.304,0.31333333333333335,0.36,0.288,0.2915555555555555
2023-06-09,3231.4055,-0.04920005786441284,1.5968149999999999,-7.354038641862928,0.44171512717594574,0.4833126795253495,49.67575791167562,0.3,0.192,0.348,0.372,0.396,0.33466666666666667,0.3237777777777778
2023-06-12,3228.8336,-0.049687861188308736,1.5759349999999999,2.6619352114356616,0.47588978722324166,0.39916931129073685,49.60534948806837,0.2813333333333333,0.176,0.4613333333333333,0.39866666666666667,0.3893333333333333,0.3293333333333333,0.3393333333333333
2023-06-13,3233.6734,-0.05014035914739284,1.564095,6.599769309653496,0.4510071727319285,0.5499982572744866,49.74090607120127,0.26266666666666666,0.17066666666666666,0.5186666666666667,0.384,0.4,0.3426666666666667,0.3464444444444445
2023-06-14,3228.9887,-0.05040868290269445,1.56861,3.684316724034943,0.3939723511844297,0.40592443217259966,49.6102845413766,0.252,0.172,0.4786666666666667,0.3,0.388,0.3293333333333333,0.32
2023-06-15,3252.9751,-0.04961802468989204,1.56866,0.6046991106177728,0.3587980142539223,1.153146512679215,50.2862329296496,0.2853333333333333,0.172,0.43866666666666665,0.25733333333333336,0.43066666666666664,0.376,0.32666666666666666
2023-06-16,3273.3341,-0.04909601138903601,1.5790950000000001,0.052417366618726646,0.28198488099097313,1.781868983744106,50.85210779138838,0.304,0.18,0.432,0.18133333333333335,0.4706666666666667,0.43866666666666665,0.3344444444444445
2023-06-19,3255.8057,-0.04928836043752739,1.5931250000000001,-0.8737560076254169,0.2817009453516978,1.2404917841061236,50.353098918586085,0.29733333333333334,0.18666666666666668,0.4186666666666667,0.18133333333333335,0.42933333333333334,0.38533333333333336,0.3164444444444445
2023-06-20,3240.3648,-0.04988616100106798,1.598665,17.593079689656378,0.25969639053372096,0.7622545361110067,49.91675543412217,0.2733333333333333,0.192,0.6506666666666666,0.15466666666666667,0.4053333333333333,0.348,0.3373333333333333
2023-06-21,3197.9011,-0.05090500926719528,1.60002,22.987514334046054,0.2778000247306665,-0.5469372824629781,48.74211647712095,0.22266666666666668,0.19333333333333333,0.6933333333333334,0.17733333333333334,0.336,0.236,0.30977777777777776
2023-06-26,3150.6189,-0.05190228753648233,1.60689,9.724991212734139,0.29848255700409243,-1.9985186885943862,47.483952465314054,0.18533333333333332,0.19733333333333333,0.5586666666666666,0.2,0.2906666666666667,0.15466666666666667,0.2644444444444444
2023-06-27,3189.4427,-0.05090231734800661,1.613775,1.802092051570611,0.30041589384609285,-0.7790418840593394,48.58591754739686,0.22266666666666668,0.19733333333333333,0.456,0.20133333333333334,0.328,0.22133333333333333,0.27111111111111114
2023-06-28,3189.3758,-0.050961638048516486,1.6068200000000001,4.689168086416743,0.29651868447970275,-0.7653899651505869,48.58414110590023,0.22,0.19333333333333333,0.5013333333333333,0.2,0.3293333333333333,0.22133333333333333,0.27755555555555556
2023-06-29,3182.3812,-0.05122240334445883,1.5918550000000002,3.008949734136479,0.27916753065393013,-0.9666220168218831,48.39705192357072,0.21066666666666667,0.17733333333333334,0.4693333333333333,0.18,0.32,0.204,0.2602222222222222
2023-06-30,3202.0623,-0.050953247908881644,1.5844200000000002,2.4789014815211488,0.28357847572427486,-0.34117769918620144,48.95633921182926,0.22266666666666668,0.17333333333333334,0.464,0.188,0.33866666666666667,0.2613333333333333,0.27466666666666667
2023-07-03,3243.975,-0.04981518600958849,1.58531,-9.344698530597157,0.272670704338282,0.9662043352478111,50.120548023040655,0.2733333333333333,0.17333333333333334,0.3253333333333333,0.17333333333333334,0.4186666666666667,0.36,0.2873333333333334
2023-07-04,3245.3492,-0.04969026499216886,1.58114,-1.5320927437133776,0.269396981922252,1.018382384209282,50.15823916129203,0.2786666666666667,0.168,0.412,0.16666666666666666,0.42133333333333334,0.364,0.30177777777777776
2023-07-05,3222.9469,-0.05027982275241107,1.576875,-8.52700058567595,0.2678178558664424,0.3369041242931914,49.54110661538182,0.25733333333333336,0.16266666666666665,0.33466666666666667,0.16666666666666666,0.37066666666666664,0.31733333333333336,0.2682222222222222
2023-07-06,3205.5748,-0.050690580298091495,1.55921,0.675532665239075,0.2584560253552176,-0.18234478617374927,49.067689460215774,0.23733333333333334,0.14933333333333335,0.448,0.15333333333333332,0.3466666666666667,0.2733333333333333,0.268
2023-07-07,3196.6092,-0.05087794558783931,1.55772,-2.885821290636784,0.23334775087160928,-0.4351572244383317,48.82419286015084,0.22933333333333333,0.148,0.39866666666666667,0.124,0.3373333333333333,0.24266666666666667,0.24666666666666667
2023-07-10,3203.6958,-0.05073963496462908,1.54192,0.5493366238028727,0.23379363758879024,-0.19480634833730637,49.02638014168684,0.23733333333333334,0.136,0.44533333333333336,0.12533333333333332,0.348,0.2733333333333333,0.2608888888888889
2023-07-11,3221.3666,-0.05036353331077979,1.518345,1.132801628430741,0.24272430837156922,0.37786558971562023,49.52918589282582,0.25866666666666666,0.12266666666666666,0.456,0.13466666666666666,0.37466666666666665,0.32,0.2777777777777778
2023-07-12,3196.1337,-0.050960919721824316,1.5061550000000001,-6.4454045245759914,0.23087851567415685,-0.3846149947823396,48.83362180049998,0.22266666666666668,0.11733333333333333,0.36533333333333334,0.12,0.33866666666666667,0.244,0.2346666666666667
2023-07-13,3236.48,-0.04990947953726807,1.5045449999999998,-16.65701670067034,0.21430375179555478,0.8941277831108874,49.96967415345519,0.28,0.11466666666666667,0.25066666666666665,0.112,0.41733333333333333,0.35733333333333334,0.2553333333333333
2023-07-14,3237.7012,-0.04992744172931727,1.495465,-17.28333290388673,0.22710473396900913,0.9531351476871786,50.00365134995405,0.28,0.10933333333333334,0.24666666666666667,0.12,0.41733333333333333,0.3626666666666667,0.256
2023-07-17,3209.6298,-0.05064141231334872,1.4792200000000002,-22.290976718589604,0.21999285966212595,0.09604685380797395,49.226539912503775,0.244,0.10133333333333333,0.21866666666666668,0.11866666666666667,0.36,0.29733333333333334,0.22333333333333338
2023-07-18,3197.8201,-0.051074431279739825,1.4555900000000002,-20.041206047799335,0.21706456060816043,-0.25152496969962357,48.90320973342556,0.216,0.08266666666666667,0.23733333333333334,0.116,0.3453333333333333,0.25733333333333336,0.20911111111111114
2023-07-19,3198.8358,-0.051013325724551035,1.426075,-16.92780554016855,0.23147302840066913,-0.20026271047731692,48.932382097311645,0.21866666666666668,0.07066666666666667,0.25333333333333335,0.12933333333333333,0.34933333333333333,0.264,0.2142222222222222
2023-07-20,3169.522,-0.05171860273500188,1.4101,-21.863122865730986,0.2240181839661994,-1.0970361675115448,48.13041458470375,0.192,0.06533333333333333,0.224,0.12133333333333333,0.316,0.19066666666666668,0.18488888888888888
2023-07-21,3167.7452,-0.05191134670723139,1.3909850000000001,-12.536483014708324,0.22966323649710282,-1.138447293017586,48.08211283219467,0.184,0.05733333333333333,0.30933333333333335,0.12666666666666668,0.31466666666666665,0.188,0.19666666666666666
2023-07-24,3164.1608,-0.052070944046574724,1.365785,1.7911012036633451,0.23425985860006185,-1.2355008469953965,47.98387719904946,0.176,0.04666666666666667,0.476,0.13733333333333334,0.30933333333333335,0.18266666666666667,0.22133333333333335
2023-07-25,3231.5213,-0.04976360875537719,1.38278,0.8145465048045253,0.2315098744593856,0.8733806646033404,49.92799175404798,0.2946666666666667,0.05466666666666667,0.464,0.13466666666666666,0.4146666666666667,0.3626666666666667,0.2875555555555556
2023-07-26,3223.0279,-0.05029477375698062,1.3945349999999999,-1.9068033987124124,0.23479430716821476,0.6088876460207171,49.69118612798551,0.272,0.06133333333333333,0.424,0.14,0.3973333333333333,0.34933333333333333,0.27399999999999997
2023-07-27,3216.6709,-0.05040696505027746,1.41564,-3.0531142048183426,0.24155151590156296,0.41815248702390395,49.513442444260214,0.2653333333333333,0.07333333333333333,0.408,0.148,0.38666666666666666,0.3293333333333333,0.26844444444444443
2023-07-28,3275.9257,-0.04884482869216379,1.4553,-12.1943599153376,0.2678290310940409,2.2684187319086613,51.160137104675364,0.3333333333333333,0.092,0.312,0.18933333333333333,0.5093333333333333,0.484,0.32
2023-07-31,3291.0398,-0.048452719967096686,1.494615,-2.1450757403581804,0.29344319911956246,2.7420090129907315,51.56759674289119,0.34,0.11733333333333333,0.4226666666666667,0.22666666666666666,0.5546666666666666,0.5546666666666666,0.36933333333333335
2023-08-01,3290.9493,-0.04842808002481932,1.54331,-3.2083938248484003,0.32795612008246566,2.7367528237649763,51.56499188578976,0.3413333333333333,0.14533333333333334,0.4066666666666667,0.24666666666666667,0.5546666666666666,0.5533333333333333,0.37466666666666665
2023-08-02,3261.6903,-0.04925726417379737,1.582135,-6.3565605612409115,0.3225294273060214,1.8243995324376705,50.72724714742152,0.324,0.17333333333333334,0.37733333333333335,0.24533333333333332,0.47733333333333333,0.43466666666666665,0.33866666666666667
2023-08-03,3280.4626,-0.049027584138101446,1.620525,-5.841052643914992,0.3658674346567928,2.406592781113459,51.24119647838824,0.332,0.20533333333333334,0.38133333333333336,0.30933333333333335,0.5266666666666666,0.5,0.3757777777777778
2023-08-04,3288.0842,-0.04867489891531148,1.6802300000000003,-6.845188384910131,0.3234906151392031,2.643152358793177,51.44911434187565,0.33866666666666667,0.24533333333333332,0.36933333333333335,0.248,0.5466666666666666,0.536,0.38066666666666665
2023-08-07,3268.8311,-0.04911579487114441,1.7136900000000002,-9.453127253250386,0.2933593066283026,2.0430162950102027,50.89472035222507,0.328,0.272,0.3333333333333333,0.22666666666666666,0.49066666666666664,0.45866666666666667,0.35155555555555557
2023-08-08,3260.6196,-0.049282346253756625,1.7381350000000002,-7.747418885365562,0.29371869728168326,1.789468795945215,50.65928374601535,0.32266666666666666,0.31333333333333335,0.35333333333333333,0.22933333333333333,0.4746666666666667,0.43066666666666664,0.35400000000000004
2023-08-09,3244.4867,-0.04963844478646996,1.73814,-6.881408785212216,0.28123822701978884,1.2869415394231476,50.197934777687344,0.30666666666666664,0.31466666666666665,0.368,0.212,0.44,0.3893333333333333,0.3384444444444445
2023-08-10,3254.5597,-0.04927396827052634,1.7407999999999997,4.081307101267754,0.319518462589136,1.6020871421241756,50.4826605017828,0.3253333333333333,0.32266666666666666,0.5266666666666666,0.24933333333333332,0.46266666666666667,0.41733333333333333,0.38400000000000006
2023-08-11,3189.248,-0.05090054363798657,1.756725,-16.132710329963658,0.31191322645680775,-0.4372091362827235,48.65866323148646,0.236,0.3466666666666667,0.26266666666666666,0.24533333333333332,0.34,0.23333333333333334,0.2773333333333334
2023-08-14,3178.4272,-0.05112393082590337,1.769555,-7.980977001128451,0.31191322645680775,-0.7768436970438608,48.365882862522824,0.21733333333333332,0.356,0.348,0.24666666666666667,0.328,0.208,0.284
2023-08-15,3176.1758,-0.0515094057540415,1.7785400000000002,-4.716903413920022,0.2851861887191136,-0.845534536551773,48.30472993775061,0.208,0.36666666666666664,0.392,0.21866666666666668,0.3253333333333333,0.20266666666666666,0.28555555555555556
2023-08-16,3150.1277,-0.05230486565905665,1.79453,-15.072278648001316,0.27855493755373645,-1.6492649008181037,47.60057823602511,0.16666666666666666,0.38,0.2786666666666667,0.20533333333333334,0.2986666666666667,0.16133333333333333,0.24844444444444444
2023-08-17,3163.7393,-0.05200517769548282,1.8087799999999998,-12.231469846275274,0.28792799783759254,-1.215264773180269,48.001127677593004,0.17866666666666667,0.39866666666666667,0.30666666666666664,0.22666666666666666,0.31466666666666665,0.18533333333333332,0.26844444444444443
2023-08-18,3131.953,-0.05252752878250479,1.825935,-27.89986020033436,0.2807757137438146,-2.1936551314480024,47.15000014950013,0.16266666666666665,0.42,0.188,0.21333333333333335,0.28,0.13866666666666666,0.23377777777777778
2023-08-21,3092.9777,-0.053576583920364934,1.8380800000000002,-40.36936894908462,0.28955132863545363,-3.3942596808050784,46.13566386158454,0.11466666666666667,0.448,0.14933333333333335,0.22933333333333333,0.248,0.112,0.2168888888888889
2023-08-22,3120.3338,-0.05237285439180461,1.825265,-24.673655366854263,0.29830088776854585,-2.520174040112433,46.945761871444724,0.168,0.42,0.20133333333333334,0.24266666666666667,0.264,0.13333333333333333,0.23822222222222222
2023-08-23,3078.4021,-0.05333930565929672,1.8116149999999998,-36.93114386277992,0.2892695523642997,-3.8062695377734435,45.876299706097136,0.12533333333333332,0.4013333333333333,0.15733333333333333,0.22933333333333333,0.22666666666666666,0.104,0.20733333333333334
2023-08-24,3082.2439,-0.05322879298274949,1.8030650000000001,-35.59312906570074,0.30419027328429527,-3.6628798736707546,45.99029465977818,0.13333333333333333,0.39066666666666666,0.16,0.252,0.24,0.10666666666666667,0.21377777777777782
2023-08-25,3064.0747,-0.05341568258807525,1.769735,-23.33453321532062,0.3087609329342762,-4.205160688438747,45.5316617625036,0.12,0.35733333333333334,0.208,0.25466666666666665,0.21333333333333335,0.09066666666666667,0.20733333333333334
2023-08-28,3098.6363,-0.05182385426376815,1.776005,-26.10290424748223,0.3089186039120039,-3.1011362094068295,46.55684532402501,0.20133333333333334,0.364,0.192,0.256,0.25466666666666665,0.128,0.23266666666666666
2023-08-29,3135.8867,-0.051206512515673375,1.758505,-38.60130230853437,0.30018290686411386,-1.9188827423285315,47.631132264099556,0.22933333333333333,0.3506666666666667,0.144,0.24666666666666667,0.3,0.17466666666666666,0.24088888888888893
2023-08-30,3137.1375,-0.05073354723619426,1.741,-27.834915316982546,0.28205861705532753,-1.8649129766012629,47.666852514959125,0.2653333333333333,0.324,0.184,0.21866666666666668,0.30533333333333335,0.17866666666666667,0.246
2023-08-31,3119.8764,-0.05105511537459212,1.7197999999999998,-30.443390044942845,0.2895017521357324,-2.3855816450630396,47.217407515062895,0.23733333333333334,0.288,0.17333333333333334,0.232,0.2733333333333333,0.15066666666666667,0.22577777777777777
2023-09-01,3133.2467,-0.05053836072916047,1.668985,-32.75541873944823,0.28758677429734675,-1.9497079814231433,47.60438014227532,0.276,0.232,0.16533333333333333,0.22666666666666666,0.2986666666666667,0.17333333333333334,0.22866666666666668
2023-09-04,3177.0603,-0.0491698365062398,1.6701000000000001,-39.16324427895148,0.2957721946709719,-0.5738794669544189,48.84711910966513,0.352,0.23333333333333334,0.14133333333333334,0.24533333333333332,0.35333333333333333,0.27066666666666667,0.26599999999999996
2023-09-05,3154.3693,-0.049705270387257625,1.66294,-44.8142191242396,0.2890725269897785,-1.2726394245978323,48.24779792424139,0.32266666666666666,0.228,0.124,0.232,0.324,0.21733333333333332,0.24133333333333332
2023-09-06,3158.0769,-0.04940783925322947,1.6613700000000002,-38.36638448876724,0.34555639758805745,-1.1469255171570047,48.3525015465018,0.34,0.228,0.148,0.30266666666666664,0.33466666666666667,0.228,0.2635555555555556
2023-09-07,3122.3523,-0.05021733325924191,1.656905,-45.864580307966975,0.3135326240860312,-2.250677300264403,47.41774023365695,0.3,0.22533333333333333,0.12266666666666666,0.272,0.2826666666666667,0.16533333333333333,0.228
2023-09-08,3116.7191,-0.050296831129168516,1.628785,-19.107391984773813,0.2887475285473652,-2.4135284288594683,47.27201786494259,0.2946666666666667,0.21066666666666667,0.244,0.232,0.272,0.15866666666666668,0.23533333333333337
2023-09-11,3142.779,-0.04975603788585495,1.6264150000000002,-24.5995112733969,0.2710711553481962,-1.5902602417378287,48.01932200076831,0.32266666666666666,0.21066666666666667,0.208,0.196,0.32133333333333336,0.204,0.24377777777777776
2023-09-12,3137.0593,-0.049950606658813734,1.6175599999999999,-27.921551061271657,0.24886585589675636,-1.7634647529080505,47.86874408692834,0.31466666666666665,0.20266666666666666,0.18933333333333333,0.15733333333333333,0.31466666666666665,0.196,0.22911111111111107
2023-09-13,3123.0669,-0.05029032735812787,1.6104800000000001,-21.648177520980568,0.2690313876134621,-2.1938660395987575,47.50026508058035,0.29733333333333334,0.19866666666666666,0.232,0.192,0.292,0.17066666666666666,0.23044444444444445
2023-09-14,3126.5511,-0.05013754381358547,1.6033749999999998,-18.05803376134105,0.267130700820365,-2.0757510908959276,47.601829177224175,0.30666666666666664,0.192,0.25333333333333335,0.18666666666666668,0.296,0.17733333333333334,0.2353333333333333
2023-09-15,3117.7434,-0.049997694144455394,1.6048000000000002,-10.637568246568321,0.2717119914190183,-2.336229847837712,47.367580986146194,0.316,0.19333333333333333,0.332,0.20266666666666666,0.2786666666666667,0.16266666666666665,0.24755555555555556
2023-09-18,3125.9319,-0.049795107440609734,1.604475,1.446595749969532,0.27323113787383563,-2.064953828170768,47.60996036814561,0.3253333333333333,0.19333333333333333,0.496,0.20666666666666667,0.2986666666666667,0.18133333333333335,0.28355555555555556
2023-09-19,3124.9567,-0.04958057050324867,1.5912950000000001,7.958032724437857,0.2673395742339937,-2.0819313266554618,47.583570257591674,0.3466666666666667,0.18,0.592,0.19066666666666668,0.29733333333333334,0.17733333333333334,0.2973333333333333
2023-09-20,3108.5679,-0.04989623316533807,1.58021,23.303194500304784,0.2822580998208586,-2.5767197328152247,47.13951758433684,0.32266666666666666,0.172,0.7426666666666667,0.22933333333333333,0.2693333333333333,0.14666666666666667,0.3137777777777778
2023-09-21,3084.701,-0.05045670232805581,1.5617,13.598379596408705,0.267540003827658,-3.303004135902743,46.50046568871064,0.2826666666666667,0.15733333333333333,0.6533333333333333,0.192,0.25333333333333335,0.128,0.27777777777777773
2023-09-22,3132.4316,-0.04919279455643511,1.560095,3.9631335707422863,0.26808429163186337,-1.7938362326099577,47.92807064193376,0.36933333333333335,0.15733333333333333,0.5386666666666666,0.196,0.32266666666666666,0.208,0.29866666666666664
2023-09-25,3115.6071,-0.04938435747893473,1.49895,3.6129410020340913,0.26115845400885135,-2.3109793095592246,47.476490919932516,0.35733333333333334,0.12133333333333333,0.5293333333333333,0.17866666666666667,0.2826666666666667,0.172,0.27355555555555555
2023-09-26,3102.2726,-0.04972906197435256,1.452145,11.685251884875186,0.2968734574146385,-2.726135704100585,47.12066061915679,0.33466666666666667,0.08933333333333333,0.6333333333333333,0.26666666666666666,0.26666666666666666,0.148,0.28977777777777775
2023-09-27,3107.3156,-0.049709095558642655,1.42469,7.043892289061773,0.27168670733543016,-2.5669964024104153,47.271798042222485,0.3373333333333333,0.07866666666666666,0.5786666666666667,0.208,0.2733333333333333,0.16266666666666665,0.27311111111111114
2023-09-28,3110.4753,-0.04973375992054355,1.40572,10.65737096291582,0.27235226394276413,-2.4664613694497906,47.36711113999851,0.33466666666666667,0.068,0.6213333333333333,0.21066666666666667,0.2773333333333333,0.168,0.27999999999999997
2023-10-09,3096.9224,-0.05000805670938685,1.400245,10.773520067194823,0.27221734210113846,-2.8889654218970384,46.998614472796284,0.31733333333333336,0.06533333333333333,0.6253333333333333,0.21066666666666667,0.264,0.144,0.2711111111111111
2023-10-10,3075.2361,-0.05046218316720762,1.37135,18.92332234124936,0.27495303216781386,-3.5649155381120456,46.41434310476139,0.2826666666666667,0.050666666666666665,0.7213333333333334,0.21733333333333332,0.24533333333333332,0.12533333333333332,0.27377777777777784
2023-10-11,3078.9556,-0.050147599022833736,1.363705,25.141358285026826,0.2622343170385958,-3.4471371207055124,46.52963381435375,0.308,0.04666666666666667,0.7653333333333333,0.18133333333333335,0.25066666666666665,0.13066666666666665,0.28044444444444444
2023-10-12,3107.9007,-0.04942779329091439,1.367135,13.766378463673306,0.27600208771998724,-2.54637674119077,47.41988040034993,0.36133333333333334,0.04933333333333333,0.664,0.224,0.2786666666666667,0.18,0.29288888888888887
2023-10-13,3088.0991,-0.049943972657535446,1.3640700000000001,19.100336337925967,0.2753113541924608,-3.166590384477952,46.87992019470277,0.3253333333333333,0.048,0.7266666666666667,0.22,0.25866666666666666,0.14,0.28644444444444445
2023-10-16,3073.813,-0.050184559147992545,1.374865,17.365683363119956,0.27069123905558345,-3.6180342186544534,46.493676771911524,0.30666666666666664,0.056,0.7053333333333334,0.20666666666666667,0.244,0.12933333333333333,0.27466666666666667
2023-10-17,3083.4964,-0.04970703236899268,1.367805,21.259849280396566,0.27024270227714936,-3.3195314474308346,46.794146233528146,0.3466666666666667,0.052,0.744,0.204,0.25733333333333336,0.14,0.2906666666666667
2023-10-18,3058.7098,-0.050167481258197984,1.3778700000000002,13.857511056977785,0.25348500258891593,-4.100822407818461,46.12370456100561,0.308,0.06,0.6626666666666666,0.16266666666666665,0.21866666666666668,0.116,0.25466666666666665
2023-10-19,3005.3934,-0.05142143033408171,1.39407,5.213300113438237,0.2401785598256488,-5.776134390120113,44.72970739094033,0.22533333333333333,0.07066666666666667,0.5533333333333333,0.14533333333333334,0.15066666666666667,0.06,0.2008888888888889
2023-10-20,2983.0585,-0.05219107004020412,1.39651,-5.916025229468033,0.24006837901064565,-6.4767520850855025,44.16427007656602,0.18133333333333335,0.076,0.3933333333333333,0.14533333333333334,0.13066666666666665,0.036,0.16044444444444447
2023-10-23,2939.2913,-0.05328009488183076,1.394225,-18.015568539029573,0.2435139849556156,-7.838953596550347,43.0849960649765,0.13066666666666665,0.072,0.25333333333333335,0.15466666666666667,0.08933333333333333,0.016,0.11933333333333335
2023-10-24,2962.2437,-0.05272392241729337,1.40996,-22.015932015789502,0.21466342031503374,-7.1129804648663475,43.813156603870695,0.16266666666666665,0.08666666666666667,0.228,0.116,0.11733333333333333,0.02666666666666667,0.12288888888888888
2023-10-25,2974.1135,-0.05291729279703906,1.43349,-33.76394063289621,0.21654607495721642,-6.729329421972697,44.186584510012246,0.15333333333333332,0.10266666666666667,0.16533333333333333,0.11733333333333333,0.12266666666666666,0.04,0.11688888888888889
2023-10-26,2988.2992,-0.05225025979793395,1.453235,-29.093117020573942,0.15928053711197393,-6.2730913526722665,44.63131430143449,0.18133333333333335,0.11066666666666666,0.18933333333333333,0.056,0.13866666666666666,0.06133333333333333,0.12288888888888892
2023-10-27,3017.7842,-0.05190026671202532,1.481195,-22.84708034746035,0.16500652697740484,-5.340802813904633,45.54334911280382,0.208,0.13733333333333334,0.22266666666666668,0.06,0.176,0.1,0.15066666666666667
2023-10-30,3021.5534,-0.05204308470701016,1.505315,-6.752529959436487,0.17782957518552128,-5.219859620161071,45.659060179943765,0.19333333333333333,0.14933333333333335,0.384,0.07466666666666667,0.17866666666666667,0.104,0.18066666666666667
2023-10-31,3018.7706,-0.052315749088194516,1.525035,0.06416986283980464,0.20700900964545307,-5.305216247002531,45.586741941322806,0.17866666666666667,0.15866666666666668,0.4693333333333333,0.11333333333333333,0.17733333333333334,0.10133333333333333,0.19977777777777775
2023-11-01,3023.0765,-0.05226342898624883,1.54314,6.609628447995334,0.21118629392702787,-5.168259643411643,45.72126138611477,0.18266666666666667,0.17333333333333334,0.576,0.11733333333333333,0.18133333333333335,0.10933333333333334,0.2233333333333333
2023-11-02,3009.4058,-0.05283161058595217,1.5529499999999998,0.7376797575637113,0.184244175184066,-5.600872349998753,45.36122661841077,0.15733333333333333,0.18,0.4786666666666667,0.08533333333333333,0.16533333333333333,0.09333333333333334,0.19333333333333336
2023-11-03,3030.7977,-0.052327305654885636,1.563745,-7.157299186041428,0.18123614174834435,-4.936353040287333,46.033676895601495,0.18,0.19066666666666668,0.37466666666666665,0.07866666666666666,0.19333333333333333,0.12666666666666668,0.19066666666666668
2023-11-06,3058.4105,-0.05191983972096021,1.5968849999999999,-7.52233296456447,0.18725535114681108,-4.077342502905057,46.88692295022734,0.20933333333333334,0.224,0.36533333333333334,0.092,0.23733333333333334,0.16133333333333333,0.21488888888888888
2023-11-07,3057.2697,-0.05185107882258612,1.619215,1.6079327341034286,0.1864660433446492,-4.122067116491168,46.855972427873745,0.21733333333333332,0.24533333333333332,0.49466666666666664,0.092,0.23466666666666666,0.16,0.24066666666666667
2023-11-08,3052.3726,-0.052149262104459096,1.6424050000000001,0.9972357531508749,0.2209294789965724,-4.292024918659754,46.722090954195956,0.19466666666666665,0.26,0.48133333333333334,0.136,0.22266666666666668,0.156,0.24177777777777776
2023-11-09,3053.2792,-0.05206306414309342,1.6558799999999998,12.504986535417743,0.21091452231653388,-4.28278170703007,46.75057487025553,0.2,0.26666666666666666,0.6426666666666667,0.12266666666666666,0.224,0.15866666666666668,0.26911111111111113
2023-11-10,3038.9699,-0.0524141357347585,1.666665,16.609615492818136,0.21736984665112866,-4.73969805934451,46.355022042040204,0.17466666666666666,0.276,0.6986666666666667,0.13333333333333333,0.2,0.14133333333333334,0.27066666666666667
2023-11-13,3046.5329,-0.052326480896498294,1.676535,11.695534799088904,0.21833533037133152,-4.507794422016542,46.596521023213434,0.18266666666666667,0.288,0.632,0.136,0.212,0.15333333333333332,0.2673333333333333
2023-11-14,3056.0703,-0.05200258374579739,1.688015,12.279997154047237,0.23274962866393153,-4.2158460408388105,46.90135130001041,0.20666666666666667,0.296,0.636,0.156,0.23333333333333334,0.17066666666666666,0.2831111111111111
2023-11-15,3072.8348,-0.05155308311044288,1.6991,20.145643234296244,0.2052195818993348,-3.6906548216262824,47.43468731673378,0.244,0.308,0.7306666666666667,0.11733333333333333,0.264,0.212,0.31266666666666665
2023-11-16,3050.9257,-0.05208184601056784,1.6913549999999997,32.97376196180497,0.2001180680206479,-4.374109941920102,46.8132848178951,0.20133333333333334,0.2986666666666667,0.816,0.11333333333333333,0.22,0.164,0.30222222222222217
2023-11-17,3054.3655,-0.052110278941054244,1.6924199999999998,41.673257349590955,0.19963088013393798,-4.265079935939109,46.923677157487816,0.2,0.2986666666666667,0.8693333333333333,0.112,0.23066666666666666,0.17466666666666666,0.31422222222222224
2023-11-20,3068.3191,-0.051741706747698235,1.6959849999999999,56.4287990405937,0.19621996803644012,-3.830153095246114,47.37176192348397,0.232,0.30666666666666664,0.928,0.108,0.25466666666666665,0.208,0.3395555555555556
2023-11-21,3067.9328,-0.05165766489037833,1.702795,60.74713361172661,0.1981104946526158,-3.84609442972349,47.360568390081134,0.24133333333333334,0.30933333333333335,0.9413333333333334,0.10933333333333334,0.25466666666666665,0.20533333333333334,0.34355555555555556
2023-11-22,3043.611,-0.05204384270586096,1.6917250000000004,54.04214431061823,0.18364311450212703,-4.60315429539574,46.65862338119537,0.20666666666666667,0.2946666666666667,0.9173333333333333,0.084,0.20666666666666667,0.156,0.3108888888888889
2023-11-23,3061.8562,-0.0514083725490196,1.68824,47.37257580505147,0.1863952983171667,-4.028696963376655,47.25168550652916,0.25866666666666666,0.288,0.892,0.09333333333333334,0.25066666666666665,0.19866666666666666,0.3302222222222222
2023-11-24,3040.9717,-0.05180451303461199,1.679555,52.23924330630108,0.17231236478880985,-4.672176090535995,46.65130344313155,0.23066666666666666,0.2813333333333333,0.9106666666666666,0.064,0.204,0.156,0.30777777777777776
2023-11-27,3031.7002,-0.05204412441434695,1.6661249999999999,47.670177133080585,0.16843201119376922,-4.952296006014246,46.386707988237276,0.20666666666666667,0.25866666666666666,0.8946666666666667,0.06266666666666666,0.19333333333333333,0.14266666666666666,0.29311111111111116
2023-11-28,3038.5545,-0.05212652295746619,1.6520050000000002,42.85261675665778,0.16595375746301907,-4.72821956030921,46.61307810138069,0.19866666666666666,0.24533333333333332,0.8693333333333333,0.06133333333333333,0.204,0.156,0.28911111111111104
2023-11-29,3021.6874,-0.05261094989069787,1.6518599999999999,34.65050556109418,0.18191657719449028,-5.248097156080944,46.12840947601524,0.17066666666666666,0.244,0.82,0.08533333333333333,0.18,0.13333333333333333,0.2722222222222222
2023-11-30,3029.6727,-0.052415774155351084,1.656165,39.04281093832863,0.19539618308216278,-4.991101274157628,46.395245068855616,0.176,0.25066666666666665,0.844,0.116,0.19066666666666668,0.14533333333333334,0.28711111111111115
2023-12-01,3031.6358,-0.05234834411641162,1.66189,46.66254056766731,0.21307015623509937,-4.922704943581458,46.461171037245094,0.18266666666666667,0.256,0.8826666666666667,0.14133333333333334,0.19866666666666666,0.15066666666666667,0.302
2023-12-04,3022.9138,-0.05247100394674897,1.638055,51.919713132052294,0.22144615510586246,-5.18744107290241,46.20585600509619,0.176,0.23333333333333334,0.9093333333333333,0.15866666666666668,0.184,0.14133333333333334,0.30044444444444446
2023-12-05,2972.2959,-0.05381929576396886,1.6284649999999998,30.228619114353023,0.24053156061577233,-6.761364773954526,44.76228218186341,0.108,0.228,0.78,0.188,0.12266666666666666,0.068,0.24911111111111114
2023-12-06,2968.9334,-0.05390520646142202,1.6171799999999998,27.562719628508603,0.2322260651019441,-6.851326834431504,44.668535831892186,0.10533333333333333,0.21466666666666667,0.76,0.17466666666666666,0.12266666666666666,0.064,0.24022222222222225
2023-12-07,2966.2061,-0.0540337853974336,1.6121199999999998,26.460505250445294,0.22014946590009166,-6.923771827416636,44.59193709509056,0.096,0.20933333333333334,0.7546666666666667,0.15733333333333333,0.12266666666666666,0.058666666666666666,0.23311111111111113
2023-12-08,2969.5594,-0.05385337678641196,1.6359400000000002,26.38131485633093,0.22344215731000455,-6.7974699302036035,44.70982245514445,0.10933333333333334,0.232,0.7546666666666667,0.16133333333333333,0.12533333333333332,0.06933333333333333,0.242
2023-12-11,2991.4385,-0.05349221690438111,1.65578,22.824894805727354,0.22070302763932084,-6.091921774961051,45.47522575498016,0.124,0.24666666666666667,0.7293333333333333,0.15866666666666668,0.15333333333333332,0.104,0.2526666666666667
2023-12-12,3003.4378,-0.05319152174493718,1.6541000000000001,19.220715101813084,0.18899405985197038,-5.696048936746612,45.89065169382536,0.144,0.24133333333333334,0.704,0.10533333333333333,0.16666666666666666,0.128,0.2482222222222222
2023-12-13,2968.7606,-0.05423293488685206,1.6486399999999999,13.575805685129353,0.17343782111162506,-6.762924110741042,44.89111049961277,0.08933333333333333,0.236,0.6373333333333333,0.06933333333333333,0.12666666666666668,0.07733333333333334,0.20599999999999996
2023-12-14,2958.9856,-0.054301044078095426,1.64894,18.253229150230936,0.1765614283653542,-7.040393057634809,44.61411418405275,0.088,0.236,0.6986666666666667,0.07466666666666667,0.11866666666666667,0.06133333333333333,0.21288888888888888
2023-12-15,2942.5568,-0.0549075855189787,1.6550699999999998,13.56265129204931,0.17649450268790376,-7.5251475074841085,44.15109740918498,0.07866666666666666,0.24266666666666667,0.6373333333333333,0.07466666666666667,0.108,0.037333333333333336,0.1964444444444445
2023-12-18,2930.8036,-0.05518737049308611,1.65671,13.978514122150102,0.16498982863865017,-7.863377024133866,43.82207898726376,0.07333333333333333,0.24933333333333332,0.6466666666666666,0.06,0.08933333333333333,0.028,0.1911111111111111
2023-12-19,2932.3908,-0.055007487997820716,1.638055,12.041079816360934,0.16435871937820956,-7.782754373455347,43.87919142045668,0.07866666666666666,0.22533333333333333,0.6146666666666667,0.06,0.09866666666666667,0.030666666666666665,0.18466666666666667
2023-12-20,2902.1096,-0.05575932587462895,1.630875,12.013813678847129,0.1416652068929322,-8.700021425124993,43.035114753958204,0.058666666666666666,0.21866666666666668,0.6146666666666667,0.034666666666666665,0.072,0.016,0.1691111111111111
2023-12-21,2918.7149,-0.05572765584824801,1.632275,11.877091048592689,0.1399485702849249,-8.14753061155683,43.63635562081188,0.06,0.22,0.6133333333333333,0.030666666666666665,0.084,0.02666666666666667,0.17244444444444443
2023-12-22,2914.7752,-0.05568906699274158,1.633005,16.196948969079898,0.1448710778084008,-8.241302903561598,43.52613564644913,0.06133333333333333,0.22133333333333333,0.6826666666666666,0.044,0.08266666666666667,0.025333333333333333,0.18622222222222226
2023-12-25,2918.8126,-0.05570287080456137,1.6088149999999999,10.755136957964481,0.16584033486911817,-8.084375152219236,43.67357558644485,0.06133333333333333,0.19333333333333333,0.5986666666666667,0.068,0.088,0.029333333333333333,0.17311111111111113
2023-12-26,2898.8787,-0.055996258481003265,1.59641,2.5312326651616956,0.160867207684618,-8.681077774089418,43.11161618322835,0.048,0.17866666666666667,0.4826666666666667,0.06133333333333333,0.07333333333333333,0.018666666666666668,0.1437777777777778
2023-12-27,2914.6138,-0.05567493138541174,1.58688,2.0212758208998025,0.15412951535752767,-8.156091515867258,43.68998065196767,0.06533333333333333,0.16933333333333334,0.476,0.05733333333333333,0.08666666666666667,0.032,0.14777777777777779
2023-12-28,2954.7035,-0.054611803165251674,1.60182,-6.5410927200294395,0.16502112582869596,-6.874914027149792,45.12728990260268,0.096,0.18666666666666668,0.3626666666666667,0.07066666666666667,0.13733333333333334,0.1,0.15888888888888889
2023-12-29,2974.9348,-0.054202631548843104,1.60201,-12.702945214621366,0.1637449441232715,-6.225588555443807,45.83286604544553,0.10666666666666667,0.188,0.2906666666666667,0.06666666666666667,0.164,0.14133333333333334,0.15955555555555556
2024-01-02,2962.2762,-0.05441051899233566,1.60564,-15.023922807683192,0.16513726550874896,-6.6121094188300145,45.46298691091024,0.09733333333333333,0.19333333333333333,0.27066666666666667,0.07333333333333333,0.148,0.11866666666666667,0.15022222222222223
2024-01-03,2967.2472,-0.054306130353658486,1.603165,3.850965937541332,0.16303488945531078,-6.445109483690947,45.63720577487178,0.10133333333333333,0.18933333333333333,0.5186666666666667,0.064,0.15866666666666668,0.13066666666666665,0.1937777777777778
2024-01-04,2954.3486,-0.0546902821753321,1.594145,0.02558584504149053,0.1676493663253383,-6.841039509998237,45.25784795341364,0.09466666666666666,0.176,0.44266666666666665,0.08,0.14,0.10933333333333334,0.17377777777777778
2024-01-05,2929.1833,-0.055525477087266156,1.594625,-12.17479127690001,0.1652763287793012,-7.618681381015879,44.527598386077194,0.072,0.17733333333333334,0.3,0.076,0.112,0.068,0.13422222222222221
2024-01-08,2887.5379,-0.0565106495687016,1.5655,-30.57142119097233,0.1742745268616427,-8.908198700834525,43.35687889430894,0.04133333333333333,0.14933333333333335,0.16666666666666666,0.09066666666666667,0.06533333333333333,0.024,0.08955555555555555
2024-01-09,2893.2513,-0.05668610876928196,1.537195,-26.175655712426106,0.1775598625885482,-8.705594691472573,43.56273777667962,0.04,0.12533333333333332,0.18533333333333332,0.10266666666666667,0.07333333333333333,0.029333333333333333,0.09266666666666667
2024-01-10,2877.7023,-0.057084771291281436,1.52403,-28.276671148853666,0.1809407076386057,-9.17376288351769,43.13134214453587,0.030666666666666665,0.116,0.17466666666666666,0.108,0.06133333333333333,0.02,0.08511111111111112
2024-01-11,2886.6502,-0.05697319612142386,1.51839,-18.650034197535916,0.1739349488957614,-8.868038122516019,43.45718571759663,0.036,0.116,0.23466666666666666,0.09066666666666667,0.06933333333333333,0.029333333333333333,0.09599999999999999
2024-01-12,2881.9769,-0.056882646546567536,1.513615,-23.4741842132087,0.1704417872043472,-8.988619839620194,43.32607428496899,0.037333333333333336,0.11333333333333333,0.20133333333333334,0.084,0.06666666666666667,0.025333333333333333,0.08800000000000001
2024-01-15,2886.2908,-0.0566317765890063,1.500095,-20.737726560117153,0.15464316840217923,-8.825067695762955,43.48523643420758,0.04533333333333334,0.10666666666666667,0.22133333333333333,0.058666666666666666,0.07333333333333333,0.032,0.08955555555555555
2024-01-16,2893.9886,-0.05635267443768034,1.497205,-25.186183307078096,0.14968624530579386,-8.551717263071234,43.77018874074387,0.050666666666666665,0.104,0.19333333333333333,0.050666666666666665,0.08533333333333333,0.042666666666666665,0.08777777777777777
2024-01-17,2833.6152,-0.05815783731527127,1.495295,-52.624730026965636,0.14918453647017874,-10.422793250883188,42.08716050644298,0.02,0.10266666666666667,0.09733333333333333,0.04933333333333333,0.037333333333333336,0.008,0.05244444444444444
2024-01-18,2845.7839,-0.05776078644501845,1.52991,-40.28470880777405,0.14972499005504472,-10.000522719718907,42.53750876295587,0.02266666666666667,0.12666666666666668,0.136,0.05333333333333334,0.04133333333333333,0.010666666666666666,0.0651111111111111
2024-01-19,2832.2793,-0.05819952642340003,1.52454,-38.953276567000586,0.1569006818485006,-10.389385153954366,42.16949667202859,0.018666666666666668,0.124,0.13866666666666666,0.06533333333333333,0.03866666666666667,0.009333333333333334,0.06577777777777778
2024-01-22,2756.3399,-0.06033094385900925,1.5406,-65.98779382880684,0.1525093778784574,-12.747258745700785,40.19220903252369,0.005333333333333333,0.13733333333333334,0.05466666666666667,0.058666666666666666,0.013333333333333334,0.0026666666666666666,0.04533333333333333
2024-01-23,2770.9763,-0.05986998662237129,1.5623049999999998,-69.48243404533707,0.16276575119015083,-12.240326558581282,40.73383301438713,0.008,0.15866666666666668,0.04533333333333334,0.072,0.017333333333333333,0.006666666666666667,0.051333333333333335
2024-01-24,2820.7719,-0.058305223530431036,1.6009549999999997,-73.52162705557339,0.16589540555471505,-10.620840432832601,42.52456900830706,0.021333333333333333,0.20533333333333334,0.03333333333333333,0.088,0.03866666666666667,0.014666666666666666,0.06688888888888889
2024-01-25,2906.1087,-0.05590840731856189,1.654965,-87.52102217627086,0.19182286945988436,-7.879317512113493,45.3843934307726,0.072,0.27066666666666667,0.0013333333333333333,0.152,0.11466666666666667,0.136,0.12444444444444445
2024-01-26,2910.2227,-0.055625153276540856,1.67779,-73.58562527735344,0.19467073873801036,-7.712161915636829,45.51655407240376,0.08666666666666667,0.30933333333333335,0.034666666666666665,0.15866666666666668,0.128,0.144,0.14355555555555558
2024-01-29,2883.356,-0.0561945855189787,1.7109999999999999,-75.12478207018322,0.19541434976577532,-8.524574983290478,44.800621766857795,0.06133333333333333,0.3453333333333333,0.029333333333333333,0.16133333333333333,0.096,0.108,0.13355555555555554
2024-01-30,2830.5266,-0.058011881748748946,1.719275,-90.91628641867086,0.2173565000629783,-10.153886874813633,43.441916023124044,0.028,0.364,0.0013333333333333333,0.196,0.04666666666666667,0.037333333333333336,0.11222222222222222
2024-01-31,2788.5482,-0.059226146856277466,1.7447750000000002,-102.35807719499195,0.20607358490267955,-11.432801648812374,42.40844936713548,0.010666666666666666,0.4066666666666667,0.0013333333333333333,0.17866666666666667,0.028,0.013333333333333334,0.10644444444444445
2024-02-01,2770.7403,-0.059775051430856735,1.7698699999999998,-101.97159226226105,0.22028986850154172,-11.942622353115839,41.98002953511455,0.009333333333333334,0.43733333333333335,0.0026666666666666666,0.20666666666666667,0.024,0.010666666666666666,0.11511111111111112
2024-02-02,2730.152,-0.060845725217029814,1.8049199999999999,-101.46674129574345,0.2564128768968778,-13.174561362094773,41.02480739373252,0.005333333333333333,0.4706666666666667,0.004,0.2733333333333333,0.009333333333333334,0.008,0.12844444444444444
2024-02-05,2702.185,-0.061601246891341846,1.8644849999999997,-87.30373937225156,0.24800354686222492,-14.000228252592251,40.38452125064969,0.0013333333333333333,0.5493333333333333,0.008,0.25733333333333336,0.006666666666666667,0.004,0.1377777777777778
2024-02-06,2789.486,-0.05879722186022768,1.9317500000000003,-109.55715767587924,0.19055885172708434,-11.165672241198488,43.183673627807316,0.02,0.604,0.0013333333333333333,0.15066666666666667,0.036,0.034666666666666665,0.1411111111111111
2024-02-07,2829.6956,-0.05822542952448875,2.01687,-111.14628895217399,0.19853964641444105,-9.835338029702267,44.39960323308602,0.029333333333333333,0.6586666666666666,0.0013333333333333333,0.168,0.064,0.08533333333333333,0.16777777777777778
2024-02-08,2865.9032,-0.05717044061605092,2.0911750000000002,-117.11778066206992,0.22952294036057316,-8.638218668796194,45.46240856836955,0.04533333333333334,0.7133333333333334,0.0013333333333333333,0.22133333333333333,0.1,0.15066666666666667,0.20533333333333337
2024-02-19,2910.544,-0.055750832741494324,2.1473999999999998,-129.60721119810714,0.226324805946699,-7.175165541457074,46.73189429120363,0.092,0.7666666666666667,0.0013333333333333333,0.21733333333333332,0.16266666666666665,0.23333333333333334,0.24555555555555555
2024-02-20,2922.7302,-0.055581577796080375,2.17732,-131.30795489362671,0.22747997493948868,-6.749712544721332,47.071993980514264,0.10266666666666667,0.7906666666666666,0.0013333333333333333,0.22133333333333333,0.18,0.256,0.25866666666666666
2024-02-21,2950.9556,-0.0548830470482046,2.2218,-136.08820315502777,0.22350285115801097,-5.810778819602791,47.85182835602827,0.12666666666666668,0.8573333333333333,0.0013333333333333333,0.216,0.22,0.328,0.29155555555555557
2024-02-22,2988.3578,-0.054020654890587494,2.2478949999999998,-110.85997686786851,0.22127166938376075,-4.583793892839805,48.86148680784361,0.15733333333333333,0.892,0.008,0.21333333333333335,0.288,0.41733333333333333,0.3293333333333333
2024-02-23,3004.881,-0.05373819852325874,2.24421,-114.12883114344666,0.2209919607619001,-4.0219853579335885,49.30001022014554,0.176,0.8893333333333333,0.006666666666666667,0.21333333333333335,0.33066666666666666,0.47733333333333333,0.34888888888888886
2024-02-26,2977.0221,-0.054712563553957656,2.28342,-116.52570144118826,0.22092847966927534,-4.873381071806227,48.589598196821086,0.132,0.9133333333333333,0.006666666666666667,0.212,0.268,0.39466666666666667,0.32111111111111107
2024-02-27,3015.4807,-0.05373682766757351,2.288845,-93.3638989179916,0.22179950628436942,-3.611840910899977,49.60338508293958,0.17866666666666667,0.9186666666666666,0.017333333333333333,0.21866666666666668,0.36133333333333334,0.512,0.3677777777777778
2024-02-28,2957.8524,-0.055559319885064413,2.354545,-97.35712907517615,0.22152045190455238,-5.418685467483019,48.16420574807082,0.104,0.9373333333333334,0.017333333333333333,0.21866666666666668,0.24,0.356,0.31222222222222223
2024-02-29,3015.1712,-0.05416842486812267,2.3668,-87.66371392876579,0.2211100314051633,-3.5600772148742577,49.633994409541465,0.156,0.94,0.021333333333333333,0.216,0.36666666666666664,0.5186666666666667,0.36977777777777776
2024-03-01,3027.0204,-0.053611920809312444,2.349405,-58.93211967207645,0.19724253217775864,-3.14845374009729,49.93077836481409,0.18533333333333332,0.9333333333333333,0.116,0.16533333333333333,0.38266666666666665,0.5426666666666666,0.3875555555555556
2024-03-04,3039.3055,-0.05341200094530813,2.340125,-61.4509799626702,0.19399201189237852,-2.7221153880777726,50.23820473547352,0.196,0.9293333333333333,0.11066666666666666,0.15866666666666668,0.3973333333333333,0.5733333333333334,0.39422222222222225
2024-03-05,3047.7931,-0.053397746211936714,2.3331,-52.17473493541581,0.20693207165198246,-2.4200541913642626,50.45075713475396,0.19866666666666666,0.928,0.13466666666666666,0.18666666666666668,0.4106666666666667,0.5946666666666667,0.4088888888888889
2024-03-06,3039.9309,-0.05413132579180803,2.334975,-27.886250103430854,0.2124774128299878,-2.640909935654079,50.24970200967525,0.15733333333333333,0.928,0.21733333333333332,0.19466666666666665,0.4013333333333333,0.576,0.4124444444444444
2024-03-07,3027.4013,-0.054209850534343185,2.334155,-18.477713846292005,0.21992152720015395,-3.0124027600233694,49.929040889336626,0.15066666666666667,0.9266666666666666,0.28,0.212,0.388,0.5426666666666666,0.4166666666666667
2024-03-08,3046.0192,-0.05352836265400643,2.323985,-15.10965852992274,0.2134381400163991,-2.389429047350844,50.404595331308194,0.192,0.9213333333333333,0.31733333333333336,0.19733333333333333,0.416,0.5946666666666667,0.43977777777777777
2024-03-11,3068.4554,-0.052986955415262466,2.30594,-2.6347492982107497,0.20061537185157874,-1.6438339657205647,50.97204742372875,0.23333333333333334,0.916,0.45466666666666666,0.18,0.472,0.6533333333333333,0.4848888888888889
2024-03-12,3055.935,-0.05320758921929579,2.287305,6.2251189736617505,0.21104049268299435,-2.012948037170159,50.64504862295811,0.21866666666666668,0.9026666666666666,0.5946666666666667,0.19466666666666665,0.4493333333333333,0.6173333333333333,0.4962222222222222
2024-03-13,3043.8346,-0.05375360551628004,2.2487699999999995,36.82467655664735,0.18084837456417327,-2.367529937391244,50.32949679847056,0.18266666666666667,0.876,0.8466666666666667,0.12133333333333333,0.4226666666666667,0.5853333333333334,0.5057777777777778
2024-03-14,3038.2339,-0.053637384626091994,2.197265,47.94573703004366,0.19110172701059477,-2.510881917362906,50.18314883010463,0.18933333333333333,0.7973333333333333,0.8986666666666666,0.15466666666666667,0.4106666666666667,0.5666666666666667,0.5028888888888888
2024-03-15,3054.6359,-0.053531247228892936,2.1497450000000002,50.954889232220694,0.19956532381384118,-1.9509340055040236,50.60847639801438,0.19466666666666665,0.7626666666666667,0.9106666666666666,0.17733333333333334,0.4573333333333333,0.6173333333333333,0.5199999999999999
2024-03-18,3084.9262,-0.05312714732403356,2.13538,60.006364119025136,0.19797637384643554,-0.9532065067053841,51.38363226397917,0.23066666666666666,0.74,0.9373333333333334,0.17066666666666666,0.5066666666666667,0.7253333333333334,0.5517777777777778
2024-03-19,3062.7558,-0.05375753967412582,2.14437,57.63636600516489,0.2005771707772601,-1.6371713478119276,50.793610333163194,0.18266666666666667,0.7506666666666667,0.9293333333333333,0.18533333333333332,0.48,0.636,0.5273333333333333
2024-03-20,3079.6859,-0.0531183461303389,2.1172899999999997,61.63900603068586,0.19191823183237525,-1.0684861985137961,51.226093681458366,0.23466666666666666,0.7226666666666667,0.9426666666666667,0.15733333333333333,0.5066666666666667,0.696,0.5433333333333333
2024-03-21,3077.113,-0.05333657540097843,2.1203450000000004,78.03391415785885,0.20125638536898155,-1.1317050644223836,51.156995152351335,0.21466666666666667,0.7253333333333334,0.9853333333333333,0.18933333333333333,0.504,0.6826666666666666,0.5502222222222222
2024-03-22,3048.0336,-0.0534606820893844,2.124765,72.16192190284912,0.1833903062737564,-2.0382507550177786,50.380295147317945,0.204,0.7293333333333333,0.9746666666666667,0.13066666666666665,0.45066666666666666,0.5973333333333334,0.5144444444444444
2024-03-25,3026.3055,-0.053760837623262614,2.1192800000000003,74.62729564552217,0.1690088915853729,-2.7091851149646518,49.808890248575445,0.18266666666666667,0.7226666666666667,0.9826666666666667,0.09466666666666666,0.4013333333333333,0.5346666666666666,0.48644444444444446
2024-03-26,3031.4809,-0.05356213774609539,2.112245,88.15674842506115,0.18202210549844605,-2.5137414656282275,49.94563161342557,0.19733333333333333,0.7173333333333334,0.996,0.12933333333333333,0.412,0.5466666666666666,0.4997777777777778
2024-03-27,2993.1388,-0.05468005413338284,2.0569800000000003,92.64165102368767,0.19987820057483113,-3.717795259263368,48.94659799978044,0.136,0.676,0.9986666666666667,0.188,0.34933333333333333,0.44266666666666665,0.4651111111111111
2024-03-28,3010.6636,-0.05429558277938283,2.0415799999999997,104.69867269109464,0.1990623128920725,-3.1241623378204686,49.41426884895179,0.148,0.6653333333333333,1.0,0.18133333333333335,0.38533333333333336,0.49333333333333335,0.4788888888888889
2024-03-29,3041.1669,-0.053518297196026916,2.029535,96.62874779469479,0.199397501112024,-2.1182317292382624,50.216950559292485,0.204,0.66,0.9986666666666667,0.184,0.45066666666666666,0.5786666666666667,0.5126666666666667
2024-04-01,3077.3786,-0.052586723032568096,2.026675,85.75234449409317,0.2066724593271127,-0.9299988900193679,51.14753630728833,0.27466666666666667,0.6573333333333333,0.9866666666666667,0.20533333333333334,0.52,0.688,0.5553333333333333
2024-04-02,3074.9586,-0.05265307739675115,2.021745,84.86444087072917,0.20346922751810276,-0.9835793041438223,51.083005025191916,0.2733333333333333,0.6493333333333333,0.9853333333333333,0.2,0.5173333333333333,0.6813333333333333,0.5511111111111111
2024-04-03,3069.2959,-0.05288902526039965,2.0276799999999997,84.46517870001506,0.2036218632928935,-1.1382461065159388,50.93095444551365,0.26,0.6586666666666666,0.984,0.20133333333333334,0.512,0.6653333333333333,0.5468888888888889
2024-04-08,3047.0526,-0.05327629052881917,2.03533,82.73443364887851,0.20719361016298116,-1.8270509541580604,50.33581746532169,0.228,0.664,0.9813333333333333,0.212,0.4786666666666667,0.596,0.5266666666666667
2024-04-09,3048.5369,-0.053333371294768894,2.0396549999999998,88.11840922952507,0.20162525921328506,-1.753542953237941,50.374947575573415,0.224,0.6666666666666666,0.9906666666666667,0.19866666666666666,0.484,0.604,0.528
2024-04-10,3027.3349,-0.053648131622165085,2.036045,86.01395844336312,0.18780096178283687,-2.409398180892408,49.80808824649736,0.19466666666666665,0.6653333333333333,0.988,0.14933333333333335,0.4226666666666667,0.5373333333333333,0.4928888888888889
2024-04-11,3034.2464,-0.053626437064877006,2.015195,79.89898131371106,0.18713673103243267,-2.160630783869155,49.993584184578374,0.19733333333333333,0.6413333333333333,0.972,0.14666666666666667,0.452,0.5573333333333333,0.49444444444444446
2024-04-12,3019.4735,-0.05411863412754443,2.006185,78.78428671853194,0.1814489837063847,-2.606612083117077,49.597392406466014,0.16266666666666665,0.6373333333333333,0.9706666666666667,0.12666666666666668,0.4093333333333333,0.5146666666666667,0.47022222222222226
2024-04-15,3057.3776,-0.05300264364792921,2.0330000000000004,68.60785381336049,0.16452029566544932,-1.3565874574754777,50.612887327366174,0.25866666666666666,0.6666666666666666,0.9426666666666667,0.08,0.504,0.6306666666666667,0.5137777777777778
2024-04-16,3007.0681,-0.0541055199620614,2.057215,60.91749033592217,0.1688939368803622,-2.9435356879983665,49.28024404379971,0.164,0.6853333333333333,0.92,0.096,0.3933333333333333,0.48,0.45644444444444443
2024-04-17,3071.3806,-0.05275222234577309,2.0587899999999997,53.048913818915025,0.16251114048563706,-0.8369018259814842,50.949764676238495,0.276,0.688,0.8893333333333333,0.072,0.5386666666666666,0.6746666666666666,0.5231111111111111
2024-04-18,3074.2246,-0.05279029618816172,2.0683599999999998,59.463118239205784,0.14946761814564513,-0.7145114375029737,51.02185942479197,0.2733333333333333,0.692,0.9093333333333333,0.052,0.5466666666666666,0.6866666666666666,0.5266666666666667
2024-04-19,3065.261,-0.05286454645313299,2.07628,62.318674538355054,0.14398027440488975,-0.9704337482124181,50.78395940794812,0.27066666666666667,0.7,0.9226666666666666,0.04133333333333333,0.5293333333333333,0.6493333333333333,0.5188888888888888
2024-04-22,3044.5952,-0.05340243483949965,2.07466,45.11030545459832,0.13524981648846804,-1.6036559058663635,50.23783527847116,0.22133333333333333,0.7,0.8533333333333334,0.02666666666666667,0.49866666666666665,0.5853333333333334,0.48088888888888887
2024-04-23,3021.9775,-0.0541131883622545,2.056345,46.56651636403234,0.17196014937713336,-2.2977939490408494,49.64694605918141,0.164,0.684,0.8533333333333334,0.10666666666666667,0.44133333333333336,0.5266666666666666,0.4626666666666666
2024-04-24,3044.8223,-0.05319449598456137,2.0342949999999997,44.41977192964009,0.18357277402129632,-1.5232498038818765,50.24467752403297,0.24533333333333332,0.668,0.848,0.14533333333333334,0.504,0.5893333333333334,0.5
2024-04-25,3052.9,-0.05317255906665624,2.019505,31.360747204311906,0.165325975542912,-1.2280767428988315,50.454974593003016,0.25066666666666665,0.6506666666666666,0.7813333333333333,0.09333333333333334,0.516,0.62,0.48533333333333334
2024-04-26,3088.6357,-0.0518830144021324,2.0469099999999996,37.275192859791616,0.16927258881980722,-0.03962452613385237,51.37441916455476,0.36133333333333334,0.6786666666666666,0.8093333333333333,0.10533333333333333,0.5853333333333334,0.7493333333333333,0.5482222222222223
2024-04-29,3113.0432,-0.05104455225618781,2.0898250000000003,31.596653768338967,0.16439714722255033,0.7858605383663342,51.9897839852636,0.4093333333333333,0.716,0.7826666666666666,0.08533333333333333,0.6373333333333333,0.8373333333333334,0.578
2024-04-30,3104.8245,-0.050443068230441875,2.12035,32.11450424812293,0.16475740656524665,0.5573475131343875,51.76670906197358,0.4573333333333333,0.7426666666666667,0.7826666666666666,0.088,0.6266666666666667,0.8026666666666666,0.5833333333333333
2024-05-06,3140.7204,-0.04973417868042783,2.1418299999999997,38.1351421414233,0.16825350751098342,1.7501640627235027,52.66376732657023,0.516,0.764,0.8133333333333334,0.104,0.7013333333333334,0.916,0.6357777777777778
2024-05-07,3147.738,-0.0497467440769975,2.145995,33.5063085732817,0.16522795407458435,2.0065018115910993,52.837175605757864,0.516,0.772,0.7906666666666666,0.09466666666666666,0.7213333333333334,0.9266666666666666,0.636888888888889
2024-05-08,3128.4798,-0.05007821562035562,2.138745,21.022883707684684,0.17128380509768795,1.4051260823500833,52.3054317089124,0.49333333333333335,0.7573333333333333,0.7186666666666667,0.11466666666666667,0.6786666666666666,0.88,0.607111111111111
2024-05-09,3154.3201,-0.04935451182148233,2.1275749999999998,15.762375037994019,0.16599118099836038,2.258756683843166,52.947935894291305,0.5533333333333333,0.744,0.6666666666666666,0.10266666666666667,0.7493333333333333,0.9373333333333334,0.6255555555555555
2024-05-10,3154.5472,-0.04925627577692971,2.142015,13.250421460100597,0.16819844622026525,2.280751526320235,52.95356845410756,0.5626666666666666,0.7626666666666667,0.628,0.10666666666666667,0.752,0.9373333333333334,0.6248888888888889
2024-05-13,3148.0207,-0.04966314664146264,2.155605,14.948132049101673,0.16743431375068724,2.0845096017650278,52.76998656818526,0.5333333333333333,0.78,0.656,0.10533333333333333,0.736,0.92,0.6217777777777779
2024-05-14,3145.7743,-0.049729552751537454,2.156415,13.421820195254014,0.15906183416532305,2.030206009746527,52.706386572072944,0.5213333333333333,0.78,0.6266666666666667,0.072,0.7266666666666667,0.916,0.607111111111111
2024-05-15,3119.9021,-0.050229875742705696,2.15275,-0.31068723277542176,0.14494849831678228,1.2177718226212164,51.97679737649386,0.4786666666666667,0.7773333333333333,0.43333333333333335,0.048,0.6666666666666666,0.8293333333333334,0.5388888888888889
2024-05-16,3122.401,-0.050005889130861805,2.12702,7.786920439236525,0.14337028447953243,1.3288310835678274,52.0416380492204,0.5,0.736,0.5573333333333333,0.04133333333333333,0.6746666666666666,0.844,0.5588888888888889
2024-05-17,3154.0263,-0.049422494925679586,2.10944,13.611203500961949,0.14319145007641665,2.379126962150413,52.85626478835712,0.5506666666666666,0.72,0.6346666666666667,0.04133333333333333,0.7693333333333333,0.9266666666666666,0.6071111111111112
2024-05-20,3171.1451,-0.048973304428717016,2.1132999999999997,29.398568265544014,0.13459341948523149,2.964727477498852,53.290565059532895,0.5853333333333334,0.7226666666666667,0.7586666666666667,0.02666666666666667,0.8306666666666667,0.9506666666666667,0.6457777777777779
2024-05-21,3157.9657,-0.04919382228101468,2.09084,24.495888921238958,0.13845789767044392,2.563404107412426,52.91108617737496,0.572,0.7026666666666667,0.7333333333333333,0.03333333333333333,0.7893333333333333,0.9306666666666666,0.6268888888888889
2024-05-22,3158.5399,-0.04921182228101467,2.084855,24.435782058373206,0.1447606785134711,2.6034610582571283,52.925854792805254,0.5706666666666667,0.696,0.732,0.050666666666666665,0.7933333333333333,0.9333333333333333,0.6293333333333333
2024-05-23,3116.387,-0.05018526904566706,2.08324,15.00075225283527,0.14816008502680444,1.259562371021028,51.721623169891984,0.48133333333333334,0.6946666666666667,0.6546666666666666,0.06,0.6693333333333333,0.78,0.5566666666666666
2024-05-24,3088.8705,-0.050716879786524754,2.077235,14.221123329357738,0.14951307000742683,0.38942066812659437,50.95627672190889,0.44,0.6893333333333334,0.6426666666666667,0.06533333333333333,0.6106666666666667,0.672,0.52
2024-05-27,3124.0427,-0.049870359484537774,2.0809699999999998,10.89531310457437,0.16098506122844983,1.5571784564709645,51.87672615481989,0.5146666666666667,0.692,0.5866666666666667,0.088,0.6973333333333334,0.804,0.5637777777777778
2024-05-28,3109.5721,-0.05024997633786818,2.08588,5.067344271000223,0.17679185764973576,1.1106164675717567,51.47479595177503,0.4786666666666667,0.696,0.5226666666666666,0.152,0.6653333333333333,0.756,0.545111111111111
2024-05-29,3111.0176,-0.050409014079678516,2.04376,11.110547516936464,0.16415692844384097,1.180413079332232,51.51274402663302,0.4613333333333333,0.6586666666666666,0.5906666666666667,0.09733333333333333,0.6693333333333333,0.7626666666666667,0.5399999999999999
2024-05-30,3091.6778,-0.05081712284889506,1.9866199999999998,4.591541387552638,0.16644451822753198,0.5783271852119576,50.973416598074856,0.43066666666666664,0.6093333333333333,0.5186666666666667,0.11866666666666667,0.6293333333333333,0.676,0.4971111111111111
2024-05-31,3086.8134,-0.050832277773025555,1.9395599999999997,4.1573505052887185,0.17158838818521666,0.44579268483710965,50.838036011545775,0.43066666666666664,0.5826666666666667,0.512,0.136,0.6173333333333333,0.656,0.4891111111111111
2024-06-03,3078.4887,-0.050972256701066435,1.912735,11.553767457157164,0.16873024499941386,0.20333489637829327,50.60544031783264,0.416,0.572,0.6026666666666667,0.128,0.5973333333333334,0.6306666666666667,0.49111111111111105
2024-06-04,3091.1992,-0.05069596254730012,1.892625,8.929198428750027,0.1881045014217479,0.6373700056952591,50.951922923840854,0.44533333333333336,0.5573333333333333,0.5733333333333334,0.19733333333333333,0.6346666666666667,0.6746666666666666,0.5137777777777778
2024-06-05,3065.4034,-0.051328129237657984,1.87879,6.9075181384235975,0.1726542625876046,-0.18432767250267101,50.228829773008236,0.396,0.5466666666666666,0.5506666666666666,0.14266666666666666,0.5826666666666667,0.5826666666666667,0.46688888888888885
2024-06-06,3048.7939,-0.051614426878661954,1.8804450000000004,10.771973262285428,0.16029836972068534,-0.7054478685259769,49.76894171148996,0.38133333333333336,0.5466666666666666,0.5906666666666667,0.08666666666666667,0.5546666666666666,0.54,0.45
2024-06-07,3051.2787,-0.05146341049288286,1.86085,7.243277075173069,0.1357535647262023,-0.6036451016019795,49.83842136651067,0.3933333333333333,0.5266666666666666,0.5546666666666666,0.029333333333333333,0.5586666666666666,0.5453333333333333,0.4346666666666667
2024-06-11,3028.0451,-0.052081716681539186,1.8361050000000003,-0.8267394350676511,0.1269157847738472,-1.3356227597515646,49.19501698712772,0.336,0.49466666666666664,0.43066666666666664,0.018666666666666668,0.5106666666666667,0.4746666666666667,0.3775555555555556
2024-06-12,3037.4675,-0.05185739917472108,1.8174299999999999,-4.561546131189857,0.14425571395050998,-1.0045129199501068,49.46258260824534,0.364,0.464,0.39066666666666666,0.052,0.5346666666666666,0.5013333333333333,0.3844444444444444
2024-06-13,3028.9187,-0.05210904532629491,1.810485,3.5108007933889667,0.14316588166907843,-1.2605211958538365,49.224732426579266,0.3333333333333333,0.456,0.49733333333333335,0.04666666666666667,0.516,0.47733333333333333,0.3877777777777778
2024-06-14,3032.6333,-0.052176505046476154,1.804835,2.8370387222499573,0.1435222933715,-1.1172516131593646,49.33179104931977,0.32666666666666666,0.448,0.4866666666666667,0.052,0.5333333333333333,0.48933333333333334,0.3893333333333333
2024-06-17,3015.8907,-0.05280976136054355,1.77939,8.177749714745346,0.12729430928246652,-1.63568750906391,48.86221500641697,0.2786666666666667,0.43466666666666665,0.576,0.02,0.49866666666666665,0.42133333333333334,0.3715555555555556
2024-06-18,3030.2464,-0.05251384800595722,1.73597,5.820118834438659,0.1238804016078131,-1.1413939138232299,49.28082080529852,0.30266666666666664,0.37866666666666665,0.5426666666666666,0.010666666666666666,0.5293333333333333,0.48533333333333334,0.3748888888888888
2024-06-19,3018.0491,-0.0527222394182217,1.71368,4.667711594519204,0.11887774111565585,-1.5165331071193888,48.93663790449564,0.2906666666666667,0.344,0.5266666666666666,0.005333333333333333,0.5066666666666667,0.44266666666666665,0.3526666666666667
2024-06-20,3005.4369,-0.0528771882293275,1.6954449999999999,-1.641790160183291,0.11092023490361487,-1.9034629332721043,48.58185304338577,0.276,0.332,0.4226666666666667,0.0013333333333333333,0.48,0.3933333333333333,0.3175555555555556
2024-06-21,2998.1377,-0.052876782693899796,1.6668600000000002,13.859334767472973,0.11458406307938278,-2.1141726659353655,48.376593597015436,0.2773333333333333,0.29333333333333333,0.66,0.004,0.45866666666666667,0.37466666666666665,0.3446666666666667
2024-06-24,2963.0989,-0.053715103143728446,1.664395,11.862392310131867,0.11893324290211353,-3.224240243853671,47.40435297266346,0.19733333333333333,0.288,0.6226666666666667,0.009333333333333334,0.38266666666666665,0.28933333333333333,0.2982222222222222
2024-06-25,2949.9963,-0.05411838372721972,1.6514900000000001,20.697436985182833,0.12222017332275055,-3.6170653092694183,47.04680903935771,0.164,0.264,0.7386666666666667,0.014666666666666666,0.364,0.256,0.3002222222222222
2024-06-26,2972.5251,-0.05374840710491526,1.6431349999999998,17.97761298544708,0.12291379601322835,-2.8478421131224563,47.73226249624165,0.19466666666666665,0.26,0.716,0.016,0.4026666666666667,0.3253333333333333,0.31911111111111107
2024-06-27,2945.8524,-0.05435698700626518,1.63726,1.9399303716897407,0.13334492425601324,-3.6839442427007874,47.00381151150108,0.14133333333333334,0.25333333333333335,0.4746666666666667,0.037333333333333336,0.35733333333333334,0.256,0.25333333333333335
2024-06-28,2967.4028,-0.05372024433847101,1.639875,1.4342037375847951,0.13341370828085045,-2.943095073947033,47.65647918695374,0.20133333333333334,0.25733333333333336,0.4693333333333333,0.03866666666666667,0.39866666666666667,0.32266666666666666,0.2813333333333333
2024-07-01,2994.7303,-0.052527125451271015,1.64587,-11.014956508056656,0.1325922357543631,-2.0135595355104563,48.47025085656291,0.31333333333333335,0.2653333333333333,0.31333333333333335,0.037333333333333336,0.4746666666666667,0.3933333333333333,0.2995555555555555
2024-07-02,2997.0111,-0.052405181936323486,1.624765,-12.960244550307749,0.13739523500192896,-1.9057074543668229,48.53777638423045,0.32266666666666666,0.24,0.296,0.04933333333333333,0.48933333333333334,0.4,0.2995555555555556
2024-07-03,2982.3756,-0.052682342288139436,1.6072199999999999,-13.263277208447306,0.1334530149169996,-2.3517553874151553,48.12852947020449,0.30266666666666664,0.22133333333333333,0.2906666666666667,0.04133333333333333,0.44133333333333336,0.36,0.2762222222222222
2024-07-04,2957.567,-0.05310665058904147,1.6032250000000001,-10.82930378394019,0.12852632579810772,-3.133543226107671,47.44284633328709,0.2653333333333333,0.21066666666666667,0.31733333333333336,0.030666666666666665,0.3893333333333333,0.3,0.25222222222222224
2024-07-05,2949.9333,-0.05319632795705331,1.573765,-9.565429444747451,0.12416199133818705,-3.358154171480421,47.233456333025956,0.252,0.17066666666666666,0.332,0.021333333333333333,0.38133333333333336,0.27466666666666667,0.23866666666666667
2024-07-08,2922.4498,-0.05354684399332777,1.5622,-19.986045897158988,0.12518275336154452,-4.225023297370778,46.48648935358047,0.21466666666666667,0.15866666666666668,0.23466666666666666,0.025333333333333333,0.31733333333333336,0.216,0.19444444444444445
2024-07-09,2959.3724,-0.052931236886707325,1.563335,-24.866044020982002,0.12508310610135734,-2.9857395385953667,47.612016815716196,0.28,0.16133333333333333,0.2,0.025333333333333333,0.4013333333333333,0.32,0.23133333333333336
2024-07-10,2939.3636,-0.05344054603724138,1.56975,-28.289437510372835,0.1128843000441988,-3.6109530270502233,47.06949962378858,0.22666666666666666,0.172,0.18,0.004,0.36933333333333335,0.26,0.20199999999999999
2024-07-11,2970.3874,-0.0528846956151425,1.578435,-36.76633762084117,0.12219780846754327,-2.5639958043857547,47.99854909316642,0.28933333333333333,0.18133333333333335,0.156,0.016,0.428,0.3546666666666667,0.23755555555555555
2024-07-12,2971.295,-0.05290587797091137,1.56521,-40.10500340686215,0.12981709445622303,-2.4993402203615345,48.0255373507172,0.2866666666666667,0.16666666666666666,0.14266666666666666,0.03866666666666667,0.436,0.3586666666666667,0.23822222222222222
2024-07-15,2974.0107,-0.05271940113434337,1.5575,-39.37752250930751,0.12530603139387975,-2.3754577049469816,48.10702799228311,0.31066666666666665,0.15333333333333332,0.144,0.032,0.448,0.36666666666666664,0.24244444444444446
2024-07-16,2976.3043,-0.05261003429950448,1.55392,-41.36149025007924,0.12850405642498725,-2.2685178592462885,48.17642384205993,0.32,0.15066666666666667,0.13733333333333334,0.03866666666666667,0.4613333333333333,0.376,0.24733333333333332
2024-07-17,2962.8549,-0.05307816643450662,1.5607849999999999,-39.93996569333444,0.10358258253775325,-2.6791231838112273,47.79739962713835,0.276,0.16,0.14533333333333334,0.0013333333333333333,0.42133333333333334,0.33866666666666667,0.22377777777777777
2024-07-18,2977.1334,-0.05252627618860725,1.5569149999999998,-40.05009504649726,0.11056293952225013,-2.181910086498262,48.234623586455996,0.3293333333333333,0.15466666666666667,0.14533333333333334,0.0026666666666666666,0.476,0.38266666666666665,0.24844444444444447
2024-07-19,2982.3086,-0.0525028058680421,1.5648399999999998,-40.47326573171995,0.1329271583378038,-1.9833523605152115,48.3930461715384,0.332,0.172,0.14133333333333334,0.05333333333333334,0.49466666666666664,0.39866666666666667,0.26533333333333337
2024-07-22,2964.2155,-0.05325183686160161,1.5591,-32.074463761848506,0.13186735096596178,-2.545054991104334,47.8750514653479,0.25066666666666665,0.15866666666666668,0.18,0.04933333333333333,0.432,0.348,0.23644444444444446
2024-07-23,2915.3685,-0.05442926968946437,1.5640500000000002,-46.2596342351558,0.1663397117706045,-4.115601500565669,46.51573777759845,0.14,0.172,0.12533333333333332,0.16133333333333333,0.328,0.22133333333333333,0.19133333333333336
2024-07-24,2901.9518,-0.05462500610657038,1.5704449999999999,-39.149858488806046,0.15708515299555098,-4.51484461545636,46.151773179133606,0.13866666666666666,0.184,0.15333333333333332,0.124,0.29333333333333333,0.20133333333333334,0.18244444444444444
2024-07-25,2886.7416,-0.055334559949077704,1.57161,-32.74821627553192,0.16070653018241238,-4.971422344256871,45.74146420973152,0.11466666666666667,0.18533333333333332,0.18,0.13066666666666665,0.264,0.17333333333333334,0.17466666666666666
2024-07-26,2890.8973,-0.05571082683636281,1.56183,-25.19061168377675,0.16994413518864446,-4.7946638564131945,45.87441379859812,0.09466666666666666,0.16533333333333333,0.21466666666666667,0.18,0.2733333333333333,0.18266666666666667,0.18511111111111112
2024-07-29,2891.8453,-0.05594838523045717,1.55051,-10.894731928431696,0.18507325355103768,-4.725041634646276,45.904990651282546,0.08266666666666667,0.14666666666666667,0.3373333333333333,0.236,0.2826666666666667,0.18666666666666668,0.212
2024-07-30,2879.2996,-0.056404650237477066,1.5449499999999998,-18.68228632101389,0.1888330251334442,-5.098410310880497,45.56054701823225,0.06933333333333333,0.14533333333333334,0.25866666666666666,0.24933333333333332,0.256,0.16133333333333333,0.19000000000000003
2024-07-31,2938.7493,-0.05507392031554913,1.5909200000000001,-26.51563310931428,0.20070299317224885,-3.1094718075699412,47.45000907636933,0.12666666666666668,0.212,0.20533333333333334,0.2986666666666667,0.404,0.31333333333333335,0.26
2024-08-01,2932.3871,-0.05535190845903559,1.611035,-15.28084370867225,0.238463300216807,-3.28921538856074,47.27245007765423,0.116,0.252,0.2946666666666667,0.3893333333333333,0.3973333333333333,0.2946666666666667,0.2906666666666667
2024-08-02,2905.3375,-0.056022466653908656,1.62406,-23.741831980141882,0.2350525459766182,-4.148589567468575,46.52395483277147,0.07866666666666666,0.2693333333333333,0.22533333333333333,0.3893333333333333,0.332,0.22933333333333333,0.254
2024-08-05,2860.6978,-0.05710461759058371,1.64616,-20.925473020913415,0.2318566935874475,-5.5751119062599885,45.326266538777055,0.048,0.2986666666666667,0.24666666666666667,0.38133333333333336,0.236,0.144,0.22577777777777777
2024-08-06,2867.2837,-0.05695698415263549,1.6414750000000002,-4.610416684681525,0.22840556248064567,-5.313253357877789,45.53545005858113,0.05733333333333333,0.29333333333333333,0.42533333333333334,0.36933333333333335,0.248,0.16133333333333333,0.2591111111111111
2024-08-07,2869.8338,-0.05688534061575164,1.63111,4.990755294563684,0.23242449056223458,-5.185602163043102,45.61692181943481,0.058666666666666666,0.2786666666666667,0.5706666666666667,0.38533333333333336,0.256,0.16933333333333334,0.28644444444444445
2024-08-08,2869.9014,-0.05652736895317263,1.620275,16.4748790452297,0.22883525062124124,-5.132465329476609,45.6191024472244,0.06933333333333333,0.2653333333333333,0.74,0.372,0.26,0.17066666666666666,0.31288888888888894
2024-08-09,2862.1941,-0.0566235551104129,1.6151900000000001,13.08625030258898,0.21455547071184636,-5.333558626036828,45.4091748969085,0.06933333333333333,0.25733333333333336,0.6866666666666666,0.332,0.248,0.15066666666666667,0.2906666666666667
2024-08-12,2858.2046,-0.05620798276556485,1.608615,8.3186630543766,0.21455547071184636,-5.411356814933854,45.300058460908765,0.08,0.24933333333333332,0.624,0.3333333333333333,0.24266666666666667,0.144,0.27888888888888885
2024-08-13,2867.946,-0.05616407240962289,1.6007200000000001,2.298069750466567,0.1997181264245357,-5.039482387739702,45.62269950581567,0.084,0.23066666666666666,0.5186666666666667,0.292,0.268,0.17466666666666666,0.26133333333333336
2024-08-14,2850.6539,-0.0568070297690136,1.58226,-1.9917908906930393,0.20089027564629952,-5.558279378734388,45.144709865426016,0.06266666666666666,0.20533333333333334,0.45466666666666666,0.30133333333333334,0.23733333333333334,0.13466666666666666,0.2326666666666667
2024-08-15,2877.3579,-0.05595920360049818,1.58061,-6.323233386464352,0.18708817374413703,-4.621666351243759,46.02776734348225,0.096,0.20266666666666666,0.41333333333333333,0.24266666666666667,0.30133333333333334,0.20533333333333334,0.24355555555555555
2024-08-16,2879.4298,-0.05585270195310098,1.575995,-10.820750033399406,0.18127792509306553,-4.503681234217661,46.09585017834806,0.10266666666666667,0.19466666666666665,0.3466666666666667,0.21866666666666668,0.31333333333333335,0.21066666666666667,0.23111111111111113
2024-08-23,2854.3675,-0.0569262230751582,1.5190949999999999,-2.704386268033005,0.1967666244238848,-5.107363528590048,45.49034032920558,0.06,0.12266666666666666,0.45066666666666666,0.2801608579088472,0.268,0.16266666666666665,0.22402680965147456
2024-08-26,2855.5203,-0.056882809185240996,1.51085,-3.5657767238945723,0.19643003394519115,-5.028542807188097,45.5296303466216,0.06266666666666666,0.11733333333333333,0.44266666666666665,0.2801608579088472,0.27466666666666667,0.168,0.22424903187369674
2024-08-27,2848.7312,-0.056631235711306516,1.50176,-0.41338170195874113,0.21883325706022083,-5.216335893548363,45.3350256322303,0.076,0.112,0.4826666666666667,0.353887399463807,0.26,0.14933333333333335,0.23898123324396783
2024-08-28,2837.4293,-0.05716710513357352,1.4500300000000002,15.935773739281217,0.24698510292432324,-5.551358007969808,45.01115531220647,0.04666666666666667,0.07333333333333333,0.736,0.4316353887399464,0.23866666666666667,0.124,0.27505034256776884
2024-08-29,2823.106,-0.05802401502173152,1.43073,7.834549679633625,0.2534137381063665,-5.9894743256573175,44.60279503477755,0.036,0.06933333333333333,0.6186666666666667,0.4410187667560322,0.21733333333333332,0.1,0.2470586833482276
2024-08-30,2842.2142,-0.05805990075244967,1.4547,14.174248590973662,0.23939666245414973,-5.321539265868669,45.272613676644156,0.036,0.08,0.7133333333333334,0.4128686327077748,0.256,0.14533333333333334,0.2739225498957402
2024-09-02,2811.035,-0.058480329406968165,1.45112,23.660391864144685,0.24539066891254463,-6.321558099578728,44.38704288845476,0.025333333333333333,0.076,0.7933333333333333,0.4316353887399464,0.19866666666666666,0.08533333333333333,0.2683836759011022
2024-09-03,2802.9787,-0.05886606687513275,1.44505,19.95756581302544,0.1927043327473908,-6.555728975335029,44.161331724209845,0.02,0.07466666666666667,0.7733333333333333,0.2707774798927614,0.188,0.076,0.2337962466487936
2024-09-04,2784.2783,-0.059600270220637165,1.4427699999999999,10.506475231507181,0.17614012550997413,-7.142257534661933,43.640432580175755,0.013333333333333334,0.07333333333333333,0.6386666666666667,0.20107238605898123,0.164,0.05466666666666667,0.1908453976764969
2024-09-05,2788.3141,-0.0595805882184436,1.4296799999999998,7.033803226810932,0.18923463891257092,-6.973438674865584,43.785141016442694,0.014666666666666666,0.068,0.6013333333333334,0.2587131367292225,0.172,0.06133333333333333,0.19600774501042595
2024-09-06,2765.8066,-0.060084366630622534,1.42091,0.055921529028182704,0.20550147693975468,-7.683352596803483,43.16017057501423,0.009333333333333334,0.064,0.48533333333333334,0.3230563002680965,0.14133333333333334,0.034666666666666665,0.17628716115579388
2024-09-09,2736.4876,-0.06114401512951851,1.425305,-14.39693167644782,0.18738410627897106,-8.613226086898084,42.36364370841516,0.005333333333333333,0.06666666666666667,0.30933333333333335,0.2520107238605898,0.104,0.017333333333333333,0.12577956508787608
2024-09-10,2744.1921,-0.060911646546567534,1.43387,-12.96230388085823,0.17247687466978828,-8.307799480167045,42.64492247984272,0.006666666666666667,0.07733333333333334,0.32133333333333336,0.1903485254691689,0.11466666666666667,0.024,0.12239142091152816
2024-09-11,2721.7952,-0.061832131570411085,1.44148,-13.044358324257303,0.1587913818395423,-9.007739152487826,42.04178332522828,0.0013333333333333333,0.07866666666666666,0.32,0.1260053619302949,0.084,0.014666666666666666,0.10411200476616027
2024-09-12,2717.1231,-0.06203296074151517,1.433025,0.5577420619317195,0.14804172257656972,-9.113357521551302,41.91672452620653,0.0013333333333333333,0.07466666666666667,0.49066666666666664,0.10187667560321716,0.08133333333333333,0.013333333333333334,0.12720166815609174
2024-09-13,2704.0896,-0.06251776873198975,1.4295550000000001,-6.426990244017389,0.14798028235476993,-9.492046826073885,41.56791144965933,0.0013333333333333333,0.07066666666666667,0.4026666666666667,0.10187667560321716,0.07066666666666667,0.012,0.10986833482275842
2024-09-18,2717.2813,-0.062275106563369716,1.42571,-9.993103372022773,0.1502369182455932,-8.997256901576122,42.06138709716959,0.0026666666666666666,0.068,0.352,0.11394101876675604,0.088,0.018666666666666668,0.10721239201668155
2024-09-19,2736.0222,-0.06177873033770105,1.440375,-1.0042821053316118,0.14998738748959398,-8.317781047735496,42.755910916252596,0.006666666666666667,0.08266666666666667,0.4653333333333333,0.11394101876675604,0.12,0.03333333333333333,0.13699016979445933
2024-09-20,2736.8139,-0.06166811075529984,1.4560549999999999,2.383374338607382,0.16928620292754012,-8.243835347455896,42.78520973194426,0.008,0.10133333333333333,0.52,0.1876675603217158,0.12266666666666666,0.034666666666666665,0.16238903783139708
2024-09-23,2748.9177,-0.06132902438810919,1.4596550000000001,-3.550215531324227,0.16080736395346407,-7.79255471443544,43.23438759139506,0.012,0.10666666666666667,0.428,0.13941018766756033,0.14533333333333334,0.048,0.14656836461126005
2024-09-24,2863.1255,-0.05775877389745286,1.5296850000000002,-34.14024543415576,0.21125641586640734,-3.9256128436013116,47.19033045555229,0.06,0.15466666666666667,0.172,0.3512064343163539,0.39466666666666667,0.32666666666666666,0.243201072386059
2024-09-25,2896.3057,-0.05719009432677784,1.6242450000000002,-45.89997038035165,0.24767182884662567,-2.78080952787616,48.249857315629335,0.068,0.31333333333333335,0.12666666666666668,0.45576407506702415,0.472,0.44266666666666665,0.31307179028894844
2024-09-26,3000.9526,-0.05433601621729971,1.7206300000000003,-63.7925344337132,0.30083924934086514,0.7483516686900282,51.362098334255954,0.204,0.448,0.08666666666666667,0.5911528150134048,0.7306666666666667,0.8133333333333334,0.47896991361334523
2024-09-27,3087.5286,-0.05170474590265908,1.794105,-77.68249816303666,0.31967690323771103,3.6603239270570187,53.692019181495674,0.476,0.5213333333333333,0.04133333333333333,0.6126005361930295,0.9453333333333334,0.9813333333333333,0.5963223115877271
2024-09-30,3336.4974,-0.04661210041265606,2.021925,-96.2561337738671,0.33816442683209424,11.986274310318068,59.35417929726009,0.8133333333333334,0.6626666666666666,0.018666666666666668,0.631367292225201,1.0,1.0,0.687672326481978
2024-10-08,3489.7751,-0.04337471014941047,2.274655,-99.16728094525664,0.347245234837614,17.07370214916022,62.22937262453338,0.9666666666666667,0.9013333333333333,0.017333333333333333,0.6501340482573726,1.0,1.0,0.7559112302651178
2024-10-09,3258.8578,-0.047858489118060926,2.455415,-104.92219605869877,0.34902956636505844,9.307332169729698,56.17556516869981,0.736,0.9586666666666667,0.013333333333333334,0.6514745308310992,0.9973333333333333,0.9973333333333333,0.725690199582961
2024-10-10,3301.9259,-0.04715316360599277,2.61055,-110.47414548737643,0.3497447253241054,10.7231815371446,56.9651614673174,0.772,0.9653333333333334,0.012,0.6554959785522788,0.9973333333333333,0.9973333333333333,0.7332493297587132
2024-10-11,3217.7377,-0.04876472820496821,2.707855,-112.73704064363787,0.34859600626327414,7.880855542949572,55.00610180611823,0.7093333333333334,0.9693333333333334,0.009333333333333334,0.6514745308310992,0.9946666666666667,0.9933333333333333,0.7212457551385166
2024-10-14,3284.3225,-0.04730294449857912,2.816445,-124.59409366042723,0.3444397671407296,10.090814029469698,56.21053940195808,0.7626666666666667,0.9733333333333334,0.005333333333333333,0.6434316353887399,0.996,0.996,0.7294608281203456
2024-10-15,3201.2919,-0.04929074762620861,2.903785,-120.71643911608157,0.35040969741068373,7.2952933481455595,54.37507432762798,0.6813333333333333,0.976,0.006666666666666667,0.660857908847185,0.9906666666666667,0.984,0.7165874292523086
2024-10-16,3202.948,-0.04910542496935029,2.975135,-99.2055430177785,0.3527847442667935,7.336312374296883,54.4051036469924,0.7013333333333334,0.9786666666666667,0.024,0.6662198391420912,0.992,0.984,0.7243699731903486
2024-10-17,3169.3843,-0.050081768251237335,3.04943,-99.71555396783785,0.3404895381728203,6.2026987033313885,53.681001714726555,0.612,0.9826666666666667,0.024,0.6353887399463807,0.9813333333333333,0.9693333333333334,0.7007870122132857
2024-10-18,3261.5633,-0.04809971599194773,3.17438,-95.32079278272232,0.3411294232824398,9.2693906478879,55.33209023959281,0.732,0.9893333333333333,0.030666666666666665,0.6367292225201072,0.9933333333333333,0.9933333333333333,0.7292326481977957
2024-10-21,3268.11,-0.04810347957489656,3.2932,-94.84177524329493,0.34064556471026664,9.463607567069122,55.446151816527816,0.732,1.0,0.032,0.6367292225201072,0.9946666666666667,0.9933333333333333,0.731454870420018
2024-10-22,3285.8669,-0.0480651389852133,3.3827100000000003,-87.81353981207573,0.33981594432596984,10.027315933400804,55.75603286322753,0.7346666666666667,1.0,0.036,0.6353887399463807,0.9946666666666667,0.9933333333333333,0.7323425677688413
2024-10-23,3302.8028,-0.04767102317205568,3.494005,-81.82269890467768,0.3272084193689423,10.561266266854297,56.05085079843422,0.7546666666666667,1.0,0.04666666666666667,0.6179624664879356,0.996,0.9933333333333333,0.7347715221924337
2024-10-24,3280.2625,-0.048032694982278176,3.5502849999999997,-82.35783711542669,0.34701300539664,9.78139341291351,55.55264532169616,0.7373333333333333,1.0,0.04533333333333334,0.6581769436997319,0.992,0.9906666666666667,0.7372517128388442
2024-10-25,3299.7003,-0.0478895323633684,3.635905,-87.36507927325133,0.35992944423116585,10.400650267660282,55.894513615133576,0.7453333333333333,1.0,0.04,0.693029490616622,0.9946666666666667,0.992,0.7441715817694371
2024-10-28,3322.1975,-0.04740325915376942,3.75019,-84.32787298801827,0.3596161621235879,11.116419810039302,56.28801592638263,0.7693333333333333,1.0,0.04533333333333334,0.693029490616622,0.9973333333333333,0.996,0.750171581769437
2024-10-29,3286.407,-0.04788022027259968,3.81787,-42.737319930581094,0.3915551752137786,9.88951561235103,55.4915389246026,0.7466666666666667,1.0,0.16266666666666665,0.7359249329758714,0.9893333333333333,0.9866666666666667,0.770209711051534
2024-10-30,3266.2378,-0.04850612200696066,3.84534,-34.53314089435818,0.4320191082612268,9.184799898818863,55.047654883475374,0.7213333333333334,1.0,0.19866666666666666,0.7935656836461126,0.9826666666666667,0.9826666666666667,0.7798165028299077
2024-10-31,3279.8244,-0.049599731345752206,3.90206,-4.386984970490261,0.5085922253178734,9.598759609670605,55.291273058630765,0.664,1.0,0.43866666666666665,0.8619302949061662,0.9866666666666667,0.9826666666666667,0.8223217158176944
2024-11-01,3272.0142,-0.04967832240264256,4.001399999999999,16.506906974675786,0.5482712241718843,9.295560361922028,55.117632268341005,0.656,1.0,0.744,0.886058981233244,0.9826666666666667,0.9813333333333333,0.8750098302055408
2024-11-04,3310.2072,-0.04910293129517669,3.88095,44.389623601820006,0.6059395875883202,10.516555696329233,55.80399282858757,0.7066666666666667,0.9973333333333333,0.8813333333333333,0.900804289544236,0.9933333333333333,0.9893333333333333,0.9114673815907061
2024-11-05,3386.9869,-0.04774887377061772,3.745385,46.40018220965615,0.6342498889035085,13.015862743884599,57.13652909204978,0.7586666666666667,0.992,0.8853333333333333,0.9128686327077749,0.9986666666666667,0.9973333333333333,0.9241447721179625
2024-11-06,3383.8062,-0.04776578034852348,3.71715,65.08776427290647,0.6070728428709026,12.848022679282266,57.06445312771382,0.7586666666666667,0.9906666666666667,0.9453333333333334,0.9021447721179625,0.9973333333333333,0.996,0.9316907953529938
2024-11-07,3470.6609,-0.046206479234289374,3.7505100000000007,62.605128202301586,0.6511599141000534,15.670148726977985,58.509713707581525,0.868,0.9933333333333333,0.9386666666666666,0.9262734584450402,0.9986666666666667,0.9973333333333333,0.9537122430741735
2024-11-08,3452.2971,-0.0466685336494914,3.84866,79.64101363061394,0.6726749596050228,14.9915104883799,58.09162884381977,0.8386666666666667,0.996,0.972,0.935656836461126,0.9973333333333333,0.996,0.9559428060768544
2024-11-11,3470.0657,-0.04660103399825636,3.8988,92.70081895506516,0.7161155708359946,15.514330959071376,58.38260308448593,0.844,0.9973333333333333,0.996,0.9611260053619303,0.9973333333333333,0.996,0.9652987786714329
2024-11-12,3421.9701,-0.047747268243994986,3.96668,106.90453889169065,0.7481665285187267,13.852160962846916,57.293758946167216,0.7613333333333333,0.9986666666666667,1.0,0.9798927613941019,0.9946666666666667,0.9933333333333333,0.9546487935656836
2024-11-13,3439.2778,-0.04715121176701792,4.008414999999999,104.28966954686089,0.7030495233001778,14.364658241426586,57.58164629904475,0.8,1.0,0.9973333333333333,0.9597855227882037,0.9946666666666667,0.9933333333333333,0.9575198093535895
2024-11-14,3379.8389,-0.04828617740069218,4.035304999999999,103.44583141188892,0.690141590425476,12.332817071988478,56.26445378460122,0.732,1.0,0.996,0.9463806970509383,0.9893333333333333,0.9853333333333333,0.9415078939529341
2024-11-15,3330.7263,-0.04903786301265289,4.016665,109.67250467813884,0.6809407562569991,10.656380563095102,55.20921340535392,0.7106666666666667,0.9986666666666667,1.0,0.9423592493297587,0.984,0.9693333333333334,0.9341709859994042
2024-11-18,3323.8486,-0.04892867167828199,4.037435,103.8115870863542,0.6880721225743193,10.38894429749677,55.06296884444296,0.7173333333333334,1.0,0.9946666666666667,0.9463806970509383,0.9786666666666667,0.9666666666666667,0.9339523383973787
2024-11-19,3346.0098,-0.048725814661419946,4.051505,103.7953792877584,0.6703271871993877,11.082335448081015,55.44750988178824,0.7213333333333334,1.0,0.9933333333333333,0.935656836461126,0.9853333333333333,0.9733333333333334,0.9348316949657433
2024-11-20,3367.9893,-0.04825874390804792,4.02779,100.30558626629782,0.6740094004894016,11.765177802438242,55.82662918389089,0.7386666666666667,0.996,0.9906666666666667,0.938337801608579,0.9866666666666667,0.9786666666666667,0.9381674113792076
2024-11-21,3370.4039,-0.048402366064173225,4.030425,99.19094247638228,0.6759410619159875,11.798244226474907,55.86834819322912,0.7346666666666667,0.996,0.9893333333333333,0.9410187667560321,0.9866666666666667,0.9786666666666667,0.9377253500148942
2024-11-22,3267.1916,-0.05044739518123699,4.039985,86.3493359774273,0.6876086338604724,8.341825647197854,53.67705306514209,0.5706666666666667,0.9986666666666667,0.976,0.9463806970509383,0.96,0.944,0.8992856717307119
2024-11-25,3263.7597,-0.05066859645387723,4.003315,88.53282112786576,0.6896493909041241,8.196846781321021,53.606355087250904,0.556,0.9893333333333333,0.9813333333333333,0.9477211796246648,0.9586666666666667,0.9413333333333334,0.8957313077152219
2024-11-26,3259.7572,-0.05068952328449718,3.9332900000000004,92.88317989512203,0.696309661292114,8.03498005865826,53.523215140883586,0.556,0.9853333333333333,0.9853333333333333,0.9544235924932976,0.9573333333333334,0.9386666666666666,0.8961817098599939
2024-11-27,3309.7789,-0.04975120708502401,3.889235,87.82425692002708,0.6971812658117739,9.658355835480958,54.416683123439945,0.644,0.9813333333333333,0.9746666666666667,0.9571045576407506,0.968,0.9573333333333334,0.9137396484956807
2024-11-28,3295.6983,-0.05031098738080067,3.81398,85.85099223245754,0.7023245966851541,9.156433566848076,54.12052738380215,0.5893333333333334,0.9746666666666667,0.9666666666666667,0.9611260053619303,0.9586666666666667,0.9506666666666667,0.9001876675603216
2024-11-29,3326.4557,-0.049822503575635835,3.7386749999999997,79.42899936023144,0.7046332023965101,10.13544473349608,54.665528766548924,0.6373333333333333,0.9693333333333334,0.952,0.9638069705093834,0.9733333333333334,0.9586666666666667,0.9090789395293416
2024-12-02,3363.9823,-0.04956603279101531,3.73956,79.29331385610607,0.6843172076902403,11.334316438083025,55.32036232818514,0.6786666666666666,0.9693333333333334,0.9506666666666667,0.9396782841823056,0.984,0.9666666666666667,0.9148352695859399
2024-12-03,3378.8063,-0.04909759756708516,3.6959600000000004,86.68000509935399,0.6649584771981887,11.778929117597636,55.57668793919282,0.7173333333333334,0.9653333333333334,0.972,0.9289544235924933,0.9853333333333333,0.9733333333333334,0.9237146261543044
2024-12-04,3364.6498,-0.049523733443010864,3.6200449999999997,79.1923824270018,0.6324740656901164,11.26333061878151,55.270478500800785,0.6813333333333333,0.9626666666666667,0.948,0.9115281501340483,0.9813333333333333,0.9626666666666667,0.9079213583556748
2024-12-05,3368.8553,-0.049652233956047766,3.5054749999999997,88.80232929568625,0.6172318953550524,11.357179774386704,55.34439070900264,0.668,0.96,0.98,0.9061662198391421,0.9826666666666667,0.9666666666666667,0.9105832588620792
2024-12-06,3404.0764,-0.048883385503257576,3.43234,81.37245021728266,0.6237865887343249,12.46741465093546,55.96070195725186,0.732,0.9573333333333334,0.956,0.9101876675603218,0.9893333333333333,0.98,0.9208090557044981
2024-12-09,3402.5343,-0.04927499203370865,3.3985600000000007,82.59041040651977,0.610022053890287,12.361399062523649,55.92652730906123,0.7013333333333334,0.956,0.956,0.903485254691689,0.988,0.9786666666666667,0.9139142091152815
2024-12-10,3422.6607,-0.04959115713236846,3.3931449999999996,81.07917890490364,0.576744914543059,12.968713176816692,56.278912718430945,0.676,0.9546666666666667,0.9533333333333334,0.8914209115281502,0.9906666666666667,0.9853333333333333,0.9085701519213584
2024-12-11,3432.4902,-0.04977036144363506,3.3968399999999996,75.27953429286865,0.5528437535941836,13.23173435518199,56.45087685825107,0.6426666666666667,0.9546666666666667,0.9373333333333334,0.8887399463806971,0.992,0.9866666666666667,0.9003455466190049
2024-12-12,3461.4998,-0.04923070528485692,3.41655,80.69676824167198,0.544194650853346,14.123680742983002,56.956143847944695,0.7106666666666667,0.956,0.9506666666666667,0.8847184986595175,0.9933333333333333,0.9866666666666667,0.9136753053321418
2024-12-13,3391.8782,-0.050900884434741375,3.457985,76.36615294778727,0.5433475342710554,11.775194065099303,55.396314298627814,0.5333333333333333,0.9573333333333334,0.936,0.8847184986595175,0.9773333333333334,0.96,0.874786416443253
2024-12-16,3386.3312,-0.051413058627741114,3.4251449999999997,75.61595967494529,0.5241160149685616,11.53896795206235,55.27435163768159,0.5,0.9546666666666667,0.9346666666666666,0.8753351206434317,0.9746666666666667,0.9533333333333334,0.8654447423294608
2024-12-17,3361.485,-0.05181471180187684,3.4093700000000005,73.04080466124613,0.4863447248020387,10.663839408202014,54.72857558109824,0.4666666666666667,0.952,0.9253333333333333,0.8512064343163539,0.9653333333333334,0.944,0.8507566279416147
2024-12-18,3382.2081,-0.05102780791237613,3.39501,70.64941677102956,0.4926904748573067,11.285503359348192,55.10247985104996,0.5213333333333333,0.948,0.92,0.8525469168900804,0.9706666666666667,0.948,0.8600911528150134
2024-12-19,3370.0331,-0.051433135707340844,3.391025,64.98924972279619,0.45767889759997404,10.8260040661021,54.83342033786181,0.5,0.9453333333333334,0.9053333333333333,0.8324396782841823,0.9653333333333334,0.9426666666666667,0.8485177241584748
2024-12-20,3368.0693,-0.05189666190032149,3.3527099999999996,86.11290255709837,0.4252544071404913,10.70339106628837,54.78978306742151,0.4613333333333333,0.9426666666666667,0.968,0.7774798927613941,0.9626666666666667,0.9413333333333334,0.8422466487935657
2024-12-23,3351.2571,-0.05195936078376608,3.357615,81.18940166937936,0.37597881806151046,10.098715073141506,54.41488795828634,0.45066666666666666,0.9426666666666667,0.952,0.7144772117962467,0.952,0.9346666666666666,0.8244128686327078
2024-12-24,3393.5281,-0.05094553997376956,3.35748,58.83328211942633,0.3188067622683193,11.430320590307685,55.1943826047191,0.5373333333333333,0.9413333333333334,0.88,0.6112600536193029,0.9733333333333334,0.9493333333333334,0.8154322311587728
2024-12-25,3393.3501,-0.050651105253926694,3.346615,68.4843313466821,0.3291905397221526,11.362371749611299,55.19036392540722,0.5693333333333334,0.9386666666666666,0.908,0.6219839142091153,0.972,0.948,0.826330652368186
2024-12-26,3398.0765,-0.0508945685043907,3.32147,59.9231329979047,0.3239171605222577,11.453240234584715,55.27779677564975,0.5453333333333333,0.9373333333333334,0.8826666666666667,0.6193029490616622,0.9733333333333334,0.9533333333333334,0.818550491510277
2024-12-27,3400.142,-0.051050118535839364,3.299435,56.60212970209959,0.32697006881968477,11.454076953285842,55.316326802782534,0.5226666666666666,0.936,0.8706666666666667,0.6206434316353887,0.9733333333333334,0.9546666666666667,0.8129961274947869
2024-12-30,3407.3259,-0.050600651599937124,3.240305,51.69496639996956,0.3496229804484738,11.61981950826414,55.45131586689215,0.576,0.9333333333333333,0.8546666666666667,0.6715817694369973,0.9746666666666667,0.9626666666666667,0.828819183795055
2024-12-31,3351.763,-0.05195621536056276,3.192155,40.185525336088745,0.3463603314834381,9.73934253114157,54.17135541528339,0.452,0.932,0.8106666666666666,0.660857908847185,0.9386666666666666,0.9226666666666666,0.7861429848078642
2025-01-02,3262.5607,-0.054521038183330525,3.1761,19.965144066038448,0.3398088877011533,6.768388574644613,52.214670544737736,0.19866666666666666,0.9306666666666666,0.724,0.6420911528150134,0.9186666666666666,0.8426666666666667,0.70945963658028
2025-01-03,3211.4299,-0.05556300046489736,3.168535,8.760756708005616,0.32378463651650796,5.054862422097184,51.14388152674048,0.15733333333333333,0.928,0.5986666666666667,0.6193029490616622,0.9093333333333333,0.7506666666666667,0.660550491510277
2025-01-06,3206.9228,-0.05581893218544174,3.094555,8.931402314143,0.2997844239969424,4.867334022222858,51.05056061119203,0.14133333333333334,0.9266666666666666,0.6026666666666667,0.5884718498659517,0.9066666666666666,0.7413333333333333,0.6511897527554364
2025-01-07,3229.6439,-0.05515896633699002,3.01582,-1.048069846811373,0.29864948810426933,5.567400133553568,51.50168531979856,0.17866666666666667,0.924,0.4706666666666667,0.5884718498659517,0.9106666666666666,0.796,0.6447453083109919
2025-01-08,3230.1679,-0.05508309246970909,2.926885,-4.523322571157962,0.2696186746455486,5.5388135538513295,51.51210697359164,0.18133333333333335,0.9213333333333333,0.42933333333333334,0.5080428954423593,0.9093333333333333,0.7986666666666666,0.6246738159070598
2025-01-09,3211.3933,-0.05525446352078434,2.843945,-7.072317239313932,0.27150820809913995,4.884712587362827,51.114143701427004,0.176,0.9186666666666666,0.4,0.5187667560321716,0.904,0.752,0.611572237116473
2025-01-10,3168.5238,-0.05624094767807467,2.7617599999999998,-14.000121529990423,0.27297221717006953,3.455687663627516,50.218312829473824,0.11466666666666667,0.916,0.33066666666666666,0.5281501340482574,0.8706666666666667,0.6573333333333333,0.5695805778969317
2025-01-13,3160.755,-0.05618714418207452,2.649685,-10.018278215072883,0.25876550261392883,3.176988109820633,50.0575400704727,0.11866666666666667,0.9133333333333333,0.37333333333333335,0.4812332439678284,0.8626666666666667,0.6493333333333333,0.5664277628835269
2025-01-14,3240.94,-0.05468129438426758,2.60585,-24.88759176133594,0.27781457089681466,5.755998579608179,51.672408678881546,0.20266666666666666,0.9106666666666666,0.244,0.5415549597855228,0.912,0.8106666666666666,0.6035924932975871
2025-01-15,3227.1167,-0.055129194577972496,2.56018,-22.959514209928997,0.29378649595879436,5.2692199175563115,51.38277045079558,0.184,0.9093333333333333,0.25733333333333336,0.5857908847184986,0.9053333333333333,0.788,0.6049651474530832
2025-01-16,3236.032,-0.054818896253895986,2.537025,-20.224526436746444,0.2908564336623139,5.521255280283088,51.55985446005809,0.2,0.908,0.2773333333333333,0.5777479892761395,0.9066666666666666,0.8093333333333333,0.6131802204349122
2025-01-17,3241.8212,-0.05454340463389039,2.500545,-20.255148981524115,0.31745017859263236,5.66694166193773,51.67543698274451,0.212,0.9066666666666666,0.2773333333333333,0.6233243967828418,0.9106666666666666,0.8146666666666667,0.6241096216860292
2025-01-20,3244.3776,-0.054457278927790634,2.47628,-21.784796410705155,0.31484049303321,5.701090270069642,51.72687153141547,0.21466666666666667,0.9053333333333333,0.268,0.6219839142091153,0.9106666666666666,0.8186666666666667,0.6232195412570748
2025-01-21,3242.6226,-0.05480575394361563,2.42864,-19.74819104330038,0.31640255386795013,5.595835243521541,51.688678578094176,0.20133333333333334,0.8986666666666666,0.2853333333333333,0.6246648793565683,0.908,0.816,0.6223330354483169
2025-01-22,3213.6237,-0.05531922970421641,2.3991599999999997,-16.682391932213065,0.3339414035879779,4.6057152064877815,51.058745984708295,0.176,0.892,0.308,0.6501340482573726,0.8906666666666667,0.7453333333333333,0.6103556747095621
2025-01-23,3230.1637,-0.054794798328858856,2.39533,-21.210389083938594,0.3552500723244024,5.0970976825242875,51.40036195753141,0.204,0.8893333333333333,0.2733333333333333,0.7144772117962467,0.8986666666666666,0.792,0.62863509085493
2025-01-24,3252.6264,-0.05452134157829931,2.388295,-25.49220178334768,0.35596597639751465,5.776922799780682,51.86181944979672,0.21733333333333332,0.888,0.24133333333333334,0.7171581769436998,0.912,0.832,0.634637473935061
2025-01-27,3250.6007,-0.05475804345516165,2.3567400000000003,-25.88670202879193,0.35596597639751465,5.6609732432268745,51.816951502632726,0.20666666666666667,0.8786666666666667,0.24,0.7184986595174263,0.9066666666666666,0.8293333333333334,0.62997199880846
2025-02-05,3229.4876,-0.05539956271481283,2.34285,-30.828550836878534,0.3731322598735368,4.9289189071692,51.34873407838393,0.16933333333333334,0.8706666666666667,0.21466666666666667,0.7439678284182306,0.8933333333333333,0.7813333333333333,0.6122168602919272
2025-02-06,3270.6594,-0.054872055246140986,2.3343499999999997,-27.69030786960964,0.3905296261209014,6.20630225262071,52.20045984083734,0.2,0.8666666666666667,0.232,0.7707774798927614,0.916,0.856,0.640240691093238
2025-02-07,3303.6666,-0.05420307788596035,2.3436250000000003,-10.227792396856628,0.3873617119146098,7.214361716521789,52.869373682291304,0.244,0.8706666666666667,0.3893333333333333,0.7667560321715817,0.9186666666666666,0.8933333333333333,0.6804593386952636
2025-02-10,3322.1698,-0.05350552162185313,2.351435,-2.0858429445117963,0.41620551205654205,7.746328556014559,53.24031795886318,0.31066666666666665,0.8746666666666667,0.48133333333333334,0.806970509383378,0.9213333333333333,0.9066666666666666,0.716939529341674
2025-02-11,3318.0569,-0.053563277948871085,2.372925,-1.9547845602827607,0.4457659985588373,7.534574708175401,53.14629535590292,0.30266666666666664,0.8826666666666667,0.4826666666666667,0.8565683646112601,0.92,0.9053333333333333,0.7249836163240989
2025-02-12,3346.3854,-0.05292135342877312,2.401045,0.9296022790972387,0.44158124197319165,8.371831888592695,53.71561226710318,0.37866666666666665,0.892,0.5213333333333333,0.8458445040214477,0.9266666666666666,0.916,0.7467518617813523
2025-02-13,3332.4826,-0.05316892573181785,2.42681,-3.0948925303881225,0.41631766474476845,7.850103245091744,53.393630853759475,0.356,0.8973333333333333,0.46266666666666667,0.8083109919571045,0.92,0.908,0.7253851653261841
2025-02-14,3346.7242,-0.052660546537385944,2.467355,0.444143384705157,0.4108127946773616,8.249263912850967,53.68123573175228,0.412,0.904,0.512,0.789544235924933,0.924,0.9133333333333333,0.7424795948763777
2025-02-17,3355.8296,-0.05211246921883274,2.518025,9.78449265282444,0.4230227745778557,8.481234664601223,53.865300817896504,0.464,0.9066666666666666,0.6226666666666667,0.8163538873994638,0.9266666666666666,0.9186666666666666,0.7758367590110217
2025-02-18,3324.4906,-0.05258681299380539,2.56947,5.047565228680099,0.41963272738632906,7.406897949197244,53.13045438185516,0.42,0.9093333333333333,0.576,0.8136729222520107,0.9133333333333333,0.8973333333333333,0.7549454870420017
2025-02-19,3351.5392,-0.05249826660085023,2.578325,24.10927675776655,0.3709134125603227,8.207920550343118,53.68195986834059,0.432,0.9093333333333333,0.7453333333333333,0.7412868632707775,0.9213333333333333,0.912,0.7768811438784629
2025-02-20,3350.7833,-0.052354153162605346,2.605245,26.865933630188422,0.36318006808812253,8.105021155132764,53.664114927124835,0.44266666666666665,0.9093333333333333,0.7573333333333333,0.7319034852546917,0.9186666666666666,0.9066666666666666,0.777761691986893
2025-02-21,3379.1128,-0.05142994067032949,2.6535450000000003,24.596453651770275,0.39972226127155397,8.93348033359147,54.24060797088593,0.5453333333333333,0.9133333333333333,0.7466666666666667,0.7828418230563002,0.9266666666666666,0.9226666666666666,0.8062514149538278
2025-02-24,3373.0276,-0.05124457586312413,2.712485,25.613553624534106,0.41499749128774127,8.647243185113052,54.09441802312919,0.5546666666666666,0.9146666666666666,0.748,0.8083109919571045,0.9253333333333333,0.9173333333333333,0.8113851653261842
2025-02-25,3346.0398,-0.052228811893430885,2.746015,15.574322320436949,0.3904394088295324,7.688616000728166,53.448358602030346,0.4573333333333333,0.9146666666666666,0.6866666666666666,0.7734584450402144,0.9093333333333333,0.9,0.7735764075067024
2025-02-26,3380.2144,-0.051623316602499233,2.7919600000000004,11.306295295214326,0.4556995030462486,8.705819606216414,54.14957463900931,0.5306666666666666,0.916,0.6333333333333333,0.868632707774799,0.9253333333333333,0.9186666666666666,0.7987721179624665
2025-02-27,3388.0622,-0.051113338641342994,2.848755,19.791239310765334,0.4395779573483553,8.879995221965608,54.30939816554157,0.564,0.9186666666666666,0.716,0.8471849865951743,0.9253333333333333,0.9226666666666666,0.8156419422103068
2025-02-28,3320.8973,-0.05261657607567058,2.8779100000000004,11.367339471186625,0.45623575230706925,6.65917744190998,52.71898014103762,0.41733333333333333,0.9186666666666666,0.632,0.871313672922252,0.8973333333333333,0.8653333333333333,0.7669967232648197
2025-03-03,3316.9253,-0.05291546215577647,2.90573,16.711405100219636,0.44143049768111514,6.476017495921527,52.62681583380366,0.38266666666666665,0.92,0.6946666666666667,0.8552278820375335,0.896,0.86,0.7680935358951445
2025-03-04,3324.2099,-0.05295195431013443,2.916815,13.772802054595743,0.4734537998171024,6.654877135015225,52.779914534189416,0.37733333333333335,0.92,0.66,0.8780160857908847,0.896,0.8666666666666667,0.7663360142984809
2025-03-05,3341.9649,-0.05248802371533144,2.930725,14.325852171502504,0.47133442817200716,7.170754142577107,53.153068061406294,0.43733333333333335,0.9213333333333333,0.672,0.8780160857908847,0.8986666666666666,0.8906666666666667,0.7830026809651475
2025-03-06,3381.0983,-0.05144779286114971,2.95024,18.748196299997346,0.4674402053283011,8.371096232139008,53.96391443574241,0.552,0.9213333333333333,0.7093333333333334,0.8780160857908847,0.9186666666666666,0.9133333333333333,0.815447125409592
2025-03-07,3372.5458,-0.0510606815151535,2.92585,23.11416685543692,0.5238700326819559,8.046040824950506,53.758277665029695,0.576,0.9173333333333333,0.7346666666666667,0.9061662198391421,0.9106666666666666,0.908,0.8254721477509682
2025-03-10,3366.163,-0.051156705272597004,2.897135,25.821859055166044,0.5109573222071147,7.7878043394457475,53.60411963416137,0.568,0.912,0.748,0.8967828418230563,0.9053333333333333,0.896,0.8210193625260649
2025-03-11,3379.8284,-0.050145826874651314,2.877305,21.97617804809164,0.5065905159224219,8.174901648607836,53.890389658634895,0.6813333333333333,0.9093333333333333,0.7266666666666667,0.8954423592493298,0.912,0.912,0.839462615430444
2025-03-12,3371.9235,-0.05086344894063656,2.8715200000000003,27.25168692251613,0.5407865257272586,7.864716886065937,53.69658257939805,0.608,0.908,0.7573333333333333,0.9168900804289544,0.9053333333333333,0.904,0.8332594578492701
2025-03-13,3358.7285,-0.05084474025097187,2.85524,26.99889736198891,0.5493761670900978,7.395409660966101,53.372584776226496,0.6106666666666667,0.9066666666666666,0.756,0.9235924932975871,0.896,0.888,0.8301543044384867
2025-03-14,3419.5616,-0.04981913451209927,2.866025,21.459742734036865,0.5934172505431091,9.285681202514606,54.64835230917848,0.7146666666666667,0.9066666666666666,0.7226666666666667,0.9316353887399463,0.9306666666666666,0.9306666666666666,0.8561614536788799
2025-03-17,3426.1285,-0.04904338054107009,2.84246,20.353438484976095,0.5871210425370434,9.441433949088939,54.78340431026002,0.8053333333333333,0.9013333333333333,0.7146666666666667,0.9316353887399463,0.9333333333333333,0.9333333333333333,0.8699392314566577
2025-03-18,3429.7593,-0.04902164209641158,2.809885,22.511666902286265,0.592755133994199,9.503969984332471,54.85856275114027,0.8093333333333333,0.8986666666666666,0.724,0.9329758713136729,0.9346666666666666,0.936,0.87260708966339
2025-03-19,3426.4291,-0.04921017039832225,2.78902,27.55550330070521,0.5697496874985568,9.343672848241225,54.774117393098244,0.7893333333333333,0.896,0.7586666666666667,0.9276139410187667,0.9306666666666666,0.9306666666666666,0.8721578790586832
2025-03-20,3408.9482,-0.05011666278192401,2.77121,22.625997661558102,0.5502939547732104,8.732868413935723,54.33018329791898,0.688,0.8946666666666667,0.7226666666666667,0.9249329758713136,0.9186666666666666,0.9173333333333333,0.8443777182007746
2025-03-21,3364.8307,-0.05076866839198131,2.74364,18.740370289082506,0.5500484641980684,7.282045299075257,53.2291703687205,0.6173333333333333,0.8906666666666667,0.6946666666666667,0.9249329758713136,0.8853333333333333,0.876,0.814822162645219
2025-03-24,3370.0283,-0.05088658693566486,2.716555,17.911342636996665,0.5437250710685018,7.406452979890599,53.341818377722284,0.6066666666666667,0.8893333333333333,0.6893333333333334,0.920911528150134,0.8893333333333333,0.88,0.8125963658028001
2025-03-25,3369.9763,-0.05103025252240401,2.6937550000000003,23.23759072179189,0.5334779706379641,7.36181301041301,53.34051863117237,0.584,0.8853333333333333,0.7293333333333333,0.9142091152815014,0.8866666666666667,0.8786666666666667,0.813034852546917
2025-03-26,3368.6973,-0.05142533151385589,2.656065,28.46991970029464,0.5512192300695441,7.276655463131343,53.30821103328057,0.556,0.884,0.7626666666666667,0.9302949061662198,0.8813333333333333,0.8773333333333333,0.8152713732499256
2025-03-27,3373.7489,-0.05124911660477486,2.6086199999999997,25.001916417271218,0.5324669755691467,7.3916272632007285,53.42089172847605,0.5653333333333334,0.8786666666666667,0.7386666666666667,0.9142091152815014,0.8866666666666667,0.8826666666666667,0.8110348525469169
2025-03-28,3351.3068,-0.05179771299013082,2.5635649999999996,33.33102253085117,0.5446027325974759,6.636979612897664,52.84793207192974,0.5213333333333333,0.872,0.7853333333333333,0.9262734584450402,0.872,0.848,0.8041566875186178
2025-03-31,3335.7462,-0.05214803363542788,2.55342,30.900224448355544,0.5467015378957897,6.107974969779173,52.453472496424844,0.472,0.8693333333333333,0.7746666666666666,0.9276139410187667,0.8626666666666667,0.8226666666666667,0.7881578790586833
2025-04-01,3348.4351,-0.05204682370900572,2.54872,30.119250513496866,0.5525537541318557,6.472898894293455,52.74432886600358,0.4866666666666667,0.868,0.768,0.9369973190348525,0.8693333333333333,0.84,0.7948328865058087
2025-04-02,3350.1266,-0.052195487492001605,2.51643,33.57950026137232,0.5508358372545037,6.49005477245983,52.783265307231815,0.4666666666666667,0.864,0.7893333333333333,0.9343163538873994,0.8706666666666667,0.8426666666666667,0.7946082812034554
2025-04-03,3342.0077,-0.05302499645251102,2.477255,35.038339476057395,0.5648774219554793,6.1962126883375435,52.573011982881134,0.37333333333333335,0.8613333333333333,0.7946666666666666,0.9410187667560321,0.8626666666666667,0.828,0.7768364611260054
2025-04-07,3096.5762,-0.0590268925649647,2.51447,-3.76348945848855,0.5482509026732578,-1.6087316905900262,46.866218658139594,0.03333333333333333,0.8626666666666667,0.408,0.9289544235924933,0.5693333333333334,0.296,0.5163812928209711
2025-04-08,3145.5491,-0.05743065184116582,2.569965,-14.385792273927123,0.5761166379085081,-0.06780159915805717,48.00507325583859,0.06533333333333333,0.8733333333333333,0.30266666666666664,0.9463806970509383,0.6453333333333333,0.4066666666666667,0.5399523383973787
2025-04-09,3186.8099,-0.05672417526398533,2.632,-17.27325911213231,0.6200798904179065,1.2230488896726843,48.93754055209382,0.1,0.88,0.2733333333333333,0.9611260053619303,0.7013333333333334,0.508,0.5706321120047662
2025-04-10,3223.6379,-0.05608809701760095,2.654025,-23.821248892668393,0.5830995259030813,2.3628438864649493,49.75092101656966,0.12933333333333333,0.8826666666666667,0.22533333333333333,0.9490616621983914,0.76,0.5933333333333334,0.5899547214775096
2025-04-11,3238.2268,-0.055659717452699084,2.6407700000000003,-23.396450997114385,0.6020595346714634,2.7963850315078087,50.069527493373535,0.16,0.8786666666666667,0.23066666666666666,0.9571045576407506,0.788,0.616,0.605072981829014
2025-04-14,3262.8075,-0.055137092543940905,2.607675,-18.205089513229197,0.5881873533047297,3.54754879143635,50.60316922176019,0.19333333333333333,0.8733333333333333,0.27066666666666667,0.953083109919571,0.8093333333333333,0.66,0.626624962764373
2025-04-15,3267.6623,-0.05493650506223849,2.57476,-22.565136225490036,0.6004127739763119,3.676576125551656,50.70838642192423,0.20533333333333334,0.868,0.23733333333333334,0.9584450402144772,0.8133333333333334,0.668,0.6250741733690796
2025-04-16,3276.0039,-0.05477529432919634,2.56754,-24.393261912677687,0.584509347336354,3.914724933569147,50.890141626837654,0.21866666666666668,0.864,0.22533333333333333,0.9504021447721179,0.8186666666666667,0.6826666666666666,0.6266225796842418
2025-04-17,3280.3412,-0.054608334091617625,2.552305,-32.368073720731644,0.5666125337904189,4.024448892599675,50.98517232196155,0.23066666666666666,0.8586666666666667,0.18266666666666667,0.9436997319034852,0.8213333333333334,0.696,0.6221721775394697
2025-04-18,3276.7304,-0.05463379261629183,2.527335,-30.347598119150874,0.5639182948659188,3.8796811298642098,50.90225052922222,0.22666666666666666,0.8546666666666667,0.18933333333333333,0.9423592493297587,0.812,0.684,0.6181709859994043
2025-04-21,3291.4341,-0.05434813640493465,2.4896900000000004,-24.36983276924606,0.5624248127198025,4.313691079576176,51.22888586868349,0.24,0.848,0.22666666666666666,0.9423592493297587,0.828,0.7253333333333334,0.6350598748882931
2025-04-22,3299.7571,-0.05427643455427639,2.46063,-25.568622160485106,0.5748724089039338,4.541364252719049,51.41390614863873,0.25066666666666665,0.8426666666666667,0.21466666666666667,0.9490616621983914,0.8293333333333334,0.748,0.6390658325886208
2025-04-23,3296.3552,-0.05437744498845057,2.448365,-26.540269300210525,0.5998996269056763,4.398909666785444,51.33341447438137,0.23866666666666667,0.84,0.20133333333333334,0.9611260053619303,0.828,0.7306666666666667,0.6332987786714328
2025-04-24,3297.2881,-0.05429053782420622,2.438875,-26.55869786906142,0.5582984324296056,4.391715225406156,51.354533738599415,0.252,0.8386666666666667,0.2,0.9396782841823056,0.8266666666666667,0.736,0.6321686029192731
2025-04-25,3295.06,-0.05434466664095425,2.438655,-28.849420900179382,0.5599242190753633,4.2897826674193285,51.30076574352134,0.24266666666666667,0.8373333333333334,0.18666666666666668,0.9396782841823056,0.82,0.724,0.6250574918081621
2025-04-28,3288.4147,-0.053977743577432694,2.4390799999999997,-24.8651803904055,0.5415588302646062,4.042397913023765,51.13928078214686,0.2866666666666667,0.8386666666666667,0.22133333333333333,0.9182305630026809,0.816,0.7066666666666667,0.6312606493893357
2025-04-29,3286.6548,-0.0540404755077596,2.41601,-23.322197654969386,0.553978625715062,3.958393562968987,51.096206029436175,0.2773333333333333,0.8253333333333334,0.23466666666666666,0.9369973190348525,0.8106666666666666,0.7013333333333334,0.631055108728031
2025-04-30,3279.0314,-0.05411363902816261,2.421695,-21.273664415614462,0.5537697285107985,3.6903931314855143,50.90837358138852,0.2733333333333333,0.8266666666666667,0.24933333333333332,0.935656836461126,0.8013333333333333,0.6746666666666666,0.6268316949657432
2025-05-06,3316.1135,-0.05338064359169419,2.4579750000000002,-29.568660932386578,0.5682215342638017,4.829750468924865,51.78028964228891,0.3453333333333333,0.8413333333333334,0.18,0.9450402144772118,0.832,0.78,0.653951146857313
2025-05-07,3342.6651,-0.05268142723131969,2.4907,-35.160655005467916,0.5951047567596897,5.629293482107944,52.392529003604935,0.432,0.848,0.15466666666666667,0.9597855227882037,0.8506666666666667,0.8146666666666667,0.6766309204647006
2025-05-08,3351.9958,-0.05263308846047057,2.4305149999999998,10.697384183696656,0.6017611631604894,5.879979050505524,52.60637082668023,0.43866666666666665,0.828,0.5853333333333334,0.9624664879356568,0.8573333333333333,0.828,0.749966636878165
2025-05-09,3341.9989,-0.05281007789802479,2.36166,18.009945311069686,0.611080081693497,5.5245833118274135,52.35159916853079,0.416,0.8013333333333333,0.68,0.967828418230563,0.8426666666666667,0.8093333333333333,0.7528602919273161
2025-05-12,3369.2445,-0.051905251936507364,2.2930200000000003,21.16036578110743,0.6283688593916504,6.342382268573821,52.979204002228,0.5253333333333333,0.7706666666666667,0.7053333333333334,0.9718498659517426,0.8666666666666667,0.86,0.7833083109919571
2025-05-13,3374.8707,-0.05192546902705272,2.2515549999999998,26.331655453444966,0.6115621627928465,6.481480602135714,53.10817924065623,0.5213333333333333,0.7573333333333333,0.7413333333333333,0.9664879356568364,0.8693333333333333,0.864,0.7866368781650283
2025-05-14,3403.9481,-0.051295837240971615,2.25196,23.87725458664147,0.5821120299276462,7.359494080762241,53.7708911744626,0.5773333333333334,0.7573333333333333,0.724,0.9436997319034852,0.884,0.9013333333333333,0.7979499553172474
2025-05-15,3380.8214,-0.051687646847240316,2.2436,24.880077136983772,0.5780016202654361,6.592969883776001,53.16655744480318,0.5493333333333333,0.7466666666666667,0.7293333333333333,0.9423592493297587,0.8693333333333333,0.868,0.7841709859994043
2025-05-16,3367.4619,-0.051979953810224494,2.246035,22.882359920504214,0.5578122767598033,6.141410312255013,52.81977652069687,0.512,0.7493333333333333,0.7093333333333334,0.9262734584450402,0.856,0.84,0.7654900208519512
2025-05-19,3367.5829,-0.05187948019925703,2.241435,23.23038038334913,0.5487930539986772,6.115811242423086,52.82259489309988,0.5293333333333333,0.7426666666666667,0.7146666666666667,0.9128686327077749,0.8533333333333334,0.84,0.7654781054512959
2025-05-20,3380.478,-0.05148399078114627,2.24965,19.88295616539132,0.5328925065913191,6.48832467155307,53.1243658133488,0.5626666666666666,0.7533333333333333,0.6853333333333333,0.8954423592493298,0.8666666666666667,0.8613333333333333,0.7707959487637771
2025-05-21,3387.5736,-0.051220945344794405,2.26653,19.772443431461042,0.5417997645015489,6.68048863557531,53.29061685797615,0.5826666666666667,0.7586666666666667,0.6813333333333333,0.9021447721179625,0.8733333333333333,0.8733333333333333,0.7785796842418825
2025-05-22,3380.1885,-0.05125933304873622,2.271855,21.69300014376121,0.5472465990521154,6.417671763105037,53.09243239359913,0.5773333333333334,0.7586666666666667,0.7026666666666667,0.9088471849865952,0.86,0.8573333333333333,0.7774745308310992
2025-05-23,3348.3717,-0.05185038781262152,2.272855,17.41638983186141,0.5004913595065448,5.389400825255231,52.24593814400837,0.528,0.7586666666666667,0.66,0.8726541554959786,0.8266666666666667,0.792,0.739664581471552
2025-05-26,3346.8388,-0.051878379267450835,2.2580649999999998,16.262604853704687,0.48258511494708506,5.3144938904734484,52.20538574721827,0.524,0.7546666666666667,0.6506666666666666,0.8659517426273459,0.8253333333333334,0.7893333333333333,0.7349919571045577
2025-05-27,3340.687,-0.051909645037294824,2.2472450000000004,12.75859844809193,0.4829936984325943,5.091711492946693,52.04145729758718,0.5133333333333333,0.744,0.6066666666666667,0.8659517426273459,0.8213333333333334,0.78,0.7218808459934466
2025-05-28,3339.9319,-0.052379818026705216,2.2302850000000003,12.823731731640791,0.4801921566322395,5.039205670236102,52.021181684232566,0.4533333333333333,0.732,0.6066666666666667,0.8605898123324397,0.8186666666666667,0.776,0.7078760798331843
2025-05-29,3363.4455,-0.0519172414634734,2.22643,5.575109298737189,0.48139653915229474,5.750837204413073,52.60267607766439,0.5106666666666667,0.7306666666666667,0.5306666666666666,0.8619302949061662,0.8413333333333334,0.8146666666666667,0.7149883824843611
2025-05-30,3347.4873,-0.052303493760358824,2.22772,2.319430764636394,0.4904047634584413,5.225755285624567,52.168742127144185,0.4613333333333333,0.732,0.484,0.8699731903485255,0.8213333333333334,0.784,0.6921066428358653
2025-06-03,3361.9755,-0.05193005909881386,2.217975,0.8890160571762493,0.47116406281334194,5.654079056314543,52.52827108181151,0.5066666666666667,0.7266666666666667,0.4613333333333333,0.8525469168900804,0.836,0.8053333333333333,0.6980911528150133
2025-06-04,3376.2029,-0.05174836152343472,2.193375,6.464428229455834,0.4879977223317252,6.072169326734267,52.87998624373453,0.536,0.7213333333333334,0.536,0.868632707774799,0.8453333333333334,0.844,0.725216562406911
2025-06-05,3384.0985,-0.05155754821554057,2.1637049999999998,8.97561918198437,0.49669935872370474,6.284472361277871,53.07509266573074,0.5546666666666666,0.7133333333333334,0.5626666666666666,0.871313672922252,0.856,0.8533333333333334,0.735218945487042
2025-06-06,3385.3579,-0.05174781604690073,2.149765,10.871174679642493,0.48212552922344143,6.2844384456899105,53.106411866737275,0.5346666666666666,0.7066666666666667,0.5773333333333334,0.8592493297587132,0.8546666666666667,0.8573333333333333,0.7316526660708966
2025-06-09,3399.7716,-0.05150895786259363,2.157745,10.776302853487394,0.4663363092935934,6.7000149796799136,53.465865751293286,0.5586666666666666,0.7133333333333334,0.576,0.8458445040214477,0.8733333333333333,0.8826666666666667,0.7416407506702413
2025-06-10,3384.8163,-0.05177715912322503,2.17334,14.81114233571391,0.43783936862177497,6.193957078864631,53.039286679655,0.5293333333333333,0.7213333333333334,0.6373333333333333,0.8150134048257373,0.848,0.848,0.7331689008042895
2025-06-11,3402.3159,-0.05159888043912951,2.1724050000000004,12.423865917340677,0.4707095911534726,6.703975903534132,53.47848661826466,0.552,0.72,0.6013333333333334,0.8471849865951743,0.8733333333333333,0.8826666666666667,0.7460863866547512
2025-06-12,3402.658,-0.051519833415653776,2.15622,19.386035093885695,0.4507309001899726,6.673089546659106,53.48708622492258,0.556,0.712,0.6826666666666666,0.8337801608579088,0.8693333333333333,0.8826666666666667,0.7560744712540958
2025-06-13,3376.996,-0.05197630059911003,2.17904,18.57297216466459,0.4535999381064156,5.830077334533423,52.747453395805934,0.49066666666666664,0.7266666666666667,0.6746666666666666,0.8364611260053619,0.8346666666666667,0.8173333333333334,0.730076854334227
2025-06-16,3388.7293,-0.051759890884234314,2.1808449999999997,20.202788033744696,0.4315120291054543,6.156497472696687,53.04765066992149,0.5266666666666666,0.728,0.6946666666666667,0.8056300268096515,0.844,0.8453333333333334,0.7407161155793863
2025-06-17,3387.4049,-0.051862321635454844,2.176305,19.658233346247954,0.3933708434709207,6.075637654050259,53.00921058292174,0.5133333333333333,0.7253333333333334,0.6826666666666666,0.7493297587131368,0.836,0.8426666666666667,0.7248882931188559
2025-06-18,3388.8086,-0.051771638646470663,2.168655,23.307933717375604,0.40954789665719527,6.076623151445126,53.04567769856316,0.5253333333333333,0.72,0.7226666666666667,0.7627345844504021,0.836,0.844,0.7351224307417336
2025-06-19,3362.1082,-0.051912753947432895,2.16839,18.50748282878274,0.43762460421839916,5.199576880617673,52.26548898803592,0.49733333333333335,0.7186666666666667,0.6693333333333333,0.8096514745308311,0.804,0.7746666666666666,0.7122752457551385
2025-06-20,3359.8954,-0.051895551289880694,2.156305,16.99899990604942,0.445504638508853,5.089746736557688,52.20114520545041,0.5066666666666667,0.712,0.6506666666666666,0.8284182305630027,0.8,0.7693333333333333,0.7111808162049448
2025-06-23,3381.5816,-0.05131524093599843,2.15159,21.745030245020004,0.4436886952428003,5.721279045408267,52.777296072493286,0.5733333333333334,0.7066666666666667,0.7053333333333334,0.8230563002680965,0.8253333333333334,0.8146666666666667,0.7413982722669049
2025-06-24,3420.566,-0.05056165500902028,2.1814150000000003,15.258987209190224,0.4548034923075544,6.888872796463197,53.78984507770523,0.6546666666666666,0.7306666666666667,0.632,0.8364611260053619,0.8746666666666667,0.9013333333333333,0.7716324098897825
2025-06-25,3455.9736,-0.049823127987625365,2.2257849999999997,11.895096263524707,0.4468947937445802,7.937703708681743,54.68230989529986,0.732,0.7413333333333333,0.5826666666666667,0.8297587131367292,0.9,0.928,0.7856264521894549
2025-06-26,3448.4534,-0.049907333349536995,2.2677899999999998,10.47926131838166,0.46535467582539675,7.6469108807103,54.45642447207335,0.7266666666666667,0.7626666666666667,0.5506666666666666,0.8431635388739946,0.8906666666666667,0.9226666666666666,0.7827494787012214
2025-06-27,3424.2267,-0.05049750466457108,2.30292,12.00622749698772,0.4814831451773456,6.836178300191786,53.73331777349932,0.66,0.7746666666666666,0.5826666666666667,0.8565683646112601,0.8706666666666667,0.8933333333333333,0.7729836163240988
2025-06-30,3444.4256,-0.050137275425348724,2.3216399999999995,12.433900272179855,0.49756522073565845,7.410865414037104,54.2455566058136,0.7026666666666667,0.7773333333333333,0.5893333333333334,0.871313672922252,0.888,0.912,0.7901078343759309
2025-07-01,3457.7474,-0.04983912592270236,2.333115,13.456609522271563,0.500604284326545,7.767185871218474,54.58093112340757,0.7306666666666667,0.7813333333333333,0.6,0.8726541554959786,0.8933333333333333,0.924,0.8003312481382188
2025-07-02,3454.7924,-0.04992139297237091,2.363495,17.46286579038818,0.5087458287735903,7.614801907836299,54.491338688355825,0.7226666666666667,0.8013333333333333,0.656,0.8780160857908847,0.888,0.9213333333333333,0.8112249031873696
2025-07-03,3461.1506,-0.04984887840080962,2.372285,17.753091709222943,0.4985172527418512,7.750694443804784,54.65329777230318,0.7293333333333333,0.804,0.6613333333333333,0.868632707774799,0.892,0.9253333333333333,0.8134387846291332
2025-07-04,3472.3192,-0.049564454199764754,2.405405,-0.3765002304184861,0.49089842944884543,8.029886403775578,54.93816153914414,0.78,0.816,0.416,0.8632707774798928,0.9,0.936,0.7852117962466488
2025-07-07,3473.1271,-0.04960975298085028,2.40813,0.009530242722107118,0.49548010162312334,7.984721326888677,54.95885877093578,0.7693333333333333,0.8173333333333334,0.4226666666666667,0.8646112600536193,0.8986666666666666,0.936,0.78476854334227
2025-07-08,3497.4753,-0.04918184177739342,2.412445,-3.056418101776842,0.5012442142278896,8.670796555225202,55.58063972053386,0.812,0.8173333333333334,0.38,0.871313672922252,0.916,0.9666666666666667,0.7938856121537086
2025-07-09,3493.0495,-0.049200951553995384,2.440175,-1.4354527132177424,0.5052683877425327,8.459520100151362,55.43996101324785,0.8066666666666666,0.836,0.4053333333333333,0.8726541554959786,0.912,0.9573333333333334,0.7983312481382187
2025-07-10,3509.6818,-0.04869310799518604,2.483165,-5.222440790198306,0.41770926973976563,8.902607324589251,55.8644886989321,0.8386666666666667,0.8453333333333334,0.3506666666666667,0.7627345844504021,0.92,0.9706666666666667,0.7813446529639559
2025-07-11,3510.1772,-0.0487175838232968,2.52628,-1.3824058045421737,0.41359128239877163,8.848342793899944,55.877150054564765,0.8373333333333334,0.8533333333333334,0.4093333333333333,0.7479892761394102,0.9173333333333333,0.972,0.7895537682454572
2025-07-14,3519.6498,-0.04848217811107981,2.572775,0.23778428955293407,0.40839504294342605,9.071374600615002,56.12054913238502,0.8453333333333334,0.8666666666666667,0.43466666666666665,0.7345844504021448,0.9213333333333333,0.9773333333333334,0.7966529639559131
2025-07-15,3504.9988,-0.04885249803080831,2.623175,-2.3503671524046723,0.42111546496412117,8.547030966278735,55.640487638592276,0.8306666666666667,0.876,0.392,0.7667560321715817,0.9093333333333333,0.9626666666666667,0.7895704498063747
2025-07-16,3503.7769,-0.048820316436980614,2.6440799999999998,-2.582116769100722,0.4355135764474415,8.435819037743997,55.60037570609464,0.832,0.8786666666666667,0.388,0.789544235924933,0.9053333333333333,0.9613333333333334,0.7924795948763776
2025-07-17,3516.8255,-0.04863605551526048,2.6579,3.2239417901930523,0.428430403257808,8.763323391952715,55.94336043393448,0.84,0.884,0.484,0.7734584450402144,0.9146666666666666,0.9733333333333334,0.8115764075067023
2025-07-18,3534.4827,-0.048324837761590106,2.6954149999999997,-0.317112726117486,0.4290725189797492,9.226701847673514,56.40420084078434,0.8493333333333334,0.8853333333333333,0.42533333333333334,0.7761394101876675,0.924,0.984,0.8073565683646112
2025-07-21,3559.7912,-0.04784635381901732,2.76119,2.774686142633371,0.4282898802691072,9.927227307614528,57.055298071850764,0.8733333333333333,0.892,0.48133333333333334,0.7707774798927614,0.9413333333333334,0.988,0.8244629133154602
2025-07-22,3581.8611,-0.047388037463477695,2.829315,10.541588222844382,0.45587215145089893,10.521039622435357,57.613530310297925,0.8933333333333333,0.9,0.568,0.824396782841823,0.9506666666666667,0.9933333333333333,0.854955019362526
2025-07-23,3582.298,-0.04721148827837081,2.8988249999999995,18.731201541287213,0.47726590824386644,10.451103564343068,57.6245572183294,0.9013333333333333,0.912,0.692,0.8404825737265416,0.948,0.9933333333333333,0.8811915400655347
2025-07-24,3605.7269,-0.046556894653969616,2.973685,17.724342059399824,0.48656951559956346,11.086555446450364,58.21405087220734,0.9466666666666667,0.9213333333333333,0.6773333333333333,0.8552278820375335,0.96,0.9946666666666667,0.8925379803395889
2025-07-25,3593.6553,-0.046846024715755295,3.02098,21.404555916064197,0.49143408304208674,10.630170919568993,57.79513998706028,0.9306666666666666,0.924,0.7266666666666667,0.8592493297587132,0.9506666666666667,0.992,0.8972082216264522
2025-07-28,3597.9369,-0.04696766244136166,3.058945,25.876378759657428,0.49609081916554515,10.677258710460968,57.9037901989651,0.9186666666666666,0.9253333333333333,0.7666666666666667,0.8619302949061662,0.9533333333333334,0.992,0.9029883824843611
2025-07-29,3609.7113,-0.04650616055268908,3.104925,27.230635921099875,0.5229729294741733,10.951145791929463,58.20301546425868,0.952,0.9266666666666666,0.7786666666666666,0.886058981233244,0.9573333333333334,0.9933333333333333,0.9156764968722073
2025-07-30,3615.7167,-0.04664476238335866,3.1429199999999997,23.925181556160673,0.5174609870547545,11.04854625470082,58.35568999474333,0.9373333333333334,0.9266666666666666,0.7546666666666667,0.8833780160857909,0.9573333333333334,0.9946666666666667,0.9090074471254095
2025-07-31,3573.2082,-0.0475592382575257,3.20171,18.890044307330022,0.4980011786212808,9.663386519172978,56.86878928621835,0.8786666666666667,0.932,0.6973333333333334,0.8619302949061662,0.9266666666666666,0.9746666666666667,0.8785439380399166
2025-08-01,3559.9518,-0.04779647153716063,3.204345,19.000640296605432,0.4910777325337337,9.176696639156766,56.4154750771251,0.8693333333333333,0.932,0.7,0.8525469168900804,0.9093333333333333,0.972,0.872535597259458
2025-08-04,3583.3088,-0.04734749749703966,3.2101550000000003,14.75726269466842,0.4948265482674343,9.803039713979423,57.025822183266385,0.888,0.932,0.644,0.8552278820375335,0.9293333333333333,0.9773333333333334,0.8709824247840333
2025-08-05,3617.5976,-0.046760095259821007,3.2119999999999997,13.471761065808288,0.48922421596757654,10.756595255973034,57.901015360314155,0.9306666666666666,0.932,0.6186666666666667,0.8471849865951743,0.9533333333333334,0.988,0.8783086088769737
2025-08-06,3633.9949,-0.04660169061037389,3.2084400000000004,11.847700457554026,0.48240206289053755,11.15689432990603,58.31158261988191,0.94,0.9293333333333333,0.596,0.8364611260053619,0.9613333333333334,0.9933333333333333,0.8760768543342269
2025-08-07,3639.6666,-0.04670223918434333,3.199815,12.351843670104344,0.4722294622677441,11.228480239560179,58.45330634910271,0.932,0.9253333333333333,0.6066666666666667,0.8230563002680965,0.9613333333333334,0.996,0.8740649389335718
2025-08-08,3635.1281,-0.04685361302833305,3.16118,9.408278159915298,0.45719832515915626,10.988939782243312,58.29294682268181,0.9226666666666666,0.9186666666666666,0.56,0.8096514745308311,0.9533333333333334,0.9906666666666667,0.8591641346440274
2025-08-11,3647.5467,-0.046471801471683116,3.15497,8.546325688763297,0.45162969444402196,11.263714865717333,58.60715950860694,0.9533333333333334,0.9173333333333333,0.552,0.8002680965147453,0.9626666666666667,0.9973333333333333,0.8638224605302353
2025-08-12,3665.9177,-0.04606784283942119,3.145625,9.59278274792672,0.44577370652692033,11.724970200596129,59.06846109035131,0.9666666666666667,0.916,0.564,0.7949061662198391,0.9746666666666667,0.9973333333333333,0.8689288054810844
2025-08-13,3683.4648,-0.04588406357242682,3.19001,6.681259136718303,0.44918191000854096,12.15705484368712,59.50436720422783,0.9706666666666667,0.9226666666666666,0.5333333333333333,0.7962466487935657,0.9813333333333333,0.9986666666666667,0.8671522192433722
2025-08-14,3666.4426,-0.04604160376690854,3.2403649999999997,7.361702282756319,0.4628830088070842,11.535357333655227,58.88914363270628,0.9653333333333334,0.9333333333333333,0.5413333333333333,0.8136729222520107,0.9693333333333334,0.9946666666666667,0.8696121537086684
2025-08-15,3696.7705,-0.04551998603228198,3.29266,7.562893939435831,0.47383656031863775,12.343656863811026,59.64094696512871,0.9773333333333334,0.9333333333333333,0.5426666666666666,0.824396782841823,0.9826666666666667,0.9986666666666667,0.8765105749180816
2025-08-18,3728.0273,-0.04469095369770089,3.3338499999999995,6.627851564846871,0.4714551828865242,13.175124757108382,60.39576800301916,0.992,0.9373333333333334,0.5333333333333333,0.8203753351206434,0.9893333333333333,0.9986666666666667,0.8785070002978851
2025-08-19,3727.2879,-0.044881037447458916,3.33102,10.06285756462485,0.4927096278937684,13.034983758276653,60.36875936313169,0.9893333333333333,0.936,0.5733333333333334,0.853887399463807,0.988,0.9973333333333333,0.8896478999106346
2025-08-20,3766.2104,-0.04418973869683128,3.3091300000000006,5.936297010571181,0.5120969845854731,14.091312414627776,61.29024881819663,0.9933333333333333,0.9333333333333333,0.5266666666666666,0.8780160857908847,0.992,0.9986666666666667,0.8870026809651476
2025-08-21,3771.0989,-0.0442115083338436,3.28812,9.242955624298567,0.631555507888813,14.113722247097238,61.40422650689462,0.992,0.928,0.568,0.9718498659517426,0.992,0.9986666666666667,0.9084194221030683
2025-08-22,3825.7592,-0.04312490821843739,3.2896699999999996,4.282427492131603,0.6300961901694313,15.632326246863148,62.64778085195486,0.9986666666666667,0.928,0.5026666666666667,0.9705093833780161,0.9973333333333333,1.0,0.8995293416741138
2025-08-25,3883.5617,-0.04248350824312824,3.36884,-0.4192880031379076,0.6429957884362373,17.2354385631214,63.891885590900024,1.0,0.9426666666666667,0.4226666666666667,0.9745308310991957,1.0,1.0,0.8899773607387549
2025-08-26,3868.382,-0.042738557494471335,3.402695,-1.0672213160575978,0.6560837371409508,16.63386707707979,63.33170151310842,0.9986666666666667,0.9506666666666667,0.4146666666666667,0.9758713136729222,0.9973333333333333,0.9986666666666667,0.8893118856121537
2025-08-27,3800.3499,-0.043406136661347086,3.4623749999999993,-6.048909069554014,0.6431667964041834,14.455255716085125,60.91130697257837,0.9906666666666667,0.9573333333333334,0.348,0.9731903485254692,0.9906666666666667,0.992,0.8753095025320227
2025-08-28,3843.5974,-0.04188696366332874,3.4994949999999996,-2.880186755950831,0.6505470571577121,15.623443693662642,61.84859944138243,1.0,0.9586666666666667,0.38666666666666666,0.9731903485254692,0.9933333333333333,0.9946666666666667,0.8844206136431337
2025-08-29,3857.9274,-0.042003824119684,3.5623400000000003,-1.3250390533770684,0.6695058890330476,15.920021459114352,62.152685655049844,0.9986666666666667,0.9613333333333334,0.416,0.9772117962466488,0.996,0.9946666666666667,0.8906464104855525
2025-09-01,3875.5304,-0.04201518867431709,3.6415899999999994,1.1576008626067704,0.6813444235260687,16.307913741873193,62.523738281331575,0.9973333333333333,0.964,0.464,0.9839142091152815,0.996,0.996,0.9002079237414359
2025-09-02,3858.1334,-0.04220634682005521,3.7141099999999994,5.907880325843536,0.6878861089050344,15.646773825254812,61.91707037703891,0.996,0.9653333333333334,0.536,0.9865951742627346,0.992,0.992,0.911321417932678
2025-09-03,3813.5566,-0.04306121629398495,3.7511650000000003,3.5907463054309616,0.6831483359085295,14.178515005448823,60.39855341270695,0.9906666666666667,0.9733333333333334,0.5,0.982573726541555,0.9826666666666667,0.9853333333333333,0.9024289544235925
2025-09-04,3765.8759,-0.04368058984986434,3.8000599999999998,0.8364613932100724,0.7005664649909584,12.627999033401505,58.837738321084714,0.9813333333333333,0.9733333333333334,0.456,0.9932975871313673,0.968,0.9746666666666667,0.8911051534107833
2025-09-05,3812.5143,-0.04292902461085185,3.8299099999999995,-4.582534860729837,0.70208769971243,13.892447729655522,59.86366461026263,0.992,0.976,0.36,0.9932975871313673,0.9773333333333334,0.9813333333333333,0.8799940422996723
2025-09-08,3826.8407,-0.04247053367515541,3.86199,-4.732443075213126,0.7045433599950317,14.186965945149431,60.17201971715953,0.9946666666666667,0.9786666666666667,0.3546666666666667,0.9959785522788204,0.9826666666666667,0.9813333333333333,0.8813297587131368
2025-09-09,3807.2923,-0.04266994764009416,3.8805500000000004,-3.493730001520916,0.7242825119928106,13.472320204355025,59.54083712612847,0.992,0.9786666666666667,0.37866666666666665,0.9986595174262735,0.9733333333333334,0.9773333333333334,0.8831099195710456
2025-09-10,3812.2212,-0.042195524975071425,3.8597650000000003,-1.477780070266121,0.7280915917263615,13.485400993589236,59.64875878539064,0.996,0.976,0.4106666666666667,0.9986595174262735,0.9733333333333334,0.9786666666666667,0.8888876973488232
2025-09-11,3875.3094,-0.04155026681410466,3.8531199999999997,-7.244104819109538,0.7160988933790481,15.221722130999416,60.99541882231803,1.0,0.9746666666666667,0.3293333333333333,0.9946380697050938,0.9866666666666667,0.9866666666666667,0.8786619005064046
2025-09-12,3870.5984,-0.041631262479472464,3.8613950000000004,-3.5761424835644817,0.7190396847916669,14.936818246343186,60.842090398379064,0.9986666666666667,0.976,0.376,0.9959785522788204,0.984,0.984,0.8857742031575812
2025-09-15,3860.5036,-0.041730009277591046,3.8278600000000003,-3.158931000189625,0.722470910283155,14.493237310819262,60.51247500331271,0.9973333333333333,0.968,0.38266666666666665,0.9959785522788204,0.9826666666666667,0.9826666666666667,0.8848853142686922
2025-09-16,3861.8651,-0.04193248879369331,3.823215,-6.710510380833313,0.7414587251585913,14.387389556625173,60.54163012977578,0.9946666666666667,0.9666666666666667,0.336,0.9986595174262735,0.98,0.9826666666666667,0.876443252904379
2025-09-17,3876.3409,-0.041872733157515135,3.8187249999999997,-5.602051268627115,0.6128804869600846,14.668341873111501,60.85239906484575,0.996,0.9653333333333334,0.352,0.9410187667560321,0.9826666666666667,0.984,0.8701697944593386
2025-09-18,3831.6562,-0.04242626413700975,3.87062,-8.365976695591897,0.6424150940062763,13.203726817749839,59.392250594165844,0.9866666666666667,0.9773333333333334,0.31866666666666665,0.9517426273458445,0.9626666666666667,0.9666666666666667,0.8606237712243074
2025-09-19,3820.0894,-0.04231402873073547,3.8672150000000003,-4.67111580222894,0.6394377424750504,12.717650393543867,59.02153852797586,0.9866666666666667,0.976,0.36133333333333334,0.9504021447721179,0.9546666666666667,0.9626666666666667,0.8652892463509084
2025-09-22,3828.5764,-0.04239263009812774,3.782445,-1.6399420553059443,0.6435962384983951,12.823674240422967,59.210446103217926,0.9853333333333333,0.9573333333333334,0.416,0.9544235924932976,0.9546666666666667,0.964,0.8719594876377718
2025-09-23,3821.8327,-0.04227297742860095,3.774975,-1.598220989145993,0.6558651878880479,12.479096693046522,58.99193028817901,0.9866666666666667,0.956,0.41733333333333333,0.9571045576407506,0.9506666666666667,0.96,0.8712952040512363
2025-09-24,3853.6422,-0.041550654015245714,3.7071899999999998,2.035317870768978,0.6348101709309385,13.26373142734052,59.70132253602195,0.9986666666666667,0.944,0.48533333333333334,0.9463806970509383,0.964,0.972,0.8850634495084897
2025-09-25,3853.3021,-0.04173705617191849,3.654325,5.890042433135761,0.6318169597170905,13.100927471620484,59.69015847671019,0.9946666666666667,0.9413333333333334,0.5426666666666666,0.9423592493297587,0.9586666666666667,0.9706666666666667,0.8917265415549597
2025-09-26,3828.106,-0.04216710977055191,3.60413,4.118737464916023,0.6381130333302756,12.215030397474225,58.865492346365926,0.9866666666666667,0.936,0.5173333333333333,0.9463806970509383,0.9413333333333334,0.9546666666666667,0.880396782841823
2025-09-29,3862.5317,-0.041583277356368215,3.5673000000000004,2.829299510788644,0.6392412857877297,13.074809002831088,59.63599064419344,0.9973333333333333,0.9346666666666666,0.49733333333333335,0.9463806970509383,0.9573333333333334,0.9666666666666667,0.8832856717307119
2025-09-30,3882.7774,-0.041550800549411876,3.5156800000000006,0.8108372192444335,0.6343243918429513,13.515170082495963,60.08067422875559,0.9973333333333333,0.9306666666666666,0.46,0.9423592493297587,0.9666666666666667,0.9733333333333334,0.8783932082216265
2025-10-09,3933.9724,-0.04094040953515664,3.5388599999999997,2.5520567650619554,0.6220927632829729,14.852718271846467,61.174433760711004,1.0,0.9306666666666666,0.49333333333333335,0.9316353887399463,0.9826666666666667,0.9866666666666667,0.8874947870122133
2025-10-10,3897.0281,-0.041459347603599914,3.5422249999999997,4.135440456330528,0.6188368527351767,13.636921014456949,59.97525709459559,0.9986666666666667,0.9306666666666666,0.52,0.9289544235924933,0.9653333333333334,0.9706666666666667,0.8857146261543044
2025-10-13,3889.5022,-0.041609683539990214,3.56464,9.835813380348277,0.6249736343788794,13.286228998580407,59.7340452434216,0.992,0.9333333333333333,0.5946666666666667,0.9329758713136729,0.96,0.968,0.8968293118856122
2025-10-14,3865.2289,-0.04189983071421491,3.6029400000000003,9.226222567930733,0.6271755050839037,12.465996742649676,58.96063211957914,0.984,0.9346666666666666,0.5866666666666667,0.9329758713136729,0.9386666666666666,0.9493333333333334,0.887718200774501
2025-10-15,3912.2095,-0.041162096627103406,3.615325,6.7230094812954135,0.6273946861764549,13.72382940364485,59.9749264264433,0.9986666666666667,0.936,0.5586666666666666,0.9329758713136729,0.9653333333333334,0.9693333333333334,0.8934959785522788
2025-10-16,3916.228,-0.04105451562173595,3.632025,7.015937823136902,0.6224254448972404,13.763956246791231,60.0603083528281,0.9986666666666667,0.9373333333333334,0.5613333333333334,0.9276139410187667,0.9653333333333334,0.9706666666666667,0.8934912123920166
2025-10-17,3839.7553,-0.04231271690664126,3.6314599999999997,6.681463364704776,0.6175372920037074,11.497130153985635,57.6919679815551,0.9706666666666667,0.936,0.5586666666666666,0.9222520107238605,0.916,0.924,0.8712642240095324
2025-10-20,3863.8926,-0.04177128560696753,3.588955,3.224571052455346,0.6167072569997003,12.119226764008273,58.21784257433179,0.984,0.9293333333333333,0.5053333333333333,0.9195710455764075,0.928,0.932,0.8663729520405125
2025-10-21,3916.3322,-0.0411948098405739,3.5753949999999994,-2.4847349288198757,0.6132842965101932,13.559892191806554,59.328481614628224,0.996,0.928,0.39866666666666667,0.9182305630026809,0.9613333333333334,0.952,0.8590384271671135
2025-10-22,3913.7576,-0.041210268555417665,3.53885,-3.831370363125103,0.5996755999663651,13.393696750127159,59.250287254174914,0.9946666666666667,0.9186666666666666,0.37866666666666665,0.903485254691689,0.956,0.9506666666666667,0.850358653559726
2025-10-23,3922.4101,-0.04096076159222602,3.512025,-3.018363530569104,0.6105402053459102,13.560409148734731,59.431997813453165,0.9986666666666667,0.916,0.3933333333333333,0.9128686327077749,0.9613333333333334,0.9546666666666667,0.8561447721179624
2025-10-24,3950.3115,-0.040520104227220674,3.42683,-2.839764132601317,0.5934566555480352,14.269083126770843,60.01344001133009,1.0,0.9066666666666666,0.3973333333333333,0.8994638069705094,0.9746666666666667,0.9693333333333334,0.8579106344950849
2025-10-27,3996.9445,-0.04009109632714341,3.414025,-5.805078534686459,0.6085188330051081,15.511895962279931,60.95915866966608,1.0,0.9026666666666666,0.352,0.9101876675603218,0.9866666666666667,0.984,0.8559201668156091
2025-10-28,3988.2239,-0.04062757935396526,3.41571,-5.659507605327718,0.5942143311848543,15.150870650117021,60.68773086942786,0.9973333333333333,0.9026666666666666,0.352,0.8981233243967829,0.984,0.9786666666666667,0.8521316651772414
2025-10-29,4016.331,-0.04075391589339468,3.390695,-7.951286505349756,0.5831222781095187,15.861404091097553,61.25008296088136,0.996,0.8906666666666667,0.31866666666666665,0.8887399463806971,0.9933333333333333,0.9866666666666667,0.8456788799523384
2025-10-30,3986.9008,-0.041377309807888105,3.40848,-6.475020469781228,0.5794094797716794,14.917100284731566,60.33620569141357,0.9866666666666667,0.8986666666666666,0.33866666666666667,0.8847184986595175,0.9786666666666667,0.9693333333333334,0.8427864164432529
2025-10-31,3954.79,-0.0428200211831813,3.4319800000000003,-11.351057313333612,0.5933942644604033,13.903703028218729,59.35901727237645,0.948,0.9066666666666666,0.2906666666666667,0.8941018766756033,0.9613333333333334,0.9453333333333334,0.8243503127792672
2025-11-03,3976.5207,-0.04245779460684777,3.4567949999999996,-10.675574715452328,0.5897381711825819,14.440754200222528,59.804522293980355,0.9533333333333334,0.908,0.2986666666666667,0.8914209115281502,0.972,0.9586666666666667,0.8303479296991362
2025-11-04,3960.186,-0.04256628219525718,3.4583400000000006,-9.34606256406677,0.6003822738945354,13.881520446845187,59.31031564135073,0.9493333333333334,0.9093333333333333,0.31066666666666665,0.9021447721179625,0.9573333333333334,0.94,0.8281352397974381
2025-11-05,3969.2483,-0.0425181633521843,3.47006,-10.005259487698034,0.6007881853363446,14.054281738237083,59.498087225700424,0.9493333333333334,0.9106666666666666,0.30133333333333334,0.903485254691689,0.96,0.9466666666666667,0.8285808757819481
2025-11-06,4007.7599,-0.041812527764315696,3.4426700000000006,-9.132441981298172,0.7711295861785077,15.070220485763963,60.28567393170742,0.972,0.904,0.312,1.0,0.9813333333333333,0.968,0.8562222222222222
2025-11-07,3997.5557,-0.041929966556919884,3.40852,-6.301274908614516,0.76795852314438,14.683572782149557,59.97319557951154,0.9666666666666667,0.892,0.344,0.9986595174262735,0.9746666666666667,0.9586666666666667,0.8557765862377122
2025-11-10,4018.5972,-0.04159887201149989,3.3873000000000006,-7.529428911367333,0.7730050814200055,15.187771715512156,60.40119007820927,0.9786666666666667,0.88,0.32133333333333336,1.0,0.9826666666666667,0.9733333333333334,0.856
2025-11-11,4002.7576,-0.041847416665532336,3.326465,-7.239070111524001,0.7788748669080859,14.638729139194329,59.91351330556791,0.9693333333333334,0.868,0.32666666666666666,1.0,0.9706666666666667,0.956,0.8484444444444446
2025-11-12,4000.1396,-0.041826455676524724,3.30974,-2.2568545034117165,0.7846796277496316,14.468267375734921,59.83277053940551,0.9693333333333334,0.8653333333333333,0.408,1.0,0.968,0.9533333333333334,0.8606666666666666
2025-11-13,4029.5012,-0.041421913884226697,3.3141350000000003,-5.357170079378292,0.8303752634758187,15.213621555951896,60.4374506504357,0.9853333333333333,0.8653333333333333,0.352,1.0,0.9826666666666667,0.9733333333333334,0.8597777777777779
2025-11-14,3990.4921,-0.04194820779466074,3.3154150000000002,1.1622997007596467,0.8290878925396563,14.019553149331387,59.23932430305048,0.9586666666666667,0.8653333333333333,0.476,0.9986595174262735,0.9506666666666667,0.928,0.8628876973488233
2025-11-17,3972.0348,-0.04226653683406607,3.3270299999999997,1.8823550192396823,0.827255033290884,13.415927505727087,58.68270108117868,0.9506666666666667,0.868,0.4826666666666667,0.9973190348525469,0.9333333333333333,0.916,0.8579976169198691
2025-11-18,3939.8131,-0.04268665031796867,3.3249850000000003,5.319147097165825,0.8420011947062556,12.435634233748694,57.725177923397766,0.9346666666666666,0.8653333333333333,0.544,1.0,0.908,0.896,0.858
2025-11-19,3946.7424,-0.042433303480945976,3.321315,4.918037306084891,0.8071355475460884,12.569847503713394,57.87465550862218,0.9426666666666667,0.8626666666666667,0.5346666666666666,0.9946380697050938,0.912,0.8973333333333333,0.8573285671730712
2025-11-20,3931.0512,-0.04260099625589881,3.3131299999999997,2.882073100859394,0.772931688234111,12.063361837238396,57.409819500672214,0.9346666666666666,0.8586666666666667,0.5026666666666667,0.9892761394101877,0.8973333333333333,0.888,0.8451015787905868
2025-11-21,3834.8908,-0.04394502715722577,3.33065,-3.076183745309507,0.7677654988912032,9.270645691771207,54.68778107071156,0.9146666666666666,0.868,0.38133333333333336,0.985254691689008,0.816,0.8026666666666666,0.7946535597259459
2025-11-24,3836.7655,-0.04394851602423454,3.29452,0.14701285656475704,0.7662689061640559,9.274557558298957,54.73009717259904,0.9133333333333333,0.852,0.448,0.9839142091152815,0.816,0.804,0.8028745904081025
2025-11-25,3870.0228,-0.0433375990846995,3.2680149999999997,-4.541225258667481,0.7577874475047438,10.160238231858653,55.476016818393354,0.9226666666666666,0.8453333333333334,0.3546666666666667,0.982573726541555,0.8413333333333334,0.8413333333333334,0.7979845099791479
2025-11-26,3864.1844,-0.04329460391449021,3.225625,-2.2038196551350495,0.753446210616943,9.927278770245284,55.31421678327796,0.9226666666666666,0.8413333333333334,0.4013333333333333,0.9812332439678284,0.8346666666666667,0.828,0.801538873994638
2025-11-27,3875.2594,-0.04305755662241229,3.1639899999999996,-2.3566474653600693,0.7544843791813923,10.173208612454276,55.56282881147562,0.9253333333333333,0.8253333333333334,0.396,0.9812332439678284,0.8413333333333334,0.844,0.8022055406613048
2025-11-28,3888.5962,-0.04304930738683832,3.1018149999999998,-1.7266791665746126,0.7557780394570002,10.484200677890287,55.86186732447757,0.9253333333333333,0.8173333333333334,0.4093333333333333,0.9812332439678284,0.8453333333333334,0.8533333333333334,0.805316651772416
2025-12-01,3914.0061,-0.04270456601584587,3.0724,-2.090229167059263,0.7424885721293831,11.13719030534539,56.42680937538039,0.9306666666666666,0.8146666666666667,0.4026666666666667,0.9758713136729222,0.868,0.8746666666666667,0.8110896633899315
2025-12-02,3897.7116,-0.04285279120304342,3.027665,-2.523250985792842,0.7306431485599792,10.608267727695718,55.96231951426113,0.9266666666666666,0.8106666666666666,0.38666666666666666,0.9731903485254692,0.848,0.8613333333333333,0.8010872803098005
2025-12-03,3877.9996,-0.043119599084699506,2.9918750000000003,-4.356653489707341,0.7240415480015756,9.972637822563524,55.404392873181045,0.9186666666666666,0.8066666666666666,0.356,0.9691689008042895,0.8293333333333334,0.8293333333333334,0.7848614834673816
2025-12-04,3875.7933,-0.04292667960023521,2.94162,-1.3481322768397348,0.6964310448204523,9.833819911051211,55.34194434841742,0.9253333333333333,0.8013333333333333,0.4186666666666667,0.953083109919571,0.824,0.8253333333333334,0.7912916294310396
2025-12-05,3902.8076,-0.04276861244126472,2.9153550000000004,-5.016432438288859,0.674554029008223,10.51880274205792,55.956612001280696,0.928,0.7946666666666666,0.33466666666666667,0.9369973190348525,0.844,0.8586666666666667,0.7828328865058087
2025-12-08,3924.0778,-0.04247103061944781,2.89167,-6.549013868486924,0.6599548606744662,11.043860476712531,56.43405121108437,0.9386666666666666,0.788,0.31066666666666665,0.9289544235924933,0.8613333333333333,0.8746666666666667,0.7837146261543045
2025-12-09,3909.5216,-0.04277450983241708,2.87551,-6.446398261740555,0.672130879516537,10.555134196134963,56.013845744671826,0.9253333333333333,0.784,0.31333333333333335,0.9329758713136729,0.844,0.86,0.7766070896633899
2025-12-10,3900.496,-0.042930936357010355,2.851025,-8.0385726017862,0.6739827270030913,10.228331117771837,55.753546123403396,0.9186666666666666,0.7786666666666666,0.2866666666666667,0.9343163538873994,0.8333333333333334,0.8413333333333334,0.7654971700923444
2025-12-11,3873.3176,-0.04341253756976317,2.82681,-7.152399793979896,0.6561164422201688,9.397281393502643,54.97560192773574,0.9013333333333333,0.772,0.30133333333333334,0.9249329758713136,0.8053333333333333,0.7973333333333333,0.7503777182007746
2025-12-12,3889.3457,-0.04318111491635522,2.812885,-5.604473380719938,0.6513958229179294,9.786653041795645,55.347167631859385,0.9093333333333333,0.7693333333333333,0.328,0.920911528150134,0.816,0.8213333333333334,0.7608185880250223
2025-12-15,3867.9209,-0.043409655792515725,2.788035,-5.320946086739227,0.6497218503841666,9.119876955436146,54.736573607335025,0.9,0.764,0.33066666666666666,0.9168900804289544,0.788,0.7853333333333333,0.7474816800714924
2025-12-16,3824.8119,-0.04409712699798747,2.7661900000000004,-5.699912825872104,0.6357389022782662,7.848216081717085,53.534869427954604,0.892,0.7613333333333333,0.324,0.9061662198391421,0.7466666666666667,0.7253333333333334,0.7259165921954125
2025-12-17,3870.2775,-0.04350445062811342,2.76149,-9.706687596747912,0.5987968106142291,9.07285697811766,54.59794216844735,0.896,0.7586666666666667,0.26666666666666666,0.8579088471849866,0.7866666666666666,0.7746666666666666,0.7234292523086089
2025-12-18,3876.3705,-0.04330426685170253,2.741225,-8.27720436632923,0.5953343235428843,9.186249222084019,54.73827770194664,0.9066666666666666,0.7533333333333333,0.28,0.8565683646112601,0.792,0.7853333333333333,0.7289836163240988
2025-12-19,3890.4475,-0.04318770165351328,2.70927,3.5027218076530744,0.5980333666419637,9.52503296471805,55.062788881908936,0.908,0.7493333333333333,0.5093333333333333,0.8565683646112601,0.808,0.7986666666666666,0.7716502829907655
2025-12-22,3917.3638,-0.042697366101641286,2.71401,0.42916360254808694,0.5994654205666681,10.222605743085467,55.6772341357802,0.9293333333333333,0.7506666666666667,0.448,0.8579088471849866,0.832,0.84,0.7763181411974979
2025-12-23,3919.9786,-0.042689115386299145,2.72528,5.756502284019035,0.5748046040132967,10.239293894479706,55.73669025814331,0.9293333333333333,0.752,0.5466666666666666,0.8284182305630027,0.8333333333333334,0.84,0.788291927316056
2025-12-24,3940.947,-0.042404357426956016,2.72994,4.254715112449375,0.564410327611962,10.760565299165581,56.21300517990229,0.944,0.752,0.5253333333333333,0.82171581769437,0.856,0.8653333333333333,0.794063747393506
2025-12-25,3959.6211,-0.042143757758821516,2.73715,2.9284673099109853,0.5578741061031897,11.213725489351711,56.63328038103546,0.9546666666666667,0.752,0.5013333333333333,0.8150134048257373,0.8693333333333333,0.876,0.7947244563598451
2025-12-26,3963.6789,-0.04210506794268537,2.766,5.196248874421798,0.5610652966616193,11.252428722466611,56.72455156038762,0.9546666666666667,0.76,0.5413333333333333,0.8176943699731903,0.8706666666666667,0.876,0.8033935061066427
2025-12-29,3965.2796,-0.04181013402068015,2.773645,8.031372172397042,0.5542538032417813,11.224546713843697,56.760853181200154,0.9693333333333334,0.7626666666666667,0.584,0.8109919571045576,0.868,0.876,0.8118319928507596
2025-12-30,3965.1159,-0.04178515306918086,2.793775,9.785391423021245,0.5256029993784023,11.145745910076998,56.755929534103494,0.9693333333333334,0.7666666666666667,0.608,0.7774798927613941,0.864,0.8746666666666667,0.8100244265713435
2025-12-31,3968.8401,-0.04180281963424852,2.79567,12.417666330144073,0.5440022846893667,11.175250283361349,56.84205579059736,0.968,0.7666666666666667,0.6506666666666666,0.7882037533512064,0.8653333333333333,0.876,0.8191450700029789
2026-01-05,4023.4167,-0.04092563753567477,2.837605,6.7733073260279255,0.5679980019139316,12.619233113996442,58.07932237078938,0.9946666666666667,0.7733333333333333,0.5693333333333334,0.824396782841823,0.912,0.9,0.8289550193625262
2026-01-06,4083.6672,-0.039856442856330686,2.89303,6.007635251145814,0.5649110338843504,14.217445026051312,59.37936015449749,1.0,0.788,0.5573333333333333,0.82171581769437,0.9586666666666667,0.9346666666666666,0.8433970807268395
2026-01-07,4085.7723,-0.03972021889951567,2.930025,8.813798154851362,0.5719772697754386,14.187866099532108,59.4238195365957,1.0,0.7986666666666666,0.596,0.8270777479892761,0.9573333333333334,0.936,0.8525129579982127
2026-01-08,4082.9788,-0.03991749325792167,2.968935,10.135889206716833,0.5571368570812774,14.022492098515539,59.336669359305525,0.9973333333333333,0.8026666666666666,0.616,0.806970509383378,0.948,0.9293333333333333,0.8500506404527851
2026-01-09,4120.426,-0.03957671674670822,3.0323350000000002,7.2382101521984055,0.5588125729053331,14.975744977153504,60.12932486184433,1.0,0.8106666666666666,0.5773333333333334,0.8109919571045576,0.976,0.9626666666666667,0.856276437295204
2026-01-12,4165.287,-0.03925591673828445,3.1180700000000003,9.089955356431773,0.5598670375818162,16.129294015954045,61.0491402729417,1.0,0.8186666666666667,0.604,0.8109919571045576,0.9946666666666667,0.984,0.8687208817396485
2026-01-13,4138.7585,-0.03955941884836825,3.19938,6.203625401558611,0.5607961207070555,15.288487734015611,60.218386252144725,0.9986666666666667,0.832,0.56,0.8123324396782842,0.9826666666666667,0.9626666666666667,0.8580554066130474
2026-01-14,4126.0932,-0.03985314328941858,3.32333,7.8148974452265705,0.573627827217754,14.825203431713074,59.825349256035445,0.9946666666666667,0.8626666666666667,0.5866666666666667,0.8270777479892761,0.968,0.9466666666666667,0.8642907357759904
2026-01-15,4112.6012,-0.04001634970365095,3.368945,11.78801011779909,0.5556372365914617,14.33503895091608,59.407653491289814,0.9906666666666667,0.8773333333333333,0.6493333333333333,0.8002680965147453,0.9546666666666667,0.9293333333333333,0.8669335716413463
2026-01-16,4101.9127,-0.0403459481068426,3.43613,18.743631194389906,0.5774905680923372,13.924500742317637,59.07721716088904,0.988,0.9026666666666666,0.748,0.8324396782841823,0.9386666666666666,0.9146666666666666,0.8874066130473636
2026-01-19,4114.0001,-0.040260437066039385,3.498385,18.522476709969737,0.6106079061757833,14.148063533242183,59.33587488979962,0.988,0.912,0.744,0.8739946380697051,0.9466666666666667,0.9213333333333333,0.8976657730116174
2026-01-20,4113.649,-0.040310925891876515,3.558635,19.578351122687522,0.6885012134907912,14.026515247467252,59.324860829059766,0.9866666666666667,0.9226666666666666,0.76,0.9477211796246648,0.94,0.9186666666666666,0.9126201966041109
2026-01-21,4116.94,-0.04031427105235061,3.5980000000000003,21.846941610842734,0.6979194450042692,14.00327525987317,59.396301457666155,0.9853333333333333,0.9293333333333333,0.7866666666666666,0.9544235924932976,0.936,0.928,0.9199594876377718
2026-01-22,4122.576,-0.04014427284857161,3.64974,21.494331685754084,0.7053582329953482,14.038831953038077,59.51942991680341,0.988,0.94,0.784,0.9624664879356568,0.94,0.9346666666666666,0.9248555257670539
2026-01-23,4136.1642,-0.040189737764566184,3.7340600000000004,22.91516258283717,0.7140829965510064,14.291357717751962,59.81651707224646,0.9866666666666667,0.9466666666666667,0.7973333333333333,0.9624664879356568,0.9533333333333334,0.9453333333333334,0.931966636878165
2026-01-26,4132.6052,-0.0401862800685463,3.848055,24.594364585193382,0.7204597820965638,14.080582883165405,59.70047016590667,0.9866666666666667,0.968,0.816,0.9664879356568364,0.94,0.94,0.9361924337205837
2026-01-27,4139.9041,-0.039997021089681055,3.9024499999999995,23.40931533195274,0.7615581494736994,14.167000128070306,59.86196198022002,0.9906666666666667,0.984,0.808,0.982573726541555,0.9453333333333334,0.948,0.9430956210902591
2026-01-28,4151.2378,-0.039861845389401795,3.9732700000000003,21.991952039728353,0.768786056520754,14.364095340786465,60.11294785317602,0.992,0.9866666666666667,0.7906666666666666,0.9865951742627346,0.9546666666666667,0.9586666666666667,0.9448769734882335
2026-01-29,4157.9845,-0.03968699248827268,4.076915,20.84792154271986,0.7787064421923555,14.434431014728567,60.26252511989146,0.996,1.0,0.776,0.9906166219839142,0.9573333333333334,0.9626666666666667,0.9471027703306524
2026-01-30,4117.9476,-0.04031935362454865,4.162599999999999,18.425398692674086,0.8111369867624256,13.223665858926314,58.936237828227796,0.976,1.0,0.7426666666666667,0.9946380697050938,0.9026666666666666,0.896,0.9186619005064044
2026-02-02,4015.7464,-0.041714684473342006,4.19967,16.01889935726826,0.8194044533063158,10.319823088583613,55.76796112205118,0.9466666666666667,1.0,0.716,0.9946380697050938,0.7986666666666666,0.808,0.8773285671730712
2026-02-03,4067.7379,-0.04111993651919531,4.181675,18.016912973773103,0.8145630826565858,11.643339455837598,56.95826892267207,0.964,0.9986666666666667,0.7426666666666667,0.9932975871313673,0.8613333333333333,0.852,0.9019940422996724
2026-02-04,4102.202,-0.04053863208220781,4.179285,14.66346303785351,0.8158279737852366,12.481557505732122,57.720935625769854,0.972,0.9973333333333333,0.7013333333333334,0.9932975871313673,0.884,0.8666666666666667,0.9024384867441168
2026-02-05,4075.9167,-0.040917987661096875,4.16033,11.931630966510468,0.838411332452356,11.659993301913762,56.9427521419802,0.968,0.9946666666666667,0.656,0.9986595174262735,0.86,0.848,0.88755436401549
2026-02-06,4065.5834,-0.04110463328222993,4.113065,14.418609547348112,0.8592563931113955,11.277534376896448,56.639192311679345,0.9613333333333334,0.9933333333333333,0.7013333333333334,1.0,0.8426666666666667,0.84,0.8897777777777778
2026-02-09,4123.0897,-0.040343654861139035,4.040445,11.822337756030237,0.8575693582631716,12.741218421059486,57.90216652646161,0.9746666666666667,0.9893333333333333,0.6493333333333333,0.9986595174262735,0.8893333333333333,0.872,0.8955543640154899
2026-02-10,4128.3731,-0.04023918591155132,3.9459250000000003,11.562086373406125,0.8492145341232041,12.779884998590841,58.01578102818975,0.98,0.9733333333333334,0.644,0.9973190348525469,0.8893333333333333,0.8733333333333333,0.8928865058087577
2026-02-11,4131.985,-0.040276304826354276,3.8212200000000003,11.202925698001565,0.8339997608685275,12.77647859736848,58.093966364447596,0.9773333333333334,0.9466666666666667,0.636,0.9932975871313673,0.888,0.876,0.8862162645218946
2026-02-12,4134.0178,-0.04039938430314591,3.7798649999999996,10.701304542336352,0.8372382964900098,12.732043320151899,58.13833409085896,0.9693333333333334,0.9386666666666666,0.624,0.9932975871313673,0.8853333333333333,0.876,0.8811051534107834
2026-02-13,4082.0726,-0.04113141864961826,3.7093149999999993,6.319746805879134,0.8368999815764484,11.222841002147987,56.59010789147252,0.9533333333333334,0.924,0.5586666666666666,0.9919571045576407,0.8293333333333334,0.832,0.8482150729818291
2026-02-24,4117.4089,-0.04044695687309832,3.6758250000000006,3.55202328829467,0.8368999815764484,12.09144527419932,57.37102488578727,0.968,0.92,0.5093333333333333,0.9919571045576407,0.864,0.8533333333333334,0.8511039618707179
2026-02-25,4147.2305,-0.04002517410184678,3.67265,-3.5783696331944626,0.8375800382607302,12.803220670244709,58.015589701390994,0.9853333333333333,0.9186666666666666,0.35733333333333334,0.9932975871313673,0.8893333333333333,0.8693333333333333,0.8355495978552279
2026-02-26,4146.6311,-0.03999147018380506,3.668275,-3.3984404701102875,0.835697211929428,12.6888455028088,57.99776545135028,0.988,0.9173333333333333,0.3626666666666667,0.9879356568364611,0.8813333333333333,0.868,0.8342114983616323
2026-02-27,4162.8815,-0.04026118486502997,3.6600099999999998,-6.045781164513862,0.8382493552899024,13.031304266382593,58.348594892338234,0.9746666666666667,0.916,0.31466666666666665,0.9932975871313673,0.8946666666666667,0.8826666666666667,0.8293273756330057
2026-03-02,4182.5909,-0.03996205467312005,3.6812300000000002,-6.344289083837509,0.8374084154257976,13.460715247835587,58.77096065066527,0.988,0.92,0.30933333333333335,0.9906166219839142,0.9093333333333333,0.8906666666666667,0.8346583258862079
2026-03-03,4122.676,-0.04044632900451092,3.69024,-10.08078217562322,0.8291945575123317,11.74191074232902,56.99430030275404,0.9626666666666667,0.92,0.25466666666666665,0.9812332439678284,0.8493333333333334,0.84,0.801316651772416
2026-03-04,4082.474,-0.041082184967570046,3.6927950000000003,-13.204409313846114,0.8316034852251233,10.564558722791118,55.84873388125471,0.948,0.92,0.22266666666666668,0.982573726541555,0.7906666666666666,0.7906666666666666,0.7757622877569258
2026-03-05,4108.567,-0.040757354442556445,3.655645,-15.58294127141523,0.8316893072233248,11.183368679556827,56.423603060212656,0.9546666666666667,0.9106666666666666,0.208,0.982573726541555,0.8186666666666667,0.8186666666666667,0.7822067322013702
2026-03-06,4124.194,-0.0405851817024987,3.5846399999999994,-17.43715965038784,0.8250090277703056,11.515582730144725,56.764536875646876,0.9573333333333334,0.8933333333333333,0.196,0.9745308310991957,0.84,0.8306666666666667,0.7819773607387548
2026-03-09,4096.6023,-0.040599778276931155,3.5822499999999997,-16.815805963219006,0.8204354507445912,10.679672136586515,55.982501478846835,0.956,0.892,0.20133333333333334,0.9731903485254692,0.7946666666666666,0.8013333333333333,0.769753946976467
2026-03-10,4123.138,-0.04036235593407688,3.5656999999999996,-8.385967308790391,0.8221268167354948,11.307232744263395,56.56446938484496,0.964,0.888,0.2786666666666667,0.9731903485254692,0.8293333333333334,0.8213333333333334,0.7924206136431337
2026-03-11,4133.4331,-0.04013289520518293,3.58362,-4.961101478338783,0.8184800303135148,11.495416994413965,56.78861199090542,0.98,0.892,0.3413333333333333,0.9691689008042895,0.8373333333333334,0.8306666666666667,0.8084170390229372
2026-03-12,4129.1026,-0.04015555916229393,3.6129,-2.3838960954519592,0.8181533374111438,11.281565834569918,56.66423264346569,0.9773333333333334,0.8986666666666666,0.3973333333333333,0.967828418230563,0.8253333333333334,0.824,0.8150825141495383
2026-03-13,4095.4485,-0.04050699237074008,3.664345,-2.3457894103593375,0.8340398496957794,10.28201366231405,55.705413138316246,0.956,0.912,0.4026666666666667,0.9839142091152815,0.768,0.7733333333333333,0.7993190348525469
2026-03-16,4084.7858,-0.040490773697118176,3.7110250000000002,-2.2987589243470623,0.8305990204950178,9.904851723227036,55.40504155377938,0.956,0.924,0.404,0.9785522788203753,0.7506666666666667,0.7546666666666667,0.7946476020256181
2026-03-17,4049.9073,-0.0409231441551892,3.737095,0.6364411203847098,0.8277809171951854,8.883454434962301,54.434138401961704,0.9426666666666667,0.928,0.4666666666666667,0.9731903485254692,0.708,0.6946666666666667,0.7855317247542448
2026-03-18,4062.9844,-0.04087918996420736,3.76226,-0.6234559197820673,0.8017297922714465,9.154993109211972,54.73488202750587,0.944,0.936,0.44,0.9571045576407506,0.7146666666666667,0.7106666666666667,0.7837396484956806
2026-03-19,4006.5523,-0.041404263732462435,3.80677,-6.242648850952172,0.797638330062804,7.565617446857531,53.20253736619383,0.924,0.9413333333333334,0.32266666666666666,0.9557640750670241,0.6586666666666666,0.6253333333333333,0.7379606791778374
2026-03-20,3957.0527,-0.04197718691219185,3.841915,-12.77005358164741,0.7947192303166456,6.169310350243928,51.91339846447627,0.8893333333333333,0.9506666666666667,0.236,0.9544235924932976,0.6053333333333333,0.5173333333333333,0.6921817098599939
2026-03-23,3813.2829,-0.044169549215617214,3.9224500000000004,-19.083699365716768,0.7893076515860271,2.26433659844969,48.46428367248512,0.8106666666666666,0.9706666666666667,0.18666666666666668,0.953083109919571,0.4533333333333333,0.264,0.6064027405421507
2026-03-24,3881.2797,-0.04317948134512782,3.95133,-21.22612435333366,0.7848782764734233,4.0310276728174,50.05145687593744,0.8333333333333334,0.9733333333333334,0.172,0.9517426273458445,0.5293333333333333,0.356,0.6359571045576408
2026-03-25,3931.8375,-0.04251960562568331,3.9384499999999996,-23.197686138275145,0.7907401323477017,5.321428011235785,51.181900908809716,0.8613333333333333,0.9706666666666667,0.16,0.953083109919571,0.5666666666666667,0.4533333333333333,0.660847184986595
2026-03-26,3889.0835,-0.04298866237611919,3.926475,-28.86250422094019,0.7871107109280387,4.123801659916082,50.21014145730182,0.84,0.968,0.11333333333333333,0.9504021447721179,0.5306666666666666,0.36533333333333334,0.6279559130175751
2026-03-27,3913.7238,-0.042366920731342614,3.8914250000000004,-29.814048534237443,0.7863622552405817,4.728817538307406,50.755052714032715,0.8733333333333333,0.9613333333333334,0.11066666666666666,0.9490616621983914,0.5453333333333333,0.4066666666666667,0.6410658325886208
2026-03-30,3923.2869,-0.04230634263385634,3.81751,-30.176935447089967,0.7760806142376206,4.929290240162287,50.965668227526514,0.876,0.9346666666666666,0.10933333333333334,0.9423592493297587,0.5533333333333333,0.43066666666666664,0.6410598748882931
2026-03-31,3891.8605,-0.04224502159400757,3.7305749999999995,-29.153028186464738,0.7719934635901168,4.0369808817895425,50.25145845099118,0.8786666666666667,0.9133333333333333,0.11466666666666667,0.938337801608579,0.524,0.376,0.6241674113792076
2026-04-01,3948.5521,-0.04143825274640835,3.6747949999999996,-30.37522241231906,0.7669977477405662,5.491590115683476,51.49151742739985,0.9213333333333333,0.8986666666666666,0.108,0.9316353887399463,0.5693333333333334,0.492,0.6534947870122133
2026-04-02,3919.2852,-0.041887514253619404,3.634505,-30.50065904033528,0.7786076896961144,4.647674008409175,50.83007319413837,0.8933333333333333,0.8853333333333333,0.10666666666666667,0.9423592493297587,0.5413333333333333,0.416,0.6308376526660708
2026-04-03,3880.0967,-0.042484658788683495,3.591565,-33.234600000820436,0.7825300247649628,3.544905579272939,49.96106543351493,0.856,0.8733333333333333,0.09733333333333333,0.9450402144772118,0.496,0.352,0.6032844801906464
2026-04-07,3890.1645,-0.04233129245813542,3.5028750000000004,-31.81675175897402,0.7766591804697682,3.755963662871964,50.182331471976795,0.868,0.8493333333333334,0.104,0.9396782841823056,0.5053333333333333,0.364,0.605057491808162
2026-04-08,3994.9975,-0.041000606092461894,3.49386,-39.201299668708145,0.7628498041580758,6.480854541185854,52.39869747667751,0.936,0.844,0.07866666666666666,0.9249329758713136,0.62,0.5546666666666666,0.6597110515341078
2026-04-09,3966.1712,-0.04130702107514218,3.4486399999999997,-42.81531365879505,0.7612533635499492,5.6458048442123765,51.75839923611226,0.924,0.836,0.06666666666666667,0.9222520107238605,0.5773333333333334,0.516,0.6403753351206435
2026-04-10,3986.2247,-0.041147419143221495,3.382535,-44.16479373692506,0.7619448041170409,6.108183748859086,52.169567802083485,0.928,0.8066666666666666,0.06666666666666667,0.9235924932975871,0.596,0.5426666666666666,0.6439320822162645
2026-04-13,3988.558,-0.04133258280777219,3.3154650000000006,-40.642913628882994,0.761291560292385,6.0965475600379015,52.2174859575923,0.9213333333333333,0.7853333333333333,0.072,0.920911528150134,0.5933333333333334,0.548,0.6401519213583556
2026-04-14,4026.6256,-0.040938530482080675,3.2707750000000004,-43.7599271172018,0.7668440533395876,7.031920031249084,52.99441730944702,0.9386666666666666,0.7693333333333333,0.068,0.9262734584450402,0.6386666666666667,0.604,0.6574900208519511
2026-04-15,4027.2095,-0.04093470742790452,3.24193,-40.573386425934714,0.7797171779374832,6.97043238305235,53.00626923885623,0.9386666666666666,0.7666666666666667,0.07466666666666667,0.9436997319034852,0.6373333333333333,0.604,0.6608388442061365
2026-04-16,4055.5468,-0.04062310484286853,3.2209849999999998,-41.84927882025919,0.7804814120622543,7.641520524048628,53.58066473765595,0.948,0.7613333333333333,0.072,0.9436997319034852,0.66,0.648,0.6721721775394697
2026-04-17,4051.4254,-0.040791967230937816,3.188435,-35.0755357801153,0.7886605846411389,7.423232263689972,53.48451724009612,0.9426666666666667,0.748,0.10133333333333333,0.9504021447721179,0.6546666666666666,0.6426666666666667,0.6732892463509085
2026-04-20,4082.1271,-0.04027721696587118,3.16826,-31.46572223902598,0.8147159493267889,8.129876634729927,54.104909369548984,0.968,0.7426666666666667,0.116,0.9611260053619303,0.6813333333333333,0.6746666666666666,0.6906321120047662
2026-04-21,4085.0766,-0.040246731407536075,3.10596,-15.298661146549762,0.7994475119583574,8.105115372327877,54.16429906573748,0.972,0.7333333333333333,0.23733333333333334,0.9544235924932976,0.68,0.6786666666666666,0.7092928209711052
2026-04-22,4106.2581,-0.040310410336607747,3.0794249999999996,-7.719465620081863,0.7858327354831112,8.564220350630869,54.59102339105449,0.9653333333333334,0.728,0.30666666666666664,0.9436997319034852,0.696,0.6986666666666667,0.7230610664283587
2026-04-23,4093.2501,-0.040322706619376994,3.075165,-1.8571957968131585,0.7725410562389874,8.122537911524175,54.277212955591764,0.96,0.7266666666666667,0.4266666666666667,0.9262734584450402,0.6786666666666666,0.6813333333333333,0.7332677986297288
2026-04-24,4079.9004,-0.04042383714657368,3.072015,3.4874097090533525,0.7683013088400308,7.6769464668124066,53.955332947787724,0.9533333333333334,0.724,0.5293333333333333,0.920911528150134,0.656,0.6666666666666666,0.7417074769139113
2026-04-27,4086.3442,-0.04002139033893366,3.07999,6.795488087528639,0.7459314085471239,7.7538833606972,54.08823250239828,0.9826666666666667,0.728,0.592,0.8994638069705094,0.66,0.668,0.7550217456061961
2026-04-28,4078.6374,-0.039837091856814125,3.08041,7.274975392423272,0.7507639869235789,7.4596859868967025,53.90007648629927,0.9933333333333333,0.728,0.6,0.900804289544236,0.6466666666666666,0.664,0.755467381590706
2026-04-29,4107.5144,-0.03978584612973078,3.08154,9.571720910131937,0.7536352430126456,8.12624911302473,54.49981095141471,0.9933333333333333,0.728,0.6266666666666667,0.9021447721179625,0.6786666666666666,0.6946666666666667,0.7705796842418825
2026-04-30,4112.1593,-0.03947623060295545,3.1052150000000003,17.165231777436958,0.765219614318287,8.153381837609164,54.59589045790841,0.9986666666666667,0.732,0.736,0.9128686327077749,0.68,0.6986666666666667,0.7930336610068514
2026-05-06,4160.1737,-0.038778451027340524,3.146635,18.740683227161952,0.764138925573653,9.316293485483463,55.57645992743336,1.0,0.7373333333333333,0.7586666666666667,0.9115281501340483,0.7293333333333333,0.7653333333333333,0.8170324694667858
2026-05-07,4180.0922,-0.03865217299651261,3.1975450000000003,24.387781296975362,0.7730181719925397,9.7381486338479,55.97531679163108,1.0,0.7506666666666667,0.8226666666666667,0.9289544235924933,0.7413333333333333,0.796,0.8399368483765266
2026-05-08,4179.9524,-0.03866242997643658,3.256145,24.907801497546686,0.7701788682653338,9.632753826059727,55.971750015625254,0.9986666666666667,0.7666666666666667,0.8293333333333334,0.920911528150134,0.7373333333333333,0.7946666666666666,0.8412630324694668
2026-05-11,4225.0207,-0.03826890034167453,3.287905,31.627590313895055,0.7649754457884924,10.707063130660766,56.86772957854486,1.0,0.7693333333333333,0.8613333333333333,0.9088471849865952,0.792,0.832,0.8605856419422103
2026-05-12,4214.4891,-0.03841722918191423,3.3343800000000003,33.11545697762378,0.7719865112654647,10.324790686758,56.595569266215904,0.9986666666666667,0.7973333333333333,0.864,0.9222520107238605,0.768,0.8186666666666667,0.8614864462317545
2026-05-13,4242.572,-0.03821338174374688,3.37584,32.8985835766763,0.7614934492855852,10.949081796562353,57.14856826187794,1.0,0.8053333333333333,0.8613333333333333,0.900804289544236,0.7973333333333333,0.8453333333333334,0.868356270479595
2026-05-14,4177.9175,-0.038894498050862016,3.4342449999999998,28.698379133827075,0.766647072125735,9.156510191175492,55.50226333341577,0.992,0.832,0.8453333333333334,0.9101876675603218,0.708,0.7546666666666667,0.8403646112600537
2026-05-15,4135.3894,-0.03933894559825224,3.47785,30.77436329811414,0.7780972685530259,7.948767750417374,54.45873982536114,0.9893333333333333,0.8426666666666667,0.852,0.9316353887399463,0.6573333333333333,0.6813333333333333,0.8257170092344355
2026-05-18,4131.5276,-0.03945941786977153,3.49309,28.125900226379294,0.7959247410833565,7.756215789179932,54.3648807473553,0.988,0.8426666666666667,0.8413333333333334,0.9517426273458445,0.6466666666666666,0.6706666666666666,0.8235126601131962
2026-05-19,4169.5378,-0.03919434006306699,3.5123850000000005,29.139263057019512,0.7998150315997695,8.653847472830778,55.13451422406014,0.9906666666666667,0.852,0.8453333333333334,0.9544235924932976,0.688,0.7226666666666667,0.8421817098599941
2026-05-20,4162.1845,-0.039210136330262976,3.52928,29.0307521125711,0.805705241183699,8.370708226041025,54.95320811237736,0.9893333333333333,0.8533333333333334,0.844,0.9557640750670241,0.676,0.7106666666666667,0.8381829014000596
2026-05-21,4077.2765,-0.04023543184556984,3.564635,28.17161105785702,0.8140704354586782,6.078727884070934,52.92114607840577,0.9533333333333334,0.8613333333333333,0.8413333333333334,0.9584450402144772,0.56,0.5666666666666667,0.7901852844801907
2026-05-22,4112.8996,-0.03974000973611105,3.567955,23.783240884336983,0.8122045667686112,6.922787575899658,53.64833103902029,0.9773333333333334,0.8653333333333333,0.808,0.9571045576407506,0.6066666666666667,0.624,0.8064063151623473
2026-05-25,4152.5686,-0.03919088217235258,3.57654,22.392824243967738,0.7804007672615693,7.8668269934667245,54.440772882881426,0.9906666666666667,0.8666666666666667,0.7893333333333333,0.9302949061662198,0.6506666666666666,0.676,0.8172713732499256
2026-05-26,4145.373,-0.03930587973859828,3.5711500000000003,22.16924596957024,0.80949803296295,7.597025291478676,54.270582595876824,0.9853333333333333,0.864,0.7893333333333333,0.9544235924932976,0.6306666666666667,0.6626666666666666,0.8144039320822162
2026-05-27,4093.7266,-0.040200817083991355,3.5848349999999995,20.754842417236453,0.8113966582783999,6.177905627736924,53.06649946223743,0.9493333333333334,0.8706666666666667,0.7733333333333333,0.9557640750670241,0.5693333333333334,0.58,0.7830717902889485
2026-05-28,4098.6358,-0.04014678015055447,3.5922399999999994,20.54725515921212,0.8179618868954502,6.224655353850506,53.166378168409295,0.9533333333333334,0.8733333333333333,0.772,0.9624664879356568,0.5746666666666667,0.5946666666666667,0.7884110813226095
2026-05-29,4068.5691,-0.04061273792165895,3.626735,19.21143290245658,0.8031942187127137,5.368842814994235,52.474757532814245,0.9133333333333333,0.8813333333333333,0.756,0.9477211796246648,0.5253333333333333,0.5346666666666666,0.7597313077152218
2026-06-01,4057.74,-0.04081953991451823,3.6423499999999995,20.006890344721008,0.7877244441852713,5.014710095183839,52.22730744865262,0.9053333333333333,0.888,0.7693333333333333,0.9343163538873994,0.5106666666666667,0.5226666666666666,0.7550527256478999
2026-06-02,4075.1016,-0.04052325813497358,3.6382199999999996,17.87642464294794,0.7732067718574097,5.389021303767683,52.58976666142489,0.9173333333333333,0.8853333333333333,0.732,0.9128686327077749,0.5253333333333333,0.5373333333333333,0.751700327673518
2026-06-03,4083.974,-0.04030266646511245,3.626855,20.35404423354914,0.7697076297543819,5.541637690383916,52.7749303825407,0.9373333333333334,0.8786666666666667,0.776,0.900804289544236,0.532,0.5506666666666666,0.7625784927018171
2026-06-04,4057.7811,-0.040717124378722006,3.6087499999999997,19.79061179974054,0.7731243984230401,4.787893985527036,52.166694412758275,0.9066666666666666,0.872,0.7653333333333333,0.9115281501340483,0.49733333333333335,0.5093333333333333,0.7436991361334525
2026-06-05,4027.7362,-0.04104768825972843,3.59936,17.05978921668698,0.76912318462673,3.938912102640435,51.47850179374114,0.888,0.868,0.7226666666666667,0.8981233243967829,0.4746666666666667,0.472,0.720576109621686
2026-06-08,3959.3378,-0.04180535596870048,3.56969,14.95402279723806,0.7728801681748768,2.1086317554723566,49.961182148948346,0.848,0.852,0.7053333333333334,0.9061662198391421,0.43066666666666664,0.35333333333333333,0.6825832588620792
2026-06-09,4010.0307,-0.04109224849407077,3.530995,11.775258777741598,0.7698743111902848,3.3445297077031144,51.04267233412646,0.884,0.836,0.6506666666666666,0.8981233243967829,0.46266666666666667,0.43466666666666665,0.6943538873994638
2026-06-10,3993.2258,-0.04117502901743031,3.50244,12.776661491425543,0.769599227703782,2.844673775777329,50.67551264730135,0.876,0.8266666666666667,0.6746666666666666,0.8954423592493298,0.4573333333333333,0.4026666666666667,0.6887959487637771
2026-06-11,3987.0147,-0.04123490896564383,3.449445,16.148744154672237,0.768831602890652,2.617100424836427,50.53963788269547,0.872,0.8106666666666666,0.7173333333333334,0.8927613941018767,0.448,0.39466666666666667,0.6892380101280905
2026-06-12,4031.5129,-0.04067504006772037,3.45223,16.660670533227368,0.7646215588948639,3.690913570630272,51.48211100839652,0.9066666666666666,0.8106666666666666,0.724,0.8780160857908847,0.476,0.4786666666666667,0.7123360142984808
2026-06-15,4096.4717,-0.04055393119057252,3.4663199999999996,11.693079152828147,0.7676095942707559,5.283643577857378,52.80954787347141,0.9133333333333333,0.816,0.648,0.886058981233244,0.52,0.5586666666666666,0.7236764968722075
2026-06-16,4091.8917,-0.040869332598546596,3.46577,14.327670911631799,0.7741074678419254,5.0894653147028235,52.70673249967916,0.8973333333333333,0.8146666666666667,0.6986666666666667,0.9128686327077749,0.5106666666666667,0.5466666666666666,0.7301447721179625
2026-06-17,4108.0762,-0.040715466030002846,3.464485,11.561825636644699,0.7560571045693423,5.426847985661509,53.03348599945955,0.904,0.8133333333333334,0.6426666666666667,0.8632707774798928,0.5266666666666666,0.58,0.7216562406910932
2026-06-18,4090.4813,-0.04103793102665562,3.4462099999999998,14.904865921917718,0.7315154302740021,4.900926016882079,52.63370249793508,0.8826666666666667,0.8026666666666666,0.704,0.8498659517426274,0.5013333333333333,0.5413333333333333,0.7136443252904378
2026-06-22,4163.0965,-0.03995261684199949,3.48827,9.254947912583887,0.7300336627425916,6.67798443398866,54.078425863943046,0.9653333333333334,0.8186666666666667,0.6053333333333333,0.8471849865951743,0.5946666666666667,0.6506666666666666,0.7469752755436402
2026-06-23,4106.2517,-0.04060703188409613,3.51438,6.545645344072902,0.7354435236338177,5.1454899533033505,52.803474933934304,0.908,0.832,0.56,0.8498659517426274,0.512,0.5546666666666666,0.7027554364015489
2026-06-24,4110.8134,-0.04057959140405769,3.512835,4.650714580467316,0.7240171008474117,5.186003528783534,52.89359839035056,0.9106666666666666,0.8306666666666667,0.532,0.8404825737265416,0.512,0.5653333333333334,0.6985248733988682
2026-06-25,4120.2806,-0.0405753526300746,3.5167450000000002,6.268087186342818,0.7333067155522182,5.348102623056561,53.08162448099317,0.9106666666666666,0.8333333333333334,0.556,0.8485254691689008,0.52,0.5853333333333334,0.7089764670837057
2026-06-26,4027.2648,-0.04191297260099555,3.52796,0.7464303511842374,0.7300711148980045,2.902656952910254,51.056835555319566,0.82,0.8333333333333334,0.46266666666666667,0.8445040214477212,0.452,0.436,0.6414173369079536
2026-06-29,4073.9017,-0.04135094116507211,3.5087999999999995,0.3389116165860102,0.7316048951003131,4.021314097318185,51.98544670980782,0.856,0.824,0.45066666666666666,0.8471849865951743,0.472,0.49866666666666665,0.6580863866547513
2026-06-30,4094.3972,-0.04104200395464634,3.488405,-1.2453359150211156,0.7309527074102029,4.469352026606721,52.38691341382298,0.876,0.812,0.42533333333333334,0.8445040214477212,0.484,0.5213333333333333,0.6605284480190646
2026-07-01,4112.4453,-0.04069728380272423,3.4966299999999997,-3.146058228290862,0.7269411415490564,4.849559068939602,52.7388033346009,0.8986666666666666,0.816,0.37466666666666665,0.8378016085790885,0.492,0.5413333333333333,0.6600780458742924
2026-07-02,4028.9038,-0.04183591992724425,3.495985,-8.199586906245848,0.7223498451707555,2.649577323040031,50.97534992530891,0.8226666666666667,0.8146666666666667,0.2866666666666667,0.8310991957104558,0.44133333333333336,0.42533333333333334,0.6036276437295204
2026-07-03,4043.6432,-0.04156539271003497,3.490965,-8.850417126352326,0.7109768403691126,2.955644978584271,51.266083423079266,0.8413333333333334,0.8093333333333333,0.28,0.8230563002680965,0.448,0.4493333333333333,0.6085093833780161
2026-07-06,4041.2382,-0.041524568617824185,3.47028,-6.871844731062296,0.7138870079271271,2.8294104682865973,51.21596773096391,0.8453333333333334,0.804,0.30533333333333335,0.8230563002680965,0.444,0.444,0.6109538278224605
2026-07-07,3990.2353,-0.04210222584132647,3.4309849999999997,-7.869157377408989,0.7502228746045914,1.4764602903214241,50.16431875318383,0.8026666666666666,0.78,0.28933333333333333,0.8552278820375335,0.408,0.356,0.5818713136729222
2026-07-08,3970.8797,-0.042156178329058734,3.4087249999999996,-5.100649527145215,0.7091379661374673,0.9305859595895472,49.77211137815129,0.7986666666666666,0.7706666666666667,0.34,0.8190348525469169,0.3893333333333333,0.33066666666666666,0.5747280309800417
2026-07-09,4036.5879,-0.04127984531239219,3.395285,-8.318169710991342,0.7029904842701138,2.536897883758371,51.08500131037134,0.856,0.7626666666666667,0.28,0.8123324396782842,0.432,0.432,0.5958331843908251
2026-07-10,3996.1616,-0.04177464745815898,3.4107149999999997,-9.903985502132713,0.6731388067559627,1.4531189585552662,50.26753861551933,0.8266666666666667,0.772,0.2653333333333333,0.7828418230563002,0.4053333333333333,0.37066666666666664,0.57047363717605
2026-07-13,3913.794,-0.042683060235381945,3.36852,-13.01440429557384,0.6850259283556294,-0.6839951799715638,48.66311387891394,0.7613333333333333,0.7466666666666667,0.23466666666666666,0.7935656836461126,0.3373333333333333,0.27466666666666667,0.5247053917187966
2026-07-14,3967.1262,-0.041990654015201766,3.34026,-10.869556350400885,0.6886365429680132,0.6170322606372514,49.714020748287865,0.8026666666666666,0.74,0.25333333333333335,0.7989276139410187,0.37733333333333335,0.32266666666666666,0.5491546023235031
2026-07-15,3955.5781,-0.04210115867187162,3.32857,-12.453540782111183,0.7002383054077622,0.2738438370971874,49.49217821498074,0.7986666666666666,0.7333333333333333,0.244,0.806970509383378,0.36,0.30666666666666664,0.5416061960083408
2026-07-16,3882.4126,-0.04307590681087591,3.307005,-16.695618854398916,0.7044689934862792,-1.6218095008323163,48.11652646042632,0.736,0.716,0.21466666666666667,0.8136729222520107,0.29333333333333333,0.24666666666666667,0.5033899314864462
2026-07-17,3764.1547,-0.04472786501421899,3.303885,-24.63359056014368,0.7056542062724974,-4.646526642886428,46.0255587402306,0.7066666666666667,0.7146666666666667,0.16,0.8176943699731903,0.144,0.12933333333333333,0.4453935061066428
2026-07-20,3796.2814,-0.0438301486536687,3.2929749999999998,-21.738615850224114,0.7279795924659908,-3.861802018295024,46.66231856063335,0.716,0.7093333333333334,0.184,0.8364611260053619,0.17466666666666666,0.164,0.464076854334227
2026-07-21,3864.3671,-0.042916061821650725,3.297565,-22.528042249813176,0.7285326967028898,-2.1743743944440563,47.97760437351924,0.7453333333333333,0.712,0.17866666666666667,0.8378016085790885,0.26266666666666666,0.23866666666666667,0.49585582365207026
2026-07-22,3867.0336,-0.042965746069412364,3.28857,-22.7717412456779,0.7313744023052897,-2.142282467278689,48.028360749017416,0.74,0.704,0.17733333333333334,0.8431635388739946,0.2653333333333333,0.248,0.49630503425677697
2026-07-23,3876.7774,-0.04285433231666228,3.258565,-23.354777167200908,0.6867726525463813,-1.9321007065189355,48.21506018495139,0.7453333333333333,0.6973333333333334,0.17066666666666666,0.7841823056300268,0.2826666666666667,0.25866666666666666,0.48980816204944894
2026-07-24,3814.1978,-0.04382663365986744,3.217075,-22.502215840506047,0.6963617323213839,-3.5438770313008794,47.115801022549846,0.712,0.688,0.18266666666666667,0.7949061662198391,0.19333333333333333,0.188,0.4598176943699732
2026-07-27,3858.245,-0.03945931666575819,3.1675651599999997,-23.04183581086899,0.7001511074868236,-2.4648321927434713,47.960282900232386,0.9826666666666667,0.6666666666666666,0.176,0.7989276139410187,0.24266666666666667,0.24,0.5178212689901698
2026-07-29,3828.469,-0.03972430896736646,3.133696163157895,-25.987061449675636,0.6672518376292577,-3.2827049252538654,47.43664458079058,0.9732977303070761,0.656,0.148,0.760053619302949,0.20266666666666666,0.21333333333333335,0.49222522493500415
2026-07-30,3804.6926,-0.03998503516800861,3.1124655052631582,-22.56072731931731,0.6902367137815576,-3.9095973057564404,47.022087975474484,0.9599465954606141,0.6533333333333333,0.18533333333333332,0.789544235924933,0.17466666666666666,0.184,0.49113736078648
2026-08-03,3809.6629,-0.04034622174499939,2.924213657894737,-26.002520960761316,0.7172126534328765,-3.832670471209043,47.16290561301056,0.9211229946524064,0.6133333333333333,0.148,0.82171581769437,0.17866666666666667,0.19466666666666665,0.4795842465022404
2026-08-05,3878.4296,-0.03963207832530836,2.805769994736842,-25.25501903640547,0.7064587121927407,-2.1474476409871768,48.49642639120296,0.9759036144578314,0.58,0.156,0.8109919571045576,0.276,0.2826666666666667,0.5135937063715091
2026-08-07,3940.0371,-0.038734011470082194,2.801422178947368,-22.747845501279045,0.7038233146180014,-0.6581393180219219,49.65818541546617,0.9932975871313673,0.5773333333333334,0.18933333333333333,0.8029490616621984,0.3546666666666667,0.3293333333333333,0.5411522192433721
