date,wind_code,index_name,close,pct_change
2024-01-02,000300.SH,沪深300,3386.3522,-1.3045
2024-01-02,000688.SH,科创50,839.8012,-1.4323
2024-01-02,000852.SH,中证1000,5854.7494,-0.5518
2024-01-02,000905.SH,中证500,5409.4554,-0.3642
2024-01-02,000922.CSI,中证红利,5020.9933,1.0327
2024-01-02,000998.CSI,中证TMT,1679.8643,-1.9188
2024-01-02,932000.CSI,中证2000,2402.0326,0.1067
2024-01-02,h30269.CSI,红利低波,9597.9224,1.0682
2024-01-03,000300.SH,沪深300,3378.2971,-0.2379
2024-01-03,000688.SH,科创50,829.7721,-1.1942
2024-01-03,000852.SH,中证1000,5824.0428,-0.5245
2024-01-03,000905.SH,中证500,5401.395,-0.149
2024-01-03,000922.CSI,中证红利,5074.1832,1.0594
2024-01-03,000998.CSI,中证TMT,1650.7915,-1.7307
2024-01-03,932000.CSI,中证2000,2389.2105,-0.5338
2024-01-03,h30269.CSI,红利低波,9718.842,1.2599
2024-01-04,000300.SH,沪深300,3347.0519,-0.9249
2024-01-04,000688.SH,科创50,823.8475,-0.714
2024-01-04,000852.SH,中证1000,5783.0155,-0.7044
2024-01-04,000905.SH,中证500,5355.3216,-0.853
2024-01-04,000922.CSI,中证红利,5096.1593,0.4331
2024-01-04,000998.CSI,中证TMT,1625.4687,-1.534
2024-01-04,932000.CSI,中证2000,2382.002,-0.3017
2024-01-04,h30269.CSI,红利低波,9797.7886,0.8123
2024-01-05,000300.SH,沪深300,3329.1114,-0.536
2024-01-05,000688.SH,科创50,807.7294,-1.9564
2024-01-05,000852.SH,中证1000,5675.8091,-1.8538
2024-01-05,000905.SH,中证500,5281.8711,-1.3715
2024-01-05,000922.CSI,中证红利,5099.2457,0.0606
2024-01-05,000998.CSI,中证TMT,1600.2302,-1.5527
2024-01-05,932000.CSI,中证2000,2334.8712,-1.9786
2024-01-05,h30269.CSI,红利低波,9831.1321,0.3403
2024-01-08,000300.SH,沪深300,3286.0564,-1.2933
2024-01-08,000688.SH,科创50,784.4332,-2.8842
2024-01-08,000852.SH,中证1000,5543.5745,-2.3298
2024-01-08,000905.SH,中证500,5167.6997,-2.1616
2024-01-08,000922.CSI,中证红利,5046.0217,-1.0438
2024-01-08,000998.CSI,中证TMT,1557.262,-2.6851
2024-01-08,932000.CSI,中证2000,2290.7877,-1.888
2024-01-08,h30269.CSI,红利低波,9740.6351,-0.9205
2024-01-09,000300.SH,沪深300,3292.4994,0.1961
2024-01-09,000688.SH,科创50,782.9263,-0.1921
2024-01-09,000852.SH,中证1000,5553.3035,0.1755
2024-01-09,000905.SH,中证500,5180.653,0.2507
2024-01-09,000922.CSI,中证红利,5074.4042,0.5625
2024-01-09,000998.CSI,中证TMT,1550.108,-0.4594
2024-01-09,932000.CSI,中证2000,2304.9614,0.6187
2024-01-09,h30269.CSI,红利低波,9799.6644,0.606
2024-01-10,000300.SH,沪深300,3277.129,-0.4668
2024-01-10,000688.SH,科创50,777.1526,-0.7375
2024-01-10,000852.SH,中证1000,5512.0686,-0.7425
2024-01-10,000905.SH,中证500,5158.0784,-0.4357
2024-01-10,000922.CSI,中证红利,5046.523,-0.5494
2024-01-10,000998.CSI,中证TMT,1531.2497,-1.2166
2024-01-10,932000.CSI,中证2000,2274.5877,-1.3178
2024-01-10,h30269.CSI,红利低波,9730.2898,-0.7079
2024-01-11,000300.SH,沪深300,3295.6717,0.5658
2024-01-11,000688.SH,科创50,789.864,1.6356
2024-01-11,000852.SH,中证1000,5611.1149,1.7969
2024-01-11,000905.SH,中证500,5223.8633,1.2754
2024-01-11,000922.CSI,中证红利,5020.5794,-0.5141
2024-01-11,000998.CSI,中证TMT,1556.9598,1.679
2024-01-11,932000.CSI,中证2000,2319.4355,1.9717
2024-01-11,h30269.CSI,红利低波,9668.8339,-0.6316
2024-01-12,000300.SH,沪深300,3284.1667,-0.3491
2024-01-12,000688.SH,科创50,778.3583,-1.4567
2024-01-12,000852.SH,中证1000,5574.4926,-0.6527
2024-01-12,000905.SH,中证500,5206.178,-0.3385
2024-01-12,000922.CSI,中证红利,5032.4176,0.2358
2024-01-12,000998.CSI,中证TMT,1532.8603,-1.5479
2024-01-12,932000.CSI,中证2000,2296.5117,-0.9883
2024-01-12,h30269.CSI,红利低波,9707.0147,0.3949
2024-01-15,000300.SH,沪深300,3280.9195,-0.0989
2024-01-15,000688.SH,科创50,773.4051,-0.6364
2024-01-15,000852.SH,中证1000,5559.376,-0.2712
2024-01-15,000905.SH,中证500,5193.2956,-0.2474
2024-01-15,000922.CSI,中证红利,5057.5149,0.4987
2024-01-15,000998.CSI,中证TMT,1533.4425,0.038
2024-01-15,932000.CSI,中证2000,2293.2814,-0.1407
2024-01-15,h30269.CSI,红利低波,9777.7442,0.7286
2024-01-16,000300.SH,沪深300,3300.8762,0.6083
2024-01-16,000688.SH,科创50,777.4032,0.5169
2024-01-16,000852.SH,中证1000,5539.4741,-0.358
2024-01-16,000905.SH,中证500,5190.3975,-0.0558
2024-01-16,000922.CSI,中证红利,5075.1494,0.3487
2024-01-16,000998.CSI,中证TMT,1529.5642,-0.2529
2024-01-16,932000.CSI,中证2000,2280.908,-0.5396
2024-01-16,h30269.CSI,红利低波,9829.152,0.5258
2024-01-17,000300.SH,沪深300,3229.082,-2.175
2024-01-17,000688.SH,科创50,757.0449,-2.6188
2024-01-17,000852.SH,中证1000,5389.1216,-2.7142
2024-01-17,000905.SH,中证500,5061.5395,-2.4826
2024-01-17,000922.CSI,中证红利,5004.1065,-1.3998
2024-01-17,000998.CSI,中证TMT,1490.5559,-2.5503
2024-01-17,932000.CSI,中证2000,2222.0526,-2.5803
2024-01-17,h30269.CSI,红利低波,9701.1889,-1.3019
2024-01-18,000300.SH,沪深300,3274.7286,1.4136
2024-01-18,000688.SH,科创50,768.2821,1.4844
2024-01-18,000852.SH,中证1000,5373.4239,-0.2913
2024-01-18,000905.SH,中证500,5066.9579,0.1071
2024-01-18,000922.CSI,中证红利,4971.3035,-0.6555
2024-01-18,000998.CSI,中证TMT,1515.7102,1.6876
2024-01-18,932000.CSI,中证2000,2205.2035,-0.7583
2024-01-18,h30269.CSI,红利低波,9631.5927,-0.7174
2024-01-19,000300.SH,沪深300,3269.7763,-0.1512
2024-01-19,000688.SH,科创50,765.4702,-0.366
2024-01-19,000852.SH,中证1000,5306.9862,-1.2364
2024-01-19,000905.SH,中证500,5018.4332,-0.9577
2024-01-19,000922.CSI,中证红利,4942.0795,-0.5879
2024-01-19,000998.CSI,中证TMT,1510.3356,-0.3546
2024-01-19,932000.CSI,中证2000,2172.8171,-1.4686
2024-01-19,h30269.CSI,红利低波,9573.9669,-0.5983
2024-01-22,000300.SH,沪深300,3218.9016,-1.5559
2024-01-22,000688.SH,科创50,742.2271,-3.0364
2024-01-22,000852.SH,中证1000,5000.8336,-5.7689
2024-01-22,000905.SH,中证500,4780.9748,-4.7317
2024-01-22,000922.CSI,中证红利,4778.6825,-3.3062
2024-01-22,000998.CSI,中证TMT,1453.1111,-3.7889
2024-01-22,932000.CSI,中证2000,2038.4442,-6.1843
2024-01-22,h30269.CSI,红利低波,9301.4607,-2.8463
2024-01-23,000300.SH,沪深300,3231.9329,0.4048
2024-01-23,000688.SH,科创50,749.7431,1.0126
2024-01-23,000852.SH,中证1000,5079.6315,1.5757
2024-01-23,000905.SH,中证500,4865.743,1.773
2024-01-23,000922.CSI,中证红利,4835.9292,1.198
2024-01-23,000998.CSI,中证TMT,1480.8997,1.9124
2024-01-23,932000.CSI,中证2000,2043.5743,0.2517
2024-01-23,h30269.CSI,红利低波,9390.5326,0.9576
2024-01-24,000300.SH,沪深300,3277.1089,1.3978
2024-01-24,000688.SH,科创50,750.2748,0.0709
2024-01-24,000852.SH,中证1000,5143.4078,1.2555
2024-01-24,000905.SH,中证500,4933.7009,1.3967
2024-01-24,000922.CSI,中证红利,4943.458,2.2235
2024-01-24,000998.CSI,中证TMT,1485.4324,0.3061
2024-01-24,932000.CSI,中证2000,2072.8815,1.4341
2024-01-24,h30269.CSI,红利低波,9614.9682,2.39
2024-01-25,000300.SH,沪深300,3342.9189,2.0082
2024-01-25,000688.SH,科创50,765.7908,2.068
2024-01-25,000852.SH,中证1000,5316.195,3.3594
2024-01-25,000905.SH,中证500,5073.1779,2.827
2024-01-25,000922.CSI,中证红利,5085.8927,2.8813
2024-01-25,000998.CSI,中证TMT,1524.1859,2.6089
2024-01-25,932000.CSI,中证2000,2150.062,3.7233
2024-01-25,h30269.CSI,红利低波,9904.6507,3.0128
2024-01-26,000300.SH,沪深300,3333.8213,-0.2721
2024-01-26,000688.SH,科创50,746.0958,-2.5719
2024-01-26,000852.SH,中证1000,5269.7646,-0.8734
2024-01-26,000905.SH,中证500,5027.0932,-0.9084
2024-01-26,000922.CSI,中证红利,5152.4047,1.3078
2024-01-26,000998.CSI,中证TMT,1488.9567,-2.3113
2024-01-26,932000.CSI,中证2000,2142.1546,-0.3678
2024-01-26,h30269.CSI,红利低波,10044.0748,1.4077
2024-01-29,000300.SH,沪深300,3303.9604,-0.8957
2024-01-29,000688.SH,科创50,725.3074,-2.7863
2024-01-29,000852.SH,中证1000,5131.2465,-2.6285
2024-01-29,000905.SH,中证500,4927.9137,-1.9729
2024-01-29,000922.CSI,中证红利,5166.2084,0.2679
2024-01-29,000998.CSI,中证TMT,1448.3675,-2.726
2024-01-29,932000.CSI,中证2000,2067.4438,-3.4876
2024-01-29,h30269.CSI,红利低波,10068.1377,0.2396
2024-01-30,000300.SH,沪深300,3245.0387,-1.7834
2024-01-30,000688.SH,科创50,697.8454,-3.7863
2024-01-30,000852.SH,中证1000,4984.6598,-2.8567
2024-01-30,000905.SH,中证500,4814.9908,-2.2915
2024-01-30,000922.CSI,中证红利,5098.2721,-1.315
2024-01-30,000998.CSI,中证TMT,1402.6497,-3.1565
2024-01-30,932000.CSI,中证2000,2001.5681,-3.1863
2024-01-30,h30269.CSI,红利低波,9942.7925,-1.245
2024-01-31,000300.SH,沪深300,3215.3518,-0.9148
2024-01-31,000688.SH,科创50,684.8518,-1.862
2024-01-31,000852.SH,中证1000,4785.032,-4.0048
2024-01-31,000905.SH,中证500,4696.9796,-2.4509
2024-01-31,000922.CSI,中证红利,5079.3378,-0.3714
2024-01-31,000998.CSI,中证TMT,1359.1027,-3.1046
2024-01-31,932000.CSI,中证2000,1896.3595,-5.2563
2024-01-31,h30269.CSI,红利低波,9934.8924,-0.0795
2024-02-01,000300.SH,沪深300,3217.7109,0.0734
2024-02-01,000688.SH,科创50,690.0051,0.7525
2024-02-01,000852.SH,中证1000,4750.4439,-0.7228
2024-02-01,000905.SH,中证500,4678.7308,-0.3885
2024-02-01,000922.CSI,中证红利,5028.7856,-0.9953
2024-02-01,000998.CSI,中证TMT,1375.5461,1.2099
2024-02-01,932000.CSI,中证2000,1866.0115,-1.6003
2024-02-01,h30269.CSI,红利低波,9817.5038,-1.1816
2024-02-02,000300.SH,沪深300,3179.6276,-1.1836
2024-02-02,000688.SH,科创50,673.4071,-2.4055
2024-02-02,000852.SH,中证1000,4574.6692,-3.7002
2024-02-02,000905.SH,中证500,4563.2221,-2.4688
2024-02-02,000922.CSI,中证红利,5024.7982,-0.0793
2024-02-02,000998.CSI,中证TMT,1331.7155,-3.1864
2024-02-02,932000.CSI,中证2000,1782.6035,-4.4699
2024-02-02,h30269.CSI,红利低波,9823.6767,0.0629
2024-02-05,000300.SH,沪深300,3200.4218,0.654
2024-02-05,000688.SH,科创50,676.7932,0.5028
2024-02-05,000852.SH,中证1000,4293.0695,-6.1556
2024-02-05,000905.SH,中证500,4460.2635,-2.2563
2024-02-05,000922.CSI,中证红利,5020.678,-0.082
2024-02-05,000998.CSI,中证TMT,1308.1885,-1.7667
2024-02-05,932000.CSI,中证2000,1613.3985,-9.492
2024-02-05,h30269.CSI,红利低波,9813.0001,-0.1087
2024-02-06,000300.SH,沪深300,3311.6922,3.4767
2024-02-06,000688.SH,科创50,720.7998,6.5022
2024-02-06,000852.SH,中证1000,4592.4444,6.9734
2024-02-06,000905.SH,中证500,4805.9013,7.7493
2024-02-06,000922.CSI,中证红利,5139.1514,2.3597
2024-02-06,000998.CSI,中证TMT,1400.1131,7.0269
2024-02-06,932000.CSI,中证2000,1645.9643,2.0185
2024-02-06,h30269.CSI,红利低波,9977.4624,1.676
2024-02-07,000300.SH,沪深300,3343.6303,0.9644
2024-02-07,000688.SH,科创50,743.4228,3.1386
2024-02-07,000852.SH,中证1000,4797.8456,4.4726
2024-02-07,000905.SH,中证500,5109.5685,6.3186
2024-02-07,000922.CSI,中证红利,5240.3177,1.9685
2024-02-07,000998.CSI,中证TMT,1443.4591,3.0959
2024-02-07,932000.CSI,中证2000,1599.8187,-2.8036
2024-02-07,h30269.CSI,红利低波,10116.7214,1.3957
2024-02-08,000300.SH,沪深300,3364.9297,0.637
2024-02-08,000688.SH,科创50,751.5036,1.087
2024-02-08,000852.SH,中证1000,4993.1046,4.0697
2024-02-08,000905.SH,中证500,5150.2288,0.7958
2024-02-08,000922.CSI,中证红利,5244.2155,0.0744
2024-02-08,000998.CSI,中证TMT,1480.7758,2.5852
2024-02-08,932000.CSI,中证2000,1739.8701,8.7542
2024-02-08,h30269.CSI,红利低波,10078.6616,-0.3762
2024-02-19,000300.SH,沪深300,3403.8078,1.1554
2024-02-19,000688.SH,科创50,763.3156,1.5718
2024-02-19,000852.SH,中证1000,5029.5861,0.7306
2024-02-19,000905.SH,中证500,5141.6037,-0.1675
2024-02-19,000922.CSI,中证红利,5348.8828,1.9959
2024-02-19,000998.CSI,中证TMT,1521.7863,2.7695
2024-02-19,932000.CSI,中证2000,1815.9881,4.3749
2024-02-19,h30269.CSI,红利低波,10327.1985,2.466
2024-02-20,000300.SH,沪深300,3410.8542,0.207
2024-02-20,000688.SH,科创50,754.7015,-1.1285
2024-02-20,000852.SH,中证1000,5046.0121,0.3266
2024-02-20,000905.SH,中证500,5140.9575,-0.0126
2024-02-20,000922.CSI,中证红利,5410.1912,1.1462
2024-02-20,000998.CSI,中证TMT,1516.3216,-0.3591
2024-02-20,932000.CSI,中证2000,1842.3996,1.4544
2024-02-20,h30269.CSI,红利低波,10421.4054,0.9122
2024-02-21,000300.SH,沪深300,3456.8713,1.3491
2024-02-21,000688.SH,科创50,755.1552,0.0601
2024-02-21,000852.SH,中证1000,5073.4821,0.5444
2024-02-21,000905.SH,中证500,5139.0372,-0.0374
2024-02-21,000922.CSI,中证红利,5411.4537,0.0233
2024-02-21,000998.CSI,中证TMT,1514.3586,-0.1295
2024-02-21,932000.CSI,中证2000,1868.2242,1.4017
2024-02-21,h30269.CSI,红利低波,10467.6477,0.4437
2024-02-22,000300.SH,沪深300,3486.6747,0.8621
2024-02-22,000688.SH,科创50,762.3821,0.957
2024-02-22,000852.SH,中证1000,5151.5343,1.5384
2024-02-22,000905.SH,中证500,5176.3431,0.7259
2024-02-22,000922.CSI,中证红利,5490.3956,1.4588
2024-02-22,000998.CSI,中证TMT,1543.8124,1.945
2024-02-22,932000.CSI,中证2000,1915.9244,2.5532
2024-02-22,h30269.CSI,红利低波,10621.8046,1.4727
2024-02-23,000300.SH,沪深300,3489.7416,0.088
2024-02-23,000688.SH,科创50,764.4821,0.2755
2024-02-23,000852.SH,中证1000,5225.6697,1.4391
2024-02-23,000905.SH,中证500,5197.7115,0.4128
2024-02-23,000922.CSI,中证红利,5470.9763,-0.3537
2024-02-23,000998.CSI,中证TMT,1550.1395,0.4098
2024-02-23,932000.CSI,中证2000,1977.894,3.2344
2024-02-23,h30269.CSI,红利低波,10618.2903,-0.0331
2024-02-26,000300.SH,沪深300,3453.3585,-1.0426
2024-02-26,000688.SH,科创50,768.4884,0.5241
2024-02-26,000852.SH,中证1000,5255.3962,0.5689
2024-02-26,000905.SH,中证500,5195.4642,-0.0432
2024-02-26,000922.CSI,中证红利,5374.6779,-1.7602
2024-02-26,000998.CSI,中证TMT,1554.5171,0.2824
2024-02-26,932000.CSI,中证2000,2012.4184,1.7455
2024-02-26,h30269.CSI,红利低波,10366.3872,-2.3724
2024-02-27,000300.SH,沪深300,3494.7874,1.1997
2024-02-27,000688.SH,科创50,796.9073,3.698
2024-02-27,000852.SH,中证1000,5394.0342,2.638
2024-02-27,000905.SH,中证500,5307.8043,2.1623
2024-02-27,000922.CSI,中证红利,5402.8901,0.5249
2024-02-27,000998.CSI,中证TMT,1625.7676,4.5834
2024-02-27,932000.CSI,中证2000,2071.7505,2.9483
2024-02-27,h30269.CSI,红利低波,10425.7884,0.573
2024-02-28,000300.SH,沪深300,3450.2598,-1.2741
2024-02-28,000688.SH,科创50,771.5922,-3.1767
2024-02-28,000852.SH,中证1000,5152.0519,-4.4861
2024-02-28,000905.SH,中证500,5184.0471,-2.3316
2024-02-28,000922.CSI,中证红利,5352.3587,-0.9353
2024-02-28,000998.CSI,中证TMT,1558.3735,-4.1454
2024-02-28,932000.CSI,中证2000,1930.0819,-6.8381
2024-02-28,h30269.CSI,红利低波,10333.9686,-0.8807
2024-02-29,000300.SH,沪深300,3516.0826,1.9078
2024-02-29,000688.SH,科创50,807.707,4.6806
2024-02-29,000852.SH,中证1000,5344.6052,3.7374
2024-02-29,000905.SH,中证500,5346.7929,3.1394
2024-02-29,000922.CSI,中证红利,5414.0184,1.152
2024-02-29,000998.CSI,中证TMT,1635.3254,4.938
2024-02-29,932000.CSI,中证2000,2009.6558,4.1228
2024-02-29,h30269.CSI,红利低波,10434.7421,0.9752
2024-03-01,000300.SH,沪深300,3537.8038,0.6178
2024-03-01,000688.SH,科创50,815.4866,0.9632
2024-03-01,000852.SH,中证1000,5401.9394,1.0727
2024-03-01,000905.SH,中证500,5379.0482,0.6033
2024-03-01,000922.CSI,中证红利,5414.2425,0.0041
2024-03-01,000998.CSI,中证TMT,1680.6904,2.7741
2024-03-01,932000.CSI,中证2000,2040.4186,1.5307
2024-03-01,h30269.CSI,红利低波,10435.1596,0.004
2024-03-04,000300.SH,沪深300,3540.8686,0.0866
2024-03-04,000688.SH,科创50,818.5129,0.3711
2024-03-04,000852.SH,中证1000,5428.3356,0.4886
2024-03-04,000905.SH,中证500,5388.82,0.1817
2024-03-04,000922.CSI,中证红利,5439.7557,0.4712
2024-03-04,000998.CSI,中证TMT,1691.11,0.62
2024-03-04,932000.CSI,中证2000,2056.2448,0.7756
2024-03-04,h30269.CSI,红利低波,10491.726,0.5421
2024-03-05,000300.SH,沪深300,3565.5143,0.696
2024-03-05,000688.SH,科创50,817.7721,-0.0905
2024-03-05,000852.SH,中证1000,5375.1317,-0.9801
2024-03-05,000905.SH,中证500,5351.8268,-0.6865
2024-03-05,000922.CSI,中证红利,5469.1493,0.5403
2024-03-05,000998.CSI,中证TMT,1682.0892,-0.5334
2024-03-05,932000.CSI,中证2000,2022.0648,-1.6623
2024-03-05,h30269.CSI,红利低波,10567.4365,0.7216
2024-03-06,000300.SH,沪深300,3551.0481,-0.4057
2024-03-06,000688.SH,科创50,811.8984,-0.7183
2024-03-06,000852.SH,中证1000,5381.4587,0.1177
2024-03-06,000905.SH,中证500,5350.1016,-0.0322
2024-03-06,000922.CSI,中证红利,5467.6202,-0.028
2024-03-06,000998.CSI,中证TMT,1670.9617,-0.6615
2024-03-06,932000.CSI,中证2000,2046.524,1.2096
2024-03-06,h30269.CSI,红利低波,10565.1458,-0.0217
2024-03-07,000300.SH,沪深300,3529.7195,-0.6006
2024-03-07,000688.SH,科创50,794.2384,-2.1751
2024-03-07,000852.SH,中证1000,5303.2766,-1.4528
2024-03-07,000905.SH,中证500,5277.2988,-1.3608
2024-03-07,000922.CSI,中证红利,5493.8044,0.4789
2024-03-07,000998.CSI,中证TMT,1631.849,-2.3407
2024-03-07,932000.CSI,中证2000,2026.8372,-0.962
2024-03-07,h30269.CSI,红利低波,10607.4233,0.4002
2024-03-08,000300.SH,沪深300,3544.9099,0.4304
2024-03-08,000688.SH,科创50,803.2,1.1283
2024-03-08,000852.SH,中证1000,5370.3719,1.2652
2024-03-08,000905.SH,中证500,5349.595,1.3699
2024-03-08,000922.CSI,中证红利,5524.1934,0.5532
2024-03-08,000998.CSI,中证TMT,1673.3431,2.5428
2024-03-08,932000.CSI,中证2000,2053.0914,1.2953
2024-03-08,h30269.CSI,红利低波,10674.1207,0.6288
2024-03-11,000300.SH,沪深300,3589.2635,1.2512
2024-03-11,000688.SH,科创50,818.4386,1.8972
2024-03-11,000852.SH,中证1000,5466.6455,1.7927
2024-03-11,000905.SH,中证500,5441.0507,1.7096
2024-03-11,000922.CSI,中证红利,5482.4938,-0.7549
2024-03-11,000998.CSI,中证TMT,1691.8758,1.1075
2024-03-11,932000.CSI,中证2000,2094.2451,2.0045
2024-03-11,h30269.CSI,红利低波,10601.6746,-0.6787
2024-03-12,000300.SH,沪深300,3597.4939,0.2293
2024-03-12,000688.SH,科创50,817.7503,-0.0841
2024-03-12,000852.SH,中证1000,5496.3553,0.5435
2024-03-12,000905.SH,中证500,5423.7183,-0.3185
2024-03-12,000922.CSI,中证红利,5379.1772,-1.8845
2024-03-12,000998.CSI,中证TMT,1687.4607,-0.261
2024-03-12,932000.CSI,中证2000,2121.1556,1.285
2024-03-12,h30269.CSI,红利低波,10337.8669,-2.4884
2024-03-13,000300.SH,沪深300,3572.361,-0.6986
2024-03-13,000688.SH,科创50,814.9319,-0.3447
2024-03-13,000852.SH,中证1000,5521.7838,0.4626
2024-03-13,000905.SH,中证500,5415.1126,-0.1587
2024-03-13,000922.CSI,中证红利,5356.5324,-0.421
2024-03-13,000998.CSI,中证TMT,1693.2942,0.3457
2024-03-13,932000.CSI,中证2000,2129.5769,0.397
2024-03-13,h30269.CSI,红利低波,10307.1641,-0.297
2024-03-14,000300.SH,沪深300,3562.2229,-0.2838
2024-03-14,000688.SH,科创50,804.8554,-1.2365
2024-03-14,000852.SH,中证1000,5486.6461,-0.6363
2024-03-14,000905.SH,中证500,5392.9267,-0.4097
2024-03-14,000922.CSI,中证红利,5370.8322,0.267
2024-03-14,000998.CSI,中证TMT,1667.037,-1.5507
2024-03-14,932000.CSI,中证2000,2114.5547,-0.7054
2024-03-14,h30269.CSI,红利低波,10340.4205,0.3227
2024-03-15,000300.SH,沪深300,3569.993,0.2181
2024-03-15,000688.SH,科创50,808.6736,0.4744
2024-03-15,000852.SH,中证1000,5555.6442,1.2576
2024-03-15,000905.SH,中证500,5454.1463,1.1352
2024-03-15,000922.CSI,中证红利,5370.6004,-0.0043
2024-03-15,000998.CSI,中证TMT,1676.6121,0.5744
2024-03-15,932000.CSI,中证2000,2144.1939,1.4017
2024-03-15,h30269.CSI,红利低波,10369.8058,0.2842
2024-03-18,000300.SH,沪深300,3603.528,0.9394
2024-03-18,000688.SH,科创50,825.3998,2.0683
2024-03-18,000852.SH,中证1000,5648.0117,1.6626
2024-03-18,000905.SH,中证500,5528.447,1.3623
2024-03-18,000922.CSI,中证红利,5357.7926,-0.2385
2024-03-18,000998.CSI,中证TMT,1717.4519,2.4359
2024-03-18,932000.CSI,中证2000,2190.6543,2.1668
2024-03-18,h30269.CSI,红利低波,10366.1328,-0.0354
2024-03-19,000300.SH,沪深300,3577.6303,-0.7187
2024-03-19,000688.SH,科创50,811.7743,-1.6508
2024-03-19,000852.SH,中证1000,5607.4754,-0.7177
2024-03-19,000905.SH,中证500,5478.2248,-0.9084
2024-03-19,000922.CSI,中证红利,5338.3232,-0.3634
2024-03-19,000998.CSI,中证TMT,1703.7245,-0.7993
2024-03-19,932000.CSI,中证2000,2185.5509,-0.233
2024-03-19,h30269.CSI,红利低波,10320.4399,-0.4408
2024-03-20,000300.SH,沪深300,3585.3838,0.2167
2024-03-20,000688.SH,科创50,814.027,0.2775
2024-03-20,000852.SH,中证1000,5659.1539,0.9216
2024-03-20,000905.SH,中证500,5493.414,0.2773
2024-03-20,000922.CSI,中证红利,5359.2121,0.3913
2024-03-20,000998.CSI,中证TMT,1712.6109,0.5216
2024-03-20,932000.CSI,中证2000,2213.4882,1.2783
2024-03-20,h30269.CSI,红利低波,10383.4225,0.6103
2024-03-21,000300.SH,沪深300,3581.0902,-0.1198
2024-03-21,000688.SH,科创50,806.1376,-0.9692
2024-03-21,000852.SH,中证1000,5658.2794,-0.0155
2024-03-21,000905.SH,中证500,5465.8286,-0.5022
2024-03-21,000922.CSI,中证红利,5365.8258,0.1234
2024-03-21,000998.CSI,中证TMT,1704.3462,-0.4826
2024-03-21,932000.CSI,中证2000,2219.3974,0.267
2024-03-21,h30269.CSI,红利低波,10428.2835,0.432
2024-03-22,000300.SH,沪深300,3545.0023,-1.0077
2024-03-22,000688.SH,科创50,794.2011,-1.4807
2024-03-22,000852.SH,中证1000,5595.8848,-1.1027
2024-03-22,000905.SH,中证500,5384.5656,-1.4867
2024-03-22,000922.CSI,中证红利,5347.7352,-0.3371
2024-03-22,000998.CSI,中证TMT,1691.0848,-0.7781
2024-03-22,932000.CSI,中证2000,2193.6452,-1.1603
2024-03-22,h30269.CSI,红利低波,10389.1023,-0.3757
2024-03-25,000300.SH,沪深300,3525.7634,-0.5427
2024-03-25,000688.SH,科创50,781.6464,-1.5808
2024-03-25,000852.SH,中证1000,5466.0615,-2.32
2024-03-25,000905.SH,中证500,5294.7463,-1.6681
2024-03-25,000922.CSI,中证红利,5352.3645,0.0866
2024-03-25,000998.CSI,中证TMT,1644.1972,-2.7726
2024-03-25,932000.CSI,中证2000,2132.3695,-2.7933
2024-03-25,h30269.CSI,红利低波,10408.8599,0.1902
2024-03-26,000300.SH,沪深300,3543.7467,0.5101
2024-03-26,000688.SH,科创50,772.0888,-1.2228
2024-03-26,000852.SH,中证1000,5447.7484,-0.335
2024-03-26,000905.SH,中证500,5284.4188,-0.1951
2024-03-26,000922.CSI,中证红利,5348.7607,-0.0673
2024-03-26,000998.CSI,中证TMT,1622.7227,-1.3061
2024-03-26,932000.CSI,中证2000,2128.5104,-0.181
2024-03-26,h30269.CSI,红利低波,10417.8839,0.0867
2024-03-27,000300.SH,沪深300,3502.7866,-1.1558
2024-03-27,000688.SH,科创50,752.8206,-2.4956
2024-03-27,000852.SH,中证1000,5266.2306,-3.332
2024-03-27,000905.SH,中证500,5156.684,-2.4172
2024-03-27,000922.CSI,中证红利,5330.6982,-0.3377
2024-03-27,000998.CSI,中证TMT,1566.2247,-3.4817
2024-03-27,932000.CSI,中证2000,2051.6333,-3.6118
2024-03-27,h30269.CSI,红利低波,10400.5913,-0.166
2024-03-28,000300.SH,沪深300,3520.9648,0.519
2024-03-28,000688.SH,科创50,763.2749,1.3887
2024-03-28,000852.SH,中证1000,5382.2363,2.2028
2024-03-28,000905.SH,中证500,5223.806,1.3017
2024-03-28,000922.CSI,中证红利,5325.6544,-0.0946
2024-03-28,000998.CSI,中证TMT,1604.6738,2.4549
2024-03-28,932000.CSI,中证2000,2106.8782,2.6927
2024-03-28,h30269.CSI,红利低波,10373.7485,-0.2581
2024-03-29,000300.SH,沪深300,3537.4843,0.4692
2024-03-29,000688.SH,科创50,762.7416,-0.0699
2024-03-29,000852.SH,中证1000,5441.2603,1.0966
2024-03-29,000905.SH,中证500,5286.1612,1.1937
2024-03-29,000922.CSI,中证红利,5380.7251,1.0341
2024-03-29,000998.CSI,中证TMT,1603.6702,-0.0625
2024-03-29,932000.CSI,中证2000,2134.4243,1.3074
2024-03-29,h30269.CSI,红利低波,10526.1651,1.4693
2024-04-01,000300.SH,沪深300,3595.6466,1.6442
2024-04-01,000688.SH,科创50,775.5259,1.6761
2024-04-01,000852.SH,中证1000,5559.0557,2.1649
2024-04-01,000905.SH,中证500,5401.2249,2.1767
2024-04-01,000922.CSI,中证红利,5396.8299,0.2993
2024-04-01,000998.CSI,中证TMT,1642.1507,2.3995
2024-04-01,932000.CSI,中证2000,2178.2487,2.0532
2024-04-01,h30269.CSI,红利低波,10554.0788,0.2652
2024-04-02,000300.SH,沪深300,3580.6759,-0.4164
2024-04-02,000688.SH,科创50,768.7872,-0.8689
2024-04-02,000852.SH,中证1000,5531.0522,-0.5037
2024-04-02,000905.SH,中证500,5381.2291,-0.3702
2024-04-02,000922.CSI,中证红利,5416.8936,0.3718
2024-04-02,000998.CSI,中证TMT,1613.0335,-1.7731
2024-04-02,932000.CSI,中证2000,2168.6505,-0.4406
2024-04-02,h30269.CSI,红利低波,10618.8429,0.6136
2024-04-03,000300.SH,沪深300,3567.8031,-0.3595
2024-04-03,000688.SH,科创50,756.7635,-1.564
2024-04-03,000852.SH,中证1000,5500.9264,-0.5447
2024-04-03,000905.SH,中证500,5374.5954,-0.1233
2024-04-03,000922.CSI,中证红利,5470.4836,0.9893
2024-04-03,000998.CSI,中证TMT,1587.7165,-1.5695
2024-04-03,932000.CSI,中证2000,2145.2129,-1.0807
2024-04-03,h30269.CSI,红利低波,10709.4553,0.8533
2024-04-08,000300.SH,沪深300,3536.4077,-0.88
2024-04-08,000688.SH,科创50,740.6653,-2.1272
2024-04-08,000852.SH,中证1000,5399.9148,-1.8363
2024-04-08,000905.SH,中证500,5298.5912,-1.4141
2024-04-08,000922.CSI,中证红利,5461.6517,-0.1614
2024-04-08,000998.CSI,中证TMT,1562.3978,-1.5947
2024-04-08,932000.CSI,中证2000,2096.9979,-2.2476
2024-04-08,h30269.CSI,红利低波,10756.8834,0.4429
2024-04-09,000300.SH,沪深300,3533.4871,-0.0826
2024-04-09,000688.SH,科创50,749.626,1.2098
2024-04-09,000852.SH,中证1000,5468.9109,1.2777
2024-04-09,000905.SH,中证500,5342.8982,0.8362
2024-04-09,000922.CSI,中证红利,5441.7507,-0.3644
2024-04-09,000998.CSI,中证TMT,1572.3015,0.6339
2024-04-09,932000.CSI,中证2000,2125.5686,1.3625
2024-04-09,h30269.CSI,红利低波,10693.0732,-0.5932
2024-04-10,000300.SH,沪深300,3504.7086,-0.8145
2024-04-10,000688.SH,科创50,735.7336,-1.8532
2024-04-10,000852.SH,中证1000,5367.0518,-1.8625
2024-04-10,000905.SH,中证500,5275.4727,-1.262
2024-04-10,000922.CSI,中证红利,5454.4099,0.2326
2024-04-10,000998.CSI,中证TMT,1533.0413,-2.497
2024-04-10,932000.CSI,中证2000,2075.8778,-2.3378
2024-04-10,h30269.CSI,红利低波,10720.2951,0.2546
2024-04-11,000300.SH,沪深300,3504.2447,-0.0132
2024-04-11,000688.SH,科创50,738.6744,0.3997
2024-04-11,000852.SH,中证1000,5379.9153,0.2397
2024-04-11,000905.SH,中证500,5301.8094,0.4992
2024-04-11,000922.CSI,中证红利,5502.4367,0.8805
2024-04-11,000998.CSI,中证TMT,1533.5325,0.032
2024-04-11,932000.CSI,中证2000,2080.5543,0.2253
2024-04-11,h30269.CSI,红利低波,10818.6585,0.9175
2024-04-12,000300.SH,沪深300,3475.8389,-0.8106
2024-04-12,000688.SH,科创50,738.4294,-0.0332
2024-04-12,000852.SH,中证1000,5338.7692,-0.7648
2024-04-12,000905.SH,中证500,5277.219,-0.4638
2024-04-12,000922.CSI,中证红利,5483.8509,-0.3378
2024-04-12,000998.CSI,中证TMT,1540.983,0.4858
2024-04-12,932000.CSI,中证2000,2065.6196,-0.7178
2024-04-12,h30269.CSI,红利低波,10806.5551,-0.1119
2024-04-15,000300.SH,沪深300,3549.0759,2.107
2024-04-15,000688.SH,科创50,750.8984,1.6886
2024-04-15,000852.SH,中证1000,5287.5115,-0.9601
2024-04-15,000905.SH,中证500,5339.7223,1.1844
2024-04-15,000922.CSI,中证红利,5585.2625,1.8493
2024-04-15,000998.CSI,中证TMT,1558.2355,1.1196
2024-04-15,932000.CSI,中证2000,1981.5267,-4.0711
2024-04-15,h30269.CSI,红利低波,11027.529,2.0448
2024-04-16,000300.SH,沪深300,3511.1146,-1.0696
2024-04-16,000688.SH,科创50,733.1469,-2.364
2024-04-16,000852.SH,中证1000,5066.6599,-4.1769
2024-04-16,000905.SH,中证500,5191.554,-2.7748
2024-04-16,000922.CSI,中证红利,5566.742,-0.3316
2024-04-16,000998.CSI,中证TMT,1514.3812,-2.8144
2024-04-16,932000.CSI,中证2000,1839.685,-7.1582
2024-04-16,h30269.CSI,红利低波,11017.1823,-0.0938
2024-04-17,000300.SH,沪深300,3565.403,1.5462
2024-04-17,000688.SH,科创50,750.8884,2.4199
2024-04-17,000852.SH,中证1000,5287.4563,4.3578
2024-04-17,000905.SH,中证500,5339.7467,2.8545
2024-04-17,000922.CSI,中证红利,5669.0568,1.838
2024-04-17,000998.CSI,中证TMT,1570.0144,3.6737
2024-04-17,932000.CSI,中证2000,1962.1269,6.6556
2024-04-17,h30269.CSI,红利低波,11240.3048,2.0252
2024-04-18,000300.SH,沪深300,3569.8018,0.1234
2024-04-18,000688.SH,科创50,745.6945,-0.6917
2024-04-18,000852.SH,中证1000,5286.7192,-0.0139
2024-04-18,000905.SH,中证500,5349.8361,0.1889
2024-04-18,000922.CSI,中证红利,5693.4158,0.4297
2024-04-18,000998.CSI,中证TMT,1560.2029,-0.6249
2024-04-18,932000.CSI,中证2000,1959.197,-0.1493
2024-04-18,h30269.CSI,红利低波,11288.0914,0.4251
2024-04-19,000300.SH,沪深300,3541.6619,-0.7883
2024-04-19,000688.SH,科创50,730.5623,-2.0293
2024-04-19,000852.SH,中证1000,5264.3891,-0.4224
2024-04-19,000905.SH,中证500,5314.8667,-0.6537
2024-04-19,000922.CSI,中证红利,5710.2691,0.296
2024-04-19,000998.CSI,中证TMT,1529.7196,-1.9538
2024-04-19,932000.CSI,中证2000,1951.2554,-0.4053
2024-04-19,h30269.CSI,红利低波,11297.7681,0.0857
2024-04-22,000300.SH,沪深300,3530.9045,-0.3037
2024-04-22,000688.SH,科创50,731.811,0.1709
2024-04-22,000852.SH,中证1000,5246.0818,-0.3478
2024-04-22,000905.SH,中证500,5267.5811,-0.8897
2024-04-22,000922.CSI,中证红利,5594.3976,-2.0292
2024-04-22,000998.CSI,中证TMT,1524.1576,-0.3636
2024-04-22,932000.CSI,中证2000,1935.5598,-0.8044
2024-04-22,h30269.CSI,红利低波,11066.4545,-2.0474
2024-04-23,000300.SH,沪深300,3506.2249,-0.699
2024-04-23,000688.SH,科创50,727.8533,-0.5408
2024-04-23,000852.SH,中证1000,5218.4277,-0.5271
2024-04-23,000905.SH,中证500,5208.2712,-1.1259
2024-04-23,000922.CSI,中证红利,5501.328,-1.6636
2024-04-23,000998.CSI,中证TMT,1517.5821,-0.4314
2024-04-23,932000.CSI,中证2000,1949.5343,0.722
2024-04-23,h30269.CSI,红利低波,10899.2648,-1.5108
2024-04-24,000300.SH,沪深300,3521.6219,0.4391
2024-04-24,000688.SH,科创50,738.6349,1.4813
2024-04-24,000852.SH,中证1000,5305.6068,1.6706
2024-04-24,000905.SH,中证500,5263.0391,1.0516
2024-04-24,000922.CSI,中证红利,5509.2218,0.1435
2024-04-24,000998.CSI,中证TMT,1551.1113,2.2094
2024-04-24,932000.CSI,中证2000,1993.6897,2.2649
2024-04-24,h30269.CSI,红利低波,10875.1865,-0.2209
2024-04-25,000300.SH,沪深300,3530.2813,0.2459
2024-04-25,000688.SH,科创50,733.344,-0.7163
2024-04-25,000852.SH,中证1000,5313.986,0.1579
2024-04-25,000905.SH,中证500,5259.3354,-0.0704
2024-04-25,000922.CSI,中证红利,5536.7855,0.5003
2024-04-25,000998.CSI,中证TMT,1542.1651,-0.5768
2024-04-25,932000.CSI,中证2000,1998.7834,0.2555
2024-04-25,h30269.CSI,红利低波,10955.6872,0.7402
2024-04-26,000300.SH,沪深300,3584.2686,1.5293
2024-04-26,000688.SH,科创50,752.2497,2.578
2024-04-26,000852.SH,中证1000,5415.9379,1.9186
2024-04-26,000905.SH,中证500,5372.1209,2.1445
2024-04-26,000922.CSI,中证红利,5502.1408,-0.6257
2024-04-26,000998.CSI,中证TMT,1589.1219,3.0449
2024-04-26,932000.CSI,中证2000,2029.4152,1.5325
2024-04-26,h30269.CSI,红利低波,10829.2271,-1.1543
2024-04-29,000300.SH,沪深300,3623.9124,1.106
2024-04-29,000688.SH,科创50,776.1538,3.1777
2024-04-29,000852.SH,中证1000,5545.2346,2.3873
2024-04-29,000905.SH,中证500,5478.4908,1.98
2024-04-29,000922.CSI,中证红利,5495.3081,-0.1242
2024-04-29,000998.CSI,中证TMT,1635.3271,2.9076
2024-04-29,932000.CSI,中证2000,2084.3347,2.7062
2024-04-29,h30269.CSI,红利低波,10783.6451,-0.4209
2024-04-30,000300.SH,沪深300,3604.3943,-0.5386
2024-04-30,000688.SH,科创50,767.4642,-1.1196
2024-04-30,000852.SH,中证1000,5497.4303,-0.8621
2024-04-30,000905.SH,中证500,5441.1411,-0.6818
2024-04-30,000922.CSI,中证红利,5499.6595,0.0792
2024-04-30,000998.CSI,中证TMT,1621.9598,-0.8174
2024-04-30,932000.CSI,中证2000,2071.938,-0.5948
2024-04-30,h30269.CSI,红利低波,10829.7578,0.4276
2024-05-06,000300.SH,沪深300,3657.8767,1.4838
2024-05-06,000688.SH,科创50,777.6628,1.3289
2024-05-06,000852.SH,中证1000,5606.8416,1.9902
2024-05-06,000905.SH,中证500,5528.6036,1.6074
2024-05-06,000922.CSI,中证红利,5554.3174,0.9938
2024-05-06,000998.CSI,中证TMT,1637.8738,0.9812
2024-05-06,932000.CSI,中证2000,2114.3754,2.0482
2024-05-06,h30269.CSI,红利低波,10902.3998,0.6708
2024-05-07,000300.SH,沪深300,3659.0076,0.0309
2024-05-07,000688.SH,科创50,769.7918,-1.0121
2024-05-07,000852.SH,中证1000,5625.3358,0.3299
2024-05-07,000905.SH,中证500,5527.0847,-0.0275
2024-05-07,000922.CSI,中证红利,5556.497,0.0392
2024-05-07,000998.CSI,中证TMT,1629.7415,-0.4965
2024-05-07,932000.CSI,中证2000,2128.0291,0.6458
2024-05-07,h30269.CSI,红利低波,10914.1164,0.1075
2024-05-08,000300.SH,沪深300,3630.2233,-0.7867
2024-05-08,000688.SH,科创50,761.6581,-1.0566
2024-05-08,000852.SH,中证1000,5536.6589,-1.5764
2024-05-08,000905.SH,中证500,5458.7559,-1.2363
2024-05-08,000922.CSI,中证红利,5563.1492,0.1197
2024-05-08,000998.CSI,中证TMT,1601.6243,-1.7253
2024-05-08,932000.CSI,中证2000,2099.7467,-1.329
2024-05-08,h30269.CSI,红利低波,10960.5759,0.4257
2024-05-09,000300.SH,沪深300,3664.561,0.9459
2024-05-09,000688.SH,科创50,778.8728,2.2602
2024-05-09,000852.SH,中证1000,5626.8251,1.6285
2024-05-09,000905.SH,中证500,5556.7712,1.7956
2024-05-09,000922.CSI,中证红利,5602.7265,0.7114
2024-05-09,000998.CSI,中证TMT,1625.711,1.5039
2024-05-09,932000.CSI,中证2000,2124.2132,1.1652
2024-05-09,h30269.CSI,红利低波,11036.2771,0.6907
2024-05-10,000300.SH,沪深300,3666.2771,0.0468
2024-05-10,000688.SH,科创50,767.1724,-1.5022
2024-05-10,000852.SH,中证1000,5574.232,-0.9347
2024-05-10,000905.SH,中证500,5535.3954,-0.3847
2024-05-10,000922.CSI,中证红利,5628.2981,0.4564
2024-05-10,000998.CSI,中证TMT,1608.0994,-1.0833
2024-05-10,932000.CSI,中证2000,2100.3242,-1.1246
2024-05-10,h30269.CSI,红利低波,11097.7073,0.5566
2024-05-13,000300.SH,沪深300,3664.6907,-0.0433
2024-05-13,000688.SH,科创50,763.6902,-0.4539
2024-05-13,000852.SH,中证1000,5520.8038,-0.9585
2024-05-13,000905.SH,中证500,5505.2595,-0.5444
2024-05-13,000922.CSI,中证红利,5644.1629,0.2819
2024-05-13,000998.CSI,中证TMT,1601.2213,-0.4277
2024-05-13,932000.CSI,中证2000,2064.3269,-1.7139
2024-05-13,h30269.CSI,红利低波,11173.9303,0.6868
2024-05-14,000300.SH,沪深300,3657.0454,-0.2086
2024-05-14,000688.SH,科创50,760.3046,-0.4433
2024-05-14,000852.SH,中证1000,5551.6751,0.5592
2024-05-14,000905.SH,中证500,5500.7379,-0.0821
2024-05-14,000922.CSI,中证红利,5627.962,-0.287
2024-05-14,000998.CSI,中证TMT,1603.4864,0.1415
2024-05-14,932000.CSI,中证2000,2081.7678,0.8449
2024-05-14,h30269.CSI,红利低波,11124.5489,-0.4419
2024-05-15,000300.SH,沪深300,3626.0559,-0.8474
2024-05-15,000688.SH,科创50,749.4741,-1.4245
2024-05-15,000852.SH,中证1000,5497.2349,-0.9806
2024-05-15,000905.SH,中证500,5446.6557,-0.9832
2024-05-15,000922.CSI,中证红利,5621.3279,-0.1179
2024-05-15,000998.CSI,中证TMT,1586.1608,-1.0805
2024-05-15,932000.CSI,中证2000,2063.9738,-0.8548
2024-05-15,h30269.CSI,红利低波,11106.5937,-0.1614
2024-05-16,000300.SH,沪深300,3640.3592,0.3945
2024-05-16,000688.SH,科创50,746.4714,-0.4006
2024-05-16,000852.SH,中证1000,5488.946,-0.1508
2024-05-16,000905.SH,中证500,5424.6652,-0.4037
2024-05-16,000922.CSI,中证红利,5633.5526,0.2175
2024-05-16,000998.CSI,中证TMT,1592.691,0.4117
2024-05-16,932000.CSI,中证2000,2073.0286,0.4387
2024-05-16,h30269.CSI,红利低波,11117.9005,0.1018
2024-05-17,000300.SH,沪深300,3677.9696,1.0332
2024-05-17,000688.SH,科创50,754.4177,1.0645
2024-05-17,000852.SH,中证1000,5563.231,1.3534
2024-05-17,000905.SH,中证500,5491.8944,1.2393
2024-05-17,000922.CSI,中证红利,5689.0775,0.9856
2024-05-17,000998.CSI,中证TMT,1606.6028,0.8735
2024-05-17,932000.CSI,中证2000,2095.0435,1.062
2024-05-17,h30269.CSI,红利低波,11188.6718,0.6366
2024-05-20,000300.SH,沪深300,3690.9623,0.3533
2024-05-20,000688.SH,科创50,753.5417,-0.1161
2024-05-20,000852.SH,中证1000,5596.7772,0.603
2024-05-20,000905.SH,中证500,5523.5013,0.5755
2024-05-20,000922.CSI,中证红利,5742.413,0.9375
2024-05-20,000998.CSI,中证TMT,1614.8623,0.5141
2024-05-20,932000.CSI,中证2000,2105.1708,0.4834
2024-05-20,h30269.CSI,红利低波,11301.9267,1.0122
2024-05-21,000300.SH,沪深300,3676.1611,-0.401
2024-05-21,000688.SH,科创50,748.2354,-0.7042
2024-05-21,000852.SH,中证1000,5536.7447,-1.0726
2024-05-21,000905.SH,中证500,5478.9131,-0.8072
2024-05-21,000922.CSI,中证红利,5757.0172,0.2543
2024-05-21,000998.CSI,中证TMT,1606.9441,-0.4903
2024-05-21,932000.CSI,中证2000,2084.2381,-0.9943
2024-05-21,h30269.CSI,红利低波,11332.509,0.2706
2024-05-22,000300.SH,沪深300,3684.451,0.2255
2024-05-22,000688.SH,科创50,754.9728,0.9004
2024-05-22,000852.SH,中证1000,5539.6597,0.0526
2024-05-22,000905.SH,中证500,5468.6068,-0.1881
2024-05-22,000922.CSI,中证红利,5754.615,-0.0417
2024-05-22,000998.CSI,中证TMT,1611.5726,0.288
2024-05-22,932000.CSI,中证2000,2092.4375,0.3934
2024-05-22,h30269.CSI,红利低波,11307.7794,-0.2182
2024-05-23,000300.SH,沪深300,3641.7917,-1.1578
2024-05-23,000688.SH,科创50,742.3956,-1.6659
2024-05-23,000852.SH,中证1000,5412.8237,-2.2896
2024-05-23,000905.SH,中证500,5362.3053,-1.9438
2024-05-23,000922.CSI,中证红利,5675.4423,-1.3758
2024-05-23,000998.CSI,中证TMT,1586.1731,-1.5761
2024-05-23,932000.CSI,中证2000,2046.8046,-2.1808
2024-05-23,h30269.CSI,红利低波,11192.7775,-1.017
2024-05-24,000300.SH,沪深300,3601.4754,-1.107
2024-05-24,000688.SH,科创50,727.2069,-2.0459
2024-05-24,000852.SH,中证1000,5350.1073,-1.1587
2024-05-24,000905.SH,中证500,5313.4546,-0.911
2024-05-24,000922.CSI,中证红利,5650.8707,-0.4329
2024-05-24,000998.CSI,中证TMT,1549.1757,-2.3325
2024-05-24,932000.CSI,中证2000,2026.0267,-1.0151
2024-05-24,h30269.CSI,红利低波,11183.6303,-0.0817
2024-05-27,000300.SH,沪深300,3635.7079,0.9505
2024-05-27,000688.SH,科创50,738.6533,1.574
2024-05-27,000852.SH,中证1000,5404.6158,1.0188
2024-05-27,000905.SH,中证500,5371.3693,1.09
2024-05-27,000922.CSI,中证红利,5732.4452,1.4436
2024-05-27,000998.CSI,中证TMT,1581.1614,2.0647
2024-05-27,932000.CSI,中证2000,2037.4706,0.5648
2024-05-27,h30269.CSI,红利低波,11376.3485,1.7232
2024-05-28,000300.SH,沪深300,3609.1724,-0.7299
2024-05-28,000688.SH,科创50,734.8485,-0.5151
2024-05-28,000852.SH,中证1000,5348.0293,-1.047
2024-05-28,000905.SH,中证500,5316.1286,-1.0284
2024-05-28,000922.CSI,中证红利,5705.0825,-0.4773
2024-05-28,000998.CSI,中证TMT,1561.1639,-1.2647
2024-05-28,932000.CSI,中证2000,2020.4594,-0.8349
2024-05-28,h30269.CSI,红利低波,11338.9499,-0.3287
2024-05-29,000300.SH,沪深300,3613.5223,0.1205
2024-05-29,000688.SH,科创50,734.3334,-0.0701
2024-05-29,000852.SH,中证1000,5351.2524,0.0603
2024-05-29,000905.SH,中证500,5328.3064,0.2291
2024-05-29,000922.CSI,中证红利,5716.2082,0.195
2024-05-29,000998.CSI,中证TMT,1559.5394,-0.1041
2024-05-29,932000.CSI,中证2000,2023.7956,0.1651
2024-05-29,h30269.CSI,红利低波,11336.8789,-0.0183
2024-05-30,000300.SH,沪深300,3594.3121,-0.5316
2024-05-30,000688.SH,科创50,742.7038,1.1399
2024-05-30,000852.SH,中证1000,5334.2958,-0.3169
2024-05-30,000905.SH,中证500,5308.66,-0.3687
2024-05-30,000922.CSI,中证红利,5664.7676,-0.8999
2024-05-30,000998.CSI,中证TMT,1573.2603,0.8798
2024-05-30,932000.CSI,中证2000,2008.7785,-0.742
2024-05-30,h30269.CSI,红利低波,11239.5412,-0.8586
2024-05-31,000300.SH,沪深300,3579.9247,-0.4003
2024-05-31,000688.SH,科创50,743.2275,0.0705
2024-05-31,000852.SH,中证1000,5355.2099,0.3921
2024-05-31,000905.SH,中证500,5308.5403,-0.0023
2024-05-31,000922.CSI,中证红利,5669.4873,0.0833
2024-05-31,000998.CSI,中证TMT,1571.009,-0.1431
2024-05-31,932000.CSI,中证2000,2026.2937,0.8719
2024-05-31,h30269.CSI,红利低波,11239.301,-0.0021
2024-06-03,000300.SH,沪深300,3588.7483,0.2465
2024-06-03,000688.SH,科创50,750.427,0.9687
2024-06-03,000852.SH,中证1000,5284.6236,-1.3181
2024-06-03,000905.SH,中证500,5274.0687,-0.6494
2024-06-03,000922.CSI,中证红利,5634.7944,-0.6119
2024-06-03,000998.CSI,中证TMT,1583.4144,0.7896
2024-06-03,932000.CSI,中证2000,1987.7733,-1.901
2024-06-03,h30269.CSI,红利低波,11138.8289,-0.8939
2024-06-04,000300.SH,沪深300,3615.6714,0.7502
2024-06-04,000688.SH,科创50,753.6377,0.4278
2024-06-04,000852.SH,中证1000,5313.708,0.5504
2024-06-04,000905.SH,中证500,5341.9496,1.2871
2024-06-04,000922.CSI,中证红利,5663.5283,0.5099
2024-06-04,000998.CSI,中证TMT,1588.6699,0.3319
2024-06-04,932000.CSI,中证2000,1968.0625,-0.9916
2024-06-04,h30269.CSI,红利低波,11164.9319,0.2343
2024-06-05,000300.SH,沪深300,3594.7936,-0.5774
2024-06-05,000688.SH,科创50,752.0444,-0.2114
2024-06-05,000852.SH,中证1000,5244.0851,-1.3103
2024-06-05,000905.SH,中证500,5277.9405,-1.1982
2024-06-05,000922.CSI,中证红利,5591.3914,-1.2737
2024-06-05,000998.CSI,中证TMT,1585.8707,-0.1762
2024-06-05,932000.CSI,中证2000,1924.9629,-2.19
2024-06-05,h30269.CSI,红利低波,11009.0649,-1.396
2024-06-06,000300.SH,沪深300,3592.2454,-0.0709
2024-06-06,000688.SH,科创50,743.229,-1.1722
2024-06-06,000852.SH,中证1000,5130.8693,-2.1589
2024-06-06,000905.SH,中证500,5228.8002,-0.9311
2024-06-06,000922.CSI,中证红利,5596.0987,0.0842
2024-06-06,000998.CSI,中证TMT,1581.8698,-0.2523
2024-06-06,932000.CSI,中证2000,1849.4929,-3.9206
2024-06-06,h30269.CSI,红利低波,11027.9388,0.1714
2024-06-07,000300.SH,沪深300,3574.1143,-0.5047
2024-06-07,000688.SH,科创50,737.926,-0.7135
2024-06-07,000852.SH,中证1000,5153.5867,0.4428
2024-06-07,000905.SH,中证500,5208.9798,-0.3791
2024-06-07,000922.CSI,中证红利,5629.323,0.5937
2024-06-07,000998.CSI,中证TMT,1565.0553,-1.063
2024-06-07,932000.CSI,中证2000,1883.2856,1.8271
2024-06-07,h30269.CSI,红利低波,11110.0798,0.7448
2024-06-11,000300.SH,沪深300,3542.8771,-0.874
2024-06-11,000688.SH,科创50,755.8345,2.4269
2024-06-11,000852.SH,中证1000,5198.923,0.8797
2024-06-11,000905.SH,中证500,5217.4702,0.163
2024-06-11,000922.CSI,中证红利,5535.7516,-1.6622
2024-06-11,000998.CSI,中证TMT,1597.4335,2.0688
2024-06-11,932000.CSI,中证2000,1897.947,0.7785
2024-06-11,h30269.CSI,红利低波,10903.0018,-1.8639
2024-06-12,000300.SH,沪深300,3544.1225,0.0352
2024-06-12,000688.SH,科创50,754.9332,-0.1192
2024-06-12,000852.SH,中证1000,5216.4621,0.3374
2024-06-12,000905.SH,中证500,5232.9534,0.2968
2024-06-12,000922.CSI,中证红利,5597.6489,1.1181
2024-06-12,000998.CSI,中证TMT,1602.45,0.314
2024-06-12,932000.CSI,中证2000,1927.9266,1.5796
2024-06-12,h30269.CSI,红利低波,11025.9106,1.1273
2024-06-13,000300.SH,沪深300,3526.1306,-0.5077
2024-06-13,000688.SH,科创50,758.9816,0.5363
2024-06-13,000852.SH,中证1000,5180.2357,-0.6945
2024-06-13,000905.SH,中证500,5194.59,-0.7331
2024-06-13,000922.CSI,中证红利,5528.935,-1.2275
2024-06-13,000998.CSI,中证TMT,1612.8729,0.6504
2024-06-13,932000.CSI,中证2000,1918.714,-0.4779
2024-06-13,h30269.CSI,红利低波,10899.0697,-1.1504
2024-06-14,000300.SH,沪深300,3541.5331,0.4368
2024-06-14,000688.SH,科创50,754.2607,-0.622
2024-06-14,000852.SH,中证1000,5180.6513,0.008
2024-06-14,000905.SH,中证500,5213.0927,0.3562
2024-06-14,000922.CSI,中证红利,5514.7118,-0.2573
2024-06-14,000998.CSI,中证TMT,1626.9654,0.8738
2024-06-14,932000.CSI,中证2000,1922.2296,0.1832
2024-06-14,h30269.CSI,红利低波,10874.7167,-0.2234
2024-06-17,000300.SH,沪深300,3536.1986,-0.1506
2024-06-17,000688.SH,科创50,757.106,0.3772
2024-06-17,000852.SH,中证1000,5183.9678,0.064
2024-06-17,000905.SH,中证500,5207.128,-0.1144
2024-06-17,000922.CSI,中证红利,5442.6937,-1.3059
2024-06-17,000998.CSI,中证TMT,1646.3186,1.1895
2024-06-17,932000.CSI,中证2000,1913.9081,-0.4329
2024-06-17,h30269.CSI,红利低波,10760.3904,-1.0513
2024-06-18,000300.SH,沪深300,3545.5902,0.2656
2024-06-18,000688.SH,科创50,756.9042,-0.0267
2024-06-18,000852.SH,中证1000,5227.2542,0.835
2024-06-18,000905.SH,中证500,5230.8913,0.4564
2024-06-18,000922.CSI,中证红利,5460.8694,0.3339
2024-06-18,000998.CSI,中证TMT,1655.9089,0.5825
2024-06-18,932000.CSI,中证2000,1943.0244,1.5213
2024-06-18,h30269.CSI,红利低波,10797.0073,0.3403
2024-06-19,000300.SH,沪深300,3528.749,-0.475
2024-06-19,000688.SH,科创50,751.6883,-0.6891
2024-06-19,000852.SH,中证1000,5159.9945,-1.2867
2024-06-19,000905.SH,中证500,5168.8204,-1.1866
2024-06-19,000922.CSI,中证红利,5438.202,-0.4151
2024-06-19,000998.CSI,中证TMT,1645.6351,-0.6204
2024-06-19,932000.CSI,中证2000,1932.2596,-0.554
2024-06-19,h30269.CSI,红利低波,10800.648,0.0337
2024-06-20,000300.SH,沪深300,3503.2817,-0.7217
2024-06-20,000688.SH,科创50,755.151,0.4607
2024-06-20,000852.SH,中证1000,5056.1383,-2.0127
2024-06-20,000905.SH,中证500,5094.5653,-1.4366
2024-06-20,000922.CSI,中证红利,5421.5287,-0.3066
2024-06-20,000998.CSI,中证TMT,1626.2634,-1.1772
2024-06-20,932000.CSI,中证2000,1887.0701,-2.3387
2024-06-20,h30269.CSI,红利低波,10798.7704,-0.0174
2024-06-21,000300.SH,沪深300,3495.6198,-0.2187
2024-06-21,000688.SH,科创50,758.3741,0.4268
2024-06-21,000852.SH,中证1000,5055.3329,-0.0159
2024-06-21,000905.SH,中证500,5102.3292,0.1524
2024-06-21,000922.CSI,中证红利,5417.796,-0.0688
2024-06-21,000998.CSI,中证TMT,1632.3128,0.372
2024-06-21,932000.CSI,中证2000,1884.904,-0.1148
2024-06-21,h30269.CSI,红利低波,10771.2603,-0.2548
2024-06-24,000300.SH,沪深300,3476.8102,-0.5381
2024-06-24,000688.SH,科创50,739.142,-2.536
2024-06-24,000852.SH,中证1000,4887.777,-3.3144
2024-06-24,000905.SH,中证500,4992.9097,-2.1445
2024-06-24,000922.CSI,中证红利,5347.6185,-1.2953
2024-06-24,000998.CSI,中证TMT,1590.084,-2.5871
2024-06-24,932000.CSI,中证2000,1809.2038,-4.0161
2024-06-24,h30269.CSI,红利低波,10636.448,-1.2516
2024-06-25,000300.SH,沪深300,3457.9023,-0.5438
2024-06-25,000688.SH,科创50,717.7493,-2.8943
2024-06-25,000852.SH,中证1000,4847.6106,-0.8218
2024-06-25,000905.SH,中证500,4948.6343,-0.8868
2024-06-25,000922.CSI,中证红利,5360.9035,0.2484
2024-06-25,000998.CSI,中证TMT,1544.8142,-2.847
2024-06-25,932000.CSI,中证2000,1810.9475,0.0964
2024-06-25,h30269.CSI,红利低波,10656.0169,0.184
2024-06-26,000300.SH,沪深300,3480.2648,0.6467
2024-06-26,000688.SH,科创50,729.6441,1.6572
2024-06-26,000852.SH,中证1000,4986.3839,2.8627
2024-06-26,000905.SH,中证500,5020.4318,1.4509
2024-06-26,000922.CSI,中证红利,5368.9598,0.1503
2024-06-26,000998.CSI,中证TMT,1594.1826,3.1958
2024-06-26,932000.CSI,中证2000,1865.1312,2.992
2024-06-26,h30269.CSI,红利低波,10658.6705,0.0249
2024-06-27,000300.SH,沪深300,3454.1175,-0.7513
2024-06-27,000688.SH,科创50,715.3568,-1.9581
2024-06-27,000852.SH,中证1000,4864.0855,-2.4526
2024-06-27,000905.SH,中证500,4928.0514,-1.8401
2024-06-27,000922.CSI,中证红利,5334.2483,-0.6465
2024-06-27,000998.CSI,中证TMT,1574.3464,-1.2443
2024-06-27,932000.CSI,中证2000,1827.1356,-2.0372
2024-06-27,h30269.CSI,红利低波,10646.9413,-0.11
2024-06-28,000300.SH,沪深300,3461.657,0.2183
2024-06-28,000688.SH,科创50,712.0772,-0.4585
2024-06-28,000852.SH,中证1000,4895.9869,0.6559
2024-06-28,000905.SH,中证500,4942.7817,0.2989
2024-06-28,000922.CSI,中证红利,5354.8331,0.3859
2024-06-28,000998.CSI,中证TMT,1584.8694,0.6684
2024-06-28,932000.CSI,中证2000,1840.8442,0.7503
2024-06-28,h30269.CSI,红利低波,10735.2209,0.8292
2024-07-01,000300.SH,沪深300,3478.1827,0.4774
2024-07-01,000688.SH,科创50,709.6032,-0.3474
2024-07-01,000852.SH,中证1000,4940.2471,0.904
2024-07-01,000905.SH,中证500,5003.1608,1.2216
2024-07-01,000922.CSI,中证红利,5471.4649,2.1781
2024-07-01,000998.CSI,中证TMT,1584.2138,-0.0414
2024-07-01,932000.CSI,中证2000,1855.3525,0.7881
2024-07-01,h30269.CSI,红利低波,10941.8043,1.9244
2024-07-02,000300.SH,沪深300,3471.7857,-0.1839
2024-07-02,000688.SH,科创50,699.123,-1.4769
2024-07-02,000852.SH,中证1000,4905.6497,-0.7003
2024-07-02,000905.SH,中证500,4949.4771,-1.073
2024-07-02,000922.CSI,中证红利,5464.4834,-0.1276
2024-07-02,000998.CSI,中证TMT,1567.5197,-1.0538
2024-07-02,932000.CSI,中证2000,1857.0284,0.0903
2024-07-02,h30269.CSI,红利低波,10968.489,0.2439
2024-07-03,000300.SH,沪深300,3463.4141,-0.2411
2024-07-03,000688.SH,科创50,701.7847,0.3807
2024-07-03,000852.SH,中证1000,4867.1326,-0.7852
2024-07-03,000905.SH,中证500,4910.9245,-0.7789
2024-07-03,000922.CSI,中证红利,5419.5076,-0.8231
2024-07-03,000998.CSI,中证TMT,1566.8367,-0.0436
2024-07-03,932000.CSI,中证2000,1834.8683,-1.1933
2024-07-03,h30269.CSI,红利低波,10867.2831,-0.9227
2024-07-04,000300.SH,沪深300,3445.8128,-0.5082
2024-07-04,000688.SH,科创50,690.3758,-1.6257
2024-07-04,000852.SH,中证1000,4761.868,-2.1628
2024-07-04,000905.SH,中证500,4834.4982,-1.5563
2024-07-04,000922.CSI,中证红利,5384.2881,-0.6499
2024-07-04,000998.CSI,中证TMT,1544.8938,-1.4005
2024-07-04,932000.CSI,中证2000,1784.4043,-2.7503
2024-07-04,h30269.CSI,红利低波,10814.3841,-0.4868
2024-07-05,000300.SH,沪深300,3431.0605,-0.4281
2024-07-05,000688.SH,科创50,698.8491,1.2273
2024-07-05,000852.SH,中证1000,4810.7939,1.0275
2024-07-05,000905.SH,中证500,4866.2647,0.6571
2024-07-05,000922.CSI,中证红利,5365.1284,-0.3558
2024-07-05,000998.CSI,中证TMT,1548.5225,0.2349
2024-07-05,932000.CSI,中证2000,1803.2755,1.0576
2024-07-05,h30269.CSI,红利低波,10728.9538,-0.79
2024-07-08,000300.SH,沪深300,3401.7604,-0.854
2024-07-08,000688.SH,科创50,692.488,-0.9102
2024-07-08,000852.SH,中证1000,4693.9648,-2.4285
2024-07-08,000905.SH,中证500,4783.6165,-1.6984
2024-07-08,000922.CSI,中证红利,5326.1849,-0.7259
2024-07-08,000998.CSI,中证TMT,1536.2536,-0.7923
2024-07-08,932000.CSI,中证2000,1751.6118,-2.865
2024-07-08,h30269.CSI,红利低波,10630.8056,-0.9148
2024-07-09,000300.SH,沪深300,3439.8111,1.1186
2024-07-09,000688.SH,科创50,709.8883,2.5127
2024-07-09,000852.SH,中证1000,4797.0634,2.1964
2024-07-09,000905.SH,中证500,4876.899,1.95
2024-07-09,000922.CSI,中证红利,5382.263,1.0529
2024-07-09,000998.CSI,中证TMT,1593.367,3.7177
2024-07-09,932000.CSI,中证2000,1787.4421,2.0456
2024-07-09,h30269.CSI,红利低波,10741.1291,1.0378
2024-07-10,000300.SH,沪深300,3428.9657,-0.3153
2024-07-10,000688.SH,科创50,710.3693,0.0678
2024-07-10,000852.SH,中证1000,4777.6817,-0.404
2024-07-10,000905.SH,中证500,4844.1624,-0.6713
2024-07-10,000922.CSI,中证红利,5273.2027,-2.0263
2024-07-10,000998.CSI,中证TMT,1600.6856,0.4593
2024-07-10,932000.CSI,中证2000,1773.5562,-0.7769
2024-07-10,h30269.CSI,红利低波,10508.0918,-2.1696
2024-07-11,000300.SH,沪深300,3468.169,1.1433
2024-07-11,000688.SH,科创50,718.04,1.0798
2024-07-11,000852.SH,中证1000,4893.5942,2.4261
2024-07-11,000905.SH,中证500,4939.7318,1.9729
2024-07-11,000922.CSI,中证红利,5283.2287,0.1901
2024-07-11,000998.CSI,中证TMT,1622.834,1.3837
2024-07-11,932000.CSI,中证2000,1833.2207,3.3641
2024-07-11,h30269.CSI,红利低波,10516.3595,0.0787
2024-07-12,000300.SH,沪深300,3472.4014,0.122
2024-07-12,000688.SH,科创50,718.3699,0.0459
2024-07-12,000852.SH,中证1000,4878.0195,-0.3183
2024-07-12,000905.SH,中证500,4919.3639,-0.4123
2024-07-12,000922.CSI,中证红利,5254.1366,-0.5507
2024-07-12,000998.CSI,中证TMT,1610.7124,-0.7469
2024-07-12,932000.CSI,中证2000,1823.8549,-0.5109
2024-07-12,h30269.CSI,红利低波,10485.3696,-0.2947
2024-07-15,000300.SH,沪深300,3476.2467,0.1107
2024-07-15,000688.SH,科创50,715.8636,-0.3489
2024-07-15,000852.SH,中证1000,4827.6023,-1.0336
2024-07-15,000905.SH,中证500,4883.8971,-0.721
2024-07-15,000922.CSI,中证红利,5300.0384,0.8736
2024-07-15,000998.CSI,中证TMT,1601.5935,-0.5661
2024-07-15,932000.CSI,中证2000,1792.4433,-1.7223
2024-07-15,h30269.CSI,红利低波,10586.1429,0.9611
2024-07-16,000300.SH,沪深300,3498.2827,0.6339
2024-07-16,000688.SH,科创50,732.0638,2.263
2024-07-16,000852.SH,中证1000,4836.7184,0.1888
2024-07-16,000905.SH,中证500,4898.3626,0.2962
2024-07-16,000922.CSI,中证红利,5263.4867,-0.6896
2024-07-16,000998.CSI,中证TMT,1642.7015,2.5667
2024-07-16,932000.CSI,中证2000,1794.256,0.1011
2024-07-16,h30269.CSI,红利低波,10504.6367,-0.7699
2024-07-17,000300.SH,沪深300,3501.5836,0.0944
2024-07-17,000688.SH,科创50,729.0022,-0.4182
2024-07-17,000852.SH,中证1000,4795.6236,-0.8496
2024-07-17,000905.SH,中证500,4856.5794,-0.853
2024-07-17,000922.CSI,中证红利,5227.974,-0.6747
2024-07-17,000998.CSI,中证TMT,1614.9021,-1.6923
2024-07-17,932000.CSI,中证2000,1763.2776,-1.7265
2024-07-17,h30269.CSI,红利低波,10429.1545,-0.7186
2024-07-18,000300.SH,沪深300,3520.931,0.5525
2024-07-18,000688.SH,科创50,735.4102,0.879
2024-07-18,000852.SH,中证1000,4812.4263,0.3504
2024-07-18,000905.SH,中证500,4877.6916,0.4347
2024-07-18,000922.CSI,中证红利,5235.4347,0.1427
2024-07-18,000998.CSI,中证TMT,1610.3317,-0.283
2024-07-18,932000.CSI,中证2000,1760.2742,-0.1703
2024-07-18,h30269.CSI,红利低波,10473.9196,0.4292
2024-07-19,000300.SH,沪深300,3539.0156,0.5136
2024-07-19,000688.SH,科创50,749.4705,1.9119
2024-07-19,000852.SH,中证1000,4821.4227,0.1869
2024-07-19,000905.SH,中证500,4872.0532,-0.1156
2024-07-19,000922.CSI,中证红利,5199.048,-0.695
2024-07-19,000998.CSI,中证TMT,1631.4339,1.3104
2024-07-19,932000.CSI,中证2000,1770.1602,0.5616
2024-07-19,h30269.CSI,红利低波,10390.9769,-0.7919
2024-07-22,000300.SH,沪深300,3514.9249,-0.6807
2024-07-22,000688.SH,科创50,752.0006,0.3376
2024-07-22,000852.SH,中证1000,4826.8713,0.113
2024-07-22,000905.SH,中证500,4865.9778,-0.1247
2024-07-22,000922.CSI,中证红利,5151.023,-0.9237
2024-07-22,000998.CSI,中证TMT,1635.9317,0.2757
2024-07-22,932000.CSI,中证2000,1780.25,0.57
2024-07-22,h30269.CSI,红利低波,10295.9502,-0.9145
2024-07-23,000300.SH,沪深300,3439.8779,-2.1351
2024-07-23,000688.SH,科创50,721.1077,-4.1081
2024-07-23,000852.SH,中证1000,4694.9525,-2.733
2024-07-23,000905.SH,中证500,4722.7994,-2.9424
2024-07-23,000922.CSI,中证红利,5087.1029,-1.2409
2024-07-23,000998.CSI,中证TMT,1575.1671,-3.7144
2024-07-23,932000.CSI,中证2000,1745.6419,-1.944
2024-07-23,h30269.CSI,红利低波,10244.7374,-0.4974
2024-07-24,000300.SH,沪深300,3418.1663,-0.6312
2024-07-24,000688.SH,科创50,713.3213,-1.0798
2024-07-24,000852.SH,中证1000,4631.0111,-1.3619
2024-07-24,000905.SH,中证500,4668.0621,-1.159
2024-07-24,000922.CSI,中证红利,5075.7172,-0.2238
2024-07-24,000998.CSI,中证TMT,1556.1647,-1.2064
2024-07-24,932000.CSI,中证2000,1715.8815,-1.7048
2024-07-24,h30269.CSI,红利低波,10258.6998,0.1363
2024-07-25,000300.SH,沪深300,3399.2716,-0.5528
2024-07-25,000688.SH,科创50,713.8828,0.0787
2024-07-25,000852.SH,中证1000,4632.5667,0.0336
2024-07-25,000905.SH,中证500,4665.4488,-0.056
2024-07-25,000922.CSI,中证红利,5063.5377,-0.24
2024-07-25,000998.CSI,中证TMT,1544.8845,-0.7249
2024-07-25,932000.CSI,中证2000,1722.8758,0.4076
2024-07-25,h30269.CSI,红利低波,10195.6077,-0.615
2024-07-26,000300.SH,沪深300,3409.2931,0.2948
2024-07-26,000688.SH,科创50,719.8702,0.8387
2024-07-26,000852.SH,中证1000,4702.08,1.5005
2024-07-26,000905.SH,中证500,4736.3771,1.5203
2024-07-26,000922.CSI,中证红利,5062.3531,-0.0234
2024-07-26,000998.CSI,中证TMT,1557.934,0.8447
2024-07-26,932000.CSI,中证2000,1755.5554,1.8968
2024-07-26,h30269.CSI,红利低波,10122.6471,-0.7156
2024-07-29,000300.SH,沪深300,3390.742,-0.5441
2024-07-29,000688.SH,科创50,707.5969,-1.7049
2024-07-29,000852.SH,中证1000,4685.6457,-0.3495
2024-07-29,000905.SH,中证500,4708.8443,-0.5813
2024-07-29,000922.CSI,中证红利,5067.1545,0.0948
2024-07-29,000998.CSI,中证TMT,1548.1409,-0.6286
2024-07-29,932000.CSI,中证2000,1763.7276,0.4655
2024-07-29,h30269.CSI,红利低波,10171.2575,0.4802
2024-07-30,000300.SH,沪深300,3369.3821,-0.6299
2024-07-30,000688.SH,科创50,710.0148,0.3417
2024-07-30,000852.SH,中证1000,4702.4914,0.3595
2024-07-30,000905.SH,中证500,4699.282,-0.2031
2024-07-30,000922.CSI,中证红利,5035.2247,-0.6301
2024-07-30,000998.CSI,中证TMT,1550.1871,0.1322
2024-07-30,932000.CSI,中证2000,1776.2671,0.711
2024-07-30,h30269.CSI,红利低波,10091.3471,-0.7856
2024-07-31,000300.SH,沪深300,3442.0844,2.1577
2024-07-31,000688.SH,科创50,743.3737,4.6983
2024-07-31,000852.SH,中证1000,4889.0807,3.9679
2024-07-31,000905.SH,中证500,4886.4136,3.9821
2024-07-31,000922.CSI,中证红利,5114.863,1.5816
2024-07-31,000998.CSI,中证TMT,1605.1021,3.5425
2024-07-31,932000.CSI,中证2000,1837.7854,3.4633
2024-07-31,h30269.CSI,红利低波,10181.1462,0.8899
2024-08-01,000300.SH,沪深300,3419.2666,-0.6629
2024-08-01,000688.SH,科创50,738.8706,-0.6058
2024-08-01,000852.SH,中证1000,4878.289,-0.2207
2024-08-01,000905.SH,中证500,4852.9725,-0.6844
2024-08-01,000922.CSI,中证红利,5105.844,-0.1763
2024-08-01,000998.CSI,中证TMT,1604.4208,-0.0424
2024-08-01,932000.CSI,中证2000,1843.561,0.3143
2024-08-01,h30269.CSI,红利低波,10186.5052,0.0526
2024-08-02,000300.SH,沪深300,3384.3919,-1.0199
2024-08-02,000688.SH,科创50,725.6603,-1.7879
2024-08-02,000852.SH,中证1000,4809.8891,-1.4021
2024-08-02,000905.SH,中证500,4788.6159,-1.3261
2024-08-02,000922.CSI,中证红利,5092.7985,-0.2555
2024-08-02,000998.CSI,中证TMT,1565.7565,-2.4099
2024-08-02,932000.CSI,中证2000,1818.9,-1.3377
2024-08-02,h30269.CSI,红利低波,10175.9929,-0.1032
2024-08-05,000300.SH,沪深300,3343.3205,-1.2136
2024-08-05,000688.SH,科创50,704.2959,-2.9441
2024-08-05,000852.SH,中证1000,4678.7753,-2.7259
2024-08-05,000905.SH,中证500,4693.8478,-1.979
2024-08-05,000922.CSI,中证红利,5034.1085,-1.1524
2024-08-05,000998.CSI,中证TMT,1503.2485,-3.9922
2024-08-05,932000.CSI,中证2000,1767.8627,-2.8059
2024-08-05,h30269.CSI,红利低波,10059.6173,-1.1436
2024-08-06,000300.SH,沪深300,3342.9789,-0.0102
2024-08-06,000688.SH,科创50,713.8638,1.3585
2024-08-06,000852.SH,中证1000,4749.9466,1.5212
2024-08-06,000905.SH,中证500,4750.776,1.2128
2024-08-06,000922.CSI,中证红利,5018.3054,-0.3139
2024-08-06,000998.CSI,中证TMT,1519.3748,1.0728
2024-08-06,932000.CSI,中证2000,1803.5415,2.0182
2024-08-06,h30269.CSI,红利低波,10018.4683,-0.4091
2024-08-07,000300.SH,沪深300,3341.489,-0.0446
2024-08-07,000688.SH,科创50,707.5875,-0.8792
2024-08-07,000852.SH,中证1000,4743.41,-0.1376
2024-08-07,000905.SH,中证500,4751.9408,0.0245
2024-08-07,000922.CSI,中证红利,5031.8537,0.27
2024-08-07,000998.CSI,中证TMT,1507.6151,-0.774
2024-08-07,932000.CSI,中证2000,1807.216,0.2037
2024-08-07,h30269.CSI,红利低波,10063.4008,0.4485
2024-08-08,000300.SH,沪深300,3342.9369,0.0433
2024-08-08,000688.SH,科创50,708.9226,0.1887
2024-08-08,000852.SH,中证1000,4739.4933,-0.0826
2024-08-08,000905.SH,中证500,4755.8149,0.0815
2024-08-08,000922.CSI,中证红利,5055.4244,0.4684
2024-08-08,000998.CSI,中证TMT,1507.371,-0.0162
2024-08-08,932000.CSI,中证2000,1795.9625,-0.6227
2024-08-08,h30269.CSI,红利低波,10074.0523,0.1058
2024-08-09,000300.SH,沪深300,3331.6274,-0.3383
2024-08-09,000688.SH,科创50,705.5456,-0.4764
2024-08-09,000852.SH,中证1000,4702.7453,-0.7754
2024-08-09,000905.SH,中证500,4720.3104,-0.7465
2024-08-09,000922.CSI,中证红利,5034.2404,-0.419
2024-08-09,000998.CSI,中证TMT,1501.2324,-0.4072
2024-08-09,932000.CSI,中证2000,1784.0239,-0.6647
2024-08-09,h30269.CSI,红利低波,10077.883,0.038
2024-08-12,000300.SH,沪深300,3325.8645,-0.173
2024-08-12,000688.SH,科创50,707.3312,0.2531
2024-08-12,000852.SH,中证1000,4674.1017,-0.6091
2024-08-12,000905.SH,中证500,4714.1586,-0.1303
2024-08-12,000922.CSI,中证红利,5062.3355,0.5581
2024-08-12,000998.CSI,中证TMT,1492.3534,-0.5914
2024-08-12,932000.CSI,中证2000,1767.2108,-0.9424
2024-08-12,h30269.CSI,红利低波,10110.6712,0.3253
2024-08-13,000300.SH,沪深300,3334.3903,0.2563
2024-08-13,000688.SH,科创50,710.7468,0.4829
2024-08-13,000852.SH,中证1000,4697.5858,0.5024
2024-08-13,000905.SH,中证500,4731.8353,0.375
2024-08-13,000922.CSI,中证红利,5070.0426,0.1522
2024-08-13,000998.CSI,中证TMT,1502.9542,0.7103
2024-08-13,932000.CSI,中证2000,1780.2908,0.7401
2024-08-13,h30269.CSI,红利低波,10147.3747,0.363
2024-08-14,000300.SH,沪深300,3309.2389,-0.7543
2024-08-14,000688.SH,科创50,700.9303,-1.3812
2024-08-14,000852.SH,中证1000,4649.2784,-1.0283
2024-08-14,000905.SH,中证500,4667.0731,-1.3686
2024-08-14,000922.CSI,中证红利,5047.3326,-0.4479
2024-08-14,000998.CSI,中证TMT,1489.5784,-0.89
2024-08-14,932000.CSI,中证2000,1775.8069,-0.2519
2024-08-14,h30269.CSI,红利低波,10126.1628,-0.209
2024-08-15,000300.SH,沪深300,3341.953,0.9886
2024-08-15,000688.SH,科创50,707.5508,0.9445
2024-08-15,000852.SH,中证1000,4691.8503,0.9157
2024-08-15,000905.SH,中证500,4698.375,0.6707
2024-08-15,000922.CSI,中证红利,5092.5403,0.8957
2024-08-15,000998.CSI,中证TMT,1498.0925,0.5716
2024-08-15,932000.CSI,中证2000,1794.3189,1.0425
2024-08-15,h30269.CSI,红利低波,10228.7723,1.0133
2024-08-16,000300.SH,沪深300,3345.634,0.1101
2024-08-16,000688.SH,科创50,705.2244,-0.3288
2024-08-16,000852.SH,中证1000,4655.6509,-0.7715
2024-08-16,000905.SH,中证500,4670.3789,-0.5959
2024-08-16,000922.CSI,中证红利,5092.8593,0.0063
2024-08-16,000998.CSI,中证TMT,1496.5838,-0.1007
2024-08-16,932000.CSI,中证2000,1790.6877,-0.2024
2024-08-16,h30269.CSI,红利低波,10259.6242,0.3016
2024-08-19,000300.SH,沪深300,3356.9677,0.3388
2024-08-19,000688.SH,科创50,703.3217,-0.2698
2024-08-19,000852.SH,中证1000,4663.6121,0.171
2024-08-19,000905.SH,中证500,4682.9628,0.2694
2024-08-19,000922.CSI,中证红利,5135.8034,0.8432
2024-08-19,000998.CSI,中证TMT,1500.4792,0.2603
2024-08-19,932000.CSI,中证2000,1780.801,-0.5521
2024-08-19,h30269.CSI,红利低波,10408.4779,1.4509
2024-08-20,000300.SH,沪深300,3332.7034,-0.7228
2024-08-20,000688.SH,科创50,693.5231,-1.3932
2024-08-20,000852.SH,中证1000,4579.3041,-1.8078
2024-08-20,000905.SH,中证500,4602.0095,-1.7287
2024-08-20,000922.CSI,中证红利,5076.7441,-1.15
2024-08-20,000998.CSI,中证TMT,1477.6673,-1.5203
2024-08-20,932000.CSI,中证2000,1749.9962,-1.7298
2024-08-20,h30269.CSI,红利低波,10306.8436,-0.9765
2024-08-21,000300.SH,沪深300,3321.635,-0.3321
2024-08-21,000688.SH,科创50,691.6357,-0.2721
2024-08-21,000852.SH,中证1000,4548.2644,-0.6778
2024-08-21,000905.SH,中证500,4587.1218,-0.3235
2024-08-21,000922.CSI,中证红利,5036.835,-0.7861
2024-08-21,000998.CSI,中证TMT,1475.5791,-0.1413
2024-08-21,932000.CSI,中证2000,1747.1418,-0.1631
2024-08-21,h30269.CSI,红利低波,10229.0007,-0.7553
2024-08-22,000300.SH,沪深300,3313.1357,-0.2559
2024-08-22,000688.SH,科创50,685.5307,-0.8827
2024-08-22,000852.SH,中证1000,4491.8392,-1.2406
2024-08-22,000905.SH,中证500,4533.3695,-1.1718
2024-08-22,000922.CSI,中证红利,5028.8785,-0.158
2024-08-22,000998.CSI,中证TMT,1454.8155,-1.4071
2024-08-22,932000.CSI,中证2000,1716.375,-1.761
2024-08-22,h30269.CSI,红利低波,10258.5929,0.2893
2024-08-23,000300.SH,沪深300,3327.1905,0.4242
2024-08-23,000688.SH,科创50,685.7587,0.0333
2024-08-23,000852.SH,中证1000,4495.3439,0.078
2024-08-23,000905.SH,中证500,4537.0872,0.082
2024-08-23,000922.CSI,中证红利,5034.1147,0.1041
2024-08-23,000998.CSI,中证TMT,1455.6361,0.0564
2024-08-23,932000.CSI,中证2000,1707.4426,-0.5204
2024-08-23,h30269.CSI,红利低波,10241.6889,-0.1648
2024-08-26,000300.SH,沪深300,3324.2231,-0.0892
2024-08-26,000688.SH,科创50,682.4987,-0.4754
2024-08-26,000852.SH,中证1000,4512.893,0.3904
2024-08-26,000905.SH,中证500,4544.3594,0.1603
2024-08-26,000922.CSI,中证红利,5028.4443,-0.1126
2024-08-26,000998.CSI,中证TMT,1451.5866,-0.2782
2024-08-26,932000.CSI,中证2000,1727.2397,1.1595
2024-08-26,h30269.CSI,红利低波,10244.6622,0.029
2024-08-27,000300.SH,沪深300,3305.3338,-0.5682
2024-08-27,000688.SH,科创50,674.3472,-1.1944
2024-08-27,000852.SH,中证1000,4459.6801,-1.1791
2024-08-27,000905.SH,中证500,4495.2856,-1.0799
2024-08-27,000922.CSI,中证红利,5027.4893,-0.019
2024-08-27,000998.CSI,中证TMT,1429.0383,-1.5534
2024-08-27,932000.CSI,中证2000,1695.7661,-1.8222
2024-08-27,h30269.CSI,红利低波,10304.3755,0.5829
2024-08-28,000300.SH,沪深300,3286.4956,-0.5699
2024-08-28,000688.SH,科创50,671.2199,-0.4638
2024-08-28,000852.SH,中证1000,4470.5501,0.2437
2024-08-28,000905.SH,中证500,4500.0088,0.1051
2024-08-28,000922.CSI,中证红利,5001.4171,-0.5186
2024-08-28,000998.CSI,中证TMT,1430.7486,0.1197
2024-08-28,932000.CSI,中证2000,1704.0253,0.487
2024-08-28,h30269.CSI,红利低波,10240.1585,-0.6232
2024-08-29,000300.SH,沪深300,3277.6812,-0.2682
2024-08-29,000688.SH,科创50,679.5949,1.2477
2024-08-29,000852.SH,中证1000,4542.4637,1.6086
2024-08-29,000905.SH,中证500,4557.9006,1.2865
2024-08-29,000922.CSI,中证红利,4928.9106,-1.4497
2024-08-29,000998.CSI,中证TMT,1448.0568,1.2097
2024-08-29,932000.CSI,中证2000,1731.3154,1.6015
2024-08-29,h30269.CSI,红利低波,10024.9985,-2.1011
2024-08-30,000300.SH,沪深300,3321.4323,1.3348
2024-08-30,000688.SH,科创50,694.1638,2.1438
2024-08-30,000852.SH,中证1000,4629.3195,1.9121
2024-08-30,000905.SH,中证500,4639.1144,1.7818
2024-08-30,000922.CSI,中证红利,4946.0986,0.3487
2024-08-30,000998.CSI,中证TMT,1494.858,3.232
2024-08-30,932000.CSI,中证2000,1768.3792,2.1408
2024-08-30,h30269.CSI,红利低波,9965.6458,-0.592
2024-09-02,000300.SH,沪深300,3265.011,-1.6987
2024-09-02,000688.SH,科创50,670.0108,-3.4794
2024-09-02,000852.SH,中证1000,4532.5145,-2.0911
2024-09-02,000905.SH,中证500,4546.8832,-1.9881
2024-09-02,000922.CSI,中证红利,4964.3011,0.368
2024-09-02,000998.CSI,中证TMT,1446.4066,-3.2412
2024-09-02,932000.CSI,中证2000,1739.7006,-1.6217
2024-09-02,h30269.CSI,红利低波,10018.6424,0.5318
2024-09-03,000300.SH,沪深300,3273.4282,0.2578
2024-09-03,000688.SH,科创50,674.9553,0.738
2024-09-03,000852.SH,中证1000,4572.397,0.8799
2024-09-03,000905.SH,中证500,4596.4819,1.0908
2024-09-03,000922.CSI,中证红利,4928.7821,-0.7155
2024-09-03,000998.CSI,中证TMT,1461.432,1.0388
2024-09-03,932000.CSI,中证2000,1758.2991,1.0691
2024-09-03,h30269.CSI,红利低波,9898.5714,-1.1985
2024-09-04,000300.SH,沪深300,3252.1649,-0.6496
2024-09-04,000688.SH,科创50,672.2839,-0.3958
2024-09-04,000852.SH,中证1000,4550.7697,-0.473
2024-09-04,000905.SH,中证500,4582.084,-0.3132
2024-09-04,000922.CSI,中证红利,4922.3766,-0.13
2024-09-04,000998.CSI,中证TMT,1449.6759,-0.8044
2024-09-04,932000.CSI,中证2000,1746.2709,-0.6841
2024-09-04,h30269.CSI,红利低波,9865.7194,-0.3319
2024-09-05,000300.SH,沪深300,3257.7578,0.172
2024-09-05,000688.SH,科创50,671.2645,-0.1516
2024-09-05,000852.SH,中证1000,4586.7813,0.7913
2024-09-05,000905.SH,中证500,4601.0911,0.4148
2024-09-05,000922.CSI,中证红利,4922.9052,0.0107
2024-09-05,000998.CSI,中证TMT,1456.3367,0.4595
2024-09-05,932000.CSI,中证2000,1764.6179,1.0506
2024-09-05,h30269.CSI,红利低波,9841.8366,-0.2421
2024-09-06,000300.SH,沪深300,3231.3457,-0.8107
2024-09-06,000688.SH,科创50,662.3369,-1.33
2024-09-06,000852.SH,中证1000,4508.2281,-1.7126
2024-09-06,000905.SH,中证500,4537.4544,-1.3831
2024-09-06,000922.CSI,中证红利,4875.41,-0.9648
2024-09-06,000998.CSI,中证TMT,1430.9584,-1.7426
2024-09-06,932000.CSI,中证2000,1730.5672,-1.9296
2024-09-06,h30269.CSI,红利低波,9778.5649,-0.6429
2024-09-09,000300.SH,沪深300,3192.9516,-1.1882
2024-09-09,000688.SH,科创50,654.9387,-1.117
2024-09-09,000852.SH,中证1000,4475.5315,-0.7253
2024-09-09,000905.SH,中证500,4507.1866,-0.6671
2024-09-09,000922.CSI,中证红利,4793.0864,-1.6885
2024-09-09,000998.CSI,中证TMT,1422.6104,-0.5834
2024-09-09,932000.CSI,中证2000,1726.6683,-0.2253
2024-09-09,h30269.CSI,红利低波,9613.5746,-1.6873
2024-09-10,000300.SH,沪深300,3195.7552,0.0878
2024-09-10,000688.SH,科创50,660.0144,0.775
2024-09-10,000852.SH,中证1000,4487.5755,0.2691
2024-09-10,000905.SH,中证500,4507.7074,0.0116
2024-09-10,000922.CSI,中证红利,4797.0928,0.0836
2024-09-10,000998.CSI,中证TMT,1440.1672,1.2341
2024-09-10,932000.CSI,中证2000,1737.4309,0.6233
2024-09-10,h30269.CSI,红利低波,9627.9284,0.1493
2024-09-11,000300.SH,沪深300,3186.1299,-0.3012
2024-09-11,000688.SH,科创50,664.332,0.6542
2024-09-11,000852.SH,中证1000,4486.0066,-0.035
2024-09-11,000905.SH,中证500,4514.9158,0.1599
2024-09-11,000922.CSI,中证红利,4703.9782,-1.9411
2024-09-11,000998.CSI,中证TMT,1439.5567,-0.0424
2024-09-11,932000.CSI,中证2000,1724.023,-0.7717
2024-09-11,h30269.CSI,红利低波,9389.1495,-2.4801
2024-09-12,000300.SH,沪深300,3172.4747,-0.4286
2024-09-12,000688.SH,科创50,658.8536,-0.8246
2024-09-12,000852.SH,中证1000,4468.7439,-0.3848
2024-09-12,000905.SH,中证500,4496.5919,-0.4059
2024-09-12,000922.CSI,中证红利,4717.8606,0.2951
2024-09-12,000998.CSI,中证TMT,1425.131,-1.0021
2024-09-12,932000.CSI,中证2000,1721.7225,-0.1334
2024-09-12,h30269.CSI,红利低波,9436.2061,0.5012
2024-09-13,000300.SH,沪深300,3159.247,-0.417
2024-09-13,000688.SH,科创50,655.0456,-0.578
2024-09-13,000852.SH,中证1000,4413.1872,-1.2432
2024-09-13,000905.SH,中证500,4450.9587,-1.0148
2024-09-13,000922.CSI,中证红利,4696.5703,-0.4513
2024-09-13,000998.CSI,中证TMT,1419.0144,-0.4292
2024-09-13,932000.CSI,中证2000,1695.7567,-1.5081
2024-09-13,h30269.CSI,红利低波,9402.7579,-0.3545
2024-09-18,000300.SH,沪深300,3171.0102,0.3723
2024-09-18,000688.SH,科创50,647.4088,-1.1658
2024-09-18,000852.SH,中证1000,4399.1332,-0.3185
2024-09-18,000905.SH,中证500,4462.8701,0.2676
2024-09-18,000922.CSI,中证红利,4750.4738,1.1477
2024-09-18,000998.CSI,中证TMT,1406.6981,-0.8679
2024-09-18,932000.CSI,中证2000,1684.9222,-0.6389
2024-09-18,h30269.CSI,红利低波,9533.3416,1.3888
2024-09-19,000300.SH,沪深300,3196.0357,0.7892
2024-09-19,000688.SH,科创50,651.466,0.6267
2024-09-19,000852.SH,中证1000,4482.2746,1.8899
2024-09-19,000905.SH,中证500,4520.3939,1.2889
2024-09-19,000922.CSI,中证红利,4765.3502,0.3132
2024-09-19,000998.CSI,中证TMT,1419.8801,0.9371
2024-09-19,932000.CSI,中证2000,1725.4217,2.4036
2024-09-19,h30269.CSI,红利低波,9543.2402,0.1038
2024-09-20,000300.SH,沪深300,3201.0497,0.1569
2024-09-20,000688.SH,科创50,648.3597,-0.4768
2024-09-20,000852.SH,中证1000,4463.3561,-0.4221
2024-09-20,000905.SH,中证500,4498.3901,-0.4868
2024-09-20,000922.CSI,中证红利,4759.7892,-0.1167
2024-09-20,000998.CSI,中证TMT,1420.6851,0.0567
2024-09-20,932000.CSI,中证2000,1723.3003,-0.1229
2024-09-20,h30269.CSI,红利低波,9525.6111,-0.1847
2024-09-23,000300.SH,沪深300,3212.7639,0.3659
2024-09-23,000688.SH,科创50,643.042,-0.8202
2024-09-23,000852.SH,中证1000,4469.1326,0.1294
2024-09-23,000905.SH,中证500,4494.6878,-0.0823
2024-09-23,000922.CSI,中证红利,4810.4077,1.0635
2024-09-23,000998.CSI,中证TMT,1414.2418,-0.4535
2024-09-23,932000.CSI,中证2000,1729.4002,0.354
2024-09-23,h30269.CSI,红利低波,9640.1023,1.2019
2024-09-24,000300.SH,沪深300,3351.909,4.331
2024-09-24,000688.SH,科创50,667.0485,3.7333
2024-09-24,000852.SH,中证1000,4642.5577,3.8805
2024-09-24,000905.SH,中证500,4689.5964,4.3364
2024-09-24,000922.CSI,中证红利,5025.9754,4.4813
2024-09-24,000998.CSI,中证TMT,1471.3217,4.0361
2024-09-24,932000.CSI,中证2000,1784.4117,3.181
2024-09-24,h30269.CSI,红利低波,10065.913,4.4171
2024-09-25,000300.SH,沪深300,3401.533,1.4805
2024-09-25,000688.SH,科创50,667.3379,0.0434
2024-09-25,000852.SH,中证1000,4686.2584,0.9413
2024-09-25,000905.SH,中证500,4731.4755,0.893
2024-09-25,000922.CSI,中证红利,5093.9793,1.353
2024-09-25,000998.CSI,中证TMT,1480.1587,0.6006
2024-09-25,932000.CSI,中证2000,1806.7082,1.2495
2024-09-25,h30269.CSI,红利低波,10224.6086,1.5766
2024-09-26,000300.SH,沪深300,3545.3204,4.2271
2024-09-26,000688.SH,科创50,693.1492,3.8678
2024-09-26,000852.SH,中证1000,4874.1321,4.009
2024-09-26,000905.SH,中证500,4938.1839,4.3688
2024-09-26,000922.CSI,中证红利,5279.0662,3.6334
2024-09-26,000998.CSI,中证TMT,1535.7271,3.7542
2024-09-26,932000.CSI,中证2000,1861.5923,3.0378
2024-09-26,h30269.CSI,红利低波,10532.421,3.0105
2024-09-27,000300.SH,沪深300,3703.6849,4.4669
2024-09-27,000688.SH,科创50,740.0157,6.7614
2024-09-27,000852.SH,中证1000,5136.4408,5.3816
2024-09-27,000905.SH,中证500,5201.6656,5.3356
2024-09-27,000922.CSI,中证红利,5355.8896,1.4552
2024-09-27,000998.CSI,中证TMT,1639.3261,6.7459
2024-09-27,932000.CSI,中证2000,1950.0088,4.7495
2024-09-27,h30269.CSI,红利低波,10555.082,0.2152
2024-09-30,000300.SH,沪深300,4017.8545,8.4826
2024-09-30,000688.SH,科创50,872.3652,17.8847
2024-09-30,000852.SH,中证1000,5708.8258,11.1436
2024-09-30,000905.SH,中证500,5743.217,10.4111
2024-09-30,000922.CSI,中证红利,5699.2907,6.4117
2024-09-30,000998.CSI,中证TMT,1848.3141,12.7484
2024-09-30,932000.CSI,中证2000,2166.1692,11.0851
2024-09-30,h30269.CSI,红利低波,11170.9987,5.8353
2024-10-08,000300.SH,沪深300,4256.0962,5.9296
2024-10-08,000688.SH,科创50,1023.9671,17.3783
2024-10-08,000852.SH,中证1000,6201.9854,8.6385
2024-10-08,000905.SH,中证500,6155.5817,7.18
2024-10-08,000922.CSI,中证红利,5753.6297,0.9534
2024-10-08,000998.CSI,中证TMT,2079.3116,12.4977
2024-10-08,932000.CSI,中证2000,2353.9612,8.6693
2024-10-08,h30269.CSI,红利低波,11308.2865,1.229
2024-10-09,000300.SH,沪深300,3955.9839,-7.0514
2024-10-09,000688.SH,科创50,997.8521,-2.5504
2024-10-09,000852.SH,中证1000,5727.38,-7.6525
2024-10-09,000905.SH,中证500,5735.641,-6.8221
2024-10-09,000922.CSI,中证红利,5313.8236,-7.644
2024-10-09,000998.CSI,中证TMT,1997.9559,-3.9126
2024-10-09,932000.CSI,中证2000,2133.5609,-9.363
2024-10-09,h30269.CSI,红利低波,10499.8165,-7.1494
2024-10-10,000300.SH,沪深300,3997.7879,1.0567
2024-10-10,000688.SH,科创50,954.1719,-4.3774
2024-10-10,000852.SH,中证1000,5654.5298,-1.272
2024-10-10,000905.SH,中证500,5690.8822,-0.7804
2024-10-10,000922.CSI,中证红利,5478.7381,3.1035
2024-10-10,000998.CSI,中证TMT,1926.2375,-3.5896
2024-10-10,932000.CSI,中证2000,2131.2704,-0.1074
2024-10-10,h30269.CSI,红利低波,10931.0261,4.1068
2024-10-11,000300.SH,沪深300,3887.167,-2.7671
2024-10-11,000688.SH,科创50,898.8987,-5.7928
2024-10-11,000852.SH,中证1000,5416.7576,-4.205
2024-10-11,000905.SH,中证500,5470.8133,-3.867
2024-10-11,000922.CSI,中证红利,5382.6171,-1.7544
2024-10-11,000998.CSI,中证TMT,1823.5935,-5.3287
2024-10-11,932000.CSI,中证2000,2046.3114,-3.9863
2024-10-11,h30269.CSI,红利低波,10714.1822,-1.9837
2024-10-14,000300.SH,沪深300,3961.3424,1.9082
2024-10-14,000688.SH,科创50,925.9552,3.01
2024-10-14,000852.SH,中证1000,5615.7563,3.6738
2024-10-14,000905.SH,中证500,5608.153,2.5104
2024-10-14,000922.CSI,中证红利,5524.007,2.6268
2024-10-14,000998.CSI,中证TMT,1888.3457,3.5508
2024-10-14,932000.CSI,中证2000,2121.2369,3.6615
2024-10-14,h30269.CSI,红利低波,11051.0705,3.1443
2024-10-15,000300.SH,沪深300,3855.9949,-2.6594
2024-10-15,000688.SH,科创50,898.8269,-2.9298
2024-10-15,000852.SH,中证1000,5507.1758,-1.9335
2024-10-15,000905.SH,中证500,5472.56,-2.4178
2024-10-15,000922.CSI,中证红利,5400.9686,-2.2273
2024-10-15,000998.CSI,中证TMT,1849.2918,-2.0682
2024-10-15,932000.CSI,中证2000,2096.4245,-1.1697
2024-10-15,h30269.CSI,红利低波,10812.4046,-2.1597
2024-10-16,000300.SH,沪深300,3831.589,-0.6329
2024-10-16,000688.SH,科创50,875.689,-2.5742
2024-10-16,000852.SH,中证1000,5524.2546,0.3101
2024-10-16,000905.SH,中证500,5461.0877,-0.2096
2024-10-16,000922.CSI,中证红利,5474.8487,1.3679
2024-10-16,000998.CSI,中证TMT,1814.2062,-1.8972
2024-10-16,932000.CSI,中证2000,2108.0424,0.5542
2024-10-16,h30269.CSI,红利低波,10998.0215,1.7167
2024-10-17,000300.SH,沪深300,3788.2217,-1.1318
2024-10-17,000688.SH,科创50,879.0962,0.3891
2024-10-17,000852.SH,中证1000,5505.6149,-0.3374
2024-10-17,000905.SH,中证500,5418.9883,-0.7709
2024-10-17,000922.CSI,中证红利,5383.4212,-1.67
2024-10-17,000998.CSI,中证TMT,1828.5551,0.7909
2024-10-17,932000.CSI,中证2000,2106.2514,-0.085
2024-10-17,h30269.CSI,红利低波,10854.9156,-1.3012
2024-10-18,000300.SH,沪深300,3925.234,3.6168
2024-10-18,000688.SH,科创50,978.661,11.3258
2024-10-18,000852.SH,中证1000,5749.4341,4.4286
2024-10-18,000905.SH,中证500,5640.0198,4.0788
2024-10-18,000922.CSI,中证红利,5430.0753,0.8666
2024-10-18,000998.CSI,中证TMT,1961.5178,7.2715
2024-10-18,932000.CSI,中证2000,2170.7608,3.0628
2024-10-18,h30269.CSI,红利低波,10918.9084,0.5895
2024-10-21,000300.SH,沪深300,3935.1974,0.2538
2024-10-21,000688.SH,科创50,1000.3748,2.2187
2024-10-21,000852.SH,中证1000,5860.5711,1.933
2024-10-21,000905.SH,中证500,5704.225,1.1384
2024-10-21,000922.CSI,中证红利,5394.9871,-0.6462
2024-10-21,000998.CSI,中证TMT,2000.4449,1.9845
2024-10-21,932000.CSI,中证2000,2225.8743,2.5389
2024-10-21,h30269.CSI,红利低波,10843.7076,-0.6887
2024-10-22,000300.SH,沪深300,3957.7755,0.5737
2024-10-22,000688.SH,科创50,985.8337,-1.4536
2024-10-22,000852.SH,中证1000,5888.8148,0.4819
2024-10-22,000905.SH,中证500,5753.8497,0.87
2024-10-22,000922.CSI,中证红利,5429.9226,0.6476
2024-10-22,000998.CSI,中证TMT,1988.18,-0.6131
2024-10-22,932000.CSI,中证2000,2245.2956,0.8725
2024-10-22,h30269.CSI,红利低波,10897.2043,0.4933
2024-10-23,000300.SH,沪深300,3973.2089,0.39
2024-10-23,000688.SH,科创50,979.1514,-0.6778
2024-10-23,000852.SH,中证1000,5903.5783,0.2507
2024-10-23,000905.SH,中证500,5776.383,0.3916
2024-10-23,000922.CSI,中证红利,5439.0771,0.1686
2024-10-23,000998.CSI,中证TMT,1967.2413,-1.0532
2024-10-23,932000.CSI,中证2000,2246.4357,0.0508
2024-10-23,h30269.CSI,红利低波,10881.2436,-0.1465
2024-10-24,000300.SH,沪深300,3928.8334,-1.1169
2024-10-24,000688.SH,科创50,977.6005,-0.1584
2024-10-24,000852.SH,中证1000,5861.6319,-0.7105
2024-10-24,000905.SH,中证500,5726.7041,-0.86
2024-10-24,000922.CSI,中证红利,5411.0452,-0.5154
2024-10-24,000998.CSI,中证TMT,1955.3809,-0.6029
2024-10-24,932000.CSI,中证2000,2244.9642,-0.0655
2024-10-24,h30269.CSI,红利低波,10825.9172,-0.5085
2024-10-25,000300.SH,沪深300,3956.421,0.7022
2024-10-25,000688.SH,科创50,991.2156,1.3927
2024-10-25,000852.SH,中证1000,5974.9086,1.9325
2024-10-25,000905.SH,中证500,5809.6879,1.4491
2024-10-25,000922.CSI,中证红利,5416.0412,0.0923
2024-10-25,000998.CSI,中证TMT,1975.6148,1.0348
2024-10-25,932000.CSI,中证2000,2298.2709,2.3745
2024-10-25,h30269.CSI,红利低波,10788.7813,-0.343
2024-10-28,000300.SH,沪深300,3964.1569,0.1955
2024-10-28,000688.SH,科创50,986.5596,-0.4697
2024-10-28,000852.SH,中证1000,6082.0877,1.7938
2024-10-28,000905.SH,中证500,5883.7203,1.2743
2024-10-28,000922.CSI,中证红利,5469.8608,0.9937
2024-10-28,000998.CSI,中证TMT,1978.4157,0.1418
2024-10-28,932000.CSI,中证2000,2366.5709,2.9718
2024-10-28,h30269.CSI,红利低波,10826.772,0.3521
2024-10-29,000300.SH,沪深300,3924.649,-0.9966
2024-10-29,000688.SH,科创50,975.3716,-1.134
2024-10-29,000852.SH,中证1000,5983.8364,-1.6154
2024-10-29,000905.SH,中证500,5812.5286,-1.21
2024-10-29,000922.CSI,中证红利,5386.3328,-1.5271
2024-10-29,000998.CSI,中证TMT,1977.3213,-0.0553
2024-10-29,932000.CSI,中证2000,2321.3292,-1.9117
2024-10-29,h30269.CSI,红利低波,10673.0251,-1.4201
2024-10-30,000300.SH,沪深300,3889.4487,-0.8969
2024-10-30,000688.SH,科创50,958.8217,-1.6968
2024-10-30,000852.SH,中证1000,6019.3472,0.5934
2024-10-30,000905.SH,中证500,5837.9338,0.4371
2024-10-30,000922.CSI,中证红利,5339.5949,-0.8677
2024-10-30,000998.CSI,中证TMT,1972.8948,-0.2239
2024-10-30,932000.CSI,中证2000,2334.1643,0.5529
2024-10-30,h30269.CSI,红利低波,10593.387,-0.7462
2024-10-31,000300.SH,沪深300,3891.0396,0.0409
2024-10-31,000688.SH,科创50,969.4476,1.1082
2024-10-31,000852.SH,中证1000,6116.6632,1.6167
2024-10-31,000905.SH,中证500,5901.2904,1.0853
2024-10-31,000922.CSI,中证红利,5319.4112,-0.378
2024-10-31,000998.CSI,中证TMT,1995.1867,1.1299
2024-10-31,932000.CSI,中证2000,2377.0018,1.8352
2024-10-31,h30269.CSI,红利低波,10575.9616,-0.1645
2024-11-01,000300.SH,沪深300,3890.0203,-0.0262
2024-11-01,000688.SH,科创50,939.7644,-3.0619
2024-11-01,000852.SH,中证1000,5930.2319,-3.0479
2024-11-01,000905.SH,中证500,5831.8217,-1.1772
2024-11-01,000922.CSI,中证红利,5360.4175,0.7709
2024-11-01,000998.CSI,中证TMT,1933.0069,-3.1165
2024-11-01,932000.CSI,中证2000,2274.5729,-4.3092
2024-11-01,h30269.CSI,红利低波,10674.3449,0.9303
2024-11-04,000300.SH,沪深300,3944.7619,1.4072
2024-11-04,000688.SH,科创50,954.6673,1.5858
2024-11-04,000852.SH,中证1000,6053.1116,2.0721
2024-11-04,000905.SH,中证500,5928.9085,1.6648
2024-11-04,000922.CSI,中证红利,5406.5488,0.8606
2024-11-04,000998.CSI,中证TMT,1967.4312,1.7809
2024-11-04,932000.CSI,中证2000,2321.0845,2.0448
2024-11-04,h30269.CSI,红利低波,10777.9611,0.9707
2024-11-05,000300.SH,沪深300,4044.5725,2.5302
2024-11-05,000688.SH,科创50,996.1688,4.3472
2024-11-05,000852.SH,中证1000,6266.5423,3.526
2024-11-05,000905.SH,中证500,6111.9707,3.0876
2024-11-05,000922.CSI,中证红利,5475.9018,1.2828
2024-11-05,000998.CSI,中证TMT,2056.5648,4.5305
2024-11-05,932000.CSI,中证2000,2395.0998,3.1888
2024-11-05,h30269.CSI,红利低波,10909.2133,1.2178
2024-11-06,000300.SH,沪深300,4024.2831,-0.5016
2024-11-06,000688.SH,科创50,998.0947,0.1933
2024-11-06,000852.SH,中证1000,6293.1933,0.4253
2024-11-06,000905.SH,中证500,6125.7868,0.226
2024-11-06,000922.CSI,中证红利,5455.843,-0.3663
2024-11-06,000998.CSI,中证TMT,2070.7852,0.6915
2024-11-06,932000.CSI,中证2000,2416.5875,0.8972
2024-11-06,h30269.CSI,红利低波,10876.7189,-0.2979
2024-11-07,000300.SH,沪深300,4145.6952,3.017
2024-11-07,000688.SH,科创50,1028.4392,3.0402
2024-11-07,000852.SH,中证1000,6403.9175,1.7594
2024-11-07,000905.SH,中证500,6239.5598,1.8573
2024-11-07,000922.CSI,中证红利,5564.8524,1.998
2024-11-07,000998.CSI,中证TMT,2124.4111,2.5896
2024-11-07,932000.CSI,中证2000,2473.049,2.3364
2024-11-07,h30269.CSI,红利低波,11055.5977,1.6446
2024-11-08,000300.SH,沪深300,4104.047,-1.0046
2024-11-08,000688.SH,科创50,1025.6365,-0.2725
2024-11-08,000852.SH,中证1000,6423.1217,0.2999
2024-11-08,000905.SH,中证500,6222.445,-0.2743
2024-11-08,000922.CSI,中证红利,5489.2792,-1.358
2024-11-08,000998.CSI,中证TMT,2133.9946,0.4511
2024-11-08,932000.CSI,中证2000,2482.1227,0.3669
2024-11-08,h30269.CSI,红利低波,10899.1163,-1.4154
2024-11-11,000300.SH,沪深300,4131.1312,0.6599
2024-11-11,000688.SH,科创50,1073.8353,4.6994
2024-11-11,000852.SH,中证1000,6579.0054,2.4269
2024-11-11,000905.SH,中证500,6330.6152,1.7384
2024-11-11,000922.CSI,中证红利,5449.7675,-0.7198
2024-11-11,000998.CSI,中证TMT,2239.3526,4.9371
2024-11-11,932000.CSI,中证2000,2537.5929,2.2348
2024-11-11,h30269.CSI,红利低波,10814.3822,-0.7774
2024-11-12,000300.SH,沪深300,4085.743,-1.0987
2024-11-12,000688.SH,科创50,1050.5373,-2.1696
2024-11-12,000852.SH,中证1000,6491.9723,-1.3229
2024-11-12,000905.SH,中证500,6263.883,-1.0541
2024-11-12,000922.CSI,中证红利,5421.2598,-0.5231
2024-11-12,000998.CSI,中证TMT,2206.017,-1.4886
2024-11-12,932000.CSI,中证2000,2507.4179,-1.1891
2024-11-12,h30269.CSI,红利低波,10719.1552,-0.8806
2024-11-13,000300.SH,沪深300,4110.8901,0.6155
2024-11-13,000688.SH,科创50,1061.366,1.0308
2024-11-13,000852.SH,中证1000,6474.3941,-0.2708
2024-11-13,000905.SH,中证500,6259.8412,-0.0645
2024-11-13,000922.CSI,中证红利,5443.0658,0.4022
2024-11-13,000998.CSI,中证TMT,2228.7501,1.0305
2024-11-13,932000.CSI,中证2000,2508.8272,0.0562
2024-11-13,h30269.CSI,红利低波,10774.8727,0.5198
2024-11-14,000300.SH,沪深300,4039.6191,-1.7337
2024-11-14,000688.SH,科创50,1027.316,-3.2081
2024-11-14,000852.SH,中证1000,6272.1911,-3.1231
2024-11-14,000905.SH,中证500,6078.3051,-2.9
2024-11-14,000922.CSI,中证红利,5372.7974,-1.291
2024-11-14,000998.CSI,中证TMT,2140.7991,-3.9462
2024-11-14,932000.CSI,中证2000,2430.5804,-3.1189
2024-11-14,h30269.CSI,红利低波,10699.4585,-0.6999
2024-11-15,000300.SH,沪深300,3968.8308,-1.7524
2024-11-15,000688.SH,科创50,986.8755,-3.9365
2024-11-15,000852.SH,中证1000,6125.5126,-2.3386
2024-11-15,000905.SH,中证500,5924.4834,-2.5307
2024-11-15,000922.CSI,中证红利,5356.6248,-0.301
2024-11-15,000998.CSI,中证TMT,2072.0586,-3.211
2024-11-15,932000.CSI,中证2000,2378.0039,-2.1631
2024-11-15,h30269.CSI,红利低波,10675.2986,-0.2258
2024-11-18,000300.SH,沪深300,3950.3806,-0.4649
2024-11-18,000688.SH,科创50,968.7133,-1.8404
2024-11-18,000852.SH,中证1000,5974.5576,-2.4644
2024-11-18,000905.SH,中证500,5833.0358,-1.5436
2024-11-18,000922.CSI,中证红利,5444.9964,1.6498
2024-11-18,000998.CSI,中证TMT,1997.6693,-3.5901
2024-11-18,932000.CSI,中证2000,2307.7814,-2.953
2024-11-18,h30269.CSI,红利低波,10849.5111,1.6319
2024-11-19,000300.SH,沪深300,3976.8912,0.6711
2024-11-19,000688.SH,科创50,998.0149,3.0248
2024-11-19,000852.SH,中证1000,6130.2848,2.6065
2024-11-19,000905.SH,中证500,5936.6015,1.7755
2024-11-19,000922.CSI,中证红利,5449.5065,0.0828
2024-11-19,000998.CSI,中证TMT,2050.2797,2.6336
2024-11-19,932000.CSI,中证2000,2379.7421,3.1182
2024-11-19,h30269.CSI,红利低波,10875.0624,0.2355
2024-11-20,000300.SH,沪深300,3985.7727,0.2233
2024-11-20,000688.SH,科创50,1002.5392,0.4533
2024-11-20,000852.SH,中证1000,6250.8029,1.9659
2024-11-20,000905.SH,中证500,5992.3904,0.9397
2024-11-20,000922.CSI,中证红利,5465.7674,0.2984
2024-11-20,000998.CSI,中证TMT,2064.3934,0.6884
2024-11-20,932000.CSI,中证2000,2444.9983,2.7422
2024-11-20,h30269.CSI,红利低波,10895.7256,0.19
2024-11-21,000300.SH,沪深300,3989.2979,0.0884
2024-11-21,000688.SH,科创50,1011.463,0.8901
2024-11-21,000852.SH,中证1000,6262.1644,0.1818
2024-11-21,000905.SH,中证500,5985.3128,-0.1181
2024-11-21,000922.CSI,中证红利,5461.1526,-0.0844
2024-11-21,000998.CSI,中证TMT,2068.0316,0.1762
2024-11-21,932000.CSI,中证2000,2453.8735,0.363
2024-11-21,h30269.CSI,红利低波,10867.6432,-0.2577
2024-11-22,000300.SH,沪深300,3865.6989,-3.0983
2024-11-22,000688.SH,科创50,969.3527,-4.1633
2024-11-22,000852.SH,中证1000,6030.4882,-3.6996
2024-11-22,000905.SH,中证500,5750.2457,-3.9274
2024-11-22,000922.CSI,中证红利,5312.3291,-2.7251
2024-11-22,000998.CSI,中证TMT,1989.959,-3.7752
2024-11-22,932000.CSI,中证2000,2371.1367,-3.3717
2024-11-22,h30269.CSI,红利低波,10594.0029,-2.5179
2024-11-25,000300.SH,沪深300,3848.0909,-0.4555
2024-11-25,000688.SH,科创50,957.9209,-1.1793
2024-11-25,000852.SH,中证1000,6052.1287,0.3589
2024-11-25,000905.SH,中证500,5735.6493,-0.2538
2024-11-25,000922.CSI,中证红利,5320.6061,0.1558
2024-11-25,000998.CSI,中证TMT,1971.2075,-0.9423
2024-11-25,932000.CSI,中证2000,2407.8501,1.5483
2024-11-25,h30269.CSI,红利低波,10613.1263,0.1805
2024-11-26,000300.SH,沪深300,3840.1847,-0.2055
2024-11-26,000688.SH,科创50,951.5932,-0.6606
2024-11-26,000852.SH,中证1000,5981.5699,-1.1659
2024-11-26,000905.SH,中证500,5690.4792,-0.7875
2024-11-26,000922.CSI,中证红利,5322.6275,0.038
2024-11-26,000998.CSI,中证TMT,1955.9381,-0.7746
2024-11-26,932000.CSI,中证2000,2377.6208,-1.2554
2024-11-26,h30269.CSI,红利低波,10641.6068,0.2684
2024-11-27,000300.SH,沪深300,3907.0447,1.7411
2024-11-27,000688.SH,科创50,985.9746,3.613
2024-11-27,000852.SH,中证1000,6118.6636,2.2919
2024-11-27,000905.SH,中证500,5804.9368,2.0114
2024-11-27,000922.CSI,中证红利,5380.4305,1.086
2024-11-27,000998.CSI,中证TMT,2018.854,3.2167
2024-11-27,932000.CSI,中证2000,2418.5787,1.7226
2024-11-27,h30269.CSI,红利低波,10771.441,1.2201
2024-11-28,000300.SH,沪深300,3872.5505,-0.8829
2024-11-28,000688.SH,科创50,983.6834,-0.2324
2024-11-28,000852.SH,中证1000,6086.0852,-0.5324
2024-11-28,000905.SH,中证500,5757.5965,-0.8155
2024-11-28,000922.CSI,中证红利,5358.4271,-0.409
2024-11-28,000998.CSI,中证TMT,2004.2945,-0.7212
2024-11-28,932000.CSI,中证2000,2427.5938,0.3727
2024-11-28,h30269.CSI,红利低波,10732.8825,-0.358
2024-11-29,000300.SH,沪深300,3916.5832,1.137
2024-11-29,000688.SH,科创50,1007.3914,2.4101
2024-11-29,000852.SH,中证1000,6189.1276,1.6931
2024-11-29,000905.SH,中证500,5851.9385,1.6386
2024-11-29,000922.CSI,中证红利,5392.2418,0.6311
2024-11-29,000998.CSI,中证TMT,2046.424,2.102
2024-11-29,932000.CSI,中证2000,2471.1295,1.7934
2024-11-29,h30269.CSI,红利低波,10762.8183,0.2789
2024-12-02,000300.SH,沪深300,3947.632,0.7928
2024-12-02,000688.SH,科创50,1015.7865,0.8334
2024-12-02,000852.SH,中证1000,6313.6077,2.0113
2024-12-02,000905.SH,中证500,5943.6245,1.5668
2024-12-02,000922.CSI,中证红利,5420.6133,0.5262
2024-12-02,000998.CSI,中证TMT,2070.1133,1.1576
2024-12-02,932000.CSI,中证2000,2531.7734,2.4541
2024-12-02,h30269.CSI,红利低波,10775.879,0.1214
2024-12-03,000300.SH,沪深300,3951.8912,0.1079
2024-12-03,000688.SH,科创50,1005.2649,-1.0358
2024-12-03,000852.SH,中证1000,6303.2758,-0.1636
2024-12-03,000905.SH,中证500,5932.1207,-0.1935
2024-12-03,000922.CSI,中证红利,5475.9073,1.0201
2024-12-03,000998.CSI,中证TMT,2046.0305,-1.1634
2024-12-03,932000.CSI,中证2000,2540.511,0.3451
2024-12-03,h30269.CSI,红利低波,10909.2108,1.2373
2024-12-04,000300.SH,沪深300,3930.5568,-0.5399
2024-12-04,000688.SH,科创50,999.3577,-0.5876
2024-12-04,000852.SH,中证1000,6204.9448,-1.56
2024-12-04,000905.SH,中证500,5879.2695,-0.8909
2024-12-04,000922.CSI,中证红利,5483.936,0.1466
2024-12-04,000998.CSI,中证TMT,2032.139,-0.6789
2024-12-04,932000.CSI,中证2000,2504.7565,-1.4074
2024-12-04,h30269.CSI,红利低波,10937.8135,0.2622
2024-12-05,000300.SH,沪深300,3921.5881,-0.2282
2024-12-05,000688.SH,科创50,1001.8442,0.2488
2024-12-05,000852.SH,中证1000,6285.6007,1.2999
2024-12-05,000905.SH,中证500,5901.9859,0.3864
2024-12-05,000922.CSI,中证红利,5474.808,-0.1664
2024-12-05,000998.CSI,中证TMT,2042.4763,0.5087
2024-12-05,932000.CSI,中证2000,2547.4249,1.7035
2024-12-05,h30269.CSI,红利低波,10932.1559,-0.0517
2024-12-06,000300.SH,沪深300,3973.1405,1.3146
2024-12-06,000688.SH,科创50,1014.4463,1.2579
2024-12-06,000852.SH,中证1000,6349.6211,1.0185
2024-12-06,000905.SH,中证500,5979.197,1.3082
2024-12-06,000922.CSI,中证红利,5549.6856,1.3677
2024-12-06,000998.CSI,中证TMT,2071.9749,1.4443
2024-12-06,932000.CSI,中证2000,2570.6753,0.9127
2024-12-06,h30269.CSI,红利低波,11066.5012,1.2289
2024-12-09,000300.SH,沪深300,3966.5708,-0.1654
2024-12-09,000688.SH,科创50,1003.3821,-1.0907
2024-12-09,000852.SH,中证1000,6303.2721,-0.7299
2024-12-09,000905.SH,中证500,5947.1089,-0.5367
2024-12-09,000922.CSI,中证红利,5558.7796,0.1639
2024-12-09,000998.CSI,中证TMT,2053.1325,-0.9094
2024-12-09,932000.CSI,中证2000,2566.7099,-0.1543
2024-12-09,h30269.CSI,红利低波,11104.619,0.3444
2024-12-10,000300.SH,沪深300,3995.6369,0.7328
2024-12-10,000688.SH,科创50,1010.9107,0.7503
2024-12-10,000852.SH,中证1000,6362.0203,0.932
2024-12-10,000905.SH,中证500,5992.0937,0.7564
2024-12-10,000922.CSI,中证红利,5559.8859,0.0199
2024-12-10,000998.CSI,中证TMT,2069.9821,0.8207
2024-12-10,932000.CSI,中证2000,2592.3694,0.9997
2024-12-10,h30269.CSI,红利低波,11109.6332,0.0452
2024-12-11,000300.SH,沪深300,3988.8308,-0.1703
2024-12-11,000688.SH,科创50,1007.1881,-0.3682
2024-12-11,000852.SH,中证1000,6447.3744,1.3416
2024-12-11,000905.SH,中证500,6047.105,0.9181
2024-12-11,000922.CSI,中证红利,5587.8027,0.5021
2024-12-11,000998.CSI,中证TMT,2083.7035,0.6629
2024-12-11,932000.CSI,中证2000,2635.5793,1.6668
2024-12-11,h30269.CSI,红利低波,11113.4366,0.0342
2024-12-12,000300.SH,沪深300,4028.5048,0.9946
2024-12-12,000688.SH,科创50,1010.8952,0.3681
2024-12-12,000852.SH,中证1000,6490.1455,0.6634
2024-12-12,000905.SH,中证500,6100.3945,0.8812
2024-12-12,000922.CSI,中证红利,5609.6793,0.3915
2024-12-12,000998.CSI,中证TMT,2093.3062,0.4608
2024-12-12,932000.CSI,中证2000,2663.7905,1.0704
2024-12-12,h30269.CSI,红利低波,11144.9246,0.2833
2024-12-13,000300.SH,沪深300,3933.1808,-2.3662
2024-12-13,000688.SH,科创50,989.7763,-2.0891
2024-12-13,000852.SH,中证1000,6354.9883,-2.0825
2024-12-13,000905.SH,中证500,5988.292,-1.8376
2024-12-13,000922.CSI,中证红利,5511.5625,-1.7491
2024-12-13,000998.CSI,中证TMT,2063.9898,-1.4005
2024-12-13,932000.CSI,中证2000,2621.8223,-1.5755
2024-12-13,h30269.CSI,红利低波,10939.0218,-1.8475
2024-12-16,000300.SH,沪深300,3911.8416,-0.5425
2024-12-16,000688.SH,科创50,975.2684,-1.4658
2024-12-16,000852.SH,中证1000,6277.5162,-1.2191
2024-12-16,000905.SH,中证500,5912.6014,-1.264
2024-12-16,000922.CSI,中证红利,5557.6935,0.837
2024-12-16,000998.CSI,中证TMT,2034.4786,-1.4298
2024-12-16,932000.CSI,中证2000,2602.4299,-0.7397
2024-12-16,h30269.CSI,红利低波,11108.819,1.5522
2024-12-17,000300.SH,沪深300,3922.0334,0.2605
2024-12-17,000688.SH,科创50,967.2764,-0.8195
2024-12-17,000852.SH,中证1000,6143.9436,-2.1278
2024-12-17,000905.SH,中证500,5848.1628,-1.0899
2024-12-17,000922.CSI,中证红利,5537.6366,-0.3609
2024-12-17,000998.CSI,中证TMT,2024.8197,-0.4748
2024-12-17,932000.CSI,中证2000,2487.4074,-4.4198
2024-12-17,h30269.CSI,红利低波,11099.028,-0.0881
2024-12-18,000300.SH,沪深300,3941.89,0.5063
2024-12-18,000688.SH,科创50,981.5127,1.4718
2024-12-18,000852.SH,中证1000,6195.8677,0.8451
2024-12-18,000905.SH,中证500,5888.6162,0.6917
2024-12-18,000922.CSI,中证红利,5571.9799,0.6202
2024-12-18,000998.CSI,中证TMT,2054.2378,1.4529
2024-12-18,932000.CSI,中证2000,2508.2061,0.8362
2024-12-18,h30269.CSI,红利低波,11184.3712,0.7689
2024-12-19,000300.SH,沪深300,3945.4635,0.0907
2024-12-19,000688.SH,科创50,993.0019,1.1706
2024-12-19,000852.SH,中证1000,6207.1862,0.1827
2024-12-19,000905.SH,中证500,5901.9155,0.2258
2024-12-19,000922.CSI,中证红利,5518.3695,-0.9621
2024-12-19,000998.CSI,中证TMT,2104.9276,2.4676
2024-12-19,932000.CSI,中证2000,2512.3021,0.1633
2024-12-19,h30269.CSI,红利低波,11066.1367,-1.0571
2024-12-20,000300.SH,沪深300,3927.7441,-0.4491
2024-12-20,000688.SH,科创50,1011.2093,1.8336
2024-12-20,000852.SH,中证1000,6271.7532,1.0402
2024-12-20,000905.SH,中证500,5917.1751,0.2586
2024-12-20,000922.CSI,中证红利,5472.4159,-0.8327
2024-12-20,000998.CSI,中证TMT,2125.0246,0.9548
2024-12-20,932000.CSI,中证2000,2545.813,1.3339
2024-12-20,h30269.CSI,红利低波,10984.38,-0.7388
2024-12-23,000300.SH,沪深300,3933.5718,0.1484
2024-12-23,000688.SH,科创50,998.6073,-1.2462
2024-12-23,000852.SH,中证1000,6096.3813,-2.7962
2024-12-23,000905.SH,中证500,5818.551,-1.6667
2024-12-23,000922.CSI,中证红利,5475.1306,0.0496
2024-12-23,000998.CSI,中证TMT,2083.3071,-1.9632
2024-12-23,932000.CSI,中证2000,2421.6529,-4.877
2024-12-23,h30269.CSI,红利低波,11018.5996,0.3115
2024-12-24,000300.SH,沪深300,3983.6882,1.2741
2024-12-24,000688.SH,科创50,1014.017,1.5431
2024-12-24,000852.SH,中证1000,6164.3605,1.1151
2024-12-24,000905.SH,中证500,5895.2595,1.3183
2024-12-24,000922.CSI,中证红利,5537.9309,1.147
2024-12-24,000998.CSI,中证TMT,2104.3781,1.0114
2024-12-24,932000.CSI,中证2000,2445.9536,1.0035
2024-12-24,h30269.CSI,红利低波,11135.6282,1.0621
2024-12-25,000300.SH,沪深300,3985.6291,0.0487
2024-12-25,000688.SH,科创50,1017.3567,0.3294
2024-12-25,000852.SH,中证1000,6094.6866,-1.1303
2024-12-25,000905.SH,中证500,5840.2889,-0.9325
2024-12-25,000922.CSI,中证红利,5559.4571,0.3887
2024-12-25,000998.CSI,中证TMT,2091.5795,-0.6082
2024-12-25,932000.CSI,中证2000,2388.9483,-2.3306
2024-12-25,h30269.CSI,红利低波,11209.5041,0.6634
2024-12-26,000300.SH,沪深300,3987.4801,0.0464
2024-12-26,000688.SH,科创50,1027.0229,0.9501
2024-12-26,000852.SH,中证1000,6160.4518,1.0791
2024-12-26,000905.SH,中证500,5887.0605,0.8008
2024-12-26,000922.CSI,中证红利,5533.8031,-0.4614
2024-12-26,000998.CSI,中证TMT,2141.0279,2.3642
2024-12-26,932000.CSI,中证2000,2429.6606,1.7042
2024-12-26,h30269.CSI,红利低波,11162.1284,-0.4226
2024-12-27,000300.SH,沪深300,3981.0307,-0.1617
2024-12-27,000688.SH,科创50,1018.5794,-0.8221
2024-12-27,000852.SH,中证1000,6171.5653,0.1804
2024-12-27,000905.SH,中证500,5899.1665,0.2056
2024-12-27,000922.CSI,中证红利,5545.5551,0.2124
2024-12-27,000998.CSI,中证TMT,2115.5798,-1.1886
2024-12-27,932000.CSI,中证2000,2447.4776,0.7333
2024-12-27,h30269.CSI,红利低波,11187.8297,0.2303
2024-12-30,000300.SH,沪深300,3999.0549,0.4528
2024-12-30,000688.SH,科创50,1020.6331,0.2016
2024-12-30,000852.SH,中证1000,6145.928,-0.4154
2024-12-30,000905.SH,中证500,5898.884,-0.0048
2024-12-30,000922.CSI,中证红利,5612.2925,1.2034
2024-12-30,000998.CSI,中证TMT,2110.2602,-0.2514
2024-12-30,932000.CSI,中证2000,2419.2275,-1.1543
2024-12-30,h30269.CSI,红利低波,11278.0536,0.8064
2024-12-31,000300.SH,沪深300,3934.9109,-1.604
2024-12-31,000688.SH,科创50,988.9346,-3.1058
2024-12-31,000852.SH,中证1000,5957.7172,-3.0624
2024-12-31,000905.SH,中证500,5725.7324,-2.9353
2024-12-31,000922.CSI,中证红利,5581.4952,-0.5487
2024-12-31,000998.CSI,中证TMT,2035.312,-3.5516
2024-12-31,932000.CSI,中证2000,2348.1075,-2.9398
2024-12-31,h30269.CSI,红利低波,11190.8223,-0.7735
2025-01-02,000300.SH,沪深300,3820.3952,-2.9102
2025-01-02,000688.SH,科创50,955.3334,-3.3977
2025-01-02,000852.SH,中证1000,5797.089,-2.6961
2025-01-02,000905.SH,中证500,5545.8174,-3.1422
2025-01-02,000922.CSI,中证红利,5470.1941,-1.9941
2025-01-02,000998.CSI,中证TMT,1956.5282,-3.8708
2025-01-02,932000.CSI,中证2000,2313.7993,-1.4611
2025-01-02,h30269.CSI,红利低波,10947.0973,-2.1779
2025-01-03,000300.SH,沪深300,3775.1648,-1.1839
2025-01-03,000688.SH,科创50,941.8191,-1.4146
2025-01-03,000852.SH,中证1000,5625.209,-2.9649
2025-01-03,000905.SH,中证500,5427.8041,-2.128
2025-01-03,000922.CSI,中证红利,5424.4086,-0.837
2025-01-03,000998.CSI,中证TMT,1906.2779,-2.5683
2025-01-03,932000.CSI,中证2000,2211.0665,-4.44
2025-01-03,h30269.CSI,红利低波,10824.5494,-1.1195
2025-01-06,000300.SH,沪深300,3768.9697,-0.1641
2025-01-06,000688.SH,科创50,938.7068,-0.3305
2025-01-06,000852.SH,中证1000,5608.0344,-0.3053
2025-01-06,000905.SH,中证500,5427.1007,-0.013
2025-01-06,000922.CSI,中证红利,5444.2594,0.366
2025-01-06,000998.CSI,中证TMT,1895.006,-0.5913
2025-01-06,932000.CSI,中证2000,2192.4701,-0.8411
2025-01-06,h30269.CSI,红利低波,10850.6444,0.2411
2025-01-07,000300.SH,沪深300,3796.1055,0.72
2025-01-07,000688.SH,科创50,965.5297,2.8574
2025-01-07,000852.SH,中证1000,5692.041,1.498
2025-01-07,000905.SH,中证500,5484.6847,1.061
2025-01-07,000922.CSI,中证红利,5428.6272,-0.2871
2025-01-07,000998.CSI,中证TMT,1953.552,3.0895
2025-01-07,932000.CSI,中证2000,2256.7082,2.9299
2025-01-07,h30269.CSI,红利低波,10870.2285,0.1805
2025-01-08,000300.SH,沪深300,3789.2153,-0.1815
2025-01-08,000688.SH,科创50,965.1193,-0.0425
2025-01-08,000852.SH,中证1000,5661.7793,-0.5316
2025-01-08,000905.SH,中证500,5461.5861,-0.4211
2025-01-08,000922.CSI,中证红利,5416.2977,-0.2271
2025-01-08,000998.CSI,中证TMT,1946.8779,-0.3416
2025-01-08,932000.CSI,中证2000,2264.0206,0.324
2025-01-08,h30269.CSI,红利低波,10910.465,0.3702
2025-01-09,000300.SH,沪深300,3779.8773,-0.2464
2025-01-09,000688.SH,科创50,961.4394,-0.3813
2025-01-09,000852.SH,中证1000,5672.7796,0.1943
2025-01-09,000905.SH,中证500,5456.5863,-0.0915
2025-01-09,000922.CSI,中证红利,5336.2342,-1.4782
2025-01-09,000998.CSI,中证TMT,1959.0586,0.6257
2025-01-09,932000.CSI,中证2000,2276.2734,0.5412
2025-01-09,h30269.CSI,红利低波,10775.1911,-1.2399
2025-01-10,000300.SH,沪深300,3732.4806,-1.2539
2025-01-10,000688.SH,科创50,950.5916,-1.1283
2025-01-10,000852.SH,中证1000,5544.9158,-2.254
2025-01-10,000905.SH,中证500,5369.2811,-1.6
2025-01-10,000922.CSI,中证红利,5255.7158,-1.5089
2025-01-10,000998.CSI,中证TMT,1919.3558,-2.0266
2025-01-10,932000.CSI,中证2000,2206.9074,-3.0473
2025-01-10,h30269.CSI,红利低波,10646.892,-1.1907
2025-01-13,000300.SH,沪深300,3722.513,-0.2671
2025-01-13,000688.SH,科创50,952.1856,0.1677
2025-01-13,000852.SH,中证1000,5559.4725,0.2625
2025-01-13,000905.SH,中证500,5381.6974,0.2312
2025-01-13,000922.CSI,中证红利,5214.9822,-0.775
2025-01-13,000998.CSI,中证TMT,1910.838,-0.4438
2025-01-13,932000.CSI,中证2000,2206.3599,-0.0248
2025-01-13,h30269.CSI,红利低波,10543.6155,-0.97
2025-01-14,000300.SH,沪深300,3820.5395,2.6333
2025-01-14,000688.SH,科创50,981.7793,3.108
2025-01-14,000852.SH,中证1000,5811.0545,4.5253
2025-01-14,000905.SH,中证500,5572.2722,3.5412
2025-01-14,000922.CSI,中证红利,5310.8584,1.8385
2025-01-14,000998.CSI,中证TMT,1997.6885,4.5452
2025-01-14,932000.CSI,中证2000,2324.7826,5.3673
2025-01-14,h30269.CSI,红利低波,10695.2771,1.4384
2025-01-15,000300.SH,沪深300,3796.026,-0.6416
2025-01-15,000688.SH,科创50,977.6609,-0.4195
2025-01-15,000852.SH,中证1000,5775.5709,-0.6106
2025-01-15,000905.SH,中证500,5522.459,-0.8939
2025-01-15,000922.CSI,中证红利,5312.6242,0.0332
2025-01-15,000998.CSI,中证TMT,1973.2044,-1.2256
2025-01-15,932000.CSI,中证2000,2318.0474,-0.2897
2025-01-15,h30269.CSI,红利低波,10711.9449,0.1558
2025-01-16,000300.SH,沪深300,3800.3836,0.1148
2025-01-16,000688.SH,科创50,956.3965,-2.175
2025-01-16,000852.SH,中证1000,5801.3051,0.4456
2025-01-16,000905.SH,中证500,5545.6336,0.4196
2025-01-16,000922.CSI,中证红利,5355.6674,0.8102
2025-01-16,000998.CSI,中证TMT,1978.6015,0.2735
2025-01-16,932000.CSI,中证2000,2335.1331,0.7371
2025-01-16,h30269.CSI,红利低波,10808.3081,0.8996
2025-01-17,000300.SH,沪深300,3812.3429,0.3147
2025-01-17,000688.SH,科创50,965.9031,0.994
2025-01-17,000852.SH,中证1000,5841.5718,0.6941
2025-01-17,000905.SH,中证500,5587.2939,0.7512
2025-01-17,000922.CSI,中证红利,5340.4342,-0.2844
2025-01-17,000998.CSI,中证TMT,2009.2262,1.5478
2025-01-17,932000.CSI,中证2000,2332.6573,-0.106
2025-01-17,h30269.CSI,红利低波,10791.5909,-0.1547
2025-01-20,000300.SH,沪深300,3829.6764,0.4547
2025-01-20,000688.SH,科创50,968.2711,0.2452
2025-01-20,000852.SH,中证1000,5879.1495,0.6433
2025-01-20,000905.SH,中证500,5614.3311,0.4839
2025-01-20,000922.CSI,中证红利,5328.874,-0.2165
2025-01-20,000998.CSI,中证TMT,2022.8932,0.6802
2025-01-20,932000.CSI,中证2000,2360.7668,1.205
2025-01-20,h30269.CSI,红利低波,10774.9802,-0.1539
2025-01-21,000300.SH,沪深300,3832.6145,0.0767
2025-01-21,000688.SH,科创50,976.2959,0.8288
2025-01-21,000852.SH,中证1000,5908.0234,0.4911
2025-01-21,000905.SH,中证500,5633.9249,0.349
2025-01-21,000922.CSI,中证红利,5295.8678,-0.6194
2025-01-21,000998.CSI,中证TMT,2053.82,1.5288
2025-01-21,932000.CSI,中证2000,2365.5769,0.2038
2025-01-21,h30269.CSI,红利低波,10699.5613,-0.6999
2025-01-22,000300.SH,沪深300,3797.0166,-0.9288
2025-01-22,000688.SH,科创50,975.34,-0.0979
2025-01-22,000852.SH,中证1000,5855.7393,-0.885
2025-01-22,000905.SH,中证500,5607.0594,-0.4769
2025-01-22,000922.CSI,中证红利,5242.8423,-1.0013
2025-01-22,000998.CSI,中证TMT,2064.5696,0.5234
2025-01-22,932000.CSI,中证2000,2334.365,-1.3194
2025-01-22,h30269.CSI,红利低波,10538.7483,-1.503
2025-01-23,000300.SH,沪深300,3803.7439,0.1772
2025-01-23,000688.SH,科创50,966.1063,-0.9467
2025-01-23,000852.SH,中证1000,5829.0329,-0.4561
2025-01-23,000905.SH,中证500,5584.2548,-0.4067
2025-01-23,000922.CSI,中证红利,5296.1683,1.0171
2025-01-23,000998.CSI,中证TMT,2043.07,-1.0414
2025-01-23,932000.CSI,中证2000,2328.3962,-0.2557
2025-01-23,h30269.CSI,红利低波,10692.4749,1.4587
2025-01-24,000300.SH,沪深300,3832.8637,0.7656
2025-01-24,000688.SH,科创50,974.8342,0.9034
2025-01-24,000852.SH,中证1000,5938.1301,1.8716
2025-01-24,000905.SH,中证500,5649.9504,1.1764
2025-01-24,000922.CSI,中证红利,5330.3763,0.6459
2025-01-24,000998.CSI,中证TMT,2086.0617,2.1043
2025-01-24,932000.CSI,中证2000,2362.2023,1.4519
2025-01-24,h30269.CSI,红利低波,10721.2233,0.2689
2025-01-27,000300.SH,沪深300,3817.0802,-0.4118
2025-01-27,000688.SH,科创50,955.09,-2.0254
2025-01-27,000852.SH,中证1000,5846.0686,-1.5503
2025-01-27,000905.SH,中证500,5589.3432,-1.0727
2025-01-27,000922.CSI,中证红利,5397.8404,1.2657
2025-01-27,000998.CSI,中证TMT,2038.0581,-2.3012
2025-01-27,932000.CSI,中证2000,2322.824,-1.667
2025-01-27,h30269.CSI,红利低波,10875.6489,1.4404
2025-02-05,000300.SH,沪深300,3795.0848,-0.5762
2025-02-05,000688.SH,科创50,982.8287,2.9043
2025-02-05,000852.SH,中证1000,5881.4366,0.605
2025-02-05,000905.SH,中证500,5614.3872,0.4481
2025-02-05,000922.CSI,中证红利,5291.4642,-1.9707
2025-02-05,000998.CSI,中证TMT,2072.4906,1.6895
2025-02-05,932000.CSI,中证2000,2355.0711,1.3883
2025-02-05,h30269.CSI,红利低波,10681.4748,-1.7854
2025-02-06,000300.SH,沪深300,3842.8314,1.2581
2025-02-06,000688.SH,科创50,1011.2199,2.8887
2025-02-06,000852.SH,中证1000,6041.8337,2.7272
2025-02-06,000905.SH,中证500,5747.9012,2.3781
2025-02-06,000922.CSI,中证红利,5295.7993,0.0819
2025-02-06,000998.CSI,中证TMT,2143.5219,3.4273
2025-02-06,932000.CSI,中证2000,2421.6349,2.8264
2025-02-06,h30269.CSI,红利低波,10686.2535,0.0447
2025-02-07,000300.SH,沪深300,3892.7028,1.2978
2025-02-07,000688.SH,科创50,1018.7988,0.7495
2025-02-07,000852.SH,中证1000,6134.0545,1.5264
2025-02-07,000905.SH,中证500,5833.9883,1.4977
2025-02-07,000922.CSI,中证红利,5331.4266,0.6727
2025-02-07,000998.CSI,中证TMT,2172.5126,1.3525
2025-02-07,932000.CSI,中证2000,2458.5009,1.5224
2025-02-07,h30269.CSI,红利低波,10698.4264,0.1139
2025-02-10,000300.SH,沪深300,3901.0618,0.2147
2025-02-10,000688.SH,科创50,1036.7653,1.7635
2025-02-10,000852.SH,中证1000,6210.5471,1.247
2025-02-10,000905.SH,中证500,5888.5509,0.9353
2025-02-10,000922.CSI,中证红利,5325.3482,-0.114
2025-02-10,000998.CSI,中证TMT,2205.2981,1.5091
2025-02-10,932000.CSI,中证2000,2512.8083,2.209
2025-02-10,h30269.CSI,红利低波,10687.1169,-0.1057
2025-02-11,000300.SH,沪深300,3883.1352,-0.4595
2025-02-11,000688.SH,科创50,1024.4122,-1.1915
2025-02-11,000852.SH,中证1000,6190.1739,-0.328
2025-02-11,000905.SH,中证500,5858.2805,-0.5141
2025-02-11,000922.CSI,中证红利,5345.533,0.379
2025-02-11,000998.CSI,中证TMT,2196.6875,-0.3905
2025-02-11,932000.CSI,中证2000,2505.6511,-0.2848
2025-02-11,h30269.CSI,红利低波,10801.0905,1.0665
2025-02-12,000300.SH,沪深300,3919.8617,0.9458
2025-02-12,000688.SH,科创50,1041.1366,1.6326
2025-02-12,000852.SH,中证1000,6284.6107,1.5256
2025-02-12,000905.SH,中证500,5940.5299,1.404
2025-02-12,000922.CSI,中证红利,5346.7393,0.0226
2025-02-12,000998.CSI,中证TMT,2261.8946,2.9684
2025-02-12,932000.CSI,中证2000,2538.4526,1.3091
2025-02-12,h30269.CSI,红利低波,10832.6884,0.2925
2025-02-13,000300.SH,沪深300,3905.1398,-0.3756
2025-02-13,000688.SH,科创50,1017.0875,-2.3099
2025-02-13,000852.SH,中证1000,6212.4968,-1.1475
2025-02-13,000905.SH,中证500,5898.2611,-0.7115
2025-02-13,000922.CSI,中证红利,5348.7055,0.0368
2025-02-13,000998.CSI,中证TMT,2222.596,-1.7374
2025-02-13,932000.CSI,中证2000,2510.6488,-1.0953
2025-02-13,h30269.CSI,红利低波,10845.1894,0.1154
2025-02-14,000300.SH,沪深300,3939.0085,0.8673
2025-02-14,000688.SH,科创50,1022.4634,0.5286
2025-02-14,000852.SH,中证1000,6248.8345,0.5849
2025-02-14,000905.SH,中证500,5947.796,0.8398
2025-02-14,000922.CSI,中证红利,5359.117,0.1947
2025-02-14,000998.CSI,中证TMT,2265.7105,1.9398
2025-02-14,932000.CSI,中证2000,2506.6525,-0.1592
2025-02-14,h30269.CSI,红利低波,10856.4618,0.1039
2025-02-17,000300.SH,沪深300,3947.3983,0.213
2025-02-17,000688.SH,科创50,1037.307,1.4517
2025-02-17,000852.SH,中证1000,6281.5658,0.5238
2025-02-17,000905.SH,中证500,5948.7197,0.0155
2025-02-17,000922.CSI,中证红利,5336.5732,-0.4207
2025-02-17,000998.CSI,中证TMT,2284.1867,0.8155
2025-02-17,932000.CSI,中证2000,2551.3773,1.7842
2025-02-17,h30269.CSI,红利低波,10845.0976,-0.1047
2025-02-18,000300.SH,沪深300,3912.7829,-0.8769
2025-02-18,000688.SH,科创50,1011.1683,-2.5199
2025-02-18,000852.SH,中证1000,6142.138,-2.2196
2025-02-18,000905.SH,中证500,5840.7112,-1.8157
2025-02-18,000922.CSI,中证红利,5318.6352,-0.3361
2025-02-18,000998.CSI,中证TMT,2221.7797,-2.7321
2025-02-18,932000.CSI,中证2000,2479.3598,-2.8227
2025-02-18,h30269.CSI,红利低波,10844.3906,-0.0065
2025-02-19,000300.SH,沪深300,3940.1602,0.6997
2025-02-19,000688.SH,科创50,1034.5705,2.3144
2025-02-19,000852.SH,中证1000,6288.529,2.3834
2025-02-19,000905.SH,中证500,5943.8823,1.7664
2025-02-19,000922.CSI,中证红利,5303.698,-0.2808
2025-02-19,000998.CSI,中证TMT,2278.1548,2.5374
2025-02-19,932000.CSI,中证2000,2552.7549,2.9602
2025-02-19,h30269.CSI,红利低波,10844.3409,-0.0005
2025-02-20,000300.SH,沪深300,3928.8959,-0.2859
2025-02-20,000688.SH,科创50,1033.0853,-0.1436
2025-02-20,000852.SH,中证1000,6334.4143,0.7297
2025-02-20,000905.SH,中证500,5957.5465,0.2299
2025-02-20,000922.CSI,中证红利,5291.0318,-0.2388
2025-02-20,000998.CSI,中证TMT,2277.4897,-0.0292
2025-02-20,932000.CSI,中证2000,2584.4687,1.2423
2025-02-20,h30269.CSI,红利低波,10825.1008,-0.1774
2025-02-21,000300.SH,沪深300,3978.444,1.2611
2025-02-21,000688.SH,科创50,1094.7739,5.9713
2025-02-21,000852.SH,中证1000,6449.2279,1.8125
2025-02-21,000905.SH,中证500,6057.0648,1.6705
2025-02-21,000922.CSI,中证红利,5257.0009,-0.6432
2025-02-21,000998.CSI,中证TMT,2368.6894,4.0044
2025-02-21,932000.CSI,中证2000,2617.6703,1.2847
2025-02-21,h30269.CSI,红利低波,10722.6426,-0.9465
2025-02-24,000300.SH,沪深300,3969.7169,-0.2194
2025-02-24,000688.SH,科创50,1100.0534,0.4822
2025-02-24,000852.SH,中证1000,6464.0235,0.2294
2025-02-24,000905.SH,中证500,6044.973,-0.1996
2025-02-24,000922.CSI,中证红利,5261.4535,0.0847
2025-02-24,000998.CSI,中证TMT,2355.7311,-0.5471
2025-02-24,932000.CSI,中证2000,2622.3816,0.18
2025-02-24,h30269.CSI,红利低波,10714.9569,-0.0717
2025-02-25,000300.SH,沪深300,3925.6505,-1.1101
2025-02-25,000688.SH,科创50,1102.9012,0.2589
2025-02-25,000852.SH,中证1000,6435.4284,-0.4424
2025-02-25,000905.SH,中证500,5979.9653,-1.0754
2025-02-25,000922.CSI,中证红利,5226.6236,-0.662
2025-02-25,000998.CSI,中证TMT,2326.176,-1.2546
2025-02-25,932000.CSI,中证2000,2619.679,-0.1031
2025-02-25,h30269.CSI,红利低波,10620.419,-0.8823
2025-02-26,000300.SH,沪深300,3959.9413,0.8735
2025-02-26,000688.SH,科创50,1126.8203,2.1687
2025-02-26,000852.SH,中证1000,6524.4057,1.3826
2025-02-26,000905.SH,中证500,6051.7401,1.2003
2025-02-26,000922.CSI,中证红利,5292.164,1.254
2025-02-26,000998.CSI,中证TMT,2344.061,0.7689
2025-02-26,932000.CSI,中证2000,2661.1473,1.583
2025-02-26,h30269.CSI,红利低波,10698.5924,0.7361
2025-02-27,000300.SH,沪深300,3968.1159,0.2064
2025-02-27,000688.SH,科创50,1126.287,-0.0473
2025-02-27,000852.SH,中证1000,6499.5301,-0.3813
2025-02-27,000905.SH,中证500,6028.9856,-0.376
2025-02-27,000922.CSI,中证红利,5350.6692,1.1055
2025-02-27,000998.CSI,中证TMT,2303.9356,-1.7118
2025-02-27,932000.CSI,中证2000,2653.2951,-0.2951
2025-02-27,h30269.CSI,红利低波,10791.6057,0.8694
2025-02-28,000300.SH,沪深300,3890.0487,-1.9674
2025-02-28,000688.SH,科创50,1078.7976,-4.2165
2025-02-28,000852.SH,中证1000,6270.4186,-3.525
2025-02-28,000905.SH,中证500,5859.8708,-2.805
2025-02-28,000922.CSI,中证红利,5311.6501,-0.7292
2025-02-28,000998.CSI,中证TMT,2198.742,-4.5658
2025-02-28,932000.CSI,中证2000,2542.8524,-4.1625
2025-02-28,h30269.CSI,红利低波,10739.3315,-0.4844
2025-03-03,000300.SH,沪深300,3888.4738,-0.0405
2025-03-03,000688.SH,科创50,1062.3506,-1.5246
2025-03-03,000852.SH,中证1000,6273.6699,0.0519
2025-03-03,000905.SH,中证500,5885.7696,0.442
2025-03-03,000922.CSI,中证红利,5305.0725,-0.1238
2025-03-03,000998.CSI,中证TMT,2189.7493,-0.409
2025-03-03,932000.CSI,中证2000,2547.4529,0.1809
2025-03-03,h30269.CSI,红利低波,10749.1904,0.0918
2025-03-04,000300.SH,沪深300,3885.2208,-0.0837
2025-03-04,000688.SH,科创50,1080.6648,1.7239
2025-03-04,000852.SH,中证1000,6357.6277,1.3383
2025-03-04,000905.SH,中证500,5937.6302,0.8811
2025-03-04,000922.CSI,中证红利,5305.5876,0.0097
2025-03-04,000998.CSI,中证TMT,2219.3166,1.3503
2025-03-04,932000.CSI,中证2000,2587.01,1.5528
2025-03-04,h30269.CSI,红利低波,10747.3759,-0.0169
2025-03-05,000300.SH,沪深300,3902.5706,0.4466
2025-03-05,000688.SH,科创50,1083.8168,0.2917
2025-03-05,000852.SH,中证1000,6398.237,0.6387
2025-03-05,000905.SH,中证500,5950.7034,0.2202
2025-03-05,000922.CSI,中证红利,5330.7352,0.474
2025-03-05,000998.CSI,中证TMT,2233.9032,0.6573
2025-03-05,932000.CSI,中证2000,2605.9622,0.7326
2025-03-05,h30269.CSI,红利低波,10840.1991,0.8637
2025-03-06,000300.SH,沪深300,3956.2369,1.3752
2025-03-06,000688.SH,科创50,1121.5845,3.4847
2025-03-06,000852.SH,中证1000,6534.9711,2.1371
2025-03-06,000905.SH,中证500,6047.7734,1.6312
2025-03-06,000922.CSI,中证红利,5329.4738,-0.0237
2025-03-06,000998.CSI,中证TMT,2295.2422,2.7458
2025-03-06,932000.CSI,中证2000,2659.6743,2.0611
2025-03-06,h30269.CSI,红利低波,10786.6754,-0.4938
2025-03-07,000300.SH,沪深300,3944.0143,-0.3089
2025-03-07,000688.SH,科创50,1107.6227,-1.2448
2025-03-07,000852.SH,中证1000,6507.7645,-0.4163
2025-03-07,000905.SH,中证500,6013.7747,-0.5622
2025-03-07,000922.CSI,中证红利,5336.689,0.1354
2025-03-07,000998.CSI,中证TMT,2270.1837,-1.0918
2025-03-07,932000.CSI,中证2000,2644.2955,-0.5782
2025-03-07,h30269.CSI,红利低波,10769.551,-0.1588
2025-03-10,000300.SH,沪深300,3928.8018,-0.3857
2025-03-10,000688.SH,科创50,1105.1639,-0.222
2025-03-10,000852.SH,中证1000,6520.9725,0.203
2025-03-10,000905.SH,中证500,6013.6191,-0.0026
2025-03-10,000922.CSI,中证红利,5352.3357,0.2932
2025-03-10,000998.CSI,中证TMT,2255.2146,-0.6594
2025-03-10,932000.CSI,中证2000,2654.6475,0.3915
2025-03-10,h30269.CSI,红利低波,10717.1915,-0.4862
2025-03-11,000300.SH,沪深300,3941.4157,0.3211
2025-03-11,000688.SH,科创50,1100.7418,-0.4001
2025-03-11,000852.SH,中证1000,6551.7341,0.4717
2025-03-11,000905.SH,中证500,6044.9742,0.5214
2025-03-11,000922.CSI,中证红利,5386.4321,0.637
2025-03-11,000998.CSI,中证TMT,2247.2685,-0.3523
2025-03-11,932000.CSI,中证2000,2662.3533,0.2903
2025-03-11,h30269.CSI,红利低波,10788.2868,0.6634
2025-03-12,000300.SH,沪深300,3927.2315,-0.3599
2025-03-12,000688.SH,科创50,1092.7079,-0.7299
2025-03-12,000852.SH,中证1000,6566.9679,0.2325
2025-03-12,000905.SH,中证500,6040.4965,-0.0741
2025-03-12,000922.CSI,中证红利,5364.7665,-0.4022
2025-03-12,000998.CSI,中证TMT,2246.4974,-0.0343
2025-03-12,932000.CSI,中证2000,2681.8863,0.7337
2025-03-12,h30269.CSI,红利低波,10772.9285,-0.1424
2025-03-13,000300.SH,沪深300,3911.5793,-0.3986
2025-03-13,000688.SH,科创50,1069.7032,-2.1053
2025-03-13,000852.SH,中证1000,6466.8509,-1.5246
2025-03-13,000905.SH,中证500,5993.967,-0.7703
2025-03-13,000922.CSI,中证红利,5402.2814,0.6993
2025-03-13,000998.CSI,中证TMT,2201.7177,-1.9933
2025-03-13,932000.CSI,中证2000,2632.5662,-1.839
2025-03-13,h30269.CSI,红利低波,10827.9964,0.5112
2025-03-14,000300.SH,沪深300,4006.5567,2.4281
2025-03-14,000688.SH,科创50,1088.1125,1.721
2025-03-14,000852.SH,中证1000,6571.1707,1.6131
2025-03-14,000905.SH,中证500,6099.9809,1.7687
2025-03-14,000922.CSI,中证红利,5443.3782,0.7607
2025-03-14,000998.CSI,中证TMT,2254.1006,2.3792
2025-03-14,932000.CSI,中证2000,2679.8238,1.7951
2025-03-14,h30269.CSI,红利低波,10919.8561,0.8484
2025-03-17,000300.SH,沪深300,3996.7876,-0.2438
2025-03-17,000688.SH,科创50,1083.2131,-0.4503
2025-03-17,000852.SH,中证1000,6589.5655,0.2799
2025-03-17,000905.SH,中证500,6108.0176,0.1317
2025-03-17,000922.CSI,中证红利,5463.4737,0.3692
2025-03-17,000998.CSI,中证TMT,2252.1978,-0.0844
2025-03-17,932000.CSI,中证2000,2700.723,0.7799
2025-03-17,h30269.CSI,红利低波,10954.0874,0.3135
2025-03-18,000300.SH,沪深300,4007.7229,0.2736
2025-03-18,000688.SH,科创50,1089.8254,0.6104
2025-03-18,000852.SH,中证1000,6611.9263,0.3393
2025-03-18,000905.SH,中证500,6133.3018,0.414
2025-03-18,000922.CSI,中证红利,5454.0976,-0.1716
2025-03-18,000998.CSI,中证TMT,2268.6183,0.7291
2025-03-18,932000.CSI,中证2000,2716.9011,0.599
2025-03-18,h30269.CSI,红利低波,10943.0916,-0.1004
2025-03-19,000300.SH,沪深300,4010.168,0.061
2025-03-19,000688.SH,科创50,1076.9372,-1.1826
2025-03-19,000852.SH,中证1000,6564.6767,-0.7146
2025-03-19,000905.SH,中证500,6101.4369,-0.5195
2025-03-19,000922.CSI,中证红利,5462.3245,0.1508
2025-03-19,000998.CSI,中证TMT,2224.6547,-1.9379
2025-03-19,932000.CSI,中证2000,2702.1068,-0.5445
2025-03-19,h30269.CSI,红利低波,11013.6487,0.6448
2025-03-20,000300.SH,沪深300,3974.9918,-0.8772
2025-03-20,000688.SH,科创50,1064.7929,-1.1277
2025-03-20,000852.SH,中证1000,6535.0624,-0.4511
2025-03-20,000905.SH,中证500,6059.4859,-0.6876
2025-03-20,000922.CSI,中证红利,5447.2799,-0.2754
2025-03-20,000998.CSI,中证TMT,2201.9757,-1.0194
2025-03-20,932000.CSI,中证2000,2705.7788,0.1359
2025-03-20,h30269.CSI,红利低波,10965.6582,-0.4357
2025-03-21,000300.SH,沪深300,3914.6956,-1.5169
2025-03-21,000688.SH,科创50,1042.8926,-2.0568
2025-03-21,000852.SH,中证1000,6405.611,-1.9809
2025-03-21,000905.SH,中证500,5971.9302,-1.4449
2025-03-21,000922.CSI,中证红利,5424.09,-0.4257
2025-03-21,000998.CSI,中证TMT,2156.7596,-2.0534
2025-03-21,932000.CSI,中证2000,2648.5611,-2.1146
2025-03-21,h30269.CSI,红利低波,10931.571,-0.3109
2025-03-24,000300.SH,沪深300,3934.8486,0.5148
2025-03-24,000688.SH,科创50,1045.9416,0.2924
2025-03-24,000852.SH,中证1000,6360.3412,-0.7067
2025-03-24,000905.SH,中证500,5969.0789,-0.0477
2025-03-24,000922.CSI,中证红利,5454.4541,0.5598
2025-03-24,000998.CSI,中证TMT,2165.2857,0.3953
2025-03-24,932000.CSI,中证2000,2598.3669,-1.8951
2025-03-24,h30269.CSI,红利低波,11004.471,0.6669
2025-03-25,000300.SH,沪深300,3932.2951,-0.0649
2025-03-25,000688.SH,科创50,1031.697,-1.3619
2025-03-25,000852.SH,中证1000,6310.7641,-0.7795
2025-03-25,000905.SH,中证500,5946.951,-0.3707
2025-03-25,000922.CSI,中证红利,5489.0255,0.6338
2025-03-25,000998.CSI,中证TMT,2127.8473,-1.729
2025-03-25,932000.CSI,中证2000,2572.8175,-0.9833
2025-03-25,h30269.CSI,红利低波,11079.9443,0.6858
2025-03-26,000300.SH,沪深300,3919.3566,-0.329
2025-03-26,000688.SH,科创50,1029.0548,-0.2561
2025-03-26,000852.SH,中证1000,6334.9077,0.3826
2025-03-26,000905.SH,中证500,5948.4986,0.026
2025-03-26,000922.CSI,中证红利,5481.3787,-0.1393
2025-03-26,000998.CSI,中证TMT,2125.7269,-0.0997
2025-03-26,932000.CSI,中证2000,2603.1516,1.179
2025-03-26,h30269.CSI,红利低波,11044.664,-0.3184
2025-03-27,000300.SH,沪深300,3932.4117,0.3331
2025-03-27,000688.SH,科创50,1040.5698,1.119
2025-03-27,000852.SH,中证1000,6328.7665,-0.0969
2025-03-27,000905.SH,中证500,5957.6017,0.153
2025-03-27,000922.CSI,中证红利,5476.233,-0.0939
2025-03-27,000998.CSI,中证TMT,2129.8353,0.1933
2025-03-27,932000.CSI,中证2000,2584.219,-0.7273
2025-03-27,h30269.CSI,红利低波,11068.4388,0.2153
2025-03-28,000300.SH,沪深300,3915.1662,-0.4385
2025-03-28,000688.SH,科创50,1029.4762,-1.0661
2025-03-28,000852.SH,中证1000,6268.3214,-0.9551
2025-03-28,000905.SH,中证500,5916.0314,-0.6978
2025-03-28,000922.CSI,中证红利,5436.4717,-0.7261
2025-03-28,000998.CSI,中证TMT,2116.851,-0.6096
2025-03-28,932000.CSI,中证2000,2545.2395,-1.5084
2025-03-28,h30269.CSI,红利低波,11033.1981,-0.3184
2025-03-31,000300.SH,沪深300,3887.3056,-0.7116
2025-03-31,000688.SH,科创50,1022.7139,-0.6569
2025-03-31,000852.SH,中证1000,6226.6488,-0.6648
2025-03-31,000905.SH,中证500,5857.7721,-0.9848
2025-03-31,000922.CSI,中证红利,5407.9902,-0.5239
2025-03-31,000998.CSI,中证TMT,2108.9816,-0.3718
2025-03-31,932000.CSI,中证2000,2514.3392,-1.214
2025-03-31,h30269.CSI,红利低波,11039.7558,0.0594
2025-04-01,000300.SH,沪深300,3887.6841,0.0097
2025-04-01,000688.SH,科创50,1024.3754,0.1625
2025-04-01,000852.SH,中证1000,6259.4838,0.5273
2025-04-01,000905.SH,中证500,5892.8502,0.5988
2025-04-01,000922.CSI,中证红利,5460.5135,0.9712
2025-04-01,000998.CSI,中证TMT,2101.121,-0.3727
2025-04-01,932000.CSI,中证2000,2536.6711,0.8882
2025-04-01,h30269.CSI,红利低波,11066.4306,0.2416
2025-04-02,000300.SH,沪深300,3884.3858,-0.0848
2025-04-02,000688.SH,科创50,1022.7482,-0.1588
2025-04-02,000852.SH,中证1000,6277.2533,0.2839
2025-04-02,000905.SH,中证500,5899.0865,0.1058
2025-04-02,000922.CSI,中证红利,5480.3406,0.3631
2025-04-02,000998.CSI,中证TMT,2110.353,0.4394
2025-04-02,932000.CSI,中证2000,2543.5847,0.2725
2025-04-02,h30269.CSI,红利低波,11148.4377,0.741
2025-04-03,000300.SH,沪深300,3861.5034,-0.5891
2025-04-03,000688.SH,科创50,1018.0723,-0.4572
2025-04-03,000852.SH,中证1000,6203.257,-1.1788
2025-04-03,000905.SH,中证500,5845.5045,-0.9083
2025-04-03,000922.CSI,中证红利,5487.7522,0.1352
2025-04-03,000998.CSI,中证TMT,2065.7121,-2.1153
2025-04-03,932000.CSI,中证2000,2517.5123,-1.025
2025-04-03,h30269.CSI,红利低波,11173.5113,0.2249
2025-04-07,000300.SH,沪深300,3589.4406,-7.0455
2025-04-07,000688.SH,科创50,924.1733,-9.2232
2025-04-07,000852.SH,中证1000,5496.4427,-11.3942
2025-04-07,000905.SH,中证500,5287.0333,-9.5539
2025-04-07,000922.CSI,中证红利,5121.6285,-6.6717
2025-04-07,000998.CSI,中证TMT,1853.2974,-10.2829
2025-04-07,932000.CSI,中证2000,2194.4786,-12.8315
2025-04-07,h30269.CSI,红利低波,10575.6606,-5.3506
2025-04-08,000300.SH,沪深300,3650.759,1.7083
2025-04-08,000688.SH,科创50,940.0905,1.7223
2025-04-08,000852.SH,中证1000,5530.0189,0.6109
2025-04-08,000905.SH,中证500,5326.914,0.7543
2025-04-08,000922.CSI,中证红利,5252.4983,2.5552
2025-04-08,000998.CSI,中证TMT,1837.331,-0.8615
2025-04-08,932000.CSI,中证2000,2183.1187,-0.5177
2025-04-08,h30269.CSI,红利低波,10805.7259,2.1754
2025-04-09,000300.SH,沪深300,3686.7943,0.9871
2025-04-09,000688.SH,科创50,980.5688,4.3058
2025-04-09,000852.SH,中证1000,5652.3303,2.2118
2025-04-09,000905.SH,中证500,5439.7716,2.1186
2025-04-09,000922.CSI,中证红利,5268.1457,0.2979
2025-04-09,000998.CSI,中证TMT,1890.7574,2.9078
2025-04-09,932000.CSI,中证2000,2248.3397,2.9875
2025-04-09,h30269.CSI,红利低波,10777.0133,-0.2657
2025-04-10,000300.SH,沪深300,3735.1151,1.3106
2025-04-10,000688.SH,科创50,991.2244,1.0867
2025-04-10,000852.SH,中证1000,5784.5853,2.3398
2025-04-10,000905.SH,中证500,5544.0646,1.9172
2025-04-10,000922.CSI,中证红利,5317.9582,0.9455
2025-04-10,000998.CSI,中证TMT,1935.9749,2.3915
2025-04-10,932000.CSI,中证2000,2318.5597,3.1232
2025-04-10,h30269.CSI,红利低波,10838.954,0.5747
2025-04-11,000300.SH,沪深300,3750.5167,0.4123
2025-04-11,000688.SH,科创50,1011.7084,2.0665
2025-04-11,000852.SH,中证1000,5862.1876,1.3415
2025-04-11,000905.SH,中证500,5581.3184,0.672
2025-04-11,000922.CSI,中证红利,5294.0132,-0.4503
2025-04-11,000998.CSI,中证TMT,1979.6834,2.2577
2025-04-11,932000.CSI,中证2000,2341.0599,0.9704
2025-04-11,h30269.CSI,红利低波,10787.0443,-0.4789
2025-04-14,000300.SH,沪深300,3759.1422,0.23
2025-04-14,000688.SH,科创50,1014.2834,0.2545
2025-04-14,000852.SH,中证1000,5938.5262,1.3022
2025-04-14,000905.SH,中证500,5627.1375,0.8209
2025-04-14,000922.CSI,中证红利,5341.428,0.8956
2025-04-14,000998.CSI,中证TMT,1985.6464,0.3012
2025-04-14,932000.CSI,中证2000,2392.1414,2.182
2025-04-14,h30269.CSI,红利低波,10874.5854,0.8115
2025-04-15,000300.SH,沪深300,3761.2348,0.0557
2025-04-15,000688.SH,科创50,1006.3395,-0.7832
2025-04-15,000852.SH,中证1000,5914.0286,-0.4125
2025-04-15,000905.SH,中证500,5602.534,-0.4372
2025-04-15,000922.CSI,中证红利,5367.0496,0.4797
2025-04-15,000998.CSI,中证TMT,1969.1447,-0.831
2025-04-15,932000.CSI,中证2000,2390.9521,-0.0497
2025-04-15,h30269.CSI,红利低波,10997.3913,1.1293
2025-04-16,000300.SH,沪深300,3772.8204,0.308
2025-04-16,000688.SH,科创50,1014.5088,0.8118
2025-04-16,000852.SH,中证1000,5835.348,-1.3304
2025-04-16,000905.SH,中证500,5556.8642,-0.8152
2025-04-16,000922.CSI,中证红利,5391.4484,0.4546
2025-04-16,000998.CSI,中证TMT,1955.5862,-0.6885
2025-04-16,932000.CSI,中证2000,2350.1019,-1.7085
2025-04-16,h30269.CSI,红利低波,11092.5416,0.8652
2025-04-17,000300.SH,沪深300,3772.2221,-0.0159
2025-04-17,000688.SH,科创50,1016.8117,0.227
2025-04-17,000852.SH,中证1000,5839.5639,0.0722
2025-04-17,000905.SH,中证500,5557.0105,0.0026
2025-04-17,000922.CSI,中证红利,5380.304,-0.2067
2025-04-17,000998.CSI,中证TMT,1957.0774,0.0763
2025-04-17,932000.CSI,中证2000,2363.2559,0.5597
2025-04-17,h30269.CSI,红利低波,11105.36,0.1156
2025-04-18,000300.SH,沪深300,3772.523,0.008
2025-04-18,000688.SH,科创50,1008.597,-0.8079
2025-04-18,000852.SH,中证1000,5831.6869,-0.1349
2025-04-18,000905.SH,中证500,5560.7207,0.0668
2025-04-18,000922.CSI,中证红利,5382.3435,0.0379
2025-04-18,000998.CSI,中证TMT,1963.2919,0.3175
2025-04-18,932000.CSI,中证2000,2358.631,-0.1957
2025-04-18,h30269.CSI,红利低波,11126.957,0.1945
2025-04-21,000300.SH,沪深300,3784.8806,0.3276
2025-04-21,000688.SH,科创50,1019.4109,1.0722
2025-04-21,000852.SH,中证1000,5952.6374,2.074
2025-04-21,000905.SH,中证500,5642.3805,1.4685
2025-04-21,000922.CSI,中证红利,5375.0356,-0.1358
2025-04-21,000998.CSI,中证TMT,1996.7331,1.7033
2025-04-21,932000.CSI,中证2000,2412.6639,2.2909
2025-04-21,h30269.CSI,红利低波,11055.186,-0.645
2025-04-22,000300.SH,沪深300,3783.9522,-0.0245
2025-04-22,000688.SH,科创50,1016.2181,-0.3132
2025-04-22,000852.SH,中证1000,5949.3123,-0.0559
2025-04-22,000905.SH,中证500,5624.209,-0.3221
2025-04-22,000922.CSI,中证红利,5395.8835,0.3879
2025-04-22,000998.CSI,中证TMT,1971.3209,-1.2727
2025-04-22,932000.CSI,中证2000,2412.2985,-0.0151
2025-04-22,h30269.CSI,红利低波,11118.1093,0.5692
2025-04-23,000300.SH,沪深300,3786.8824,0.0774
2025-04-23,000688.SH,科创50,1012.6475,-0.3514
2025-04-23,000852.SH,中证1000,5984.5833,0.5929
2025-04-23,000905.SH,中证500,5634.9487,0.191
2025-04-23,000922.CSI,中证红利,5371.8464,-0.4455
2025-04-23,000998.CSI,中证TMT,1984.9288,0.6903
2025-04-23,932000.CSI,中证2000,2440.6076,1.1735
2025-04-23,h30269.CSI,红利低波,11065.8913,-0.4697
2025-04-24,000300.SH,沪深300,3784.3574,-0.0667
2025-04-24,000688.SH,科创50,1003.3159,-0.9215
2025-04-24,000852.SH,中证1000,5920.4776,-1.0712
2025-04-24,000905.SH,中证500,5605.8796,-0.5159
2025-04-24,000922.CSI,中证红利,5400.7061,0.5372
2025-04-24,000998.CSI,中证TMT,1947.8735,-1.8668
2025-04-24,932000.CSI,中证2000,2415.5516,-1.0266
2025-04-24,h30269.CSI,红利低波,11180.8293,1.0387
2025-04-25,000300.SH,沪深300,3786.9937,0.0697
2025-04-25,000688.SH,科创50,1004.5718,0.1252
2025-04-25,000852.SH,中证1000,5939.5021,0.3213
2025-04-25,000905.SH,中证500,5627.1804,0.38
2025-04-25,000922.CSI,中证红利,5392.2779,-0.1561
2025-04-25,000998.CSI,中证TMT,1964.2256,0.8395
2025-04-25,932000.CSI,中证2000,2422.4874,0.2871
2025-04-25,h30269.CSI,红利低波,11160.1247,-0.1852
2025-04-28,000300.SH,沪深300,3781.6188,-0.1419
2025-04-28,000688.SH,科创50,1002.8319,-0.1732
2025-04-28,000852.SH,中证1000,5877.0566,-1.0514
2025-04-28,000905.SH,中证500,5598.2951,-0.5133
2025-04-28,000922.CSI,中证红利,5391.3773,-0.0167
2025-04-28,000998.CSI,中证TMT,1950.1361,-0.7173
2025-04-28,932000.CSI,中证2000,2388.0251,-1.4226
2025-04-28,h30269.CSI,红利低波,11215.7669,0.4986
2025-04-29,000300.SH,沪深300,3775.0767,-0.173
2025-04-29,000688.SH,科创50,1003.8667,0.1032
2025-04-29,000852.SH,中证1000,5903.3812,0.4479
2025-04-29,000905.SH,中证500,5604.9057,0.1181
2025-04-29,000922.CSI,中证红利,5377.2308,-0.2624
2025-04-29,000998.CSI,中证TMT,1955.2526,0.2624
2025-04-29,932000.CSI,中证2000,2411.6782,0.9905
2025-04-29,h30269.CSI,红利低波,11183.8026,-0.285
2025-04-30,000300.SH,沪深300,3770.5705,-0.1194
2025-04-30,000688.SH,科创50,1012.4165,0.8517
2025-04-30,000852.SH,中证1000,5950.1169,0.7917
2025-04-30,000905.SH,中证500,5631.8249,0.4803
2025-04-30,000922.CSI,中证红利,5341.7697,-0.6595
2025-04-30,000998.CSI,中证TMT,1979.9546,1.2634
2025-04-30,932000.CSI,中证2000,2442.8915,1.2943
2025-04-30,h30269.CSI,红利低波,10971.4835,-1.8985
2025-05-06,000300.SH,沪深300,3808.5424,1.0071
2025-05-06,000688.SH,科创50,1026.5205,1.3931
2025-05-06,000852.SH,中证1000,6102.9221,2.5681
2025-05-06,000905.SH,中证500,5740.3338,1.9267
2025-05-06,000922.CSI,中证红利,5355.2618,0.2526
2025-05-06,000998.CSI,中证TMT,2031.3276,2.5947
2025-05-06,932000.CSI,中证2000,2522.3095,3.251
2025-05-06,h30269.CSI,红利低波,10989.8017,0.167
2025-05-07,000300.SH,沪深300,3831.627,0.6061
2025-05-07,000688.SH,科创50,1030.1857,0.3571
2025-05-07,000852.SH,中证1000,6111.4946,0.1405
2025-05-07,000905.SH,中证500,5750.2911,0.1735
2025-05-07,000922.CSI,中证红利,5391.5036,0.6768
2025-05-07,000998.CSI,中证TMT,2021.9793,-0.4602
2025-05-07,932000.CSI,中证2000,2540.9823,0.7403
2025-05-07,h30269.CSI,红利低波,11086.3512,0.8785
2025-05-08,000300.SH,沪深300,3852.8963,0.5551
2025-05-08,000688.SH,科创50,1026.4389,-0.3637
2025-05-08,000852.SH,中证1000,6158.0774,0.7622
2025-05-08,000905.SH,中证500,5773.8056,0.4089
2025-05-08,000922.CSI,中证红利,5394.128,0.0487
2025-05-08,000998.CSI,中证TMT,2037.4005,0.7627
2025-05-08,932000.CSI,中证2000,2568.667,1.0895
2025-05-08,h30269.CSI,红利低波,11144.8682,0.5278
2025-05-09,000300.SH,沪深300,3846.1566,-0.1749
2025-05-09,000688.SH,科创50,1006.3189,-1.9602
2025-05-09,000852.SH,中证1000,6082.0817,-1.2341
2025-05-09,000905.SH,中证500,5721.7225,-0.9021
2025-05-09,000922.CSI,中证红利,5421.8433,0.5138
2025-05-09,000998.CSI,中证TMT,2001.4495,-1.7646
2025-05-09,932000.CSI,中证2000,2530.3446,-1.4919
2025-05-09,h30269.CSI,红利低波,11220.361,0.6774
2025-05-12,000300.SH,沪深300,3890.6096,1.1558
2025-05-12,000688.SH,科创50,1011.2314,0.4882
2025-05-12,000852.SH,中证1000,6167.4606,1.4038
2025-05-12,000905.SH,中证500,5793.6743,1.2575
2025-05-12,000922.CSI,中证红利,5440.6068,0.3461
2025-05-12,000998.CSI,中证TMT,2036.1656,1.7345
2025-05-12,932000.CSI,中证2000,2570.7334,1.5962
2025-05-12,h30269.CSI,红利低波,11225.6825,0.0474
2025-05-13,000300.SH,沪深300,3896.2583,0.1452
2025-05-13,000688.SH,科创50,1009.6822,-0.1532
2025-05-13,000852.SH,中证1000,6151.0098,-0.2667
2025-05-13,000905.SH,中证500,5781.6683,-0.2072
2025-05-13,000922.CSI,中证红利,5478.6417,0.6991
2025-05-13,000998.CSI,中证TMT,2022.2033,-0.6857
2025-05-13,932000.CSI,中证2000,2562.9121,-0.3042
2025-05-13,h30269.CSI,红利低波,11341.6468,1.033
2025-05-14,000300.SH,沪深300,3943.2108,1.2051
2025-05-14,000688.SH,科创50,1013.772,0.4051
2025-05-14,000852.SH,中证1000,6160.3697,0.1522
2025-05-14,000905.SH,中证500,5799.1191,0.3018
2025-05-14,000922.CSI,中证红利,5509.5627,0.5644
2025-05-14,000998.CSI,中证TMT,2031.7134,0.4703
2025-05-14,932000.CSI,中证2000,2565.7075,0.1091
2025-05-14,h30269.CSI,红利低波,11408.4634,0.5891
2025-05-15,000300.SH,沪深300,3907.1992,-0.9133
2025-05-15,000688.SH,科创50,1000.9687,-1.2629
2025-05-15,000852.SH,中证1000,6057.0357,-1.6774
2025-05-15,000905.SH,中证500,5715.2966,-1.4454
2025-05-15,000922.CSI,中证红利,5486.9433,-0.4105
2025-05-15,000998.CSI,中证TMT,1986.8507,-2.2081
2025-05-15,932000.CSI,中证2000,2531.9618,-1.3153
2025-05-15,h30269.CSI,红利低波,11361.2502,-0.4138
2025-05-16,000300.SH,沪深300,3889.0854,-0.4636
2025-05-16,000688.SH,科创50,995.2366,-0.5727
2025-05-16,000852.SH,中证1000,6068.1165,0.1829
2025-05-16,000905.SH,中证500,5715.8491,0.0097
2025-05-16,000922.CSI,中证红利,5456.4608,-0.5555
2025-05-16,000998.CSI,中证TMT,1988.0351,0.0596
2025-05-16,932000.CSI,中证2000,2554.778,0.9011
2025-05-16,h30269.CSI,红利低波,11291.2705,-0.616
2025-05-19,000300.SH,沪深300,3877.1453,-0.307
2025-05-19,000688.SH,科创50,995.2547,0.0018
2025-05-19,000852.SH,中证1000,6095.3369,0.4486
2025-05-19,000905.SH,中证500,5720.7949,0.0865
2025-05-19,000922.CSI,中证红利,5470.9617,0.2658
2025-05-19,000998.CSI,中证TMT,1985.5407,-0.1255
2025-05-19,932000.CSI,中证2000,2576.7256,0.8591
2025-05-19,h30269.CSI,红利低波,11315.2715,0.2126
2025-05-20,000300.SH,沪深300,3898.1705,0.5423
2025-05-20,000688.SH,科创50,997.6773,0.2434
2025-05-20,000852.SH,中证1000,6146.0166,0.8315
2025-05-20,000905.SH,中证500,5747.367,0.4645
2025-05-20,000922.CSI,中证红利,5486.8581,0.2906
2025-05-20,000998.CSI,中证TMT,1995.6841,0.5109
2025-05-20,932000.CSI,中证2000,2598.3569,0.8395
2025-05-20,h30269.CSI,红利低波,11355.5872,0.3563
2025-05-21,000300.SH,沪深300,3916.3807,0.4671
2025-05-21,000688.SH,科创50,995.4867,-0.2196
2025-05-21,000852.SH,中证1000,6132.1809,-0.2251
2025-05-21,000905.SH,中证500,5757.9225,0.1837
2025-05-21,000922.CSI,中证红利,5528.7956,0.7643
2025-05-21,000998.CSI,中证TMT,1984.7249,-0.5491
2025-05-21,932000.CSI,中证2000,2577.5636,-0.8002
2025-05-21,h30269.CSI,红利低波,11419.0487,0.5589
2025-05-22,000300.SH,沪深300,3913.8651,-0.0642
2025-05-22,000688.SH,科创50,990.7112,-0.4797
2025-05-22,000852.SH,中证1000,6066.1031,-1.0776
2025-05-22,000905.SH,中证500,5703.2797,-0.949
2025-05-22,000922.CSI,中证红利,5519.0537,-0.1762
2025-05-22,000998.CSI,中证TMT,1973.3287,-0.5742
2025-05-22,932000.CSI,中证2000,2545.831,-1.2311
2025-05-22,h30269.CSI,红利低波,11471.2389,0.457
2025-05-23,000300.SH,沪深300,3882.2741,-0.8072
2025-05-23,000688.SH,科创50,980.5781,-1.0228
2025-05-23,000852.SH,中证1000,5989.6752,-1.2599
2025-05-23,000905.SH,中证500,5653.0436,-0.8808
2025-05-23,000922.CSI,中证红利,5464.7734,-0.9835
2025-05-23,000998.CSI,中证TMT,1945.2767,-1.4216
2025-05-23,932000.CSI,中证2000,2515.8813,-1.1764
2025-05-23,h30269.CSI,红利低波,11381.436,-0.7829
2025-05-26,000300.SH,沪深300,3860.1067,-0.571
2025-05-26,000688.SH,科创50,982.2605,0.1716
2025-05-26,000852.SH,中证1000,6028.7861,0.653
2025-05-26,000905.SH,中证500,5669.4609,0.2904
2025-05-26,000922.CSI,中证红利,5427.8603,-0.6755
2025-05-26,000998.CSI,中证TMT,1961.9452,0.8569
2025-05-26,932000.CSI,中证2000,2547.4564,1.255
2025-05-26,h30269.CSI,红利低波,11338.1181,-0.3806
2025-05-27,000300.SH,沪深300,3839.3969,-0.5365
2025-05-27,000688.SH,科创50,972.9197,-0.9509
2025-05-27,000852.SH,中证1000,6008.4599,-0.3372
2025-05-27,000905.SH,中证500,5652.1454,-0.3054
2025-05-27,000922.CSI,中证红利,5413.7524,-0.2599
2025-05-27,000998.CSI,中证TMT,1944.0713,-0.911
2025-05-27,932000.CSI,中证2000,2552.6575,0.2042
2025-05-27,h30269.CSI,红利低波,11347.4312,0.0821
2025-05-28,000300.SH,沪深300,3836.2366,-0.0823
2025-05-28,000688.SH,科创50,970.6401,-0.2343
2025-05-28,000852.SH,中证1000,5984.4557,-0.3995
2025-05-28,000905.SH,中证500,5637.2378,-0.2638
2025-05-28,000922.CSI,中证红利,5431.0191,0.3189
2025-05-28,000998.CSI,中证TMT,1937.3986,-0.3432
2025-05-28,932000.CSI,中证2000,2543.968,-0.3404
2025-05-28,h30269.CSI,红利低波,11402.55,0.4857
2025-05-29,000300.SH,沪深300,3858.6998,0.5856
2025-05-29,000688.SH,科创50,986.302,1.6136
2025-05-29,000852.SH,中证1000,6089.5778,1.7566
2025-05-29,000905.SH,中证500,5719.9101,1.4665
2025-05-29,000922.CSI,中证红利,5440.6604,0.1775
2025-05-29,000998.CSI,中证TMT,1979.5953,2.178
2025-05-29,932000.CSI,中证2000,2588.547,1.7523
2025-05-29,h30269.CSI,红利低波,11381.564,-0.184
2025-05-30,000300.SH,沪深300,3840.2323,-0.4786
2025-05-30,000688.SH,科创50,977.0265,-0.9404
2025-05-30,000852.SH,中证1000,6026.5603,-1.0348
2025-05-30,000905.SH,中证500,5671.0723,-0.8538
2025-05-30,000922.CSI,中证红利,5445.7952,0.0944
2025-05-30,000998.CSI,中证TMT,1952.7042,-1.3584
2025-05-30,932000.CSI,中证2000,2543.1976,-1.7519
2025-05-30,h30269.CSI,红利低波,11420.3111,0.3404
2025-06-03,000300.SH,沪深300,3852.0127,0.3068
2025-06-03,000688.SH,科创50,981.7102,0.4794
2025-06-03,000852.SH,中证1000,6070.0368,0.7214
2025-06-03,000905.SH,中证500,5694.8385,0.4191
2025-06-03,000922.CSI,中证红利,5465.689,0.3653
2025-06-03,000998.CSI,中证TMT,1954.8994,0.1124
2025-06-03,932000.CSI,中证2000,2564.1167,0.8226
2025-06-03,h30269.CSI,红利低波,11539.2017,1.041
2025-06-04,000300.SH,沪深300,3868.7429,0.4343
2025-06-04,000688.SH,科创50,986.1106,0.4482
2025-06-04,000852.SH,中证1000,6123.172,0.8754
2025-06-04,000905.SH,中证500,5739.0058,0.7756
2025-06-04,000922.CSI,中证红利,5480.8722,0.2778
2025-06-04,000998.CSI,中证TMT,1977.4461,1.1533
2025-06-04,932000.CSI,中证2000,2591.1784,1.0554
2025-06-04,h30269.CSI,红利低波,11585.3733,0.4001
2025-06-05,000300.SH,沪深300,3877.5557,0.2278
2025-06-05,000688.SH,科创50,996.4072,1.0442
2025-06-05,000852.SH,中证1000,6167.0149,0.716
2025-06-05,000905.SH,中证500,5769.9675,0.5395
2025-06-05,000922.CSI,中证红利,5449.4941,-0.5725
2025-06-05,000998.CSI,中证TMT,2022.6271,2.2848
2025-06-05,932000.CSI,中证2000,2606.5146,0.5919
2025-06-05,h30269.CSI,红利低波,11493.1267,-0.7962
2025-06-06,000300.SH,沪深300,3873.9841,-0.0921
2025-06-06,000688.SH,科创50,991.6422,-0.4782
2025-06-06,000852.SH,中证1000,6152.8446,-0.2298
2025-06-06,000905.SH,中证500,5762.0778,-0.1367
2025-06-06,000922.CSI,中证红利,5448.3034,-0.0218
2025-06-06,000998.CSI,中证TMT,2020.3101,-0.1146
2025-06-06,932000.CSI,中证2000,2601.4941,-0.1926
2025-06-06,h30269.CSI,红利低波,11503.0106,0.086
2025-06-09,000300.SH,沪深300,3885.2459,0.2907
2025-06-09,000688.SH,科创50,997.6118,0.602
2025-06-09,000852.SH,中证1000,6218.9637,1.0746
2025-06-09,000905.SH,中证500,5805.6543,0.7563
2025-06-09,000922.CSI,中证红利,5458.8793,0.1941
2025-06-09,000998.CSI,中证TMT,2035.4392,0.7489
2025-06-09,932000.CSI,中证2000,2638.8858,1.4373
2025-06-09,h30269.CSI,红利低波,11508.6044,0.0486
2025-06-10,000300.SH,沪深300,3865.4652,-0.5091
2025-06-10,000688.SH,科创50,982.9043,-1.4743
2025-06-10,000852.SH,中证1000,6161.6919,-0.9209
2025-06-10,000905.SH,中证500,5757.9921,-0.821
2025-06-10,000922.CSI,中证红利,5454.5726,-0.0789
2025-06-10,000998.CSI,中证TMT,2002.0109,-1.6423
2025-06-10,932000.CSI,中证2000,2617.3296,-0.8169
2025-06-10,h30269.CSI,红利低波,11522.101,0.1173
2025-06-11,000300.SH,沪深300,3894.6252,0.7544
2025-06-11,000688.SH,科创50,980.9328,-0.2006
2025-06-11,000852.SH,中证1000,6186.5122,0.4028
2025-06-11,000905.SH,中证500,5792.9464,0.6071
2025-06-11,000922.CSI,中证红利,5471.4803,0.31
2025-06-11,000998.CSI,中证TMT,2006.0402,0.2013
2025-06-11,932000.CSI,中证2000,2628.8683,0.4409
2025-06-11,h30269.CSI,红利低波,11533.3473,0.0976
2025-06-12,000300.SH,沪深300,3892.1992,-0.0623
2025-06-12,000688.SH,科创50,977.9731,-0.3017
2025-06-12,000852.SH,中证1000,6192.22,0.0923
2025-06-12,000905.SH,中证500,5799.9319,0.1206
2025-06-12,000922.CSI,中证红利,5471.5999,0.0022
2025-06-12,000998.CSI,中证TMT,2007.0661,0.0511
2025-06-12,932000.CSI,中证2000,2635.583,0.2554
2025-06-12,h30269.CSI,红利低波,11570.5681,0.3227
2025-06-13,000300.SH,沪深300,3864.1822,-0.7198
2025-06-13,000688.SH,科创50,972.9408,-0.5146
2025-06-13,000852.SH,中证1000,6106.0083,-1.3923
2025-06-13,000905.SH,中证500,5740.2397,-1.0292
2025-06-13,000922.CSI,中证红利,5416.3064,-1.0106
2025-06-13,000998.CSI,中证TMT,1988.5834,-0.9209
2025-06-13,932000.CSI,中证2000,2582.0367,-2.0317
2025-06-13,h30269.CSI,红利低波,11457.8901,-0.9738
2025-06-16,000300.SH,沪深300,3873.7951,0.2488
2025-06-16,000688.SH,科创50,970.8914,-0.2106
2025-06-16,000852.SH,中证1000,6147.46,0.6789
2025-06-16,000905.SH,中证500,5767.8083,0.4803
2025-06-16,000922.CSI,中证红利,5428.601,0.227
2025-06-16,000998.CSI,中证TMT,2012.2467,1.19
2025-06-16,932000.CSI,中证2000,2609.6711,1.0703
2025-06-16,h30269.CSI,红利低波,11522.9117,0.5675
2025-06-17,000300.SH,沪深300,3870.3786,-0.0882
2025-06-17,000688.SH,科创50,963.0834,-0.8042
2025-06-17,000852.SH,中证1000,6141.4684,-0.0975
2025-06-17,000905.SH,中证500,5750.9122,-0.2929
2025-06-17,000922.CSI,中证红利,5426.0202,-0.0475
2025-06-17,000998.CSI,中证TMT,2007.2659,-0.2475
2025-06-17,932000.CSI,中证2000,2605.9732,-0.1417
2025-06-17,h30269.CSI,红利低波,11496.2152,-0.2317
2025-06-18,000300.SH,沪深300,3874.9708,0.1186
2025-06-18,000688.SH,科创50,968.1791,0.5291
2025-06-18,000852.SH,中证1000,6135.3858,-0.099
2025-06-18,000905.SH,中证500,5745.8714,-0.0877
2025-06-18,000922.CSI,中证红利,5419.9498,-0.1119
2025-06-18,000998.CSI,中证TMT,2028.0028,1.0331
2025-06-18,932000.CSI,中证2000,2598.6865,-0.2796
2025-06-18,h30269.CSI,红利低波,11563.4999,0.5853
2025-06-19,000300.SH,沪深300,3843.0912,-0.8227
2025-06-19,000688.SH,科创50,962.9431,-0.5408
2025-06-19,000852.SH,中证1000,6048.2243,-1.4206
2025-06-19,000905.SH,中证500,5676.8317,-1.2016
2025-06-19,000922.CSI,中证红利,5384.7423,-0.6496
2025-06-19,000998.CSI,中证TMT,2011.7707,-0.8004
2025-06-19,932000.CSI,中证2000,2547.9906,-1.9508
2025-06-19,h30269.CSI,红利低波,11532.3805,-0.2691
2025-06-20,000300.SH,沪深300,3846.6443,0.0925
2025-06-20,000688.SH,科创50,957.8718,-0.5266
2025-06-20,000852.SH,中证1000,5999.5914,-0.8041
2025-06-20,000905.SH,中证500,5639.513,-0.6574
2025-06-20,000922.CSI,中证红利,5393.71,0.1665
2025-06-20,000998.CSI,中证TMT,1992.9169,-0.9372
2025-06-20,932000.CSI,中证2000,2524.8062,-0.9099
2025-06-20,h30269.CSI,红利低波,11574.3579,0.364
2025-06-23,000300.SH,沪深300,3857.9016,0.2927
2025-06-23,000688.SH,科创50,961.4888,0.3776
2025-06-23,000852.SH,中证1000,6078.2224,1.3106
2025-06-23,000905.SH,中证500,5674.1704,0.6145
2025-06-23,000922.CSI,中证红利,5407.4346,0.2545
2025-06-23,000998.CSI,中证TMT,2004.4507,0.5787
2025-06-23,932000.CSI,中证2000,2573.8394,1.9421
2025-06-23,h30269.CSI,红利低波,11639.5817,0.5635
2025-06-24,000300.SH,沪深300,3904.0342,1.1958
2025-06-24,000688.SH,科创50,978.7142,1.7915
2025-06-24,000852.SH,中证1000,6194.666,1.9158
2025-06-24,000905.SH,中证500,5765.8373,1.6155
2025-06-24,000922.CSI,中证红利,5424.751,0.3202
2025-06-24,000998.CSI,中证TMT,2041.3874,1.8427
2025-06-24,932000.CSI,中证2000,2631.0436,2.2225
2025-06-24,h30269.CSI,红利低波,11668.0086,0.2442
2025-06-25,000300.SH,沪深300,3960.0662,1.4352
2025-06-25,000688.SH,科创50,995.6097,1.7263
2025-06-25,000852.SH,中证1000,6276.1634,1.3156
2025-06-25,000905.SH,中证500,5862.5529,1.6774
2025-06-25,000922.CSI,中证红利,5443.2012,0.3401
2025-06-25,000998.CSI,中证TMT,2081.4781,1.9639
2025-06-25,932000.CSI,中证2000,2657.4055,1.002
2025-06-25,h30269.CSI,红利低波,11737.6464,0.5968
2025-06-26,000300.SH,沪深300,3946.0195,-0.3547
2025-06-26,000688.SH,科创50,989.9724,-0.5662
2025-06-26,000852.SH,中证1000,6247.791,-0.4521
2025-06-26,000905.SH,中证500,5838.2454,-0.4146
2025-06-26,000922.CSI,中证红利,5444.7023,0.0276
2025-06-26,000998.CSI,中证TMT,2077.2288,-0.2041
2025-06-26,932000.CSI,中证2000,2652.534,-0.1833
2025-06-26,h30269.CSI,红利低波,11767.4254,0.2537
2025-06-27,000300.SH,沪深300,3921.7578,-0.6148
2025-06-27,000688.SH,科创50,988.2112,-0.1779
2025-06-27,000852.SH,中证1000,6276.9373,0.4665
2025-06-27,000905.SH,中证500,5863.7282,0.4365
2025-06-27,000922.CSI,中证红利,5416.1974,-0.5235
2025-06-27,000998.CSI,中证TMT,2094.3179,0.8227
2025-06-27,932000.CSI,中证2000,2664.9703,0.4688
2025-06-27,h30269.CSI,红利低波,11578.3421,-1.6068
2025-06-30,000300.SH,沪深300,3936.0791,0.3652
2025-06-30,000688.SH,科创50,1003.4137,1.5384
2025-06-30,000852.SH,中证1000,6356.1813,1.2625
2025-06-30,000905.SH,中证500,5915.3876,0.881
2025-06-30,000922.CSI,中证红利,5410.2588,-0.1096
2025-06-30,000998.CSI,中证TMT,2122.5524,1.3481
2025-06-30,932000.CSI,中证2000,2705.9813,1.5389
2025-06-30,h30269.CSI,红利低波,11544.8644,-0.2891
2025-07-01,000300.SH,沪深300,3942.762,0.1698
2025-07-01,000688.SH,科创50,994.7951,-0.8589
2025-07-01,000852.SH,中证1000,6373.7679,0.2767
2025-07-01,000905.SH,中证500,5934.67,0.326
2025-07-01,000922.CSI,中证红利,5454.3266,0.8145
2025-07-01,000998.CSI,中证TMT,2119.004,-0.1672
2025-07-01,932000.CSI,中证2000,2713.6682,0.2841
2025-07-01,h30269.CSI,红利低波,11664.2806,1.0344
2025-07-02,000300.SH,沪深300,3943.6849,0.0234
2025-07-02,000688.SH,科创50,982.6362,-1.2223
2025-07-02,000852.SH,中证1000,6309.4837,-1.0086
2025-07-02,000905.SH,中证500,5892.9505,-0.703
2025-07-02,000922.CSI,中证红利,5493.4691,0.7176
2025-07-02,000998.CSI,中证TMT,2081.6473,-1.7629
2025-07-02,932000.CSI,中证2000,2690.6791,-0.8472
2025-07-02,h30269.CSI,红利低波,11690.3539,0.2235
2025-07-03,000300.SH,沪深300,3968.0676,0.6183
2025-07-03,000688.SH,科创50,984.9489,0.2354
2025-07-03,000852.SH,中证1000,6342.638,0.5255
2025-07-03,000905.SH,中证500,5922.66,0.5042
2025-07-03,000922.CSI,中证红利,5493.1321,-0.0061
2025-07-03,000998.CSI,中证TMT,2114.4388,1.5753
2025-07-03,932000.CSI,中证2000,2709.8858,0.7138
2025-07-03,h30269.CSI,红利低波,11692.7168,0.0202
2025-07-04,000300.SH,沪深300,3982.2034,0.3562
2025-07-04,000688.SH,科创50,984.8018,-0.0149
2025-07-04,000852.SH,中证1000,6312.1966,-0.4799
2025-07-04,000905.SH,中证500,5911.4352,-0.1895
2025-07-04,000922.CSI,中证红利,5520.9383,0.5062
2025-07-04,000998.CSI,中证TMT,2109.3621,-0.2401
2025-07-04,932000.CSI,中证2000,2680.6835,-1.0776
2025-07-04,h30269.CSI,红利低波,11803.4995,0.9475
2025-07-07,000300.SH,沪深300,3965.1746,-0.4276
2025-07-07,000688.SH,科创50,978.2931,-0.6609
2025-07-07,000852.SH,中证1000,6327.139,0.2367
2025-07-07,000905.SH,中证500,5900.4056,-0.1866
2025-07-07,000922.CSI,中证红利,5545.0804,0.4373
2025-07-07,000998.CSI,中证TMT,2092.3088,-0.8085
2025-07-07,932000.CSI,中证2000,2698.6939,0.6719
2025-07-07,h30269.CSI,红利低波,11863.7132,0.5101
2025-07-08,000300.SH,沪深300,3998.4527,0.8393
2025-07-08,000688.SH,科创50,991.9481,1.3958
2025-07-08,000852.SH,中证1000,6407.6976,1.2732
2025-07-08,000905.SH,中证500,5977.7437,1.3107
2025-07-08,000922.CSI,中证红利,5542.3522,-0.0492
2025-07-08,000998.CSI,中证TMT,2141.8995,2.3701
2025-07-08,932000.CSI,中证2000,2733.4372,1.2874
2025-07-08,h30269.CSI,红利低波,11838.5343,-0.2122
2025-07-09,000300.SH,沪深300,3991.4006,-0.1764
2025-07-09,000688.SH,科创50,983.1111,-0.8909
2025-07-09,000852.SH,中证1000,6390.4655,-0.2689
2025-07-09,000905.SH,中证500,5953.4871,-0.4058
2025-07-09,000922.CSI,中证红利,5560.319,0.3242
2025-07-09,000998.CSI,中证TMT,2132.5627,-0.4359
2025-07-09,932000.CSI,中证2000,2731.206,-0.0816
2025-07-09,h30269.CSI,红利低波,11902.5541,0.5408
2025-07-10,000300.SH,沪深300,4010.0243,0.4666
2025-07-10,000688.SH,科创50,979.9891,-0.3176
2025-07-10,000852.SH,中证1000,6406.5677,0.252
2025-07-10,000905.SH,中证500,5983.0505,0.4966
2025-07-10,000922.CSI,中证红利,5594.9169,0.6222
2025-07-10,000998.CSI,中证TMT,2130.0777,-0.1165
2025-07-10,932000.CSI,中证2000,2729.9444,-0.0462
2025-07-10,h30269.CSI,红利低波,11946.9514,0.373
2025-07-11,000300.SH,沪深300,4014.807,0.1193
2025-07-11,000688.SH,科创50,994.4481,1.4754
2025-07-11,000852.SH,中证1000,6461.0997,0.8512
2025-07-11,000905.SH,中证500,6027.0789,0.7359
2025-07-11,000922.CSI,中证红利,5553.971,-0.7318
2025-07-11,000998.CSI,中证TMT,2142.9619,0.6049
2025-07-11,932000.CSI,中证2000,2742.9699,0.4771
2025-07-11,h30269.CSI,红利低波,11808.713,-1.1571
2025-07-14,000300.SH,沪深300,4017.6678,0.0713
2025-07-14,000688.SH,科创50,992.3886,-0.2071
2025-07-14,000852.SH,中证1000,6462.3051,0.0187
2025-07-14,000905.SH,中证500,6020.8585,-0.1032
2025-07-14,000922.CSI,中证红利,5581.2078,0.4904
2025-07-14,000998.CSI,中证TMT,2135.5634,-0.3452
2025-07-14,932000.CSI,中证2000,2760.4326,0.6366
2025-07-14,h30269.CSI,红利低波,11884.8612,0.6448
2025-07-15,000300.SH,沪深300,4019.0644,0.0348
2025-07-15,000688.SH,科创50,996.2455,0.3886
2025-07-15,000852.SH,中证1000,6442.834,-0.3013
2025-07-15,000905.SH,中证500,6018.7583,-0.0349
2025-07-15,000922.CSI,中证红利,5516.3349,-1.1623
2025-07-15,000998.CSI,中证TMT,2181.4261,2.1476
2025-07-15,932000.CSI,中证2000,2741.4809,-0.6865
2025-07-15,h30269.CSI,红利低波,11775.0805,-0.9237
2025-07-16,000300.SH,沪深300,4007.2019,-0.2952
2025-07-16,000688.SH,科创50,997.6299,0.139
2025-07-16,000852.SH,中证1000,6462.063,0.2985
2025-07-16,000905.SH,中证500,6017.1947,-0.026
2025-07-16,000922.CSI,中证红利,5492.5995,-0.4303
2025-07-16,000998.CSI,中证TMT,2170.5318,-0.4994
2025-07-16,932000.CSI,中证2000,2759.0598,0.6412
2025-07-16,h30269.CSI,红利低波,11731.9346,-0.3664
2025-07-17,000300.SH,沪深300,4034.491,0.681
2025-07-17,000688.SH,科创50,1005.648,0.8037
2025-07-17,000852.SH,中证1000,6535.6713,1.1391
2025-07-17,000905.SH,中证500,6082.4644,1.0847
2025-07-17,000922.CSI,中证红利,5487.8946,-0.0857
2025-07-17,000998.CSI,中证TMT,2216.405,2.1135
2025-07-17,932000.CSI,中证2000,2789.0395,1.0866
2025-07-17,h30269.CSI,红利低波,11697.787,-0.2911
2025-07-18,000300.SH,沪深300,4058.5486,0.5963
2025-07-18,000688.SH,科创50,1007.5252,0.1867
2025-07-18,000852.SH,中证1000,6552.0741,0.251
2025-07-18,000905.SH,中证500,6099.6104,0.2819
2025-07-18,000922.CSI,中证红利,5506.7441,0.3435
2025-07-18,000998.CSI,中证TMT,2209.5732,-0.3082
2025-07-18,932000.CSI,中证2000,2790.7649,0.0619
2025-07-18,h30269.CSI,红利低波,11756.5099,0.502
2025-07-21,000300.SH,沪深300,4085.6072,0.6667
2025-07-21,000688.SH,科创50,1007.8938,0.0366
2025-07-21,000852.SH,中证1000,6612.2589,0.9186
2025-07-21,000905.SH,中证500,6161.3086,1.0115
2025-07-21,000922.CSI,中证红利,5575.8675,1.2552
2025-07-21,000998.CSI,中证TMT,2214.5487,0.2252
2025-07-21,932000.CSI,中证2000,2826.2895,1.2729
2025-07-21,h30269.CSI,红利低波,11758.4197,0.0162
2025-07-22,000300.SH,沪深300,4118.9582,0.8163
2025-07-22,000688.SH,科创50,1016.2653,0.8306
2025-07-22,000852.SH,中证1000,6637.1035,0.3757
2025-07-22,000905.SH,中证500,6213.4072,0.8456
2025-07-22,000922.CSI,中证红利,5667.6115,1.6454
2025-07-22,000998.CSI,中证TMT,2210.0992,-0.2009
2025-07-22,932000.CSI,中证2000,2826.4909,0.0071
2025-07-22,h30269.CSI,红利低波,11781.1709,0.1935
2025-07-23,000300.SH,沪深300,4119.7685,0.0197
2025-07-23,000688.SH,科创50,1020.8554,0.4517
2025-07-23,000852.SH,中证1000,6607.22,-0.4502
2025-07-23,000905.SH,中证500,6196.7577,-0.268
2025-07-23,000922.CSI,中证红利,5647.0878,-0.3621
2025-07-23,000998.CSI,中证TMT,2210.7213,0.0281
2025-07-23,932000.CSI,中证2000,2801.4877,-0.8846
2025-07-23,h30269.CSI,红利低波,11795.9125,0.1251
2025-07-24,000300.SH,沪深300,4149.0368,0.7104
2025-07-24,000688.SH,科创50,1032.8379,1.1738
2025-07-24,000852.SH,中证1000,6701.12,1.4212
2025-07-24,000905.SH,中证500,6293.5984,1.5628
2025-07-24,000922.CSI,中证红利,5670.7501,0.419
2025-07-24,000998.CSI,中证TMT,2234.6029,1.0803
2025-07-24,932000.CSI,中证2000,2832.8678,1.1201
2025-07-24,h30269.CSI,红利低波,11703.8688,-0.7803
2025-07-25,000300.SH,沪深300,4127.1634,-0.5272
2025-07-25,000688.SH,科创50,1054.1956,2.0679
2025-07-25,000852.SH,中证1000,6706.6098,0.0819
2025-07-25,000905.SH,中证500,6299.5908,0.0952
2025-07-25,000922.CSI,中证红利,5633.8343,-0.651
2025-07-25,000998.CSI,中证TMT,2250.6819,0.7195
2025-07-25,932000.CSI,中证2000,2841.2916,0.2974
2025-07-25,h30269.CSI,红利低波,11625.286,-0.6714
2025-07-28,000300.SH,沪深300,4135.8242,0.2098
2025-07-28,000688.SH,科创50,1055.1086,0.0866
2025-07-28,000852.SH,中证1000,6729.979,0.3485
2025-07-28,000905.SH,中证500,6323.4198,0.3783
2025-07-28,000922.CSI,中证红利,5572.5303,-1.0881
2025-07-28,000998.CSI,中证TMT,2270.8333,0.8953
2025-07-28,932000.CSI,中证2000,2861.5064,0.7115
2025-07-28,h30269.CSI,红利低波,11569.6462,-0.4786
2025-07-29,000300.SH,沪深300,4152.0247,0.3917
2025-07-29,000688.SH,科创50,1070.4479,1.4538
2025-07-29,000852.SH,中证1000,6773.8843,0.6524
2025-07-29,000905.SH,中证500,6356.1327,0.5173
2025-07-29,000922.CSI,中证红利,5570.4572,-0.0372
2025-07-29,000998.CSI,中证TMT,2307.4394,1.612
2025-07-29,932000.CSI,中证2000,2872.0657,0.369
2025-07-29,h30269.CSI,红利低波,11501.5985,-0.5882
2025-07-30,000300.SH,沪深300,4151.2379,-0.0189
2025-07-30,000688.SH,科创50,1058.5715,-1.1095
2025-07-30,000852.SH,中证1000,6718.4819,-0.8179
2025-07-30,000905.SH,中证500,6314.6873,-0.6521
2025-07-30,000922.CSI,中证红利,5581.4768,0.1978
2025-07-30,000998.CSI,中证TMT,2291.96,-0.6708
2025-07-30,932000.CSI,中证2000,2846.3288,-0.8961
2025-07-30,h30269.CSI,红利低波,11543.9766,0.3685
2025-07-31,000300.SH,沪深300,4075.5912,-1.8223
2025-07-31,000688.SH,科创50,1047.8699,-1.0109
2025-07-31,000852.SH,中证1000,6661.1862,-0.8528
2025-07-31,000905.SH,中证500,6226.3432,-1.399
2025-07-31,000922.CSI,中证红利,5484.7119,-1.7337
2025-07-31,000998.CSI,中证TMT,2280.9329,-0.4811
2025-07-31,932000.CSI,中证2000,2827.9729,-0.6449
2025-07-31,h30269.CSI,红利低波,11400.1963,-1.2455
2025-08-01,000300.SH,沪深300,4054.9286,-0.507
2025-08-01,000688.SH,科创50,1036.7746,-1.0588
2025-08-01,000852.SH,中证1000,6670.472,0.1394
2025-08-01,000905.SH,中证500,6213.2014,-0.2111
2025-08-01,000922.CSI,中证红利,5484.5934,-0.0022
2025-08-01,000998.CSI,中证TMT,2261.3356,-0.8592
2025-08-01,932000.CSI,中证2000,2840.9412,0.4586
2025-08-01,h30269.CSI,红利低波,11397.9654,-0.0196
2025-08-04,000300.SH,沪深300,4070.7023,0.389
2025-08-04,000688.SH,科创50,1049.4062,1.2184
2025-08-04,000852.SH,中证1000,6739.6936,1.0377
2025-08-04,000905.SH,中证500,6261.7313,0.7811
2025-08-04,000922.CSI,中证红利,5510.342,0.4695
2025-08-04,000998.CSI,中证TMT,2267.858,0.2884
2025-08-04,932000.CSI,中证2000,2885.3139,1.5619
2025-08-04,h30269.CSI,红利低波,11466.903,0.6048
2025-08-05,000300.SH,沪深300,4103.45,0.8045
2025-08-05,000688.SH,科创50,1053.6462,0.404
2025-08-05,000852.SH,中证1000,6787.4806,0.709
2025-08-05,000905.SH,中证500,6303.2359,0.6628
2025-08-05,000922.CSI,中证红利,5567.8825,1.0442
2025-08-05,000998.CSI,中证TMT,2279.7683,0.5252
2025-08-05,932000.CSI,中证2000,2911.2842,0.9001
2025-08-05,h30269.CSI,红利低波,11603.0884,1.1876
2025-08-06,000300.SH,沪深300,4113.4852,0.2446
2025-08-06,000688.SH,科创50,1059.7614,0.5804
2025-08-06,000852.SH,中证1000,6861.3091,1.0877
2025-08-06,000905.SH,中证500,6357.3769,0.8589
2025-08-06,000922.CSI,中证红利,5603.2021,0.6343
2025-08-06,000998.CSI,中证TMT,2293.4651,0.6008
2025-08-06,932000.CSI,中证2000,2946.0201,1.1931
2025-08-06,h30269.CSI,红利低波,11618.8287,0.1357
2025-08-07,000300.SH,沪深300,4114.666,0.0287
2025-08-07,000688.SH,科创50,1058.2051,-0.1469
2025-08-07,000852.SH,中证1000,6862.1497,0.0123
2025-08-07,000905.SH,中证500,6337.5425,-0.312
2025-08-07,000922.CSI,中证红利,5612.6762,0.1691
2025-08-07,000998.CSI,中证TMT,2287.9982,-0.2384
2025-08-07,932000.CSI,中证2000,2948.1274,0.0715
2025-08-07,h30269.CSI,红利低波,11656.1744,0.3214
2025-08-08,000300.SH,沪深300,4104.9669,-0.2357
2025-08-08,000688.SH,科创50,1043.5366,-1.3862
2025-08-08,000852.SH,中证1000,6838.1299,-0.35
2025-08-08,000905.SH,中证500,6323.4999,-0.2216
2025-08-08,000922.CSI,中证红利,5615.6102,0.0523
2025-08-08,000998.CSI,中证TMT,2263.1159,-1.0875
2025-08-08,932000.CSI,中证2000,2941.4675,-0.2259
2025-08-08,h30269.CSI,红利低波,11675.7949,0.1683
2025-08-11,000300.SH,沪深300,4122.5106,0.4274
2025-08-11,000688.SH,科创50,1049.7296,0.5935
2025-08-11,000852.SH,中证1000,6943.9366,1.5473
2025-08-11,000905.SH,中证500,6391.7595,1.0795
2025-08-11,000922.CSI,中证红利,5591.6955,-0.4259
2025-08-11,000998.CSI,中证TMT,2303.0322,1.7638
2025-08-11,932000.CSI,中证2000,2991.5948,1.7042
2025-08-11,h30269.CSI,红利低波,11600.8616,-0.6418
2025-08-12,000300.SH,沪深300,4143.8252,0.517
2025-08-12,000688.SH,科创50,1069.8089,1.9128
2025-08-12,000852.SH,中证1000,6963.611,0.2833
2025-08-12,000905.SH,中证500,6418.1595,0.413
2025-08-12,000922.CSI,中证红利,5623.0435,0.5606
2025-08-12,000998.CSI,中证TMT,2331.3344,1.2289
2025-08-12,932000.CSI,中证2000,2993.3164,0.0575
2025-08-12,h30269.CSI,红利低波,11641.7139,0.3521
2025-08-13,000300.SH,沪深300,4176.5776,0.7904
2025-08-13,000688.SH,科创50,1077.6978,0.7374
2025-08-13,000852.SH,中证1000,7064.3339,1.4464
2025-08-13,000905.SH,中证500,6508.0978,1.4013
2025-08-13,000922.CSI,中证红利,5593.7015,-0.5218
2025-08-13,000998.CSI,中证TMT,2388.9363,2.4708
2025-08-13,932000.CSI,中证2000,3024.426,1.0393
2025-08-13,h30269.CSI,红利低波,11573.5982,-0.5851
2025-08-14,000300.SH,沪深300,4173.3131,-0.0782
2025-08-14,000688.SH,科创50,1085.7358,0.7458
2025-08-14,000852.SH,中证1000,6976.4875,-1.2435
2025-08-14,000905.SH,中证500,6429.8462,-1.2024
2025-08-14,000922.CSI,中证红利,5540.1311,-0.9577
2025-08-14,000998.CSI,中证TMT,2360.878,-1.1745
2025-08-14,932000.CSI,中证2000,2967.9281,-1.8681
2025-08-14,h30269.CSI,红利低波,11568.0434,-0.048
2025-08-15,000300.SH,沪深300,4202.3533,0.6959
2025-08-15,000688.SH,科创50,1101.2931,1.4329
2025-08-15,000852.SH,中证1000,7117.5009,2.0213
2025-08-15,000905.SH,中证500,6568.57,2.1575
2025-08-15,000922.CSI,中证红利,5553.4158,0.2398
2025-08-15,000998.CSI,中证TMT,2400.9012,1.6953
2025-08-15,932000.CSI,中证2000,3028.2287,2.0317
2025-08-15,h30269.CSI,红利低波,11530.9168,-0.3209
2025-08-18,000300.SH,沪深300,4239.4125,0.8819
2025-08-18,000688.SH,科创50,1124.8218,2.1365
2025-08-18,000852.SH,中证1000,7237.6018,1.6874
2025-08-18,000905.SH,中证500,6668.1726,1.5164
2025-08-18,000922.CSI,中证红利,5542.7569,-0.1919
2025-08-18,000998.CSI,中证TMT,2480.4129,3.3117
2025-08-18,932000.CSI,中证2000,3093.1144,2.1427
2025-08-18,h30269.CSI,红利低波,11562.4487,0.2735
2025-08-19,000300.SH,沪深300,4223.3741,-0.3783
2025-08-19,000688.SH,科创50,1112.2662,-1.1162
2025-08-19,000852.SH,中证1000,7242.8494,0.0725
2025-08-19,000905.SH,中证500,6655.3105,-0.1929
2025-08-19,000922.CSI,中证红利,5537.4535,-0.0957
2025-08-19,000998.CSI,中证TMT,2482.9872,0.1038
2025-08-19,932000.CSI,中证2000,3114.6111,0.695
2025-08-19,h30269.CSI,红利低波,11569.3176,0.0594
2025-08-20,000300.SH,沪深300,4271.3958,1.137
2025-08-20,000688.SH,科创50,1148.1469,3.2259
2025-08-20,000852.SH,中证1000,7305.4613,0.8645
2025-08-20,000905.SH,中证500,6728.0692,1.0932
2025-08-20,000922.CSI,中证红利,5579.2691,0.7551
2025-08-20,000998.CSI,中证TMT,2527.1677,1.7793
2025-08-20,932000.CSI,中证2000,3127.8015,0.4235
2025-08-20,h30269.CSI,红利低波,11662.6382,0.8066
2025-08-21,000300.SH,沪深300,4288.0707,0.3904
2025-08-21,000688.SH,科创50,1149.1507,0.0874
2025-08-21,000852.SH,中证1000,7253.3429,-0.7134
2025-08-21,000905.SH,中证500,6704.1657,-0.3553
2025-08-21,000922.CSI,中证红利,5609.1951,0.5364
2025-08-21,000998.CSI,中证TMT,2516.6026,-0.4181
2025-08-21,932000.CSI,中证2000,3104.5337,-0.7439
2025-08-21,h30269.CSI,红利低波,11721.4548,0.5043
2025-08-22,000300.SH,沪深300,4377.9977,2.0971
2025-08-22,000688.SH,科创50,1247.8621,8.5899
2025-08-22,000852.SH,中证1000,7362.9396,1.511
2025-08-22,000905.SH,中证500,6822.8469,1.7703
2025-08-22,000922.CSI,中证红利,5599.4007,-0.1746
2025-08-22,000998.CSI,中证TMT,2642.0105,4.9832
2025-08-22,932000.CSI,中证2000,3126.0277,0.6923
2025-08-22,h30269.CSI,红利低波,11681.6958,-0.3392
2025-08-25,000300.SH,沪深300,4469.2217,2.0837
2025-08-25,000688.SH,科创50,1287.7338,3.1952
2025-08-25,000852.SH,中证1000,7477.728,1.559
2025-08-25,000905.SH,中证500,6951.8955,1.8914
2025-08-25,000922.CSI,中证红利,5640.4806,0.7336
2025-08-25,000998.CSI,中证TMT,2701.8594,2.2653
2025-08-25,932000.CSI,中证2000,3162.6244,1.1707
2025-08-25,h30269.CSI,红利低波,11788.3522,0.913
2025-08-26,000300.SH,沪深300,4452.5905,-0.3721
2025-08-26,000688.SH,科创50,1270.8712,-1.3095
2025-08-26,000852.SH,中证1000,7476.4672,-0.0169
2025-08-26,000905.SH,中证500,6964.0653,0.1751
2025-08-26,000922.CSI,中证红利,5634.0366,-0.1142
2025-08-26,000998.CSI,中证TMT,2718.6989,0.6233
2025-08-26,932000.CSI,中证2000,3163.1485,0.0166
2025-08-26,h30269.CSI,红利低波,11759.8192,-0.242
2025-08-27,000300.SH,沪深300,4386.1266,-1.4927
2025-08-27,000688.SH,科创50,1272.5561,0.1326
2025-08-27,000852.SH,中证1000,7336.5036,-1.8721
2025-08-27,000905.SH,中证500,6862.5624,-1.4575
2025-08-27,000922.CSI,中证红利,5532.4293,-1.8035
2025-08-27,000998.CSI,中证TMT,2702.8384,-0.5834
2025-08-27,932000.CSI,中证2000,3089.8463,-2.3174
2025-08-27,h30269.CSI,红利低波,11548.4431,-1.7974
2025-08-28,000300.SH,沪深300,4463.782,1.7705
2025-08-28,000688.SH,科创50,1364.6045,7.2333
2025-08-28,000852.SH,中证1000,7447.1101,1.5076
2025-08-28,000905.SH,中证500,7011.1602,2.1653
2025-08-28,000922.CSI,中证红利,5544.1885,0.2126
2025-08-28,000998.CSI,中证TMT,2838.4222,5.0163
2025-08-28,932000.CSI,中证2000,3112.2762,0.7259
2025-08-28,h30269.CSI,红利低波,11570.3755,0.1899
2025-08-29,000300.SH,沪深300,4496.7591,0.7388
2025-08-29,000688.SH,科创50,1341.3106,-1.707
2025-08-29,000852.SH,中证1000,7438.6767,-0.1132
2025-08-29,000905.SH,中证500,7043.9416,0.4676
2025-08-29,000922.CSI,中证红利,5538.0382,-0.1109
2025-08-29,000998.CSI,中证TMT,2834.1516,-0.1505
2025-08-29,932000.CSI,中证2000,3101.5438,-0.3448
2025-08-29,h30269.CSI,红利低波,11516.8691,-0.4624
2025-09-01,000300.SH,沪深300,4523.7111,0.5994
2025-09-01,000688.SH,科创50,1357.1484,1.1808
2025-09-01,000852.SH,中证1000,7501.1483,0.8398
2025-09-01,000905.SH,中证500,7110.2882,0.9419
2025-09-01,000922.CSI,中证红利,5524.751,-0.2399
2025-09-01,000998.CSI,中证TMT,2889.4595,1.9515
2025-09-01,932000.CSI,中证2000,3134.7334,1.0701
2025-09-01,h30269.CSI,红利低波,11497.6225,-0.1671
2025-09-02,000300.SH,沪深300,4490.4528,-0.7352
2025-09-02,000688.SH,科创50,1328.2792,-2.1272
2025-09-02,000852.SH,中证1000,7313.8824,-2.4965
2025-09-02,000905.SH,中证500,6961.6894,-2.0899
2025-09-02,000922.CSI,中证红利,5542.1747,0.3154
2025-09-02,000998.CSI,中证TMT,2761.3898,-4.4323
2025-09-02,932000.CSI,中证2000,3072.4003,-1.9885
2025-09-02,h30269.CSI,红利低波,11593.7268,0.8359
2025-09-03,000300.SH,沪深300,4459.8296,-0.682
2025-09-03,000688.SH,科创50,1306.4787,-1.6413
2025-09-03,000852.SH,中证1000,7206.8758,-1.4631
2025-09-03,000905.SH,中证500,6868.4615,-1.3392
2025-09-03,000922.CSI,中证红利,5495.4712,-0.8427
2025-09-03,000998.CSI,中证TMT,2730.5532,-1.1167
2025-09-03,932000.CSI,中证2000,3010.1112,-2.0274
2025-09-03,h30269.CSI,红利低波,11464.957,-1.1107
2025-09-04,000300.SH,沪深300,4365.2085,-2.1216
2025-09-04,000688.SH,科创50,1226.9847,-6.0846
2025-09-04,000852.SH,中证1000,7041.1544,-2.2995
2025-09-04,000905.SH,中证500,6698.4474,-2.4753
2025-09-04,000922.CSI,中证红利,5493.0759,-0.0436
2025-09-04,000998.CSI,中证TMT,2576.7434,-5.6329
2025-09-04,932000.CSI,中证2000,2966.6048,-1.4453
2025-09-04,h30269.CSI,红利低波,11494.9289,0.2614
2025-09-05,000300.SH,沪深300,4460.3249,2.179
2025-09-05,000688.SH,科创50,1268.5517,3.3877
2025-09-05,000852.SH,中证1000,7245.667,2.9045
2025-09-05,000905.SH,中证500,6913.9532,3.2173
2025-09-05,000922.CSI,中证红利,5510.0368,0.3088
2025-09-05,000998.CSI,中证TMT,2678.204,3.9376
2025-09-05,932000.CSI,中证2000,3048.0796,2.7464
2025-09-05,h30269.CSI,红利低波,11442.9609,-0.4521
2025-09-08,000300.SH,沪深300,4467.5733,0.1625
2025-09-08,000688.SH,科创50,1275.8677,0.5767
2025-09-08,000852.SH,中证1000,7311.0343,0.9022
2025-09-08,000905.SH,中证500,6992.1169,1.1305
2025-09-08,000922.CSI,中证红利,5552.5865,0.7722
2025-09-08,000998.CSI,中证TMT,2667.8449,-0.3868
2025-09-08,932000.CSI,中证2000,3085.2103,1.2182
2025-09-08,h30269.CSI,红利低波,11456.9827,0.1225
2025-09-09,000300.SH,沪深300,4436.2584,-0.7009
2025-09-09,000688.SH,科创50,1245.5284,-2.3779
2025-09-09,000852.SH,中证1000,7226.0277,-1.1627
2025-09-09,000905.SH,中证500,6928.9651,-0.9032
2025-09-09,000922.CSI,中证红利,5565.0272,0.2241
2025-09-09,000998.CSI,中证TMT,2608.5008,-2.2244
2025-09-09,932000.CSI,中证2000,3045.3593,-1.2917
2025-09-09,h30269.CSI,红利低波,11505.0736,0.4198
2025-09-10,000300.SH,沪深300,4445.3649,0.2053
2025-09-10,000688.SH,科创50,1259.0959,1.0893
2025-09-10,000852.SH,中证1000,7230.1678,0.0573
2025-09-10,000905.SH,中证500,6932.1092,0.0454
2025-09-10,000922.CSI,中证红利,5537.7853,-0.4895
2025-09-10,000998.CSI,中证TMT,2660.551,1.9954
2025-09-10,932000.CSI,中证2000,3055.1137,0.3203
2025-09-10,h30269.CSI,红利低波,11484.5877,-0.1781
2025-09-11,000300.SH,沪深300,4548.0345,2.3096
2025-09-11,000688.SH,科创50,1326.0329,5.3163
2025-09-11,000852.SH,中证1000,7399.8854,2.3474
2025-09-11,000905.SH,中证500,7122.7051,2.7495
2025-09-11,000922.CSI,中证红利,5559.8135,0.3978
2025-09-11,000998.CSI,中证TMT,2812.8896,5.7258
2025-09-11,932000.CSI,中证2000,3113.6487,1.916
2025-09-11,h30269.CSI,红利低波,11517.3077,0.2849
2025-09-12,000300.SH,沪深300,4521.998,-0.5725
2025-09-12,000688.SH,科创50,1338.018,0.9038
2025-09-12,000852.SH,中证1000,7422.8844,0.3108
2025-09-12,000905.SH,中证500,7147.7489,0.3516
2025-09-12,000922.CSI,中证红利,5529.9497,-0.5371
2025-09-12,000998.CSI,中证TMT,2812.267,-0.0221
2025-09-12,932000.CSI,中证2000,3113.9337,0.0092
2025-09-12,h30269.CSI,红利低波,11430.2793,-0.7556
2025-09-15,000300.SH,沪深300,4533.0557,0.2445
2025-09-15,000688.SH,科创50,1340.3966,0.1778
2025-09-15,000852.SH,中证1000,7415.5711,-0.0985
2025-09-15,000905.SH,中证500,7137.3627,-0.1453
2025-09-15,000922.CSI,中证红利,5511.138,-0.3402
2025-09-15,000998.CSI,中证TMT,2813.011,0.0265
2025-09-15,932000.CSI,中证2000,3110.6046,-0.1069
2025-09-15,h30269.CSI,红利低波,11342.1166,-0.7713
2025-09-16,000300.SH,沪深300,4523.3367,-0.2144
2025-09-16,000688.SH,科创50,1358.0474,1.3168
2025-09-16,000852.SH,中证1000,7483.6282,0.9178
2025-09-16,000905.SH,中证500,7190.9928,0.7514
2025-09-16,000922.CSI,中证红利,5508.9665,-0.0394
2025-09-16,000998.CSI,中证TMT,2842.5928,1.0516
2025-09-16,932000.CSI,中证2000,3160.7777,1.613
2025-09-16,h30269.CSI,红利低波,11294.3392,-0.4212
2025-09-17,000300.SH,沪深300,4551.023,0.6121
2025-09-17,000688.SH,科创50,1370.4299,0.9118
2025-09-17,000852.SH,中证1000,7554.8125,0.9512
2025-09-17,000905.SH,中证500,7260.0353,0.9601
2025-09-17,000922.CSI,中证红利,5522.2891,0.2418
2025-09-17,000998.CSI,中证TMT,2866.4669,0.8399
2025-09-17,932000.CSI,中证2000,3174.1685,0.4237
2025-09-17,h30269.CSI,红利低波,11328.9774,0.3067
2025-09-18,000300.SH,沪深300,4498.109,-1.1627
2025-09-18,000688.SH,科创50,1380.351,0.7239
2025-09-18,000852.SH,中证1000,7476.402,-1.0379
2025-09-18,000905.SH,中证500,7199.8828,-0.8285
2025-09-18,000922.CSI,中证红利,5424.126,-1.7776
2025-09-18,000998.CSI,中证TMT,2885.0446,0.6481
2025-09-18,932000.CSI,中证2000,3139.755,-1.0842
2025-09-18,h30269.CSI,红利低波,11104.3429,-1.9828
2025-09-19,000300.SH,沪深300,4501.9195,0.0847
2025-09-19,000688.SH,科创50,1362.6494,-1.2824
2025-09-19,000852.SH,中证1000,7438.1887,-0.5111
2025-09-19,000905.SH,中证500,7170.3488,-0.4102
2025-09-19,000922.CSI,中证红利,5468.7315,0.8224
2025-09-19,000998.CSI,中证TMT,2883.2212,-0.0632
2025-09-19,932000.CSI,中证2000,3113.4021,-0.8393
2025-09-19,h30269.CSI,红利低波,11173.0395,0.6186
2025-09-22,000300.SH,沪深300,4522.608,0.4595
2025-09-22,000688.SH,科创50,1408.6445,3.3754
2025-09-22,000852.SH,中证1000,7489.4784,0.6895
2025-09-22,000905.SH,中证500,7225.1281,0.764
2025-09-22,000922.CSI,中证红利,5434.0415,-0.6343
2025-09-22,000998.CSI,中证TMT,2958.8253,2.6222
2025-09-22,932000.CSI,中证2000,3126.7278,0.428
2025-09-22,h30269.CSI,红利低波,11090.3084,-0.7405
2025-09-23,000300.SH,沪深300,4519.7781,-0.0626
2025-09-23,000688.SH,科创50,1407.3017,-0.0953
2025-09-23,000852.SH,中证1000,7408.0691,-1.087
2025-09-23,000905.SH,中证500,7180.7137,-0.6147
2025-09-23,000922.CSI,中证红利,5454.0584,0.3684
2025-09-23,000998.CSI,中证TMT,2943.2075,-0.5278
2025-09-23,932000.CSI,中证2000,3082.0908,-1.4276
2025-09-23,h30269.CSI,红利低波,11165.4305,0.6774
2025-09-24,000300.SH,沪深300,4566.0708,1.0242
2025-09-24,000688.SH,科创50,1456.4693,3.4937
2025-09-24,000852.SH,中证1000,7534.2223,1.7029
2025-09-24,000905.SH,中证500,7323.7093,1.9914
2025-09-24,000922.CSI,中证红利,5467.0362,0.2379
2025-09-24,000998.CSI,中证TMT,3012.7113,2.3615
2025-09-24,932000.CSI,中证2000,3124.8833,1.3884
2025-09-24,h30269.CSI,红利低波,11155.5041,-0.0889
2025-09-25,000300.SH,沪深300,4593.4875,0.6004
2025-09-25,000688.SH,科创50,1474.4866,1.2371
2025-09-25,000852.SH,中证1000,7506.5124,-0.3678
2025-09-25,000905.SH,中证500,7341.3238,0.2405
2025-09-25,000922.CSI,中证红利,5440.5069,-0.4853
2025-09-25,000998.CSI,中证TMT,3059.2586,1.545
2025-09-25,932000.CSI,中证2000,3105.76,-0.612
2025-09-25,h30269.CSI,红利低波,11064.0291,-0.82
2025-09-26,000300.SH,沪深300,4550.0487,-0.9457
2025-09-26,000688.SH,科创50,1450.824,-1.6048
2025-09-26,000852.SH,中证1000,7397.5894,-1.451
2025-09-26,000905.SH,中证500,7240.9114,-1.3678
2025-09-26,000922.CSI,中证红利,5455.0131,0.2666
2025-09-26,000998.CSI,中证TMT,2977.9608,-2.6574
2025-09-26,932000.CSI,中证2000,3057.6976,-1.5475
2025-09-26,h30269.CSI,红利低波,11057.0151,-0.0634
2025-09-29,000300.SH,沪深300,4620.0528,1.5385
2025-09-29,000688.SH,科创50,1470.4144,1.3503
2025-09-29,000852.SH,中证1000,7497.8308,1.3551
2025-09-29,000905.SH,中证500,7350.5599,1.5143
2025-09-29,000922.CSI,中证红利,5474.3919,0.3552
2025-09-29,000998.CSI,中证TMT,3028.4305,1.6948
2025-09-29,932000.CSI,中证2000,3083.337,0.8385
2025-09-29,h30269.CSI,红利低波,11051.1838,-0.0527
2025-09-30,000300.SH,沪深300,4640.6935,0.4468
2025-09-30,000688.SH,科创50,1495.2878,1.6916
2025-09-30,000852.SH,中证1000,7574.9631,1.0287
2025-09-30,000905.SH,中证500,7412.3684,0.8409
2025-09-30,000922.CSI,中证红利,5461.0845,-0.2431
2025-09-30,000998.CSI,中证TMT,3053.2164,0.8184
2025-09-30,932000.CSI,中证2000,3093.3127,0.3235
2025-09-30,h30269.CSI,红利低波,10967.0639,-0.7612
2025-10-09,000300.SH,沪深300,4709.482,1.4823
2025-10-09,000688.SH,科创50,1539.081,2.9287
2025-10-09,000852.SH,中证1000,7648.0523,0.9649
2025-10-09,000905.SH,中证500,7548.9226,1.8422
2025-10-09,000922.CSI,中证红利,5502.3826,0.7562
2025-10-09,000998.CSI,中证TMT,3125.693,2.3738
2025-10-09,932000.CSI,中证2000,3113.0059,0.6366
2025-10-09,h30269.CSI,红利低波,10992.4929,0.2319
2025-10-10,000300.SH,沪深300,4616.8341,-1.9673
2025-10-10,000688.SH,科创50,1452.6753,-5.6141
2025-10-10,000852.SH,中证1000,7533.8201,-1.4936
2025-10-10,000905.SH,中证500,7398.2241,-1.9963
2025-10-10,000922.CSI,中证红利,5559.0517,1.0299
2025-10-10,000998.CSI,中证TMT,2984.9158,-4.5039
2025-10-10,932000.CSI,中证2000,3091.4807,-0.6915
2025-10-10,h30269.CSI,红利低波,11074.1153,0.7425
2025-10-13,000300.SH,沪深300,4593.9785,-0.495
2025-10-13,000688.SH,科创50,1473.0172,1.4003
2025-10-13,000852.SH,中证1000,7519.7636,-0.1866
2025-10-13,000905.SH,中证500,7376.5636,-0.2928
2025-10-13,000922.CSI,中证红利,5534.3194,-0.4449
2025-10-13,000998.CSI,中证TMT,2978.1592,-0.2264
2025-10-13,932000.CSI,中证2000,3085.5392,-0.1922
2025-10-13,h30269.CSI,红利低波,11142.0004,0.613
2025-10-14,000300.SH,沪深300,4539.0644,-1.1953
2025-10-14,000688.SH,科创50,1410.3004,-4.2577
2025-10-14,000852.SH,中证1000,7373.1522,-1.9497
2025-10-14,000905.SH,中证500,7194.8509,-2.4634
2025-10-14,000922.CSI,中证红利,5596.2901,1.1198
2025-10-14,000998.CSI,中证TMT,2843.0271,-4.5374
2025-10-14,932000.CSI,中证2000,3036.9306,-1.5754
2025-10-14,h30269.CSI,红利低波,11339.3971,1.7716
2025-10-15,000300.SH,沪深300,4606.2879,1.481
2025-10-15,000688.SH,科创50,1429.9966,1.3966
2025-10-15,000852.SH,中证1000,7483.449,1.4959
2025-10-15,000905.SH,中证500,7294.0014,1.3781
2025-10-15,000922.CSI,中证红利,5620.1955,0.4272
2025-10-15,000998.CSI,中证TMT,2892.5425,1.7416
2025-10-15,932000.CSI,中证2000,3088.4591,1.6967
2025-10-15,h30269.CSI,红利低波,11398.2238,0.5188
2025-10-16,000300.SH,沪深300,4618.4218,0.2634
2025-10-16,000688.SH,科创50,1416.575,-0.9386
2025-10-16,000852.SH,中证1000,7401.8375,-1.0906
2025-10-16,000905.SH,中证500,7231.5336,-0.8564
2025-10-16,000922.CSI,中证红利,5639.6007,0.3453
2025-10-16,000998.CSI,中证TMT,2875.0549,-0.6046
2025-10-16,932000.CSI,中证2000,3050.4203,-1.2316
2025-10-16,h30269.CSI,红利低波,11455.0672,0.4987
2025-10-17,000300.SH,沪深300,4514.2345,-2.2559
2025-10-17,000688.SH,科创50,1363.1684,-3.7701
2025-10-17,000852.SH,中证1000,7185.4781,-2.923
2025-10-17,000905.SH,中证500,7016.0661,-2.9796
2025-10-17,000922.CSI,中证红利,5596.3198,-0.7674
2025-10-17,000998.CSI,中证TMT,2767.4408,-3.743
2025-10-17,932000.CSI,中证2000,2963.3308,-2.855
2025-10-17,h30269.CSI,红利低波,11412.0329,-0.3757
2025-10-20,000300.SH,沪深300,4538.2201,0.5313
2025-10-20,000688.SH,科创50,1367.8986,0.347
2025-10-20,000852.SH,中证1000,7239.1845,0.7474
2025-10-20,000905.SH,中证500,7069.6412,0.7636
2025-10-20,000922.CSI,中证红利,5637.9361,0.7436
2025-10-20,000998.CSI,中证TMT,2804.7988,1.3499
2025-10-20,932000.CSI,中证2000,3005.7514,1.4315
2025-10-20,h30269.CSI,红利低波,11419.2438,0.0632
2025-10-21,000300.SH,沪深300,4607.8715,1.5348
2025-10-21,000688.SH,科创50,1406.3183,2.8087
2025-10-21,000852.SH,中证1000,7344.0468,1.4485
2025-10-21,000905.SH,中证500,7185.624,1.6406
2025-10-21,000922.CSI,中证红利,5640.3589,0.043
2025-10-21,000998.CSI,中证TMT,2898.0808,3.3258
2025-10-21,932000.CSI,中证2000,3063.8456,1.9328
2025-10-21,h30269.CSI,红利低波,11459.7201,0.3545
2025-10-22,000300.SH,沪深300,4592.57,-0.3321
2025-10-22,000688.SH,科创50,1405.407,-0.0648
2025-10-22,000852.SH,中证1000,7312.21,-0.4335
2025-10-22,000905.SH,中证500,7128.4776,-0.7953
2025-10-22,000922.CSI,中证红利,5645.9038,0.0983
2025-10-22,000998.CSI,中证TMT,2875.0497,-0.7947
2025-10-22,932000.CSI,中证2000,3052.4469,-0.372
2025-10-22,h30269.CSI,红利低波,11530.8706,0.6209
2025-10-23,000300.SH,沪深300,4606.3447,0.2999
2025-10-23,000688.SH,科创50,1401.2558,-0.2954
2025-10-23,000852.SH,中证1000,7308.0992,-0.0562
2025-10-23,000905.SH,中证500,7142.9536,0.2031
2025-10-23,000922.CSI,中证红利,5691.9018,0.8147
2025-10-23,000998.CSI,中证TMT,2861.5776,-0.4686
2025-10-23,932000.CSI,中证2000,3045.8366,-0.2166
2025-10-23,h30269.CSI,红利低波,11591.3336,0.5244
2025-10-24,000300.SH,沪深300,4660.6835,1.1797
2025-10-24,000688.SH,科创50,1462.222,4.3508
2025-10-24,000852.SH,中证1000,7419.2352,1.5207
2025-10-24,000905.SH,中证500,7258.5343,1.6181
2025-10-24,000922.CSI,中证红利,5655.0767,-0.647
2025-10-24,000998.CSI,中证TMT,2979.7702,4.1303
2025-10-24,932000.CSI,中证2000,3074.4913,0.9408
2025-10-24,h30269.CSI,红利低波,11514.3828,-0.6639
2025-10-27,000300.SH,沪深300,4716.0186,1.1873
2025-10-27,000688.SH,科创50,1484.2064,1.5035
2025-10-27,000852.SH,中证1000,7495.3831,1.0264
2025-10-27,000905.SH,中证500,7379.3941,1.6651
2025-10-27,000922.CSI,中证红利,5681.4978,0.4672
2025-10-27,000998.CSI,中证TMT,3078.6523,3.3184
2025-10-27,932000.CSI,中证2000,3103.5237,0.9443
2025-10-27,h30269.CSI,红利低波,11520.7706,0.0555
2025-10-28,000300.SH,沪深300,4691.973,-0.5099
2025-10-28,000688.SH,科创50,1471.7309,-0.8406
2025-10-28,000852.SH,中证1000,7479.221,-0.2156
2025-10-28,000905.SH,中证500,7341.0304,-0.5199
2025-10-28,000922.CSI,中证红利,5651.6502,-0.5253
2025-10-28,000998.CSI,中证TMT,3068.0439,-0.3446
2025-10-28,932000.CSI,中证2000,3108.8665,0.1722
2025-10-28,h30269.CSI,红利低波,11503.1395,-0.153
2025-10-29,000300.SH,沪深300,4747.8378,1.1906
2025-10-29,000688.SH,科创50,1489.1233,1.1818
2025-10-29,000852.SH,中证1000,7569.117,1.2019
2025-10-29,000905.SH,中证500,7480.9666,1.9062
2025-10-29,000922.CSI,中证红利,5653.7533,0.0372
2025-10-29,000998.CSI,中证TMT,3113.7962,1.4913
2025-10-29,932000.CSI,中证2000,3118.328,0.3043
2025-10-29,h30269.CSI,红利低波,11411.0298,-0.8007
2025-10-30,000300.SH,沪深300,4709.911,-0.7988
2025-10-30,000688.SH,科创50,1461.3001,-1.8684
2025-10-30,000852.SH,中证1000,7485.0848,-1.1102
2025-10-30,000905.SH,中证500,7385.7109,-1.2733
2025-10-30,000922.CSI,中证红利,5630.5531,-0.4104
2025-10-30,000998.CSI,中证TMT,3047.8043,-2.1193
2025-10-30,932000.CSI,中证2000,3071.3842,-1.5054
2025-10-30,h30269.CSI,红利低波,11421.1123,0.0884
2025-10-31,000300.SH,沪深300,4640.6676,-1.4702
2025-10-31,000688.SH,科创50,1415.5254,-3.1325
2025-10-31,000852.SH,中证1000,7506.6746,0.2884
2025-10-31,000905.SH,中证500,7331.0031,-0.7407
2025-10-31,000922.CSI,中证红利,5627.6697,-0.0512
2025-10-31,000998.CSI,中证TMT,2948.9423,-3.2437
2025-10-31,932000.CSI,中证2000,3103.7385,1.0534
2025-10-31,h30269.CSI,红利低波,11415.441,-0.0497
2025-11-03,000300.SH,沪深300,4653.4028,0.2744
2025-11-03,000688.SH,科创50,1400.8585,-1.0361
2025-11-03,000852.SH,中证1000,7538.1178,0.4189
2025-11-03,000905.SH,中证500,7333.6013,0.0354
2025-11-03,000922.CSI,中证红利,5678.4308,0.902
2025-11-03,000998.CSI,中证TMT,2956.9869,0.2728
2025-11-03,932000.CSI,中证2000,3127.7601,0.774
2025-11-03,h30269.CSI,红利低波,11567.4151,1.3313
2025-11-04,000300.SH,沪深300,4618.699,-0.7458
2025-11-04,000688.SH,科创50,1387.2392,-0.9722
2025-11-04,000852.SH,中证1000,7435.7308,-1.3583
2025-11-04,000905.SH,中证500,7210.8253,-1.6742
2025-11-04,000922.CSI,中证红利,5699.4485,0.3701
2025-11-04,000998.CSI,中证TMT,2920.4068,-1.2371
2025-11-04,932000.CSI,中证2000,3100.9496,-0.8572
2025-11-04,h30269.CSI,红利低波,11688.8762,1.05
2025-11-05,000300.SH,沪深300,4627.257,0.1853
2025-11-05,000688.SH,科创50,1390.3946,0.2275
2025-11-05,000852.SH,中证1000,7464.8632,0.3918
2025-11-05,000905.SH,中证500,7229.341,0.2568
2025-11-05,000922.CSI,中证红利,5723.3919,0.4201
2025-11-05,000998.CSI,中证TMT,2898.3822,-0.7542
2025-11-05,932000.CSI,中证2000,3124.9333,0.7734
2025-11-05,h30269.CSI,红利低波,11692.4013,0.0302
2025-11-06,000300.SH,沪深300,4693.4032,1.4295
2025-11-06,000688.SH,科创50,1436.858,3.3417
2025-11-06,000852.SH,中证1000,7551.8299,1.165
2025-11-06,000905.SH,中证500,7345.723,1.6099
2025-11-06,000922.CSI,中证红利,5745.9004,0.3933
2025-11-06,000998.CSI,中证TMT,2961.0416,2.1619
2025-11-06,932000.CSI,中证2000,3143.7167,0.6011
2025-11-06,h30269.CSI,红利低波,11695.0704,0.0228
2025-11-07,000300.SH,沪深300,4678.7944,-0.3113
2025-11-07,000688.SH,科创50,1415.6855,-1.4735
2025-11-07,000852.SH,中证1000,7541.878,-0.1318
2025-11-07,000905.SH,中证500,7327.9108,-0.2425
2025-11-07,000922.CSI,中证红利,5752.944,0.1226
2025-11-07,000998.CSI,中证TMT,2926.8096,-1.1561
2025-11-07,932000.CSI,中证2000,3131.1258,-0.4005
2025-11-07,h30269.CSI,红利低波,11696.6809,0.0138
2025-11-10,000300.SH,沪深300,4695.0507,0.3474
2025-11-10,000688.SH,科创50,1407.5576,-0.5741
2025-11-10,000852.SH,中证1000,7563.2535,0.2834
2025-11-10,000905.SH,中证500,7343.8017,0.2169
2025-11-10,000922.CSI,中证红利,5795.3924,0.7379
2025-11-10,000998.CSI,中证TMT,2921.1667,-0.1928
2025-11-10,932000.CSI,中证2000,3150.3517,0.614
2025-11-10,h30269.CSI,红利低波,11802.5904,0.9055
2025-11-11,000300.SH,沪深300,4652.1655,-0.9134
2025-11-11,000688.SH,科创50,1387.5337,-1.4226
2025-11-11,000852.SH,中证1000,7540.791,-0.297
2025-11-11,000905.SH,中证500,7291.6084,-0.7107
2025-11-11,000922.CSI,中证红利,5782.5897,-0.2209
2025-11-11,000998.CSI,中证TMT,2863.6093,-1.9704
2025-11-11,932000.CSI,中证2000,3162.9626,0.4003
2025-11-11,h30269.CSI,红利低波,11830.5688,0.2371
2025-11-12,000300.SH,沪深300,4645.9079,-0.1345
2025-11-12,000688.SH,科创50,1379.4518,-0.5825
2025-11-12,000852.SH,中证1000,7486.3766,-0.7216
2025-11-12,000905.SH,中证500,7243.2483,-0.6632
2025-11-12,000922.CSI,中证红利,5786.4201,0.0662
2025-11-12,000998.CSI,中证TMT,2847.2815,-0.5702
2025-11-12,932000.CSI,中证2000,3141.3218,-0.6842
2025-11-12,h30269.CSI,红利低波,11919.9918,0.7559
2025-11-13,000300.SH,沪深300,4702.0738,1.2089
2025-11-13,000688.SH,科创50,1399.2916,1.4382
2025-11-13,000852.SH,中证1000,7590.5763,1.3919
2025-11-13,000905.SH,中证500,7355.2911,1.5469
2025-11-13,000922.CSI,中证红利,5801.9877,0.269
2025-11-13,000998.CSI,中证TMT,2867.7933,0.7204
2025-11-13,932000.CSI,中证2000,3179.871,1.2272
2025-11-13,h30269.CSI,红利低波,11908.5772,-0.0958
2025-11-14,000300.SH,沪深300,4628.1398,-1.5724
2025-11-14,000688.SH,科创50,1361.2323,-2.7199
2025-11-14,000852.SH,中证1000,7502.7567,-1.157
2025-11-14,000905.SH,中证500,7235.4617,-1.6292
2025-11-14,000922.CSI,中证红利,5767.5602,-0.5934
2025-11-14,000998.CSI,中证TMT,2780.0066,-3.0611
2025-11-14,932000.CSI,中证2000,3158.8906,-0.6598
2025-11-14,h30269.CSI,红利低波,11868.5902,-0.3358
2025-11-17,000300.SH,沪深300,4598.0525,-0.6501
2025-11-17,000688.SH,科创50,1354.0376,-0.5285
2025-11-17,000852.SH,中证1000,7523.0758,0.2708
2025-11-17,000905.SH,中证500,7235.3512,-0.0015
2025-11-17,000922.CSI,中证红利,5739.3217,-0.4896
2025-11-17,000998.CSI,中证TMT,2781.8738,0.0672
2025-11-17,932000.CSI,中证2000,3178.7502,0.6287
2025-11-17,h30269.CSI,红利低波,11771.0564,-0.8218
2025-11-18,000300.SH,沪深300,4568.1928,-0.6494
2025-11-18,000688.SH,科创50,1357.9264,0.2872
2025-11-18,000852.SH,中证1000,7448.1007,-0.9966
2025-11-18,000905.SH,中证500,7151.0176,-1.1656
2025-11-18,000922.CSI,中证红利,5659.7759,-1.386
2025-11-18,000998.CSI,中证TMT,2787.3501,0.1969
2025-11-18,932000.CSI,中证2000,3136.8281,-1.3188
2025-11-18,h30269.CSI,红利低波,11684.9929,-0.7311
2025-11-19,000300.SH,沪深300,4588.2922,0.44
2025-11-19,000688.SH,科创50,1344.7956,-0.967
2025-11-19,000852.SH,中证1000,7387.2084,-0.8176
2025-11-19,000905.SH,中证500,7122.7465,-0.3953
2025-11-19,000922.CSI,中证红利,5668.6614,0.157
2025-11-19,000998.CSI,中证TMT,2765.6016,-0.7803
2025-11-19,932000.CSI,中证2000,3092.4723,-1.414
2025-11-19,h30269.CSI,红利低波,11704.4449,0.1665
2025-11-20,000300.SH,沪深300,4564.9483,-0.5088
2025-11-20,000688.SH,科创50,1328.1856,-1.2351
2025-11-20,000852.SH,中证1000,7340.4118,-0.6335
2025-11-20,000905.SH,中证500,7061.9497,-0.8536
2025-11-20,000922.CSI,中证红利,5656.0404,-0.2226
2025-11-20,000998.CSI,中证TMT,2744.2889,-0.7706
2025-11-20,932000.CSI,中证2000,3066.7756,-0.8309
2025-11-20,h30269.CSI,红利低波,11750.2293,0.3912
2025-11-21,000300.SH,沪深300,4453.6076,-2.439
2025-11-21,000688.SH,科创50,1285.8303,-3.189
2025-11-21,000852.SH,中证1000,7067.703,-3.7152
2025-11-21,000905.SH,中证500,6817.4103,-3.4628
2025-11-21,000922.CSI,中证红利,5554.5184,-1.7949
2025-11-21,000998.CSI,中证TMT,2638.9725,-3.8377
2025-11-21,932000.CSI,中证2000,2944.5633,-3.985
2025-11-21,h30269.CSI,红利低波,11592.0195,-1.3464
2025-11-24,000300.SH,沪深300,4448.0478,-0.1248
2025-11-24,000688.SH,科创50,1296.6023,0.8377
2025-11-24,000852.SH,中证1000,7156.4085,1.2551
2025-11-24,000905.SH,中证500,6868.9664,0.7562
2025-11-24,000922.CSI,中证红利,5527.1668,-0.4924
2025-11-24,000998.CSI,中证TMT,2657.8744,0.7163
2025-11-24,932000.CSI,中证2000,2999.2626,1.8576
2025-11-24,h30269.CSI,红利低波,11521.2395,-0.6106
2025-11-25,000300.SH,沪深300,4490.4047,0.9523
2025-11-25,000688.SH,科创50,1302.1669,0.4292
2025-11-25,000852.SH,中证1000,7249.9471,1.3071
2025-11-25,000905.SH,中证500,6954.6034,1.2467
2025-11-25,000922.CSI,中证红利,5554.2173,0.4894
2025-11-25,000998.CSI,中证TMT,2711.4534,2.0159
2025-11-25,932000.CSI,中证2000,3051.7084,1.7486
2025-11-25,h30269.CSI,红利低波,11592.0176,0.6143
2025-11-26,000300.SH,沪深300,4517.6255,0.6062
2025-11-26,000688.SH,科创50,1315.0411,0.9887
2025-11-26,000852.SH,中证1000,7248.4489,-0.0207
2025-11-26,000905.SH,中证500,6965.0453,0.1501
2025-11-26,000922.CSI,中证红利,5530.7929,-0.4217
2025-11-26,000998.CSI,中证TMT,2756.5466,1.6631
2025-11-26,932000.CSI,中证2000,3041.4159,-0.3373
2025-11-26,h30269.CSI,红利低波,11520.9384,-0.6132
2025-11-27,000300.SH,沪深300,4515.4027,-0.0492
2025-11-27,000688.SH,科创50,1310.7005,-0.3301
2025-11-27,000852.SH,中证1000,7257.454,0.1242
2025-11-27,000905.SH,中证500,6951.2844,-0.1976
2025-11-27,000922.CSI,中证红利,5539.999,0.1665
2025-11-27,000998.CSI,中证TMT,2743.0419,-0.4899
2025-11-27,932000.CSI,中证2000,3050.924,0.3126
2025-11-27,h30269.CSI,红利低波,11541.7021,0.1802
2025-11-28,000300.SH,沪深300,4526.6616,0.2493
2025-11-28,000688.SH,科创50,1327.1493,1.255
2025-11-28,000852.SH,中证1000,7334.2097,1.0576
2025-11-28,000905.SH,中证500,7031.5505,1.1547
2025-11-28,000922.CSI,中证红利,5545.8415,0.1055
2025-11-28,000998.CSI,中证TMT,2767.1854,0.8802
2025-11-28,932000.CSI,中证2000,3091.3782,1.326
2025-11-28,h30269.CSI,红利低波,11525.3201,-0.1419
2025-12-01,000300.SH,沪深300,4576.4856,1.1007
2025-12-01,000688.SH,科创50,1336.7561,0.7239
2025-12-01,000852.SH,中证1000,7386.6811,0.7154
2025-12-01,000905.SH,中证500,7101.8323,0.9995
2025-12-01,000922.CSI,中证红利,5591.822,0.8291
2025-12-01,000998.CSI,中证TMT,2821.4357,1.9605
2025-12-01,932000.CSI,中证2000,3112.9618,0.6982
2025-12-01,h30269.CSI,红利低波,11617.1435,0.7967
2025-12-02,000300.SH,沪深300,4554.3347,-0.484
2025-12-02,000688.SH,科创50,1320.1564,-1.2418
2025-12-02,000852.SH,中证1000,7313.178,-0.9951
2025-12-02,000905.SH,中证500,7040.3008,-0.8664
2025-12-02,000922.CSI,中证红利,5584.8627,-0.1245
2025-12-02,000998.CSI,中证TMT,2801.9566,-0.6904
2025-12-02,932000.CSI,中证2000,3098.2434,-0.4728
2025-12-02,h30269.CSI,红利低波,11606.6295,-0.0905
2025-12-03,000300.SH,沪深300,4531.0486,-0.5113
2025-12-03,000688.SH,科创50,1308.3672,-0.893
2025-12-03,000852.SH,中证1000,7248.274,-0.8875
2025-12-03,000905.SH,中证500,6996.3552,-0.6242
2025-12-03,000922.CSI,中证红利,5573.9,-0.1963
2025-12-03,000998.CSI,中证TMT,2771.62,-1.0827
2025-12-03,932000.CSI,中证2000,3066.4164,-1.0273
2025-12-03,h30269.CSI,红利低波,11547.9044,-0.506
2025-12-04,000300.SH,沪深300,4546.5664,0.3425
2025-12-04,000688.SH,科创50,1326.1646,1.3603
2025-12-04,000852.SH,中证1000,7248.6573,0.0053
2025-12-04,000905.SH,中证500,7012.8061,0.2351
2025-12-04,000922.CSI,中证红利,5552.9572,-0.3757
2025-12-04,000998.CSI,中证TMT,2790.1874,0.6699
2025-12-04,932000.CSI,中证2000,3043.529,-0.7464
2025-12-04,h30269.CSI,红利低波,11491.8522,-0.4854
2025-12-05,000300.SH,沪深300,4584.5368,0.8351
2025-12-05,000688.SH,科创50,1326.1014,-0.0048
2025-12-05,000852.SH,中证1000,7342.4924,1.2945
2025-12-05,000905.SH,中证500,7097.8389,1.2125
2025-12-05,000922.CSI,中证红利,5557.9653,0.0902
2025-12-05,000998.CSI,中证TMT,2805.5168,0.5494
2025-12-05,932000.CSI,中证2000,3100.3133,1.8657
2025-12-05,h30269.CSI,红利低波,11425.5991,-0.5765
2025-12-08,000300.SH,沪深300,4621.7545,0.8118
2025-12-08,000688.SH,科创50,1350.795,1.8621
2025-12-08,000852.SH,中证1000,7423.0462,1.0971
2025-12-08,000905.SH,中证500,7172.3671,1.05
2025-12-08,000922.CSI,中证红利,5527.4237,-0.5495
2025-12-08,000998.CSI,中证TMT,2886.1629,2.8746
2025-12-08,932000.CSI,中证2000,3145.7298,1.4649
2025-12-08,h30269.CSI,红利低波,11398.8998,-0.2337
2025-12-09,000300.SH,沪深300,4598.2232,-0.5091
2025-12-09,000688.SH,科创50,1347.1052,-0.2732
2025-12-09,000852.SH,中证1000,7380.5835,-0.572
2025-12-09,000905.SH,中证500,7121.3256,-0.7116
2025-12-09,000922.CSI,中证红利,5476.8405,-0.9151
2025-12-09,000998.CSI,中证TMT,2913.612,0.9511
2025-12-09,932000.CSI,中证2000,3128.9699,-0.5328
2025-12-09,h30269.CSI,红利低波,11320.3223,-0.6893
2025-12-10,000300.SH,沪深300,4591.8273,-0.1391
2025-12-10,000688.SH,科创50,1346.7028,-0.0299
2025-12-10,000852.SH,中证1000,7408.2441,0.3748
2025-12-10,000905.SH,中证500,7155.9944,0.4868
2025-12-10,000922.CSI,中证红利,5481.5776,0.0865
2025-12-10,000998.CSI,中证TMT,2911.8004,-0.0622
2025-12-10,932000.CSI,中证2000,3134.4949,0.1766
2025-12-10,h30269.CSI,红利低波,11260.7844,-0.5259
2025-12-11,000300.SH,沪深300,4552.1848,-0.8633
2025-12-11,000688.SH,科创50,1325.8307,-1.5499
2025-12-11,000852.SH,中证1000,7311.9952,-1.2992
2025-12-11,000905.SH,中证500,7082.8932,-1.0215
2025-12-11,000922.CSI,中证红利,5435.6228,-0.8383
2025-12-11,000998.CSI,中证TMT,2851.5774,-2.0682
2025-12-11,932000.CSI,中证2000,3081.3346,-1.696
2025-12-11,h30269.CSI,红利低波,11202.4094,-0.5184
2025-12-12,000300.SH,沪深300,4580.95,0.6319
2025-12-12,000688.SH,科创50,1348.8808,1.7385
2025-12-12,000852.SH,中证1000,7370.9416,0.8062
2025-12-12,000905.SH,中证500,7169.791,1.2269
2025-12-12,000922.CSI,中证红利,5426.7244,-0.1637
2025-12-12,000998.CSI,中证TMT,2894.9656,1.5216
2025-12-12,932000.CSI,中证2000,3101.7655,0.6631
2025-12-12,h30269.CSI,红利低波,11206.5096,0.0366
2025-12-15,000300.SH,沪深300,4552.0596,-0.6307
2025-12-15,000688.SH,科创50,1318.9064,-2.2222
2025-12-15,000852.SH,中证1000,7309.0775,-0.8393
2025-12-15,000905.SH,中证500,7113.962,-0.7787
2025-12-15,000922.CSI,中证红利,5457.0324,0.5585
2025-12-15,000998.CSI,中证TMT,2831.7667,-2.1831
2025-12-15,932000.CSI,中证2000,3094.4264,-0.2366
2025-12-15,h30269.CSI,红利低波,11236.04,0.2635
2025-12-16,000300.SH,沪深300,4497.5545,-1.1974
2025-12-16,000688.SH,科创50,1293.3824,-1.9352
2025-12-16,000852.SH,中证1000,7181.62,-1.7438
2025-12-16,000905.SH,中证500,7001.3188,-1.5834
2025-12-16,000922.CSI,中证红利,5414.3168,-0.7828
2025-12-16,000998.CSI,中证TMT,2795.1928,-1.2916
2025-12-16,932000.CSI,中证2000,3041.0041,-1.7264
2025-12-16,h30269.CSI,红利低波,11185.8672,-0.4465
2025-12-17,000300.SH,沪深300,4579.875,1.8303
2025-12-17,000688.SH,科创50,1325.3349,2.4705
2025-12-17,000852.SH,中证1000,7288.7384,1.4916
2025-12-17,000905.SH,中证500,7137.8339,1.9498
2025-12-17,000922.CSI,中证红利,5429.6808,0.2838
2025-12-17,000998.CSI,中证TMT,2883.3329,3.1533
2025-12-17,932000.CSI,中证2000,3063.8605,0.7516
2025-12-17,h30269.CSI,红利低波,11197.3187,0.1024
2025-12-18,000300.SH,沪深300,4552.7926,-0.5913
2025-12-18,000688.SH,科创50,1305.9664,-1.4614
2025-12-18,000852.SH,中证1000,7272.4024,-0.2241
2025-12-18,000905.SH,中证500,7100.8359,-0.5183
2025-12-18,000922.CSI,中证红利,5473.7057,0.8108
2025-12-18,000998.CSI,中证TMT,2839.5097,-1.5199
2025-12-18,932000.CSI,中证2000,3066.0946,0.0729
2025-12-18,h30269.CSI,红利低波,11307.2755,0.982
2025-12-19,000300.SH,沪深300,4568.1781,0.3379
2025-12-19,000688.SH,科创50,1308.5889,0.2008
2025-12-19,000852.SH,中证1000,7329.8057,0.7893
2025-12-19,000905.SH,中证500,7169.5511,0.9677
2025-12-19,000922.CSI,中证红利,5483.3469,0.1761
2025-12-19,000998.CSI,中证TMT,2843.1575,0.1285
2025-12-19,932000.CSI,中证2000,3111.1622,1.4699
2025-12-19,h30269.CSI,红利低波,11290.708,-0.1465
2025-12-22,000300.SH,沪深300,4611.6235,0.951
2025-12-22,000688.SH,科创50,1335.2451,2.037
2025-12-22,000852.SH,中证1000,7408.3488,1.0716
2025-12-22,000905.SH,中证500,7255.6607,1.201
2025-12-22,000922.CSI,中证红利,5458.2256,-0.4581
2025-12-22,000998.CSI,中证TMT,2906.6866,2.2345
2025-12-22,932000.CSI,中证2000,3137.9195,0.86
2025-12-22,h30269.CSI,红利低波,11223.6029,-0.5943
2025-12-23,000300.SH,沪深300,4620.7341,0.1976
2025-12-23,000688.SH,科创50,1340.015,0.3572
2025-12-23,000852.SH,中证1000,7392.4204,-0.215
2025-12-23,000905.SH,中证500,7256.7864,0.0155
2025-12-23,000922.CSI,中证红利,5459.1338,0.0166
2025-12-23,000998.CSI,中证TMT,2903.7424,-0.1013
2025-12-23,932000.CSI,中证2000,3118.2996,-0.6253
2025-12-23,h30269.CSI,红利低波,11244.5315,0.1865
2025-12-24,000300.SH,沪深300,4634.0586,0.2884
2025-12-24,000688.SH,科创50,1352.1261,0.9038
2025-12-24,000852.SH,中证1000,7506.3814,1.5416
2025-12-24,000905.SH,中证500,7352.0396,1.3126
2025-12-24,000922.CSI,中证红利,5472.2364,0.24
2025-12-24,000998.CSI,中证TMT,2948.857,1.5537
2025-12-24,932000.CSI,中证2000,3166.7413,1.5535
2025-12-24,h30269.CSI,红利低波,11255.4488,0.0971
2025-12-25,000300.SH,沪深300,4642.5357,0.1829
2025-12-25,000688.SH,科创50,1349.0577,-0.2269
2025-12-25,000852.SH,中证1000,7579.3791,0.9725
2025-12-25,000905.SH,中证500,7410.7119,0.798
2025-12-25,000922.CSI,中证红利,5486.4444,0.2596
2025-12-25,000998.CSI,中证TMT,2943.2733,-0.1894
2025-12-25,932000.CSI,中证2000,3208.14,1.3073
2025-12-25,h30269.CSI,红利低波,11268.0164,0.1117
2025-12-26,000300.SH,沪深300,4657.24,0.3167
2025-12-26,000688.SH,科创50,1345.8267,-0.2395
2025-12-26,000852.SH,中证1000,7605.5299,0.345
2025-12-26,000905.SH,中证500,7458.8386,0.6494
2025-12-26,000922.CSI,中证红利,5513.7509,0.4977
2025-12-26,000998.CSI,中证TMT,2937.402,-0.1995
2025-12-26,932000.CSI,中证2000,3206.5109,-0.0508
2025-12-26,h30269.CSI,红利低波,11248.5608,-0.1727
2025-12-29,000300.SH,沪深300,4639.3721,-0.3837
2025-12-29,000688.SH,科创50,1346.3188,0.0366
2025-12-29,000852.SH,中证1000,7594.1575,-0.1495
2025-12-29,000905.SH,中证500,7430.6147,-0.3784
2025-12-29,000922.CSI,中证红利,5501.7422,-0.2178
2025-12-29,000998.CSI,中证TMT,2941.8981,0.1531
2025-12-29,932000.CSI,中证2000,3205.927,-0.0182
2025-12-29,h30269.CSI,红利低波,11251.6818,0.0277
2025-12-30,000300.SH,沪深300,4651.2818,0.2567
2025-12-30,000688.SH,科创50,1359.8734,1.0068
2025-12-30,000852.SH,中证1000,7597.299,0.0414
2025-12-30,000905.SH,中证500,7458.936,0.3811
2025-12-30,000922.CSI,中证红利,5499.2122,-0.046
2025-12-30,000998.CSI,中证TMT,2956.6014,0.4998
2025-12-30,932000.CSI,中证2000,3200.1755,-0.1794
2025-12-30,h30269.CSI,红利低波,11238.4824,-0.1173
2025-12-31,000300.SH,沪深300,4629.9395,-0.4588
2025-12-31,000688.SH,科创50,1344.2002,-1.1525
2025-12-31,000852.SH,中证1000,7595.2845,-0.0265
2025-12-31,000905.SH,中证500,7465.5742,0.089
2025-12-31,000922.CSI,中证红利,5503.9812,0.0867
2025-12-31,000998.CSI,中证TMT,2940.6134,-0.5408
2025-12-31,932000.CSI,中证2000,3203.2319,0.0955
2025-12-31,h30269.CSI,红利低波,11239.9966,0.0135
2026-01-05,000300.SH,沪深300,4717.7457,1.8965
2026-01-05,000688.SH,科创50,1403.4142,4.4051
2026-01-05,000852.SH,中证1000,7753.88,2.0881
2026-01-05,000905.SH,中证500,7651.1981,2.4864
2026-01-05,000922.CSI,中证红利,5525.1164,0.384
2026-01-05,000998.CSI,中证TMT,3033.2835,3.1514
2026-01-05,932000.CSI,中证2000,3257.0905,1.6814
2026-01-05,h30269.CSI,红利低波,11235.1817,-0.0428
2026-01-06,000300.SH,沪深300,4790.6938,1.5462
2026-01-06,000688.SH,科创50,1429.3023,1.8447
2026-01-06,000852.SH,中证1000,7864.9034,1.4318
2026-01-06,000905.SH,中证500,7814.1356,2.1296
2026-01-06,000922.CSI,中证红利,5591.0408,1.1932
2026-01-06,000998.CSI,中证TMT,3083.3883,1.6518
2026-01-06,932000.CSI,中证2000,3296.7971,1.2191
2026-01-06,h30269.CSI,红利低波,11248.3514,0.1172
2026-01-07,000300.SH,沪深300,4776.6658,-0.2928
2026-01-07,000688.SH,科创50,1443.388,0.9855
2026-01-07,000852.SH,中证1000,7906.4197,0.5279
2026-01-07,000905.SH,中证500,7875.0822,0.78
2026-01-07,000922.CSI,中证红利,5592.9103,0.0334
2026-01-07,000998.CSI,中证TMT,3092.8135,0.3057
2026-01-07,932000.CSI,中证2000,3313.9154,0.5192
2026-01-07,h30269.CSI,红利低波,11188.366,-0.5333
2026-01-08,000300.SH,沪深300,4737.6536,-0.8167
2026-01-08,000688.SH,科创50,1455.1729,0.8165
2026-01-08,000852.SH,中证1000,7971.5887,0.8243
2026-01-08,000905.SH,中证500,7894.5447,0.2471
2026-01-08,000922.CSI,中证红利,5574.5975,-0.3274
2026-01-08,000998.CSI,中证TMT,3087.3118,-0.1779
2026-01-08,932000.CSI,中证2000,3356.8917,1.2968
2026-01-08,h30269.CSI,红利低波,11119.0034,-0.62
2026-01-09,000300.SH,沪深300,4758.9221,0.4489
2026-01-09,000688.SH,科创50,1475.9676,1.429
2026-01-09,000852.SH,中证1000,8129.1831,1.977
2026-01-09,000905.SH,中证500,8056.6858,2.0538
2026-01-09,000922.CSI,中证红利,5592.677,0.3243
2026-01-09,000998.CSI,中证TMT,3141.1184,1.7428
2026-01-09,932000.CSI,中证2000,3412.8377,1.6666
2026-01-09,h30269.CSI,红利低波,11125.0068,0.054
2026-01-12,000300.SH,沪深300,4789.9155,0.6513
2026-01-12,000688.SH,科创50,1511.836,2.4302
2026-01-12,000852.SH,中证1000,8357.0107,2.8026
2026-01-12,000905.SH,中证500,8249.1275,2.3886
2026-01-12,000922.CSI,中证红利,5611.1655,0.3306
2026-01-12,000998.CSI,中证TMT,3258.331,3.7316
2026-01-12,932000.CSI,中证2000,3507.1141,2.7624
2026-01-12,h30269.CSI,红利低波,11141.687,0.1499
2026-01-13,000300.SH,沪深300,4761.0324,-0.603
2026-01-13,000688.SH,科创50,1469.5699,-2.7957
2026-01-13,000852.SH,中证1000,8203.1327,-1.8413
2026-01-13,000905.SH,中证500,8143.28,-1.2831
2026-01-13,000922.CSI,中证红利,5591.9684,-0.3421
2026-01-13,000998.CSI,中证TMT,3158.0997,-3.0762
2026-01-13,932000.CSI,中证2000,3444.3116,-1.7907
2026-01-13,h30269.CSI,红利低波,11169.9111,0.2533
2026-01-14,000300.SH,沪深300,4741.9306,-0.4012
2026-01-14,000688.SH,科创50,1500.911,2.1327
2026-01-14,000852.SH,中证1000,8257.1716,0.6588
2026-01-14,000905.SH,中证500,8227.697,1.0366
2026-01-14,000922.CSI,中证红利,5552.3081,-0.7092
2026-01-14,000998.CSI,中证TMT,3210.7729,1.6679
2026-01-14,932000.CSI,中证2000,3477.3626,0.9596
2026-01-14,h30269.CSI,红利低波,11051.6697,-1.0586
2026-01-15,000300.SH,沪深300,4751.4293,0.2003
2026-01-15,000688.SH,科创50,1493.945,-0.4641
2026-01-15,000852.SH,中证1000,8240.7751,-0.1986
2026-01-15,000905.SH,中证500,8223.2683,-0.0538
2026-01-15,000922.CSI,中证红利,5541.7041,-0.191
2026-01-15,000998.CSI,中证TMT,3208.7259,-0.0638
2026-01-15,932000.CSI,中证2000,3443.4653,-0.9748
2026-01-15,h30269.CSI,红利低波,11026.2597,-0.2299
2026-01-16,000300.SH,沪深300,4731.8728,-0.4116
2026-01-16,000688.SH,科创50,1514.0681,1.347
2026-01-16,000852.SH,中证1000,8232.7293,-0.0976
2026-01-16,000905.SH,中证500,8232.674,0.1144
2026-01-16,000922.CSI,中证红利,5493.3899,-0.8718
2026-01-16,000998.CSI,中证TMT,3239.536,0.9602
2026-01-16,932000.CSI,中证2000,3445.0691,0.0466
2026-01-16,h30269.CSI,红利低波,10930.3461,-0.8699
2026-01-19,000300.SH,沪深300,4734.4556,0.0546
2026-01-19,000688.SH,科创50,1506.8571,-0.4763
2026-01-19,000852.SH,中证1000,8265.6462,0.3998
2026-01-19,000905.SH,中证500,8287.947,0.6714
2026-01-19,000922.CSI,中证红利,5538.8923,0.8283
2026-01-19,000998.CSI,中证TMT,3207.7091,-0.9825
2026-01-19,932000.CSI,中证2000,3484.432,1.1426
2026-01-19,h30269.CSI,红利低波,10949.2607,0.173
2026-01-20,000300.SH,沪深300,4718.8782,-0.329
2026-01-20,000688.SH,科创50,1482.9941,-1.5836
2026-01-20,000852.SH,中证1000,8182.7522,-1.0029
2026-01-20,000905.SH,中证500,8247.8049,-0.4843
2026-01-20,000922.CSI,中证红利,5611.8413,1.317
2026-01-20,000998.CSI,中证TMT,3161.4562,-1.4419
2026-01-20,932000.CSI,中证2000,3449.8185,-0.9934
2026-01-20,h30269.CSI,红利低波,11110.6271,1.4738
2026-01-21,000300.SH,沪深300,4723.0692,0.0888
2026-01-21,000688.SH,科创50,1535.3934,3.5333
2026-01-21,000852.SH,中证1000,8247.6798,0.7935
2026-01-21,000905.SH,中证500,8340.1133,1.1192
2026-01-21,000922.CSI,中证红利,5577.5405,-0.6112
2026-01-21,000998.CSI,中证TMT,3233.6463,2.2834
2026-01-21,932000.CSI,中证2000,3484.1848,0.9962
2026-01-21,h30269.CSI,红利低波,11019.9041,-0.8165
2026-01-22,000300.SH,沪深300,4723.7091,0.0135
2026-01-22,000688.SH,科创50,1541.638,0.4067
2026-01-22,000852.SH,中证1000,8309.3456,0.7477
2026-01-22,000905.SH,中证500,8387.595,0.5693
2026-01-22,000922.CSI,中证红利,5618.1484,0.7281
2026-01-22,000998.CSI,中证TMT,3256.475,0.706
2026-01-22,932000.CSI,中证2000,3519.0616,1.001
2026-01-22,h30269.CSI,红利低波,11039.9732,0.1821
2026-01-23,000300.SH,沪深300,4702.4966,-0.4491
2026-01-23,000688.SH,科创50,1553.7073,0.7829
2026-01-23,000852.SH,中证1000,8470.7438,1.9424
2026-01-23,000905.SH,中证500,8590.1659,2.4151
2026-01-23,000922.CSI,中证红利,5611.477,-0.1187
2026-01-23,000998.CSI,中证TMT,3267.987,0.3535
2026-01-23,932000.CSI,中证2000,3584.3964,1.8566
2026-01-23,h30269.CSI,红利低波,10994.3237,-0.4135
2026-01-26,000300.SH,沪深300,4706.964,0.095
2026-01-26,000688.SH,科创50,1532.796,-1.3459
2026-01-26,000852.SH,中证1000,8365.4345,-1.2432
2026-01-26,000905.SH,中证500,8506.6932,-0.9717
2026-01-26,000922.CSI,中证红利,5648.09,0.6525
2026-01-26,000998.CSI,中证TMT,3219.0291,-1.4981
2026-01-26,932000.CSI,中证2000,3527.6287,-1.5837
2026-01-26,h30269.CSI,红利低波,11051.7898,0.5227
2026-01-27,000300.SH,沪深300,4705.6918,-0.027
2026-01-27,000688.SH,科创50,1555.9783,1.5124
2026-01-27,000852.SH,中证1000,8382.1533,0.1999
2026-01-27,000905.SH,中证500,8548.9321,0.4965
2026-01-27,000922.CSI,中证红利,5599.9241,-0.8528
2026-01-27,000998.CSI,中证TMT,3274.1121,1.7112
2026-01-27,932000.CSI,中证2000,3537.2076,0.2715
2026-01-27,h30269.CSI,红利低波,10991.5521,-0.545
2026-01-28,000300.SH,沪深300,4717.9914,0.2614
2026-01-28,000688.SH,科创50,1554.8037,-0.0755
2026-01-28,000852.SH,中证1000,8399.7938,0.2105
2026-01-28,000905.SH,中证500,8601.1644,0.611
2026-01-28,000922.CSI,中证红利,5687.3191,1.5606
2026-01-28,000998.CSI,中证TMT,3276.6241,0.0767
2026-01-28,932000.CSI,中证2000,3511.3732,-0.7304
2026-01-28,h30269.CSI,红利低波,11016.8897,0.2305
2026-01-29,000300.SH,沪深300,4753.8697,0.7605
2026-01-29,000688.SH,科创50,1507.6398,-3.0334
2026-01-29,000852.SH,中证1000,8332.2067,-0.8046
2026-01-29,000905.SH,中证500,8517.8429,-0.9687
2026-01-29,000922.CSI,中证红利,5757.6384,1.2364
2026-01-29,000998.CSI,中证TMT,3201.259,-2.3001
2026-01-29,932000.CSI,中证2000,3468.8146,-1.212
2026-01-29,h30269.CSI,红利低波,11176.255,1.4466
2026-01-30,000300.SH,沪深300,4706.3401,-0.9998
2026-01-30,000688.SH,科创50,1509.4018,0.1169
2026-01-30,000852.SH,中证1000,8254.8603,-0.9283
2026-01-30,000905.SH,中证500,8370.5203,-1.7296
2026-01-30,000922.CSI,中证红利,5700.0072,-1.001
2026-01-30,000998.CSI,中证TMT,3204.9578,0.1155
2026-01-30,932000.CSI,中证2000,3464.6869,-0.119
2026-01-30,h30269.CSI,红利低波,11168.1959,-0.0721
2026-02-02,000300.SH,沪深300,4605.9799,-2.1324
2026-02-02,000688.SH,科创50,1450.8976,-3.876
2026-02-02,000852.SH,中证1000,7975.4283,-3.3851
2026-02-02,000905.SH,中证500,8037.0456,-3.9839
2026-02-02,000922.CSI,中证红利,5521.8717,-3.1252
2026-02-02,000998.CSI,中证TMT,3086.9245,-3.6828
2026-02-02,932000.CSI,中证2000,3381.3605,-2.405
2026-02-02,h30269.CSI,红利低波,11026.0675,-1.2726
2026-02-03,000300.SH,沪深300,4660.1074,1.1752
2026-02-03,000688.SH,科创50,1471.0688,1.3903
2026-02-03,000852.SH,中证1000,8209.101,2.9299
2026-02-03,000905.SH,中证500,8286.7005,3.1063
2026-02-03,000922.CSI,中证红利,5563.8039,0.7594
2026-02-03,000998.CSI,中证TMT,3156.4525,2.2523
2026-02-03,932000.CSI,中证2000,3476.9308,2.8264
2026-02-03,h30269.CSI,红利低波,11006.1243,-0.1809
2026-02-04,000300.SH,沪深300,4698.6832,0.8278
2026-02-04,000688.SH,科创50,1453.4764,-1.1959
2026-02-04,000852.SH,中证1000,8207.1203,-0.0241
2026-02-04,000905.SH,中证500,8299.0574,0.1491
2026-02-04,000922.CSI,中证红利,5712.025,2.664
2026-02-04,000998.CSI,中证TMT,3109.8951,-1.475
2026-02-04,932000.CSI,中证2000,3480.8289,0.1121
2026-02-04,h30269.CSI,红利低波,11172.6629,1.5131
2026-02-05,000300.SH,沪深300,4670.4188,-0.6015
2026-02-05,000688.SH,科创50,1432.5216,-1.4417
2026-02-05,000852.SH,中证1000,8068.0767,-1.6942
2026-02-05,000905.SH,中证500,8146.1073,-1.843
2026-02-05,000922.CSI,中证红利,5686.5133,-0.4466
2026-02-05,000998.CSI,中证TMT,3064.1365,-1.4714
2026-02-05,932000.CSI,中证2000,3438.212,-1.2243
2026-02-05,h30269.CSI,红利低波,11299.0111,1.1309
2026-02-06,000300.SH,沪深300,4643.5959,-0.5743
2026-02-06,000688.SH,科创50,1422.406,-0.7061
2026-02-06,000852.SH,中证1000,8051.5742,-0.2045
2026-02-06,000905.SH,中证500,8146.4128,0.0038
2026-02-06,000922.CSI,中证红利,5671.1173,-0.2707
2026-02-06,000998.CSI,中证TMT,3046.6635,-0.5702
2026-02-06,932000.CSI,中证2000,3452.7846,0.4238
2026-02-06,h30269.CSI,红利低波,11262.0053,-0.3275
2026-02-09,000300.SH,沪深300,4719.0559,1.625
2026-02-09,000688.SH,科创50,1458.1627,2.5138
2026-02-09,000852.SH,中证1000,8233.7783,2.263
2026-02-09,000905.SH,中证500,8311.2829,2.0238
2026-02-09,000922.CSI,中证红利,5709.0636,0.6691
2026-02-09,000998.CSI,中证TMT,3138.2222,3.0052
2026-02-09,932000.CSI,中证2000,3525.8316,2.1156
2026-02-09,h30269.CSI,红利低波,11314.0633,0.4622
2026-02-10,000300.SH,沪深300,4724.2956,0.111
2026-02-10,000688.SH,科创50,1471.4978,0.9145
2026-02-10,000852.SH,中证1000,8250.3001,0.2007
2026-02-10,000905.SH,中证500,8306.4448,-0.0582
2026-02-10,000922.CSI,中证红利,5730.0051,0.3668
2026-02-10,000998.CSI,中证TMT,3161.2938,0.7352
2026-02-10,932000.CSI,中证2000,3522.2271,-0.1022
2026-02-10,h30269.CSI,红利低波,11342.3017,0.2496
2026-02-11,000300.SH,沪深300,4713.8185,-0.2218
2026-02-11,000688.SH,科创50,1455.1144,-1.1134
2026-02-11,000852.SH,中证1000,8239.513,-0.1307
2026-02-11,000905.SH,中证500,8325.8107,0.2331
2026-02-11,000922.CSI,中证红利,5770.1328,0.7003
2026-02-11,000998.CSI,中证TMT,3135.3366,-0.8211
2026-02-11,932000.CSI,中证2000,3506.9743,-0.433
2026-02-11,h30269.CSI,红利低波,11369.3966,0.2389
2026-02-12,000300.SH,沪深300,4719.578,0.1222
2026-02-12,000688.SH,科创50,1480.9946,1.7786
2026-02-12,000852.SH,中证1000,8314.8322,0.9141
2026-02-12,000905.SH,中证500,8423.5695,1.1742
2026-02-12,000922.CSI,中证红利,5751.6415,-0.3205
2026-02-12,000998.CSI,中证TMT,3191.2937,1.7847
2026-02-12,932000.CSI,中证2000,3516.2864,0.2655
2026-02-12,h30269.CSI,红利低波,11264.2016,-0.9252
2026-02-13,000300.SH,沪深300,4660.4056,-1.2538
2026-02-13,000688.SH,科创50,1470.3333,-0.7199
2026-02-13,000852.SH,中证1000,8204.8294,-1.323
2026-02-13,000905.SH,中证500,8299.585,-1.4719
2026-02-13,000922.CSI,中证红利,5668.2221,-1.4504
2026-02-13,000998.CSI,中证TMT,3166.2629,-0.7843
2026-02-13,932000.CSI,中证2000,3493.1845,-0.657
2026-02-13,h30269.CSI,红利低波,11144.7749,-1.0602
2026-02-24,000300.SH,沪深300,4707.544,1.0115
2026-02-24,000688.SH,科创50,1465.365,-0.3379
2026-02-24,000852.SH,中证1000,8299.7705,1.1571
2026-02-24,000905.SH,中证500,8392.9098,1.1245
2026-02-24,000922.CSI,中证红利,5754.4118,1.5206
2026-02-24,000998.CSI,中证TMT,3201.9382,1.1267
2026-02-24,932000.CSI,中证2000,3536.6924,1.2455
2026-02-24,h30269.CSI,红利低波,11216.7071,0.6454
2026-02-25,000300.SH,沪深300,4735.8858,0.6021
2026-02-25,000688.SH,科创50,1473.2849,0.5405
2026-02-25,000852.SH,中证1000,8426.3314,1.5249
2026-02-25,000905.SH,中证500,8527.5593,1.6043
2026-02-25,000922.CSI,中证红利,5785.569,0.5414
2026-02-25,000998.CSI,中证TMT,3215.9578,0.4378
2026-02-25,932000.CSI,中证2000,3573.6295,1.0444
2026-02-25,h30269.CSI,红利低波,11199.5939,-0.1526
2026-02-26,000300.SH,沪深300,4726.8739,-0.1903
2026-02-26,000688.SH,科创50,1485.8649,0.8539
2026-02-26,000852.SH,中证1000,8490.6173,0.7629
2026-02-26,000905.SH,中证500,8557.216,0.3478
2026-02-26,000922.CSI,中证红利,5768.9179,-0.2878
2026-02-26,000998.CSI,中证TMT,3264.9185,1.5224
2026-02-26,932000.CSI,中证2000,3601.8886,0.7908
2026-02-26,h30269.CSI,红利低波,11177.5056,-0.1972
2026-02-27,000300.SH,沪深300,4710.6469,-0.3433
2026-02-27,000688.SH,科创50,1488.0232,0.1453
2026-02-27,000852.SH,中证1000,8560.8433,0.8271
2026-02-27,000905.SH,中证500,8658.4503,1.183
2026-02-27,000922.CSI,中证红利,5826.709,1.0018
2026-02-27,000998.CSI,中证TMT,3273.6275,0.2667
2026-02-27,932000.CSI,中证2000,3630.8267,0.8034
2026-02-27,h30269.CSI,红利低波,11211.9964,0.3086
2026-03-02,000300.SH,沪深300,4728.6688,0.3826
2026-03-02,000688.SH,科创50,1464.7717,-1.5626
2026-03-02,000852.SH,中证1000,8476.965,-0.9798
2026-03-02,000905.SH,中证500,8658.3336,-0.0013
2026-03-02,000922.CSI,中证红利,5905.2525,1.348
2026-03-02,000998.CSI,中证TMT,3228.6804,-1.373
2026-03-02,932000.CSI,中证2000,3570.2415,-1.6686
2026-03-02,h30269.CSI,红利低波,11321.9039,0.9803
2026-03-03,000300.SH,沪深300,4655.8962,-1.539
2026-03-03,000688.SH,科创50,1388.4095,-5.2132
2026-03-03,000852.SH,中证1000,8142.4538,-3.9461
2026-03-03,000905.SH,中证500,8281.6139,-4.3509
2026-03-03,000922.CSI,中证红利,5952.0941,0.7932
2026-03-03,000998.CSI,中证TMT,3080.6646,-4.5844
2026-03-03,932000.CSI,中证2000,3421.7463,-4.1592
2026-03-03,h30269.CSI,红利低波,11424.7149,0.9081
2026-03-04,000300.SH,沪深300,4602.6247,-1.1442
2026-03-04,000688.SH,科创50,1381.5584,-0.4934
2026-03-04,000852.SH,中证1000,8094.5183,-0.5887
2026-03-04,000905.SH,中证500,8248.945,-0.3945
2026-03-04,000922.CSI,中证红利,5856.1523,-1.6119
2026-03-04,000998.CSI,中证TMT,3056.9821,-0.7687
2026-03-04,932000.CSI,中证2000,3419.5692,-0.0636
2026-03-04,h30269.CSI,红利低波,11280.9902,-1.258
2026-03-05,000300.SH,沪深300,4647.6921,0.9792
2026-03-05,000688.SH,科创50,1405.3534,1.7223
2026-03-05,000852.SH,中证1000,8171.1194,0.9463
2026-03-05,000905.SH,中证500,8309.1713,0.7301
2026-03-05,000922.CSI,中证红利,5849.5206,-0.1132
2026-03-05,000998.CSI,中证TMT,3101.5351,1.4574
2026-03-05,932000.CSI,中证2000,3475.276,1.6291
2026-03-05,h30269.CSI,红利低波,11309.8968,0.2562
2026-03-06,000300.SH,沪深300,4660.439,0.2743
2026-03-06,000688.SH,科创50,1414.3943,0.6433
2026-03-06,000852.SH,中证1000,8248.8569,0.9514
2026-03-06,000905.SH,中证500,8360.3347,0.6157
2026-03-06,000922.CSI,中证红利,5860.5058,0.1878
2026-03-06,000998.CSI,中证TMT,3106.2284,0.1513
2026-03-06,932000.CSI,中证2000,3521.9498,1.343
2026-03-06,h30269.CSI,红利低波,11367.8234,0.5122
2026-03-09,000300.SH,沪深300,4615.4551,-0.9652
2026-03-09,000688.SH,科创50,1390.4826,-1.6906
2026-03-09,000852.SH,中证1000,8203.8687,-0.5454
2026-03-09,000905.SH,中证500,8279.4811,-0.9671
2026-03-09,000922.CSI,中证红利,5864.5076,0.0683
2026-03-09,000998.CSI,中证TMT,3068.5806,-1.212
2026-03-09,932000.CSI,中证2000,3492.6216,-0.8327
2026-03-09,h30269.CSI,红利低波,11373.3768,0.0489
2026-03-10,000300.SH,沪深300,4674.7562,1.2848
2026-03-10,000688.SH,科创50,1420.5388,2.1616
2026-03-10,000852.SH,中证1000,8350.0896,1.7823
2026-03-10,000905.SH,中证500,8410.303,1.5801
2026-03-10,000922.CSI,中证红利,5820.4882,-0.7506
2026-03-10,000998.CSI,中证TMT,3154.4993,2.7999
2026-03-10,932000.CSI,中证2000,3568.9584,2.1857
2026-03-10,h30269.CSI,红利低波,11340.5808,-0.2884
2026-03-11,000300.SH,沪深300,4704.4959,0.6362
2026-03-11,000688.SH,科创50,1401.0842,-1.3695
2026-03-11,000852.SH,中证1000,8363.5262,0.1609
2026-03-11,000905.SH,中证500,8403.3296,-0.0829
2026-03-11,000922.CSI,中证红利,5905.1798,1.4551
2026-03-11,000998.CSI,中证TMT,3147.0098,-0.2374
2026-03-11,932000.CSI,中证2000,3559.2449,-0.2722
2026-03-11,h30269.CSI,红利低波,11464.3255,1.0912
2026-03-12,000300.SH,沪深300,4687.5601,-0.36
2026-03-12,000688.SH,科创50,1383.6523,-1.2442
2026-03-12,000852.SH,中证1000,8335.9078,-0.3302
2026-03-12,000905.SH,中证500,8359.4721,-0.5219
2026-03-12,000922.CSI,中证红利,5976.5321,1.2083
2026-03-12,000998.CSI,中证TMT,3120.6916,-0.8363
2026-03-12,932000.CSI,中证2000,3517.9944,-1.159
2026-03-12,h30269.CSI,红利低波,11526.562,0.5429
2026-03-13,000300.SH,沪深300,4669.14,-0.393
2026-03-13,000688.SH,科创50,1373.6355,-0.7239
2026-03-13,000852.SH,中证1000,8214.2926,-1.4589
2026-03-13,000905.SH,中证500,8239.798,-1.4316
2026-03-13,000922.CSI,中证红利,5954.4609,-0.3693
2026-03-13,000998.CSI,中证TMT,3075.5947,-1.4451
2026-03-13,932000.CSI,中证2000,3471.4975,-1.3217
2026-03-13,h30269.CSI,红利低波,11550.1624,0.2047
2026-03-16,000300.SH,沪深300,4671.5591,0.0518
2026-03-16,000688.SH,科创50,1384.9865,0.8263
2026-03-16,000852.SH,中证1000,8211.3517,-0.0358
2026-03-16,000905.SH,中证500,8185.152,-0.6632
2026-03-16,000922.CSI,中证红利,5912.3653,-0.707
2026-03-16,000998.CSI,中证TMT,3088.573,0.422
2026-03-16,932000.CSI,中证2000,3482.1787,0.3077
2026-03-16,h30269.CSI,红利低波,11547.395,-0.024
2026-03-17,000300.SH,沪深300,4637.4392,-0.7304
2026-03-17,000688.SH,科创50,1354.1532,-2.2263
2026-03-17,000852.SH,中证1000,8019.8569,-2.3321
2026-03-17,000905.SH,中证500,8016.0262,-2.0663
2026-03-17,000922.CSI,中证红利,5868.4806,-0.7423
2026-03-17,000998.CSI,中证TMT,2996.4071,-2.9841
2026-03-17,932000.CSI,中证2000,3395.1872,-2.4982
2026-03-17,h30269.CSI,红利低波,11574.0089,0.2305
2026-03-18,000300.SH,沪深300,4658.3324,0.4505
2026-03-18,000688.SH,科创50,1372.5764,1.3605
2026-03-18,000852.SH,中证1000,8096.5948,0.9568
2026-03-18,000905.SH,中证500,8096.4276,1.003
2026-03-18,000922.CSI,中证红利,5833.4001,-0.5978
2026-03-18,000998.CSI,中证TMT,3066.1702,2.3282
2026-03-18,932000.CSI,中证2000,3448.3654,1.5663
2026-03-18,h30269.CSI,红利低波,11531.9206,-0.3636
2026-03-19,000300.SH,沪深300,4583.2511,-1.6118
2026-03-19,000688.SH,科创50,1339.0339,-2.4438
2026-03-19,000852.SH,中证1000,7909.2343,-2.3141
2026-03-19,000905.SH,中证500,7877.09,-2.7091
2026-03-19,000922.CSI,中证红利,5799.1901,-0.5865
2026-03-19,000998.CSI,中证TMT,3005.9188,-1.965
2026-03-19,932000.CSI,中证2000,3360.3286,-2.553
2026-03-19,h30269.CSI,红利低波,11486.403,-0.3947
2026-03-20,000300.SH,沪深300,4567.0179,-0.3542
2026-03-20,000688.SH,科创50,1318.3074,-1.5479
2026-03-20,000852.SH,中证1000,7783.4345,-1.5905
2026-03-20,000905.SH,中证500,7760.0365,-1.486
2026-03-20,000922.CSI,中证红利,5772.6458,-0.4577
2026-03-20,000998.CSI,中证TMT,2961.3546,-1.4825
2026-03-20,932000.CSI,中证2000,3273.5389,-2.5828
2026-03-20,h30269.CSI,红利低波,11449.5314,-0.321
2026-03-23,000300.SH,沪深300,4417.9971,-3.263
2026-03-23,000688.SH,科创50,1261.4377,-4.3138
2026-03-23,000852.SH,中证1000,7409.1068,-4.8093
2026-03-23,000905.SH,中证500,7440.7451,-4.1146
2026-03-23,000922.CSI,中证红利,5626.1198,-2.5383
2026-03-23,000998.CSI,中证TMT,2816.9851,-4.8751
2026-03-23,932000.CSI,中证2000,3097.1313,-5.3889
2026-03-23,h30269.CSI,红利低波,11054.6887,-3.4485
2026-03-24,000300.SH,沪深300,4474.7224,1.284
2026-03-24,000688.SH,科创50,1290.7912,2.327
2026-03-24,000852.SH,中证1000,7600.8569,2.588
2026-03-24,000905.SH,中证500,7597.3732,2.105
2026-03-24,000922.CSI,中证红利,5712.7877,1.5405
2026-03-24,000998.CSI,中证TMT,2866.9586,1.774
2026-03-24,932000.CSI,中证2000,3213.0021,3.7412
2026-03-24,h30269.CSI,红利低波,11278.0054,2.0201
2026-03-25,000300.SH,沪深300,4537.4656,1.4022
2026-03-25,000688.SH,科创50,1315.4122,1.9074
2026-03-25,000852.SH,中证1000,7751.1809,1.9777
2026-03-25,000905.SH,中证500,7767.6654,2.2415
2026-03-25,000922.CSI,中证红利,5726.7812,0.245
2026-03-25,000998.CSI,中证TMT,2935.4222,2.388
2026-03-25,932000.CSI,中证2000,3286.4031,2.2845
2026-03-25,h30269.CSI,红利低波,11359.0246,0.7184
2026-03-26,000300.SH,沪深300,4477.5343,-1.3208
2026-03-26,000688.SH,科创50,1288.8073,-2.0226
2026-03-26,000852.SH,中证1000,7639.3762,-1.4424
2026-03-26,000905.SH,中证500,7642.1302,-1.6161
2026-03-26,000922.CSI,中证红利,5729.3351,0.0446
2026-03-26,000998.CSI,中证TMT,2870.2812,-2.2191
2026-03-26,932000.CSI,中证2000,3234.4746,-1.5801
2026-03-26,h30269.CSI,红利低波,11351.9626,-0.0622
2026-03-27,000300.SH,沪深300,4502.5698,0.5591
2026-03-27,000688.SH,科创50,1300.756,0.9271
2026-03-27,000852.SH,中证1000,7746.3131,1.3998
2026-03-27,000905.SH,中证500,7737.6144,1.2494
2026-03-27,000922.CSI,中证红利,5742.4535,0.229
2026-03-27,000998.CSI,中证TMT,2879.4597,0.3198
2026-03-27,932000.CSI,中证2000,3285.1181,1.5657
2026-03-27,h30269.CSI,红利低波,11310.6663,-0.3638
2026-03-30,000300.SH,沪深300,4491.95,-0.2359
2026-03-30,000688.SH,科创50,1289.7801,-0.8438
2026-03-30,000852.SH,中证1000,7767.9301,0.2791
2026-03-30,000905.SH,中证500,7753.7234,0.2082
2026-03-30,000922.CSI,中证红利,5795.5141,0.924
2026-03-30,000998.CSI,中证TMT,2880.2888,0.0288
2026-03-30,932000.CSI,中证2000,3297.1653,0.3667
2026-03-30,h30269.CSI,红利低波,11419.9833,0.9665
2026-03-31,000300.SH,沪深300,4450.0493,-0.9328
2026-03-31,000688.SH,科创50,1256.3269,-2.5937
2026-03-31,000852.SH,中证1000,7619.8503,-1.9063
2026-03-31,000905.SH,中证500,7617.3262,-1.7591
2026-03-31,000922.CSI,中证红利,5727.8494,-1.1675
2026-03-31,000998.CSI,中证TMT,2827.1575,-1.8447
2026-03-31,932000.CSI,中证2000,3242.2182,-1.6665
2026-03-31,h30269.CSI,红利低波,11457.5013,0.3285
2026-04-01,000300.SH,沪深300,4526.0668,1.7082
2026-04-01,000688.SH,科创50,1298.1981,3.3328
2026-04-01,000852.SH,中证1000,7764.1525,1.8938
2026-04-01,000905.SH,中证500,7750.0924,1.743
2026-04-01,000922.CSI,中证红利,5731.251,0.0594
2026-04-01,000998.CSI,中证TMT,2899.6441,2.5639
2026-04-01,932000.CSI,中证2000,3309.0422,2.0611
2026-04-01,h30269.CSI,红利低波,11466.0363,0.0745
2026-04-02,000300.SH,沪深300,4478.9141,-1.0418
2026-04-02,000688.SH,科创50,1262.1815,-2.7744
2026-04-02,000852.SH,中证1000,7623.4168,-1.8126
2026-04-02,000905.SH,中证500,7605.2932,-1.8684
2026-04-02,000922.CSI,中证红利,5744.6375,0.2336
2026-04-02,000998.CSI,中证TMT,2826.6821,-2.5162
2026-04-02,932000.CSI,中证2000,3251.0498,-1.7525
2026-04-02,h30269.CSI,红利低波,11515.6429,0.4326
2026-04-03,000300.SH,沪深300,4440.7889,-0.8512
2026-04-03,000688.SH,科创50,1256.2103,-0.4731
2026-04-03,000852.SH,中证1000,7536.5999,-1.1388
2026-04-03,000905.SH,中证500,7534.938,-0.9251
2026-04-03,000922.CSI,中证红利,5649.4273,-1.6574
2026-04-03,000998.CSI,中证TMT,2835.0421,0.2958
2026-04-03,932000.CSI,中证2000,3183.9575,-2.0637
2026-04-03,h30269.CSI,红利低波,11353.9189,-1.4044
2026-04-07,000300.SH,沪深300,4440.6162,-0.0039
2026-04-07,000688.SH,科创50,1274.0145,1.4173
2026-04-07,000852.SH,中证1000,7606.0166,0.9211
2026-04-07,000905.SH,中证500,7571.1106,0.4801
2026-04-07,000922.CSI,中证红利,5677.9813,0.5054
2026-04-07,000998.CSI,中证TMT,2854.1782,0.675
2026-04-07,932000.CSI,中证2000,3227.6057,1.3709
2026-04-07,h30269.CSI,红利低波,11292.3872,-0.5419
2026-04-08,000300.SH,沪深300,4595.556,3.4892
2026-04-08,000688.SH,科创50,1352.6894,6.1754
2026-04-08,000852.SH,中证1000,7955.7684,4.5984
2026-04-08,000905.SH,中证500,7945.1527,4.9404
2026-04-08,000922.CSI,中证红利,5723.6461,0.8042
2026-04-08,000998.CSI,中证TMT,3029.3467,6.1373
2026-04-08,932000.CSI,中证2000,3369.8474,4.407
2026-04-08,h30269.CSI,红利低波,11400.6711,0.9589
2026-04-09,000300.SH,沪深300,4566.2237,-0.6383
2026-04-09,000688.SH,科创50,1343.9462,-0.6464
2026-04-09,000852.SH,中证1000,7921.4465,-0.4314
2026-04-09,000905.SH,中证500,7898.6329,-0.5855
2026-04-09,000922.CSI,中证红利,5680.3388,-0.7566
2026-04-09,000998.CSI,中证TMT,3031.9628,0.0864
2026-04-09,932000.CSI,中证2000,3344.6689,-0.7472
2026-04-09,h30269.CSI,红利低波,11316.187,-0.741
2026-04-10,000300.SH,沪深300,4636.5655,1.5405
2026-04-10,000688.SH,科创50,1364.4946,1.529
2026-04-10,000852.SH,中证1000,7998.232,0.9693
2026-04-10,000905.SH,中证500,7969.3646,0.8955
2026-04-10,000922.CSI,中证红利,5692.53,0.2146
2026-04-10,000998.CSI,中证TMT,3077.5846,1.5047
2026-04-10,932000.CSI,中证2000,3368.1968,0.7034
2026-04-10,h30269.CSI,红利低波,11307.4814,-0.0769
2026-04-13,000300.SH,沪深300,4646.1546,0.2068
2026-04-13,000688.SH,科创50,1375.2873,0.791
2026-04-13,000852.SH,中证1000,8025.5724,0.3418
2026-04-13,000905.SH,中证500,7967.697,-0.0209
2026-04-13,000922.CSI,中证红利,5688.0892,-0.078
2026-04-13,000998.CSI,中证TMT,3094.4026,0.5465
2026-04-13,932000.CSI,中证2000,3378.44,0.3041
2026-04-13,h30269.CSI,红利低波,11270.8193,-0.3242
2026-04-14,000300.SH,沪深300,4701.2837,1.1866
2026-04-14,000688.SH,科创50,1405.0723,2.1657
2026-04-14,000852.SH,中证1000,8144.7622,1.4851
2026-04-14,000905.SH,中证500,8088.5687,1.517
2026-04-14,000922.CSI,中证红利,5700.236,0.2135
2026-04-14,000998.CSI,中证TMT,3144.3935,1.6155
2026-04-14,932000.CSI,中证2000,3421.6042,1.2776
2026-04-14,h30269.CSI,红利低波,11319.7634,0.4343
2026-04-15,000300.SH,沪深300,4685.2464,-0.3411
2026-04-15,000688.SH,科创50,1406.3224,0.089
2026-04-15,000852.SH,中证1000,8106.1646,-0.4739
2026-04-15,000905.SH,中证500,8044.0773,-0.5501
2026-04-15,000922.CSI,中证红利,5720.5908,0.3571
2026-04-15,000998.CSI,中证TMT,3104.8096,-1.2589
2026-04-15,932000.CSI,中证2000,3405.5198,-0.4701
2026-04-15,h30269.CSI,红利低波,11389.0182,0.6118
2026-04-16,000300.SH,沪深300,4736.6077,1.0962
2026-04-16,000688.SH,科创50,1422.2276,1.131
2026-04-16,000852.SH,中证1000,8232.9834,1.5645
2026-04-16,000905.SH,中证500,8180.0815,1.6907
2026-04-16,000922.CSI,中证红利,5734.5086,0.2433
2026-04-16,000998.CSI,中证TMT,3151.1481,1.4925
2026-04-16,932000.CSI,中证2000,3469.3604,1.8746
2026-04-16,h30269.CSI,红利低波,11387.2652,-0.0154
2026-04-17,000300.SH,沪深300,4728.6716,-0.1675
2026-04-17,000688.SH,科创50,1423.3512,0.079
2026-04-17,000852.SH,中证1000,8307.4361,0.9043
2026-04-17,000905.SH,中证500,8214.1939,0.417
2026-04-17,000922.CSI,中证红利,5695.3235,-0.6833
2026-04-17,000998.CSI,中证TMT,3191.3098,1.2745
2026-04-17,932000.CSI,中证2000,3486.9088,0.5058
2026-04-17,h30269.CSI,红利低波,11361.1919,-0.229
2026-04-20,000300.SH,沪深300,4757.4419,0.6084
2026-04-20,000688.SH,科创50,1450.5209,1.9089
2026-04-20,000852.SH,中证1000,8357.8139,0.6064
2026-04-20,000905.SH,中证500,8290.0224,0.9231
2026-04-20,000922.CSI,中证红利,5702.5138,0.1262
2026-04-20,000998.CSI,中证TMT,3259.5502,2.1383
2026-04-20,932000.CSI,中证2000,3519.78,0.9427
2026-04-20,h30269.CSI,红利低波,11403.8262,0.3753
2026-04-21,000300.SH,沪深300,4767.997,0.2219
2026-04-21,000688.SH,科创50,1426.6766,-1.6438
2026-04-21,000852.SH,中证1000,8351.156,-0.0797
2026-04-21,000905.SH,中证500,8270.3266,-0.2376
2026-04-21,000922.CSI,中证红利,5752.8395,0.8825
2026-04-21,000998.CSI,中证TMT,3234.0331,-0.7828
2026-04-21,932000.CSI,中证2000,3513.4243,-0.1806
2026-04-21,h30269.CSI,红利低波,11465.9564,0.5448
2026-04-22,000300.SH,沪深300,4799.627,0.6634
2026-04-22,000688.SH,科创50,1451.1386,1.7146
2026-04-22,000852.SH,中证1000,8481.2397,1.5577
2026-04-22,000905.SH,中证500,8376.1808,1.2799
2026-04-22,000922.CSI,中证红利,5752.3753,-0.0081
2026-04-22,000998.CSI,中证TMT,3329.977,2.9667
2026-04-22,932000.CSI,中证2000,3541.8714,0.8097
2026-04-22,h30269.CSI,红利低波,11418.6543,-0.4125
2026-04-23,000300.SH,沪深300,4786.3273,-0.2771
2026-04-23,000688.SH,科创50,1432.5924,-1.278
2026-04-23,000852.SH,中证1000,8362.7402,-1.3972
2026-04-23,000905.SH,中证500,8295.207,-0.9667
2026-04-23,000922.CSI,中证红利,5781.3231,0.5032
2026-04-23,000998.CSI,中证TMT,3309.2934,-0.6211
2026-04-23,932000.CSI,中证2000,3485.3865,-1.5948
2026-04-23,h30269.CSI,红利低波,11488.4915,0.6116
2026-04-24,000300.SH,沪深300,4769.3688,-0.3543
2026-04-24,000688.SH,科创50,1453.6854,1.4724
2026-04-24,000852.SH,中证1000,8304.1412,-0.7007
2026-04-24,000905.SH,中证500,8247.8759,-0.5706
2026-04-24,000922.CSI,中证红利,5776.3372,-0.0862
2026-04-24,000998.CSI,中证TMT,3295.2369,-0.4248
2026-04-24,932000.CSI,中证2000,3458.9175,-0.7594
2026-04-24,h30269.CSI,红利低波,11471.5551,-0.1474
2026-04-27,000300.SH,沪深300,4770.9469,0.0331
2026-04-27,000688.SH,科创50,1508.3848,3.7628
2026-04-27,000852.SH,中证1000,8338.7263,0.4165
2026-04-27,000905.SH,中证500,8299.0486,0.6204
2026-04-27,000922.CSI,中证红利,5763.8706,-0.2158
2026-04-27,000998.CSI,中证TMT,3386.7856,2.7782
2026-04-27,932000.CSI,中证2000,3493.789,1.0082
2026-04-27,h30269.CSI,红利低波,11356.1993,-1.0056
2026-04-28,000300.SH,沪深300,4758.2083,-0.267
2026-04-28,000688.SH,科创50,1488.6607,-1.3076
2026-04-28,000852.SH,中证1000,8226.6919,-1.3435
2026-04-28,000905.SH,中证500,8203.9614,-1.1458
2026-04-28,000922.CSI,中证红利,5828.8751,1.1278
2026-04-28,000998.CSI,中证TMT,3326.8215,-1.7705
2026-04-28,932000.CSI,中证2000,3453.1333,-1.1637
2026-04-28,h30269.CSI,红利低波,11395.8848,0.3495
2026-04-29,000300.SH,沪深300,4810.3468,1.0958
2026-04-29,000688.SH,科创50,1493.5045,0.3254
2026-04-29,000852.SH,中证1000,8343.0651,1.4146
2026-04-29,000905.SH,中证500,8342.4217,1.6877
2026-04-29,000922.CSI,中证红利,5884.2729,0.9504
2026-04-29,000998.CSI,中证TMT,3349.3703,0.6778
2026-04-29,932000.CSI,中证2000,3494.3908,1.1948
2026-04-29,h30269.CSI,红利低波,11430.238,0.3015
2026-04-30,000300.SH,沪深300,4807.3069,-0.0632
2026-04-30,000688.SH,科创50,1571.0652,5.1932
2026-04-30,000852.SH,中证1000,8381.9465,0.466
2026-04-30,000905.SH,中证500,8349.5081,0.0849
2026-04-30,000922.CSI,中证红利,5865.0714,-0.3263
2026-04-30,000998.CSI,中证TMT,3391.9903,1.2725
2026-04-30,932000.CSI,中证2000,3512.5554,0.5198
2026-04-30,h30269.CSI,红利低波,11322.6872,-0.9409
2026-05-06,000300.SH,沪深300,4877.0932,1.4517
2026-05-06,000688.SH,科创50,1656.946,5.4664
2026-05-06,000852.SH,中证1000,8574.5557,2.2979
2026-05-06,000905.SH,中证500,8588.4399,2.8616
2026-05-06,000922.CSI,中证红利,5881.8356,0.2858
2026-05-06,000998.CSI,中证TMT,3506.5708,3.378
2026-05-06,932000.CSI,中证2000,3583.9252,2.0318
2026-05-06,h30269.CSI,红利低波,11266.6985,-0.4945
2026-05-07,000300.SH,沪深300,4900.5098,0.4801
2026-05-07,000688.SH,科创50,1678.8872,1.3242
2026-05-07,000852.SH,中证1000,8714.51,1.6322
2026-05-07,000905.SH,中证500,8696.7989,1.2617
2026-05-07,000922.CSI,中证红利,5787.1972,-1.609
2026-05-07,000998.CSI,中证TMT,3584.8271,2.2317
2026-05-07,932000.CSI,中证2000,3653.1161,1.9306
2026-05-07,h30269.CSI,红利低波,11227.9743,-0.3437
2026-05-08,000300.SH,沪深300,4871.9122,-0.5836
2026-05-08,000688.SH,科创50,1640.4603,-2.2888
2026-05-08,000852.SH,中证1000,8741.1507,0.3057
2026-05-08,000905.SH,中证500,8694.1709,-0.0302
2026-05-08,000922.CSI,中证红利,5767.6711,-0.3374
2026-05-08,000998.CSI,中证TMT,3584.5012,-0.0091
2026-05-08,932000.CSI,中证2000,3689.5483,0.9973
2026-05-08,h30269.CSI,红利低波,11222.0448,-0.0528
2026-05-11,000300.SH,沪深300,4951.8366,1.6405
2026-05-11,000688.SH,科创50,1716.6914,4.6469
2026-05-11,000852.SH,中证1000,8866.7792,1.4372
2026-05-11,000905.SH,中证500,8839.7415,1.6743
2026-05-11,000922.CSI,中证红利,5783.4605,0.2738
2026-05-11,000998.CSI,中证TMT,3706.398,3.4007
2026-05-11,932000.CSI,中证2000,3731.607,1.1399
2026-05-11,h30269.CSI,红利低波,11221.8301,-0.0019
2026-05-12,000300.SH,沪深300,4948.0465,-0.0765
2026-05-12,000688.SH,科创50,1723.7836,0.4131
2026-05-12,000852.SH,中证1000,8821.8874,-0.5063
2026-05-12,000905.SH,中证500,8785.9791,-0.6082
2026-05-12,000922.CSI,中证红利,5774.7235,-0.1511
2026-05-12,000998.CSI,中证TMT,3699.0023,-0.1995
2026-05-12,932000.CSI,中证2000,3698.8677,-0.8774
2026-05-12,h30269.CSI,红利低波,11214.5035,-0.0653
2026-05-13,000300.SH,沪深300,4998.3417,1.0165
2026-05-13,000688.SH,科创50,1770.1471,2.6896
2026-05-13,000852.SH,中证1000,8955.4473,1.514
2026-05-13,000905.SH,中证500,8918.239,1.5054
2026-05-13,000922.CSI,中证红利,5748.0787,-0.4614
2026-05-13,000998.CSI,中证TMT,3804.0149,2.8389
2026-05-13,932000.CSI,中证2000,3753.2471,1.4702
2026-05-13,h30269.CSI,红利低波,11215.1229,0.0055
2026-05-14,000300.SH,沪深300,4914.5971,-1.6754
2026-05-14,000688.SH,科创50,1725.0932,-2.5452
2026-05-14,000852.SH,中证1000,8778.7088,-1.9735
2026-05-14,000905.SH,中证500,8670.1574,-2.7817
2026-05-14,000922.CSI,中证红利,5694.3058,-0.9355
2026-05-14,000998.CSI,中证TMT,3714.6894,-2.3482
2026-05-14,932000.CSI,中证2000,3679.3023,-1.9702
2026-05-14,h30269.CSI,红利低波,11191.4553,-0.211
2026-05-15,000300.SH,沪深300,4859.5927,-1.1192
2026-05-15,000688.SH,科创50,1696.2612,-1.6713
2026-05-15,000852.SH,中证1000,8682.6536,-1.0942
2026-05-15,000905.SH,中证500,8536.3444,-1.5434
2026-05-15,000922.CSI,中证红利,5680.3708,-0.2447
2026-05-15,000998.CSI,中证TMT,3660.1354,-1.4686
2026-05-15,932000.CSI,中证2000,3663.8329,-0.4204
2026-05-15,h30269.CSI,红利低波,11115.8168,-0.6759
2026-05-18,000300.SH,沪深300,4833.5237,-0.5364
2026-05-18,000688.SH,科创50,1709.9627,0.8077
2026-05-18,000852.SH,中证1000,8720.2132,0.4326
2026-05-18,000905.SH,中证500,8554.2372,0.2096
2026-05-18,000922.CSI,中证红利,5654.2014,-0.4607
2026-05-18,000998.CSI,中证TMT,3718.7023,1.6001
2026-05-18,932000.CSI,中证2000,3674.7006,0.2966
2026-05-18,h30269.CSI,红利低波,11049.0411,-0.6007
2026-05-19,000300.SH,沪深300,4852.8832,0.4005
2026-05-19,000688.SH,科创50,1775.1345,3.8113
2026-05-19,000852.SH,中证1000,8808.6445,1.0141
2026-05-19,000905.SH,中证500,8627.9461,0.8617
2026-05-19,000922.CSI,中证红利,5662.3624,0.1443
2026-05-19,000998.CSI,中证TMT,3811.7914,2.5033
2026-05-19,932000.CSI,中证2000,3714.6643,1.0875
2026-05-19,h30269.CSI,红利低波,11121.7946,0.6585
2026-05-20,000300.SH,沪深300,4850.7,-0.045
2026-05-20,000688.SH,科创50,1832.022,3.2047
2026-05-20,000852.SH,中证1000,8808.9095,0.003
2026-05-20,000905.SH,中证500,8656.3062,0.3287
2026-05-20,000922.CSI,中证红利,5643.5763,-0.3318
2026-05-20,000998.CSI,中证TMT,3846.4361,0.9089
2026-05-20,932000.CSI,中证2000,3700.6371,-0.3776
2026-05-20,h30269.CSI,红利低波,11083.3928,-0.3453
2026-05-21,000300.SH,沪深300,4783.0976,-1.3937
2026-05-21,000688.SH,科创50,1764.1744,-3.7034
2026-05-21,000852.SH,中证1000,8510.4958,-3.3876
2026-05-21,000905.SH,中证500,8419.8373,-2.7318
2026-05-21,000922.CSI,中证红利,5554.6741,-1.5753
2026-05-21,000998.CSI,中证TMT,3700.6571,-3.79
2026-05-21,932000.CSI,中证2000,3570.5252,-3.5159
2026-05-21,h30269.CSI,红利低波,11012.5102,-0.6395
2026-05-22,000300.SH,沪深300,4845.0956,1.2962
2026-05-22,000688.SH,科创50,1790.771,1.5076
2026-05-22,000852.SH,中证1000,8692.6655,2.1405
2026-05-22,000905.SH,中证500,8576.9402,1.8659
2026-05-22,000922.CSI,中证红利,5545.1377,-0.1717
2026-05-22,000998.CSI,中证TMT,3823.0871,3.3083
2026-05-22,932000.CSI,中证2000,3664.5212,2.6326
2026-05-22,h30269.CSI,红利低波,10975.5658,-0.3355
2026-05-25,000300.SH,沪深300,4921.5974,1.579
2026-05-25,000688.SH,科创50,1896.0369,5.8782
2026-05-25,000852.SH,中证1000,8799.3116,1.2269
2026-05-25,000905.SH,中证500,8703.8901,1.4801
2026-05-25,000922.CSI,中证红利,5572.2261,0.4885
2026-05-25,000998.CSI,中证TMT,3968.8807,3.8135
2026-05-25,932000.CSI,中证2000,3674.8203,0.281
2026-05-25,h30269.CSI,红利低波,10959.3604,-0.1476
2026-05-26,000300.SH,沪深300,4947.8493,0.5334
2026-05-26,000688.SH,科创50,1867.7088,-1.4941
2026-05-26,000852.SH,中证1000,8687.2528,-1.2735
2026-05-26,000905.SH,中证500,8658.6192,-0.5201
2026-05-26,000922.CSI,中证红利,5577.2612,0.0904
2026-05-26,000998.CSI,中证TMT,3953.1918,-0.3953
2026-05-26,932000.CSI,中证2000,3609.1698,-1.7865
2026-05-26,h30269.CSI,红利低波,10989.3349,0.2735
2026-05-27,000300.SH,沪深300,4908.1714,-0.8019
2026-05-27,000688.SH,科创50,1815.4513,-2.7979
2026-05-27,000852.SH,中证1000,8546.5142,-1.6201
2026-05-27,000905.SH,中证500,8530.9802,-1.4741
2026-05-27,000922.CSI,中证红利,5527.1603,-0.8983
2026-05-27,000998.CSI,中证TMT,3903.8396,-1.2484
2026-05-27,932000.CSI,中证2000,3534.2034,-2.0771
2026-05-27,h30269.CSI,红利低波,10916.542,-0.6624
2026-05-28,000300.SH,沪深300,4914.2133,0.1231
2026-05-28,000688.SH,科创50,1844.2493,1.5863
2026-05-28,000852.SH,中证1000,8637.743,1.0674
2026-05-28,000905.SH,中证500,8563.2218,0.3779
2026-05-28,000922.CSI,中证红利,5513.8769,-0.2403
2026-05-28,000998.CSI,中证TMT,3957.3814,1.3715
2026-05-28,932000.CSI,中证2000,3589.6986,1.5702
2026-05-28,h30269.CSI,红利低波,10866.0646,-0.4624
2026-05-29,000300.SH,沪深300,4892.1213,-0.4496
2026-05-29,000688.SH,科创50,1751.3234,-5.0387
2026-05-29,000852.SH,中证1000,8408.7357,-2.6512
2026-05-29,000905.SH,中证500,8359.5596,-2.3783
2026-05-29,000922.CSI,中证红利,5578.6947,1.1755
2026-05-29,000998.CSI,中证TMT,3824.4848,-3.3582
2026-05-29,932000.CSI,中证2000,3470.6919,-3.3152
2026-05-29,h30269.CSI,红利低波,11082.6794,1.9935
2026-06-01,000300.SH,沪深300,4844.2556,-0.9784
2026-06-01,000688.SH,科创50,1663.6935,-5.0036
2026-06-01,000852.SH,中证1000,8345.1291,-0.7564
2026-06-01,000905.SH,中证500,8274.212,-1.021
2026-06-01,000922.CSI,中证红利,5726.102,2.6423
2026-06-01,000998.CSI,中证TMT,3706.879,-3.0751
2026-06-01,932000.CSI,中证2000,3468.8676,-0.0526
2026-06-01,h30269.CSI,红利低波,11242.8274,1.445
2026-06-02,000300.SH,沪深300,4914.5591,1.4513
2026-06-02,000688.SH,科创50,1690.558,1.6148
2026-06-02,000852.SH,中证1000,8384.7812,0.4752
2026-06-02,000905.SH,中证500,8321.4347,0.5707
2026-06-02,000922.CSI,中证红利,5708.5511,-0.3065
2026-06-02,000998.CSI,中证TMT,3792.8993,2.3206
2026-06-02,932000.CSI,中证2000,3460.3172,-0.2465
2026-06-02,h30269.CSI,红利低波,11224.9195,-0.1593
2026-06-03,000300.SH,沪深300,4938.8091,0.4934
2026-06-03,000688.SH,科创50,1726.1806,2.1072
2026-06-03,000852.SH,中证1000,8432.679,0.5712
2026-06-03,000905.SH,中证500,8362.156,0.4894
2026-06-03,000922.CSI,中证红利,5706.4679,-0.0365
2026-06-03,000998.CSI,中证TMT,3876.2052,2.1964
2026-06-03,932000.CSI,中证2000,3467.0201,0.1937
2026-06-03,h30269.CSI,红利低波,11127.8376,-0.8649
2026-06-04,000300.SH,沪深300,4904.7454,-0.6897
2026-06-04,000688.SH,科创50,1738.0589,0.6881
2026-06-04,000852.SH,中证1000,8420.0946,-0.1492
2026-06-04,000905.SH,中证500,8356.7444,-0.0647
2026-06-04,000922.CSI,中证红利,5681.5155,-0.4373
2026-06-04,000998.CSI,中证TMT,3918.0021,1.0783
2026-06-04,932000.CSI,中证2000,3462.2428,-0.1378
2026-06-04,h30269.CSI,红利低波,10988.6371,-1.2509
2026-06-05,000300.SH,沪深300,4816.9199,-1.7906
2026-06-05,000688.SH,科创50,1668.3291,-4.0119
2026-06-05,000852.SH,中证1000,8340.9631,-0.9398
2026-06-05,000905.SH,中证500,8251.1407,-1.2637
2026-06-05,000922.CSI,中证红利,5683.8457,0.041
2026-06-05,000998.CSI,中证TMT,3796.8278,-3.0928
2026-06-05,932000.CSI,中证2000,3466.5158,0.1234
2026-06-05,h30269.CSI,红利低波,11017.4607,0.2623
2026-06-08,000300.SH,沪深300,4713.6358,-2.1442
2026-06-08,000688.SH,科创50,1596.5656,-4.3015
2026-06-08,000852.SH,中证1000,8081.2614,-3.1136
2026-06-08,000905.SH,中证500,7963.4529,-3.4866
2026-06-08,000922.CSI,中证红利,5633.6247,-0.8836
2026-06-08,000998.CSI,中证TMT,3645.3866,-3.9886
2026-06-08,932000.CSI,中证2000,3354.7062,-3.2254
2026-06-08,h30269.CSI,红利低波,11047.1076,0.2691
2026-06-09,000300.SH,沪深300,4801.8106,1.8706
2026-06-09,000688.SH,科创50,1663.1089,4.1679
2026-06-09,000852.SH,中证1000,8318.6978,2.9381
2026-06-09,000905.SH,中证500,8176.1785,2.6713
2026-06-09,000922.CSI,中证红利,5629.9739,-0.0648
2026-06-09,000998.CSI,中证TMT,3817.4565,4.7202
2026-06-09,932000.CSI,中证2000,3429.466,2.2285
2026-06-09,h30269.CSI,红利低波,11050.5681,0.0313
2026-06-10,000300.SH,沪深300,4748.5932,-1.1083
2026-06-10,000688.SH,科创50,1652.2241,-0.6545
2026-06-10,000852.SH,中证1000,8198.7232,-1.4422
2026-06-10,000905.SH,中证500,8063.8637,-1.3737
2026-06-10,000922.CSI,中证红利,5588.9842,-0.7281
2026-06-10,000998.CSI,中证TMT,3719.4194,-2.5681
2026-06-10,932000.CSI,中证2000,3368.0292,-1.7914
2026-06-10,h30269.CSI,红利低波,11109.224,0.5308
2026-06-11,000300.SH,沪深300,4722.4122,-0.5513
2026-06-11,000688.SH,科创50,1662.436,0.6181
2026-06-11,000852.SH,中证1000,8159.4548,-0.479
2026-06-11,000905.SH,中证500,8035.7788,-0.3483
2026-06-11,000922.CSI,中证红利,5566.7432,-0.3979
2026-06-11,000998.CSI,中证TMT,3677.9391,-1.1152
2026-06-11,932000.CSI,中证2000,3346.8774,-0.628
2026-06-11,h30269.CSI,红利低波,11017.0269,-0.8299
2026-06-12,000300.SH,沪深300,4777.3206,1.1627
2026-06-12,000688.SH,科创50,1663.2213,0.0472
2026-06-12,000852.SH,中证1000,8202.7991,0.5312
2026-06-12,000905.SH,中证500,8106.203,0.8764
2026-06-12,000922.CSI,中证红利,5649.5033,1.4867
2026-06-12,000998.CSI,中证TMT,3651.7508,-0.712
2026-06-12,932000.CSI,中证2000,3363.5154,0.4971
2026-06-12,h30269.CSI,红利低波,11116.8202,0.9058
2026-06-15,000300.SH,沪深300,4891.7126,2.3945
2026-06-15,000688.SH,科创50,1748.3264,5.1169
2026-06-15,000852.SH,中证1000,8521.233,3.882
2026-06-15,000905.SH,中证500,8406.7479,3.7076
2026-06-15,000922.CSI,中证红利,5590.6994,-1.0409
2026-06-15,000998.CSI,中证TMT,3834.0285,4.9915
2026-06-15,932000.CSI,中证2000,3480.167,3.4681
2026-06-15,h30269.CSI,红利低波,11001.3442,-1.0388
2026-06-16,000300.SH,沪深300,4884.2322,-0.1529
2026-06-16,000688.SH,科创50,1758.4244,0.5776
2026-06-16,000852.SH,中证1000,8646.4034,1.4689
2026-06-16,000905.SH,中证500,8507.9799,1.2042
2026-06-16,000922.CSI,中证红利,5493.6702,-1.7355
2026-06-16,000998.CSI,中证TMT,3878.5841,1.1621
2026-06-16,932000.CSI,中证2000,3537.9445,1.6602
2026-06-16,h30269.CSI,红利低波,10832.884,-1.5313
2026-06-17,000300.SH,沪深300,4931.3861,0.9654
2026-06-17,000688.SH,科创50,1840.8211,4.6858
2026-06-17,000852.SH,中证1000,8704.4677,0.6715
2026-06-17,000905.SH,中证500,8627.0862,1.3999
2026-06-17,000922.CSI,中证红利,5434.1544,-1.0834
2026-06-17,000998.CSI,中证TMT,4001.0421,3.1573
2026-06-17,932000.CSI,中证2000,3547.9501,0.2828
2026-06-17,h30269.CSI,红利低波,10770.4553,-0.5763
2026-06-18,000300.SH,沪深300,4941.5986,0.2071
2026-06-18,000688.SH,科创50,1911.5132,3.8402
2026-06-18,000852.SH,中证1000,8771.0244,0.7646
2026-06-18,000905.SH,中证500,8673.0899,0.5332
2026-06-18,000922.CSI,中证红利,5316.6517,-2.1623
2026-06-18,000998.CSI,中证TMT,4087.6149,2.1638
2026-06-18,932000.CSI,中证2000,3561.7105,0.3878
2026-06-18,h30269.CSI,红利低波,10492.7036,-2.5788
2026-06-22,000300.SH,沪深300,5059.6582,2.3891
2026-06-22,000688.SH,科创50,1948.9281,1.9573
2026-06-22,000852.SH,中证1000,8865.676,1.0791
2026-06-22,000905.SH,中证500,8868.782,2.2563
2026-06-22,000922.CSI,中证红利,5373.3271,1.066
2026-06-22,000998.CSI,中证TMT,4181.7863,2.3038
2026-06-22,932000.CSI,中证2000,3589.0089,0.7664
2026-06-22,h30269.CSI,红利低波,10501.4671,0.0835
2026-06-23,000300.SH,沪深300,4919.386,-2.7724
2026-06-23,000688.SH,科创50,1916.2123,-1.6787
2026-06-23,000852.SH,中证1000,8680.0387,-2.0939
2026-06-23,000905.SH,中证500,8688.5923,-2.0317
2026-06-23,000922.CSI,中证红利,5342.6871,-0.5702
2026-06-23,000998.CSI,中证TMT,4094.617,-2.0845
2026-06-23,932000.CSI,中证2000,3571.3476,-0.4921
2026-06-23,h30269.CSI,红利低波,10557.2601,0.5313
2026-06-24,000300.SH,沪深300,4943.0197,0.4804
2026-06-24,000688.SH,科创50,1989.4257,3.8207
2026-06-24,000852.SH,中证1000,8793.4866,1.307
2026-06-24,000905.SH,中证500,8842.9378,1.7764
2026-06-24,000922.CSI,中证红利,5262.823,-1.4948
2026-06-24,000998.CSI,中证TMT,4196.2368,2.4818
2026-06-24,932000.CSI,中证2000,3569.4094,-0.0543
2026-06-24,h30269.CSI,红利低波,10347.7749,-1.9843
2026-06-25,000300.SH,沪深300,5020.1038,1.5595
2026-06-25,000688.SH,科创50,2066.3309,3.8657
2026-06-25,000852.SH,中证1000,8825.9201,0.3688
2026-06-25,000905.SH,中证500,8938.0113,1.0751
2026-06-25,000922.CSI,中证红利,5198.5078,-1.2221
2026-06-25,000998.CSI,中证TMT,4331.2512,3.2175
2026-06-25,932000.CSI,中证2000,3538.0935,-0.8773
2026-06-25,h30269.CSI,红利低波,10226.5851,-1.1712
2026-06-26,000300.SH,沪深300,4868.2205,-3.0255
2026-06-26,000688.SH,科创50,2032.2842,-1.6477
2026-06-26,000852.SH,中证1000,8601.4075,-2.5438
2026-06-26,000905.SH,中证500,8703.5652,-2.623
2026-06-26,000922.CSI,中证红利,5085.7304,-2.1694
2026-06-26,000998.CSI,中证TMT,4195.5749,-3.1325
2026-06-26,932000.CSI,中证2000,3446.9849,-2.5751
2026-06-26,h30269.CSI,红利低波,10152.0928,-0.7284
2026-06-29,000300.SH,沪深300,4926.921,1.2058
2026-06-29,000688.SH,科创50,2126.0105,4.6119
2026-06-29,000852.SH,中证1000,8597.8932,-0.0409
2026-06-29,000905.SH,中证500,8821.0944,1.3504
2026-06-29,000922.CSI,中证红利,5120.7122,0.6878
2026-06-29,000998.CSI,中证TMT,4255.9134,1.4381
2026-06-29,932000.CSI,中证2000,3415.0058,-0.9277
2026-06-29,h30269.CSI,红利低波,10204.6062,0.5173
2026-06-30,000300.SH,沪深300,4979.4328,1.0658
2026-06-30,000688.SH,科创50,2207.8648,3.8501
2026-06-30,000852.SH,中证1000,8809.7859,2.4645
2026-06-30,000905.SH,中证500,9031.3788,2.3839
2026-06-30,000922.CSI,中证红利,5022.4598,-1.9187
2026-06-30,000998.CSI,中证TMT,4411.4876,3.6555
2026-06-30,932000.CSI,中证2000,3494.5864,2.3303
2026-06-30,h30269.CSI,红利低波,9991.0282,-2.093
2026-07-01,000300.SH,沪深300,4958.9773,-0.4108
2026-07-01,000688.SH,科创50,2153.0431,-2.483
2026-07-01,000852.SH,中证1000,8876.6303,0.7588
2026-07-01,000905.SH,中证500,9028.9326,-0.0271
2026-07-01,000922.CSI,中证红利,5108.2124,1.7074
2026-07-01,000998.CSI,中证TMT,4365.8327,-1.0349
2026-07-01,932000.CSI,中证2000,3545.3819,1.4535
2026-07-01,h30269.CSI,红利低波,10095.0629,1.0413
2026-07-02,000300.SH,沪深300,4812.2957,-2.9579
2026-07-02,000688.SH,科创50,1987.291,-7.6985
2026-07-02,000852.SH,中证1000,8625.3336,-2.831
2026-07-02,000905.SH,中证500,8694.1756,-3.7076
2026-07-02,000922.CSI,中证红利,5154.9399,0.9148
2026-07-02,000998.CSI,中证TMT,4131.408,-5.3695
2026-07-02,932000.CSI,中证2000,3481.7066,-1.796
2026-07-02,h30269.CSI,红利低波,10173.1572,0.7736
2026-07-03,000300.SH,沪深300,4842.1737,0.6209
2026-07-03,000688.SH,科创50,1975.6001,-0.5883
2026-07-03,000852.SH,中证1000,8620.7886,-0.0527
2026-07-03,000905.SH,中证500,8745.2607,0.5876
2026-07-03,000922.CSI,中证红利,5207.4591,1.0188
2026-07-03,000998.CSI,中证TMT,4130.9988,-0.0099
2026-07-03,932000.CSI,中证2000,3487.715,0.1726
2026-07-03,h30269.CSI,红利低波,10195.278,0.2174
2026-07-06,000300.SH,沪深300,4841.998,-0.0036
2026-07-06,000688.SH,科创50,1996.1029,1.0378
2026-07-06,000852.SH,中证1000,8472.6028,-1.7189
2026-07-06,000905.SH,中证500,8651.1339,-1.0763
2026-07-06,000922.CSI,中证红利,5314.9215,2.0636
2026-07-06,000998.CSI,中证TMT,4111.1025,-0.4816
2026-07-06,932000.CSI,中证2000,3413.5572,-2.1263
2026-07-06,h30269.CSI,红利低波,10406.948,2.0762
2026-07-07,000300.SH,沪深300,4792.2624,-1.0272
2026-07-07,000688.SH,科创50,2001.5859,0.2747
2026-07-07,000852.SH,中证1000,8301.8035,-2.0159
2026-07-07,000905.SH,中证500,8508.7885,-1.6454
2026-07-07,000922.CSI,中证红利,5239.3719,-1.4215
2026-07-07,000998.CSI,中证TMT,4088.2509,-0.5559
2026-07-07,932000.CSI,中证2000,3313.1095,-2.9426
2026-07-07,h30269.CSI,红利低波,10339.7465,-0.6457
2026-07-08,000300.SH,沪深300,4755.5338,-0.7664
2026-07-08,000688.SH,科创50,2016.2327,0.7318
2026-07-08,000852.SH,中证1000,8117.8607,-2.2157
2026-07-08,000905.SH,中证500,8390.0194,-1.3958
2026-07-08,000922.CSI,中证红利,5264.7879,0.4851
2026-07-08,000998.CSI,中证TMT,4086.7201,-0.0374
2026-07-08,932000.CSI,中证2000,3233.4737,-2.4037
2026-07-08,h30269.CSI,红利低波,10449.3307,1.0598
2026-07-09,000300.SH,沪深300,4876.3125,2.5398
2026-07-09,000688.SH,科创50,2185.8251,8.4114
2026-07-09,000852.SH,中证1000,8300.077,2.2446
2026-07-09,000905.SH,中证500,8652.787,3.1319
2026-07-09,000922.CSI,中证红利,5200.4369,-1.2223
2026-07-09,000998.CSI,中证TMT,4322.3822,5.7665
2026-07-09,932000.CSI,中证2000,3277.0738,1.3484
2026-07-09,h30269.CSI,红利低波,10326.5725,-1.1748
2026-07-10,000300.SH,沪深300,4780.7867,-1.959
2026-07-10,000688.SH,科创50,2064.9756,-5.5288
2026-07-10,000852.SH,中证1000,8198.3078,-1.2261
2026-07-10,000905.SH,中证500,8503.9705,-1.7199
2026-07-10,000922.CSI,中证红利,5184.0974,-0.3142
2026-07-10,000998.CSI,中证TMT,4188.5717,-3.0958
2026-07-10,932000.CSI,中证2000,3272.9877,-0.1247
2026-07-10,h30269.CSI,红利低波,10327.5807,0.0098
2026-07-13,000300.SH,沪深300,4695.383,-1.7864
2026-07-13,000688.SH,科创50,1994.3192,-3.4217
2026-07-13,000852.SH,中证1000,7787.8529,-5.0066
2026-07-13,000905.SH,中证500,8138.1443,-4.3018
2026-07-13,000922.CSI,中证红利,5198.1145,0.2704
2026-07-13,000998.CSI,中证TMT,4023.9604,-3.93
2026-07-13,932000.CSI,中证2000,3088.0007,-5.6519
2026-07-13,h30269.CSI,红利低波,10483.3521,1.5083
2026-07-14,000300.SH,沪深300,4796.502,2.1536
2026-07-14,000688.SH,科创50,2009.7296,0.7727
2026-07-14,000852.SH,中证1000,7925.1232,1.7626
2026-07-14,000905.SH,中证500,8275.9388,1.6932
2026-07-14,000922.CSI,中证红利,5307.4975,2.1043
2026-07-14,000998.CSI,中证TMT,4049.1223,0.6253
2026-07-14,932000.CSI,中证2000,3143.758,1.8056
2026-07-14,h30269.CSI,红利低波,10574.965,0.8739
2026-07-15,000300.SH,沪深300,4786.7828,-0.2026
2026-07-15,000688.SH,科创50,1924.2735,-4.2521
2026-07-15,000852.SH,中证1000,7817.8313,-1.3538
2026-07-15,000905.SH,中证500,8147.5786,-1.551
2026-07-15,000922.CSI,中证红利,5378.8412,1.3442
2026-07-15,000998.CSI,中证TMT,3948.5316,-2.4843
2026-07-15,932000.CSI,中证2000,3118.7468,-0.7956
2026-07-15,h30269.CSI,红利低波,10709.7705,1.2748
2026-07-16,000300.SH,沪深300,4698.4344,-1.8457
2026-07-16,000688.SH,科创50,1846.8766,-4.0221
2026-07-16,000852.SH,中证1000,7631.7622,-2.3801
2026-07-16,000905.SH,中证500,7955.6635,-2.3555
2026-07-16,000922.CSI,中证红利,5321.0747,-1.074
2026-07-16,000998.CSI,中证TMT,3871.1539,-1.9597
2026-07-16,932000.CSI,中证2000,3060.6182,-1.8638
2026-07-16,h30269.CSI,红利低波,10607.5565,-0.9544
2026-07-17,000300.SH,沪深300,4529.0953,-3.6042
2026-07-17,000688.SH,科创50,1715.4044,-7.1186
2026-07-17,000852.SH,中证1000,7167.9959,-6.0768
2026-07-17,000905.SH,中证500,7513.7627,-5.5545
2026-07-17,000922.CSI,中证红利,5281.8147,-0.7378
2026-07-17,000998.CSI,中证TMT,3611.1164,-6.7173
2026-07-17,932000.CSI,中证2000,2871.411,-6.182
2026-07-17,h30269.CSI,红利低波,10633.935,0.2487
2026-07-20,000300.SH,沪深300,4598.3208,1.5285
2026-07-20,000688.SH,科创50,1718.6895,0.1915
2026-07-20,000852.SH,中证1000,6965.3757,-2.8267
2026-07-20,000905.SH,中证500,7411.3134,-1.3635
2026-07-20,000922.CSI,中证红利,5450.5115,3.1939
2026-07-20,000998.CSI,中证TMT,3578.0583,-0.9155
2026-07-20,932000.CSI,中证2000,2754.7279,-4.0636
2026-07-20,h30269.CSI,红利低波,10913.0065,2.6243
2026-07-21,000300.SH,沪深300,4739.2287,3.0643
2026-07-21,000688.SH,科创50,1903.1613,10.7333
2026-07-21,000852.SH,中证1000,7259.863,4.2279
2026-07-21,000905.SH,中证500,7800.6085,5.2527
2026-07-21,000922.CSI,中证红利,5391.0897,-1.0902
2026-07-21,000998.CSI,中证TMT,3825.1792,6.9066
2026-07-21,932000.CSI,中证2000,2821.8145,2.4353
2026-07-21,h30269.CSI,红利低波,10769.5307,-1.3147
2026-07-22,000300.SH,沪深300,4717.2442,-0.4639
2026-07-22,000688.SH,科创50,1860.0848,-2.2634
2026-07-22,000852.SH,中证1000,7158.7622,-1.3926
2026-07-22,000905.SH,中证500,7751.6618,-0.6275
2026-07-22,000922.CSI,中证红利,5452.5882,1.1407
2026-07-22,000998.CSI,中证TMT,3789.0764,-0.9438
2026-07-22,932000.CSI,中证2000,2786.2781,-1.2593
2026-07-22,h30269.CSI,红利低波,10824.3021,0.5086
2026-07-23,000300.SH,沪深300,4728.0018,0.228
2026-07-23,000688.SH,科创50,1789.6941,-3.7843
2026-07-23,000852.SH,中证1000,7195.4997,0.5132
2026-07-23,000905.SH,中证500,7734.31,-0.2238
2026-07-23,000922.CSI,中证红利,5505.6897,0.9739
2026-07-23,000998.CSI,中证TMT,3701.4545,-2.3125
2026-07-23,932000.CSI,中证2000,2832.8432,1.6712
2026-07-23,h30269.CSI,红利低波,10872.337,0.4438
2026-07-24,000300.SH,沪深300,4649.1917,-1.6669
2026-07-24,000688.SH,科创50,1787.1958,-0.1396
2026-07-24,000852.SH,中证1000,6995.6931,-2.7768
2026-07-24,000905.SH,中证500,7532.7006,-2.6067
2026-07-24,000922.CSI,中证红利,5404.2835,-1.8418
2026-07-24,000998.CSI,中证TMT,3635.1033,-1.7926
2026-07-24,932000.CSI,中证2000,2754.6389,-2.7606
2026-07-24,h30269.CSI,红利低波,10775.4133,-0.8915
2026-07-27,000300.SH,沪深300,4702.4272,1.145
2026-07-27,000688.SH,科创50,1807.951,1.1613
2026-07-27,000852.SH,中证1000,7228.7845,3.3319
2026-07-27,000905.SH,中证500,7720.5975,2.4944
2026-07-27,000922.CSI,中证红利,5433.9958,0.5498
2026-07-27,000998.CSI,中证TMT,3705.1303,1.9264
2026-07-27,932000.CSI,中证2000,2851.7202,3.5243
2026-07-27,h30269.CSI,红利低波,10818.9326,0.4039
2026-07-28,000300.SH,沪深300,4569.5235,-2.8263
2026-07-28,000688.SH,科创50,1693.4786,-6.3316
2026-07-28,000852.SH,中证1000,7026.2761,-2.8014
2026-07-28,000905.SH,中证500,7443.4332,-3.5899
2026-07-28,000922.CSI,中证红利,5437.9221,0.0723
2026-07-28,000998.CSI,中证TMT,3515.3835,-5.1212
2026-07-28,932000.CSI,中证2000,2803.3707,-1.6955
2026-07-28,h30269.CSI,红利低波,10899.7266,0.7468
2026-07-29,000300.SH,沪深300,4600.2624,0.6727
2026-07-29,000688.SH,科创50,1678.7376,-0.8705
2026-07-29,000852.SH,中证1000,7095.1863,0.9807
2026-07-29,000905.SH,中证500,7524.5075,1.0892
2026-07-29,000922.CSI,中证红利,5519.1242,1.4933
2026-07-29,000998.CSI,中证TMT,3501.9539,-0.382
2026-07-29,932000.CSI,中证2000,2815.1152,0.4189
2026-07-29,h30269.CSI,红利低波,11000.2751,0.9225
2026-07-30,000300.SH,沪深300,4549.7201,-1.0987
2026-07-30,000688.SH,科创50,1588.4149,-5.3804
2026-07-30,000852.SH,中证1000,6900.6579,-2.7417
2026-07-30,000905.SH,中证500,7309.5753,-2.8564
2026-07-30,000922.CSI,中证红利,5579.5974,1.0957
2026-07-30,000998.CSI,中证TMT,3356.0119,-4.1674
2026-07-30,932000.CSI,中证2000,2722.1273,-3.3032
2026-07-30,h30269.CSI,红利低波,11171.6588,1.558
