date,industry,wind_code,pe_ttm,pb_lf,amount_100mn
2016-01-10,交通运输,CI005024.WI,22.9014,2.2366,969.0069
2016-01-17,交通运输,CI005024.WI,20.503,1.9959,913.4225
2016-01-24,交通运输,CI005024.WI,20.9945,2.0438,825.3682
2016-01-31,交通运输,CI005024.WI,19.2285,1.8728,625.8672
2016-02-07,交通运输,CI005024.WI,19.8994,1.921,543.8637
2016-02-21,交通运输,CI005024.WI,20.6837,1.9967,712.9046
2016-02-28,交通运输,CI005024.WI,19.5231,1.8853,980.7873
2016-03-06,交通运输,CI005024.WI,19.7156,1.9019,831.9028
2016-03-13,交通运输,CI005024.WI,19.2351,1.8555,655.4269
2016-03-20,交通运输,CI005024.WI,20.336,1.9684,755.2124
2016-03-27,交通运输,CI005024.WI,20.542,1.9751,919.5414
2016-04-03,交通运输,CI005024.WI,23.1096,2.0289,927.3143
2016-04-10,交通运输,CI005024.WI,22.8627,2.0054,804.5891
2016-04-17,交通运输,CI005024.WI,23.5721,2.0586,886.2315
2016-04-24,交通运输,CI005024.WI,22.2319,1.938,693.2192
2016-05-01,交通运输,CI005024.WI,23.5363,1.8853,438.9989
2016-05-08,交通运输,CI005024.WI,23.9865,1.9213,654.2649
2016-05-15,交通运输,CI005024.WI,23.6084,1.8844,606.6456
2016-05-22,交通运输,CI005024.WI,23.273,1.8685,441.5976
2016-05-29,交通运输,CI005024.WI,22.9803,1.8473,423.7204
2016-06-05,交通运输,CI005024.WI,23.8332,1.9181,560.5597
2016-06-12,交通运输,CI005024.WI,23.7298,1.913,312.0427
2016-06-19,交通运输,CI005024.WI,23.0994,1.8649,564.5099
2016-06-26,交通运输,CI005024.WI,22.688,1.8283,582.2825
2016-07-03,交通运输,CI005024.WI,23.2043,1.8728,657.4581
2016-07-10,交通运输,CI005024.WI,24.012,1.9266,843.5736
2016-07-17,交通运输,CI005024.WI,24.7805,1.9865,896.7868
2016-07-24,交通运输,CI005024.WI,24.3469,1.9591,629.2225
2016-07-31,交通运输,CI005024.WI,24.4817,1.9716,763.6149
2016-08-07,交通运输,CI005024.WI,24.2875,1.9599,650.1416
2016-08-14,交通运输,CI005024.WI,24.2882,1.9681,600.3598
2016-08-21,交通运输,CI005024.WI,24.7598,2.01,880.8836
2016-08-28,交通运输,CI005024.WI,27.273,1.9619,540.0902
2016-09-04,交通运输,CI005024.WI,27.895,1.9311,473.3575
2016-09-11,交通运输,CI005024.WI,28.2391,1.9195,465.6592
2016-09-18,交通运输,CI005024.WI,27.5412,1.8721,283.5618
2016-09-25,交通运输,CI005024.WI,27.8815,1.8952,452.7958
2016-10-02,交通运输,CI005024.WI,27.3845,1.8614,397.2366
2016-10-16,交通运输,CI005024.WI,29.3778,1.9601,626.4852
2016-10-23,交通运输,CI005024.WI,29.8239,1.9906,713.0252
2016-10-30,交通运输,CI005024.WI,26.8727,1.9432,654.9452
2016-11-06,交通运输,CI005024.WI,27.0951,1.9616,667.8414
2016-11-13,交通运输,CI005024.WI,27.6508,2.0018,743.4419
2016-11-20,交通运输,CI005024.WI,28.1079,2.0349,1100.3693
2016-11-27,交通运输,CI005024.WI,28.203,2.0418,786.4871
2016-12-04,交通运输,CI005024.WI,28.1394,2.0372,909.4104
2016-12-11,交通运输,CI005024.WI,27.4667,1.99,549.7239
2016-12-18,交通运输,CI005024.WI,26.2619,1.9027,554.27
2016-12-25,交通运输,CI005024.WI,26.7231,1.9318,679.1329
2017-01-01,交通运输,CI005024.WI,27.0036,1.9142,508.0047
2017-01-08,交通运输,CI005024.WI,27.7435,1.9673,543.0225
2017-01-15,交通运输,CI005024.WI,26.656,1.9111,701.4088
2017-01-22,交通运输,CI005024.WI,26.5591,1.907,538.2051
2017-01-29,交通运输,CI005024.WI,26.7936,1.9266,325.3136
2017-02-05,交通运输,CI005024.WI,26.6567,1.9168,61.0427
2017-02-12,交通运输,CI005024.WI,27.4003,1.9709,594.624
2017-02-19,交通运输,CI005024.WI,27.5423,1.9819,869.6917
2017-02-26,交通运输,CI005024.WI,27.845,2.0356,871.9889
2017-03-05,交通运输,CI005024.WI,28.6193,2.1865,785.6635
2017-03-12,交通运输,CI005024.WI,28.7352,2.2126,603.7443
2017-03-19,交通运输,CI005024.WI,29.0062,2.2489,610.8087
2017-03-26,交通运输,CI005024.WI,29.5601,2.2927,772.5851
2017-04-02,交通运输,CI005024.WI,29.6344,2.2668,1418.1902
2017-04-09,交通运输,CI005024.WI,30.4839,2.3311,767.7504
2017-04-16,交通运输,CI005024.WI,30.5357,2.3409,1464.0081
2017-04-23,交通运输,CI005024.WI,29.5888,2.2742,1098.5798
2017-04-30,交通运输,CI005024.WI,26.0051,2.1619,878.3014
2017-05-07,交通运输,CI005024.WI,25.7814,2.1432,688.2975
2017-05-14,交通运输,CI005024.WI,25.5829,2.1267,694.8784
2017-05-21,交通运输,CI005024.WI,25.8401,2.1481,739.3152
2017-05-28,交通运输,CI005024.WI,25.8763,2.1516,600.5265
2017-06-04,交通运输,CI005024.WI,25.7381,2.1403,351.0732
2017-06-11,交通运输,CI005024.WI,26.2247,2.1821,707.3053
2017-06-18,交通运输,CI005024.WI,25.9869,2.166,726.6409
2017-06-25,交通运输,CI005024.WI,25.9739,2.1668,707.8194
2017-07-02,交通运输,CI005024.WI,26.2691,2.201,578.3517
2017-07-09,交通运输,CI005024.WI,26.4146,2.2203,588.9154
2017-07-16,交通运输,CI005024.WI,26.2734,2.2186,638.5182
2017-07-23,交通运输,CI005024.WI,26.1399,2.2159,771.4161
2017-07-30,交通运输,CI005024.WI,26.2879,2.2325,846.7193
2017-08-06,交通运输,CI005024.WI,26.3137,2.2401,864.5445
2017-08-13,交通运输,CI005024.WI,26.2208,2.2203,782.6558
2017-08-20,交通运输,CI005024.WI,27.1002,2.2936,639.4185
2017-08-27,交通运输,CI005024.WI,25.8597,2.2442,625.0994
2017-09-03,交通运输,CI005024.WI,23.8606,2.2315,820.2024
2017-09-10,交通运输,CI005024.WI,23.9271,2.2377,709.0782
2017-09-17,交通运输,CI005024.WI,23.7449,2.2206,632.812
2017-09-24,交通运输,CI005024.WI,23.563,2.2036,558.355
2017-10-01,交通运输,CI005024.WI,23.5071,2.1974,381.6021
2017-10-15,交通运输,CI005024.WI,24.0438,2.2488,562.5233
2017-10-22,交通运输,CI005024.WI,24.9665,2.3264,700.4627
2017-10-29,交通运输,CI005024.WI,23.4559,2.266,945.5098
2017-11-05,交通运输,CI005024.WI,22.1112,2.2294,888.3858
2017-11-12,交通运输,CI005024.WI,22.0838,2.2267,701.1883
2017-11-19,交通运输,CI005024.WI,21.5392,2.1717,780.652
2017-11-26,交通运输,CI005024.WI,21.3026,2.1478,632.3361
2017-12-03,交通运输,CI005024.WI,21.218,2.1393,463.2746
2017-12-10,交通运输,CI005024.WI,21.0293,2.1203,474.2279
2017-12-17,交通运输,CI005024.WI,21.0355,2.1209,426.9624
2017-12-24,交通运输,CI005024.WI,21.1914,2.1366,414.317
2017-12-31,交通运输,CI005024.WI,21.2834,2.1491,456.656
2018-01-14,交通运输,CI005024.WI,20.8376,2.1558,642.0305
2018-01-21,交通运输,CI005024.WI,20.6623,2.1385,689.78
2018-01-28,交通运输,CI005024.WI,21.591,2.2203,859.788
2018-02-04,交通运输,CI005024.WI,20.9254,2.1499,758.4124
2018-02-11,交通运输,CI005024.WI,19.241,1.978,748.8781
2018-02-18,交通运输,CI005024.WI,19.775,2.0131,245.4729
2018-02-25,交通运输,CI005024.WI,20.4893,2.0891,206.4424
2018-03-04,交通运输,CI005024.WI,21.6551,2.1044,560.1017
2018-03-11,交通运输,CI005024.WI,22.2996,2.1746,564.4167
2018-03-18,交通运输,CI005024.WI,21.9067,2.1319,582.1008
2018-03-25,交通运输,CI005024.WI,20.6815,2.029,541.9894
2018-04-01,交通运输,CI005024.WI,20.8542,2.0545,568.1659
2018-04-08,交通运输,CI005024.WI,20.6042,2.0295,324.7866
2018-04-15,交通运输,CI005024.WI,20.6453,2.0342,637.2635
2018-04-22,交通运输,CI005024.WI,19.7882,1.9536,616.4661
2018-04-29,交通运输,CI005024.WI,19.5301,1.9436,469.3904
2018-05-06,交通运输,CI005024.WI,19.6748,1.9583,258.2115
2018-05-13,交通运输,CI005024.WI,19.9037,1.9811,475.3557
2018-05-20,交通运输,CI005024.WI,19.8095,1.9725,439.0383
2018-05-27,交通运输,CI005024.WI,19.8894,1.9821,617.3561
2018-06-03,交通运输,CI005024.WI,19.5707,1.9502,529.3628
2018-06-10,交通运输,CI005024.WI,19.6404,1.9793,559.2548
2018-06-17,交通运输,CI005024.WI,19.2752,1.9475,478.9251
2018-06-24,交通运输,CI005024.WI,18.1206,1.8331,423.6639
2018-07-01,交通运输,CI005024.WI,17.4924,1.7804,477.3657
2018-07-08,交通运输,CI005024.WI,16.7613,1.7093,412.5327
2018-07-15,交通运输,CI005024.WI,17.2004,1.7615,365.139
2018-07-22,交通运输,CI005024.WI,16.8958,1.7271,329.4316
2018-07-29,交通运输,CI005024.WI,17.1765,1.7573,475.2232
2018-08-05,交通运输,CI005024.WI,16.3861,1.6778,419.0553
2018-08-12,交通运输,CI005024.WI,16.6722,1.712,384.5009
2018-08-19,交通运输,CI005024.WI,15.7951,1.622,395.6371
2018-08-26,交通运输,CI005024.WI,16.0001,1.6412,306.4226
2018-09-02,交通运输,CI005024.WI,16.712,1.6063,364.2523
2018-09-09,交通运输,CI005024.WI,16.3433,1.5709,302.5959
2018-09-16,交通运输,CI005024.WI,16.2254,1.5595,253.7975
2018-09-23,交通运输,CI005024.WI,17.0545,1.6393,390.7684
2018-09-30,交通运输,CI005024.WI,17.1741,1.6383,366.5964
2018-10-14,交通运输,CI005024.WI,15.6506,1.4929,471.4039
2018-10-21,交通运输,CI005024.WI,15.3377,1.464,348.8076
2018-10-28,交通运输,CI005024.WI,15.9682,1.4814,405.672
2018-11-04,交通运输,CI005024.WI,17.6471,1.516,447.4315
2018-11-11,交通运输,CI005024.WI,17.0754,1.4669,421.2874
2018-11-18,交通运输,CI005024.WI,17.9182,1.5393,536.2316
2018-11-25,交通运输,CI005024.WI,17.2476,1.4817,526.7647
2018-12-02,交通运输,CI005024.WI,17.1624,1.4743,349.2
2018-12-09,交通运输,CI005024.WI,17.3104,1.4969,381.8402
2018-12-16,交通运输,CI005024.WI,17.0329,1.4729,256.1828
2018-12-23,交通运输,CI005024.WI,16.6288,1.437,280.3078
2018-12-30,交通运输,CI005024.WI,16.6943,1.4066,255.6123
2019-01-06,交通运输,CI005024.WI,16.7847,1.4142,140.0836
2019-01-13,交通运输,CI005024.WI,17.247,1.4535,322.448
2019-01-20,交通运输,CI005024.WI,17.5635,1.4527,301.3549
2019-01-27,交通运输,CI005024.WI,17.4686,1.4414,297.2211
2019-02-03,交通运输,CI005024.WI,17.5181,1.4453,281.0262
2019-02-17,交通运输,CI005024.WI,18.1052,1.4937,396.6215
2019-02-24,交通运输,CI005024.WI,19.0507,1.572,613.2921
2019-03-03,交通运输,CI005024.WI,20.3878,1.6446,889.2974
2019-03-10,交通运输,CI005024.WI,20.1163,1.6216,1036.4708
2019-03-17,交通运输,CI005024.WI,20.7486,1.7024,1016.9958
2019-03-24,交通运输,CI005024.WI,21.0551,1.7491,1009.4701
2019-03-31,交通运输,CI005024.WI,20.8262,1.767,1036.8064
2019-04-07,交通运输,CI005024.WI,22.5449,1.9141,1252.6175
2019-04-14,交通运输,CI005024.WI,21.5329,1.8386,1361.1136
2019-04-21,交通运输,CI005024.WI,21.7636,1.8657,1088.6254
2019-04-28,交通运输,CI005024.WI,20.5151,1.7297,891.9792
2019-05-05,交通运输,CI005024.WI,21.351,1.7285,323.0633
2019-05-12,交通运输,CI005024.WI,20.0568,1.6237,689.5605
2019-05-19,交通运输,CI005024.WI,19.7423,1.5972,694.3961
2019-05-26,交通运输,CI005024.WI,19.4273,1.5733,506.0004
2019-06-02,交通运输,CI005024.WI,19.7922,1.6053,506.9416
2019-06-09,交通运输,CI005024.WI,18.9614,1.538,433.9607
2019-06-16,交通运输,CI005024.WI,19.1975,1.5606,416.831
2019-06-23,交通运输,CI005024.WI,20.225,1.6447,454.3427
2019-06-30,交通运输,CI005024.WI,20.1983,1.6591,414.5948
2019-07-07,交通运输,CI005024.WI,20.4605,1.6815,528.9943
2019-07-14,交通运输,CI005024.WI,19.7747,1.6312,344.4057
2019-07-21,交通运输,CI005024.WI,19.9038,1.6433,324.182
2019-07-28,交通运输,CI005024.WI,20.3654,1.6832,382.5487
2019-08-04,交通运输,CI005024.WI,19.551,1.6226,372.7704
2019-08-11,交通运输,CI005024.WI,18.3628,1.5237,400.3769
2019-08-18,交通运输,CI005024.WI,18.6184,1.5467,344.6422
2019-08-25,交通运输,CI005024.WI,19.1256,1.6048,489.0763
2019-09-01,交通运输,CI005024.WI,18.7112,1.5773,457.1459
2019-09-08,交通运输,CI005024.WI,19.4022,1.6194,525.7062
2019-09-15,交通运输,CI005024.WI,19.4409,1.6225,386.2664
2019-09-22,交通运输,CI005024.WI,19.3487,1.6148,467.6717
2019-09-29,交通运输,CI005024.WI,18.764,1.5661,382.2163
2019-10-06,交通运输,CI005024.WI,18.6568,1.5572,54.0634
2019-10-13,交通运输,CI005024.WI,19.2999,1.6078,337.0553
2019-10-20,交通运输,CI005024.WI,19.0135,1.5838,576.8858
2019-10-27,交通运输,CI005024.WI,18.7089,1.5647,394.517
2019-11-03,交通运输,CI005024.WI,18.6279,1.5231,518.8878
2019-11-10,交通运输,CI005024.WI,18.6931,1.5261,473.1034
2019-11-17,交通运输,CI005024.WI,18.0194,1.4711,322.1244
2019-11-24,交通运输,CI005024.WI,18.0587,1.4741,295.2683
2019-12-01,交通运输,CI005024.WI,16.743,1.4732,299.3644
2019-12-08,交通运输,CI005024.WI,18.2903,1.4987,267.3713
2019-12-15,交通运输,CI005024.WI,18.4927,1.5134,382.8231
2019-12-22,交通运输,CI005024.WI,18.8818,1.5452,515.8877
2019-12-29,交通运输,CI005024.WI,18.8182,1.54,390.6421
2020-01-05,交通运输,CI005024.WI,19.1804,1.5696,200.5181
2020-01-12,交通运输,CI005024.WI,19.5767,1.5577,591.9461
2020-01-19,交通运输,CI005024.WI,19.2172,1.5274,477.0346
2020-01-26,交通运输,CI005024.WI,18.4789,1.4647,506.85
2020-02-09,交通运输,CI005024.WI,17.6736,1.4021,704.9169
2020-02-16,交通运输,CI005024.WI,17.6756,1.4022,493.5522
2020-02-23,交通运输,CI005024.WI,18.4943,1.4652,718.2746
2020-03-01,交通运输,CI005024.WI,16.7417,1.3739,772.9828
2020-03-08,交通运输,CI005024.WI,17.556,1.4408,728.4282
2020-03-15,交通运输,CI005024.WI,17.0452,1.3988,971.4932
2020-03-22,交通运输,CI005024.WI,16.3547,1.3228,688.174
2020-03-29,交通运输,CI005024.WI,16.478,1.3254,517.7711
2020-04-05,交通运输,CI005024.WI,16.026,1.3206,469.1778
2020-04-12,交通运输,CI005024.WI,16.2495,1.3447,386.7527
2020-04-19,交通运输,CI005024.WI,16.3569,1.3454,403.8586
2020-04-26,交通运输,CI005024.WI,16.7221,1.3369,542.8814
2020-05-03,交通运输,CI005024.WI,26.4474,1.3748,433.6943
2020-05-10,交通运输,CI005024.WI,26.7676,1.3972,358.7298
2020-05-17,交通运输,CI005024.WI,26.3881,1.3744,488.7063
2020-05-24,交通运输,CI005024.WI,26.0168,1.3553,515.5612
2020-05-31,交通运输,CI005024.WI,26.631,1.3873,572.0157
2020-06-07,交通运输,CI005024.WI,27.8675,1.4515,842.0702
2020-06-14,交通运输,CI005024.WI,27.722,1.4464,662.2851
2020-06-21,交通运输,CI005024.WI,28.0403,1.4526,624.1737
2020-06-28,交通运输,CI005024.WI,27.6392,1.4329,317.9441
2020-07-05,交通运输,CI005024.WI,32.892,1.5108,710.5015
2020-07-12,交通运输,CI005024.WI,35.192,1.6216,1531.9064
2020-07-19,交通运输,CI005024.WI,33.3536,1.5423,1345.1564
2020-07-26,交通运输,CI005024.WI,33.0519,1.529,963.1568
2020-08-02,交通运输,CI005024.WI,34.0525,1.5795,740.2714
2020-08-09,交通运输,CI005024.WI,34.2984,1.597,1042.0107
2020-08-16,交通运输,CI005024.WI,34.9323,1.6304,1095.971
2020-08-23,交通运输,CI005024.WI,36.1209,1.657,1104.5329
2020-08-30,交通运输,CI005024.WI,53.5746,1.6776,870.2565
2020-09-06,交通运输,CI005024.WI,53.5161,1.6654,1002.5565
2020-09-13,交通运输,CI005024.WI,52.405,1.6309,997.4318
2020-09-20,交通运输,CI005024.WI,53.4512,1.6634,762.9352
2020-09-27,交通运输,CI005024.WI,50.7662,1.5799,672.4768
2020-10-04,交通运输,CI005024.WI,50.7918,1.5806,310.1996
2020-10-11,交通运输,CI005024.WI,51.9217,1.6158,128.8372
2020-10-18,交通运输,CI005024.WI,52.2354,1.6277,664.2272
2020-10-25,交通运输,CI005024.WI,51.2618,1.6004,508.303
2020-11-01,交通运输,CI005024.WI,66.1953,1.5289,533.8357
2020-11-08,交通运输,CI005024.WI,68.0039,1.5673,682.5964
2020-11-15,交通运输,CI005024.WI,69.1252,1.5932,1008.5427
2020-11-22,交通运输,CI005024.WI,71.8521,1.656,1082.1058
2020-11-29,交通运输,CI005024.WI,71.281,1.6427,904.9497
2020-12-06,交通运输,CI005024.WI,72.3905,1.6744,743.9448
2020-12-13,交通运输,CI005024.WI,68.9125,1.594,603.0946
2020-12-20,交通运输,CI005024.WI,69.6956,1.612,563.6744
2020-12-27,交通运输,CI005024.WI,69.6922,1.6119,757.5908
2021-01-03,交通运输,CI005024.WI,71.0971,1.6444,720.2869
2021-01-10,交通运输,CI005024.WI,70.9546,1.6701,1123.5994
2021-01-17,交通运输,CI005024.WI,70.1228,1.6471,997.8127
2021-01-24,交通运输,CI005024.WI,71.6343,1.6826,854.9349
2021-01-31,交通运输,CI005024.WI,70.5469,1.6364,911.2227
2021-02-07,交通运输,CI005024.WI,68.5461,1.6081,882.1984
2021-02-14,交通运输,CI005024.WI,71.275,1.6592,426.5125
2021-02-21,交通运输,CI005024.WI,74.1778,1.7267,466.5964
2021-02-28,交通运输,CI005024.WI,75.1653,1.6837,999.7956
2021-03-07,交通运输,CI005024.WI,74.1714,1.6616,726.263
2021-03-14,交通运输,CI005024.WI,71.8839,1.6639,832.3247
2021-03-21,交通运输,CI005024.WI,71.7262,1.6689,940.672
2021-03-28,交通运输,CI005024.WI,73.1882,1.6544,757.7817
2021-04-04,交通运输,CI005024.WI,90.2846,1.5233,759.2522
2021-04-11,交通运输,CI005024.WI,87.8411,1.515,728.3959
2021-04-18,交通运输,CI005024.WI,84.914,1.4824,893.2931
2021-04-25,交通运输,CI005024.WI,78.7792,1.6191,721.0711
2021-05-02,交通运输,CI005024.WI,69.5818,1.6497,852.9072
2021-05-09,交通运输,CI005024.WI,69.6938,1.6524,426.0624
2021-05-16,交通运输,CI005024.WI,69.9944,1.66,766.4035
2021-05-23,交通运输,CI005024.WI,71.1981,1.6905,855.929
2021-05-30,交通运输,CI005024.WI,72.1938,1.7143,805.5773
2021-06-06,交通运输,CI005024.WI,71.9334,1.7077,938.5306
2021-06-13,交通运输,CI005024.WI,73.1213,1.7369,964.0344
2021-06-20,交通运输,CI005024.WI,72.5923,1.7216,774.8909
2021-06-27,交通运输,CI005024.WI,73.9158,1.7446,1116.1605
2021-07-04,交通运输,CI005024.WI,72.5348,1.7205,955.5841
2021-07-11,交通运输,CI005024.WI,72.0323,1.7143,1160.1593
2021-07-18,交通运输,CI005024.WI,71.1876,1.6977,1027.3819
2021-07-25,交通运输,CI005024.WI,69.1958,1.6546,909.2255
2021-08-01,交通运输,CI005024.WI,64.3836,1.5594,896.0514
2021-08-08,交通运输,CI005024.WI,63.6122,1.5828,831.3882
2021-08-15,交通运输,CI005024.WI,63.5013,1.6233,816.579
2021-08-22,交通运输,CI005024.WI,62.3924,1.6116,777.8709
2021-08-29,交通运输,CI005024.WI,49.6639,1.6376,964.4203
2021-09-05,交通运输,CI005024.WI,31.1704,1.6507,1190.4
2021-09-12,交通运输,CI005024.WI,33.0418,1.7487,1398.6496
2021-09-19,交通运输,CI005024.WI,32.2676,1.7019,1263.2801
2021-09-26,交通运输,CI005024.WI,33.048,1.7431,653.537
2021-10-03,交通运输,CI005024.WI,31.3915,1.6556,804.843
2021-10-10,交通运输,CI005024.WI,31.5274,1.7011,237.3249
2021-10-17,交通运输,CI005024.WI,30.4127,1.641,904.5806
2021-10-24,交通运输,CI005024.WI,30.3127,1.6242,834.3558
2021-10-31,交通运输,CI005024.WI,24.4473,1.5938,702.5693
2021-11-07,交通运输,CI005024.WI,23.6402,1.5411,801.7491
2021-11-14,交通运输,CI005024.WI,24.2096,1.5688,684.3089
2021-11-21,交通运输,CI005024.WI,24.8102,1.5883,701.719
2021-11-28,交通运输,CI005024.WI,24.355,1.5517,688.0487
2021-12-05,交通运输,CI005024.WI,25.1099,1.594,1029.749
2021-12-12,交通运输,CI005024.WI,26.1019,1.657,1059.4396
2021-12-19,交通运输,CI005024.WI,25.6858,1.6339,869.8631
2021-12-26,交通运输,CI005024.WI,25.8735,1.644,826.3408
2022-01-02,交通运输,CI005024.WI,26.4622,1.6814,803.4014
2022-01-09,交通运输,CI005024.WI,27.1491,1.7127,854.2745
2022-01-16,交通运输,CI005024.WI,26.5467,1.6785,836.9485
2022-01-23,交通运输,CI005024.WI,26.5687,1.6775,736.7362
2022-01-30,交通运输,CI005024.WI,26.005,1.6419,713.613
2022-02-13,交通运输,CI005024.WI,27.4487,1.733,900.2706
2022-02-20,交通运输,CI005024.WI,26.9675,1.7132,741.6745
2022-02-27,交通运输,CI005024.WI,26.3518,1.6602,788.0568
2022-03-06,交通运输,CI005024.WI,27.1431,1.7181,1175.5226
2022-03-13,交通运输,CI005024.WI,22.5062,1.6179,1086.2344
2022-03-20,交通运输,CI005024.WI,21.9287,1.5793,1111.279
2022-03-27,交通运输,CI005024.WI,21.1189,1.5225,847.4351
2022-04-03,交通运输,CI005024.WI,23.4993,1.602,941.6723
2022-04-10,交通运输,CI005024.WI,23.2925,1.5851,668.7379
2022-04-17,交通运输,CI005024.WI,23.677,1.6039,1691.5664
2022-04-24,交通运输,CI005024.WI,22.9948,1.5632,1150.5575
2022-05-01,交通运输,CI005024.WI,15.3526,1.4599,1121.8787
2022-05-08,交通运输,CI005024.WI,15.07,1.434,472.3999
2022-05-15,交通运输,CI005024.WI,15.4145,1.4663,1114.3606
2022-05-22,交通运输,CI005024.WI,15.6353,1.4903,1181.804
2022-05-29,交通运输,CI005024.WI,16.0623,1.5318,1340.6022
2022-06-05,交通运输,CI005024.WI,16.2424,1.5491,1030.0368
2022-06-12,交通运输,CI005024.WI,16.2643,1.5514,1323.9721
2022-06-19,交通运输,CI005024.WI,15.9914,1.5296,1206.6037
2022-06-26,交通运输,CI005024.WI,16.0174,1.544,1023.9681
2022-07-03,交通运输,CI005024.WI,16.4006,1.5823,1175.6781
2022-07-10,交通运输,CI005024.WI,15.9646,1.5549,1084.2428
2022-07-17,交通运输,CI005024.WI,15.6028,1.5214,1001.0528
2022-07-24,交通运输,CI005024.WI,16.111,1.5724,933.9201
2022-07-31,交通运输,CI005024.WI,15.7228,1.5391,867.0954
2022-08-07,交通运输,CI005024.WI,15.505,1.5052,881.7637
2022-08-14,交通运输,CI005024.WI,15.9431,1.5434,688.6394
2022-08-21,交通运输,CI005024.WI,16.011,1.5515,792.0971
2022-08-28,交通运输,CI005024.WI,16.3362,1.5668,1089.2632
2022-09-04,交通运输,CI005024.WI,19.0029,1.5172,1094.3898
2022-09-11,交通运输,CI005024.WI,19.801,1.5809,1095.8098
2022-09-18,交通运输,CI005024.WI,19.158,1.5296,910.1811
2022-09-25,交通运输,CI005024.WI,19.1386,1.5248,986.8387
2022-10-02,交通运输,CI005024.WI,18.8802,1.4897,918.3719
2022-10-16,交通运输,CI005024.WI,19.0205,1.4981,780.4644
2022-10-23,交通运输,CI005024.WI,19.4461,1.5331,1032.4922
2022-10-30,交通运输,CI005024.WI,19.3978,1.4399,865.1397
2022-11-06,交通运输,CI005024.WI,22.124,1.5179,1091.7271
2022-11-13,交通运输,CI005024.WI,22.1055,1.5166,949.8343
2022-11-20,交通运输,CI005024.WI,21.6734,1.4875,958.1556
2022-11-27,交通运输,CI005024.WI,21.7589,1.4898,793.2655
2022-12-04,交通运输,CI005024.WI,22.1491,1.5165,1057.6062
2022-12-11,交通运输,CI005024.WI,23.0427,1.5735,1453.1224
2022-12-18,交通运输,CI005024.WI,23.0673,1.6008,1194.8216
2022-12-25,交通运输,CI005024.WI,22.2158,1.5417,835.829
2023-01-01,交通运输,CI005024.WI,22.3453,1.5423,842.4475
2023-01-08,交通运输,CI005024.WI,22.197,1.5258,696.7951
2023-01-15,交通运输,CI005024.WI,22.724,1.5352,765.976
2023-01-22,交通运输,CI005024.WI,23.2751,1.5552,714.4837
2023-02-05,交通运输,CI005024.WI,23.002,1.535,882.7698
2023-02-12,交通运输,CI005024.WI,23.201,1.5477,659.2998
2023-02-19,交通运输,CI005024.WI,22.8917,1.5265,844.7187
2023-02-26,交通运输,CI005024.WI,23.0034,1.534,611.5214
2023-03-05,交通运输,CI005024.WI,23.754,1.584,693.2918
2023-03-12,交通运输,CI005024.WI,23.1564,1.5462,761.1777
2023-03-19,交通运输,CI005024.WI,23.3534,1.5595,846.0271
2023-03-26,交通运输,CI005024.WI,23.1862,1.5333,737.9047
2023-04-02,交通运输,CI005024.WI,29.166,1.5576,668.88
2023-04-09,交通运输,CI005024.WI,29.6886,1.5879,691.2278
2023-04-16,交通运输,CI005024.WI,29.9032,1.5796,689.7268
2023-04-23,交通运输,CI005024.WI,32.161,1.5646,814.1173
2023-04-30,交通运输,CI005024.WI,34.2432,1.5653,748.5915
2023-05-07,交通运输,CI005024.WI,34.2615,1.5661,506.6264
2023-05-14,交通运输,CI005024.WI,33.3488,1.5241,1215.3208
2023-05-21,交通运输,CI005024.WI,32.9123,1.5046,711.9137
2023-05-28,交通运输,CI005024.WI,31.947,1.4614,618.8448
2023-06-04,交通运输,CI005024.WI,31.6529,1.4505,626.1175
2023-06-11,交通运输,CI005024.WI,32.0764,1.4708,643.4334
2023-06-18,交通运输,CI005024.WI,32.1551,1.4769,656.8179
2023-06-25,交通运输,CI005024.WI,31.2325,1.4367,343.7487
2023-07-02,交通运输,CI005024.WI,31.0179,1.4448,568.4442
2023-07-09,交通运输,CI005024.WI,31.555,1.4834,602.1255
2023-07-16,交通运输,CI005024.WI,31.3945,1.4821,531.333
2023-07-23,交通运输,CI005024.WI,31.3908,1.4862,511.5624
2023-07-30,交通运输,CI005024.WI,32.3735,1.5344,586.4847
2023-08-06,交通运输,CI005024.WI,32.0782,1.5217,692.6311
2023-08-13,交通运输,CI005024.WI,31.6569,1.505,533.74
2023-08-20,交通运输,CI005024.WI,31.5359,1.4993,574.2117
2023-08-27,交通运输,CI005024.WI,29.6839,1.4312,736.4826
2023-09-03,交通运输,CI005024.WI,26.8446,1.4102,756.687
2023-09-10,交通运输,CI005024.WI,26.3528,1.3844,582.9496
2023-09-17,交通运输,CI005024.WI,26.7115,1.4032,562.8989
2023-09-24,交通运输,CI005024.WI,26.7196,1.4036,612.7532
2023-10-01,交通运输,CI005024.WI,26.4639,1.3902,424.2865
2023-10-15,交通运输,CI005024.WI,25.7531,1.3519,531.2077
2023-10-22,交通运输,CI005024.WI,24.9194,1.3093,490.1295
2023-10-29,交通运输,CI005024.WI,18.8681,1.3324,526.1392
2023-11-05,交通运输,CI005024.WI,18.7713,1.3045,581.8466
2023-11-12,交通运输,CI005024.WI,18.7543,1.3033,587.3734
2023-11-19,交通运输,CI005024.WI,18.8099,1.3072,603.2916
2023-11-26,交通运输,CI005024.WI,19.0124,1.3213,590.3203
2023-12-03,交通运输,CI005024.WI,19.0789,1.3219,606.4464
2023-12-10,交通运输,CI005024.WI,18.8929,1.309,694.4493
2023-12-17,交通运输,CI005024.WI,18.742,1.2985,654.3125
2023-12-24,交通运输,CI005024.WI,18.6138,1.2946,841.9961
2023-12-31,交通运输,CI005024.WI,18.4618,1.2841,651.5983
2024-01-14,交通运输,CI005024.WI,18.8321,1.2971,649.6222
2024-01-21,交通运输,CI005024.WI,18.6892,1.2864,747.0932
2024-01-28,交通运输,CI005024.WI,19.3399,1.3316,868.102
2024-02-04,交通运输,CI005024.WI,18.2502,1.2542,926.2103
2024-02-11,交通运输,CI005024.WI,18.918,1.301,927.5392
2024-02-25,交通运输,CI005024.WI,19.5861,1.3469,898.0163
2024-03-03,交通运输,CI005024.WI,19.0089,1.3237,925.4456
2024-03-10,交通运输,CI005024.WI,19.0454,1.3257,759.301
2024-03-17,交通运输,CI005024.WI,19.2294,1.3388,841.4409
2024-03-24,交通运输,CI005024.WI,18.9652,1.3303,758.6793
2024-03-31,交通运输,CI005024.WI,17.7858,1.3451,710.7194
2024-04-07,交通运输,CI005024.WI,18.0078,1.3645,643.0678
2024-04-14,交通运输,CI005024.WI,17.7533,1.3558,898.0313
2024-04-21,交通运输,CI005024.WI,18.2525,1.3764,1201.6452
2024-04-28,交通运输,CI005024.WI,18.0167,1.3727,1135.0052
2024-05-05,交通运输,CI005024.WI,16.7044,1.3475,605.6086
2024-05-12,交通运输,CI005024.WI,17.2342,1.3904,1198.684
2024-05-19,交通运输,CI005024.WI,17.3864,1.406,1180.0425
2024-05-26,交通运输,CI005024.WI,17.2529,1.3979,976.6987
2024-06-02,交通运输,CI005024.WI,17.2203,1.3961,844.8022
2024-06-09,交通运输,CI005024.WI,17.5384,1.4229,957.3163
2024-06-16,交通运输,CI005024.WI,16.8681,1.3705,799.8936
2024-06-23,交通运输,CI005024.WI,16.8824,1.3778,768.5633
2024-06-30,交通运输,CI005024.WI,16.7887,1.3757,678.9281
2024-07-07,交通运输,CI005024.WI,16.8109,1.3754,659.0852
2024-07-14,交通运输,CI005024.WI,16.5829,1.3629,740.3735
2024-07-21,交通运输,CI005024.WI,16.7098,1.3775,745.2875
2024-07-28,交通运输,CI005024.WI,16.6242,1.3749,892.4578
2024-08-04,交通运输,CI005024.WI,16.9193,1.4032,1192.3732
2024-08-11,交通运输,CI005024.WI,16.5172,1.3704,966.4382
2024-08-18,交通运输,CI005024.WI,16.509,1.3738,682.8193
2024-08-25,交通运输,CI005024.WI,16.455,1.3643,730.1828
2024-09-01,交通运输,CI005024.WI,16.1254,1.3209,848.795
2024-09-08,交通运输,CI005024.WI,16.0015,1.3095,743.4318
2024-09-15,交通运输,CI005024.WI,15.4226,1.2622,635.556
2024-09-22,交通运输,CI005024.WI,15.6424,1.2802,402.3126
2024-09-29,交通运输,CI005024.WI,17.2796,1.4145,1108.9265
2024-10-06,交通运输,CI005024.WI,18.4863,1.5134,628.8467
2024-10-13,交通运输,CI005024.WI,17.2589,1.418,1980.6573
2024-10-20,交通运输,CI005024.WI,17.209,1.4158,1437.241
2024-10-27,交通运输,CI005024.WI,17.4648,1.4352,1418.6479
2024-11-03,交通运输,CI005024.WI,17.5695,1.409,1844.2469
2024-11-10,交通运输,CI005024.WI,18.2044,1.4611,2148.4099
2024-11-17,交通运输,CI005024.WI,17.7796,1.4271,1882.8706
2024-11-24,交通运输,CI005024.WI,17.6068,1.4109,1793.4957
2024-12-01,交通运输,CI005024.WI,17.8748,1.429,1584.3673
2024-12-08,交通运输,CI005024.WI,18.3993,1.471,1696.0956
2024-12-15,交通运输,CI005024.WI,18.4376,1.4708,1741.2721
2024-12-22,交通运输,CI005024.WI,18.0827,1.4426,1269.4737
2024-12-29,交通运输,CI005024.WI,18.3919,1.4678,1082.4839
2025-01-05,交通运输,CI005024.WI,17.5829,1.4017,943.5535
2025-01-12,交通运输,CI005024.WI,17.1178,1.3643,917.2283
2025-01-19,交通运输,CI005024.WI,17.5707,1.3973,969.2669
2025-01-26,交通运输,CI005024.WI,17.3084,1.3825,806.4068
2025-02-02,交通运输,CI005024.WI,17.4097,1.3906,165.7311
2025-02-09,交通运输,CI005024.WI,17.2994,1.3818,586.6424
2025-02-16,交通运输,CI005024.WI,17.3195,1.382,1039.4192
2025-02-23,交通运输,CI005024.WI,17.138,1.3676,1035.5043
2025-03-02,交通运输,CI005024.WI,17.2064,1.3687,1119.1207
2025-03-09,交通运输,CI005024.WI,17.1999,1.3687,903.5532
2025-03-16,交通运输,CI005024.WI,17.3545,1.3809,958.1667
2025-03-23,交通运输,CI005024.WI,16.6102,1.369,1049.2692
2025-03-30,交通运输,CI005024.WI,16.0575,1.3688,949.887
2025-04-06,交通运输,CI005024.WI,16.1774,1.3753,728.8118
2025-04-13,交通运输,CI005024.WI,15.9726,1.359,1848.7164
2025-04-20,交通运输,CI005024.WI,16.0197,1.3585,1497.1999
2025-04-27,交通运输,CI005024.WI,16.0061,1.3523,1311.4884
2025-05-04,交通运输,CI005024.WI,16.3027,1.317,641.6159
2025-05-11,交通运输,CI005024.WI,16.8608,1.3645,922.2486
2025-05-18,交通运输,CI005024.WI,17.247,1.3974,1763.5528
2025-05-25,交通运输,CI005024.WI,17.2309,1.3969,1556.4819
2025-06-01,交通运输,CI005024.WI,17.484,1.419,1236.7506
2025-06-08,交通运输,CI005024.WI,17.3342,1.4083,992.5816
2025-06-15,交通运输,CI005024.WI,17.3333,1.4087,1418.7501
2025-06-22,交通运输,CI005024.WI,17.2665,1.4067,1177.0265
2025-06-29,交通运输,CI005024.WI,17.1647,1.4098,1415.7006
2025-07-06,交通运输,CI005024.WI,17.1382,1.406,1069.7574
2025-07-13,交通运输,CI005024.WI,17.2227,1.4155,1047.42
2025-07-20,交通运输,CI005024.WI,17.1531,1.4205,1036.7978
2025-07-27,交通运输,CI005024.WI,17.0375,1.4601,1697.3498
2025-08-03,交通运输,CI005024.WI,16.464,1.414,1323.3419
2025-08-10,交通运输,CI005024.WI,16.7054,1.4416,1042.2606
2025-08-17,交通运输,CI005024.WI,16.5972,1.4321,1189.7096
2025-08-24,交通运输,CI005024.WI,16.8139,1.4531,1390.6336
2025-08-31,交通运输,CI005024.WI,16.558,1.4153,1674.7079
2025-09-07,交通运输,CI005024.WI,16.3344,1.3924,1466.0294
2025-09-14,交通运输,CI005024.WI,16.5905,1.4142,1335.4427
2025-09-21,交通运输,CI005024.WI,16.6333,1.4193,1653.6384
2025-09-28,交通运输,CI005024.WI,16.3578,1.3963,1322.0923
2025-10-05,交通运输,CI005024.WI,16.3433,1.3956,436.7852
2025-10-12,交通运输,CI005024.WI,16.5339,1.4118,558.1876
2025-10-19,交通运输,CI005024.WI,16.7088,1.4275,1555.3363
2025-10-26,交通运输,CI005024.WI,16.8559,1.4431,1542.5652
2025-11-02,交通运输,CI005024.WI,18.0322,1.423,1661.1776
2025-11-09,交通运输,CI005024.WI,18.274,1.442,1595.2259
2025-11-16,交通运输,CI005024.WI,18.5562,1.4645,1475.42
2025-11-23,交通运输,CI005024.WI,17.7298,1.3998,1307.9169
2025-11-30,交通运输,CI005024.WI,17.5876,1.389,1033.5756
2025-12-07,交通运输,CI005024.WI,17.7783,1.4029,1132.4114
2025-12-14,交通运输,CI005024.WI,17.5281,1.3831,1247.6614
2025-12-21,交通运输,CI005024.WI,17.9357,1.4153,1167.0677
2025-12-28,交通运输,CI005024.WI,18.1312,1.4254,1514.8305
2026-01-04,交通运输,CI005024.WI,18.0631,1.4194,829.5688
2026-01-11,交通运输,CI005024.WI,18.0601,1.4192,1355.8141
2026-01-18,交通运输,CI005024.WI,17.9725,1.4029,1597.6124
2026-01-25,交通运输,CI005024.WI,18.1952,1.4232,1388.9393
2026-02-01,交通运输,CI005024.WI,18.0421,1.4111,1661.901
2026-02-08,交通运输,CI005024.WI,18.4098,1.4398,1490.1169
2026-02-15,交通运输,CI005024.WI,18.1345,1.4187,1112.5103
2026-03-01,交通运输,CI005024.WI,18.7395,1.4661,1269.5893
2026-03-08,交通运输,CI005024.WI,18.6492,1.4586,2691.3435
2026-03-15,交通运输,CI005024.WI,18.4186,1.4406,1807.4751
2026-03-22,交通运输,CI005024.WI,18.7736,1.405,1593.9313
2026-03-29,交通运输,CI005024.WI,18.7237,1.4002,1668.2427
2026-04-05,交通运输,CI005024.WI,18.3057,1.3889,1434.4918
2026-04-12,交通运输,CI005024.WI,18.363,1.3886,1154.5178
2026-04-19,交通运输,CI005024.WI,17.961,1.3747,1205.3701
2026-04-26,交通运输,CI005024.WI,17.6626,1.3548,1132.3383
2026-05-03,交通运输,CI005024.WI,18.6971,1.3403,989.3941
2026-05-10,交通运输,CI005024.WI,19.2126,1.3773,1039.3369
2026-05-17,交通运输,CI005024.WI,18.6258,1.3354,1577.6464
2026-05-24,交通运输,CI005024.WI,18.6107,1.3357,1345.0465
2026-05-31,交通运输,CI005024.WI,18.3639,1.3202,1422.3358
2026-06-07,交通运输,CI005024.WI,17.9148,1.2888,1331.2369
2026-06-14,交通运输,CI005024.WI,17.8425,1.2711,1223.9146
2026-06-21,交通运输,CI005024.WI,17.3617,1.2391,1129.8133
2026-06-28,交通运输,CI005024.WI,17.1239,1.228,1411.4299
2026-07-05,交通运输,CI005024.WI,17.2119,1.2361,1290.7873
2026-07-12,交通运输,CI005024.WI,17.0341,1.2262,1077.1119
2026-07-19,交通运输,CI005024.WI,17.1001,1.2358,1167.6667
2026-07-26,交通运输,CI005024.WI,17.3922,1.2615,1200.3559
2026-08-02,交通运输,CI005024.WI,18.0835,1.3144,1104.3054
2026-08-09,交通运输,CI005024.WI,17.8041,1.2943,1092.1154
2016-01-10,传媒,CI005028.WI,61.6358,5.7857,1325.57
2016-01-17,传媒,CI005028.WI,57.3672,5.3314,1317.8303
2016-01-24,传媒,CI005028.WI,57.7764,5.3632,1354.0032
2016-01-31,传媒,CI005028.WI,53.4469,4.9324,1106.6648
2016-02-07,传媒,CI005028.WI,55.9151,5.1533,981.1355
2016-02-21,传媒,CI005028.WI,58.8065,5.4198,1269.6908
2016-02-28,传媒,CI005028.WI,52.9733,5.0246,1255.4346
2016-03-06,传媒,CI005028.WI,50.177,4.7973,1056.7255
2016-03-13,传媒,CI005028.WI,50.4784,4.8178,854.8147
2016-03-20,传媒,CI005028.WI,56.0169,5.3416,1276.2743
2016-03-27,传媒,CI005028.WI,57.0977,5.4626,1799.6214
2016-04-03,传媒,CI005028.WI,56.4452,5.3894,1507.0109
2016-04-10,传媒,CI005028.WI,56.1603,5.3531,1258.6372
2016-04-17,传媒,CI005028.WI,59.5605,5.6172,1533.1032
2016-04-24,传媒,CI005028.WI,57.5091,5.1397,1202.2921
2016-05-01,传媒,CI005028.WI,54.9013,4.9368,687.9777
2016-05-08,传媒,CI005028.WI,55.1007,4.9562,913.8466
2016-05-15,传媒,CI005028.WI,51.784,4.6464,675.5407
2016-05-22,传媒,CI005028.WI,52.5872,4.6722,679.2599
2016-05-29,传媒,CI005028.WI,52.8936,4.6358,717.9023
2016-06-05,传媒,CI005028.WI,55.4553,4.8617,1116.2601
2016-06-12,传媒,CI005028.WI,54.8251,4.8092,729.2966
2016-06-19,传媒,CI005028.WI,51.9505,4.5427,982.4726
2016-06-26,传媒,CI005028.WI,51.6727,4.5284,873.3028
2016-07-03,传媒,CI005028.WI,54.5941,4.7713,1249.4756
2016-07-10,传媒,CI005028.WI,54.9878,4.8058,1088.5694
2016-07-17,传媒,CI005028.WI,56.4437,4.9283,1436.9459
2016-07-24,传媒,CI005028.WI,56.1215,4.9277,1201.9779
2016-07-31,传媒,CI005028.WI,55.0079,4.7184,1124.276
2016-08-07,传媒,CI005028.WI,54.3912,4.6632,641.5683
2016-08-14,传媒,CI005028.WI,54.9995,4.6741,689.3656
2016-08-21,传媒,CI005028.WI,55.4285,5.1439,1180.2362
2016-08-28,传媒,CI005028.WI,54.2689,4.9806,840.0235
2016-09-04,传媒,CI005028.WI,54.5405,4.9066,627.7599
2016-09-11,传媒,CI005028.WI,54.8009,4.8858,661.294
2016-09-18,传媒,CI005028.WI,53.476,4.7677,348.0662
2016-09-25,传媒,CI005028.WI,53.7123,4.7435,485.1759
2016-10-02,传媒,CI005028.WI,53.3463,4.6821,469.1754
2016-10-16,传媒,CI005028.WI,53.4211,4.7097,598.5764
2016-10-23,传媒,CI005028.WI,53.1339,4.724,690.3501
2016-10-30,传媒,CI005028.WI,50.8471,4.6068,711.0132
2016-11-06,传媒,CI005028.WI,51.6834,4.6568,808.3621
2016-11-13,传媒,CI005028.WI,51.9566,4.6814,872.0938
2016-11-20,传媒,CI005028.WI,51.9874,4.6842,979.6887
2016-11-27,传媒,CI005028.WI,52.4735,4.6202,1139.54
2016-12-04,传媒,CI005028.WI,51.4191,4.5274,1128.5666
2016-12-11,传媒,CI005028.WI,50.5483,4.4501,743.1955
2016-12-18,传媒,CI005028.WI,48.1574,4.2397,716.997
2016-12-25,传媒,CI005028.WI,48.1944,4.2209,562.8747
2017-01-01,传媒,CI005028.WI,47.4047,4.1518,508.7262
2017-01-08,传媒,CI005028.WI,48.1852,4.1831,436.9975
2017-01-15,传媒,CI005028.WI,47.1132,4.082,492.1189
2017-01-22,传媒,CI005028.WI,46.9313,4.0463,650.0684
2017-01-29,传媒,CI005028.WI,43.7397,4.3283,322.767
2017-02-05,传媒,CI005028.WI,43.4943,4.3041,72.0999
2017-02-12,传媒,CI005028.WI,44.211,4.4065,574.8498
2017-02-19,传媒,CI005028.WI,44.0571,4.3823,768.863
2017-02-26,传媒,CI005028.WI,46.0148,4.5581,852.4241
2017-03-05,传媒,CI005028.WI,46.2437,4.5126,960.8729
2017-03-12,传媒,CI005028.WI,46.2135,4.5149,808.7751
2017-03-19,传媒,CI005028.WI,46.3296,4.529,877.4505
2017-03-26,传媒,CI005028.WI,46.1577,4.5115,877.8367
2017-04-02,传媒,CI005028.WI,44.9778,4.4054,772.762
2017-04-09,传媒,CI005028.WI,44.8364,4.4116,421.9708
2017-04-16,传媒,CI005028.WI,42.7998,4.221,629.1571
2017-04-23,传媒,CI005028.WI,42.0343,4.1001,466.0686
2017-04-30,传媒,CI005028.WI,38.6786,3.971,506.9057
2017-05-07,传媒,CI005028.WI,37.8513,3.8891,385.1045
2017-05-14,传媒,CI005028.WI,36.9722,3.8001,578.0825
2017-05-21,传媒,CI005028.WI,37.6429,3.8718,600.6855
2017-05-28,传媒,CI005028.WI,36.6169,3.7705,487.8802
2017-06-04,传媒,CI005028.WI,36.3396,3.7448,357.0365
2017-06-11,传媒,CI005028.WI,38.0061,3.9197,630.6137
2017-06-18,传媒,CI005028.WI,38.0539,3.938,635.3406
2017-06-25,传媒,CI005028.WI,37.0903,3.8496,696.5321
2017-07-02,传媒,CI005028.WI,37.4887,3.8759,557.2062
2017-07-09,传媒,CI005028.WI,37.2153,3.8798,551.162
2017-07-16,传媒,CI005028.WI,35.8982,3.7461,461.0493
2017-07-23,传媒,CI005028.WI,34.8055,3.6219,499.6044
2017-07-30,传媒,CI005028.WI,35.9045,3.7443,716.4193
2017-08-06,传媒,CI005028.WI,35.3787,3.6898,738.3079
2017-08-13,传媒,CI005028.WI,35.5996,3.7054,739.8999
2017-08-20,传媒,CI005028.WI,36.4599,3.8016,889.1106
2017-08-27,传媒,CI005028.WI,35.986,3.7234,659.9853
2017-09-03,传媒,CI005028.WI,36.4865,3.7753,821.7746
2017-09-10,传媒,CI005028.WI,36.6333,3.7905,863.9082
2017-09-17,传媒,CI005028.WI,36.4761,3.7742,721.7477
2017-09-24,传媒,CI005028.WI,36.0802,3.7333,574.6793
2017-10-01,传媒,CI005028.WI,35.8624,3.7105,415.6438
2017-10-15,传媒,CI005028.WI,36.9552,3.8245,674.2132
2017-10-22,传媒,CI005028.WI,36.5381,3.7695,606.6903
2017-10-29,传媒,CI005028.WI,37.6512,3.7123,567.8396
2017-11-05,传媒,CI005028.WI,36.805,3.576,587.3583
2017-11-12,传媒,CI005028.WI,37.741,3.667,764.6898
2017-11-19,传媒,CI005028.WI,35.7849,3.4839,688.38
2017-11-26,传媒,CI005028.WI,35.4125,3.4479,584.4385
2017-12-03,传媒,CI005028.WI,35.5652,3.4628,482.7267
2017-12-10,传媒,CI005028.WI,35.1672,3.4336,581.4255
2017-12-17,传媒,CI005028.WI,35.3191,3.4356,584.6548
2017-12-24,传媒,CI005028.WI,34.7475,3.3755,496.7531
2017-12-31,传媒,CI005028.WI,34.6724,3.3682,561.0691
2018-01-14,传媒,CI005028.WI,34.7228,3.3685,677.8855
2018-01-21,传媒,CI005028.WI,34.0433,3.2983,674.5282
2018-01-28,传媒,CI005028.WI,35.9191,3.4745,1279.1502
2018-02-04,传媒,CI005028.WI,33.6551,3.2025,1002.9456
2018-02-11,传媒,CI005028.WI,31.4899,2.9779,983.777
2018-02-18,传媒,CI005028.WI,32.2071,3.0274,420.7615
2018-02-25,传媒,CI005028.WI,32.6026,3.0645,307.6191
2018-03-04,传媒,CI005028.WI,43.454,3.2093,1070.8219
2018-03-11,传媒,CI005028.WI,44.8478,3.2983,994.5333
2018-03-18,传媒,CI005028.WI,44.179,3.2489,1161.5442
2018-03-25,传媒,CI005028.WI,41.4827,3.0532,1086.5718
2018-04-01,传媒,CI005028.WI,43.363,3.1777,1022.5048
2018-04-08,传媒,CI005028.WI,42.1279,3.0786,603.9025
2018-04-15,传媒,CI005028.WI,42.4455,3.0491,842.4804
2018-04-22,传媒,CI005028.WI,40.1793,2.8834,925.6493
2018-04-29,传媒,CI005028.WI,44.0453,2.8637,773.9075
2018-05-06,传媒,CI005028.WI,43.129,2.8188,416.437
2018-05-13,传媒,CI005028.WI,43.6966,2.8575,769.7956
2018-05-20,传媒,CI005028.WI,43.8279,2.8669,701.1865
2018-05-27,传媒,CI005028.WI,43.332,2.8436,689.6669
2018-06-03,传媒,CI005028.WI,41.7477,2.7403,688.9249
2018-06-10,传媒,CI005028.WI,40.9783,2.7022,654.1243
2018-06-17,传媒,CI005028.WI,39.4899,2.6078,538.702
2018-06-24,传媒,CI005028.WI,37.077,2.4521,449.5495
2018-07-01,传媒,CI005028.WI,37.5897,2.4957,507.8382
2018-07-08,传媒,CI005028.WI,36.6544,2.4398,586.1312
2018-07-15,传媒,CI005028.WI,36.9022,2.4613,570.5736
2018-07-22,传媒,CI005028.WI,36.7087,2.4538,536.778
2018-07-29,传媒,CI005028.WI,36.9326,2.4719,666.957
2018-08-05,传媒,CI005028.WI,33.8093,2.2852,501.4802
2018-08-12,传媒,CI005028.WI,34.627,2.3306,451.218
2018-08-19,传媒,CI005028.WI,32.2105,2.1792,488.8349
2018-08-26,传媒,CI005028.WI,32.5354,2.1935,426.1302
2018-09-02,传媒,CI005028.WI,32.6947,2.1491,529.7533
2018-09-09,传媒,CI005028.WI,32.583,2.1416,521.5017
2018-09-16,传媒,CI005028.WI,31.6946,2.0829,509.1763
2018-09-23,传媒,CI005028.WI,32.3851,2.1284,510.4658
2018-09-30,传媒,CI005028.WI,32.3917,2.1296,419.8854
2018-10-14,传媒,CI005028.WI,28.8488,1.8978,453.4345
2018-10-21,传媒,CI005028.WI,28.7459,1.8815,400.5873
2018-10-28,传媒,CI005028.WI,29.1023,1.9037,548.0417
2018-11-04,传媒,CI005028.WI,31.6025,1.9654,620.394
2018-11-11,传媒,CI005028.WI,30.4865,1.896,714.7374
2018-11-18,传媒,CI005028.WI,33.5558,2.0869,1115.5238
2018-11-25,传媒,CI005028.WI,31.3715,1.9511,883.3037
2018-12-02,传媒,CI005028.WI,31.3596,1.9506,785.0789
2018-12-09,传媒,CI005028.WI,31.7369,1.9802,777.886
2018-12-16,传媒,CI005028.WI,31.5929,1.9429,619.2938
2018-12-23,传媒,CI005028.WI,31.2347,1.921,486.3521
2018-12-30,传媒,CI005028.WI,30.3047,1.8638,547.097
2019-01-06,传媒,CI005028.WI,30.7897,1.8924,348.6187
2019-01-13,传媒,CI005028.WI,31.3904,1.9293,673.7546
2019-01-20,传媒,CI005028.WI,31.4164,1.9309,645.7568
2019-01-27,传媒,CI005028.WI,31.2783,1.9205,517.8438
2019-02-03,传媒,CI005028.WI,29.6977,1.8513,571.7011
2019-02-17,传媒,CI005028.WI,31.1989,1.9449,757.9797
2019-02-24,传媒,CI005028.WI,35.562,2.0963,1137.0422
2019-03-03,传媒,CI005028.WI,496.6954,2.3749,2003.718
2019-03-10,传媒,CI005028.WI,518.6872,2.4589,2608.2061
2019-03-17,传媒,CI005028.WI,414.9789,2.5704,2571.2847
2019-03-24,传媒,CI005028.WI,434.4834,2.6947,2052.0259
2019-03-31,传媒,CI005028.WI,393.2658,2.5363,1696.3091
2019-04-07,传媒,CI005028.WI,414.3429,2.6551,1855.2329
2019-04-14,传媒,CI005028.WI,353.0841,2.5585,1673.1371
2019-04-21,传媒,CI005028.WI,,2.6162,1454.8029
2019-04-28,传媒,CI005028.WI,,2.5382,1473.4991
2019-05-05,传媒,CI005028.WI,,2.4802,491.1959
2019-05-12,传媒,CI005028.WI,,2.3658,1025.8366
2019-05-19,传媒,CI005028.WI,,2.2423,895.0295
2019-05-26,传媒,CI005028.WI,,2.1877,700.0875
2019-06-02,传媒,CI005028.WI,,2.1946,707.2051
2019-06-09,传媒,CI005028.WI,,2.0844,526.5325
2019-06-16,传媒,CI005028.WI,,2.1435,751.315
2019-06-23,传媒,CI005028.WI,,2.2824,949.4226
2019-06-30,传媒,CI005028.WI,,2.2018,830.4031
2019-07-07,传媒,CI005028.WI,,2.1609,695.9041
2019-07-14,传媒,CI005028.WI,,2.0725,492.5271
2019-07-21,传媒,CI005028.WI,,2.1031,652.0528
2019-07-28,传媒,CI005028.WI,,2.199,570.3836
2019-08-04,传媒,CI005028.WI,,2.1705,688.9484
2019-08-11,传媒,CI005028.WI,,2.0377,622.8223
2019-08-18,传媒,CI005028.WI,,2.0969,581.8185
2019-08-25,传媒,CI005028.WI,,2.2184,892.88
2019-09-01,传媒,CI005028.WI,,2.213,928.0047
2019-09-08,传媒,CI005028.WI,,2.3566,1300.6161
2019-09-15,传媒,CI005028.WI,,2.4327,1006.5152
2019-09-22,传媒,CI005028.WI,,2.3122,1028.895
2019-09-29,传媒,CI005028.WI,,2.2278,921.1589
2019-10-06,传媒,CI005028.WI,,2.1985,138.4939
2019-10-13,传媒,CI005028.WI,,2.2268,541.2472
2019-10-20,传媒,CI005028.WI,,2.214,931.3846
2019-10-27,传媒,CI005028.WI,,2.2146,842.5979
2019-11-03,传媒,CI005028.WI,,2.2843,1122.8978
2019-11-10,传媒,CI005028.WI,,2.2786,859.3938
2019-11-17,传媒,CI005028.WI,,2.2261,766.1294
2019-11-24,传媒,CI005028.WI,,2.3032,1224.1094
2019-12-01,传媒,CI005028.WI,36.1008,1.2923,738.3916
2019-12-08,传媒,CI005028.WI,,2.1633,706.4341
2019-12-15,传媒,CI005028.WI,,2.1977,1067.2713
2019-12-22,传媒,CI005028.WI,,2.339,1546.1652
2019-12-29,传媒,CI005028.WI,,2.3387,1211.7046
2020-01-05,传媒,CI005028.WI,,2.508,457.5929
2020-01-12,传媒,CI005028.WI,,2.5766,2045.0983
2020-01-19,传媒,CI005028.WI,,2.5671,1586.4395
2020-01-26,传媒,CI005028.WI,,2.4466,1198.0067
2020-02-09,传媒,CI005028.WI,,2.5578,1808.789
2020-02-16,传媒,CI005028.WI,,2.5127,1772.0024
2020-02-23,传媒,CI005028.WI,,2.6518,1950.6676
2020-03-01,传媒,CI005028.WI,,2.5441,2190.7665
2020-03-08,传媒,CI005028.WI,,2.6661,1760.7608
2020-03-15,传媒,CI005028.WI,,2.4718,1393.1419
2020-03-22,传媒,CI005028.WI,,2.4496,1215.7152
2020-03-29,传媒,CI005028.WI,,2.3937,1023.2202
2020-04-05,传媒,CI005028.WI,,2.2861,789.9613
2020-04-12,传媒,CI005028.WI,,2.3313,872.24
2020-04-19,传媒,CI005028.WI,46926.918,2.3928,973.8473
2020-04-26,传媒,CI005028.WI,,2.351,1100.6007
2020-05-03,传媒,CI005028.WI,,2.4146,800.6465
2020-05-10,传媒,CI005028.WI,,2.4858,695.7763
2020-05-17,传媒,CI005028.WI,,2.4936,1193.9904
2020-05-24,传媒,CI005028.WI,,2.3959,1100.1542
2020-05-31,传媒,CI005028.WI,,2.4899,1099.0903
2020-06-07,传媒,CI005028.WI,,2.7374,1880.7749
2020-06-14,传媒,CI005028.WI,,2.8279,1945.3085
2020-06-21,传媒,CI005028.WI,,2.9017,2518.0302
2020-06-28,传媒,CI005028.WI,,2.9631,1282.9077
2020-07-05,传媒,CI005028.WI,,3.0035,2189.0676
2020-07-12,传媒,CI005028.WI,,3.3329,3275.2348
2020-07-19,传媒,CI005028.WI,,3.0975,2731.7699
2020-07-26,传媒,CI005028.WI,,2.9042,1864.3676
2020-08-02,传媒,CI005028.WI,,3.0322,1499.5684
2020-08-09,传媒,CI005028.WI,,2.9826,2049.4511
2020-08-16,传媒,CI005028.WI,,2.9991,1402.8206
2020-08-23,传媒,CI005028.WI,,3.0621,1579.1252
2020-08-30,传媒,CI005028.WI,,3.0826,1787.055
2020-09-06,传媒,CI005028.WI,,3.0804,1726.698
2020-09-13,传媒,CI005028.WI,,2.8931,1937.8875
2020-09-20,传媒,CI005028.WI,,2.9424,1423.3971
2020-09-27,传媒,CI005028.WI,,2.8405,1135.807
2020-10-04,传媒,CI005028.WI,,2.8216,490.5887
2020-10-11,传媒,CI005028.WI,,2.8736,210.8833
2020-10-18,传媒,CI005028.WI,,2.8608,1302.81
2020-10-25,传媒,CI005028.WI,,2.7793,1157.5781
2020-11-01,传媒,CI005028.WI,,2.658,1080.7017
2020-11-08,传媒,CI005028.WI,,2.7101,1091.1661
2020-11-15,传媒,CI005028.WI,,2.6366,1109.6348
2020-11-22,传媒,CI005028.WI,,2.6445,956.8937
2020-11-29,传媒,CI005028.WI,,2.5672,883.7445
2020-12-06,传媒,CI005028.WI,,2.6585,1038.9994
2020-12-13,传媒,CI005028.WI,,2.5041,808.0156
2020-12-20,传媒,CI005028.WI,,2.4896,759.9034
2020-12-27,传媒,CI005028.WI,,2.3733,811.4056
2021-01-03,传媒,CI005028.WI,,2.4447,736.6851
2021-01-10,传媒,CI005028.WI,,2.427,1158.5452
2021-01-17,传媒,CI005028.WI,,2.4201,1152.4985
2021-01-24,传媒,CI005028.WI,,2.4706,1071.2227
2021-01-31,传媒,CI005028.WI,,2.4447,1367.8968
2021-02-07,传媒,CI005028.WI,,2.3168,1154.9812
2021-02-14,传媒,CI005028.WI,,2.3826,526.2293
2021-02-21,传媒,CI005028.WI,,2.476,540.6638
2021-02-28,传媒,CI005028.WI,,2.3679,1114.6977
2021-03-07,传媒,CI005028.WI,,2.4288,971.6695
2021-03-14,传媒,CI005028.WI,,2.3163,1031.752
2021-03-21,传媒,CI005028.WI,,2.2791,841.9165
2021-03-28,传媒,CI005028.WI,,2.3154,855.6728
2021-04-04,传媒,CI005028.WI,,2.2938,728.9778
2021-04-11,传媒,CI005028.WI,,2.3125,615.7262
2021-04-18,传媒,CI005028.WI,1061.8812,2.3515,891.0608
2021-04-25,传媒,CI005028.WI,241.6842,2.363,886.4768
2021-05-02,传媒,CI005028.WI,184.9355,2.3975,809.8261
2021-05-09,传媒,CI005028.WI,176.6273,2.3594,294.7652
2021-05-16,传媒,CI005028.WI,180.1126,2.4062,864.0233
2021-05-23,传媒,CI005028.WI,181.9798,2.4321,915.0577
2021-05-30,传媒,CI005028.WI,184.695,2.4702,1033.6747
2021-06-06,传媒,CI005028.WI,182.3236,2.4407,1001.2334
2021-06-13,传媒,CI005028.WI,183.4525,2.4676,1097.8203
2021-06-20,传媒,CI005028.WI,179.4769,2.4147,807.9734
2021-06-27,传媒,CI005028.WI,177.7711,2.4068,942.5393
2021-07-04,传媒,CI005028.WI,173.1933,2.352,802.6328
2021-07-11,传媒,CI005028.WI,169.1412,2.3128,945.6798
2021-07-18,传媒,CI005028.WI,169.8969,2.3345,1064.02
2021-07-25,传媒,CI005028.WI,162.5147,2.2688,788.4843
2021-08-01,传媒,CI005028.WI,152.6077,2.1255,886.2871
2021-08-08,传媒,CI005028.WI,147.3434,2.0714,841.9721
2021-08-15,传媒,CI005028.WI,146.5457,2.1351,779.3443
2021-08-22,传媒,CI005028.WI,144.6454,2.0941,818.2307
2021-08-29,传媒,CI005028.WI,128.9288,2.0928,926.0845
2021-09-05,传媒,CI005028.WI,93.9593,2.1404,1209.7631
2021-09-12,传媒,CI005028.WI,98.2103,2.2372,1613.6519
2021-09-19,传媒,CI005028.WI,96.0548,2.1881,1425.8179
2021-09-26,传媒,CI005028.WI,96.2131,2.1917,608.1727
2021-10-03,传媒,CI005028.WI,92.7612,2.1171,731.6685
2021-10-10,传媒,CI005028.WI,94.9191,2.1756,193.4355
2021-10-17,传媒,CI005028.WI,94.7627,2.1312,881.7476
2021-10-24,传媒,CI005028.WI,92.4608,2.1257,947.8544
2021-10-31,传媒,CI005028.WI,108.2488,2.1,1069.1183
2021-11-07,传媒,CI005028.WI,103.8722,2.2343,1667.0629
2021-11-14,传媒,CI005028.WI,106.5842,2.2941,2036.9202
2021-11-21,传媒,CI005028.WI,108.184,2.3286,2126.4481
2021-11-28,传媒,CI005028.WI,105.8809,2.279,1806.642
2021-12-05,传媒,CI005028.WI,102.9598,2.2503,1300.1471
2021-12-12,传媒,CI005028.WI,107.6703,2.3535,1581.2594
2021-12-19,传媒,CI005028.WI,114.7095,2.5055,2867.9569
2021-12-26,传媒,CI005028.WI,115.2589,2.5175,2588.7946
2022-01-02,传媒,CI005028.WI,118.9699,2.5581,2218.4112
2022-01-09,传媒,CI005028.WI,119.8379,2.5761,2706.2795
2022-01-16,传媒,CI005028.WI,116.1208,2.4962,2414.9534
2022-01-23,传媒,CI005028.WI,112.289,2.4233,2924.7373
2022-01-30,传媒,CI005028.WI,99.7607,2.1936,1752.7668
2022-02-13,传媒,CI005028.WI,103.5999,2.2926,1712.7514
2022-02-20,传媒,CI005028.WI,103.2703,2.2916,1718.6029
2022-02-27,传媒,CI005028.WI,98.7854,2.1905,1749.4723
2022-03-06,传媒,CI005028.WI,107.6359,2.1839,1204.5203
2022-03-13,传媒,CI005028.WI,103.4052,2.0937,1348.0423
2022-03-20,传媒,CI005028.WI,84.8214,2.0763,1378.0451
2022-03-27,传媒,CI005028.WI,83.2484,2.063,1261.7312
2022-04-03,传媒,CI005028.WI,81.0456,2.1584,1501.5813
2022-04-10,传媒,CI005028.WI,81.7639,2.071,1082.7645
2022-04-17,传媒,CI005028.WI,85.3382,1.9502,1302.2099
2022-04-24,传媒,CI005028.WI,72.3414,1.8459,1016.2168
2022-05-01,传媒,CI005028.WI,35.3543,1.7911,1036.6352
2022-05-08,传媒,CI005028.WI,34.6509,1.7553,385.9359
2022-05-15,传媒,CI005028.WI,35.6908,1.808,974.0855
2022-05-22,传媒,CI005028.WI,36.4702,1.8249,956.1126
2022-05-29,传媒,CI005028.WI,36.5463,1.8607,1197.3452
2022-06-05,传媒,CI005028.WI,37.2167,1.9005,946.331
2022-06-12,传媒,CI005028.WI,37.4778,1.9159,1043.3559
2022-06-19,传媒,CI005028.WI,37.8179,1.9374,1281.1162
2022-06-26,传媒,CI005028.WI,37.5273,1.9348,1172.5313
2022-07-03,传媒,CI005028.WI,36.8749,1.9529,1181.9927
2022-07-10,传媒,CI005028.WI,35.8275,1.9078,833.7854
2022-07-17,传媒,CI005028.WI,34.2526,1.8303,746.1845
2022-07-24,传媒,CI005028.WI,35.9225,1.925,946.4517
2022-07-31,传媒,CI005028.WI,35.6202,1.911,822.0908
2022-08-07,传媒,CI005028.WI,35.2009,1.8909,827.1344
2022-08-14,传媒,CI005028.WI,35.5279,1.9365,775.369
2022-08-21,传媒,CI005028.WI,36.5248,1.9203,919.1621
2022-08-28,传媒,CI005028.WI,37.267,1.9086,1102.6562
2022-09-04,传媒,CI005028.WI,44.1551,1.9189,1102.039
2022-09-11,传媒,CI005028.WI,42.5052,1.8481,852.0713
2022-09-18,传媒,CI005028.WI,40.8831,1.7775,618.0124
2022-09-25,传媒,CI005028.WI,39.1759,1.7033,600.1127
2022-10-02,传媒,CI005028.WI,38.1124,1.6591,555.9467
2022-10-16,传媒,CI005028.WI,39.1566,1.7017,539.4696
2022-10-23,传媒,CI005028.WI,39.0829,1.6757,570.1977
2022-10-30,传媒,CI005028.WI,40.4452,1.5911,692.6833
2022-11-06,传媒,CI005028.WI,45.4972,1.7011,893.5987
2022-11-13,传媒,CI005028.WI,47.4558,1.7743,1248.7442
2022-11-20,传媒,CI005028.WI,49.926,1.8667,1617.1305
2022-11-27,传媒,CI005028.WI,47.737,1.7848,1159.3391
2022-12-04,传媒,CI005028.WI,49.7824,1.8847,1256.2709
2022-12-11,传媒,CI005028.WI,49.9751,1.892,1321.5198
2022-12-18,传媒,CI005028.WI,49.2789,1.8653,1080.0561
2022-12-25,传媒,CI005028.WI,49.0423,1.8564,1001.4283
2023-01-01,传媒,CI005028.WI,50.037,1.8969,1287.7696
2023-01-08,传媒,CI005028.WI,53.229,1.9214,1374.968
2023-01-15,传媒,CI005028.WI,53.7854,1.9462,1182.6605
2023-01-22,传媒,CI005028.WI,54.8903,1.97,1107.4364
2023-02-05,传媒,CI005028.WI,56.783,2.0379,1630.031
2023-02-12,传媒,CI005028.WI,58.1023,2.081,1986.6822
2023-02-19,传媒,CI005028.WI,57.7753,2.0693,2291.6784
2023-02-26,传媒,CI005028.WI,57.2957,2.0542,1800.2987
2023-03-05,传媒,CI005028.WI,57.2452,2.1457,1791.1462
2023-03-12,传媒,CI005028.WI,56.1514,2.0917,1634.8353
2023-03-19,传媒,CI005028.WI,58.9464,2.2039,2045.4904
2023-03-26,传媒,CI005028.WI,65.8467,2.419,3544.4866
2023-04-02,传媒,CI005028.WI,66.8749,2.4685,3471.1251
2023-04-09,传媒,CI005028.WI,68.1232,2.5444,3167.8338
2023-04-16,传媒,CI005028.WI,70.5514,2.643,4893.1991
2023-04-23,传媒,CI005028.WI,75.6561,2.5788,4060.177
2023-04-30,传媒,CI005028.WI,220.7565,2.8792,5485.0049
2023-05-07,传媒,CI005028.WI,230.4606,3.0069,2662.9803
2023-05-14,传媒,CI005028.WI,217.5441,2.8422,5609.8
2023-05-21,传媒,CI005028.WI,203.8206,2.6629,4031.5221
2023-05-28,传媒,CI005028.WI,197.6699,2.5826,2848.3747
2023-06-04,传媒,CI005028.WI,215.6139,2.8257,4382.7326
2023-06-11,传媒,CI005028.WI,223.3739,2.934,4525.618
2023-06-18,传媒,CI005028.WI,231.7112,3.0533,4789.6159
2023-06-25,传媒,CI005028.WI,217.4905,2.8676,2981.5879
2023-07-02,传媒,CI005028.WI,190.6005,2.7189,3108.383
2023-07-09,传媒,CI005028.WI,178.9749,2.6157,2402.0919
2023-07-16,传媒,CI005028.WI,167.4585,2.7064,2414.4467
2023-07-23,传媒,CI005028.WI,159.7772,2.5873,2213.9625
2023-07-30,传媒,CI005028.WI,154.7663,2.51,2017.5978
2023-08-06,传媒,CI005028.WI,160.4487,2.5921,1808.1693
2023-08-13,传媒,CI005028.WI,142.7279,2.5136,2138.401
2023-08-20,传媒,CI005028.WI,134.0661,2.4091,1735.2802
2023-08-27,传媒,CI005028.WI,128.9203,2.4021,2100.8015
2023-09-03,传媒,CI005028.WI,138.1277,2.4848,2563.8966
2023-09-10,传媒,CI005028.WI,129.2961,2.325,1804.0581
2023-09-17,传媒,CI005028.WI,127.1109,2.2857,1349.382
2023-09-24,传媒,CI005028.WI,128.7321,2.3148,1252.2171
2023-10-01,传媒,CI005028.WI,129.2461,2.3317,1271.7359
2023-10-15,传媒,CI005028.WI,121.4431,2.2541,1374.9783
2023-10-22,传媒,CI005028.WI,112.938,2.1211,1098.5564
2023-10-29,传媒,CI005028.WI,115.9923,2.137,1288.2125
2023-11-05,传媒,CI005028.WI,92.1271,2.2171,2174.3892
2023-11-12,传媒,CI005028.WI,96.5744,2.3241,3271.0722
2023-11-19,传媒,CI005028.WI,98.5956,2.3726,2547.6115
2023-11-26,传媒,CI005028.WI,98.4608,2.3693,3307.9522
2023-12-03,传媒,CI005028.WI,99.14,2.4165,2210.6969
2023-12-10,传媒,CI005028.WI,101.126,2.4648,3663.2165
2023-12-17,传媒,CI005028.WI,104.0695,2.5367,3729.0542
2023-12-24,传媒,CI005028.WI,92.7094,2.2598,3348.9822
2023-12-31,传媒,CI005028.WI,92.5067,2.2535,2424.106
2024-01-14,传媒,CI005028.WI,87.103,2.1225,1500.4043
2024-01-21,传媒,CI005028.WI,85.5196,2.082,1467.3296
2024-01-28,传媒,CI005028.WI,87.2772,2.1245,2023.2671
2024-02-04,传媒,CI005028.WI,75.6663,1.8718,1832.5337
2024-02-11,传媒,CI005028.WI,76.6796,1.8969,1623.2408
2024-02-25,传媒,CI005028.WI,85.8501,2.1488,2768.3403
2024-03-03,传媒,CI005028.WI,80.3855,2.2191,3220.1979
2024-03-10,传媒,CI005028.WI,74.708,2.1811,2641.8348
2024-03-17,传媒,CI005028.WI,75.8981,2.2361,2621.9068
2024-03-24,传媒,CI005028.WI,81.6631,2.4429,3868.6769
2024-03-31,传媒,CI005028.WI,75.4016,2.2222,3058.9885
2024-04-07,传媒,CI005028.WI,73.7899,2.177,1325.6951
2024-04-14,传媒,CI005028.WI,72.1109,2.0996,1552.3534
2024-04-21,传媒,CI005028.WI,63.5246,2.0102,1594.5322
2024-04-28,传媒,CI005028.WI,73.7415,2.0643,1482.494
2024-05-05,传媒,CI005028.WI,39.0714,2.0703,813.5905
2024-05-12,传媒,CI005028.WI,38.4121,2.0353,1552.6351
2024-05-19,传媒,CI005028.WI,38.3235,2.0309,1461.9478
2024-05-26,传媒,CI005028.WI,36.9384,1.9622,1243.7548
2024-06-02,传媒,CI005028.WI,36.4832,1.9402,893.5884
2024-06-09,传媒,CI005028.WI,34.781,1.8655,1052.4908
2024-06-16,传媒,CI005028.WI,35.5189,1.9223,777.8559
2024-06-23,传媒,CI005028.WI,33.6525,1.8255,798.7384
2024-06-30,传媒,CI005028.WI,33.2502,1.8094,1094.7953
2024-07-07,传媒,CI005028.WI,33.1079,1.8048,847.4025
2024-07-14,传媒,CI005028.WI,32.0176,1.7531,874.9739
2024-07-21,传媒,CI005028.WI,31.8993,1.7494,851.5191
2024-07-28,传媒,CI005028.WI,31.5493,1.7241,763.2793
2024-08-04,传媒,CI005028.WI,32.2543,1.7631,915.4195
2024-08-11,传媒,CI005028.WI,32.068,1.7411,1045.2689
2024-08-18,传媒,CI005028.WI,32.8235,1.7794,940.4877
2024-08-25,传媒,CI005028.WI,32.2498,1.6963,1195.7648
2024-09-01,传媒,CI005028.WI,36.7093,1.7471,970.2181
2024-09-08,传媒,CI005028.WI,36.4337,1.7418,917.4372
2024-09-15,传媒,CI005028.WI,35.6832,1.7072,784.4013
2024-09-22,传媒,CI005028.WI,36.0136,1.7225,487.3923
2024-09-29,传媒,CI005028.WI,41.3431,1.9832,1737.393
2024-10-06,传媒,CI005028.WI,45.6987,2.1927,813.1319
2024-10-13,传媒,CI005028.WI,41.8277,2.0072,2801.569
2024-10-20,传媒,CI005028.WI,44.2113,2.1242,2482.7632
2024-10-27,传媒,CI005028.WI,46.8974,2.2387,3429.2662
2024-11-03,传媒,CI005028.WI,50.9925,2.1553,3501.3377
2024-11-10,传媒,CI005028.WI,54.6432,2.3124,3200.5418
2024-11-17,传媒,CI005028.WI,55.4813,2.3478,4219.5048
2024-11-24,传媒,CI005028.WI,54.388,2.3017,4019.4164
2024-12-01,传媒,CI005028.WI,57.1744,2.4215,4757.0979
2024-12-08,传媒,CI005028.WI,60.5989,2.5664,5062.2512
2024-12-15,传媒,CI005028.WI,62.4435,2.6446,6309.401
2024-12-22,传媒,CI005028.WI,60.1746,2.549,5213.7969
2024-12-29,传媒,CI005028.WI,56.0124,2.3727,2882.5628
2025-01-05,传媒,CI005028.WI,51.1943,2.1801,1868.3646
2025-01-12,传媒,CI005028.WI,50.0588,2.1317,2158.0866
2025-01-19,传媒,CI005028.WI,52.9011,2.2533,2880.2454
2025-01-26,传媒,CI005028.WI,54.1204,2.3058,2624.3642
2025-02-02,传媒,CI005028.WI,54.2091,2.3099,532.6801
2025-02-09,传媒,CI005028.WI,57.9328,2.4686,2721.9862
2025-02-16,传媒,CI005028.WI,63.8098,2.719,5988.8001
2025-02-23,传媒,CI005028.WI,62.337,2.6586,5468.2495
2025-03-02,传媒,CI005028.WI,57.3453,2.445,4099.2808
2025-03-09,传媒,CI005028.WI,59.9619,2.5525,3465.0376
2025-03-16,传媒,CI005028.WI,60.1432,2.5933,3090.3488
2025-03-23,传媒,CI005028.WI,57.5219,2.4816,2514.7722
2025-03-30,传媒,CI005028.WI,69.1586,2.4452,1915.7222
2025-04-06,传媒,CI005028.WI,68.1987,2.421,1283.3235
2025-04-13,传媒,CI005028.WI,62.9677,2.2573,2117.601
2025-04-20,传媒,CI005028.WI,61.4093,2.2926,1526.0546
2025-04-27,传媒,CI005028.WI,73.8889,2.271,1671.4032
2025-05-04,传媒,CI005028.WI,77.5938,2.3256,1187.4116
2025-05-11,传媒,CI005028.WI,78.4648,2.3516,1748.7689
2025-05-18,传媒,CI005028.WI,78.0123,2.3381,1545.0372
2025-05-25,传媒,CI005028.WI,77.5931,2.3309,1758.1869
2025-06-01,传媒,CI005028.WI,78.859,2.3728,1746.0152
2025-06-08,传媒,CI005028.WI,80.5626,2.429,1698.8188
2025-06-15,传媒,CI005028.WI,81.4071,2.4625,2895.0827
2025-06-22,传媒,CI005028.WI,79.7842,2.4171,2473.2216
2025-06-29,传媒,CI005028.WI,82.2123,2.4922,2187.1001
2025-07-06,传媒,CI005028.WI,83.7207,2.544,2145.9245
2025-07-13,传媒,CI005028.WI,86.4068,2.632,2468.1753
2025-07-20,传媒,CI005028.WI,85.1256,2.5995,2615.24
2025-07-27,传媒,CI005028.WI,86.8661,2.6517,2272.8677
2025-08-03,传媒,CI005028.WI,87.6927,2.6808,3058.2833
2025-08-10,传媒,CI005028.WI,88.3117,2.7205,2931.8771
2025-08-17,传媒,CI005028.WI,89.1336,2.7441,2975.3772
2025-08-24,传媒,CI005028.WI,94.6541,2.9018,4045.2792
2025-08-31,传媒,CI005028.WI,83.7141,2.8801,4668.4164
2025-09-07,传媒,CI005028.WI,83.1219,2.8448,3847.8597
2025-09-14,传媒,CI005028.WI,86.7227,2.969,4046.4622
2025-09-21,传媒,CI005028.WI,87.0113,2.9803,4016.6395
2025-09-28,传媒,CI005028.WI,86.7736,2.9756,3422.6824
2025-10-05,传媒,CI005028.WI,87.0763,2.9853,1134.8169
2025-10-12,传媒,CI005028.WI,84.0031,2.8799,1306.2801
2025-10-19,传媒,CI005028.WI,74.5146,2.7254,2188.6631
2025-10-26,传媒,CI005028.WI,77.918,2.832,2111.9235
2025-11-02,传媒,CI005028.WI,68.2221,2.7896,2761.9407
2025-11-09,传媒,CI005028.WI,68.4127,2.8011,3272.4002
2025-11-16,传媒,CI005028.WI,67.543,2.7654,2541.5129
2025-11-23,传媒,CI005028.WI,66.2959,2.7144,3320.9974
2025-11-30,传媒,CI005028.WI,68.7973,2.8228,4483.4011
2025-12-07,传媒,CI005028.WI,66.5341,2.73,2845.1406
2025-12-14,传媒,CI005028.WI,66.55,2.7306,2514.6437
2025-12-21,传媒,CI005028.WI,66.2862,2.7239,2152.9319
2025-12-28,传媒,CI005028.WI,66.0972,2.7162,1929.8375
2026-01-04,传媒,CI005028.WI,67.2915,2.7665,1728.509
2026-01-11,传媒,CI005028.WI,75.6776,3.0981,5430.9911
2026-01-18,传媒,CI005028.WI,77.972,3.1931,9525.7676
2026-01-25,传媒,CI005028.WI,78.6659,3.2215,5074.952
2026-02-01,传媒,CI005028.WI,78.9081,3.2314,6744.1355
2026-02-08,传媒,CI005028.WI,76.6903,3.1459,6292.0493
2026-02-15,传媒,CI005028.WI,79.528,3.2623,7853.9628
2026-03-01,传媒,CI005028.WI,76.9256,3.1049,3920.2879
2026-03-08,传媒,CI005028.WI,71.4366,2.8929,3361.1783
2026-03-15,传媒,CI005028.WI,69.5576,2.8094,2892.3806
2026-03-22,传媒,CI005028.WI,67.2562,2.7075,2297.0857
2026-03-29,传媒,CI005028.WI,66.0871,2.6722,2147.3956
2026-04-05,传媒,CI005028.WI,64.762,2.5996,2204.0422
2026-04-12,传媒,CI005028.WI,70.6593,2.754,2395.194
2026-04-19,传媒,CI005028.WI,67.9367,2.7718,3110.298
2026-04-26,传媒,CI005028.WI,72.6597,2.7052,3462.2205
2026-05-03,传媒,CI005028.WI,66.4546,2.6784,2423.6036
2026-05-10,传媒,CI005028.WI,69.304,2.7932,2512.9904
2026-05-17,传媒,CI005028.WI,66.3962,2.676,3542.7086
2026-05-24,传媒,CI005028.WI,63.6611,2.5703,3244.2141
2026-05-31,传媒,CI005028.WI,61.4914,2.4877,2798.9937
2026-06-07,传媒,CI005028.WI,59.8756,2.4268,2805.7895
2026-06-14,传媒,CI005028.WI,56.7993,2.3065,2470.0369
2026-06-21,传媒,CI005028.WI,56.1887,2.2852,1749.7098
2026-06-28,传媒,CI005028.WI,53.9665,2.1993,2487.725
2026-07-05,传媒,CI005028.WI,55.1154,2.2499,2590.1017
2026-07-12,传媒,CI005028.WI,56.066,2.3047,2756.5683
2026-07-19,传媒,CI005028.WI,53.4167,2.1976,2753.97
2026-07-26,传媒,CI005028.WI,50.9411,2.0996,2279.8929
2026-08-02,传媒,CI005028.WI,56.9264,2.3485,2480.0801
2026-08-09,传媒,CI005028.WI,58.1537,2.3995,3841.7854
2016-01-10,农林牧渔,CI005020.WI,96.1256,4.3268,607.4498
2016-01-17,农林牧渔,CI005020.WI,85.9868,3.8704,579.3064
2016-01-24,农林牧渔,CI005020.WI,87.5572,3.8627,549.7021
2016-01-31,农林牧渔,CI005020.WI,79.0611,3.5798,545.8661
2016-02-07,农林牧渔,CI005020.WI,81.6346,3.6645,435.7635
2016-02-21,农林牧渔,CI005020.WI,86.6933,3.8848,569.9988
2016-02-28,农林牧渔,CI005020.WI,82.4261,3.7348,704.2696
2016-03-06,农林牧渔,CI005020.WI,84.2017,3.7371,672.3468
2016-03-13,农林牧渔,CI005020.WI,81.6465,3.6537,505.2058
2016-03-20,农林牧渔,CI005020.WI,86.2683,3.8648,579.8876
2016-03-27,农林牧渔,CI005020.WI,88.5259,4.0708,897.6231
2016-04-03,农林牧渔,CI005020.WI,85.5418,4.0661,686.8205
2016-04-10,农林牧渔,CI005020.WI,84.6612,4.0458,604.1259
2016-04-17,农林牧渔,CI005020.WI,87.8714,4.12,768.9412
2016-04-24,农林牧渔,CI005020.WI,79.3366,3.8975,801.0218
2016-05-01,农林牧渔,CI005020.WI,77.622,3.8538,523.5663
2016-05-08,农林牧渔,CI005020.WI,50.8449,4.1861,544.1228
2016-05-15,农林牧渔,CI005020.WI,50.0237,4.1329,639.3452
2016-05-22,农林牧渔,CI005020.WI,49.5593,4.0955,553.3559
2016-05-29,农林牧渔,CI005020.WI,49.261,4.083,454.8262
2016-06-05,农林牧渔,CI005020.WI,51.466,4.3139,645.2357
2016-06-12,农林牧渔,CI005020.WI,50.8366,4.2486,362.6216
2016-06-19,农林牧渔,CI005020.WI,51.0855,4.2675,643.1645
2016-06-26,农林牧渔,CI005020.WI,49.8778,4.176,601.693
2016-07-03,农林牧渔,CI005020.WI,51.739,4.3226,648.6762
2016-07-10,农林牧渔,CI005020.WI,53.8164,4.504,852.5777
2016-07-17,农林牧渔,CI005020.WI,54.7116,4.5858,692.7859
2016-07-24,农林牧渔,CI005020.WI,52.2796,4.5058,730.8628
2016-07-31,农林牧渔,CI005020.WI,50.0303,4.3572,658.4964
2016-08-07,农林牧渔,CI005020.WI,49.2553,4.3632,467.1112
2016-08-14,农林牧渔,CI005020.WI,48.2655,4.3646,512.8663
2016-08-21,农林牧渔,CI005020.WI,47.7248,4.4834,676.278
2016-08-28,农林牧渔,CI005020.WI,41.5014,4.3294,557.137
2016-09-04,农林牧渔,CI005020.WI,40.456,4.2717,469.4232
2016-09-11,农林牧渔,CI005020.WI,40.5416,4.2807,504.511
2016-09-18,农林牧渔,CI005020.WI,39.417,4.1619,277.4259
2016-09-25,农林牧渔,CI005020.WI,39.8102,4.1676,439.036
2016-10-02,农林牧渔,CI005020.WI,39.4122,4.1259,401.467
2016-10-16,农林牧渔,CI005020.WI,39.7402,4.1426,494.6542
2016-10-23,农林牧渔,CI005020.WI,38.6577,4.14,558.6934
2016-10-30,农林牧渔,CI005020.WI,35.9514,4.0884,636.2772
2016-11-06,农林牧渔,CI005020.WI,35.1571,4.1137,739.6992
2016-11-13,农林牧渔,CI005020.WI,35.8388,4.2303,821.8184
2016-11-20,农林牧渔,CI005020.WI,35.763,4.2213,763.5328
2016-11-27,农林牧渔,CI005020.WI,35.7446,4.218,780.3817
2016-12-04,农林牧渔,CI005020.WI,35.1448,4.1473,723.7766
2016-12-11,农林牧渔,CI005020.WI,35.2886,4.1642,526.7514
2016-12-18,农林牧渔,CI005020.WI,35.1837,4.1519,865.391
2016-12-25,农林牧渔,CI005020.WI,34.8236,4.1086,780.0305
2017-01-01,农林牧渔,CI005020.WI,34.7592,4.0524,585.4024
2017-01-08,农林牧渔,CI005020.WI,35.2663,4.1115,597.9248
2017-01-15,农林牧渔,CI005020.WI,33.771,3.9113,573.7886
2017-01-22,农林牧渔,CI005020.WI,33.4191,3.8706,436.776
2017-01-29,农林牧渔,CI005020.WI,33.7924,3.9142,327.836
2017-02-05,农林牧渔,CI005020.WI,33.6473,3.8974,57.1608
2017-02-12,农林牧渔,CI005020.WI,34.3171,3.968,616.4086
2017-02-19,农林牧渔,CI005020.WI,33.6314,3.9165,602.4158
2017-02-26,农林牧渔,CI005020.WI,34.9793,3.9608,679.4598
2017-03-05,农林牧渔,CI005020.WI,33.2044,3.8742,524.9695
2017-03-12,农林牧渔,CI005020.WI,32.7042,3.7976,521.4497
2017-03-19,农林牧渔,CI005020.WI,32.7822,3.7797,411.7988
2017-03-26,农林牧渔,CI005020.WI,33.004,3.8104,483.235
2017-04-02,农林牧渔,CI005020.WI,32.1841,3.6962,516.4668
2017-04-09,农林牧渔,CI005020.WI,32.6145,3.7467,295.8129
2017-04-16,农林牧渔,CI005020.WI,29.714,3.6535,535.1811
2017-04-23,农林牧渔,CI005020.WI,29.6099,3.46,375.169
2017-04-30,农林牧渔,CI005020.WI,28.6087,3.3525,339.7691
2017-05-07,农林牧渔,CI005020.WI,27.8091,3.2602,262.0365
2017-05-14,农林牧渔,CI005020.WI,26.4371,3.1022,312.2425
2017-05-21,农林牧渔,CI005020.WI,26.6749,3.1389,270.582
2017-05-28,农林牧渔,CI005020.WI,25.8244,3.1,244.8932
2017-06-04,农林牧渔,CI005020.WI,25.4717,3.0594,132.5044
2017-06-11,农林牧渔,CI005020.WI,26.2122,3.1514,237.9968
2017-06-18,农林牧渔,CI005020.WI,26.5328,3.1921,299.5528
2017-06-25,农林牧渔,CI005020.WI,26.4242,3.1801,292.6496
2017-07-02,农林牧渔,CI005020.WI,26.7387,3.2278,273.894
2017-07-09,农林牧渔,CI005020.WI,27.2943,3.2962,356.8637
2017-07-16,农林牧渔,CI005020.WI,26.7972,3.2448,407.942
2017-07-23,农林牧渔,CI005020.WI,26.3388,3.1668,422.009
2017-07-30,农林牧渔,CI005020.WI,26.6533,3.1988,397.4572
2017-08-06,农林牧渔,CI005020.WI,26.5692,3.1904,422.3872
2017-08-13,农林牧渔,CI005020.WI,26.8325,3.2429,536.5252
2017-08-20,农林牧渔,CI005020.WI,30.7733,3.2813,364.9376
2017-08-27,农林牧渔,CI005020.WI,31.2464,3.3151,388.2413
2017-09-03,农林牧渔,CI005020.WI,33.1461,3.3763,418.6396
2017-09-10,农林牧渔,CI005020.WI,33.1911,3.3809,413.0009
2017-09-17,农林牧渔,CI005020.WI,33.7285,3.4343,590.8097
2017-09-24,农林牧渔,CI005020.WI,33.1942,3.3799,550.6155
2017-10-01,农林牧渔,CI005020.WI,32.8098,3.3407,317.5011
2017-10-15,农林牧渔,CI005020.WI,33.9556,3.4574,451.4751
2017-10-22,农林牧渔,CI005020.WI,33.64,3.4117,443.9258
2017-10-29,农林牧渔,CI005020.WI,33.8937,3.4454,371.3528
2017-11-05,农林牧渔,CI005020.WI,36.0923,3.3447,374.1266
2017-11-12,农林牧渔,CI005020.WI,36.8246,3.3875,329.9843
2017-11-19,农林牧渔,CI005020.WI,36.4713,3.355,413.6703
2017-11-26,农林牧渔,CI005020.WI,35.6879,3.2631,398.3535
2017-12-03,农林牧渔,CI005020.WI,35.232,3.2215,265.9178
2017-12-10,农林牧渔,CI005020.WI,35.4173,3.2315,280.1021
2017-12-17,农林牧渔,CI005020.WI,35.4415,3.2338,275.9815
2017-12-24,农林牧渔,CI005020.WI,35.8521,3.2649,268.2199
2017-12-31,农林牧渔,CI005020.WI,35.4678,3.23,315.5395
2018-01-07,农林牧渔,CI005020.WI,36.4551,3.3199,264.9448
2018-01-14,农林牧渔,CI005020.WI,36.7791,3.3485,427.8208
2018-01-21,农林牧渔,CI005020.WI,36.2085,3.2965,453.6768
2018-01-28,农林牧渔,CI005020.WI,37.1254,3.3779,404.9511
2018-02-04,农林牧渔,CI005020.WI,33.9166,3.0834,438.7946
2018-02-11,农林牧渔,CI005020.WI,30.9399,2.8064,359.5244
2018-02-18,农林牧渔,CI005020.WI,32.3903,2.9188,141.9273
2018-02-25,农林牧渔,CI005020.WI,32.9427,2.9649,100.5627
2018-03-04,农林牧渔,CI005020.WI,33.0336,2.9417,304.5014
2018-03-11,农林牧渔,CI005020.WI,33.6861,2.9996,273.7627
2018-03-18,农林牧渔,CI005020.WI,33.3581,2.9677,316.8024
2018-03-25,农林牧渔,CI005020.WI,33.6816,2.9617,427.5227
2018-04-01,农林牧渔,CI005020.WI,32.4624,2.9325,538.3523
2018-04-08,农林牧渔,CI005020.WI,34.1371,3.035,353.7681
2018-04-15,农林牧渔,CI005020.WI,36.6078,2.9795,453.5967
2018-04-22,农林牧渔,CI005020.WI,36.6451,2.9039,487.3498
2018-04-29,农林牧渔,CI005020.WI,43.8524,2.8462,310.0414
2018-05-06,农林牧渔,CI005020.WI,44.7688,2.8895,191.8415
2018-05-13,农林牧渔,CI005020.WI,45.6406,2.944,405.7112
2018-05-20,农林牧渔,CI005020.WI,46.9276,3.015,472.7345
2018-05-27,农林牧渔,CI005020.WI,47.0226,3.005,480.4863
2018-06-03,农林牧渔,CI005020.WI,45.9923,2.9659,544.1543
2018-06-10,农林牧渔,CI005020.WI,45.2072,2.9054,458.5715
2018-06-17,农林牧渔,CI005020.WI,43.1589,2.7754,422.9903
2018-06-24,农林牧渔,CI005020.WI,40.7325,2.6196,354.4362
2018-07-01,农林牧渔,CI005020.WI,40.557,2.603,283.67
2018-07-08,农林牧渔,CI005020.WI,39.3348,2.5285,335.7121
2018-07-15,农林牧渔,CI005020.WI,40.658,2.633,330.9812
2018-07-22,农林牧渔,CI005020.WI,40.7135,2.6316,262.4958
2018-07-29,农林牧渔,CI005020.WI,42.1518,2.6947,347.2608
2018-08-05,农林牧渔,CI005020.WI,40.4393,2.6142,306.6422
2018-08-12,农林牧渔,CI005020.WI,41.6648,2.6321,345.568
2018-08-19,农林牧渔,CI005020.WI,42.9354,2.4968,269.9753
2018-08-26,农林牧渔,CI005020.WI,47.9124,2.4961,251.2043
2018-09-02,农林牧渔,CI005020.WI,49.5709,2.4937,236.4095
2018-09-09,农林牧渔,CI005020.WI,50.0735,2.519,271.2092
2018-09-16,农林牧渔,CI005020.WI,49.1686,2.4678,192.6574
2018-09-23,农林牧渔,CI005020.WI,49.5982,2.4894,213.6952
2018-09-30,农林牧渔,CI005020.WI,50.476,2.5331,212.2539
2018-10-14,农林牧渔,CI005020.WI,47.5958,2.3885,240.2473
2018-10-21,农林牧渔,CI005020.WI,44.3759,2.2814,200.6442
2018-10-28,农林牧渔,CI005020.WI,45.5771,2.3179,233.3419
2018-11-04,农林牧渔,CI005020.WI,45.067,2.3617,235.8722
2018-11-11,农林牧渔,CI005020.WI,45.1751,2.367,248.6353
2018-11-18,农林牧渔,CI005020.WI,47.6753,2.498,349.0724
2018-11-25,农林牧渔,CI005020.WI,45.6984,2.3944,280.3749
2018-12-02,农林牧渔,CI005020.WI,46.9913,2.4621,258.4342
2018-12-09,农林牧渔,CI005020.WI,48.6703,2.5525,363.3138
2018-12-16,农林牧渔,CI005020.WI,47.0452,2.4673,248.3467
2018-12-23,农林牧渔,CI005020.WI,46.9589,2.3814,206.8171
2018-12-30,农林牧渔,CI005020.WI,47.0495,2.3861,209.1202
2019-01-06,农林牧渔,CI005020.WI,47.9614,2.4337,173.4517
2019-01-13,农林牧渔,CI005020.WI,48.9521,2.4858,328.7618
2019-01-20,农林牧渔,CI005020.WI,49.8571,2.5286,281.668
2019-01-27,农林牧渔,CI005020.WI,50.0715,2.5378,363.1202
2019-02-03,农林牧渔,CI005020.WI,49.887,2.5307,309.7984
2019-02-17,农林牧渔,CI005020.WI,55.4421,2.8126,465.5243
2019-02-24,农林牧渔,CI005020.WI,82.9897,3.0959,838.5379
2019-03-03,农林牧渔,CI005020.WI,94.0209,3.1496,1022.3618
2019-03-10,农林牧渔,CI005020.WI,105.1849,3.5214,1262.8653
2019-03-17,农林牧渔,CI005020.WI,95.0595,3.5533,1435.0506
2019-03-24,农林牧渔,CI005020.WI,95.2657,3.5611,1127.6704
2019-03-31,农林牧渔,CI005020.WI,99.6481,3.7121,990.4285
2019-04-07,农林牧渔,CI005020.WI,113.6729,3.9697,925.9953
2019-04-14,农林牧渔,CI005020.WI,109.4725,3.9255,1188.9968
2019-04-21,农林牧渔,CI005020.WI,118.8776,3.9271,1174.2753
2019-04-28,农林牧渔,CI005020.WI,247.6104,3.963,1526.3739
2019-05-05,农林牧渔,CI005020.WI,209.3857,3.9752,436.647
2019-05-12,农林牧渔,CI005020.WI,201.0484,3.8185,1318.8693
2019-05-19,农林牧渔,CI005020.WI,133.9102,3.8089,1270.1345
2019-05-26,农林牧渔,CI005020.WI,157.2722,3.5152,1097.6576
2019-06-02,农林牧渔,CI005020.WI,176.1193,3.9769,1304.4232
2019-06-09,农林牧渔,CI005020.WI,162.1419,3.6612,1016.4595
2019-06-16,农林牧渔,CI005020.WI,167.2855,3.783,1223.8266
2019-06-23,农林牧渔,CI005020.WI,164.6012,3.7235,1051.8227
2019-06-30,农林牧渔,CI005020.WI,160.7205,3.6426,847.2304
2019-07-07,农林牧渔,CI005020.WI,166.9526,3.7851,906.3427
2019-07-14,农林牧渔,CI005020.WI,167.5818,3.7654,963.5411
2019-07-21,农林牧渔,CI005020.WI,174.9362,3.9224,896.6689
2019-07-28,农林牧渔,CI005020.WI,162.9767,3.8624,661.1957
2019-08-04,农林牧渔,CI005020.WI,166.6938,4.008,779.3409
2019-08-11,农林牧渔,CI005020.WI,141.6346,3.7995,888.6691
2019-08-18,农林牧渔,CI005020.WI,138.7058,3.8479,745.7898
2019-08-25,农林牧渔,CI005020.WI,81.3156,3.7198,935.0855
2019-09-01,农林牧渔,CI005020.WI,73.6539,3.8841,976.0004
2019-09-08,农林牧渔,CI005020.WI,73.1503,3.7925,908.3857
2019-09-15,农林牧渔,CI005020.WI,71.9847,3.7321,764.2554
2019-09-22,农林牧渔,CI005020.WI,71.9661,3.7311,574.227
2019-09-29,农林牧渔,CI005020.WI,66.7695,3.4633,596.6436
2019-10-06,农林牧渔,CI005020.WI,67.5774,3.5052,94.0334
2019-10-13,农林牧渔,CI005020.WI,66.5526,3.7032,499.6104
2019-10-20,农林牧渔,CI005020.WI,49.5096,3.626,531.6221
2019-10-27,农林牧渔,CI005020.WI,47.3423,3.9184,991.11
2019-11-03,农林牧渔,CI005020.WI,46.2483,3.7799,1172.2894
2019-11-10,农林牧渔,CI005020.WI,45.5861,3.7207,887.7738
2019-11-17,农林牧渔,CI005020.WI,43.3226,3.5357,588.8993
2019-11-24,农林牧渔,CI005020.WI,42.9432,3.5043,526.8482
2019-12-01,农林牧渔,CI005020.WI,34.2001,4.1928,454.8059
2019-12-08,农林牧渔,CI005020.WI,39.5023,3.5996,474.249
2019-12-15,农林牧渔,CI005020.WI,38.1426,3.4777,517.3595
2019-12-22,农林牧渔,CI005020.WI,39.1692,3.5713,650.1835
2019-12-29,农林牧渔,CI005020.WI,38.5692,3.5196,552.4729
2020-01-05,农林牧渔,CI005020.WI,41.2851,3.7664,301.4012
2020-01-12,农林牧渔,CI005020.WI,41.893,3.8218,1207.1415
2020-01-19,农林牧渔,CI005020.WI,41.1692,3.7329,824.2612
2020-01-26,农林牧渔,CI005020.WI,37.9684,3.4646,586.9315
2020-02-09,农林牧渔,CI005020.WI,38.2911,3.4883,854.1827
2020-02-16,农林牧渔,CI005020.WI,41.4626,3.783,1152.8398
2020-02-23,农林牧渔,CI005020.WI,39.707,3.8939,1233.6708
2020-03-01,农林牧渔,CI005020.WI,26.3274,3.8366,1352.5365
2020-03-08,农林牧渔,CI005020.WI,29.348,4.2495,1617.0098
2020-03-15,农林牧渔,CI005020.WI,27.6842,4.0089,1464.1138
2020-03-22,农林牧渔,CI005020.WI,26.8004,3.8907,1157.7859
2020-03-29,农林牧渔,CI005020.WI,27.1185,3.9335,1235.6887
2020-04-05,农林牧渔,CI005020.WI,27.5347,4.1579,1742.4358
2020-04-12,农林牧渔,CI005020.WI,27.8216,4.2395,1503.669
2020-04-19,农林牧渔,CI005020.WI,26.4392,4.1343,1194.0849
2020-04-26,农林牧渔,CI005020.WI,25.504,4.1177,1612.0612
2020-05-03,农林牧渔,CI005020.WI,22.5976,3.9385,1092.8506
2020-05-10,农林牧渔,CI005020.WI,22.8882,3.9904,813.3036
2020-05-17,农林牧渔,CI005020.WI,21.9343,3.8178,1235.0529
2020-05-24,农林牧渔,CI005020.WI,21.4655,3.7033,1180.7476
2020-05-31,农林牧渔,CI005020.WI,21.6174,3.7476,838.232
2020-06-07,农林牧渔,CI005020.WI,21.8892,3.8024,993.7505
2020-06-14,农林牧渔,CI005020.WI,21.1744,3.7443,766.9025
2020-06-21,农林牧渔,CI005020.WI,22.5434,3.9949,980.2618
2020-06-28,农林牧渔,CI005020.WI,22.4455,3.978,619.5227
2020-07-05,农林牧渔,CI005020.WI,24.1753,4.1879,1097.2814
2020-07-12,农林牧渔,CI005020.WI,25.9178,4.4981,1857.4975
2020-07-19,农林牧渔,CI005020.WI,23.0557,4.3864,2200.0944
2020-07-26,农林牧渔,CI005020.WI,22.8656,4.3438,1559.2816
2020-08-02,农林牧渔,CI005020.WI,23.9502,4.564,1683.9222
2020-08-09,农林牧渔,CI005020.WI,24.8499,4.6863,2217.7068
2020-08-16,农林牧渔,CI005020.WI,24.5413,4.7772,2025.8319
2020-08-23,农林牧渔,CI005020.WI,23.9833,4.7,2153.8984
2020-08-30,农林牧渔,CI005020.WI,23.8341,4.7234,1598.6518
2020-09-06,农林牧渔,CI005020.WI,23.088,4.5966,1411.9588
2020-09-13,农林牧渔,CI005020.WI,20.7419,4.1296,1207.8108
2020-09-20,农林牧渔,CI005020.WI,20.2627,4.0342,881.6564
2020-09-27,农林牧渔,CI005020.WI,19.5846,3.9001,808.4299
2020-10-04,农林牧渔,CI005020.WI,19.3355,3.8489,395.0633
2020-10-11,农林牧渔,CI005020.WI,19.5524,3.8753,159.2337
2020-10-18,农林牧渔,CI005020.WI,20.0116,3.9574,908.2162
2020-10-25,农林牧渔,CI005020.WI,16.9456,3.6022,647.3929
2020-11-01,农林牧渔,CI005020.WI,15.9616,3.425,589.8495
2020-11-08,农林牧渔,CI005020.WI,15.908,3.4026,517.5546
2020-11-15,农林牧渔,CI005020.WI,15.7291,3.3587,681.8938
2020-11-22,农林牧渔,CI005020.WI,16.2527,3.4696,711.854
2020-11-29,农林牧渔,CI005020.WI,16.3809,3.4969,650.1694
2020-12-06,农林牧渔,CI005020.WI,16.8334,3.5862,925.912
2020-12-13,农林牧渔,CI005020.WI,16.1971,3.4502,1104.5914
2020-12-20,农林牧渔,CI005020.WI,16.132,3.4363,1050.589
2020-12-27,农林牧渔,CI005020.WI,16.2556,3.4361,1447.2288
2021-01-03,农林牧渔,CI005020.WI,16.5643,3.4954,1025.7491
2021-01-10,农林牧渔,CI005020.WI,18.2592,3.842,2082.4334
2021-01-17,农林牧渔,CI005020.WI,16.6983,3.5099,1262.2048
2021-01-24,农林牧渔,CI005020.WI,16.5623,3.4929,941.9204
2021-01-31,农林牧渔,CI005020.WI,16.5667,3.4938,1247.9227
2021-02-07,农林牧渔,CI005020.WI,23.3183,4.31,1425.8104
2021-02-14,农林牧渔,CI005020.WI,25.1207,4.6431,762.6423
2021-02-21,农林牧渔,CI005020.WI,28.4728,4.7376,683.7337
2021-02-28,农林牧渔,CI005020.WI,26.0389,4.2303,1726.9532
2021-03-07,农林牧渔,CI005020.WI,26.7691,4.1741,1143.2854
2021-03-14,农林牧渔,CI005020.WI,25.6375,3.9829,940.5181
2021-03-21,农林牧渔,CI005020.WI,24.8763,3.8603,797.3067
2021-03-28,农林牧渔,CI005020.WI,24.7426,3.8278,827.189
2021-04-04,农林牧渔,CI005020.WI,25.5406,3.9081,729.7327
2021-04-11,农林牧渔,CI005020.WI,25.2962,3.804,530.3598
2021-04-18,农林牧渔,CI005020.WI,23.9048,3.6712,803.5378
2021-04-25,农林牧渔,CI005020.WI,25.2135,3.8459,729.9305
2021-05-02,农林牧渔,CI005020.WI,24.8385,3.6777,692.8165
2021-05-09,农林牧渔,CI005020.WI,24.1005,3.5685,340.4661
2021-05-16,农林牧渔,CI005020.WI,24.2662,3.5998,911.7989
2021-05-23,农林牧渔,CI005020.WI,24.1663,3.5921,720.1841
2021-05-30,农林牧渔,CI005020.WI,24.5141,3.6523,1000.818
2021-06-06,农林牧渔,CI005020.WI,25.3134,3.8166,1021.9718
2021-06-13,农林牧渔,CI005020.WI,24.1297,3.6617,859.897
2021-06-20,农林牧渔,CI005020.WI,23.1091,3.5091,535.5123
2021-06-27,农林牧渔,CI005020.WI,23.3559,3.5504,771.0558
2021-07-04,农林牧渔,CI005020.WI,22.8099,3.4672,825.9327
2021-07-11,农林牧渔,CI005020.WI,22.4791,3.4299,763.8643
2021-07-18,农林牧渔,CI005020.WI,22.0192,3.3593,812.9874
2021-07-25,农林牧渔,CI005020.WI,20.7536,3.1716,842.6633
2021-08-01,农林牧渔,CI005020.WI,19.4916,2.9758,970.4186
2021-08-08,农林牧渔,CI005020.WI,20.2134,3.0634,1016.0046
2021-08-15,农林牧渔,CI005020.WI,21.277,3.1794,1017.5529
2021-08-22,农林牧渔,CI005020.WI,21.7663,3.0276,736.6521
2021-08-29,农林牧渔,CI005020.WI,23.3917,2.9482,630.3373
2021-09-05,农林牧渔,CI005020.WI,29.1374,3.0775,773.1538
2021-09-12,农林牧渔,CI005020.WI,29.3798,3.1031,895.3884
2021-09-19,农林牧渔,CI005020.WI,29.4523,3.1107,954.3309
2021-09-26,农林牧渔,CI005020.WI,29.6938,3.1369,564.2496
2021-10-03,农林牧渔,CI005020.WI,30.6848,3.2416,919.4776
2021-10-10,农林牧渔,CI005020.WI,32.0793,3.3883,316.5171
2021-10-17,农林牧渔,CI005020.WI,31.0818,3.2583,1422.6006
2021-10-24,农林牧渔,CI005020.WI,42.7449,3.266,1343.2295
2021-10-31,农林牧渔,CI005020.WI,904.0904,3.3144,972.6027
2021-11-07,农林牧渔,CI005020.WI,953.683,3.4985,1467.844
2021-11-14,农林牧渔,CI005020.WI,955.4908,3.4976,1060.4735
2021-11-21,农林牧渔,CI005020.WI,944.9643,3.4494,1021.7192
2021-11-28,农林牧渔,CI005020.WI,911.6499,3.3223,786.3337
2021-12-05,农林牧渔,CI005020.WI,923.2378,3.3645,749.5946
2021-12-12,农林牧渔,CI005020.WI,929.2233,3.386,883.772
2021-12-19,农林牧渔,CI005020.WI,906.5292,3.3032,813.7151
2021-12-26,农林牧渔,CI005020.WI,958.5592,3.4778,1103.1353
2022-01-02,农林牧渔,CI005020.WI,958.1299,3.4719,973.0016
2022-01-09,农林牧渔,CI005020.WI,980.4691,3.5528,1209.4217
2022-01-16,农林牧渔,CI005020.WI,947.3498,3.5182,1219.1965
2022-01-23,农林牧渔,CI005020.WI,905.6208,3.402,1080.8886
2022-01-30,农林牧渔,CI005020.WI,991.6793,3.2991,682.673
2022-02-13,农林牧渔,CI005020.WI,1012.5745,3.4507,1005.832
2022-02-20,农林牧渔,CI005020.WI,976.6573,3.4133,734.1976
2022-02-27,农林牧渔,CI005020.WI,,3.2779,942.8332
2022-03-06,农林牧渔,CI005020.WI,,3.3822,1026.5527
2022-03-13,农林牧渔,CI005020.WI,,3.2476,988.8576
2022-03-20,农林牧渔,CI005020.WI,,3.1675,977.3257
2022-03-27,农林牧渔,CI005020.WI,,3.2565,1209.4018
2022-04-03,农林牧渔,CI005020.WI,,3.3265,1542.5383
2022-04-10,农林牧渔,CI005020.WI,,3.1631,752.2235
2022-04-17,农林牧渔,CI005020.WI,,3.215,1406.972
2022-04-24,农林牧渔,CI005020.WI,,3.1559,1749.4989
2022-05-01,农林牧渔,CI005020.WI,,3.0012,1096.1166
2022-05-08,农林牧渔,CI005020.WI,,3.2243,377.0351
2022-05-15,农林牧渔,CI005020.WI,,3.2232,933.732
2022-05-22,农林牧渔,CI005020.WI,,3.2766,1209.9304
2022-05-29,农林牧渔,CI005020.WI,,3.2996,1192.6202
2022-06-05,农林牧渔,CI005020.WI,,3.3613,1133.338
2022-06-12,农林牧渔,CI005020.WI,,3.4018,1221.2905
2022-06-19,农林牧渔,CI005020.WI,,3.5555,1336.3828
2022-06-26,农林牧渔,CI005020.WI,,3.6276,1044.6369
2022-07-03,农林牧渔,CI005020.WI,,3.6516,1140.9257
2022-07-10,农林牧渔,CI005020.WI,,3.8334,1397.697
2022-07-17,农林牧渔,CI005020.WI,,3.6852,1064.7996
2022-07-24,农林牧渔,CI005020.WI,,3.618,802.7271
2022-07-31,农林牧渔,CI005020.WI,,3.6511,705.7254
2022-08-07,农林牧渔,CI005020.WI,,3.5883,811.7937
2022-08-14,农林牧渔,CI005020.WI,,3.5131,622.213
2022-08-21,农林牧渔,CI005020.WI,,3.6115,871.7361
2022-08-28,农林牧渔,CI005020.WI,,3.6877,1215.4761
2022-09-04,农林牧渔,CI005020.WI,,3.6704,1033.5331
2022-09-11,农林牧渔,CI005020.WI,,3.5604,818.2118
2022-09-18,农林牧渔,CI005020.WI,,3.4613,615.9593
2022-09-25,农林牧渔,CI005020.WI,,3.3362,579.2331
2022-10-02,农林牧渔,CI005020.WI,,3.289,526.3292
2022-10-16,农林牧渔,CI005020.WI,,3.5057,824.3818
2022-10-23,农林牧渔,CI005020.WI,,3.3689,667.7555
2022-10-30,农林牧渔,CI005020.WI,,2.9282,839.2446
2022-11-06,农林牧渔,CI005020.WI,,3.1054,759.2592
2022-11-13,农林牧渔,CI005020.WI,,3.1335,746.72
2022-11-20,农林牧渔,CI005020.WI,,3.1163,771.1029
2022-11-27,农林牧渔,CI005020.WI,,3.0609,524.7396
2022-12-04,农林牧渔,CI005020.WI,,3.1973,762.5084
2022-12-11,农林牧渔,CI005020.WI,,3.1938,942.4786
2022-12-18,农林牧渔,CI005020.WI,,3.1715,810.2268
2022-12-25,农林牧渔,CI005020.WI,,3.0759,749.515
2023-01-01,农林牧渔,CI005020.WI,,3.1244,806.4879
2023-01-08,农林牧渔,CI005020.WI,,3.0961,580.76
2023-01-15,农林牧渔,CI005020.WI,,3.1741,667.6601
2023-01-22,农林牧渔,CI005020.WI,,3.1822,642.6912
2023-02-05,农林牧渔,CI005020.WI,,3.2485,935.3622
2023-02-12,农林牧渔,CI005020.WI,,3.2303,658.2986
2023-02-19,农林牧渔,CI005020.WI,,3.1572,821.3081
2023-02-26,农林牧渔,CI005020.WI,,3.2081,720.494
2023-03-05,农林牧渔,CI005020.WI,,3.2003,554.5195
2023-03-12,农林牧渔,CI005020.WI,,3.0827,649.6322
2023-03-19,农林牧渔,CI005020.WI,,3.0715,751.6563
2023-03-26,农林牧渔,CI005020.WI,,3.0598,511.5074
2023-04-02,农林牧渔,CI005020.WI,,3.1151,717.573
2023-04-09,农林牧渔,CI005020.WI,,3.1937,730.2362
2023-04-16,农林牧渔,CI005020.WI,,3.0624,637.239
2023-04-23,农林牧渔,CI005020.WI,,3.0162,658.7671
2023-04-30,农林牧渔,CI005020.WI,54.6651,3.0201,591.101
2023-05-07,农林牧渔,CI005020.WI,53.8977,2.9781,235.7353
2023-05-14,农林牧渔,CI005020.WI,53.0898,2.9394,433.9
2023-05-21,农林牧渔,CI005020.WI,51.7264,2.864,423.8135
2023-05-28,农林牧渔,CI005020.WI,50.5256,2.8063,433.1443
2023-06-04,农林牧渔,CI005020.WI,50.0091,2.7779,410.0674
2023-06-11,农林牧渔,CI005020.WI,50.1418,2.7902,471.3746
2023-06-18,农林牧渔,CI005020.WI,51.0721,2.853,549.3015
2023-06-25,农林牧渔,CI005020.WI,49.9599,2.7949,272.1558
2023-07-02,农林牧渔,CI005020.WI,50.4147,2.8242,394.098
2023-07-09,农林牧渔,CI005020.WI,50.7649,2.8585,486.4183
2023-07-16,农林牧渔,CI005020.WI,51.1013,2.8966,518.839
2023-07-23,农林牧渔,CI005020.WI,52.106,2.9468,533.1411
2023-07-30,农林牧渔,CI005020.WI,52.2579,2.9493,490.8446
2023-08-06,农林牧渔,CI005020.WI,51.592,2.9506,664.3567
2023-08-13,农林牧渔,CI005020.WI,54.3424,2.88,644.2541
2023-08-20,农林牧渔,CI005020.WI,52.2903,2.793,395.0014
2023-08-27,农林牧渔,CI005020.WI,54.5498,2.7807,609.3667
2023-09-03,农林牧渔,CI005020.WI,72.3142,2.8252,746.6438
2023-09-10,农林牧渔,CI005020.WI,70.8059,2.7662,498.0731
2023-09-17,农林牧渔,CI005020.WI,71.2359,2.783,437.6532
2023-09-24,农林牧渔,CI005020.WI,71.2244,2.7774,398.2956
2023-10-01,农林牧渔,CI005020.WI,69.6496,2.7191,289.5885
2023-10-15,农林牧渔,CI005020.WI,67.4802,2.6559,383.867
2023-10-22,农林牧渔,CI005020.WI,64.2631,2.5207,501.566
2023-10-29,农林牧渔,CI005020.WI,337.554,2.6436,481.0715
2023-11-05,农林牧渔,CI005020.WI,402.8097,2.6873,512.1526
2023-11-12,农林牧渔,CI005020.WI,401.2809,2.677,409.6826
2023-11-19,农林牧渔,CI005020.WI,399.7945,2.6672,344.9633
2023-11-26,农林牧渔,CI005020.WI,412.8893,2.7558,503.9105
2023-12-03,农林牧渔,CI005020.WI,328.3288,2.7216,585.2762
2023-12-10,农林牧渔,CI005020.WI,333.0583,2.7604,747.5193
2023-12-17,农林牧渔,CI005020.WI,328.7468,2.7173,479.0664
2023-12-24,农林牧渔,CI005020.WI,323.2546,2.6719,399.979
2023-12-31,农林牧渔,CI005020.WI,333.8999,2.7542,430.7018
2024-01-14,农林牧渔,CI005020.WI,316.5243,2.6462,420.6096
2024-01-21,农林牧渔,CI005020.WI,303.0886,2.533,403.0592
2024-01-28,农林牧渔,CI005020.WI,300.9953,2.5155,451.7951
2024-02-04,农林牧渔,CI005020.WI,278.6857,2.3622,470.2274
2024-02-11,农林牧渔,CI005020.WI,292.2939,2.4687,537.1676
2024-02-25,农林牧渔,CI005020.WI,294.0288,2.5174,475.2361
2024-03-03,农林牧渔,CI005020.WI,,2.5128,597.2546
2024-03-10,农林牧渔,CI005020.WI,,2.4992,447.7389
2024-03-17,农林牧渔,CI005020.WI,,2.5024,443.4261
2024-03-24,农林牧渔,CI005020.WI,,2.6011,782.1112
2024-03-31,农林牧渔,CI005020.WI,,2.5959,591.0534
2024-04-07,农林牧渔,CI005020.WI,,2.6905,421.943
2024-04-14,农林牧渔,CI005020.WI,,2.5427,654.1213
2024-04-21,农林牧渔,CI005020.WI,,2.5407,554.9771
2024-04-28,农林牧渔,CI005020.WI,,2.6002,483.8659
2024-05-05,农林牧渔,CI005020.WI,,2.5684,235.2353
2024-05-12,农林牧渔,CI005020.WI,,2.7057,727.9268
2024-05-19,农林牧渔,CI005020.WI,,2.734,708.9296
2024-05-26,农林牧渔,CI005020.WI,,2.7417,760.835
2024-06-02,农林牧渔,CI005020.WI,,2.6661,608.0183
2024-06-09,农林牧渔,CI005020.WI,,2.6191,598.2655
2024-06-16,农林牧渔,CI005020.WI,,2.544,463.326
2024-06-23,农林牧渔,CI005020.WI,,2.4676,408.1588
2024-06-30,农林牧渔,CI005020.WI,,2.3977,382.7742
2024-07-07,农林牧渔,CI005020.WI,,2.4065,372.7877
2024-07-14,农林牧渔,CI005020.WI,,2.3471,409.8282
2024-07-21,农林牧渔,CI005020.WI,,2.433,406.1893
2024-07-28,农林牧渔,CI005020.WI,,2.3222,337.7793
2024-08-04,农林牧渔,CI005020.WI,236.9333,2.3654,381.639
2024-08-11,农林牧渔,CI005020.WI,217.1238,2.3415,437.4796
2024-08-18,农林牧渔,CI005020.WI,203.158,2.2841,354.6519
2024-08-25,农林牧渔,CI005020.WI,161.828,2.1382,353.3384
2024-09-01,农林牧渔,CI005020.WI,59.1769,2.1726,360.2864
2024-09-08,农林牧渔,CI005020.WI,58.1743,2.1338,319.7612
2024-09-15,农林牧渔,CI005020.WI,56.663,2.0782,268.3379
2024-09-22,农林牧渔,CI005020.WI,56.5563,2.0743,230.2761
2024-09-29,农林牧渔,CI005020.WI,65.2591,2.3944,580.9455
2024-10-06,农林牧渔,CI005020.WI,71.8682,2.6369,333.7881
2024-10-13,农林牧渔,CI005020.WI,66.7974,2.4513,1223.6636
2024-10-20,农林牧渔,CI005020.WI,65.2693,2.4453,751.2993
2024-10-27,农林牧渔,CI005020.WI,52.1499,2.5019,923.4162
2024-11-03,农林牧渔,CI005020.WI,32.6932,2.453,1199.0019
2024-11-10,农林牧渔,CI005020.WI,34.9864,2.6273,1457.0905
2024-11-17,农林牧渔,CI005020.WI,32.797,2.4629,988.7283
2024-11-24,农林牧渔,CI005020.WI,31.8873,2.3992,670.4535
2024-12-01,农林牧渔,CI005020.WI,33.0107,2.4846,753.1598
2024-12-08,农林牧渔,CI005020.WI,33.2621,2.5047,1002.4841
2024-12-15,农林牧渔,CI005020.WI,33.8499,2.5491,1138.4977
2024-12-22,农林牧渔,CI005020.WI,32.7918,2.4705,880.8867
2024-12-29,农林牧渔,CI005020.WI,32.8332,2.4741,653.5611
2025-01-05,农林牧渔,CI005020.WI,30.7051,2.3341,601.6696
2025-01-12,农林牧渔,CI005020.WI,29.9281,2.2771,581.3716
2025-01-19,农林牧渔,CI005020.WI,31.1581,2.3708,551.9216
2025-01-26,农林牧渔,CI005020.WI,30.9175,2.3503,504.3075
2025-02-02,农林牧渔,CI005020.WI,31.146,2.3676,110.4584
2025-02-09,农林牧渔,CI005020.WI,31.2374,2.3746,361.2498
2025-02-16,农林牧渔,CI005020.WI,31.2663,2.3932,689.6929
2025-02-23,农林牧渔,CI005020.WI,27.5761,2.3767,745.4656
2025-03-02,农林牧渔,CI005020.WI,27.1051,2.3565,855.3204
2025-03-09,农林牧渔,CI005020.WI,27.3403,2.3773,619.0485
2025-03-16,农林牧渔,CI005020.WI,27.9379,2.4461,779.098
2025-03-23,农林牧渔,CI005020.WI,22.261,2.3914,836.384
2025-03-30,农林牧渔,CI005020.WI,22.3292,2.4142,759.3333
2025-04-06,农林牧渔,CI005020.WI,24.0171,2.4543,578.6298
2025-04-13,农林牧渔,CI005020.WI,22.9225,2.5199,2910.5676
2025-04-20,农林牧渔,CI005020.WI,22.0763,2.473,1333.0982
2025-04-27,农林牧渔,CI005020.WI,21.291,2.415,925.2516
2025-05-04,农林牧渔,CI005020.WI,20.1864,2.3839,463.2545
2025-05-11,农林牧渔,CI005020.WI,20.2799,2.395,777.0067
2025-05-18,农林牧渔,CI005020.WI,20.3754,2.3947,830.0602
2025-05-25,农林牧渔,CI005020.WI,20.2272,2.386,884.4817
2025-06-01,农林牧渔,CI005020.WI,20.5551,2.4288,708.7472
2025-06-08,农林牧渔,CI005020.WI,20.8109,2.4615,721.8708
2025-06-15,农林牧渔,CI005020.WI,21.0501,2.4914,959.8137
2025-06-22,农林牧渔,CI005020.WI,20.3486,2.4116,666.276
2025-06-29,农林牧渔,CI005020.WI,20.5202,2.4556,600.4495
2025-07-06,农林牧渔,CI005020.WI,20.9874,2.5115,812.4631
2025-07-13,农林牧渔,CI005020.WI,21.1568,2.5323,878.7033
2025-07-20,农林牧渔,CI005020.WI,21.126,2.5271,820.2241
2025-07-27,农林牧渔,CI005020.WI,21.8087,2.6095,1165.6926
2025-08-03,农林牧渔,CI005020.WI,21.1158,2.5253,923.0685
2025-08-10,农林牧渔,CI005020.WI,21.5859,2.5858,766.8517
2025-08-17,农林牧渔,CI005020.WI,21.4897,2.5979,941.0523
2025-08-24,农林牧渔,CI005020.WI,21.435,2.6607,1212.5902
2025-08-31,农林牧渔,CI005020.WI,22.5649,2.7364,1507.2873
2025-09-07,农林牧渔,CI005020.WI,22.2498,2.6963,1115.9503
2025-09-14,农林牧渔,CI005020.WI,23.1013,2.8005,1236.5029
2025-09-21,农林牧渔,CI005020.WI,22.4109,2.7173,1168.5623
2025-09-28,农林牧渔,CI005020.WI,21.9527,2.6646,824.5544
2025-10-05,农林牧渔,CI005020.WI,22.0473,2.6666,302.5982
2025-10-12,农林牧渔,CI005020.WI,22.265,2.6922,383.5521
2025-10-19,农林牧渔,CI005020.WI,21.7477,2.6501,1016.6108
2025-10-26,农林牧渔,CI005020.WI,22.5681,2.5887,846.3692
2025-11-02,农林牧渔,CI005020.WI,27.1611,2.6415,949.9326
2025-11-09,农林牧渔,CI005020.WI,27.2768,2.6634,1103.7725
2025-11-16,农林牧渔,CI005020.WI,28.0608,2.74,1326.2221
2025-11-23,农林牧渔,CI005020.WI,26.9784,2.6352,1434.3223
2025-11-30,农林牧渔,CI005020.WI,27.2428,2.6609,1380.0215
2025-12-07,农林牧渔,CI005020.WI,26.7579,2.604,1268.7706
2025-12-14,农林牧渔,CI005020.WI,26.6539,2.5939,1403.2109
2025-12-21,农林牧渔,CI005020.WI,27.0205,2.6314,1413.7537
2025-12-28,农林牧渔,CI005020.WI,27.0499,2.6342,1398.9362
2026-01-04,农林牧渔,CI005020.WI,27.1464,2.6436,866.5833
2026-01-11,农林牧渔,CI005020.WI,27.4024,2.6685,1314.7824
2026-01-18,农林牧渔,CI005020.WI,26.5975,2.5903,1402.2206
2026-01-25,农林牧渔,CI005020.WI,26.8993,2.6117,1217.7319
2026-02-01,农林牧渔,CI005020.WI,27.261,2.6472,1911.447
2026-02-08,农林牧渔,CI005020.WI,27.072,2.5831,1538.6361
2026-02-15,农林牧渔,CI005020.WI,26.5448,2.5327,930.3477
2026-03-01,农林牧渔,CI005020.WI,29.3866,2.6165,925.6017
2026-03-08,农林牧渔,CI005020.WI,29.9123,2.6633,1934.5104
2026-03-15,农林牧渔,CI005020.WI,30.2837,2.7021,1598.0796
2026-03-22,农林牧渔,CI005020.WI,28.5692,2.5859,1354.7578
2026-03-29,农林牧渔,CI005020.WI,31.8689,2.4906,1141.4613
2026-04-05,农林牧渔,CI005020.WI,30.9916,2.3946,1271.8994
2026-04-12,农林牧渔,CI005020.WI,31.6085,2.4311,909.4347
2026-04-19,农林牧渔,CI005020.WI,31.8806,2.48,1201.7356
2026-04-26,农林牧渔,CI005020.WI,44.5143,2.4241,1086.55
2026-05-03,农林牧渔,CI005020.WI,88.5856,2.538,893.5477
2026-05-10,农林牧渔,CI005020.WI,87.7355,2.5144,659.9153
2026-05-17,农林牧渔,CI005020.WI,85.0956,2.4396,1249.0758
2026-05-24,农林牧渔,CI005020.WI,79.8138,2.2904,855.0959
2026-05-31,农林牧渔,CI005020.WI,77.5486,2.2478,769.6358
2026-06-07,农林牧渔,CI005020.WI,74.4795,2.1584,789.9477
2026-06-14,农林牧渔,CI005020.WI,74.1323,2.1494,734.6942
2026-06-21,农林牧渔,CI005020.WI,70.8447,2.0611,558.6616
2026-06-28,农林牧渔,CI005020.WI,68.0692,1.987,807.5826
2026-07-05,农林牧渔,CI005020.WI,72.8432,2.1273,1050.333
2026-07-12,农林牧渔,CI005020.WI,73.3572,2.1422,890.2671
2026-07-19,农林牧渔,CI005020.WI,74.4053,2.1668,946.9744
2026-07-26,农林牧渔,CI005020.WI,72.1398,2.1244,876.4379
2026-08-02,农林牧渔,CI005020.WI,75.5236,2.2283,810.1268
2026-08-09,农林牧渔,CI005020.WI,74.6932,2.216,916.0149
2016-01-10,医药,CI005018.WI,46.183,4.9546,1931.4082
2016-01-17,医药,CI005018.WI,42.5522,4.5601,1743.4247
2016-01-24,医药,CI005018.WI,42.7737,4.6193,1797.7279
2016-01-31,医药,CI005018.WI,40.2049,4.3213,1533.0011
2016-02-07,医药,CI005018.WI,41.6151,4.4394,1215.8454
2016-02-21,医药,CI005018.WI,43.4403,4.6272,1486.0593
2016-02-28,医药,CI005018.WI,41.4508,4.3786,1646.5519
2016-03-06,医药,CI005018.WI,40.6583,4.2733,1595.1592
2016-03-13,医药,CI005018.WI,40.2067,4.2147,1169.8076
2016-03-20,医药,CI005018.WI,43.1802,4.519,1612.1779
2016-03-27,医药,CI005018.WI,43.5856,4.5553,1985.4766
2016-04-03,医药,CI005018.WI,44.5183,4.5704,1757.4716
2016-04-10,医药,CI005018.WI,44.9236,4.623,1577.0403
2016-04-17,医药,CI005018.WI,45.3555,4.8158,2226.8399
2016-04-24,医药,CI005018.WI,42.5525,4.5446,1614.8048
2016-05-01,医药,CI005018.WI,41.7022,4.4697,1214.5532
2016-05-08,医药,CI005018.WI,41.6508,4.4698,1305.8671
2016-05-15,医药,CI005018.WI,40.6317,4.3459,1194.7455
2016-05-22,医药,CI005018.WI,40.6057,4.3898,1103.1451
2016-05-29,医药,CI005018.WI,40.4139,4.3782,1016.1126
2016-06-05,医药,CI005018.WI,42.5131,4.6228,1528.6079
2016-06-12,医药,CI005018.WI,42.1815,4.5941,834.7915
2016-06-19,医药,CI005018.WI,41.711,4.5635,1325.8391
2016-06-26,医药,CI005018.WI,41.7179,4.4906,1387.7828
2016-07-03,医药,CI005018.WI,43.6317,4.5646,1695.4326
2016-07-10,医药,CI005018.WI,45.1062,4.7244,1869.4679
2016-07-17,医药,CI005018.WI,46.2921,4.8483,2025.4662
2016-07-24,医药,CI005018.WI,45.8661,4.8098,1634.7249
2016-07-31,医药,CI005018.WI,45.5547,4.7665,1986.8631
2016-08-07,医药,CI005018.WI,44.9732,4.7055,1344.8238
2016-08-14,医药,CI005018.WI,45.4091,4.7332,1338.7022
2016-08-21,医药,CI005018.WI,45.7788,4.754,1763.3367
2016-08-28,医药,CI005018.WI,45.7955,4.7197,1663.7231
2016-09-04,医药,CI005018.WI,45.5065,4.6836,1450.3421
2016-09-11,医药,CI005018.WI,45.8319,4.7171,1454.9376
2016-09-18,医药,CI005018.WI,44.7247,4.584,713.6025
2016-09-25,医药,CI005018.WI,45.4112,4.6441,947.5297
2016-10-02,医药,CI005018.WI,45.25,4.6204,903.1279
2016-10-16,医药,CI005018.WI,46.443,4.7314,1256.6363
2016-10-23,医药,CI005018.WI,46.5354,4.6937,1261.3502
2016-10-30,医药,CI005018.WI,43.712,4.5542,1288.2343
2016-11-06,医药,CI005018.WI,43.7903,4.5695,1419.2017
2016-11-13,医药,CI005018.WI,44.0916,4.5865,1388.8939
2016-11-20,医药,CI005018.WI,44.2223,4.5928,1409.6058
2016-11-27,医药,CI005018.WI,44.3058,4.6015,1602.9923
2016-12-04,医药,CI005018.WI,43.511,4.5138,1468.7626
2016-12-11,医药,CI005018.WI,43.3056,4.4922,1082.6485
2016-12-18,医药,CI005018.WI,41.7717,4.3302,1042.187
2016-12-25,医药,CI005018.WI,41.6813,4.3043,918.9551
2017-01-01,医药,CI005018.WI,41.9895,4.2633,840.4165
2017-01-08,医药,CI005018.WI,42.1396,4.2584,760.7204
2017-01-15,医药,CI005018.WI,41.1706,4.1609,847.9644
2017-01-22,医药,CI005018.WI,40.6513,4.096,833.4974
2017-01-29,医药,CI005018.WI,41.161,4.1498,526.4905
2017-02-05,医药,CI005018.WI,41.0915,4.1427,101.7891
2017-02-12,医药,CI005018.WI,41.7294,4.2813,908.9672
2017-02-19,医药,CI005018.WI,41.5337,4.2582,1106.4535
2017-02-26,医药,CI005018.WI,42.1184,4.3828,1354.5622
2017-03-05,医药,CI005018.WI,41.2808,4.3064,1183.5625
2017-03-12,医药,CI005018.WI,41.7873,4.3424,1130.2361
2017-03-19,医药,CI005018.WI,42.1791,4.3868,1323.7635
2017-03-26,医药,CI005018.WI,42.8842,4.4979,1647.4586
2017-04-02,医药,CI005018.WI,41.8825,4.3579,1235.5797
2017-04-09,医药,CI005018.WI,42.1686,4.3979,693.0554
2017-04-16,医药,CI005018.WI,41.0913,4.3218,1057.2268
2017-04-23,医药,CI005018.WI,40.7502,4.2906,1132.3496
2017-04-30,医药,CI005018.WI,39.8809,4.1579,1083.4887
2017-05-07,医药,CI005018.WI,39.3231,4.0936,712.2949
2017-05-14,医药,CI005018.WI,38.4665,4.0077,888.4245
2017-05-21,医药,CI005018.WI,39.2302,4.0887,851.8275
2017-05-28,医药,CI005018.WI,38.687,4.0276,889.2868
2017-06-04,医药,CI005018.WI,38.5533,4.0181,543.959
2017-06-11,医药,CI005018.WI,39.8066,4.111,934.2202
2017-06-18,医药,CI005018.WI,40.1638,4.1588,906.3843
2017-06-25,医药,CI005018.WI,40.2165,4.1707,968.5545
2017-07-02,医药,CI005018.WI,40.9665,4.2569,947.65
2017-07-09,医药,CI005018.WI,40.6006,4.2231,1035.9384
2017-07-16,医药,CI005018.WI,39.7591,4.1486,973.193
2017-07-23,医药,CI005018.WI,38.5039,4.0473,951.7825
2017-07-30,医药,CI005018.WI,38.4457,4.0497,838.7417
2017-08-06,医药,CI005018.WI,38.4142,4.058,872.4009
2017-08-13,医药,CI005018.WI,38.8159,4.1195,1098.0682
2017-08-20,医药,CI005018.WI,39.481,4.1912,1035.5793
2017-08-27,医药,CI005018.WI,39.0674,4.1577,938.6954
2017-09-03,医药,CI005018.WI,38.4552,4.1617,1210.9774
2017-09-10,医药,CI005018.WI,39.0477,4.2259,1168.2806
2017-09-17,医药,CI005018.WI,38.9308,4.214,1143.9849
2017-09-24,医药,CI005018.WI,38.8124,4.202,1010.3787
2017-10-01,医药,CI005018.WI,39.1434,4.2383,967.7171
2017-10-15,医药,CI005018.WI,40.8664,4.4238,1740.7505
2017-10-22,医药,CI005018.WI,41.2064,4.5164,1446.8235
2017-10-29,医药,CI005018.WI,39.6136,4.4838,1523.1641
2017-11-05,医药,CI005018.WI,38.2613,4.3956,1567.4277
2017-11-12,医药,CI005018.WI,39.3378,4.5131,1857.7123
2017-11-19,医药,CI005018.WI,38.4992,4.4105,1787.7275
2017-11-26,医药,CI005018.WI,37.2077,4.2464,1513.1267
2017-12-03,医药,CI005018.WI,37.0576,4.2101,1076.4624
2017-12-10,医药,CI005018.WI,36.9817,4.2025,1120.8641
2017-12-17,医药,CI005018.WI,37.4369,4.2526,1137.7189
2017-12-24,医药,CI005018.WI,37.8703,4.276,1069.7884
2017-12-31,医药,CI005018.WI,37.9031,4.2226,1245.0821
2018-01-07,医药,CI005018.WI,38.4056,4.2785,1072.4529
2018-01-14,医药,CI005018.WI,38.8608,4.3138,1490.3193
2018-01-21,医药,CI005018.WI,38.2115,4.2388,1470.7263
2018-01-28,医药,CI005018.WI,38.5988,4.2603,1386.9241
2018-02-04,医药,CI005018.WI,36.2165,3.9945,1270.787
2018-02-11,医药,CI005018.WI,33.6004,3.7119,1101.947
2018-02-18,医药,CI005018.WI,34.892,3.8511,477.0119
2018-02-25,医药,CI005018.WI,35.3698,3.9074,320.7335
2018-03-04,医药,CI005018.WI,36.0718,3.9988,1163.495
2018-03-11,医药,CI005018.WI,38.4912,4.2985,1440.987
2018-03-18,医药,CI005018.WI,37.8468,4.2307,1404.9005
2018-03-25,医药,CI005018.WI,37.5181,4.1978,1882.517
2018-04-01,医药,CI005018.WI,39.662,4.4489,2025.2703
2018-04-08,医药,CI005018.WI,39.6035,4.4436,1333.1957
2018-04-15,医药,CI005018.WI,39.2524,4.4171,2047.2894
2018-04-22,医药,CI005018.WI,37.5646,4.2979,1578.6426
2018-04-29,医药,CI005018.WI,37.4412,4.3706,1646.9414
2018-05-06,医药,CI005018.WI,38.3264,4.4902,1219.2678
2018-05-13,医药,CI005018.WI,38.9494,4.5606,2211.6019
2018-05-20,医药,CI005018.WI,39.6422,4.6446,2045.6726
2018-05-27,医药,CI005018.WI,40.74,4.7857,2098.5973
2018-06-03,医药,CI005018.WI,38.5408,4.5439,2487.7383
2018-06-10,医药,CI005018.WI,40.1017,4.7002,1676.8367
2018-06-17,医药,CI005018.WI,37.9451,4.4568,1513.0639
2018-06-24,医药,CI005018.WI,37.2175,4.385,1315.9507
2018-07-01,医药,CI005018.WI,37.087,4.3533,1321.1278
2018-07-08,医药,CI005018.WI,35.2541,4.153,1465.4501
2018-07-15,医药,CI005018.WI,38.098,4.5025,1756.5629
2018-07-22,医药,CI005018.WI,37.0361,4.3628,1484.4649
2018-07-29,医药,CI005018.WI,35.8831,4.2029,1828.8487
2018-08-05,医药,CI005018.WI,32.7449,3.8727,1335.9672
2018-08-12,医药,CI005018.WI,33.1125,3.9221,1292.0059
2018-08-19,医药,CI005018.WI,30.6831,3.657,1102.5545
2018-08-26,医药,CI005018.WI,30.8641,3.7242,1138.9554
2018-09-02,医药,CI005018.WI,30.2131,3.6667,1157.4991
2018-09-09,医药,CI005018.WI,30.0208,3.6493,975.6381
2018-09-16,医药,CI005018.WI,28.4045,3.4538,1036.6736
2018-09-23,医药,CI005018.WI,29.2583,3.5581,939.3286
2018-09-30,医药,CI005018.WI,29.9924,3.6487,827.6426
2018-10-14,医药,CI005018.WI,27.0561,3.2922,1054.7537
2018-10-21,医药,CI005018.WI,25.6224,3.1353,991.2478
2018-10-28,医药,CI005018.WI,26.1777,3.0927,1358.797
2018-11-04,医药,CI005018.WI,29.045,3.361,1351.5871
2018-11-11,医药,CI005018.WI,28.7178,3.3231,1190.5967
2018-11-18,医药,CI005018.WI,29.7582,3.4405,1462.8926
2018-11-25,医药,CI005018.WI,28.945,3.3465,1330.4466
2018-12-02,医药,CI005018.WI,29.0823,3.3622,997.6474
2018-12-09,医药,CI005018.WI,28.4492,3.3067,1565.4585
2018-12-16,医药,CI005018.WI,27.5045,3.1756,1027.285
2018-12-23,医药,CI005018.WI,25.7204,2.9698,899.8237
2018-12-30,医药,CI005018.WI,26.0203,3.0021,902.3625
2019-01-13,医药,CI005018.WI,25.6172,2.9545,922.321
2019-01-20,医药,CI005018.WI,26.4487,3.0478,951.3484
2019-01-27,医药,CI005018.WI,26.0663,3.0041,893.8742
2019-02-03,医药,CI005018.WI,26.1121,3.0113,892.2766
2019-02-17,医药,CI005018.WI,27.5358,3.1853,1350.4239
2019-02-24,医药,CI005018.WI,28.2129,3.2746,1684.1909
2019-03-03,医药,CI005018.WI,31.5802,3.5176,2626.9339
2019-03-10,医药,CI005018.WI,31.7786,3.5389,2931.9144
2019-03-17,医药,CI005018.WI,33.5612,3.7037,2856.5808
2019-03-24,医药,CI005018.WI,35.0661,3.8546,2836.0442
2019-03-31,医药,CI005018.WI,35.215,3.8789,2847.3556
2019-04-07,医药,CI005018.WI,36.1437,3.9836,2770.2779
2019-04-14,医药,CI005018.WI,35.6393,3.9267,3691.7598
2019-04-21,医药,CI005018.WI,36.0424,3.9387,2432.3495
2019-04-28,医药,CI005018.WI,34.2657,3.7184,2314.5089
2019-05-05,医药,CI005018.WI,37.4122,3.7345,864.5271
2019-05-12,医药,CI005018.WI,35.8387,3.5804,2162.6788
2019-05-19,医药,CI005018.WI,35.5268,3.5541,1854.7035
2019-05-26,医药,CI005018.WI,34.4541,3.4526,1373.0356
2019-06-02,医药,CI005018.WI,34.7934,3.498,1304.1718
2019-06-09,医药,CI005018.WI,32.5071,3.2835,1043.5635
2019-06-16,医药,CI005018.WI,33.5966,3.402,1132.3103
2019-06-23,医药,CI005018.WI,35.3194,3.5779,1484.9669
2019-06-30,医药,CI005018.WI,35.7017,3.625,1365.9097
2019-07-07,医药,CI005018.WI,36.7906,3.5658,1571.071
2019-07-14,医药,CI005018.WI,36.1996,3.5208,1322.8442
2019-07-21,医药,CI005018.WI,35.4885,3.4562,1387.1889
2019-07-28,医药,CI005018.WI,36.1526,3.4661,1089.9381
2019-08-04,医药,CI005018.WI,35.1081,3.3737,1093.0497
2019-08-11,医药,CI005018.WI,34.5208,3.334,1131.943
2019-08-18,医药,CI005018.WI,36.1257,3.4937,1395.0861
2019-08-25,医药,CI005018.WI,37.7325,3.6413,1946.2596
2019-09-01,医药,CI005018.WI,38.9815,3.566,2319.9413
2019-09-08,医药,CI005018.WI,39.7403,3.6355,2014.939
2019-09-15,医药,CI005018.WI,39.8284,3.6405,1783.2341
2019-09-22,医药,CI005018.WI,40.3103,3.7948,1726.5136
2019-09-29,医药,CI005018.WI,39.09,3.6799,1719.2451
2019-10-06,医药,CI005018.WI,38.8978,3.6619,225.0405
2019-10-13,医药,CI005018.WI,40.3997,3.803,1193.6599
2019-10-20,医药,CI005018.WI,40.3822,3.8086,1760.5318
2019-10-27,医药,CI005018.WI,38.8046,3.7135,1618.0678
2019-11-03,医药,CI005018.WI,39.9864,3.7892,1921.2504
2019-11-10,医药,CI005018.WI,40.843,3.8667,1832.5608
2019-11-17,医药,CI005018.WI,40.4779,3.8318,1687.5584
2019-11-24,医药,CI005018.WI,39.6436,3.7461,1920.9637
2019-12-01,医药,CI005018.WI,38.7099,3.6418,1601.7492
2019-12-08,医药,CI005018.WI,39.374,3.7012,1410.2372
2019-12-15,医药,CI005018.WI,39.7028,3.7173,1508.4717
2019-12-22,医药,CI005018.WI,39.6979,3.7172,1866.5024
2019-12-29,医药,CI005018.WI,39.504,3.6971,1493.4952
2020-01-05,医药,CI005018.WI,40.5087,3.7833,1707.5785
2020-01-12,医药,CI005018.WI,41.7805,3.9017,2145.1236
2020-01-19,医药,CI005018.WI,42.5985,3.9761,2001.4922
2020-01-26,医药,CI005018.WI,42.8894,3.9969,3070.1239
2020-02-09,医药,CI005018.WI,45.9559,4.2402,6471.5008
2020-02-16,医药,CI005018.WI,45.0983,4.1623,4066.886
2020-02-23,医药,CI005018.WI,46.5398,4.2353,3791.8833
2020-03-01,医药,CI005018.WI,48.8706,4.1129,4244.1884
2020-03-08,医药,CI005018.WI,52.7603,4.4519,3696.9903
2020-03-15,医药,CI005018.WI,48.6937,4.114,4110.6395
2020-03-22,医药,CI005018.WI,47.3175,3.9889,3660.0843
2020-03-29,医药,CI005018.WI,50.2069,4.2235,3780.6395
2020-04-05,医药,CI005018.WI,50.3145,4.1925,3159.7006
2020-04-12,医药,CI005018.WI,52.3992,4.3627,3275.8943
2020-04-19,医药,CI005018.WI,54.4318,4.4634,4383.2822
2020-04-26,医药,CI005018.WI,54.8327,4.4473,4371.9671
2020-05-03,医药,CI005018.WI,58.5563,4.3531,2769.8226
2020-05-10,医药,CI005018.WI,60.9297,4.5092,1879.9604
2020-05-17,医药,CI005018.WI,61.3477,4.5469,3226.8497
2020-05-24,医药,CI005018.WI,60.7129,4.498,3160.0015
2020-05-31,医药,CI005018.WI,62.5169,4.6512,2878.0751
2020-06-07,医药,CI005018.WI,64.7861,4.8349,3284.8614
2020-06-14,医药,CI005018.WI,66.9833,5.0087,3646.7328
2020-06-21,医药,CI005018.WI,71.5706,5.3085,5405.3568
2020-06-28,医药,CI005018.WI,72.6735,5.3893,2669.4915
2020-07-05,医药,CI005018.WI,74.4911,5.5095,5197.3349
2020-07-12,医药,CI005018.WI,80.6104,5.9367,7179.2528
2020-07-19,医药,CI005018.WI,79.0131,5.8418,7819.1787
2020-07-26,医药,CI005018.WI,78.742,5.8748,6415.622
2020-08-02,医药,CI005018.WI,84.1169,6.3301,6867.0055
2020-08-09,医药,CI005018.WI,84.1636,6.2947,8484.9917
2020-08-16,医药,CI005018.WI,78.6691,5.9175,5577.9862
2020-08-23,医药,CI005018.WI,75.2773,5.8694,4536.4977
2020-08-30,医药,CI005018.WI,73.7245,6.003,4397.6575
2020-09-06,医药,CI005018.WI,72.5427,5.9418,4472.7852
2020-09-13,医药,CI005018.WI,68.0145,5.5703,4040.9117
2020-09-20,医药,CI005018.WI,67.5111,5.5241,3253.8526
2020-09-27,医药,CI005018.WI,68.1134,5.5467,3713.9828
2020-10-04,医药,CI005018.WI,68.2962,5.5188,1775.2435
2020-10-11,医药,CI005018.WI,71.2616,5.7449,758.679
2020-10-18,医药,CI005018.WI,73.2735,5.9153,4247.2368
2020-10-25,医药,CI005018.WI,67.1735,5.4995,3577.8298
2020-11-01,医药,CI005018.WI,62.4098,5.5089,3556.3576
2020-11-08,医药,CI005018.WI,63.2059,5.468,3577.3492
2020-11-15,医药,CI005018.WI,62.251,5.3627,3794.9068
2020-11-22,医药,CI005018.WI,61.2437,5.2701,2975.2778
2020-11-29,医药,CI005018.WI,59.2292,5.0921,2750.4178
2020-12-06,医药,CI005018.WI,62.99,5.4561,3326.398
2020-12-13,医药,CI005018.WI,61.6474,5.3406,3486.2275
2020-12-20,医药,CI005018.WI,64.0496,5.5427,3805.9411
2020-12-27,医药,CI005018.WI,64.6857,5.5957,3908.381
2021-01-03,医药,CI005018.WI,64.9146,5.6155,2807.1688
2021-01-10,医药,CI005018.WI,67.2296,5.8192,5079.3109
2021-01-17,医药,CI005018.WI,65.8359,5.7006,4334.1928
2021-01-24,医药,CI005018.WI,71.4758,6.1797,4346.3429
2021-01-31,医药,CI005018.WI,66.6656,5.7538,4574.2976
2021-02-07,医药,CI005018.WI,69.2984,5.9471,3959.965
2021-02-14,医药,CI005018.WI,74.0354,6.3449,2761.3724
2021-02-21,医药,CI005018.WI,71.5222,6.1328,2131.1954
2021-02-28,医药,CI005018.WI,63.1246,5.5926,4462.8334
2021-03-07,医药,CI005018.WI,61.1858,5.4391,3635.2542
2021-03-14,医药,CI005018.WI,58.2836,5.223,3653.8054
2021-03-21,医药,CI005018.WI,56.4693,5.1701,3025.7699
2021-03-28,医药,CI005018.WI,57.0699,5.3024,3014.8002
2021-04-04,医药,CI005018.WI,58.3275,5.417,3069.2821
2021-04-11,医药,CI005018.WI,58.0561,5.401,2455.1192
2021-04-18,医药,CI005018.WI,52.6013,5.3013,3423.7729
2021-04-25,医药,CI005018.WI,52.3123,5.6061,4337.6058
2021-05-02,医药,CI005018.WI,57.5387,5.852,5869.8397
2021-05-09,医药,CI005018.WI,53.5877,5.4729,2410.3551
2021-05-16,医药,CI005018.WI,57.6602,5.8924,5285.049
2021-05-23,医药,CI005018.WI,57.8732,5.9312,5269.727
2021-05-30,医药,CI005018.WI,58.6959,6.0414,5514.3549
2021-06-06,医药,CI005018.WI,59.056,6.0939,5528.5717
2021-06-13,医药,CI005018.WI,58.6547,6.0929,4517.2925
2021-06-20,医药,CI005018.WI,57.3403,5.9586,2980.6484
2021-06-27,医药,CI005018.WI,59.4226,6.1882,4411.4347
2021-07-04,医药,CI005018.WI,58.8283,6.1495,5178.869
2021-07-11,医药,CI005018.WI,56.4551,5.9138,5121.751
2021-07-18,医药,CI005018.WI,57.2069,6.0066,4763.7636
2021-07-25,医药,CI005018.WI,55.7223,5.8893,5088.2557
2021-08-01,医药,CI005018.WI,53.0951,5.6414,5335.6538
2021-08-08,医药,CI005018.WI,52.4346,5.7014,6094.9204
2021-08-15,医药,CI005018.WI,51.356,5.5584,4284.4238
2021-08-22,医药,CI005018.WI,46.9239,5.0819,4418.0958
2021-08-29,医药,CI005018.WI,46.5058,5.0428,4361.9981
2021-09-05,医药,CI005018.WI,43.8989,4.8619,4113.8674
2021-09-12,医药,CI005018.WI,44.9554,4.9752,3810.0796
2021-09-19,医药,CI005018.WI,46.0763,5.1018,3984.1025
2021-09-26,医药,CI005018.WI,46.4035,5.1368,2271.0407
2021-10-03,医药,CI005018.WI,46.3309,5.1303,2847.6483
2021-10-10,医药,CI005018.WI,46.6231,5.1728,825.8414
2021-10-17,医药,CI005018.WI,45.6029,5.0699,3689.319
2021-10-24,医药,CI005018.WI,44.3513,4.9569,3139.1387
2021-10-31,医药,CI005018.WI,44.3123,4.7678,3220.3492
2021-11-07,医药,CI005018.WI,43.8703,4.7195,3651.1358
2021-11-14,医药,CI005018.WI,44.2569,4.7574,3347.4708
2021-11-21,医药,CI005018.WI,45.2637,4.8659,3790.7329
2021-11-28,医药,CI005018.WI,46.0053,4.9391,3643.3894
2021-12-05,医药,CI005018.WI,44.9017,4.8294,4412.0867
2021-12-12,医药,CI005018.WI,45.5396,4.8977,3658.79
2021-12-19,医药,CI005018.WI,44.599,4.7936,3760.7208
2021-12-26,医药,CI005018.WI,44.8417,4.8187,4201.1273
2022-01-02,医药,CI005018.WI,46.2066,4.9648,5614.9273
2022-01-09,医药,CI005018.WI,44.2145,4.7582,5755.6713
2022-01-16,医药,CI005018.WI,45.6313,4.9074,7503.9721
2022-01-23,医药,CI005018.WI,42.0993,4.528,7380.5559
2022-01-30,医药,CI005018.WI,39.222,4.2208,4250.0586
2022-02-13,医药,CI005018.WI,37.9177,4.0889,4037.3735
2022-02-20,医药,CI005018.WI,39.3691,4.2747,3743.2103
2022-02-27,医药,CI005018.WI,39.0261,4.3275,4751.4641
2022-03-06,医药,CI005018.WI,38.9727,4.3424,4729.5737
2022-03-13,医药,CI005018.WI,38.1074,4.269,5804.5423
2022-03-20,医药,CI005018.WI,38.4603,4.2896,8199.0574
2022-03-27,医药,CI005018.WI,38.6561,4.2959,7712.6083
2022-04-03,医药,CI005018.WI,41.8803,4.2452,7259.4891
2022-04-10,医药,CI005018.WI,40.1992,4.0896,3547.6043
2022-04-17,医药,CI005018.WI,39.9092,4.0078,5266.2676
2022-04-24,医药,CI005018.WI,37.0252,3.6798,4333.434
2022-05-01,医药,CI005018.WI,29.86,3.4985,4983.7372
2022-05-08,医药,CI005018.WI,30.2288,3.511,2060.3169
2022-05-15,医药,CI005018.WI,31.9679,3.6737,5394.88
2022-05-22,医药,CI005018.WI,31.3906,3.6192,4322.8337
2022-05-29,医药,CI005018.WI,30.3783,3.5153,4205.2019
2022-06-05,医药,CI005018.WI,30.7258,3.5674,3016.4527
2022-06-12,医药,CI005018.WI,31.8391,3.7089,4486.5049
2022-06-19,医药,CI005018.WI,32.7858,3.8384,4015.0542
2022-06-26,医药,CI005018.WI,33.4852,3.9244,4537.0436
2022-07-03,医药,CI005018.WI,34.5402,3.9954,4408.0149
2022-07-10,医药,CI005018.WI,34.625,4.0678,4779.5607
2022-07-17,医药,CI005018.WI,33.2535,3.9087,4253.8156
2022-07-24,医药,CI005018.WI,33.0054,3.8898,3465.8041
2022-07-31,医药,CI005018.WI,31.4541,3.7383,3387.5278
2022-08-07,医药,CI005018.WI,31.9996,3.7896,3099.1045
2022-08-14,医药,CI005018.WI,32.1607,3.8065,2775.1792
2022-08-21,医药,CI005018.WI,30.8681,3.6549,2503.13
2022-08-28,医药,CI005018.WI,30.5086,3.5685,2702.0761
2022-09-04,医药,CI005018.WI,31.7318,3.5311,2656.8891
2022-09-11,医药,CI005018.WI,31.6702,3.5236,2430.4337
2022-09-18,医药,CI005018.WI,29.9965,3.3374,2161.0666
2022-09-25,医药,CI005018.WI,28.2855,3.1471,1950.267
2022-10-02,医药,CI005018.WI,29.6961,3.3017,2602.7748
2022-10-16,医药,CI005018.WI,32.0043,3.5494,3361.6269
2022-10-23,医药,CI005018.WI,32.5229,3.6125,5108.3669
2022-10-30,医药,CI005018.WI,31.5528,3.4343,4947.2099
2022-11-06,医药,CI005018.WI,33.7005,3.6361,5965.078
2022-11-13,医药,CI005018.WI,33.4311,3.5963,6060.626
2022-11-20,医药,CI005018.WI,35.3161,3.8095,7534.3114
2022-11-27,医药,CI005018.WI,33.4913,3.597,6202.064
2022-12-04,医药,CI005018.WI,34.5903,3.7013,5972.0822
2022-12-11,医药,CI005018.WI,34.9825,3.7362,7131.1826
2022-12-18,医药,CI005018.WI,35.0017,3.7373,7160.042
2022-12-25,医药,CI005018.WI,33.349,3.5582,4906.1144
2023-01-01,医药,CI005018.WI,33.4578,3.5914,4226.4476
2023-01-08,医药,CI005018.WI,34.6133,3.6851,3487.195
2023-01-15,医药,CI005018.WI,35.6355,3.7986,3656.4318
2023-01-22,医药,CI005018.WI,36.455,3.8805,3727.4582
2023-02-05,医药,CI005018.WI,36.1842,3.8489,3835.7987
2023-02-12,医药,CI005018.WI,35.8919,3.8138,2937.7343
2023-02-19,医药,CI005018.WI,35.7193,3.7951,4084.8703
2023-02-26,医药,CI005018.WI,35.3398,3.75,3367.6808
2023-03-05,医药,CI005018.WI,36.2455,3.739,3192.0989
2023-03-12,医药,CI005018.WI,35.7112,3.6861,2918.9232
2023-03-19,医药,CI005018.WI,34.7915,3.6038,3339.306
2023-03-26,医药,CI005018.WI,34.5491,3.5748,3078.7692
2023-04-02,医药,CI005018.WI,34.9526,3.6204,3202.0029
2023-04-09,医药,CI005018.WI,36.1101,3.7264,3086.8483
2023-04-16,医药,CI005018.WI,36.6534,3.7622,3699.0462
2023-04-23,医药,CI005018.WI,35.228,3.5977,3494.3378
2023-04-30,医药,CI005018.WI,43.6432,3.5575,4376.6247
2023-05-07,医药,CI005018.WI,43.4648,3.5324,1608.8575
2023-05-14,医药,CI005018.WI,42.2494,3.4495,3153.4553
2023-05-21,医药,CI005018.WI,43.0596,3.5272,2873.4581
2023-05-28,医药,CI005018.WI,43.0306,3.5338,3018.4799
2023-06-04,医药,CI005018.WI,42.0406,3.4731,3079.4067
2023-06-11,医药,CI005018.WI,40.7888,3.3969,3072.7855
2023-06-18,医药,CI005018.WI,40.868,3.4294,2778.9804
2023-06-25,医药,CI005018.WI,39.5511,3.3224,1573.3311
2023-07-02,医药,CI005018.WI,39.3241,3.3593,2323.4287
2023-07-09,医药,CI005018.WI,38.546,3.3212,2448.4074
2023-07-16,医药,CI005018.WI,38.6996,3.3421,2037.1625
2023-07-23,医药,CI005018.WI,38.3585,3.3181,1863.412
2023-07-30,医药,CI005018.WI,39.6217,3.4264,2294.1826
2023-08-06,医药,CI005018.WI,38.192,3.3006,3228.6198
2023-08-13,医药,CI005018.WI,37.4416,3.241,3543.278
2023-08-20,医药,CI005018.WI,36.6447,3.1507,3318.7698
2023-08-27,医药,CI005018.WI,35.4239,3.0358,2515.4093
2023-09-03,医药,CI005018.WI,38.108,3.085,2945.3164
2023-09-10,医药,CI005018.WI,37.1643,3.0086,1965.6916
2023-09-17,医药,CI005018.WI,38.7443,3.1365,2838.2453
2023-09-24,医药,CI005018.WI,38.7673,3.1384,2898.4707
2023-10-01,医药,CI005018.WI,39.7047,3.2148,2918.0262
2023-10-15,医药,CI005018.WI,40.5846,3.2664,3984.5781
2023-10-22,医药,CI005018.WI,37.7463,3.0384,3642.9455
2023-10-29,医药,CI005018.WI,40.6208,3.135,3444.7066
2023-11-05,医药,CI005018.WI,42.6802,3.1772,4279.8949
2023-11-12,医药,CI005018.WI,42.1535,3.2363,3994.0212
2023-11-19,医药,CI005018.WI,42.0534,3.234,2983.1757
2023-11-26,医药,CI005018.WI,42.73,3.2935,3870.425
2023-12-03,医药,CI005018.WI,43.0541,3.3129,3930.8923
2023-12-10,医药,CI005018.WI,42.0417,3.2354,4112.6752
2023-12-17,医药,CI005018.WI,41.2409,3.1728,3609.1059
2023-12-24,医药,CI005018.WI,40.1967,3.0925,2582.6043
2023-12-31,医药,CI005018.WI,41.2561,3.1714,2554.1369
2024-01-14,医药,CI005018.WI,38.9663,2.9921,2540.4696
2024-01-21,医药,CI005018.WI,37.7323,2.898,2398.7463
2024-01-28,医药,CI005018.WI,36.7299,2.8197,2711.343
2024-02-04,医药,CI005018.WI,32.4535,2.4965,2921.5321
2024-02-11,医药,CI005018.WI,35.8055,2.756,3659.8791
2024-02-25,医药,CI005018.WI,36.7427,2.8184,3442.7372
2024-03-03,医药,CI005018.WI,37.3593,2.8715,3572.7249
2024-03-10,医药,CI005018.WI,36.5874,2.8094,3185.8877
2024-03-17,医药,CI005018.WI,38.4081,2.9392,3889.5399
2024-03-24,医药,CI005018.WI,37.2872,2.861,3777.6892
2024-03-31,医药,CI005018.WI,37.8485,2.7942,2937.9827
2024-04-07,医药,CI005018.WI,37.9486,2.8007,1740.7369
2024-04-14,医药,CI005018.WI,36.2889,2.7208,2626.3606
2024-04-21,医药,CI005018.WI,35.2901,2.663,3110.8853
2024-04-28,医药,CI005018.WI,36.939,2.7514,3106.0798
2024-05-05,医药,CI005018.WI,39.5052,2.8269,1612.8644
2024-05-12,医药,CI005018.WI,40.418,2.909,4456.6214
2024-05-19,医药,CI005018.WI,39.641,2.8552,3559.2093
2024-05-26,医药,CI005018.WI,38.1037,2.7514,2600.2115
2024-06-02,医药,CI005018.WI,37.753,2.7407,2063.9849
2024-06-09,医药,CI005018.WI,37.1211,2.7053,2413.8812
2024-06-16,医药,CI005018.WI,36.8443,2.6938,2068.6172
2024-06-23,医药,CI005018.WI,35.841,2.6284,2177.9295
2024-06-30,医药,CI005018.WI,34.5651,2.5456,2121.3103
2024-07-07,医药,CI005018.WI,34.1842,2.5516,2075.5954
2024-07-14,医药,CI005018.WI,34.1591,2.5575,2267.7915
2024-07-21,医药,CI005018.WI,34.6993,2.6003,2037.7851
2024-07-28,医药,CI005018.WI,33.3031,2.4953,1999.2327
2024-08-04,医药,CI005018.WI,34.4576,2.5676,2617.5522
2024-08-11,医药,CI005018.WI,33.9785,2.5656,2953.5583
2024-08-18,医药,CI005018.WI,33.9955,2.5715,2679.2781
2024-08-25,医药,CI005018.WI,32.136,2.4341,2159.6708
2024-09-01,医药,CI005018.WI,33.6051,2.4542,2247.7713
2024-09-08,医药,CI005018.WI,32.9493,2.4047,2085.7582
2024-09-15,医药,CI005018.WI,32.1565,2.3534,2194.2361
2024-09-22,医药,CI005018.WI,31.9264,2.3385,1211.5669
2024-09-29,医药,CI005018.WI,36.6307,2.684,3693.8231
2024-10-06,医药,CI005018.WI,40.7848,2.9887,1973.0905
2024-10-13,医药,CI005018.WI,38.3639,2.815,7156.7224
2024-10-20,医药,CI005018.WI,38.6667,2.8406,4479.1107
2024-10-27,医药,CI005018.WI,40.39,2.8995,5504.0951
2024-11-03,医药,CI005018.WI,39.9607,2.7963,5683.4573
2024-11-10,医药,CI005018.WI,42.4384,2.9728,6165.1273
2024-11-17,医药,CI005018.WI,41.2869,2.8538,6349.3423
2024-11-24,医药,CI005018.WI,40.4295,2.7952,4370.6001
2024-12-01,医药,CI005018.WI,41.7433,2.8908,3809.7918
2024-12-08,医药,CI005018.WI,42.1809,2.9238,4118.7899
2024-12-15,医药,CI005018.WI,41.6861,2.8895,5222.6074
2024-12-22,医药,CI005018.WI,40.824,2.8301,3564.5766
2024-12-29,医药,CI005018.WI,40.1669,2.7863,3080.7885
2025-01-05,医药,CI005018.WI,37.9753,2.6346,2591.132
2025-01-12,医药,CI005018.WI,36.7958,2.553,3387.7635
2025-01-19,医药,CI005018.WI,37.8924,2.6295,2539.2542
2025-01-26,医药,CI005018.WI,37.9737,2.6383,2461.4546
2025-02-02,医药,CI005018.WI,37.9878,2.6392,427.5491
2025-02-09,医药,CI005018.WI,39.0915,2.7162,1919.4014
2025-02-16,医药,CI005018.WI,40.024,2.7841,3915.6131
2025-02-23,医药,CI005018.WI,40.923,2.8463,5168.0543
2025-03-02,医药,CI005018.WI,39.5508,2.7923,4178.1599
2025-03-09,医药,CI005018.WI,39.8317,2.8129,3591.8089
2025-03-16,医药,CI005018.WI,40.4653,2.8514,4067.6391
2025-03-23,医药,CI005018.WI,39.9017,2.8033,3881.7132
2025-03-30,医药,CI005018.WI,40.264,2.8388,3597.2476
2025-04-06,医药,CI005018.WI,40.2493,2.8774,3738.3897
2025-04-13,医药,CI005018.WI,38.6673,2.7355,5310.8127
2025-04-20,医药,CI005018.WI,38.6708,2.7194,3236.6057
2025-04-27,医药,CI005018.WI,41.9304,2.7308,3718.8327
2025-05-04,医药,CI005018.WI,43.688,2.7317,2135.5444
2025-05-11,医药,CI005018.WI,43.3358,2.7431,2930.9192
2025-05-18,医药,CI005018.WI,43.7071,2.7717,3599.7613
2025-05-25,医药,CI005018.WI,44.8054,2.8433,4339.7591
2025-06-01,医药,CI005018.WI,45.5767,2.9102,4554.9246
2025-06-08,医药,CI005018.WI,46.1596,2.9541,4476.2528
2025-06-15,医药,CI005018.WI,46.9079,3.013,6623.3398
2025-06-22,医药,CI005018.WI,44.7509,2.8835,4929.1455
2025-06-29,医药,CI005018.WI,45.2826,2.9227,4123.8606
2025-07-06,医药,CI005018.WI,46.6833,3.0204,5359.6691
2025-07-13,医药,CI005018.WI,47.3132,3.0654,5744.6213
2025-07-20,医药,CI005018.WI,49.4139,3.2039,6421.2521
2025-07-27,医药,CI005018.WI,50.0623,3.2467,7828.0247
2025-08-03,医药,CI005018.WI,50.367,3.3272,9763.0137
2025-08-10,医药,CI005018.WI,49.2052,3.2711,8232.154
2025-08-17,医药,CI005018.WI,50.3851,3.3655,8196.58
2025-08-24,医药,CI005018.WI,51.8734,3.3959,8953.4301
2025-08-31,医药,CI005018.WI,52.6163,3.3558,9130.6209
2025-09-07,医药,CI005018.WI,53.6803,3.4255,8552.3932
2025-09-14,医药,CI005018.WI,53.7212,3.43,7224.382
2025-09-21,医药,CI005018.WI,52.5893,3.3607,6314.695
2025-09-28,医药,CI005018.WI,51.5611,3.298,5273.3331
2025-10-05,医药,CI005018.WI,52.3249,3.3478,1802.7086
2025-10-12,医药,CI005018.WI,51.4656,3.2928,2084.8603
2025-10-19,医药,CI005018.WI,50.2295,3.2088,5222.0701
2025-10-26,医药,CI005018.WI,50.5882,3.213,4526.8077
2025-11-02,医药,CI005018.WI,51.6419,3.2216,6000.9573
2025-11-09,医药,CI005018.WI,50.1229,3.1276,5385.5826
2025-11-16,医药,CI005018.WI,51.3658,3.2366,6092.0198
2025-11-23,医药,CI005018.WI,47.9533,3.0213,5018.8262
2025-11-30,医药,CI005018.WI,49.2197,3.1016,4570.1168
2025-12-07,医药,CI005018.WI,48.9375,3.0841,4076.0431
2025-12-14,医药,CI005018.WI,48.3615,3.0476,4234.2946
2025-12-21,医药,CI005018.WI,48.2658,3.0413,3899.3921
2025-12-28,医药,CI005018.WI,48.1779,3.0358,3805.8792
2026-01-04,医药,CI005018.WI,47.1589,2.9736,2157.138
2026-01-11,医药,CI005018.WI,50.9363,3.2171,6548.022
2026-01-18,医药,CI005018.WI,50.4081,3.1847,9228.3961
2026-01-25,医药,CI005018.WI,49.9982,3.158,5566.3267
2026-02-01,医药,CI005018.WI,48.299,3.0544,6888.5737
2026-02-08,医药,CI005018.WI,48.6188,3.0732,4812.3123
2026-02-15,医药,CI005018.WI,48.2165,3.0532,4045.3032
2026-03-01,医药,CI005018.WI,46.5671,3.048,3124.8224
2026-03-08,医药,CI005018.WI,45.4379,2.9675,4535.7661
2026-03-15,医药,CI005018.WI,45.3001,2.9604,4125.8576
2026-03-22,医药,CI005018.WI,44.0857,2.8842,4173.822
2026-03-29,医药,CI005018.WI,43.1879,2.9056,4513.6269
2026-04-05,医药,CI005018.WI,44.9534,2.9918,7055.4489
2026-04-12,医药,CI005018.WI,44.9093,3.0041,5356.0804
2026-04-19,医药,CI005018.WI,44.7489,2.9906,6273.9058
2026-04-26,医药,CI005018.WI,43.4838,2.9178,5178.5468
2026-05-03,医药,CI005018.WI,47.5683,2.9131,4579.441
2026-05-10,医药,CI005018.WI,47.2195,2.9212,3495.6385
2026-05-17,医药,CI005018.WI,46.051,2.8508,6505.8078
2026-05-24,医药,CI005018.WI,44.8255,2.776,5189.8643
2026-05-31,医药,CI005018.WI,43.7197,2.7304,4915.9569
2026-06-07,医药,CI005018.WI,41.6207,2.6055,4202.7031
2026-06-14,医药,CI005018.WI,41.4438,2.6007,3901.5946
2026-06-21,医药,CI005018.WI,40.9571,2.5791,3224.4319
2026-06-28,医药,CI005018.WI,40.5116,2.557,5782.0093
2026-07-05,医药,CI005018.WI,45.1707,2.8547,7556.341
2026-07-12,医药,CI005018.WI,44.5788,2.822,6934.272
2026-07-19,医药,CI005018.WI,44.2319,2.8074,9405.1512
2026-07-26,医药,CI005018.WI,43.5458,2.7624,7318.522
2026-08-02,医药,CI005018.WI,44.347,2.816,5680.4511
2026-08-09,医药,CI005018.WI,46.7122,2.9921,6627.344
2016-01-10,商贸零售,CI005014.WI,40.3364,2.9948,867.8445
2016-01-17,商贸零售,CI005014.WI,36.1891,2.6834,736.6421
2016-01-24,商贸零售,CI005014.WI,37.2361,2.7518,687.3057
2016-01-31,商贸零售,CI005014.WI,34.1328,2.5206,636.8669
2016-02-07,商贸零售,CI005014.WI,35.4828,2.603,557.3135
2016-02-21,商贸零售,CI005014.WI,37.6186,2.7608,737.7845
2016-02-28,商贸零售,CI005014.WI,34.8547,2.608,915.9696
2016-03-06,商贸零售,CI005014.WI,36.8637,2.5069,762.4719
2016-03-13,商贸零售,CI005014.WI,37.5219,2.4841,574.3266
2016-03-20,商贸零售,CI005014.WI,40.6835,2.674,744.2936
2016-03-27,商贸零售,CI005014.WI,41.6414,2.73,936.6041
2016-04-03,商贸零售,CI005014.WI,44.9782,2.722,813.1341
2016-04-10,商贸零售,CI005014.WI,45.6952,2.7267,681.3989
2016-04-17,商贸零售,CI005014.WI,47.7592,2.8225,816.6176
2016-04-24,商贸零售,CI005014.WI,44.6675,2.6331,717.8715
2016-05-01,商贸零售,CI005014.WI,47.1945,2.6937,497.2485
2016-05-08,商贸零售,CI005014.WI,46.7781,2.6764,518.9222
2016-05-15,商贸零售,CI005014.WI,44.4098,2.5414,439.044
2016-05-22,商贸零售,CI005014.WI,43.7387,2.509,385.9086
2016-05-29,商贸零售,CI005014.WI,44.1222,2.4679,361.5466
2016-06-05,商贸零售,CI005014.WI,46.7599,2.6294,570.8093
2016-06-12,商贸零售,CI005014.WI,47.7361,2.4738,346.3784
2016-06-19,商贸零售,CI005014.WI,46.5862,2.4117,605.7092
2016-06-26,商贸零售,CI005014.WI,46.0684,2.3775,573.2809
2016-07-03,商贸零售,CI005014.WI,47.768,2.4412,588.6718
2016-07-10,商贸零售,CI005014.WI,49.1607,2.5149,762.5886
2016-07-17,商贸零售,CI005014.WI,50.1744,2.5695,726.9317
2016-07-24,商贸零售,CI005014.WI,49.9808,2.5636,663.5818
2016-07-31,商贸零售,CI005014.WI,52.2958,2.4487,780.2256
2016-08-07,商贸零售,CI005014.WI,52.9239,2.4745,627.6344
2016-08-14,商贸零售,CI005014.WI,54.1904,2.4943,707.04
2016-08-21,商贸零售,CI005014.WI,57.2784,2.5845,1104.2695
2016-08-28,商贸零售,CI005014.WI,54.4631,2.5133,720.9124
2016-09-04,商贸零售,CI005014.WI,54.3939,2.4816,491.1675
2016-09-11,商贸零售,CI005014.WI,54.5178,2.4872,539.6022
2016-09-18,商贸零售,CI005014.WI,53.1397,2.4072,274.6824
2016-09-25,商贸零售,CI005014.WI,54.3245,2.4532,410.2973
2016-10-02,商贸零售,CI005014.WI,56.863,2.4129,409.7385
2016-10-16,商贸零售,CI005014.WI,58.2117,2.4683,555.8703
2016-10-23,商贸零售,CI005014.WI,57.3755,2.4623,557.8037
2016-10-30,商贸零售,CI005014.WI,52.4546,2.4192,573.8438
2016-11-06,商贸零售,CI005014.WI,53.6245,2.4286,608.047
2016-11-13,商贸零售,CI005014.WI,54.9696,2.4895,824.9128
2016-11-20,商贸零售,CI005014.WI,55.1263,2.4966,806.3522
2016-11-27,商贸零售,CI005014.WI,55.6222,2.5191,831.6562
2016-12-04,商贸零售,CI005014.WI,54.833,2.4834,708.1275
2016-12-11,商贸零售,CI005014.WI,56.0427,2.5314,848.8027
2016-12-18,商贸零售,CI005014.WI,55.4033,2.5025,1007.8112
2016-12-25,商贸零售,CI005014.WI,54.7512,2.4715,782.9112
2017-01-01,商贸零售,CI005014.WI,54.8492,2.4667,679.6669
2017-01-08,商贸零售,CI005014.WI,54.7404,2.5023,640.6127
2017-01-15,商贸零售,CI005014.WI,53.5458,2.4201,811.0333
2017-01-22,商贸零售,CI005014.WI,52.4673,2.3714,508.1357
2017-01-29,商贸零售,CI005014.WI,47.863,2.484,272.5204
2017-02-05,商贸零售,CI005014.WI,47.7461,2.4779,54.0743
2017-02-12,商贸零售,CI005014.WI,48.6813,2.5668,506.931
2017-02-19,商贸零售,CI005014.WI,48.7916,2.5745,639.3326
2017-02-26,商贸零售,CI005014.WI,49.7879,2.6349,832.6655
2017-03-05,商贸零售,CI005014.WI,48.5662,2.6266,536.3766
2017-03-12,商贸零售,CI005014.WI,48.6794,2.6178,485.7366
2017-03-19,商贸零售,CI005014.WI,48.3809,2.6132,493.5809
2017-03-26,商贸零售,CI005014.WI,51.7676,2.6187,524.8592
2017-04-02,商贸零售,CI005014.WI,47.3758,2.503,549.8429
2017-04-09,商贸零售,CI005014.WI,46.2796,2.5391,296.1998
2017-04-16,商贸零售,CI005014.WI,42.9487,2.4271,483.9198
2017-04-23,商贸零售,CI005014.WI,41.5471,2.3574,350.1008
2017-04-30,商贸零售,CI005014.WI,38.4222,2.2616,314.9314
2017-05-07,商贸零售,CI005014.WI,38.0016,2.2369,266.8963
2017-05-14,商贸零售,CI005014.WI,36.6996,2.1582,318.5807
2017-05-21,商贸零售,CI005014.WI,37.4345,2.1919,289.6573
2017-05-28,商贸零售,CI005014.WI,36.4249,2.1383,306.6283
2017-06-04,商贸零售,CI005014.WI,36.3986,2.1378,240.6427
2017-06-11,商贸零售,CI005014.WI,37.3966,2.2002,364.5012
2017-06-18,商贸零售,CI005014.WI,37.7759,2.2189,370.3953
2017-06-25,商贸零售,CI005014.WI,37.7295,2.2143,343.7491
2017-07-02,商贸零售,CI005014.WI,38.2546,2.247,326.0198
2017-07-09,商贸零售,CI005014.WI,38.3847,2.2569,349.8942
2017-07-16,商贸零售,CI005014.WI,37.8152,2.2326,403.1028
2017-07-23,商贸零售,CI005014.WI,36.8908,2.2094,425.593
2017-07-30,商贸零售,CI005014.WI,37.163,2.2335,559.7763
2017-08-06,商贸零售,CI005014.WI,37.3145,2.2393,583.3134
2017-08-13,商贸零售,CI005014.WI,36.7093,2.2003,407.2416
2017-08-20,商贸零售,CI005014.WI,37.8626,2.2806,395.8486
2017-08-27,商贸零售,CI005014.WI,37.6055,2.2553,395.0768
2017-09-03,商贸零售,CI005014.WI,37.8021,2.2719,536.961
2017-09-10,商贸零售,CI005014.WI,37.7295,2.2675,442.3869
2017-09-17,商贸零售,CI005014.WI,38.0151,2.2843,423.7548
2017-09-24,商贸零售,CI005014.WI,38.5459,2.3166,480.5132
2017-10-01,商贸零售,CI005014.WI,38.5751,2.3183,362.7949
2017-10-15,商贸零售,CI005014.WI,39.9731,2.3989,522.7316
2017-10-22,商贸零售,CI005014.WI,40.1451,2.412,571.1644
2017-10-29,商贸零售,CI005014.WI,39.546,2.3926,497.2841
2017-11-05,商贸零售,CI005014.WI,35.3288,2.2639,534.5317
2017-11-12,商贸零售,CI005014.WI,36.1392,2.3115,467.5492
2017-11-19,商贸零售,CI005014.WI,34.0353,2.1772,500.0726
2017-11-26,商贸零售,CI005014.WI,33.4769,2.1415,407.0872
2017-12-03,商贸零售,CI005014.WI,33.2561,2.1273,304.8452
2017-12-10,商贸零售,CI005014.WI,33.4455,2.1394,356.9043
2017-12-17,商贸零售,CI005014.WI,34.3991,2.197,426.4668
2017-12-24,商贸零售,CI005014.WI,33.9478,2.1652,515.194
2017-12-31,商贸零售,CI005014.WI,33.7884,2.1383,363.6762
2018-01-07,商贸零售,CI005014.WI,34.4462,2.1784,350.4736
2018-01-14,商贸零售,CI005014.WI,34.3169,2.1703,399.2975
2018-01-21,商贸零售,CI005014.WI,34.373,2.1738,459.3555
2018-01-28,商贸零售,CI005014.WI,33.8493,2.2006,533.4382
2018-02-04,商贸零售,CI005014.WI,31.7219,2.0623,561.6598
2018-02-11,商贸零售,CI005014.WI,29.4657,1.9072,375.7512
2018-02-18,商贸零售,CI005014.WI,30.3822,1.962,147.1561
2018-02-25,商贸零售,CI005014.WI,30.861,1.9933,101.7546
2018-03-04,商贸零售,CI005014.WI,28.5482,2.0213,352.6286
2018-03-11,商贸零售,CI005014.WI,29.2924,2.0741,350.7687
2018-03-18,商贸零售,CI005014.WI,28.9644,2.0688,419.3171
2018-03-25,商贸零售,CI005014.WI,27.5729,2.0058,557.5046
2018-04-01,商贸零售,CI005014.WI,28.2169,2.0395,479.1757
2018-04-08,商贸零售,CI005014.WI,28.0112,2.0249,275.7312
2018-04-15,商贸零售,CI005014.WI,27.887,1.9957,374.837
2018-04-22,商贸零售,CI005014.WI,26.597,1.9061,343.3424
2018-04-29,商贸零售,CI005014.WI,25.271,1.8687,269.1625
2018-05-06,商贸零售,CI005014.WI,25.7008,1.9018,176.6152
2018-05-13,商贸零售,CI005014.WI,26.0418,1.9274,344.2127
2018-05-20,商贸零售,CI005014.WI,26.1278,1.9346,312.9125
2018-05-27,商贸零售,CI005014.WI,26.6883,1.9769,473.423
2018-06-03,商贸零售,CI005014.WI,26.7863,1.9897,574.6368
2018-06-10,商贸零售,CI005014.WI,25.943,1.9305,439.8547
2018-06-17,商贸零售,CI005014.WI,24.9246,1.8558,361.2101
2018-06-24,商贸零售,CI005014.WI,23.3606,1.7447,253.2816
2018-07-01,商贸零售,CI005014.WI,22.994,1.7189,223.2852
2018-07-08,商贸零售,CI005014.WI,21.6784,1.6248,304.8334
2018-07-15,商贸零售,CI005014.WI,23.6818,1.6658,284.2163
2018-07-22,商贸零售,CI005014.WI,23.4155,1.6601,268.566
2018-07-29,商贸零售,CI005014.WI,23.751,1.6852,315.4131
2018-08-05,商贸零售,CI005014.WI,19.5765,1.5819,318.4692
2018-08-12,商贸零售,CI005014.WI,19.5232,1.5793,271.0138
2018-08-19,商贸零售,CI005014.WI,18.4667,1.4965,225.5553
2018-08-26,商贸零售,CI005014.WI,17.8123,1.5031,181.821
2018-09-02,商贸零售,CI005014.WI,18.0915,1.5155,196.8334
2018-09-09,商贸零售,CI005014.WI,17.9232,1.5014,201.7524
2018-09-16,商贸零售,CI005014.WI,17.5659,1.4714,173.4985
2018-09-23,商贸零售,CI005014.WI,18.24,1.5279,210.5654
2018-09-30,商贸零售,CI005014.WI,18.2617,1.5297,171.3849
2018-10-14,商贸零售,CI005014.WI,16.4353,1.3769,206.9704
2018-10-21,商贸零售,CI005014.WI,15.8007,1.3292,182.5092
2018-10-28,商贸零售,CI005014.WI,16.2736,1.3718,239.7085
2018-11-04,商贸零售,CI005014.WI,16.4938,1.4181,265.719
2018-11-11,商贸零售,CI005014.WI,16.155,1.389,275.0809
2018-11-18,商贸零售,CI005014.WI,17.1217,1.4721,376.6791
2018-11-25,商贸零售,CI005014.WI,16.2977,1.4013,363.4922
2018-12-02,商贸零售,CI005014.WI,16.182,1.3919,231.1415
2018-12-09,商贸零售,CI005014.WI,16.2638,1.4332,266.147
2018-12-16,商贸零售,CI005014.WI,15.9944,1.4094,181.477
2018-12-23,商贸零售,CI005014.WI,15.6403,1.3782,162.835
2018-12-30,商贸零售,CI005014.WI,15.5969,1.3744,175.2919
2019-01-06,商贸零售,CI005014.WI,15.8481,1.3965,109.605
2019-01-13,商贸零售,CI005014.WI,16.1835,1.4261,219.9586
2019-01-20,商贸零售,CI005014.WI,16.2668,1.4333,219.4643
2019-01-27,商贸零售,CI005014.WI,16.1074,1.42,206.5751
2019-02-03,商贸零售,CI005014.WI,15.8685,1.407,269.3396
2019-02-17,商贸零售,CI005014.WI,16.602,1.472,295.1928
2019-02-24,商贸零售,CI005014.WI,17.3153,1.5292,405.9112
2019-03-03,商贸零售,CI005014.WI,16.8803,1.6021,673.4868
2019-03-10,商贸零售,CI005014.WI,17.1421,1.6226,833.005
2019-03-17,商贸零售,CI005014.WI,17.0715,1.6071,668.1113
2019-03-24,商贸零售,CI005014.WI,17.7098,1.683,627.266
2019-03-31,商贸零售,CI005014.WI,17.2106,1.6641,584.9757
2019-04-07,商贸零售,CI005014.WI,18.6354,1.7924,738.4553
2019-04-14,商贸零售,CI005014.WI,18.2665,1.7515,741.6967
2019-04-21,商贸零售,CI005014.WI,18.4056,1.7378,595.4309
2019-04-28,商贸零售,CI005014.WI,18.1068,1.6083,468.1199
2019-05-05,商贸零售,CI005014.WI,23.4725,1.6277,189.4072
2019-05-12,商贸零售,CI005014.WI,22.47,1.559,448.165
2019-05-19,商贸零售,CI005014.WI,22.0842,1.5329,363.8144
2019-05-26,商贸零售,CI005014.WI,21.1616,1.4698,279.4359
2019-06-02,商贸零售,CI005014.WI,21.368,1.4856,252.3016
2019-06-09,商贸零售,CI005014.WI,20.6005,1.4328,195.0731
2019-06-16,商贸零售,CI005014.WI,21.0754,1.4677,276.3893
2019-06-23,商贸零售,CI005014.WI,22.0235,1.5349,290.4112
2019-06-30,商贸零售,CI005014.WI,21.7985,1.5309,328.3411
2019-07-07,商贸零售,CI005014.WI,21.8846,1.535,294.4072
2019-07-14,商贸零售,CI005014.WI,21.0008,1.4746,219.8867
2019-07-21,商贸零售,CI005014.WI,20.9131,1.4693,193.0503
2019-07-28,商贸零售,CI005014.WI,25.0739,1.4771,196.5873
2019-08-04,商贸零售,CI005014.WI,27.4152,1.4282,188.6268
2019-08-11,商贸零售,CI005014.WI,26.6221,1.3857,227.8871
2019-08-18,商贸零售,CI005014.WI,27.3308,1.4122,199.3424
2019-08-25,商贸零售,CI005014.WI,27.8541,1.4373,225.9597
2019-09-01,商贸零售,CI005014.WI,27.6682,1.4384,283.0504
2019-09-08,商贸零售,CI005014.WI,28.0643,1.4589,302.9716
2019-09-15,商贸零售,CI005014.WI,28.5269,1.483,257.9079
2019-09-22,商贸零售,CI005014.WI,28.2072,1.4664,285.375
2019-09-29,商贸零售,CI005014.WI,27.4624,1.4276,262.1284
2019-10-06,商贸零售,CI005014.WI,27.2695,1.4176,39.7459
2019-10-13,商贸零售,CI005014.WI,27.6639,1.4381,169.5252
2019-10-20,商贸零售,CI005014.WI,27.082,1.4196,253.8692
2019-10-27,商贸零售,CI005014.WI,26.4751,1.4081,244.5484
2019-11-03,商贸零售,CI005014.WI,21.7908,1.3748,286.5402
2019-11-10,商贸零售,CI005014.WI,21.5006,1.3566,237.7324
2019-11-17,商贸零售,CI005014.WI,20.6274,1.3009,217.8426
2019-11-24,商贸零售,CI005014.WI,20.7356,1.3081,185.2967
2019-12-01,商贸零售,CI005014.WI,32.0379,1.3377,190.8458
2019-12-08,商贸零售,CI005014.WI,20.9975,1.3452,210.9747
2019-12-15,商贸零售,CI005014.WI,21.1222,1.3537,312.4665
2019-12-22,商贸零售,CI005014.WI,23.1651,1.4024,448.7715
2019-12-29,商贸零售,CI005014.WI,23.0285,1.3936,376.0781
2020-01-05,商贸零售,CI005014.WI,23.9349,1.4525,144.7773
2020-01-12,商贸零售,CI005014.WI,24.5118,1.4875,568.2291
2020-01-19,商贸零售,CI005014.WI,24.1992,1.4743,472.0689
2020-01-26,商贸零售,CI005014.WI,22.8446,1.3913,325.7846
2020-02-09,商贸零售,CI005014.WI,22.3063,1.336,436.8871
2020-02-16,商贸零售,CI005014.WI,22.432,1.3435,375.953
2020-02-23,商贸零售,CI005014.WI,23.6997,1.4194,447.8863
2020-03-01,商贸零售,CI005014.WI,22.4278,1.3335,504.4625
2020-03-08,商贸零售,CI005014.WI,22.0675,1.4494,527.5175
2020-03-15,商贸零售,CI005014.WI,25.8407,1.3835,538.4454
2020-03-22,商贸零售,CI005014.WI,24.7917,1.3471,431.7456
2020-03-29,商贸零售,CI005014.WI,25.1777,1.3627,407.8808
2020-04-05,商贸零售,CI005014.WI,24.4252,1.3363,379.4305
2020-04-12,商贸零售,CI005014.WI,25.0683,1.3685,340.7896
2020-04-19,商贸零售,CI005014.WI,27.5154,1.3798,309.6134
2020-04-26,商贸零售,CI005014.WI,28.7139,1.3847,345.3204
2020-05-03,商贸零售,CI005014.WI,33.8444,1.4381,376.9258
2020-05-10,商贸零售,CI005014.WI,34.3717,1.4605,241.8321
2020-05-17,商贸零售,CI005014.WI,34.8063,1.4806,389.7497
2020-05-24,商贸零售,CI005014.WI,34.6274,1.4736,473.1794
2020-05-31,商贸零售,CI005014.WI,36.1095,1.5417,479.4862
2020-06-07,商贸零售,CI005014.WI,40.02,1.6112,764.5979
2020-06-14,商贸零售,CI005014.WI,40.6193,1.6361,707.3002
2020-06-21,商贸零售,CI005014.WI,42.2468,1.6978,903.1373
2020-06-28,商贸零售,CI005014.WI,41.8354,1.6543,489.9374
2020-07-05,商贸零售,CI005014.WI,44.3057,1.756,789.251
2020-07-12,商贸零售,CI005014.WI,51.7304,2.056,1591.218
2020-07-19,商贸零售,CI005014.WI,47.4791,1.8888,1625.331
2020-07-26,商贸零售,CI005014.WI,46.4848,1.8481,1229.368
2020-08-02,商贸零售,CI005014.WI,52.0446,1.9213,971.46
2020-08-09,商贸零售,CI005014.WI,51.9163,1.9115,949.8765
2020-08-16,商贸零售,CI005014.WI,50.7354,1.8647,699.5043
2020-08-23,商贸零售,CI005014.WI,49.1026,1.8515,637.7663
2020-08-30,商贸零售,CI005014.WI,49.3714,1.798,523.0151
2020-09-06,商贸零售,CI005014.WI,50.0376,1.7762,503.0616
2020-09-13,商贸零售,CI005014.WI,48.0115,1.7043,476.9915
2020-09-20,商贸零售,CI005014.WI,48.4087,1.7184,395.9983
2020-09-27,商贸零售,CI005014.WI,46.8841,1.6652,369.2244
2020-10-04,商贸零售,CI005014.WI,46.0414,1.635,187.0377
2020-10-11,商贸零售,CI005014.WI,47.075,1.671,79.7537
2020-10-18,商贸零售,CI005014.WI,47.2915,1.6774,387.8061
2020-10-25,商贸零售,CI005014.WI,46.1417,1.6488,355.0362
2020-11-01,商贸零售,CI005014.WI,79.1317,1.5935,310.9196
2020-11-08,商贸零售,CI005014.WI,80.4485,1.6258,390.9551
2020-11-15,商贸零售,CI005014.WI,78.986,1.5963,430.4258
2020-11-22,商贸零售,CI005014.WI,79.2916,1.6025,472.6556
2020-11-29,商贸零售,CI005014.WI,78.0219,1.5768,381.7564
2020-12-06,商贸零售,CI005014.WI,78.6699,1.5806,382.0041
2020-12-13,商贸零售,CI005014.WI,75.0031,1.5036,396.8569
2020-12-20,商贸零售,CI005014.WI,74.8597,1.4977,396.2473
2020-12-27,商贸零售,CI005014.WI,72.6123,1.4511,426.5127
2021-01-03,商贸零售,CI005014.WI,73.2355,1.4622,325.9853
2021-01-10,商贸零售,CI005014.WI,72.4471,1.4837,647.8195
2021-01-17,商贸零售,CI005014.WI,71.4913,1.4641,626.9911
2021-01-24,商贸零售,CI005014.WI,72.8174,1.4902,628.5114
2021-01-31,商贸零售,CI005014.WI,68.9874,1.4216,597.3224
2021-02-07,商贸零售,CI005014.WI,66.9308,1.3837,579.8679
2021-02-14,商贸零售,CI005014.WI,67.8544,1.4028,286.6286
2021-02-21,商贸零售,CI005014.WI,71.3902,1.4759,236.7171
2021-02-28,商贸零售,CI005014.WI,81.4216,1.4519,528.54
2021-03-07,商贸零售,CI005014.WI,82.619,1.4874,442.1757
2021-03-14,商贸零售,CI005014.WI,80.8553,1.445,419.0848
2021-03-21,商贸零售,CI005014.WI,72.8244,1.4771,402.7249
2021-03-28,商贸零售,CI005014.WI,77.2312,1.4918,396.4156
2021-04-04,商贸零售,CI005014.WI,79.8117,1.4906,366.1056
2021-04-11,商贸零售,CI005014.WI,82.1301,1.5063,295.1064
2021-04-18,商贸零售,CI005014.WI,74.3784,1.521,491.0234
2021-04-25,商贸零售,CI005014.WI,74.828,1.495,536.5083
2021-05-02,商贸零售,CI005014.WI,53.1971,1.5315,490.5398
2021-05-09,商贸零售,CI005014.WI,52.7427,1.5195,228.3202
2021-05-16,商贸零售,CI005014.WI,52.1743,1.5488,556.2652
2021-05-23,商贸零售,CI005014.WI,52.4941,1.5601,575.746
2021-05-30,商贸零售,CI005014.WI,53.9528,1.605,653.9986
2021-06-06,商贸零售,CI005014.WI,53.1773,1.6478,752.475
2021-06-13,商贸零售,CI005014.WI,51.851,1.6086,598.5416
2021-06-20,商贸零售,CI005014.WI,50.107,1.5609,382.5731
2021-06-27,商贸零售,CI005014.WI,50.0391,1.5928,431.5728
2021-07-04,商贸零售,CI005014.WI,50.3286,1.604,468.0231
2021-07-11,商贸零售,CI005014.WI,50.3291,1.5619,591.4864
2021-07-18,商贸零售,CI005014.WI,50.4534,1.5669,703.8227
2021-07-25,商贸零售,CI005014.WI,49.488,1.5386,619.8952
2021-08-01,商贸零售,CI005014.WI,59.3844,1.4707,553.4621
2021-08-08,商贸零售,CI005014.WI,60.685,1.4917,559.1221
2021-08-15,商贸零售,CI005014.WI,62.7516,1.5346,615.9269
2021-08-22,商贸零售,CI005014.WI,59.7226,1.4523,454.3421
2021-08-29,商贸零售,CI005014.WI,62.8936,1.4687,439.2085
2021-09-05,商贸零售,CI005014.WI,58.9426,1.5068,546.4208
2021-09-12,商贸零售,CI005014.WI,60.8312,1.5551,553.7349
2021-09-19,商贸零售,CI005014.WI,58.2566,1.4873,553.086
2021-09-26,商贸零售,CI005014.WI,58.7009,1.4972,274.6312
2021-10-03,商贸零售,CI005014.WI,57.3381,1.4688,357.9835
2021-10-10,商贸零售,CI005014.WI,58.4112,1.496,87.8046
2021-10-17,商贸零售,CI005014.WI,57.9061,1.4844,447.1037
2021-10-24,商贸零售,CI005014.WI,58.647,1.4834,431.9808
2021-10-31,商贸零售,CI005014.WI,104.6971,1.4655,460.5654
2021-11-07,商贸零售,CI005014.WI,104.2049,1.4421,467.2812
2021-11-14,商贸零售,CI005014.WI,104.2502,1.4428,379.5953
2021-11-21,商贸零售,CI005014.WI,105.0634,1.454,417.6216
2021-11-28,商贸零售,CI005014.WI,105.8294,1.4653,525.2213
2021-12-05,商贸零售,CI005014.WI,105.5981,1.4621,495.9812
2021-12-12,商贸零售,CI005014.WI,106.7512,1.4781,464.4594
2021-12-19,商贸零售,CI005014.WI,106.2495,1.462,453.127
2021-12-26,商贸零售,CI005014.WI,107.7282,1.4824,513.9684
2022-01-02,商贸零售,CI005014.WI,94.3774,1.5033,461.0481
2022-01-09,商贸零售,CI005014.WI,94.7122,1.5127,510.6387
2022-01-16,商贸零售,CI005014.WI,94.1827,1.5042,547.1682
2022-01-23,商贸零售,CI005014.WI,93.0239,1.4857,533.0371
2022-01-30,商贸零售,CI005014.WI,88.5224,1.4147,521.4478
2022-02-13,商贸零售,CI005014.WI,91.0484,1.503,631.4769
2022-02-20,商贸零售,CI005014.WI,90.9888,1.5032,572.8084
2022-02-27,商贸零售,CI005014.WI,88.2654,1.4712,617.5142
2022-03-06,商贸零售,CI005014.WI,87.3372,1.4726,616.8703
2022-03-13,商贸零售,CI005014.WI,77.89,1.4074,598.4073
2022-03-20,商贸零售,CI005014.WI,86.1751,1.3653,554.8993
2022-03-27,商贸零售,CI005014.WI,85.6095,1.3808,521.2424
2022-04-03,商贸零售,CI005014.WI,84.791,1.442,585.6394
2022-04-10,商贸零售,CI005014.WI,89.6498,1.4323,409.3313
2022-04-17,商贸零售,CI005014.WI,82.6084,1.4339,911.9909
2022-04-24,商贸零售,CI005014.WI,65.7645,1.3791,840.9841
2022-05-01,商贸零售,CI005014.WI,,1.421,776.0921
2022-05-08,商贸零售,CI005014.WI,,1.4202,345.7533
2022-05-15,商贸零售,CI005014.WI,,1.4733,948.2677
2022-05-22,商贸零售,CI005014.WI,,1.4856,809.5152
2022-05-29,商贸零售,CI005014.WI,,1.4763,726.7732
2022-06-05,商贸零售,CI005014.WI,,1.4942,587.3566
2022-06-12,商贸零售,CI005014.WI,,1.4886,686.0623
2022-06-19,商贸零售,CI005014.WI,,1.4962,625.6467
2022-06-26,商贸零售,CI005014.WI,,1.4944,505.6077
2022-07-03,商贸零售,CI005014.WI,,1.5316,654.4752
2022-07-10,商贸零售,CI005014.WI,,1.4921,490.4448
2022-07-17,商贸零售,CI005014.WI,,1.4289,416.2137
2022-07-24,商贸零售,CI005014.WI,,1.4558,391.3596
2022-07-31,商贸零售,CI005014.WI,,1.4461,390.7969
2022-08-07,商贸零售,CI005014.WI,,1.4087,348.3369
2022-08-14,商贸零售,CI005014.WI,,1.4591,367.1428
2022-08-21,商贸零售,CI005014.WI,,1.4491,424.045
2022-08-28,商贸零售,CI005014.WI,,1.4292,441.3118
2022-09-04,商贸零售,CI005014.WI,,1.4246,431.4428
2022-09-11,商贸零售,CI005014.WI,,1.422,424.6369
2022-09-18,商贸零售,CI005014.WI,,1.3656,452.2552
2022-09-25,商贸零售,CI005014.WI,,1.3455,478.7855
2022-10-02,商贸零售,CI005014.WI,,1.2849,432.7205
2022-10-16,商贸零售,CI005014.WI,,1.3097,360.4416
2022-10-23,商贸零售,CI005014.WI,,1.2999,372.7065
2022-10-30,商贸零售,CI005014.WI,,1.2381,424.0262
2022-11-06,商贸零售,CI005014.WI,,1.3274,506.2923
2022-11-13,商贸零售,CI005014.WI,,1.3729,525.558
2022-11-20,商贸零售,CI005014.WI,,1.3987,505.6711
2022-11-27,商贸零售,CI005014.WI,,1.3859,437.6959
2022-12-04,商贸零售,CI005014.WI,,1.4739,682.7623
2022-12-11,商贸零售,CI005014.WI,,1.5407,1051.1632
2022-12-18,商贸零售,CI005014.WI,,1.5207,951.4105
2022-12-25,商贸零售,CI005014.WI,,1.455,763.1312
2023-01-01,商贸零售,CI005014.WI,,1.5071,854.2853
2023-01-08,商贸零售,CI005014.WI,,1.4869,877.0542
2023-01-15,商贸零售,CI005014.WI,,1.4907,706.1594
2023-01-22,商贸零售,CI005014.WI,,1.5057,634.6613
2023-02-05,商贸零售,CI005014.WI,,1.5319,777.4044
2023-02-12,商贸零售,CI005014.WI,,1.533,639.4377
2023-02-19,商贸零售,CI005014.WI,,1.5102,609.9965
2023-02-26,商贸零售,CI005014.WI,,1.5282,506.6562
2023-03-05,商贸零售,CI005014.WI,,1.5455,452.1533
2023-03-12,商贸零售,CI005014.WI,,1.4939,556.6656
2023-03-19,商贸零售,CI005014.WI,,1.5033,553.9842
2023-03-26,商贸零售,CI005014.WI,,1.5309,777.3086
2023-04-02,商贸零售,CI005014.WI,,1.548,679.7692
2023-04-09,商贸零售,CI005014.WI,,1.5355,512.6955
2023-04-16,商贸零售,CI005014.WI,,1.5379,688.4015
2023-04-23,商贸零售,CI005014.WI,,1.4839,681.8653
2023-04-30,商贸零售,CI005014.WI,,1.5742,718.2873
2023-05-07,商贸零售,CI005014.WI,,1.6053,392.9561
2023-05-14,商贸零售,CI005014.WI,,1.5909,874.8013
2023-05-21,商贸零售,CI005014.WI,,1.5353,616.105
2023-05-28,商贸零售,CI005014.WI,,1.5042,516.776
2023-06-04,商贸零售,CI005014.WI,,1.5271,539.5037
2023-06-11,商贸零售,CI005014.WI,,1.5472,647.4258
2023-06-18,商贸零售,CI005014.WI,,1.5704,707.1404
2023-06-25,商贸零售,CI005014.WI,,1.5023,366.6684
2023-07-02,商贸零售,CI005014.WI,5414.8662,1.5086,446.2358
2023-07-09,商贸零售,CI005014.WI,5411.8447,1.5109,411.8378
2023-07-16,商贸零售,CI005014.WI,4810.6494,1.5289,436.7653
2023-07-23,商贸零售,CI005014.WI,4869.1079,1.5702,619.3943
2023-07-30,商贸零售,CI005014.WI,4918.7285,1.5856,696.3979
2023-08-06,商贸零售,CI005014.WI,4993.7534,1.6104,896.8294
2023-08-13,商贸零售,CI005014.WI,2706.3943,1.5443,460.8767
2023-08-20,商贸零售,CI005014.WI,2474.4031,1.5286,502.6954
2023-08-27,商贸零售,CI005014.WI,612.8312,1.4667,415.2741
2023-09-03,商贸零售,CI005014.WI,781.739,1.4989,521.1968
2023-09-10,商贸零售,CI005014.WI,774.3353,1.4847,538.1428
2023-09-17,商贸零售,CI005014.WI,782.721,1.5008,456.4454
2023-09-24,商贸零售,CI005014.WI,773.8344,1.4826,460.3125
2023-10-01,商贸零售,CI005014.WI,775.749,1.4881,355.3849
2023-10-15,商贸零售,CI005014.WI,1391.9803,1.4182,451.7835
2023-10-22,商贸零售,CI005014.WI,3146.9534,1.3715,403.2609
2023-10-29,商贸零售,CI005014.WI,,1.4002,443.8918
2023-11-05,商贸零售,CI005014.WI,,1.3989,492.2358
2023-11-12,商贸零售,CI005014.WI,,1.4053,504.092
2023-11-19,商贸零售,CI005014.WI,,1.4491,492.9281
2023-11-26,商贸零售,CI005014.WI,,1.4728,689.2666
2023-12-03,商贸零售,CI005014.WI,4170.5962,1.4754,665.3339
2023-12-10,商贸零售,CI005014.WI,4051.1245,1.4332,726.1364
2023-12-17,商贸零售,CI005014.WI,4137.4272,1.4637,632.3893
2023-12-24,商贸零售,CI005014.WI,3931.417,1.3908,559.2519
2023-12-31,商贸零售,CI005014.WI,3952.2532,1.3982,405.7396
2024-01-14,商贸零售,CI005014.WI,2602.5718,1.4216,565.9455
2024-01-21,商贸零售,CI005014.WI,2549.1086,1.3924,654.0417
2024-01-28,商贸零售,CI005014.WI,2727.2744,1.3963,649.6806
2024-02-04,商贸零售,CI005014.WI,1982.1403,1.2177,558.5253
2024-02-11,商贸零售,CI005014.WI,2021.6039,1.242,523.1677
2024-02-25,商贸零售,CI005014.WI,2127.7996,1.3077,554.528
2024-03-03,商贸零售,CI005014.WI,2150.4849,1.3216,614.0223
2024-03-10,商贸零售,CI005014.WI,749.7054,1.3117,498.496
2024-03-17,商贸零售,CI005014.WI,673.1163,1.3455,457.5354
2024-03-24,商贸零售,CI005014.WI,,1.347,541.6059
2024-03-31,商贸零售,CI005014.WI,64.3849,1.3249,443.0049
2024-04-07,商贸零售,CI005014.WI,62.574,1.3641,323.345
2024-04-14,商贸零售,CI005014.WI,68.3218,1.3487,633.6028
2024-04-21,商贸零售,CI005014.WI,56.0807,1.2663,572.6531
2024-04-28,商贸零售,CI005014.WI,63.1075,1.2581,396.5443
2024-05-05,商贸零售,CI005014.WI,59.3852,1.2898,198.6874
2024-05-12,商贸零售,CI005014.WI,59.7961,1.2989,437.5364
2024-05-19,商贸零售,CI005014.WI,60.1819,1.3091,422.8831
2024-05-26,商贸零售,CI005014.WI,58.1783,1.2659,422.5226
2024-06-02,商贸零售,CI005014.WI,57.5103,1.2539,373.1259
2024-06-09,商贸零售,CI005014.WI,55.4527,1.2125,423.0564
2024-06-16,商贸零售,CI005014.WI,54.3427,1.1899,284.6543
2024-06-23,商贸零售,CI005014.WI,51.6146,1.1335,305.3358
2024-06-30,商贸零售,CI005014.WI,48.6933,1.1033,303.0203
2024-07-07,商贸零售,CI005014.WI,49.3121,1.1205,346.3175
2024-07-14,商贸零售,CI005014.WI,49.2147,1.1133,335.7529
2024-07-21,商贸零售,CI005014.WI,48.7608,1.1031,327.0712
2024-07-28,商贸零售,CI005014.WI,47.7837,1.08,270.4853
2024-08-04,商贸零售,CI005014.WI,49.4121,1.1168,322.9265
2024-08-11,商贸零售,CI005014.WI,49.9689,1.1285,508.2797
2024-08-18,商贸零售,CI005014.WI,45.8918,1.0867,301.8969
2024-08-25,商贸零售,CI005014.WI,49.3461,1.0563,292.3697
2024-09-01,商贸零售,CI005014.WI,50.3582,1.0822,335.3126
2024-09-08,商贸零售,CI005014.WI,50.2392,1.0796,331.3953
2024-09-15,商贸零售,CI005014.WI,49.1697,1.0569,335.5774
2024-09-22,商贸零售,CI005014.WI,50.6473,1.0907,214.1315
2024-09-29,商贸零售,CI005014.WI,57.8197,1.2458,680.6239
2024-10-06,商贸零售,CI005014.WI,62.9009,1.3554,296.1319
2024-10-13,商贸零售,CI005014.WI,59.1413,1.2734,1085.0889
2024-10-20,商贸零售,CI005014.WI,56.8454,1.2763,950.1858
2024-10-27,商贸零售,CI005014.WI,59.4785,1.3368,982.1459
2024-11-03,商贸零售,CI005014.WI,47.9924,1.3583,1461.1007
2024-11-10,商贸零售,CI005014.WI,52.8483,1.496,1634.787
2024-11-17,商贸零售,CI005014.WI,49.8482,1.411,1526.6578
2024-11-24,商贸零售,CI005014.WI,51.4026,1.452,1413.513
2024-12-01,商贸零售,CI005014.WI,55.3157,1.5627,1606.7211
2024-12-08,商贸零售,CI005014.WI,57.2241,1.6169,2235.0463
2024-12-15,商贸零售,CI005014.WI,61.4805,1.7372,2471.2658
2024-12-22,商贸零售,CI005014.WI,58.4789,1.6535,2171.8365
2024-12-29,商贸零售,CI005014.WI,57.4271,1.6241,1802.792
2025-01-05,商贸零售,CI005014.WI,54.2743,1.5348,1713.539
2025-01-12,商贸零售,CI005014.WI,50.8004,1.4366,1505.1381
2025-01-19,商贸零售,CI005014.WI,52.3761,1.4987,1438.4658
2025-01-26,商贸零售,CI005014.WI,52.3454,1.4987,1259.2327
2025-02-02,商贸零售,CI005014.WI,51.2265,1.4667,200.5667
2025-02-09,商贸零售,CI005014.WI,51.6158,1.4779,621.943
2025-02-16,商贸零售,CI005014.WI,53.8203,1.541,1418.2687
2025-02-23,商贸零售,CI005014.WI,53.0413,1.5187,1191.7
2025-03-02,商贸零售,CI005014.WI,53.5871,1.5124,1300.0657
2025-03-09,商贸零售,CI005014.WI,54.1546,1.5217,1075.4366
2025-03-16,商贸零售,CI005014.WI,56.5741,1.5731,1176.7076
2025-03-23,商贸零售,CI005014.WI,54.3605,1.5141,1119.1088
2025-03-30,商贸零售,CI005014.WI,49.1657,1.4964,705.0385
2025-04-06,商贸零售,CI005014.WI,49.1617,1.5015,557.4804
2025-04-13,商贸零售,CI005014.WI,48.7902,1.5135,1619.7919
2025-04-20,商贸零售,CI005014.WI,49.3849,1.5268,1725.2073
2025-04-27,商贸零售,CI005014.WI,54.7809,1.5445,1582.0228
2025-05-04,商贸零售,CI005014.WI,51.9194,1.5367,731.442
2025-05-11,商贸零售,CI005014.WI,52.5414,1.5552,928.5965
2025-05-18,商贸零售,CI005014.WI,53.6866,1.5895,1205.0947
2025-05-25,商贸零售,CI005014.WI,53.3695,1.5806,1276.8435
2025-06-01,商贸零售,CI005014.WI,54.2364,1.6091,1233.9573
2025-06-08,商贸零售,CI005014.WI,54.774,1.626,947.9664
2025-06-15,商贸零售,CI005014.WI,54.5676,1.6331,1226.9781
2025-06-22,商贸零售,CI005014.WI,52.2526,1.5694,905.1023
2025-06-29,商贸零售,CI005014.WI,54.3688,1.6352,994.4654
2025-07-06,商贸零售,CI005014.WI,54.5244,1.6381,1024.0138
2025-07-13,商贸零售,CI005014.WI,55.4759,1.6695,1151.3974
2025-07-20,商贸零售,CI005014.WI,55.4528,1.6786,997.1134
2025-07-27,商贸零售,CI005014.WI,56.2089,1.7019,1067.0424
2025-08-03,商贸零售,CI005014.WI,55.1625,1.6711,1066.7797
2025-08-10,商贸零售,CI005014.WI,55.0579,1.6713,839.6455
2025-08-17,商贸零售,CI005014.WI,54.945,1.683,1130.4687
2025-08-24,商贸零售,CI005014.WI,55.8476,1.7457,1356.5051
2025-08-31,商贸零售,CI005014.WI,63.768,1.7788,1782.9953
2025-09-07,商贸零售,CI005014.WI,63.7959,1.777,1908.1056
2025-09-14,商贸零售,CI005014.WI,64.4092,1.7942,1757.0976
2025-09-21,商贸零售,CI005014.WI,63.3229,1.7642,1648.7766
2025-09-28,商贸零售,CI005014.WI,60.7457,1.6937,1053.9002
2025-10-05,商贸零售,CI005014.WI,60.9401,1.6999,383.9173
2025-10-12,商贸零售,CI005014.WI,61.0063,1.7018,419.6844
2025-10-19,商贸零售,CI005014.WI,57.6844,1.6961,1225.7409
2025-10-26,商贸零售,CI005014.WI,56.9083,1.6887,1015.6533
2025-11-02,商贸零售,CI005014.WI,89.5008,1.694,1003.2555
2025-11-09,商贸零售,CI005014.WI,88.4811,1.6747,902.326
2025-11-16,商贸零售,CI005014.WI,91.2625,1.7282,1305.6549
2025-11-23,商贸零售,CI005014.WI,85.5962,1.6218,1296.3591
2025-11-30,商贸零售,CI005014.WI,89.1274,1.6888,1246.4763
2025-12-07,商贸零售,CI005014.WI,91.1104,1.6693,1214.6023
2025-12-14,商贸零售,CI005014.WI,91.2198,1.6715,1692.6089
2025-12-21,商贸零售,CI005014.WI,96.9908,1.7773,2303.3291
2025-12-28,商贸零售,CI005014.WI,95.5838,1.7516,2125.9995
2026-01-04,商贸零售,CI005014.WI,92.9692,1.7037,954.1039
2026-01-11,商贸零售,CI005014.WI,97.2129,1.7812,1690.645
2026-01-18,商贸零售,CI005014.WI,100.7603,1.7806,2451.6434
2026-01-25,商贸零售,CI005014.WI,102.8277,1.8172,1517.8618
2026-02-01,商贸零售,CI005014.WI,100.0559,1.7848,1705.1107
2026-02-08,商贸零售,CI005014.WI,99.3267,1.7725,1599.1448
2026-02-15,商贸零售,CI005014.WI,96.0563,1.7131,1101.8368
2026-03-01,商贸零售,CI005014.WI,95.3085,1.7248,714.3169
2026-03-08,商贸零售,CI005014.WI,90.6951,1.6638,989.0416
2026-03-15,商贸零售,CI005014.WI,89.3309,1.6392,734.1264
2026-03-22,商贸零售,CI005014.WI,85.0354,1.5604,725.2123
2026-03-29,商贸零售,CI005014.WI,125.9517,1.5618,710.6505
2026-04-05,商贸零售,CI005014.WI,,1.5764,627.4602
2026-04-12,商贸零售,CI005014.WI,,1.6272,553.9212
2026-04-19,商贸零售,CI005014.WI,,1.6422,784.2697
2026-04-26,商贸零售,CI005014.WI,,1.6196,925.0058
2026-05-03,商贸零售,CI005014.WI,,1.6238,782.9496
2026-05-10,商贸零售,CI005014.WI,,1.6526,679.9395
2026-05-17,商贸零售,CI005014.WI,,1.5949,1126.7769
2026-05-24,商贸零售,CI005014.WI,,1.5668,975.4117
2026-05-31,商贸零售,CI005014.WI,,1.5523,1088.3819
2026-06-07,商贸零售,CI005014.WI,,1.5007,1011.7241
2026-06-14,商贸零售,CI005014.WI,,1.4531,796.9071
2026-06-21,商贸零售,CI005014.WI,,1.4306,638.3545
2026-06-28,商贸零售,CI005014.WI,,1.3452,778.2804
2026-07-05,商贸零售,CI005014.WI,,1.4071,788.9546
2026-07-12,商贸零售,CI005014.WI,,1.3737,621.1219
2026-07-19,商贸零售,CI005014.WI,,1.3671,848.3505
2026-07-26,商贸零售,CI005014.WI,,1.343,834.0658
2026-08-02,商贸零售,CI005014.WI,,1.4533,903.9378
2026-08-09,商贸零售,CI005014.WI,,1.4673,996.0224
2016-01-10,国防军工,CI005012.WI,170.0668,5.0347,1046.7598
2016-01-17,国防军工,CI005012.WI,150.3349,4.4505,759.2922
2016-01-24,国防军工,CI005012.WI,150.8463,4.555,757.0502
2016-01-31,国防军工,CI005012.WI,135.5879,4.0943,668.1241
2016-02-07,国防军工,CI005012.WI,139.3497,4.2227,585.9438
2016-02-21,国防军工,CI005012.WI,148.412,4.5257,733.1251
2016-02-28,国防军工,CI005012.WI,132.1052,4.0774,730.1861
2016-03-06,国防军工,CI005012.WI,132.1684,4.0829,736.8992
2016-03-13,国防军工,CI005012.WI,127.0773,3.9239,546.7467
2016-03-20,国防军工,CI005012.WI,149.9644,4.2908,663.4578
2016-03-27,国防军工,CI005012.WI,149.7649,4.457,1031.0162
2016-04-03,国防军工,CI005012.WI,141.0528,4.3863,708.7878
2016-04-10,国防军工,CI005012.WI,138.7508,4.3323,574.6353
2016-04-17,国防军工,CI005012.WI,137.5812,4.4908,638.4057
2016-04-24,国防军工,CI005012.WI,128.7144,4.2048,552.9991
2016-05-01,国防军工,CI005012.WI,165.1181,4.198,381.0699
2016-05-08,国防军工,CI005012.WI,163.3108,4.152,419.7585
2016-05-15,国防军工,CI005012.WI,156.0448,3.967,325.4563
2016-05-22,国防军工,CI005012.WI,158.1613,4.0283,371.0223
2016-05-29,国防军工,CI005012.WI,157.598,4.0183,360.2116
2016-06-05,国防军工,CI005012.WI,165.6689,4.2318,554.1305
2016-06-12,国防军工,CI005012.WI,167.9934,4.2938,312.5107
2016-06-19,国防军工,CI005012.WI,167.8033,4.2981,676.9317
2016-06-26,国防军工,CI005012.WI,168.7913,4.325,642.0821
2016-07-03,国防军工,CI005012.WI,179.6117,4.5579,831.5205
2016-07-10,国防军工,CI005012.WI,192.7742,4.8924,1349.5036
2016-07-17,国防军工,CI005012.WI,192.1529,4.8876,1137.8793
2016-07-24,国防军工,CI005012.WI,189.1171,4.8101,588.4089
2016-07-31,国防军工,CI005012.WI,175.5331,4.5227,622.3241
2016-08-07,国防军工,CI005012.WI,172.7016,4.4505,323.9678
2016-08-14,国防军工,CI005012.WI,173.1611,4.5414,437.2114
2016-08-21,国防军工,CI005012.WI,177.2987,4.6992,523.9818
2016-08-28,国防军工,CI005012.WI,177.135,4.6088,375.02
2016-09-04,国防军工,CI005012.WI,145.8603,4.456,493.7197
2016-09-11,国防军工,CI005012.WI,147.3394,4.5012,368.2948
2016-09-18,国防军工,CI005012.WI,142.4895,4.3272,212.5136
2016-09-25,国防军工,CI005012.WI,142.7707,4.3357,229.9957
2016-10-02,国防军工,CI005012.WI,140.5989,4.2584,218.1613
2016-10-16,国防军工,CI005012.WI,145.7649,4.3843,304.6653
2016-10-23,国防军工,CI005012.WI,146.1993,4.3822,348.3194
2016-10-30,国防军工,CI005012.WI,116.3317,4.2863,330.2202
2016-11-06,国防军工,CI005012.WI,114.0437,4.2134,316.2442
2016-11-13,国防军工,CI005012.WI,115.3078,4.2601,335.6398
2016-11-20,国防军工,CI005012.WI,115.7511,4.2454,411.746
2016-11-27,国防军工,CI005012.WI,116.3179,4.2662,439.5742
2016-12-04,国防军工,CI005012.WI,115.8637,4.2495,510.3896
2016-12-11,国防军工,CI005012.WI,114.815,4.211,438.9611
2016-12-18,国防军工,CI005012.WI,112.8103,4.1375,524.1841
2016-12-25,国防军工,CI005012.WI,113.0248,4.1454,350.1552
2017-01-01,国防军工,CI005012.WI,111.6537,4.0935,282.0854
2017-01-08,国防军工,CI005012.WI,117.0586,4.2733,457.5991
2017-01-15,国防军工,CI005012.WI,116.2798,4.2449,723.4385
2017-01-22,国防军工,CI005012.WI,114.7944,4.197,462.5312
2017-01-29,国防军工,CI005012.WI,117.072,4.2824,319.8128
2017-02-05,国防军工,CI005012.WI,117.5548,4.3001,83.0042
2017-02-12,国防军工,CI005012.WI,116.7339,4.3766,590.6245
2017-02-19,国防军工,CI005012.WI,116.0869,4.3515,544.9341
2017-02-26,国防军工,CI005012.WI,119.2673,4.3256,493.6353
2017-03-05,国防军工,CI005012.WI,117.2058,4.3112,475.8953
2017-03-12,国防军工,CI005012.WI,116.0771,4.2772,574.1658
2017-03-19,国防军工,CI005012.WI,114.5265,4.2417,521.0079
2017-03-26,国防军工,CI005012.WI,113.653,4.2216,419.9773
2017-04-02,国防军工,CI005012.WI,127.9685,4.1721,524.9169
2017-04-09,国防军工,CI005012.WI,131.6288,4.2745,384.1455
2017-04-16,国防军工,CI005012.WI,133.7115,4.377,1038.5883
2017-04-23,国防军工,CI005012.WI,123.0291,4.0754,482.9408
2017-04-30,国防军工,CI005012.WI,92.9383,3.9922,433.749
2017-05-07,国防军工,CI005012.WI,87.7761,3.7707,311.2599
2017-05-14,国防军工,CI005012.WI,81.0152,3.4819,372.1059
2017-05-21,国防军工,CI005012.WI,81.6354,3.5097,251.3728
2017-05-28,国防军工,CI005012.WI,78.6114,3.3051,236.5206
2017-06-04,国防军工,CI005012.WI,77.9425,3.2769,109.6198
2017-06-11,国防军工,CI005012.WI,80.5604,3.3875,232.7505
2017-06-18,国防军工,CI005012.WI,82.2737,3.4647,282.3787
2017-06-25,国防军工,CI005012.WI,82.4048,3.4725,379.9368
2017-07-02,国防军工,CI005012.WI,83.2009,3.512,268.7213
2017-07-09,国防军工,CI005012.WI,84.9802,3.5635,349.4886
2017-07-16,国防军工,CI005012.WI,83.9488,3.5211,392.7625
2017-07-23,国防军工,CI005012.WI,81.2972,3.4104,335.4225
2017-07-30,国防军工,CI005012.WI,82.5935,3.4725,396.2895
2017-08-06,国防军工,CI005012.WI,84.3366,3.5515,496.5686
2017-08-13,国防军工,CI005012.WI,83.6306,3.5222,685.7073
2017-08-20,国防军工,CI005012.WI,85.8515,3.5848,581.4941
2017-08-27,国防军工,CI005012.WI,82.9886,3.528,326.2756
2017-09-03,国防军工,CI005012.WI,84.6185,3.5179,360.9613
2017-09-10,国防军工,CI005012.WI,84.5842,3.5096,416.5765
2017-09-17,国防军工,CI005012.WI,85.6023,3.5518,339.6052
2017-09-24,国防军工,CI005012.WI,85.0945,3.5307,352.6606
2017-10-01,国防军工,CI005012.WI,88.0163,3.509,394.5314
2017-10-15,国防军工,CI005012.WI,89.1575,3.5545,423.0033
2017-10-22,国防军工,CI005012.WI,86.8588,3.475,347.618
2017-10-29,国防军工,CI005012.WI,89.7785,3.4116,249.0642
2017-11-05,国防军工,CI005012.WI,82.5851,3.2572,239.2564
2017-11-12,国防军工,CI005012.WI,85.0169,3.3531,332.8821
2017-11-19,国防军工,CI005012.WI,79.9531,3.179,358.9575
2017-11-26,国防军工,CI005012.WI,80.6984,3.2087,375.8357
2017-12-03,国防军工,CI005012.WI,80.4094,3.1939,280.7675
2017-12-10,国防军工,CI005012.WI,80.9403,3.215,367.3139
2017-12-17,国防军工,CI005012.WI,84.3278,3.2471,303.5009
2017-12-24,国防军工,CI005012.WI,82.7944,3.1681,254.9407
2017-12-31,国防军工,CI005012.WI,81.9612,3.1361,238.8786
2018-01-07,国防军工,CI005012.WI,83.0822,3.179,232.9038
2018-01-14,国防军工,CI005012.WI,81.4112,3.1151,302.4283
2018-01-21,国防军工,CI005012.WI,78.7883,3.0147,333.0187
2018-01-28,国防军工,CI005012.WI,80.7234,3.0888,359.7176
2018-02-04,国防军工,CI005012.WI,74.6375,2.8516,281.9024
2018-02-11,国防军工,CI005012.WI,66.5999,2.547,268.2626
2018-02-18,国防军工,CI005012.WI,68.6499,2.6233,122.7117
2018-02-25,国防军工,CI005012.WI,71.0394,2.6744,71.9354
2018-03-04,国防军工,CI005012.WI,80.8784,2.6902,412.9106
2018-03-11,国防军工,CI005012.WI,83.2086,2.7732,368.5676
2018-03-18,国防军工,CI005012.WI,81.189,2.6865,336.1475
2018-03-25,国防军工,CI005012.WI,79.4246,2.6237,442.7932
2018-04-01,国防军工,CI005012.WI,79.8739,2.9115,750.1131
2018-04-08,国防军工,CI005012.WI,81.0296,2.952,507.4935
2018-04-15,国防军工,CI005012.WI,79.4634,2.9332,728.2287
2018-04-22,国防军工,CI005012.WI,81.2847,2.9934,755.536
2018-04-29,国防军工,CI005012.WI,78.4699,2.8451,549.9286
2018-05-06,国防军工,CI005012.WI,77.9196,2.8376,245.3685
2018-05-13,国防军工,CI005012.WI,76.9794,2.806,380.4083
2018-05-20,国防军工,CI005012.WI,76.4157,2.7822,297.2172
2018-05-27,国防军工,CI005012.WI,75.3834,2.7446,315.0607
2018-06-03,国防军工,CI005012.WI,70.1527,2.5548,280.506
2018-06-10,国防军工,CI005012.WI,64.21,2.4672,243.5367
2018-06-17,国防军工,CI005012.WI,60.3673,2.3226,214.8006
2018-06-24,国防军工,CI005012.WI,57.9364,2.2308,233.0143
2018-07-01,国防军工,CI005012.WI,67.8156,2.3418,223.2864
2018-07-08,国防军工,CI005012.WI,68.4732,2.3651,318.6282
2018-07-15,国防军工,CI005012.WI,69.6043,2.4065,284.7712
2018-07-22,国防军工,CI005012.WI,69.4446,2.4023,265.1026
2018-07-29,国防军工,CI005012.WI,71.4737,2.4865,369.2767
2018-08-05,国防军工,CI005012.WI,65.3137,2.2735,293.8686
2018-08-12,国防军工,CI005012.WI,66.1144,2.3192,226.7597
2018-08-19,国防军工,CI005012.WI,63.9581,2.2495,196.8716
2018-08-26,国防军工,CI005012.WI,67.2656,2.2977,183.4103
2018-09-02,国防军工,CI005012.WI,63.1177,2.3301,336.3736
2018-09-09,国防军工,CI005012.WI,65.889,2.4559,485.4761
2018-09-16,国防军工,CI005012.WI,65.737,2.4502,480.4468
2018-09-23,国防军工,CI005012.WI,65.8636,2.4549,406.0506
2018-09-30,国防军工,CI005012.WI,65.2941,2.4337,286.972
2018-10-14,国防军工,CI005012.WI,58.7315,2.1831,306.2829
2018-10-21,国防军工,CI005012.WI,56.5367,2.1119,247.2402
2018-10-28,国防军工,CI005012.WI,55.8381,2.1445,275.8853
2018-11-04,国防军工,CI005012.WI,58.004,2.2198,269.1211
2018-11-11,国防军工,CI005012.WI,56.7644,2.1723,258.0729
2018-11-18,国防军工,CI005012.WI,59.7086,2.285,326.87
2018-11-25,国防军工,CI005012.WI,57.0691,2.1836,350.521
2018-12-02,国防军工,CI005012.WI,57.8389,2.213,221.5082
2018-12-09,国防军工,CI005012.WI,57.818,2.2182,247.3683
2018-12-16,国防军工,CI005012.WI,56.4772,2.1668,203.6807
2018-12-23,国防军工,CI005012.WI,54.7484,2.1007,204.2486
2018-12-30,国防军工,CI005012.WI,54.6449,2.0812,224.6071
2019-01-06,国防军工,CI005012.WI,57.8752,2.2042,265.2848
2019-01-13,国防军工,CI005012.WI,59.4382,2.2637,528.855
2019-01-20,国防军工,CI005012.WI,58.4724,2.2251,302.3053
2019-01-27,国防军工,CI005012.WI,57.7641,2.2042,249.0164
2019-02-03,国防军工,CI005012.WI,56.7199,2.1643,229.2127
2019-02-17,国防军工,CI005012.WI,59.4519,2.2686,333.1238
2019-02-24,国防军工,CI005012.WI,63.3534,2.4194,610.4504
2019-03-03,国防军工,CI005012.WI,67.6462,2.5784,859.0026
2019-03-10,国防军工,CI005012.WI,67.4786,2.572,984.1941
2019-03-17,国防军工,CI005012.WI,70.8185,2.634,1056.2972
2019-03-24,国防军工,CI005012.WI,81.5727,2.7305,709.3085
2019-03-31,国防军工,CI005012.WI,61.9711,2.7226,999.9812
2019-04-07,国防军工,CI005012.WI,66.5075,2.9026,935.6697
2019-04-14,国防军工,CI005012.WI,64.1846,2.7734,733.3223
2019-04-21,国防军工,CI005012.WI,66.0471,2.8359,641.7348
2019-04-28,国防军工,CI005012.WI,62.9712,2.5751,518.2657
2019-05-05,国防军工,CI005012.WI,59.7206,2.5204,165.3583
2019-05-12,国防军工,CI005012.WI,58.6125,2.4738,464.1065
2019-05-19,国防军工,CI005012.WI,57.1954,2.4167,524.7565
2019-05-26,国防军工,CI005012.WI,56.6219,2.3929,464.2006
2019-06-02,国防军工,CI005012.WI,58.6096,2.4824,417.2508
2019-06-09,国防军工,CI005012.WI,54.7156,2.3177,322.3825
2019-06-16,国防军工,CI005012.WI,56.368,2.3882,334.0832
2019-06-23,国防军工,CI005012.WI,59.3391,2.5331,388.7758
2019-06-30,国防军工,CI005012.WI,58.7672,2.5095,424.5591
2019-07-07,国防军工,CI005012.WI,62.3223,2.6627,683.3428
2019-07-14,国防军工,CI005012.WI,59.7316,2.5531,399.2127
2019-07-21,国防军工,CI005012.WI,61.7373,2.637,501.9551
2019-07-28,国防军工,CI005012.WI,63.4427,2.6753,457.7132
2019-08-04,国防军工,CI005012.WI,62.0923,2.6017,450.7687
2019-08-11,国防军工,CI005012.WI,59.6237,2.4964,504.3124
2019-08-18,国防军工,CI005012.WI,60.3318,2.5514,389.785
2019-08-25,国防军工,CI005012.WI,62.5077,2.6507,593.3894
2019-09-01,国防军工,CI005012.WI,61.3531,2.7878,829.2761
2019-09-08,国防军工,CI005012.WI,64.8198,2.9454,1298.9501
2019-09-15,国防军工,CI005012.WI,64.3015,2.9218,798.5286
2019-09-22,国防军工,CI005012.WI,62.7603,2.8518,698.7453
2019-09-29,国防军工,CI005012.WI,58.3775,2.6526,604.4977
2019-10-06,国防军工,CI005012.WI,57.6996,2.6218,71.4624
2019-10-13,国防军工,CI005012.WI,58.0781,2.6333,276.5204
2019-10-20,国防军工,CI005012.WI,56.1432,2.5483,375.5627
2019-10-27,国防军工,CI005012.WI,55.8299,2.5408,287.9691
2019-11-03,国防军工,CI005012.WI,57.3453,2.4788,335.5526
2019-11-10,国防军工,CI005012.WI,57.5905,2.4854,378.7094
2019-11-17,国防军工,CI005012.WI,55.7415,2.4056,288.7046
2019-11-24,国防军工,CI005012.WI,56.5242,2.4394,299.2479
2019-12-01,国防军工,CI005012.WI,70.0355,2.5006,234.4704
2019-12-08,国防军工,CI005012.WI,72.1153,2.5748,295.1824
2019-12-15,国防军工,CI005012.WI,72.588,2.5917,337.7371
2019-12-22,国防军工,CI005012.WI,74.9399,2.6222,571.2262
2019-12-29,国防军工,CI005012.WI,74.3705,2.6056,443.4463
2020-01-05,国防军工,CI005012.WI,77.6245,2.7196,162.8834
2020-01-12,国防军工,CI005012.WI,78.3263,2.7442,840.8262
2020-01-19,国防军工,CI005012.WI,78.1365,2.7321,554.6067
2020-01-26,国防军工,CI005012.WI,89.9145,2.7522,616.745
2020-02-09,国防军工,CI005012.WI,89.8255,2.7311,901.7813
2020-02-16,国防军工,CI005012.WI,91.1763,2.7559,1185.675
2020-02-23,国防军工,CI005012.WI,100.4799,3.0394,1682.7737
2020-03-01,国防军工,CI005012.WI,94.2193,2.7999,1604.2505
2020-03-08,国防军工,CI005012.WI,100.0298,2.9725,1166.7489
2020-03-15,国防军工,CI005012.WI,96.1216,2.8564,1251.1701
2020-03-22,国防军工,CI005012.WI,88.9844,2.6712,847.2249
2020-03-29,国防军工,CI005012.WI,73.4245,2.5877,551.0767
2020-04-05,国防军工,CI005012.WI,69.292,2.5486,495.1923
2020-04-12,国防军工,CI005012.WI,72.9128,2.6753,657.3728
2020-04-19,国防军工,CI005012.WI,81.1826,2.6911,656.8579
2020-04-26,国防军工,CI005012.WI,82.3199,2.7185,826.9226
2020-05-03,国防军工,CI005012.WI,61.228,2.7162,566.5482
2020-05-10,国防军工,CI005012.WI,63.3394,2.8136,518.5111
2020-05-17,国防军工,CI005012.WI,63.6569,2.8278,802.2284
2020-05-24,国防军工,CI005012.WI,61.2464,2.7213,947.1415
2020-05-31,国防军工,CI005012.WI,58.6957,2.7402,627.7311
2020-06-07,国防军工,CI005012.WI,59.4639,2.778,759.2445
2020-06-14,国防军工,CI005012.WI,59.6,2.7844,718.6336
2020-06-21,国防军工,CI005012.WI,61.434,2.7621,816.3634
2020-06-28,国防军工,CI005012.WI,61.5346,2.7696,527.0075
2020-07-05,国防军工,CI005012.WI,64.2698,2.9011,916.9174
2020-07-12,国防军工,CI005012.WI,77.5906,3.5046,2263.791
2020-07-19,国防军工,CI005012.WI,75.8219,3.4297,2119.0768
2020-07-26,国防军工,CI005012.WI,82.4962,3.7322,2808.1226
2020-08-02,国防军工,CI005012.WI,83.5484,3.7765,2162.1316
2020-08-09,国防军工,CI005012.WI,97.6698,4.4777,3204.1831
2020-08-16,国防军工,CI005012.WI,92.4105,4.2398,2974.1373
2020-08-23,国防军工,CI005012.WI,87.0442,4.0619,2280.3099
2020-08-30,国防军工,CI005012.WI,92.4315,3.9506,1532.3949
2020-09-06,国防军工,CI005012.WI,90.9047,3.9785,1654.5915
2020-09-13,国防军工,CI005012.WI,84.0066,3.6564,1381.6081
2020-09-20,国防军工,CI005012.WI,86.5043,3.753,988.2809
2020-09-27,国防军工,CI005012.WI,84.7429,3.6766,1165.0489
2020-10-04,国防军工,CI005012.WI,88.1092,3.7424,662.3668
2020-10-11,国防军工,CI005012.WI,89.4925,3.8109,259.7809
2020-10-18,国防军工,CI005012.WI,90.6021,3.8458,1545.1278
2020-10-25,国防军工,CI005012.WI,84.62,3.6341,1092.4745
2020-11-01,国防军工,CI005012.WI,74.6669,3.5092,989.632
2020-11-08,国防军工,CI005012.WI,75.9353,3.5852,995.2438
2020-11-15,国防军工,CI005012.WI,75.6908,3.5737,915.267
2020-11-22,国防军工,CI005012.WI,79.0677,3.7331,1105.4871
2020-11-29,国防军工,CI005012.WI,80.5064,3.8012,1419.4803
2020-12-06,国防军工,CI005012.WI,80.8865,4.1412,1392.2739
2020-12-13,国防军工,CI005012.WI,77.6757,3.9768,1234.0859
2020-12-20,国防军工,CI005012.WI,77.9861,3.9927,1089.7921
2020-12-27,国防军工,CI005012.WI,85.4179,4.3732,1745.6878
2021-01-03,国防军工,CI005012.WI,90.0519,4.6109,1484.5221
2021-01-10,国防军工,CI005012.WI,97.8883,5.0171,3193.8632
2021-01-17,国防军工,CI005012.WI,91.3674,4.6829,2856.8085
2021-01-24,国防军工,CI005012.WI,94.2749,4.8319,1976.8601
2021-01-31,国防军工,CI005012.WI,82.8559,4.2534,1945.9928
2021-02-07,国防军工,CI005012.WI,78.1734,4.0343,1184.3737
2021-02-14,国防军工,CI005012.WI,82.2965,4.2447,718.5488
2021-02-21,国防军工,CI005012.WI,82.5403,4.2573,477.8131
2021-02-28,国防军工,CI005012.WI,76.8406,4.1448,1496.0135
2021-03-07,国防军工,CI005012.WI,75.9247,4.0915,1220.9452
2021-03-14,国防军工,CI005012.WI,67.3396,3.6378,1019.6887
2021-03-21,国防军工,CI005012.WI,69.358,3.7401,817.9866
2021-03-28,国防军工,CI005012.WI,68.0852,3.7174,755.475
2021-04-04,国防军工,CI005012.WI,71.6134,3.7577,965.8902
2021-04-11,国防军工,CI005012.WI,71.4108,3.7953,614.317
2021-04-18,国防军工,CI005012.WI,64.7217,3.7234,675.3164
2021-04-25,国防军工,CI005012.WI,63.9011,3.7114,804.3351
2021-05-02,国防军工,CI005012.WI,62.6092,3.4814,879.6486
2021-05-09,国防军工,CI005012.WI,62.4252,3.4716,322.8681
2021-05-16,国防军工,CI005012.WI,65.2977,3.6242,853.0373
2021-05-23,国防军工,CI005012.WI,65.6694,3.6456,1035.6493
2021-05-30,国防军工,CI005012.WI,69.4294,3.8603,1145.1138
2021-06-06,国防军工,CI005012.WI,69.1834,3.8498,1211.7264
2021-06-13,国防军工,CI005012.WI,70.0612,3.9003,1484.5187
2021-06-20,国防军工,CI005012.WI,71.7812,4.0027,1102.9912
2021-06-27,国防军工,CI005012.WI,72.9731,4.0811,1621.7435
2021-07-04,国防军工,CI005012.WI,67.3902,3.757,1224.5409
2021-07-11,国防军工,CI005012.WI,72.5127,4.0475,1349.9012
2021-07-18,国防军工,CI005012.WI,74.4316,4.1555,1527.6489
2021-07-25,国防军工,CI005012.WI,77.3212,4.3311,2004.8357
2021-08-01,国防军工,CI005012.WI,75.247,4.2394,2560.0349
2021-08-08,国防军工,CI005012.WI,83.3362,4.7073,2703.3088
2021-08-15,国防军工,CI005012.WI,82.6907,4.6771,2640.3124
2021-08-22,国防军工,CI005012.WI,82.097,4.7085,2226.2555
2021-08-29,国防军工,CI005012.WI,80.6673,4.6528,2693.8319
2021-09-05,国防军工,CI005012.WI,75.9449,4.4628,2559.9564
2021-09-12,国防军工,CI005012.WI,77.8984,4.5719,1801.1693
2021-09-19,国防军工,CI005012.WI,73.7267,4.3138,1621.0834
2021-09-26,国防军工,CI005012.WI,75.7231,4.4307,841.2753
2021-10-03,国防军工,CI005012.WI,71.9235,4.2082,954.9348
2021-10-10,国防军工,CI005012.WI,70.913,4.1564,186.4355
2021-10-17,国防军工,CI005012.WI,72.2122,4.2334,1171.7683
2021-10-24,国防军工,CI005012.WI,72.2013,4.2599,1080.2508
2021-10-31,国防军工,CI005012.WI,70.5506,4.2719,1303.5956
2021-11-07,国防军工,CI005012.WI,72.9378,4.4129,1710.4297
2021-11-14,国防军工,CI005012.WI,78.4721,4.7477,1709.0637
2021-11-21,国防军工,CI005012.WI,77.8709,4.7018,1941.2793
2021-11-28,国防军工,CI005012.WI,76.1035,4.5951,1531.2937
2021-12-05,国防军工,CI005012.WI,79.576,4.8151,1876.4805
2021-12-12,国防军工,CI005012.WI,77.0768,4.6638,1725.9127
2021-12-19,国防军工,CI005012.WI,76.5834,4.634,1481.3936
2021-12-26,国防军工,CI005012.WI,75.6712,4.5785,1241.5745
2022-01-02,国防军工,CI005012.WI,79.1284,4.7777,1489.0226
2022-01-09,国防军工,CI005012.WI,72.7517,4.4005,1275.6118
2022-01-16,国防军工,CI005012.WI,70.5811,4.2692,1138.077
2022-01-23,国防军工,CI005012.WI,66.7282,3.9966,1284.8422
2022-01-30,国防军工,CI005012.WI,64.7986,3.8933,999.3369
2022-02-13,国防军工,CI005012.WI,64.2231,3.8394,809.5963
2022-02-20,国防军工,CI005012.WI,65.4469,3.9126,820.5551
2022-02-27,国防军工,CI005012.WI,67.6231,4.0355,1388.1722
2022-03-06,国防军工,CI005012.WI,66.1879,3.9368,1189.5597
2022-03-13,国防军工,CI005012.WI,61.6073,3.721,1104.5811
2022-03-20,国防军工,CI005012.WI,60.9453,3.6392,1104.4292
2022-03-27,国防军工,CI005012.WI,61.3185,3.6563,974.1265
2022-04-03,国防军工,CI005012.WI,59.8831,3.5515,820.5616
2022-04-10,国防军工,CI005012.WI,57.988,3.4112,467.742
2022-04-17,国防军工,CI005012.WI,55.1398,3.2318,734.091
2022-04-24,国防军工,CI005012.WI,52.7755,3.0925,659.1086
2022-05-01,国防军工,CI005012.WI,53.3329,3.0388,847.856
2022-05-08,国防军工,CI005012.WI,54.8447,3.125,388.4422
2022-05-15,国防军工,CI005012.WI,56.7321,3.235,797.3984
2022-05-22,国防军工,CI005012.WI,57.765,3.2972,702.6848
2022-05-29,国防军工,CI005012.WI,58.2184,3.3377,1012.5991
2022-06-05,国防军工,CI005012.WI,60.9832,3.4973,830.7405
2022-06-12,国防军工,CI005012.WI,61.3304,3.5226,1118.7041
2022-06-19,国防军工,CI005012.WI,59.5483,3.4945,1208.7836
2022-06-26,国防军工,CI005012.WI,62.7169,3.6861,1305.9303
2022-07-03,国防军工,CI005012.WI,62.6164,3.692,1239.1725
2022-07-10,国防军工,CI005012.WI,63.8345,3.7683,1267.4097
2022-07-17,国防军工,CI005012.WI,62.1645,3.6737,1035.2132
2022-07-24,国防军工,CI005012.WI,63.8879,3.7767,1278.9772
2022-07-31,国防军工,CI005012.WI,63.8843,3.7749,1090.706
2022-08-07,国防军工,CI005012.WI,65.3962,3.8552,1984.5531
2022-08-14,国防军工,CI005012.WI,66.4624,3.9203,1607.9464
2022-08-21,国防军工,CI005012.WI,64.5348,3.8497,1086.8689
2022-08-28,国防军工,CI005012.WI,61.8458,3.6121,1039.1285
2022-09-04,国防军工,CI005012.WI,61.3262,3.6125,942.4703
2022-09-11,国防军工,CI005012.WI,63.8035,3.7581,1073.2704
2022-09-18,国防军工,CI005012.WI,63.2507,3.7256,939.2317
2022-09-25,国防军工,CI005012.WI,62.5102,3.6819,967.8967
2022-10-02,国防军工,CI005012.WI,57.6298,3.3944,826.9295
2022-10-16,国防军工,CI005012.WI,60.3953,3.5545,816.0552
2022-10-23,国防军工,CI005012.WI,61.7281,3.6304,947.9205
2022-10-30,国防军工,CI005012.WI,65.2026,3.6664,1422.9732
2022-11-06,国防军工,CI005012.WI,66.9322,3.7965,1408.8345
2022-11-13,国防军工,CI005012.WI,64.4892,3.6576,1185.3032
2022-11-20,国防军工,CI005012.WI,64.3351,3.6489,1088.1897
2022-11-27,国防军工,CI005012.WI,62.8696,3.5658,837.9126
2022-12-04,国防军工,CI005012.WI,63.3326,3.5938,855.7364
2022-12-11,国防军工,CI005012.WI,62.1939,3.5292,947.5519
2022-12-18,国防军工,CI005012.WI,60.7499,3.4472,716.8229
2022-12-25,国防军工,CI005012.WI,57.8944,3.2869,509.4198
2023-01-01,国防军工,CI005012.WI,60.4716,3.4229,596.392
2023-01-08,国防军工,CI005012.WI,61.4443,3.5198,555.5155
2023-01-15,国防军工,CI005012.WI,58.9544,3.3806,831.2104
2023-01-22,国防军工,CI005012.WI,61.8272,3.5383,874.2864
2023-02-05,国防军工,CI005012.WI,64.3046,3.6939,1330.5786
2023-02-12,国防军工,CI005012.WI,63.9287,3.6696,1004.7006
2023-02-19,国防军工,CI005012.WI,62.8201,3.6029,1344.9191
2023-02-26,国防军工,CI005012.WI,64.821,3.7134,1420.1885
2023-03-05,国防军工,CI005012.WI,66.4158,3.7852,1534.5936
2023-03-12,国防军工,CI005012.WI,65.5159,3.7283,1907.3342
2023-03-19,国防军工,CI005012.WI,65.8235,3.68,1676.7416
2023-03-26,国防军工,CI005012.WI,67.3388,3.7292,1732.6692
2023-04-02,国防军工,CI005012.WI,64.0452,3.5883,1393.6301
2023-04-09,国防军工,CI005012.WI,65.5231,3.6693,1269.2488
2023-04-16,国防军工,CI005012.WI,62.0977,3.5834,1135.8779
2023-04-23,国防军工,CI005012.WI,67.6298,3.3532,1400.7193
2023-04-30,国防军工,CI005012.WI,70.3152,3.3238,1406.1642
2023-05-07,国防军工,CI005012.WI,69.0682,3.2636,468.6354
2023-05-14,国防军工,CI005012.WI,67.4496,3.1913,1229.02
2023-05-21,国防军工,CI005012.WI,70.7562,3.3568,1152.7203
2023-05-28,国防军工,CI005012.WI,69.4714,3.2959,864.3429
2023-06-04,国防军工,CI005012.WI,69.4719,3.2981,1099.7852
2023-06-11,国防军工,CI005012.WI,66.9419,3.1839,932.2384
2023-06-18,国防军工,CI005012.WI,68.4084,3.2572,959.8496
2023-06-25,国防军工,CI005012.WI,69.852,3.3299,938.0518
2023-07-02,国防军工,CI005012.WI,72.0514,3.447,1411.2825
2023-07-09,国防军工,CI005012.WI,70.5059,3.3774,1181.6218
2023-07-16,国防军工,CI005012.WI,70.2084,3.3654,980.5687
2023-07-23,国防军工,CI005012.WI,68.2694,3.2411,772.508
2023-07-30,国防军工,CI005012.WI,68.3351,3.202,813.8845
2023-08-06,国防军工,CI005012.WI,68.1684,3.1805,882.5446
2023-08-13,国防军工,CI005012.WI,66.0663,3.088,570.6335
2023-08-20,国防军工,CI005012.WI,67.3896,3.1119,711.0077
2023-08-27,国防军工,CI005012.WI,62.7727,3.1052,753.8781
2023-09-03,国防军工,CI005012.WI,64.2447,3.2108,954.4597
2023-09-10,国防军工,CI005012.WI,67.0567,3.3513,1266.4882
2023-09-17,国防军工,CI005012.WI,64.6505,3.2311,1226.9432
2023-09-24,国防军工,CI005012.WI,63.3084,3.164,862.0041
2023-10-01,国防军工,CI005012.WI,63.0791,3.1554,710.6135
2023-10-15,国防军工,CI005012.WI,61.7391,3.0984,1221.5671
2023-10-22,国防军工,CI005012.WI,59.2853,2.9777,1088.161
2023-10-29,国防军工,CI005012.WI,61.5536,3.0386,1348.5203
2023-11-05,国防军工,CI005012.WI,62.7334,3.034,1247.3587
2023-11-12,国防军工,CI005012.WI,63.5508,3.0732,1170.4859
2023-11-19,国防军工,CI005012.WI,65.0664,3.1465,1318.2993
2023-11-26,国防军工,CI005012.WI,63.6874,3.0707,992.4199
2023-12-03,国防军工,CI005012.WI,62.802,3.0551,713.9872
2023-12-10,国防军工,CI005012.WI,60.5795,2.947,804.4263
2023-12-17,国防军工,CI005012.WI,60.5334,2.9495,755.2791
2023-12-24,国防军工,CI005012.WI,59.7031,2.909,712.8362
2023-12-31,国防军工,CI005012.WI,61.4587,2.9895,872.1509
2024-01-14,国防军工,CI005012.WI,56.7487,2.7603,691.828
2024-01-21,国防军工,CI005012.WI,52.6988,2.5669,731.0063
2024-01-28,国防军工,CI005012.WI,53.1274,2.5894,767.9151
2024-02-04,国防军工,CI005012.WI,46.4102,2.2611,715.5412
2024-02-11,国防军工,CI005012.WI,50.8379,2.4787,857.5288
2024-02-25,国防军工,CI005012.WI,53.0672,2.5714,909.0555
2024-03-03,国防军工,CI005012.WI,55.6095,2.7054,1291.9674
2024-03-10,国防军工,CI005012.WI,55.3515,2.6909,1131.8863
2024-03-17,国防军工,CI005012.WI,56.9423,2.7507,1360.9502
2024-03-24,国防军工,CI005012.WI,57.0332,2.756,1519.3953
2024-03-31,国防军工,CI005012.WI,58.9331,2.7179,1404.4512
2024-04-07,国防军工,CI005012.WI,58.2204,2.65,861.3208
2024-04-14,国防军工,CI005012.WI,55.4701,2.5259,926.4827
2024-04-21,国防军工,CI005012.WI,57.5644,2.6043,1280.8348
2024-04-28,国防军工,CI005012.WI,61.1636,2.6689,1674.7116
2024-05-05,国防军工,CI005012.WI,65.3693,2.6685,670.5577
2024-05-12,国防军工,CI005012.WI,68.6198,2.8016,1754.1187
2024-05-19,国防军工,CI005012.WI,67.915,2.7732,1213.8661
2024-05-26,国防军工,CI005012.WI,65.2866,2.6721,1317.5831
2024-06-02,国防军工,CI005012.WI,66.9887,2.7456,1128.3459
2024-06-09,国防军工,CI005012.WI,65.9414,2.7043,1359.328
2024-06-16,国防军工,CI005012.WI,66.2693,2.7236,897.5383
2024-06-23,国防军工,CI005012.WI,64.5194,2.6589,955.0204
2024-06-30,国防军工,CI005012.WI,63.9485,2.644,859.1476
2024-07-07,国防军工,CI005012.WI,61.618,2.5506,722.0548
2024-07-14,国防军工,CI005012.WI,62.2814,2.5819,751.5091
2024-07-21,国防军工,CI005012.WI,64.172,2.6603,823.0429
2024-07-28,国防军工,CI005012.WI,65.5497,2.7049,951.4163
2024-08-04,国防军工,CI005012.WI,60.8523,2.9682,1544.0555
2024-08-11,国防军工,CI005012.WI,58.07,2.8326,1445.8364
2024-08-18,国防军工,CI005012.WI,56.8189,2.7486,721.9654
2024-08-25,国防军工,CI005012.WI,58.1116,2.6572,630.7465
2024-09-01,国防军工,CI005012.WI,63.4137,2.6628,661.6674
2024-09-08,国防军工,CI005012.WI,61.728,2.5916,552.9837
2024-09-15,国防军工,CI005012.WI,60.6794,2.5476,459.9365
2024-09-22,国防军工,CI005012.WI,60.3848,2.5352,343.4025
2024-09-29,国防军工,CI005012.WI,68.6493,2.8828,1024.4603
2024-10-06,国防军工,CI005012.WI,76.0409,3.1932,586.4308
2024-10-13,国防军工,CI005012.WI,73.8214,3.1006,2628.8578
2024-10-20,国防军工,CI005012.WI,80.0188,3.3646,2755.4848
2024-10-27,国防军工,CI005012.WI,85.7403,3.516,3497.5998
2024-11-03,国防军工,CI005012.WI,94.0662,3.383,2944.0548
2024-11-10,国防军工,CI005012.WI,107.3386,3.8344,3850.5426
2024-11-17,国防军工,CI005012.WI,97.4804,3.4822,3231.2622
2024-11-24,国防军工,CI005012.WI,94.696,3.3829,2026.5651
2024-12-01,国防军工,CI005012.WI,96.8277,3.4586,1679.8792
2024-12-08,国防军工,CI005012.WI,97.3553,3.4983,1705.9183
2024-12-15,国防军工,CI005012.WI,97.3942,3.5001,2143.7665
2024-12-22,国防军工,CI005012.WI,95.9755,3.4494,1457.0997
2024-12-29,国防军工,CI005012.WI,96.4132,3.466,1730.4311
2025-01-05,国防军工,CI005012.WI,86.8078,3.1191,1351.6545
2025-01-12,国防军工,CI005012.WI,87.5959,3.1476,1236.5525
2025-01-19,国防军工,CI005012.WI,89.8468,3.2286,1215.9818
2025-01-26,国防军工,CI005012.WI,94.2415,3.3201,1219.3055
2025-02-02,国防军工,CI005012.WI,92.6981,3.2657,197.7432
2025-02-09,国防军工,CI005012.WI,97.5493,3.4366,901.9883
2025-02-16,国防军工,CI005012.WI,96.9345,3.4169,1474.5399
2025-02-23,国防军工,CI005012.WI,98.2921,3.4755,1719.5677
2025-03-02,国防军工,CI005012.WI,94.965,3.3323,1824.0229
2025-03-09,国防军工,CI005012.WI,101.7045,3.5688,2054.2674
2025-03-16,国防军工,CI005012.WI,103.4348,3.6376,2306.925
2025-03-23,国防军工,CI005012.WI,101.9105,3.5724,2047.662
2025-03-30,国防军工,CI005012.WI,103.1844,3.4415,1709.9302
2025-04-06,国防军工,CI005012.WI,100.5036,3.3953,1152.7047
2025-04-13,国防军工,CI005012.WI,100.3324,3.4178,2172.0242
2025-04-20,国防军工,CI005012.WI,94.4261,3.3313,1383.0784
2025-04-27,国防军工,CI005012.WI,120.2778,3.3348,1273.3289
2025-05-04,国防军工,CI005012.WI,140.4064,3.3246,661.6363
2025-05-11,国防军工,CI005012.WI,151.206,3.6221,2341.8588
2025-05-18,国防军工,CI005012.WI,149.9898,3.5944,3038.5825
2025-05-25,国防军工,CI005012.WI,148.3025,3.5616,2015.9062
2025-06-01,国防军工,CI005012.WI,150.6184,3.6221,1735.2323
2025-06-08,国防军工,CI005012.WI,151.8134,3.6515,1718.43
2025-06-15,国防军工,CI005012.WI,155.285,3.7403,2122.6777
2025-06-22,国防军工,CI005012.WI,151.1586,3.6562,2264.5113
2025-06-29,国防军工,CI005012.WI,161.0579,3.9164,3194.1414
2025-07-06,国防军工,CI005012.WI,164.0557,3.9851,3641.0217
2025-07-13,国防军工,CI005012.WI,165.3319,3.9921,2290.4089
2025-07-20,国防军工,CI005012.WI,170.9625,4.1287,2422.185
2025-07-27,国防军工,CI005012.WI,172.646,4.1629,3001.5665
2025-08-03,国防军工,CI005012.WI,172.9518,4.1751,3591.5084
2025-08-10,国防军工,CI005012.WI,185.3252,4.3911,4449.4866
2025-08-17,国防军工,CI005012.WI,183.5444,4.3697,4146.9969
2025-08-24,国防军工,CI005012.WI,195.609,4.5482,4207.3513
2025-08-31,国防军工,CI005012.WI,194.9253,4.5919,4907.2645
2025-09-07,国防军工,CI005012.WI,170.4336,4.0148,3725.399
2025-09-14,国防军工,CI005012.WI,174.166,4.103,2548.8933
2025-09-21,国防军工,CI005012.WI,174.7646,4.1181,2316.4324
2025-09-28,国防军工,CI005012.WI,174.7799,4.1187,2216.3475
2025-10-05,国防军工,CI005012.WI,181.4808,4.2766,953.4409
2025-10-12,国防军工,CI005012.WI,182.2821,4.2959,1226.548
2025-10-19,国防军工,CI005012.WI,172.8909,4.0742,2815.6183
2025-10-26,国防军工,CI005012.WI,169.7562,4.1425,2127.8607
2025-11-02,国防军工,CI005012.WI,161.3215,4.1019,3112.2769
2025-11-09,国防军工,CI005012.WI,160.3429,4.077,2175.4808
2025-11-16,国防军工,CI005012.WI,157.5091,4.005,2103.9561
2025-11-23,国防军工,CI005012.WI,153.8551,3.912,2602.4092
2025-11-30,国防军工,CI005012.WI,158.6253,4.0333,3250.0105
2025-12-07,国防军工,CI005012.WI,162.0629,4.1214,3641.8478
2025-12-14,国防军工,CI005012.WI,166.1121,4.2248,4930.3185
2025-12-21,国防军工,CI005012.WI,169.7147,4.3172,5408.7925
2025-12-28,国防军工,CI005012.WI,179.7882,4.5735,6359.4714
2026-01-04,国防军工,CI005012.WI,187.0459,4.7581,4864.2695
2026-01-11,国防军工,CI005012.WI,214.5342,5.4572,10880.2213
2026-01-18,国防军工,CI005012.WI,202.2229,5.1445,10614.555
2026-01-25,国防军工,CI005012.WI,211.3763,5.3772,7560.262
2026-02-01,国防军工,CI005012.WI,194.4767,4.9649,6216.4268
2026-02-08,国防军工,CI005012.WI,194.3001,4.9604,5313.3966
2026-02-15,国防军工,CI005012.WI,202.2392,5.0285,4231.9284
2026-03-01,国防军工,CI005012.WI,213.4498,5.2145,4083.4824
2026-03-08,国防军工,CI005012.WI,208.4612,5.0954,6381.1518
2026-03-15,国防军工,CI005012.WI,191.0391,4.7738,4450.6151
2026-03-22,国防军工,CI005012.WI,180.3391,4.4333,3182.6087
2026-03-29,国防军工,CI005012.WI,181.3083,4.3779,2995.0639
2026-04-05,国防军工,CI005012.WI,162.7572,4.2514,2928.5957
2026-04-12,国防军工,CI005012.WI,169.6443,4.4395,2200.5756
2026-04-19,国防军工,CI005012.WI,164.3086,4.6337,3602.647
2026-04-26,国防军工,CI005012.WI,154.7088,4.5738,4621.1195
2026-05-03,国防军工,CI005012.WI,140.1172,4.5276,2681.5149
2026-05-10,国防军工,CI005012.WI,149.0916,4.8176,2777.5845
2026-05-17,国防军工,CI005012.WI,140.6065,4.5435,4934.6213
2026-05-24,国防军工,CI005012.WI,137.2871,4.4408,3445.7037
2026-05-31,国防军工,CI005012.WI,127.8378,4.1468,3702.4602
2026-06-07,国防军工,CI005012.WI,131.2843,4.3017,3360.6085
2026-06-14,国防军工,CI005012.WI,128.2581,4.2571,3412.9188
2026-06-21,国防军工,CI005012.WI,129.9876,4.3284,2959.7544
2026-06-28,国防军工,CI005012.WI,125.511,4.1907,3697.5867
2026-07-05,国防军工,CI005012.WI,131.2539,4.3842,4100.2654
2026-07-12,国防军工,CI005012.WI,128.1025,4.2833,3594.1771
2026-07-19,国防军工,CI005012.WI,105.812,3.5397,3129.4826
2026-07-26,国防军工,CI005012.WI,106.7007,3.572,2393.3932
2026-08-02,国防军工,CI005012.WI,108.052,3.6177,2115.6731
2026-08-09,国防军工,CI005012.WI,114.1336,3.8244,2221.9537
2016-01-10,基础化工,CI005006.WI,68.0499,3.6705,1718.4509
2016-01-17,基础化工,CI005006.WI,60.8463,3.2559,1530.6652
2016-01-24,基础化工,CI005006.WI,61.5515,3.3357,1435.5939
2016-01-31,基础化工,CI005006.WI,55.9963,3.0786,1288.1505
2016-02-07,基础化工,CI005006.WI,58.2658,3.1884,1161.2965
2016-02-21,基础化工,CI005006.WI,62.0252,3.321,1325.9994
2016-02-28,基础化工,CI005006.WI,58.4567,3.1333,1723.6557
2016-03-06,基础化工,CI005006.WI,54.1331,3.1584,1691.9332
2016-03-13,基础化工,CI005006.WI,50.9411,3.0919,1295.2706
2016-03-20,基础化工,CI005006.WI,54.0936,3.3591,1711.896
2016-03-27,基础化工,CI005006.WI,55.2112,3.4208,2165.3898
2016-04-03,基础化工,CI005006.WI,58.5924,3.4667,1980.7838
2016-04-10,基础化工,CI005006.WI,59.6535,3.4996,1744.3901
2016-04-17,基础化工,CI005006.WI,61.6294,3.6653,2153.323
2016-04-24,基础化工,CI005006.WI,57.4866,3.4144,2062.1238
2016-05-01,基础化工,CI005006.WI,60.7435,3.4079,1612.7598
2016-05-08,基础化工,CI005006.WI,60.3931,3.3896,1722.6259
2016-05-15,基础化工,CI005006.WI,56.103,3.177,1538.301
2016-05-22,基础化工,CI005006.WI,56.3078,3.1987,1657.0855
2016-05-29,基础化工,CI005006.WI,56.7045,3.2239,1579.7348
2016-06-05,基础化工,CI005006.WI,60.1731,3.4136,2072.9191
2016-06-12,基础化工,CI005006.WI,60.6895,3.4299,1225.0024
2016-06-19,基础化工,CI005006.WI,60.5268,3.4222,2314.9224
2016-06-26,基础化工,CI005006.WI,60.6273,3.4022,2199.8329
2016-07-03,基础化工,CI005006.WI,62.4232,3.5096,2111.7835
2016-07-10,基础化工,CI005006.WI,63.9826,3.6328,2417.3624
2016-07-17,基础化工,CI005006.WI,65.3445,3.7112,2131.6728
2016-07-24,基础化工,CI005006.WI,65.2908,3.6755,1869.4119
2016-07-31,基础化工,CI005006.WI,59.9559,3.55,1951.93
2016-08-07,基础化工,CI005006.WI,59.1466,3.5329,1349.1052
2016-08-14,基础化工,CI005006.WI,59.2029,3.5398,1434.7741
2016-08-21,基础化工,CI005006.WI,61.9967,3.6605,2067.8699
2016-08-28,基础化工,CI005006.WI,60.8279,3.6171,1869.297
2016-09-04,基础化工,CI005006.WI,63.6762,3.6108,1552.6096
2016-09-11,基础化工,CI005006.WI,65.2315,3.6988,1821.7467
2016-09-18,基础化工,CI005006.WI,63.9599,3.5841,1117.26
2016-09-25,基础化工,CI005006.WI,65.2449,3.5684,1482.2944
2016-10-02,基础化工,CI005006.WI,65.0603,3.5432,1398.7503
2016-10-16,基础化工,CI005006.WI,67.5826,3.6387,1740.573
2016-10-23,基础化工,CI005006.WI,67.6967,3.6292,1917.5039
2016-10-30,基础化工,CI005006.WI,75.2541,3.5603,1798.376
2016-11-06,基础化工,CI005006.WI,75.9707,3.5744,1900.2165
2016-11-13,基础化工,CI005006.WI,77.6566,3.6538,2172.1853
2016-11-20,基础化工,CI005006.WI,78.42,3.6897,1993.4401
2016-11-27,基础化工,CI005006.WI,78.7187,3.7008,2034.1231
2016-12-04,基础化工,CI005006.WI,76.4299,3.5932,1661.8917
2016-12-11,基础化工,CI005006.WI,76.8196,3.608,1484.8026
2016-12-18,基础化工,CI005006.WI,75.3145,3.5372,1718.0363
2016-12-25,基础化工,CI005006.WI,75.2672,3.5243,1436.3697
2017-01-01,基础化工,CI005006.WI,75.4046,3.4885,1272.2291
2017-01-08,基础化工,CI005006.WI,76.7632,3.5506,1297.3199
2017-01-15,基础化工,CI005006.WI,73.9117,3.4203,1396.839
2017-01-22,基础化工,CI005006.WI,72.0113,3.3334,1063.9826
2017-01-29,基础化工,CI005006.WI,78.8618,3.3307,694.8443
2017-02-05,基础化工,CI005006.WI,78.8133,3.3287,147.0955
2017-02-12,基础化工,CI005006.WI,77.1525,3.4725,1401.427
2017-02-19,基础化工,CI005006.WI,74.1086,3.4518,1672.424
2017-02-26,基础化工,CI005006.WI,72.1412,3.5052,1640.5871
2017-03-05,基础化工,CI005006.WI,70.5665,3.4929,1857.2362
2017-03-12,基础化工,CI005006.WI,57.3135,3.5128,1942.5307
2017-03-19,基础化工,CI005006.WI,59.7238,3.5421,1889.8828
2017-03-26,基础化工,CI005006.WI,60.3868,3.57,1836.3206
2017-04-02,基础化工,CI005006.WI,61.9771,3.4584,1829.8279
2017-04-09,基础化工,CI005006.WI,63.442,3.5396,1185.8945
2017-04-16,基础化工,CI005006.WI,57.5728,3.4455,1968.3087
2017-04-23,基础化工,CI005006.WI,51.273,3.2769,1580.5208
2017-04-30,基础化工,CI005006.WI,47.5126,3.1988,1423.319
2017-05-07,基础化工,CI005006.WI,46.7661,3.1564,1059.7507
2017-05-14,基础化工,CI005006.WI,44.8866,3.067,1141.1178
2017-05-21,基础化工,CI005006.WI,45.3093,3.1049,1289.5302
2017-05-28,基础化工,CI005006.WI,43.4903,2.9846,1140.0296
2017-06-04,基础化工,CI005006.WI,42.7397,2.9344,627.0008
2017-06-11,基础化工,CI005006.WI,44.1789,3.0427,1057.5472
2017-06-18,基础化工,CI005006.WI,44.3984,3.1038,1220.3593
2017-06-25,基础化工,CI005006.WI,44.5122,3.1083,1266.576
2017-07-02,基础化工,CI005006.WI,45.2367,3.1613,1256.4565
2017-07-09,基础化工,CI005006.WI,46.2428,3.2339,1513.6279
2017-07-16,基础化工,CI005006.WI,45.0863,3.1741,1685.4061
2017-07-23,基础化工,CI005006.WI,44.1306,3.1601,1919.9514
2017-07-30,基础化工,CI005006.WI,45.3017,3.1869,2289.6895
2017-08-06,基础化工,CI005006.WI,44.4095,3.1566,2638.9292
2017-08-13,基础化工,CI005006.WI,42.102,3.0423,1843.0255
2017-08-20,基础化工,CI005006.WI,42.7683,3.1287,1672.7996
2017-08-27,基础化工,CI005006.WI,42.0653,3.0999,1475.2392
2017-09-03,基础化工,CI005006.WI,41.987,3.1654,1899.8569
2017-09-10,基础化工,CI005006.WI,42.4552,3.1946,2114.3188
2017-09-17,基础化工,CI005006.WI,42.7127,3.213,2434.3015
2017-09-24,基础化工,CI005006.WI,42.2564,3.1786,1816.045
2017-10-01,基础化工,CI005006.WI,42.4745,3.1946,1490.6086
2017-10-15,基础化工,CI005006.WI,41.8327,3.2378,1586.3373
2017-10-22,基础化工,CI005006.WI,40.3361,3.1528,1314.7943
2017-10-29,基础化工,CI005006.WI,36.5741,3.1297,1257.1065
2017-11-05,基础化工,CI005006.WI,35.4522,3.0123,1336.3158
2017-11-12,基础化工,CI005006.WI,36.5227,3.103,1377.0463
2017-11-19,基础化工,CI005006.WI,35.1829,2.9977,1639.2248
2017-11-26,基础化工,CI005006.WI,34.4016,2.9307,1396.0177
2017-12-03,基础化工,CI005006.WI,34.8552,2.951,1192.223
2017-12-10,基础化工,CI005006.WI,34.1843,2.9004,1186.5411
2017-12-17,基础化工,CI005006.WI,34.2566,2.9064,1064.3091
2017-12-24,基础化工,CI005006.WI,33.8489,2.8907,1112.9051
2017-12-31,基础化工,CI005006.WI,33.9053,2.8927,1158.4698
2018-01-07,基础化工,CI005006.WI,34.9235,2.9647,1172.0058
2018-01-14,基础化工,CI005006.WI,34.6117,2.9377,1335.219
2018-01-21,基础化工,CI005006.WI,34.2987,2.9097,1466.9673
2018-01-28,基础化工,CI005006.WI,34.428,2.947,1357.967
2018-02-04,基础化工,CI005006.WI,32.1462,2.7533,1503.5299
2018-02-11,基础化工,CI005006.WI,29.6348,2.5563,1250.049
2018-02-18,基础化工,CI005006.WI,30.4349,2.6203,577.5207
2018-02-25,基础化工,CI005006.WI,31.1298,2.6831,427.7048
2018-03-04,基础化工,CI005006.WI,31.384,2.7737,1353.9612
2018-03-11,基础化工,CI005006.WI,31.6775,2.7992,1376.6826
2018-03-18,基础化工,CI005006.WI,30.5316,2.7762,1571.2701
2018-03-25,基础化工,CI005006.WI,28.0652,2.6085,1284.6596
2018-04-01,基础化工,CI005006.WI,30.7227,2.7356,1247.858
2018-04-08,基础化工,CI005006.WI,34.2539,2.7398,790.9113
2018-04-15,基础化工,CI005006.WI,35.3924,2.7732,1201.4722
2018-04-22,基础化工,CI005006.WI,33.214,2.6559,1135.2072
2018-04-29,基础化工,CI005006.WI,30.4264,2.592,1097.1307
2018-05-06,基础化工,CI005006.WI,30.6669,2.6225,617.5946
2018-05-13,基础化工,CI005006.WI,31.4942,2.6962,1438.5517
2018-05-20,基础化工,CI005006.WI,31.9259,2.7399,1395.1772
2018-05-27,基础化工,CI005006.WI,31.5372,2.7112,1627.4647
2018-06-03,基础化工,CI005006.WI,29.968,2.5805,1206.6503
2018-06-10,基础化工,CI005006.WI,27.2982,2.6405,1253.9951
2018-06-17,基础化工,CI005006.WI,26.1574,2.5304,1074.1245
2018-06-24,基础化工,CI005006.WI,24.8925,2.4002,973.3819
2018-07-01,基础化工,CI005006.WI,25.1582,2.4281,1086.6741
2018-07-08,基础化工,CI005006.WI,24.1849,2.3366,1093.8458
2018-07-15,基础化工,CI005006.WI,25.5,2.4673,1236.3674
2018-07-22,基础化工,CI005006.WI,25.4862,2.4779,1231.3504
2018-07-29,基础化工,CI005006.WI,25.5394,2.5028,1306.8681
2018-08-05,基础化工,CI005006.WI,23.9095,2.3585,1002.1335
2018-08-12,基础化工,CI005006.WI,23.8918,2.3856,1067.2041
2018-08-19,基础化工,CI005006.WI,22.3376,2.2247,858.5507
2018-08-26,基础化工,CI005006.WI,21.8619,2.208,768.3117
2018-09-02,基础化工,CI005006.WI,21.2826,2.1734,761.8344
2018-09-09,基础化工,CI005006.WI,20.92,2.1095,679.3234
2018-09-16,基础化工,CI005006.WI,20.5051,2.0638,686.2673
2018-09-23,基础化工,CI005006.WI,20.8392,2.0974,726.5504
2018-09-30,基础化工,CI005006.WI,20.9025,2.1048,574.0286
2018-10-14,基础化工,CI005006.WI,19.16,1.9294,852.715
2018-10-21,基础化工,CI005006.WI,18.1432,1.8133,716.5714
2018-10-28,基础化工,CI005006.WI,18.3134,1.8211,798.3447
2018-11-04,基础化工,CI005006.WI,18.0755,1.8869,810.5114
2018-11-11,基础化工,CI005006.WI,17.7064,1.8486,848.3886
2018-11-18,基础化工,CI005006.WI,18.6995,1.9523,1185.5301
2018-11-25,基础化工,CI005006.WI,17.5885,1.8363,1033.8432
2018-12-02,基础化工,CI005006.WI,17.5647,1.8338,845.4906
2018-12-09,基础化工,CI005006.WI,18.0705,1.9042,1004.1366
2018-12-16,基础化工,CI005006.WI,17.7572,1.871,730.8227
2018-12-23,基础化工,CI005006.WI,17.2745,1.8211,626.0908
2018-12-30,基础化工,CI005006.WI,16.7941,1.7702,642.223
2019-01-13,基础化工,CI005006.WI,17.1844,1.8055,765.0941
2019-01-20,基础化工,CI005006.WI,17.2337,1.8052,774.4405
2019-01-27,基础化工,CI005006.WI,17.3694,1.8145,942.4893
2019-02-03,基础化工,CI005006.WI,17.1798,1.7884,739.561
2019-02-17,基础化工,CI005006.WI,18.3048,1.8012,1114.4216
2019-02-24,基础化工,CI005006.WI,19.4305,1.8794,1517.4253
2019-03-03,基础化工,CI005006.WI,22.7251,2.0036,2107.8389
2019-03-10,基础化工,CI005006.WI,22.5989,2.0071,2539.562
2019-03-17,基础化工,CI005006.WI,23.6417,2.1045,2303.6075
2019-03-24,基础化工,CI005006.WI,24.3055,2.1824,2205.3467
2019-03-31,基础化工,CI005006.WI,24.0033,2.1783,2420.429
2019-04-07,基础化工,CI005006.WI,24.905,2.363,2767.5431
2019-04-14,基础化工,CI005006.WI,24.6236,2.3041,3652.554
2019-04-21,基础化工,CI005006.WI,24.8404,2.3304,2626.1819
2019-04-28,基础化工,CI005006.WI,23.8192,2.2668,2398.585
2019-05-05,基础化工,CI005006.WI,23.8057,2.2007,736.9224
2019-05-12,基础化工,CI005006.WI,22.6379,2.094,1676.7104
2019-05-19,基础化工,CI005006.WI,22.1203,2.0485,1679.2854
2019-05-26,基础化工,CI005006.WI,21.6332,2.0482,1234.6875
2019-06-02,基础化工,CI005006.WI,21.9151,2.0914,1387.176
2019-06-09,基础化工,CI005006.WI,20.6663,1.9789,916.6431
2019-06-16,基础化工,CI005006.WI,21.0593,2.0221,1294.5799
2019-06-23,基础化工,CI005006.WI,22.0655,2.1126,1213.386
2019-06-30,基础化工,CI005006.WI,21.6072,2.0709,1109.3374
2019-07-07,基础化工,CI005006.WI,22.1655,2.1274,1278.7067
2019-07-14,基础化工,CI005006.WI,21.7073,2.1036,1241.4314
2019-07-21,基础化工,CI005006.WI,21.5226,2.094,1535.8274
2019-07-28,基础化工,CI005006.WI,21.3243,2.0955,1136.0244
2019-08-04,基础化工,CI005006.WI,20.6115,2.0288,1016.2285
2019-08-11,基础化工,CI005006.WI,19.4792,1.9131,952.7187
2019-08-18,基础化工,CI005006.WI,19.8467,1.9493,850.4961
2019-08-25,基础化工,CI005006.WI,21.3932,1.9967,1098.1432
2019-09-01,基础化工,CI005006.WI,22.0955,1.9811,1109.2246
2019-09-08,基础化工,CI005006.WI,23.196,2.0798,1417.8632
2019-09-15,基础化工,CI005006.WI,23.821,2.1358,1246.9791
2019-09-22,基础化工,CI005006.WI,23.4791,2.1052,1382.517
2019-09-29,基础化工,CI005006.WI,22.52,2.0236,1140.7788
2019-10-06,基础化工,CI005006.WI,22.3617,2.0094,156.7406
2019-10-13,基础化工,CI005006.WI,22.9296,2.0596,747.4007
2019-10-20,基础化工,CI005006.WI,22.6095,2.0256,1016.0076
2019-10-27,基础化工,CI005006.WI,23.6635,2.0079,864.0046
2019-11-03,基础化工,CI005006.WI,25.0103,1.9689,944.3585
2019-11-10,基础化工,CI005006.WI,25.0272,1.9703,891.1323
2019-11-17,基础化工,CI005006.WI,24.1878,1.9054,787.1795
2019-11-24,基础化工,CI005006.WI,24.5262,1.9321,831.946
2019-12-01,基础化工,CI005006.WI,23.5841,1.69,817.9147
2019-12-08,基础化工,CI005006.WI,25.3851,1.9709,814.8467
2019-12-15,基础化工,CI005006.WI,25.7626,1.9988,1023.9515
2019-12-22,基础化工,CI005006.WI,26.5864,2.0416,1347.9574
2019-12-29,基础化工,CI005006.WI,26.9965,2.073,1491.6266
2020-01-05,基础化工,CI005006.WI,28.0157,2.151,1336.9935
2020-01-12,基础化工,CI005006.WI,28.2839,2.1712,1845.3053
2020-01-19,基础化工,CI005006.WI,28.4881,2.1814,1711.1713
2020-01-26,基础化工,CI005006.WI,27.5298,2.0962,1440.6362
2020-02-09,基础化工,CI005006.WI,28.4653,2.0681,2121.3647
2020-02-16,基础化工,CI005006.WI,29.1795,2.1183,2308.2548
2020-02-23,基础化工,CI005006.WI,31.4841,2.2726,3071.618
2020-03-01,基础化工,CI005006.WI,29.8738,2.1409,3318.485
2020-03-08,基础化工,CI005006.WI,32.5716,2.3392,2968.6499
2020-03-15,基础化工,CI005006.WI,29.8391,2.1414,2947.1488
2020-03-22,基础化工,CI005006.WI,28.8784,2.0605,2401.1839
2020-03-29,基础化工,CI005006.WI,28.2384,2.0143,1802.6681
2020-04-05,基础化工,CI005006.WI,28.8911,2.0728,1686.2811
2020-04-12,基础化工,CI005006.WI,29.6083,2.1029,1588.7471
2020-04-19,基础化工,CI005006.WI,74.1497,2.2376,1810.4115
2020-04-26,基础化工,CI005006.WI,83.0159,2.2219,1940.7039
2020-05-03,基础化工,CI005006.WI,121.7267,2.1762,1348.1986
2020-05-10,基础化工,CI005006.WI,125.4088,2.2496,1101.1885
2020-05-17,基础化工,CI005006.WI,125.2809,2.2529,1648.201
2020-05-24,基础化工,CI005006.WI,34.7154,2.1313,1920.727
2020-05-31,基础化工,CI005006.WI,35.3522,2.1808,1579.0256
2020-06-07,基础化工,CI005006.WI,36.8835,2.2659,1973.6359
2020-06-14,基础化工,CI005006.WI,36.6536,2.2619,1708.5595
2020-06-21,基础化工,CI005006.WI,37.7151,2.3332,1773.197
2020-06-28,基础化工,CI005006.WI,38.2069,2.3317,1056.9638
2020-07-05,基础化工,CI005006.WI,41.1049,2.4197,1949.6214
2020-07-12,基础化工,CI005006.WI,40.1248,2.6612,3503.3341
2020-07-19,基础化工,CI005006.WI,39.2733,2.6029,3535.9514
2020-07-26,基础化工,CI005006.WI,39.6109,2.6179,2964.7442
2020-08-02,基础化工,CI005006.WI,41.728,2.8048,2597.6149
2020-08-09,基础化工,CI005006.WI,43.2072,2.9199,3654.2281
2020-08-16,基础化工,CI005006.WI,41.3546,2.8556,3097.5016
2020-08-23,基础化工,CI005006.WI,42.7475,2.8636,2908.8915
2020-08-30,基础化工,CI005006.WI,45.1797,2.862,2684.5949
2020-09-06,基础化工,CI005006.WI,45.5602,2.8817,2527.8119
2020-09-13,基础化工,CI005006.WI,42.5619,2.6921,2517.4361
2020-09-20,基础化工,CI005006.WI,44.4289,2.8103,2100.8465
2020-09-27,基础化工,CI005006.WI,42.5122,2.6515,1845.6838
2020-10-04,基础化工,CI005006.WI,42.4811,2.6458,867.0288
2020-10-11,基础化工,CI005006.WI,44.2716,2.7598,421.3414
2020-10-18,基础化工,CI005006.WI,44.4979,2.8291,2478.5009
2020-10-25,基础化工,CI005006.WI,42.0043,2.7238,1973.1061
2020-11-01,基础化工,CI005006.WI,41.0279,2.6976,2085.0286
2020-11-08,基础化工,CI005006.WI,42.5967,2.8051,2155.36
2020-11-15,基础化工,CI005006.WI,43.8504,2.8849,2611.2838
2020-11-22,基础化工,CI005006.WI,44.476,2.8948,2937.8082
2020-11-29,基础化工,CI005006.WI,43.389,2.8199,2821.2365
2020-12-06,基础化工,CI005006.WI,44.1261,2.8675,2404.5278
2020-12-13,基础化工,CI005006.WI,42.7192,2.771,2133.5363
2020-12-20,基础化工,CI005006.WI,43.5668,2.8219,1958.7305
2020-12-27,基础化工,CI005006.WI,43.7956,2.833,2245.5361
2021-01-03,基础化工,CI005006.WI,44.0663,2.8472,1783.359
2021-01-10,基础化工,CI005006.WI,45.7329,2.9789,3045.5138
2021-01-17,基础化工,CI005006.WI,45.3001,2.9493,2899.4719
2021-01-24,基础化工,CI005006.WI,47.7692,3.1022,3173.047
2021-01-31,基础化工,CI005006.WI,46.1126,2.9951,3202.2425
2021-02-07,基础化工,CI005006.WI,46.3751,3.0031,3212.8215
2021-02-14,基础化工,CI005006.WI,50.0929,3.2441,1676.2011
2021-02-21,基础化工,CI005006.WI,51.4146,3.299,1484.2583
2021-02-28,基础化工,CI005006.WI,46.9091,3.1114,3848.4937
2021-03-07,基础化工,CI005006.WI,45.5367,3.0565,3148.959
2021-03-14,基础化工,CI005006.WI,45.0216,3.0274,2760.7074
2021-03-21,基础化工,CI005006.WI,43.4014,3.0097,2568.3158
2021-03-28,基础化工,CI005006.WI,42.0014,2.927,2363.7139
2021-04-04,基础化工,CI005006.WI,42.0121,3.0179,1978.8513
2021-04-11,基础化工,CI005006.WI,38.4736,3.0056,1728.5497
2021-04-18,基础化工,CI005006.WI,37.7098,2.9787,2035.8716
2021-04-25,基础化工,CI005006.WI,36.5617,3.0569,2211.5026
2021-05-02,基础化工,CI005006.WI,33.6226,3.0372,2481.8589
2021-05-09,基础化工,CI005006.WI,33.9505,3.071,1113.5618
2021-05-16,基础化工,CI005006.WI,33.6553,3.0504,2595.1465
2021-05-23,基础化工,CI005006.WI,33.9518,3.0921,2457.5802
2021-05-30,基础化工,CI005006.WI,35.708,3.2567,2897.6664
2021-06-06,基础化工,CI005006.WI,35.8104,3.3451,3771.0796
2021-06-13,基础化工,CI005006.WI,36.1712,3.3882,3785.7164
2021-06-20,基础化工,CI005006.WI,35.4335,3.3231,2521.9627
2021-06-27,基础化工,CI005006.WI,36.9028,3.4614,3274.8177
2021-07-04,基础化工,CI005006.WI,37.3124,3.5024,3475.302
2021-07-11,基础化工,CI005006.WI,39.8185,3.7465,4547.3513
2021-07-18,基础化工,CI005006.WI,40.5745,3.816,5504.974
2021-07-25,基础化工,CI005006.WI,41.2317,3.8839,5266.3744
2021-08-01,基础化工,CI005006.WI,36.5262,3.7062,5247.1703
2021-08-08,基础化工,CI005006.WI,37.7689,3.8621,5227.9371
2021-08-15,基础化工,CI005006.WI,39.4351,4.1335,5954.2125
2021-08-22,基础化工,CI005006.WI,36.2701,3.9532,5784.6162
2021-08-29,基础化工,CI005006.WI,36.0509,4.143,6990.8727
2021-09-05,基础化工,CI005006.WI,34.8998,4.0554,8035.8579
2021-09-12,基础化工,CI005006.WI,37.1712,4.3153,7411.318
2021-09-19,基础化工,CI005006.WI,38.0652,4.4167,9275.0871
2021-09-26,基础化工,CI005006.WI,36.1998,4.1999,4615.2171
2021-10-03,基础化工,CI005006.WI,34.1666,3.9524,4320.6267
2021-10-10,基础化工,CI005006.WI,34.0244,3.9334,960.5609
2021-10-17,基础化工,CI005006.WI,32.9683,3.8839,4202.9395
2021-10-24,基础化工,CI005006.WI,32.4322,3.9771,5285.4551
2021-10-31,基础化工,CI005006.WI,29.4572,3.8605,5750.669
2021-11-07,基础化工,CI005006.WI,28.0701,3.7329,5244.6355
2021-11-14,基础化工,CI005006.WI,28.8668,3.8368,4813.5027
2021-11-21,基础化工,CI005006.WI,28.9819,3.8537,4716.6461
2021-11-28,基础化工,CI005006.WI,29.4072,3.9102,4732.1596
2021-12-05,基础化工,CI005006.WI,29.9958,3.9428,4991.5395
2021-12-12,基础化工,CI005006.WI,30.2466,3.9735,4681.2763
2021-12-19,基础化工,CI005006.WI,29.8028,3.9061,4170.8682
2021-12-26,基础化工,CI005006.WI,28.8626,3.7758,3555.8421
2022-01-02,基础化工,CI005006.WI,29.8478,3.9028,3536.9275
2022-01-09,基础化工,CI005006.WI,28.4404,3.739,3249.7423
2022-01-16,基础化工,CI005006.WI,28.5061,3.7482,4026.4073
2022-01-23,基础化工,CI005006.WI,27.3475,3.6028,3553.9946
2022-01-30,基础化工,CI005006.WI,26.5488,3.4787,2792.3719
2022-02-13,基础化工,CI005006.WI,26.855,3.4993,3256.8264
2022-02-20,基础化工,CI005006.WI,27.9493,3.6277,3454.2347
2022-02-27,基础化工,CI005006.WI,28.3075,3.6882,4621.5738
2022-03-06,基础化工,CI005006.WI,26.7809,3.572,4295.2919
2022-03-13,基础化工,CI005006.WI,24.9348,3.4055,4475.1058
2022-03-20,基础化工,CI005006.WI,24.5022,3.3529,4268.5428
2022-03-27,基础化工,CI005006.WI,23.8578,3.3047,3708.8546
2022-04-03,基础化工,CI005006.WI,23.7279,3.3084,3867.5645
2022-04-10,基础化工,CI005006.WI,23.8859,3.2852,2276.972
2022-04-17,基础化工,CI005006.WI,22.3654,3.106,3905.5784
2022-04-24,基础化工,CI005006.WI,20.2258,2.8888,3269.9413
2022-05-01,基础化工,CI005006.WI,18.1056,2.7646,3293.622
2022-05-08,基础化工,CI005006.WI,18.2006,2.778,1218.1386
2022-05-15,基础化工,CI005006.WI,18.9194,2.8953,2867.2957
2022-05-22,基础化工,CI005006.WI,19.6969,3.024,3061.5056
2022-05-29,基础化工,CI005006.WI,19.5327,3.0054,3250.0207
2022-06-05,基础化工,CI005006.WI,20.3003,3.1321,2742.9034
2022-06-12,基础化工,CI005006.WI,21.3613,3.3141,4829.9019
2022-06-19,基础化工,CI005006.WI,21.9173,3.4001,5454.28
2022-06-26,基础化工,CI005006.WI,22.0156,3.4173,4656.5143
2022-07-03,基础化工,CI005006.WI,22.2355,3.4552,5311.2768
2022-07-10,基础化工,CI005006.WI,22.2076,3.4508,5696.1312
2022-07-17,基础化工,CI005006.WI,21.4302,3.3504,4168.6567
2022-07-24,基础化工,CI005006.WI,21.639,3.3619,4475.9429
2022-07-31,基础化工,CI005006.WI,21.5892,3.3333,3661.0881
2022-08-07,基础化工,CI005006.WI,21.4237,3.3166,4329.1749
2022-08-14,基础化工,CI005006.WI,21.988,3.4077,4498.9627
2022-08-21,基础化工,CI005006.WI,21.3443,3.2985,4761.6145
2022-08-28,基础化工,CI005006.WI,20.3779,3.1865,4185.3234
2022-09-04,基础化工,CI005006.WI,19.2127,3.0218,3212.4306
2022-09-11,基础化工,CI005006.WI,19.7338,3.1029,3286.4745
2022-09-18,基础化工,CI005006.WI,18.4156,2.8943,2359.0265
2022-09-25,基础化工,CI005006.WI,18.2372,2.8552,2520.2916
2022-10-02,基础化工,CI005006.WI,17.5649,2.7501,2328.1315
2022-10-16,基础化工,CI005006.WI,18.015,2.8212,2638.0297
2022-10-23,基础化工,CI005006.WI,17.4457,2.7517,2743.6201
2022-10-30,基础化工,CI005006.WI,17.1161,2.5493,2894.875
2022-11-06,基础化工,CI005006.WI,18.6746,2.7627,3067.1524
2022-11-13,基础化工,CI005006.WI,18.6702,2.7619,3169.1107
2022-11-20,基础化工,CI005006.WI,18.4409,2.7289,3001.0267
2022-11-27,基础化工,CI005006.WI,18.2849,2.7026,2903.7142
2022-12-04,基础化工,CI005006.WI,18.7507,2.757,2765.1406
2022-12-11,基础化工,CI005006.WI,19.1018,2.791,3274.9124
2022-12-18,基础化工,CI005006.WI,18.4617,2.6978,2525.1457
2022-12-25,基础化工,CI005006.WI,17.441,2.5477,2065.0105
2023-01-01,基础化工,CI005006.WI,17.7087,2.5875,1943.1462
2023-01-08,基础化工,CI005006.WI,19.0931,2.7149,2082.091
2023-01-15,基础化工,CI005006.WI,19.1081,2.7152,2459.8345
2023-01-22,基础化工,CI005006.WI,19.7368,2.793,2210.9519
2023-02-05,基础化工,CI005006.WI,20.3307,2.8584,3176.2543
2023-02-12,基础化工,CI005006.WI,20.3442,2.8599,2650.157
2023-02-19,基础化工,CI005006.WI,20.2527,2.8105,3204.4417
2023-02-26,基础化工,CI005006.WI,20.385,2.8196,2635.6154
2023-03-05,基础化工,CI005006.WI,20.4769,2.8137,2415.7602
2023-03-12,基础化工,CI005006.WI,19.8028,2.7068,2284.5285
2023-03-19,基础化工,CI005006.WI,19.0639,2.6259,2292.4193
2023-03-26,基础化工,CI005006.WI,19.3067,2.6306,2195.6889
2023-04-02,基础化工,CI005006.WI,19.8549,2.616,2397.4076
2023-04-09,基础化工,CI005006.WI,19.7225,2.5965,2060.5279
2023-04-16,基础化工,CI005006.WI,19.6536,2.5704,2458.171
2023-04-23,基础化工,CI005006.WI,19.7557,2.4491,2607.9577
2023-04-30,基础化工,CI005006.WI,22.2344,2.378,2420.5638
2023-05-07,基础化工,CI005006.WI,21.8311,2.3394,825.1019
2023-05-14,基础化工,CI005006.WI,21.5994,2.3195,1787.5989
2023-05-21,基础化工,CI005006.WI,21.8018,2.3458,1720.5396
2023-05-28,基础化工,CI005006.WI,21.6038,2.3352,1830.4633
2023-06-04,基础化工,CI005006.WI,21.6304,2.3632,1891.27
2023-06-11,基础化工,CI005006.WI,21.0201,2.3033,1698.3654
2023-06-18,基础化工,CI005006.WI,21.4752,2.3609,1825.0356
2023-06-25,基础化工,CI005006.WI,20.9408,2.2973,1166.6545
2023-07-02,基础化工,CI005006.WI,21.5202,2.3647,2070.5389
2023-07-09,基础化工,CI005006.WI,21.2862,2.341,2058.6743
2023-07-16,基础化工,CI005006.WI,21.7355,2.4118,2186.6704
2023-07-23,基础化工,CI005006.WI,21.6301,2.3977,2095.1214
2023-07-30,基础化工,CI005006.WI,21.9525,2.4106,2037.1034
2023-08-06,基础化工,CI005006.WI,21.9387,2.4067,1904.7791
2023-08-13,基础化工,CI005006.WI,21.6541,2.3465,1613.0467
2023-08-20,基础化工,CI005006.WI,21.6657,2.2771,1490.7932
2023-08-27,基础化工,CI005006.WI,22.1858,2.1778,1787.551
2023-09-03,基础化工,CI005006.WI,26.6904,2.2253,2100.8626
2023-09-10,基础化工,CI005006.WI,26.6805,2.2245,2134.7191
2023-09-17,基础化工,CI005006.WI,26.4009,2.2006,1957.6524
2023-09-24,基础化工,CI005006.WI,26.2272,2.1864,1585.7182
2023-10-01,基础化工,CI005006.WI,25.9424,2.1626,1288.6801
2023-10-15,基础化工,CI005006.WI,25.6755,2.1404,1710.5903
2023-10-22,基础化工,CI005006.WI,24.8643,2.0592,1655.2078
2023-10-29,基础化工,CI005006.WI,27.3889,2.0905,2104.4401
2023-11-05,基础化工,CI005006.WI,28.4498,2.1046,2096.1132
2023-11-12,基础化工,CI005006.WI,28.6873,2.1225,2274.2961
2023-11-19,基础化工,CI005006.WI,28.9263,2.1402,2262.4468
2023-11-26,基础化工,CI005006.WI,28.4841,2.1076,2210.9251
2023-12-03,基础化工,CI005006.WI,28.3721,2.09,1754.953
2023-12-10,基础化工,CI005006.WI,27.7492,2.0434,1853.4346
2023-12-17,基础化工,CI005006.WI,27.5022,2.0214,1647.5455
2023-12-24,基础化工,CI005006.WI,27.2423,2.0005,1765.7149
2023-12-31,基础化工,CI005006.WI,28.0845,2.0622,2241.7567
2024-01-14,基础化工,CI005006.WI,27.2811,1.9984,2136.695
2024-01-21,基础化工,CI005006.WI,26.0885,1.908,2098.6371
2024-01-28,基础化工,CI005006.WI,25.6463,1.8748,2161.744
2024-02-04,基础化工,CI005006.WI,22.2578,1.637,1859.4583
2024-02-11,基础化工,CI005006.WI,23.8094,1.7527,2205.4277
2024-02-25,基础化工,CI005006.WI,25.3779,1.8402,2232.0637
2024-03-03,基础化工,CI005006.WI,26.3586,1.8881,2691.286
2024-03-10,基础化工,CI005006.WI,26.0208,1.8659,2188.316
2024-03-17,基础化工,CI005006.WI,26.4968,1.9237,2543.7157
2024-03-24,基础化工,CI005006.WI,25.8265,1.9073,2656.2619
2024-03-31,基础化工,CI005006.WI,26.1958,1.902,2579.9916
2024-04-07,基础化工,CI005006.WI,27.3776,1.9797,2179.4626
2024-04-14,基础化工,CI005006.WI,26.9379,1.9373,3332.2223
2024-04-21,基础化工,CI005006.WI,27.5348,1.9073,3363.1949
2024-04-28,基础化工,CI005006.WI,28.8575,1.91,3054.7339
2024-05-05,基础化工,CI005006.WI,31.9569,1.9629,1538.7708
2024-05-12,基础化工,CI005006.WI,33.1908,2.0395,4227.2121
2024-05-19,基础化工,CI005006.WI,32.887,2.0253,3151.9583
2024-05-26,基础化工,CI005006.WI,31.6704,1.9541,3087.9981
2024-06-02,基础化工,CI005006.WI,31.4365,1.9485,2896.6762
2024-06-09,基础化工,CI005006.WI,30.239,1.8841,2466.2813
2024-06-16,基础化工,CI005006.WI,30.0671,1.8759,1965.5925
2024-06-23,基础化工,CI005006.WI,29.3467,1.8356,2239.6899
2024-06-30,基础化工,CI005006.WI,28.538,1.788,1914.763
2024-07-07,基础化工,CI005006.WI,28.1206,1.764,1691.0127
2024-07-14,基础化工,CI005006.WI,28.5128,1.7907,2030.8822
2024-07-21,基础化工,CI005006.WI,27.7833,1.7667,1691.1157
2024-07-28,基础化工,CI005006.WI,26.5623,1.7026,1569.0012
2024-08-04,基础化工,CI005006.WI,26.6278,1.708,1657.6144
2024-08-11,基础化工,CI005006.WI,26.2682,1.6857,1490.9872
2024-08-18,基础化工,CI005006.WI,25.642,1.6442,1314.3309
2024-08-25,基础化工,CI005006.WI,24.3917,1.5933,1360.6733
2024-09-01,基础化工,CI005006.WI,25.9513,1.6483,1658.4669
2024-09-08,基础化工,CI005006.WI,25.3112,1.6093,1800.8858
2024-09-15,基础化工,CI005006.WI,24.7861,1.5759,1535.3834
2024-09-22,基础化工,CI005006.WI,25.031,1.5916,886.6307
2024-09-29,基础化工,CI005006.WI,28.7941,1.8316,2678.8748
2024-10-06,基础化工,CI005006.WI,31.6659,2.0142,1440.8799
2024-10-13,基础化工,CI005006.WI,29.6217,1.8863,5134.814
2024-10-20,基础化工,CI005006.WI,29.7734,1.915,3969.3154
2024-10-27,基础化工,CI005006.WI,31.7227,2.0053,4956.9921
2024-11-03,基础化工,CI005006.WI,32.8489,1.9618,5366.378
2024-11-10,基础化工,CI005006.WI,35.1216,2.0973,6163.2931
2024-11-17,基础化工,CI005006.WI,33.8671,2.0226,5957.7047
2024-11-24,基础化工,CI005006.WI,33.6848,2.0119,5054.8267
2024-12-01,基础化工,CI005006.WI,34.3876,2.0534,4720.0648
2024-12-08,基础化工,CI005006.WI,34.8267,2.0794,4879.8568
2024-12-15,基础化工,CI005006.WI,34.6619,2.0701,4984.1229
2024-12-22,基础化工,CI005006.WI,33.9339,2.0265,3657.9482
2024-12-29,基础化工,CI005006.WI,33.3677,1.9931,3296.8087
2025-01-05,基础化工,CI005006.WI,31.1508,1.8601,2550.543
2025-01-12,基础化工,CI005006.WI,30.8252,1.8423,2785.3706
2025-01-19,基础化工,CI005006.WI,32.3157,1.9315,2968.0297
2025-01-26,基础化工,CI005006.WI,32.1312,1.9215,2989.4593
2025-02-02,基础化工,CI005006.WI,32.1099,1.9202,505.2007
2025-02-09,基础化工,CI005006.WI,32.7899,1.9609,1968.7037
2025-02-16,基础化工,CI005006.WI,33.1814,1.984,3887.656
2025-02-23,基础化工,CI005006.WI,33.705,2.015,4527.132
2025-03-02,基础化工,CI005006.WI,33.7449,2.0098,5161.2834
2025-03-09,基础化工,CI005006.WI,34.3624,2.0486,4818.1285
2025-03-16,基础化工,CI005006.WI,34.6389,2.0818,4375.9648
2025-03-23,基础化工,CI005006.WI,35.0805,2.0428,3750.567
2025-03-30,基础化工,CI005006.WI,35.1953,2.032,4681.6753
2025-04-06,基础化工,CI005006.WI,34.9382,2.0025,3067.8608
2025-04-13,基础化工,CI005006.WI,33.1865,1.8938,4983.8095
2025-04-20,基础化工,CI005006.WI,33.1334,1.8917,3921.5055
2025-04-27,基础化工,CI005006.WI,34.1776,1.9118,4344.2509
2025-05-04,基础化工,CI005006.WI,34.6746,1.9029,2530.7052
2025-05-11,基础化工,CI005006.WI,35.5577,1.952,3849.7278
2025-05-18,基础化工,CI005006.WI,36.0417,1.9811,4650.0372
2025-05-25,基础化工,CI005006.WI,35.5751,1.9621,4696.178
2025-06-01,基础化工,CI005006.WI,35.3254,1.9557,4449.9691
2025-06-08,基础化工,CI005006.WI,36.1989,2.0084,3545.6669
2025-06-15,基础化工,CI005006.WI,36.2269,2.0161,5108.7336
2025-06-22,基础化工,CI005006.WI,35.5623,1.9844,4398.2309
2025-06-29,基础化工,CI005006.WI,36.9412,2.0637,5809.1468
2025-07-06,基础化工,CI005006.WI,37.0634,2.072,5647.3043
2025-07-13,基础化工,CI005006.WI,37.6817,2.104,5162.0687
2025-07-20,基础化工,CI005006.WI,38.2686,2.1386,4747.3233
2025-07-27,基础化工,CI005006.WI,39.7181,2.2217,6367.2218
2025-08-03,基础化工,CI005006.WI,39.1321,2.1905,5560.0338
2025-08-10,基础化工,CI005006.WI,40.1029,2.2376,5053.515
2025-08-17,基础化工,CI005006.WI,41.4712,2.2972,6684.6131
2025-08-24,基础化工,CI005006.WI,42.3968,2.3545,7777.1898
2025-08-31,基础化工,CI005006.WI,44.1263,2.3672,8413.2266
2025-09-07,基础化工,CI005006.WI,44.0734,2.3666,7749.0234
2025-09-14,基础化工,CI005006.WI,45.0667,2.4228,8098.6753
2025-09-21,基础化工,CI005006.WI,44.5454,2.3957,7361.31
2025-09-28,基础化工,CI005006.WI,44.5047,2.395,6633.057
2025-10-05,基础化工,CI005006.WI,45.9812,2.4747,2823.4269
2025-10-12,基础化工,CI005006.WI,46.3482,2.4981,3227.9001
2025-10-19,基础化工,CI005006.WI,43.4162,2.3529,6785.4363
2025-10-26,基础化工,CI005006.WI,42.9711,2.393,5307.8285
2025-11-02,基础化工,CI005006.WI,43.4068,2.4387,7543.5015
2025-11-09,基础化工,CI005006.WI,44.9432,2.5274,7732.7306
2025-11-16,基础化工,CI005006.WI,46.4238,2.6092,10762.4857
2025-11-23,基础化工,CI005006.WI,42.7237,2.3971,9585.489
2025-11-30,基础化工,CI005006.WI,44.155,2.4775,6884.4154
2025-12-07,基础化工,CI005006.WI,43.8585,2.4673,6227.1078
2025-12-14,基础化工,CI005006.WI,43.343,2.4383,5891.424
2025-12-21,基础化工,CI005006.WI,44.0061,2.4737,5972.3886
2025-12-28,基础化工,CI005006.WI,46.196,2.5959,7604.6889
2026-01-04,基础化工,CI005006.WI,45.9204,2.5758,4573.6066
2026-01-11,基础化工,CI005006.WI,48.3504,2.7084,10171.2958
2026-01-18,基础化工,CI005006.WI,49.0294,2.7463,10696.8358
2026-01-25,基础化工,CI005006.WI,51.8961,2.9075,10026.3154
2026-02-01,基础化工,CI005006.WI,50.7082,2.8428,10562.677
2026-02-08,基础化工,CI005006.WI,49.8452,2.7934,7830.5465
2026-02-15,基础化工,CI005006.WI,50.6327,2.8299,7314.489
2026-03-01,基础化工,CI005006.WI,53.1064,2.9966,8242.4589
2026-03-08,基础化工,CI005006.WI,52.2368,2.9391,9721.2773
2026-03-15,基础化工,CI005006.WI,52.6029,2.994,11188.2752
2026-03-22,基础化工,CI005006.WI,47.2438,2.7174,9917.2985
2026-03-29,基础化工,CI005006.WI,48.7245,2.794,8758.8251
2026-04-05,基础化工,CI005006.WI,45.8381,2.6669,7722.1237
2026-04-12,基础化工,CI005006.WI,48.6548,2.8258,6631.3704
2026-04-19,基础化工,CI005006.WI,48.5983,2.8759,9199.4169
2026-04-26,基础化工,CI005006.WI,47.846,2.9042,10341.7559
2026-05-03,基础化工,CI005006.WI,47.3329,2.9438,9503.6211
2026-05-10,基础化工,CI005006.WI,47.4644,2.9548,7713.5974
2026-05-17,基础化工,CI005006.WI,46.8972,2.9205,11969.7869
2026-05-24,基础化工,CI005006.WI,46.6777,2.9099,11616.1254
2026-05-31,基础化工,CI005006.WI,44.3215,2.7719,11410.4825
2026-06-07,基础化工,CI005006.WI,44.181,2.7682,9993.4712
2026-06-14,基础化工,CI005006.WI,45.0592,2.832,12240.6829
2026-06-21,基础化工,CI005006.WI,47.0225,2.9586,11520.39
2026-06-28,基础化工,CI005006.WI,47.2621,2.9757,16022.1875
2026-07-05,基础化工,CI005006.WI,46.9159,2.9588,15600.8037
2026-07-12,基础化工,CI005006.WI,42.8119,2.707,11712.8181
2026-07-19,基础化工,CI005006.WI,38.5967,2.4494,8764.7918
2026-07-26,基础化工,CI005006.WI,38.2911,2.4359,8550.6693
2026-08-02,基础化工,CI005006.WI,38.4651,2.4611,7826.2879
2026-08-09,基础化工,CI005006.WI,41.11,2.6467,8261.4568
2016-01-10,家电,CI005016.WI,19.8478,3.185,544.4031
2016-01-17,家电,CI005016.WI,18.0004,2.8938,472.6959
2016-01-24,家电,CI005016.WI,18.2089,2.927,471.0039
2016-01-31,家电,CI005016.WI,17.4321,2.7974,453.8858
2016-02-07,家电,CI005016.WI,17.6019,2.8281,397.6105
2016-02-21,家电,CI005016.WI,18.3768,2.9581,508.4156
2016-02-28,家电,CI005016.WI,17.3389,2.8155,510.0643
2016-03-06,家电,CI005016.WI,17.42,2.8207,419.0034
2016-03-13,家电,CI005016.WI,17.2967,2.801,312.8138
2016-03-20,家电,CI005016.WI,18.2567,2.9739,401.7622
2016-03-27,家电,CI005016.WI,18.6581,3.6939,591.7775
2016-04-03,家电,CI005016.WI,18.9332,3.0446,490.5504
2016-04-10,家电,CI005016.WI,19.9101,3.0544,404.2245
2016-04-17,家电,CI005016.WI,20.6552,3.1638,492.7393
2016-04-24,家电,CI005016.WI,20.1256,3.0652,403.5894
2016-05-01,家电,CI005016.WI,20.0951,2.9459,333.5579
2016-05-08,家电,CI005016.WI,20.2535,3.0364,475.0769
2016-05-15,家电,CI005016.WI,20.0092,3.0014,474.8544
2016-05-22,家电,CI005016.WI,20.243,2.9429,328.2758
2016-05-29,家电,CI005016.WI,20.4001,2.9639,337.3849
2016-06-05,家电,CI005016.WI,21.4897,3.125,521.872
2016-06-12,家电,CI005016.WI,21.5526,3.1361,299.9285
2016-06-19,家电,CI005016.WI,21.3779,3.1136,517.0396
2016-06-26,家电,CI005016.WI,21.3479,3.0974,495.3603
2016-07-03,家电,CI005016.WI,22.1134,3.2093,494.3152
2016-07-10,家电,CI005016.WI,22.5165,3.3801,573.1199
2016-07-17,家电,CI005016.WI,23.6876,3.5614,663.5803
2016-07-24,家电,CI005016.WI,23.2118,3.4898,547.769
2016-07-31,家电,CI005016.WI,22.954,3.4995,545.6289
2016-08-07,家电,CI005016.WI,22.6198,3.4316,379.6223
2016-08-14,家电,CI005016.WI,22.5912,3.4384,376.9026
2016-08-21,家电,CI005016.WI,22.7019,3.4799,542.0962
2016-08-28,家电,CI005016.WI,22.4236,3.4039,326.9713
2016-09-04,家电,CI005016.WI,22.1417,3.3017,318.1255
2016-09-11,家电,CI005016.WI,22.617,3.3721,590.9882
2016-09-18,家电,CI005016.WI,21.8913,3.2639,255.4146
2016-09-25,家电,CI005016.WI,22.2542,3.3334,367.6563
2016-10-02,家电,CI005016.WI,22.4997,3.3701,368.2339
2016-10-16,家电,CI005016.WI,22.6923,3.3927,395.512
2016-10-23,家电,CI005016.WI,22.6894,3.3911,442.471
2016-10-30,家电,CI005016.WI,21.6625,3.3411,442.6874
2016-11-06,家电,CI005016.WI,21.2734,3.2766,344.921
2016-11-13,家电,CI005016.WI,21.5335,3.3166,368.0995
2016-11-20,家电,CI005016.WI,21.5244,3.2884,426.8597
2016-11-27,家电,CI005016.WI,22.6053,3.4531,818.9913
2016-12-04,家电,CI005016.WI,22.82,3.4503,892.0271
2016-12-11,家电,CI005016.WI,22.5214,3.3974,667.4733
2016-12-18,家电,CI005016.WI,21.5804,3.2554,544.2392
2016-12-25,家电,CI005016.WI,21.3659,3.196,416.5059
2017-01-01,家电,CI005016.WI,21.3346,3.1841,302.3981
2017-01-08,家电,CI005016.WI,21.6996,3.2386,282.3143
2017-01-15,家电,CI005016.WI,21.0746,3.1453,297.3496
2017-01-22,家电,CI005016.WI,20.8642,3.1689,336.007
2017-01-29,家电,CI005016.WI,20.8112,3.1561,198.1777
2017-02-05,家电,CI005016.WI,20.695,3.1385,38.7351
2017-02-12,家电,CI005016.WI,21.2714,3.2268,308.4658
2017-02-19,家电,CI005016.WI,21.7645,3.3079,460.8202
2017-02-26,家电,CI005016.WI,22.1174,3.3724,502.3839
2017-03-05,家电,CI005016.WI,21.8746,3.3302,402.919
2017-03-12,家电,CI005016.WI,22.4572,3.4697,496.1724
2017-03-19,家电,CI005016.WI,22.5231,3.4771,585.0798
2017-03-26,家电,CI005016.WI,23.2582,3.5902,572.7686
2017-04-02,家电,CI005016.WI,22.2558,3.4648,506.6145
2017-04-09,家电,CI005016.WI,22.5854,3.5251,291.617
2017-04-16,家电,CI005016.WI,22.2209,3.4612,449.635
2017-04-23,家电,CI005016.WI,22.5737,3.5228,543.3968
2017-04-30,家电,CI005016.WI,20.4853,3.3062,612.2775
2017-05-07,家电,CI005016.WI,20.6882,3.339,414.6771
2017-05-14,家电,CI005016.WI,20.3059,3.3467,445.7698
2017-05-21,家电,CI005016.WI,20.376,3.3584,424.7173
2017-05-28,家电,CI005016.WI,20.3579,3.3705,400.4399
2017-06-04,家电,CI005016.WI,20.339,3.3781,230.2799
2017-06-11,家电,CI005016.WI,21.6224,3.6047,497.0582
2017-06-18,家电,CI005016.WI,21.4474,3.5637,485.9263
2017-06-25,家电,CI005016.WI,22.7582,3.7923,580.8653
2017-07-02,家电,CI005016.WI,22.7696,3.7958,568.5532
2017-07-09,家电,CI005016.WI,22.1579,3.8146,527.3019
2017-07-16,家电,CI005016.WI,22.3252,3.8474,485.5062
2017-07-23,家电,CI005016.WI,21.9968,3.7993,487.7419
2017-07-30,家电,CI005016.WI,21.7619,3.7657,472.5852
2017-08-06,家电,CI005016.WI,20.9373,3.6479,447.2948
2017-08-13,家电,CI005016.WI,20.9078,3.6359,367.7385
2017-08-20,家电,CI005016.WI,21.15,3.6532,325.7633
2017-08-27,家电,CI005016.WI,21.6771,3.7485,360.4036
2017-09-03,家电,CI005016.WI,20.2763,3.5886,516.3925
2017-09-10,家电,CI005016.WI,20.1838,3.571,432.0938
2017-09-17,家电,CI005016.WI,20.5916,3.6426,492.6688
2017-09-24,家电,CI005016.WI,21.0202,3.7184,482.2758
2017-10-01,家电,CI005016.WI,20.9399,3.7014,385.8699
2017-10-15,家电,CI005016.WI,22.1081,3.9079,693.1784
2017-10-22,家电,CI005016.WI,22.188,3.746,650.5672
2017-10-29,家电,CI005016.WI,23.0609,3.8836,688.3893
2017-11-05,家电,CI005016.WI,21.6456,3.6755,649.9736
2017-11-12,家电,CI005016.WI,23.1136,3.9248,909.3102
2017-11-19,家电,CI005016.WI,22.5933,3.8365,807.5259
2017-11-26,家电,CI005016.WI,22.1631,3.7636,865.4135
2017-12-03,家电,CI005016.WI,21.3963,3.6334,528.9914
2017-12-10,家电,CI005016.WI,21.3409,3.6263,561.6774
2017-12-17,家电,CI005016.WI,21.9421,3.7284,481.4983
2017-12-24,家电,CI005016.WI,22.4729,3.8186,459.6312
2017-12-31,家电,CI005016.WI,22.1241,3.7221,443.9182
2018-01-07,家电,CI005016.WI,22.9318,3.8579,455.4468
2018-01-14,家电,CI005016.WI,23.9688,4.0324,654.7074
2018-01-21,家电,CI005016.WI,23.3014,3.9201,694.5503
2018-01-28,家电,CI005016.WI,24.3392,4.0894,719.5285
2018-02-04,家电,CI005016.WI,23.1642,3.8918,612.849
2018-02-11,家电,CI005016.WI,20.9502,3.5157,693.9904
2018-02-18,家电,CI005016.WI,22.3275,3.7468,260.9424
2018-02-25,家电,CI005016.WI,22.6099,3.7965,166.6051
2018-03-04,家电,CI005016.WI,22.564,3.7256,609.9091
2018-03-11,家电,CI005016.WI,23.3904,3.8567,524.3966
2018-03-18,家电,CI005016.WI,23.2425,3.8346,640.9918
2018-03-25,家电,CI005016.WI,21.6503,3.5669,572.4885
2018-04-01,家电,CI005016.WI,20.3611,3.4828,596.3955
2018-04-08,家电,CI005016.WI,20.1582,3.4331,337.8075
2018-04-15,家电,CI005016.WI,19.577,3.3929,475.3649
2018-04-22,家电,CI005016.WI,19.3493,3.3348,510.2798
2018-04-29,家电,CI005016.WI,17.9845,3.098,719.0443
2018-05-06,家电,CI005016.WI,18.4074,3.1975,337.413
2018-05-13,家电,CI005016.WI,18.9526,3.2934,499.0629
2018-05-20,家电,CI005016.WI,19.0075,3.3127,441.3695
2018-05-27,家电,CI005016.WI,18.3801,3.2108,411.9358
2018-06-03,家电,CI005016.WI,18.6082,3.2728,472.3893
2018-06-10,家电,CI005016.WI,18.9282,3.6246,576.462
2018-06-17,家电,CI005016.WI,18.898,3.6223,635.945
2018-06-24,家电,CI005016.WI,18.124,3.4693,426.9292
2018-07-01,家电,CI005016.WI,17.8208,3.4117,483.4565
2018-07-08,家电,CI005016.WI,16.5769,3.1797,567.076
2018-07-15,家电,CI005016.WI,17.1261,3.2926,479.3378
2018-07-22,家电,CI005016.WI,16.4668,3.1675,366.0103
2018-07-29,家电,CI005016.WI,16.4749,3.169,453.5283
2018-08-05,家电,CI005016.WI,14.8457,2.8658,416.9072
2018-08-12,家电,CI005016.WI,15.3475,2.9601,375.0576
2018-08-19,家电,CI005016.WI,14.2888,2.7505,303.162
2018-08-26,家电,CI005016.WI,14.4464,2.77,278.911
2018-09-02,家电,CI005016.WI,13.7541,2.6301,356.872
2018-09-09,家电,CI005016.WI,13.3538,2.5534,301.1459
2018-09-16,家电,CI005016.WI,13.378,2.5582,206.0221
2018-09-23,家电,CI005016.WI,13.893,2.658,292.7928
2018-09-30,家电,CI005016.WI,13.8964,2.6587,207.6999
2018-10-14,家电,CI005016.WI,13.0138,2.4898,259.2938
2018-10-21,家电,CI005016.WI,12.7945,2.4477,235.3434
2018-10-28,家电,CI005016.WI,12.9128,2.4358,290.1598
2018-11-04,家电,CI005016.WI,13.1047,2.4414,465.4581
2018-11-11,家电,CI005016.WI,12.7395,2.3729,363.3804
2018-11-18,家电,CI005016.WI,13.3375,2.4888,427.7283
2018-11-25,家电,CI005016.WI,12.7926,2.3868,334.8457
2018-12-02,家电,CI005016.WI,12.6451,2.359,265.8749
2018-12-09,家电,CI005016.WI,12.7012,2.3692,342.0731
2018-12-16,家电,CI005016.WI,12.9355,2.4129,356.8307
2018-12-23,家电,CI005016.WI,12.4629,2.3219,287.2742
2018-12-30,家电,CI005016.WI,12.2738,2.2867,246.9233
2019-01-13,家电,CI005016.WI,12.9011,2.4257,447.4902
2019-01-20,家电,CI005016.WI,13.2965,2.5007,392.2246
2019-01-27,家电,CI005016.WI,13.4468,2.5312,370.0985
2019-02-03,家电,CI005016.WI,13.7274,2.584,369.2611
2019-02-17,家电,CI005016.WI,14.1681,2.667,482.2246
2019-02-24,家电,CI005016.WI,14.7554,2.7422,523.3145
2019-03-03,家电,CI005016.WI,16.942,2.9414,760.7536
2019-03-10,家电,CI005016.WI,16.9564,2.9432,1113.6232
2019-03-17,家电,CI005016.WI,17.7601,3.0699,907.7046
2019-03-24,家电,CI005016.WI,17.9532,3.109,811.7894
2019-03-31,家电,CI005016.WI,19.4669,3.1446,843.7348
2019-04-07,家电,CI005016.WI,20.4328,3.3007,647.7984
2019-04-14,家电,CI005016.WI,20.6939,3.3077,995.0082
2019-04-21,家电,CI005016.WI,23.2124,3.6098,886.0333
2019-04-28,家电,CI005016.WI,20.886,3.2162,827.2184
2019-05-05,家电,CI005016.WI,21.5882,3.0807,305.3059
2019-05-12,家电,CI005016.WI,20.9655,2.9999,619.4158
2019-05-19,家电,CI005016.WI,20.6262,2.9617,450.7293
2019-05-26,家电,CI005016.WI,20.7476,3.0236,452.1986
2019-06-02,家电,CI005016.WI,20.5866,3.0734,403.0746
2019-06-09,家电,CI005016.WI,20.1779,3.0136,270.5736
2019-06-16,家电,CI005016.WI,20.4304,3.0537,380.346
2019-06-23,家电,CI005016.WI,21.6577,3.0814,398.638
2019-06-30,家电,CI005016.WI,21.6945,3.0919,356.2457
2019-07-07,家电,CI005016.WI,22.6515,3.2326,476.2187
2019-07-14,家电,CI005016.WI,22.0767,3.1551,317.0256
2019-07-21,家电,CI005016.WI,21.31,3.0479,323.79
2019-07-28,家电,CI005016.WI,21.5795,3.088,248.5969
2019-08-04,家电,CI005016.WI,20.933,2.9978,324.7419
2019-08-11,家电,CI005016.WI,20.125,2.9462,301.4019
2019-08-18,家电,CI005016.WI,20.1696,2.9518,277.6772
2019-08-25,家电,CI005016.WI,20.996,3.0701,356.9763
2019-09-01,家电,CI005016.WI,20.4877,3.0905,444.1143
2019-09-08,家电,CI005016.WI,21.2466,3.1398,512.2626
2019-09-15,家电,CI005016.WI,21.5038,3.1778,361.9009
2019-09-22,家电,CI005016.WI,21.302,3.1486,421.4972
2019-09-29,家电,CI005016.WI,20.6739,3.0564,418.4919
2019-10-06,家电,CI005016.WI,20.5731,3.0419,58.6009
2019-10-13,家电,CI005016.WI,21.1433,3.1291,287.7808
2019-10-20,家电,CI005016.WI,21.0312,3.1133,367.968
2019-10-27,家电,CI005016.WI,21.087,3.1322,312.1154
2019-11-03,家电,CI005016.WI,21.4739,3.2148,610.693
2019-11-10,家电,CI005016.WI,21.6622,3.2431,552.1936
2019-11-17,家电,CI005016.WI,20.5762,3.0805,455.7873
2019-11-24,家电,CI005016.WI,20.2797,3.036,388.8944
2019-12-01,家电,CI005016.WI,20.0445,2.9881,369.8308
2019-12-08,家电,CI005016.WI,20.9029,3.124,401.7831
2019-12-15,家电,CI005016.WI,21.4927,3.2121,424.0124
2019-12-22,家电,CI005016.WI,21.8323,3.2454,567.3755
2019-12-29,家电,CI005016.WI,21.8497,3.248,429.4211
2020-01-05,家电,CI005016.WI,22.5139,3.3467,416.4184
2020-01-12,家电,CI005016.WI,23.2029,3.4492,667.8332
2020-01-19,家电,CI005016.WI,23.0466,3.4251,555.5353
2020-01-26,家电,CI005016.WI,21.7975,3.2396,489.5917
2020-02-09,家电,CI005016.WI,20.1138,3.1589,740.4566
2020-02-16,家电,CI005016.WI,20.4461,3.2142,745.8282
2020-02-23,家电,CI005016.WI,20.651,3.316,889.9426
2020-03-01,家电,CI005016.WI,18.5934,3.1491,1132.3459
2020-03-08,家电,CI005016.WI,19.6413,3.3288,1064.0899
2020-03-15,家电,CI005016.WI,18.2469,3.0938,1023.5618
2020-03-22,家电,CI005016.WI,16.9354,2.8712,879.2069
2020-03-29,家电,CI005016.WI,16.9825,2.8814,662.5707
2020-04-05,家电,CI005016.WI,16.5075,2.8635,509.3716
2020-04-12,家电,CI005016.WI,16.823,2.9139,481.5953
2020-04-19,家电,CI005016.WI,17.7889,2.8871,625.7521
2020-04-26,家电,CI005016.WI,18.0623,2.8998,495.9864
2020-05-03,家电,CI005016.WI,21.0288,2.8924,411.3964
2020-05-10,家电,CI005016.WI,22.5583,3.138,446.0092
2020-05-17,家电,CI005016.WI,22.8882,3.1854,651.6872
2020-05-24,家电,CI005016.WI,22.5693,3.144,555.0669
2020-05-31,家电,CI005016.WI,23.4509,3.2698,542.9676
2020-06-07,家电,CI005016.WI,23.8816,3.4473,651.8976
2020-06-14,家电,CI005016.WI,23.7125,3.4855,583.1362
2020-06-21,家电,CI005016.WI,24.0767,3.542,527.5687
2020-06-28,家电,CI005016.WI,23.9815,3.5394,373.6765
2020-07-05,家电,CI005016.WI,24.6655,3.6434,721.6342
2020-07-12,家电,CI005016.WI,25.4808,3.7712,1236.2877
2020-07-19,家电,CI005016.WI,25.0938,3.7341,1113.5123
2020-07-26,家电,CI005016.WI,25.181,3.7455,987.9279
2020-08-02,家电,CI005016.WI,26.453,3.9358,892.9054
2020-08-09,家电,CI005016.WI,26.6986,3.9774,974.1991
2020-08-16,家电,CI005016.WI,26.8583,3.9998,737.1437
2020-08-23,家电,CI005016.WI,26.598,3.9551,758.3432
2020-08-30,家电,CI005016.WI,26.7147,3.9291,744.9334
2020-09-06,家电,CI005016.WI,27.7311,3.7001,793.2256
2020-09-13,家电,CI005016.WI,26.6596,3.5541,749.9593
2020-09-20,家电,CI005016.WI,27.6414,3.6881,594.1915
2020-09-27,家电,CI005016.WI,26.9759,3.5984,519.1914
2020-10-04,家电,CI005016.WI,27.1577,3.6166,251.9755
2020-10-11,家电,CI005016.WI,27.7838,3.6999,116.3438
2020-10-18,家电,CI005016.WI,28.6007,3.8079,675.1697
2020-10-25,家电,CI005016.WI,28.1718,3.7806,578.8062
2020-11-01,家电,CI005016.WI,27.4084,3.7508,826.3564
2020-11-08,家电,CI005016.WI,30.3959,4.1597,1081.3874
2020-11-15,家电,CI005016.WI,30.1506,4.1771,918.5009
2020-11-22,家电,CI005016.WI,30.5354,4.2304,856.6172
2020-11-29,家电,CI005016.WI,29.357,4.0671,745.9612
2020-12-06,家电,CI005016.WI,29.7292,4.1187,713.2286
2020-12-13,家电,CI005016.WI,28.3194,3.9231,708.2572
2020-12-20,家电,CI005016.WI,29.0601,4.0259,754.8733
2020-12-27,家电,CI005016.WI,30.3924,4.2105,778.1685
2021-01-03,家电,CI005016.WI,31.3394,4.3416,580.563
2021-01-10,家电,CI005016.WI,33.1341,4.5903,985.835
2021-01-17,家电,CI005016.WI,32.5916,4.5063,932.4804
2021-01-24,家电,CI005016.WI,32.7787,4.5322,846.5216
2021-01-31,家电,CI005016.WI,30.8952,4.2723,870.6353
2021-02-07,家电,CI005016.WI,31.5221,4.3495,734.9535
2021-02-14,家电,CI005016.WI,33.0927,4.5663,468.1375
2021-02-21,家电,CI005016.WI,31.8662,4.397,408.9068
2021-02-28,家电,CI005016.WI,29.9928,4.1289,962.169
2021-03-07,家电,CI005016.WI,29.4916,4.0641,679.5131
2021-03-14,家电,CI005016.WI,28.9695,3.9907,648.3214
2021-03-21,家电,CI005016.WI,28.8504,3.9732,613.3133
2021-03-28,家电,CI005016.WI,28.1701,3.9605,493.5721
2021-04-04,家电,CI005016.WI,28.1553,4.0151,566.3951
2021-04-11,家电,CI005016.WI,27.4559,3.9081,379.8222
2021-04-18,家电,CI005016.WI,24.7918,3.8116,465.0509
2021-04-25,家电,CI005016.WI,24.8219,3.8903,554.093
2021-05-02,家电,CI005016.WI,21.6411,3.7422,681.8245
2021-05-09,家电,CI005016.WI,21.0788,3.6485,282.0966
2021-05-16,家电,CI005016.WI,20.8177,3.61,672.0446
2021-05-23,家电,CI005016.WI,21.5082,3.7327,681.9073
2021-05-30,家电,CI005016.WI,21.7936,3.797,764.3612
2021-06-06,家电,CI005016.WI,21.5531,3.8471,752.6026
2021-06-13,家电,CI005016.WI,20.947,3.7471,714.8191
2021-06-20,家电,CI005016.WI,20.546,3.6822,597.8062
2021-06-27,家电,CI005016.WI,20.8987,3.7472,938.4728
2021-07-04,家电,CI005016.WI,20.6134,3.696,775.8886
2021-07-11,家电,CI005016.WI,20.3508,3.6607,820.1445
2021-07-18,家电,CI005016.WI,20.1921,3.6379,784.509
2021-07-25,家电,CI005016.WI,19.6117,3.5218,787.7068
2021-08-01,家电,CI005016.WI,18.682,3.3584,855.829
2021-08-08,家电,CI005016.WI,19.4766,3.5112,857.9841
2021-08-15,家电,CI005016.WI,19.8466,3.576,813.3097
2021-08-22,家电,CI005016.WI,19.4674,3.4993,738.5227
2021-08-29,家电,CI005016.WI,18.8098,3.5394,698.3885
2021-09-05,家电,CI005016.WI,18.7189,3.4614,876.2059
2021-09-12,家电,CI005016.WI,19.0193,3.517,701.4478
2021-09-19,家电,CI005016.WI,17.9832,3.3254,762.2842
2021-09-26,家电,CI005016.WI,17.6417,3.2623,365.0975
2021-10-03,家电,CI005016.WI,17.9187,3.3135,499.3772
2021-10-10,家电,CI005016.WI,18.416,3.4054,142.4648
2021-10-17,家电,CI005016.WI,18.1963,3.3645,499.0208
2021-10-24,家电,CI005016.WI,18.7176,3.4633,679.0366
2021-10-31,家电,CI005016.WI,18.3596,3.2117,761.3414
2021-11-07,家电,CI005016.WI,18.6668,3.2557,648.3363
2021-11-14,家电,CI005016.WI,18.9658,3.346,691.2001
2021-11-21,家电,CI005016.WI,19.061,3.3628,694.878
2021-11-28,家电,CI005016.WI,18.8851,3.3328,612.9287
2021-12-05,家电,CI005016.WI,18.7668,3.3124,604.1197
2021-12-12,家电,CI005016.WI,19.9206,3.4983,889.4905
2021-12-19,家电,CI005016.WI,19.242,3.3755,628.3259
2021-12-26,家电,CI005016.WI,19.4144,3.4055,569.4845
2022-01-02,家电,CI005016.WI,20.0734,3.5207,726.2354
2022-01-09,家电,CI005016.WI,20.8202,3.6517,799.3332
2022-01-16,家电,CI005016.WI,19.6523,3.4483,699.1835
2022-01-23,家电,CI005016.WI,20.075,3.5225,661.1619
2022-01-30,家电,CI005016.WI,18.8868,3.314,531.8808
2022-02-13,家电,CI005016.WI,18.9624,3.3285,498.6707
2022-02-20,家电,CI005016.WI,18.7775,3.2954,426.248
2022-02-27,家电,CI005016.WI,18.257,3.1806,498.8063
2022-03-06,家电,CI005016.WI,17.7055,3.0764,478.8942
2022-03-13,家电,CI005016.WI,16.4148,2.8477,602.4195
2022-03-20,家电,CI005016.WI,16.1385,2.7998,562.5822
2022-03-27,家电,CI005016.WI,15.8309,2.7433,413.1155
2022-04-03,家电,CI005016.WI,16.2801,2.8252,436.6974
2022-04-10,家电,CI005016.WI,15.9204,2.7928,260.4874
2022-04-17,家电,CI005016.WI,16.1744,2.8339,436.9865
2022-04-24,家电,CI005016.WI,15.6973,2.7733,364.4946
2022-05-01,家电,CI005016.WI,16.1824,2.7474,560.13
2022-05-08,家电,CI005016.WI,16.5351,2.662,253.3555
2022-05-15,家电,CI005016.WI,16.5978,2.6803,464.9034
2022-05-22,家电,CI005016.WI,16.782,2.7183,408.5915
2022-05-29,家电,CI005016.WI,16.1855,2.63,514.415
2022-06-05,家电,CI005016.WI,16.4389,2.7334,432.8547
2022-06-12,家电,CI005016.WI,16.266,2.7077,601.3854
2022-06-19,家电,CI005016.WI,16.8445,2.834,676.9662
2022-06-26,家电,CI005016.WI,17.7463,2.987,955.1543
2022-07-03,家电,CI005016.WI,17.9624,3.0326,894.0384
2022-07-10,家电,CI005016.WI,17.7033,3.1131,686.7803
2022-07-17,家电,CI005016.WI,17.2175,3.033,976.8894
2022-07-24,家电,CI005016.WI,17.3077,3.0508,719.5492
2022-07-31,家电,CI005016.WI,17.4727,3.0879,745.9198
2022-08-07,家电,CI005016.WI,16.6836,3.0087,804.7818
2022-08-14,家电,CI005016.WI,16.9068,3.0502,737.1855
2022-08-21,家电,CI005016.WI,16.9639,3.0586,759.293
2022-08-28,家电,CI005016.WI,16.5205,2.9838,644.8428
2022-09-04,家电,CI005016.WI,16.3134,2.857,789.9485
2022-09-11,家电,CI005016.WI,16.7066,2.9259,645.1037
2022-09-18,家电,CI005016.WI,16.263,2.8487,490.7246
2022-09-25,家电,CI005016.WI,15.5537,2.7262,533.0143
2022-10-02,家电,CI005016.WI,15.3206,2.6845,621.2809
2022-10-16,家电,CI005016.WI,15.2876,2.6785,618.4189
2022-10-23,家电,CI005016.WI,14.4666,2.5379,565.4882
2022-10-30,家电,CI005016.WI,13.6352,2.3392,550.8291
2022-11-06,家电,CI005016.WI,14.2019,2.3597,595.064
2022-11-13,家电,CI005016.WI,14.6106,2.4276,537.5226
2022-11-20,家电,CI005016.WI,14.7951,2.4599,564.403
2022-11-27,家电,CI005016.WI,14.6318,2.4319,383.9948
2022-12-04,家电,CI005016.WI,14.9552,2.4843,522.8165
2022-12-11,家电,CI005016.WI,15.8687,2.6406,590.9251
2022-12-18,家电,CI005016.WI,15.6089,2.5973,508.5744
2022-12-25,家电,CI005016.WI,15.1167,2.5155,386.0098
2023-01-01,家电,CI005016.WI,14.9728,2.4905,367.0988
2023-01-08,家电,CI005016.WI,15.7268,2.615,427.8415
2023-01-15,家电,CI005016.WI,16.2717,2.7056,465.4096
2023-01-22,家电,CI005016.WI,16.4385,2.7327,441.7792
2023-02-05,家电,CI005016.WI,16.2191,2.697,571.7727
2023-02-12,家电,CI005016.WI,16.2478,2.702,524.5564
2023-02-19,家电,CI005016.WI,16.2439,2.7019,521.4568
2023-02-26,家电,CI005016.WI,16.7887,2.7903,585.2906
2023-03-05,家电,CI005016.WI,16.9148,2.8365,562.3341
2023-03-12,家电,CI005016.WI,15.8278,2.6574,446.2766
2023-03-19,家电,CI005016.WI,15.8933,2.6685,436.408
2023-03-26,家电,CI005016.WI,16.1849,2.7177,468.7624
2023-04-02,家电,CI005016.WI,16.6895,2.7384,668.6838
2023-04-09,家电,CI005016.WI,16.712,2.7411,545.0064
2023-04-16,家电,CI005016.WI,16.1842,2.6967,548.7563
2023-04-23,家电,CI005016.WI,16.6757,2.7783,823.7505
2023-04-30,家电,CI005016.WI,16.171,2.6578,702.7664
2023-05-07,家电,CI005016.WI,15.5939,2.5082,337.7991
2023-05-14,家电,CI005016.WI,15.5139,2.4956,517.3057
2023-05-21,家电,CI005016.WI,15.7795,2.539,514.2584
2023-05-28,家电,CI005016.WI,15.6003,2.5229,466.6328
2023-06-04,家电,CI005016.WI,15.451,2.5832,561.7923
2023-06-11,家电,CI005016.WI,15.684,2.6388,590.1695
2023-06-18,家电,CI005016.WI,16.426,2.7676,731.5083
2023-06-25,家电,CI005016.WI,16.3226,2.7513,407.4048
2023-07-02,家电,CI005016.WI,16.4829,2.7799,718.6564
2023-07-09,家电,CI005016.WI,16.1911,2.7337,642.2599
2023-07-16,家电,CI005016.WI,16.1733,2.7312,589.3726
2023-07-23,家电,CI005016.WI,16.0593,2.7088,487.4497
2023-07-30,家电,CI005016.WI,16.5253,2.7871,513.4715
2023-08-06,家电,CI005016.WI,16.4999,2.7839,473.2368
2023-08-13,家电,CI005016.WI,15.8703,2.6949,384.7368
2023-08-20,家电,CI005016.WI,15.5844,2.6525,334.9424
2023-08-27,家电,CI005016.WI,15.274,2.6226,343.1874
2023-09-03,家电,CI005016.WI,15.716,2.6396,550.804
2023-09-10,家电,CI005016.WI,15.5069,2.6045,483.2682
2023-09-17,家电,CI005016.WI,15.3804,2.5832,477.8207
2023-09-24,家电,CI005016.WI,15.5547,2.6125,428.6862
2023-10-01,家电,CI005016.WI,15.4499,2.5952,332.7474
2023-10-15,家电,CI005016.WI,15.138,2.5441,533.3074
2023-10-22,家电,CI005016.WI,14.6977,2.4726,742.7345
2023-10-29,家电,CI005016.WI,14.9851,2.5146,895.8564
2023-11-05,家电,CI005016.WI,14.4957,2.3916,765.3001
2023-11-12,家电,CI005016.WI,14.5198,2.3954,852.3969
2023-11-19,家电,CI005016.WI,14.5545,2.4018,734.9983
2023-11-26,家电,CI005016.WI,14.5258,2.3971,575.9089
2023-12-03,家电,CI005016.WI,14.2631,2.3558,478.9712
2023-12-10,家电,CI005016.WI,13.9825,2.3055,437.6304
2023-12-17,家电,CI005016.WI,13.9505,2.3003,413.3906
2023-12-24,家电,CI005016.WI,13.9904,2.3073,455.1164
2023-12-31,家电,CI005016.WI,14.2934,2.3572,428.5122
2024-01-14,家电,CI005016.WI,14.1931,2.3424,497.1844
2024-01-21,家电,CI005016.WI,14.0993,2.3269,548.835
2024-01-28,家电,CI005016.WI,14.1244,2.3312,584.8466
2024-02-04,家电,CI005016.WI,13.7534,2.2699,568.2276
2024-02-11,家电,CI005016.WI,14.3824,2.3737,621.9532
2024-02-25,家电,CI005016.WI,14.7021,2.4229,666.662
2024-03-03,家电,CI005016.WI,15.3809,2.5377,788.5071
2024-03-10,家电,CI005016.WI,15.6124,2.575,784.8115
2024-03-17,家电,CI005016.WI,15.5003,2.5542,776.6369
2024-03-24,家电,CI005016.WI,15.1581,2.5026,790.4623
2024-03-31,家电,CI005016.WI,15.2889,2.5141,703.2556
2024-04-07,家电,CI005016.WI,15.6222,2.58,413.9237
2024-04-14,家电,CI005016.WI,15.318,2.5306,579.9041
2024-04-21,家电,CI005016.WI,16.1278,2.6698,915.7777
2024-04-28,家电,CI005016.WI,15.8502,2.6256,807.1309
2024-05-05,家电,CI005016.WI,15.758,2.6122,450.3237
2024-05-12,家电,CI005016.WI,16.2553,2.6935,873.9978
2024-05-19,家电,CI005016.WI,16.0165,2.7371,852.1846
2024-05-26,家电,CI005016.WI,15.455,2.6442,687.1951
2024-06-02,家电,CI005016.WI,15.2435,2.6257,580.8649
2024-06-09,家电,CI005016.WI,15.1444,2.6233,728.0138
2024-06-16,家电,CI005016.WI,15.2162,2.6431,470.4319
2024-06-23,家电,CI005016.WI,14.6089,2.5404,518.6332
2024-06-30,家电,CI005016.WI,14.2673,2.4828,537.9666
2024-07-07,家电,CI005016.WI,13.7804,2.3995,506.467
2024-07-14,家电,CI005016.WI,14.0849,2.4513,488.4901
2024-07-21,家电,CI005016.WI,13.8207,2.4052,445.748
2024-07-28,家电,CI005016.WI,13.7348,2.3922,529.8273
2024-08-04,家电,CI005016.WI,13.7363,2.3963,706.9594
2024-08-11,家电,CI005016.WI,13.3499,2.3309,548.4101
2024-08-18,家电,CI005016.WI,13.2514,2.345,395.6824
2024-08-25,家电,CI005016.WI,13.4053,2.3521,533.4883
2024-09-01,家电,CI005016.WI,13.1401,2.3379,620.7712
2024-09-08,家电,CI005016.WI,12.983,2.2746,555.1816
2024-09-15,家电,CI005016.WI,12.9008,2.2605,485.6948
2024-09-22,家电,CI005016.WI,13.8264,2.3247,364.8772
2024-09-29,家电,CI005016.WI,15.4227,2.5943,985.266
2024-10-06,家电,CI005016.WI,16.5683,2.7706,441.898
2024-10-13,家电,CI005016.WI,16.0971,2.6924,1439.6181
2024-10-20,家电,CI005016.WI,16.0311,2.6806,1240.5889
2024-10-27,家电,CI005016.WI,16.4015,2.726,1542.1702
2024-11-03,家电,CI005016.WI,15.8946,2.5511,1796.4585
2024-11-10,家电,CI005016.WI,16.3887,2.6335,2223.3415
2024-11-17,家电,CI005016.WI,16.0736,2.5829,1846.2646
2024-11-24,家电,CI005016.WI,15.7183,2.5258,1550.2445
2024-12-01,家电,CI005016.WI,15.8003,2.539,1505.9274
2024-12-08,家电,CI005016.WI,16.2058,2.6044,1549.7299
2024-12-15,家电,CI005016.WI,16.3677,2.6306,1637.0753
2024-12-22,家电,CI005016.WI,16.2459,2.611,1243.6451
2024-12-29,家电,CI005016.WI,16.3809,2.6329,1327.4673
2025-01-05,家电,CI005016.WI,15.8114,2.5412,919.1254
2025-01-12,家电,CI005016.WI,16.1256,2.5917,1171.2975
2025-01-19,家电,CI005016.WI,16.2132,2.6058,1371.2033
2025-01-26,家电,CI005016.WI,16.1037,2.5883,1203.6881
2025-02-02,家电,CI005016.WI,16.1323,2.5929,180.9215
2025-02-09,家电,CI005016.WI,16.3873,2.6338,918.039
2025-02-16,家电,CI005016.WI,16.354,2.6285,1798.791
2025-02-23,家电,CI005016.WI,16.2017,2.6044,1769.6953
2025-03-02,家电,CI005016.WI,16.1288,2.5995,2066.716
2025-03-09,家电,CI005016.WI,16.2353,2.6154,1550.2797
2025-03-16,家电,CI005016.WI,16.4882,2.6563,1362.4778
2025-03-23,家电,CI005016.WI,16.6195,2.6775,1511.7578
2025-03-30,家电,CI005016.WI,16.5193,2.6415,1136.9905
2025-04-06,家电,CI005016.WI,15.9789,2.5515,897.2068
2025-04-13,家电,CI005016.WI,15.1839,2.424,1254.8638
2025-04-20,家电,CI005016.WI,15.2438,2.4303,841.3564
2025-04-27,家电,CI005016.WI,15.4421,2.4529,804.9487
2025-05-04,家电,CI005016.WI,14.6815,2.3467,622.9132
2025-05-11,家电,CI005016.WI,15.1341,2.4189,964.3291
2025-05-18,家电,CI005016.WI,15.1475,2.4384,971.4882
2025-05-25,家电,CI005016.WI,15.2786,2.4612,836.1951
2025-06-01,家电,CI005016.WI,15.093,2.4396,698.8146
2025-06-08,家电,CI005016.WI,14.9126,2.4144,658.427
2025-06-15,家电,CI005016.WI,14.4236,2.4355,857.6958
2025-06-22,家电,CI005016.WI,14.3682,2.427,722.2436
2025-06-29,家电,CI005016.WI,14.6581,2.4501,838.6439
2025-07-06,家电,CI005016.WI,14.8892,2.4909,818.3757
2025-07-13,家电,CI005016.WI,14.8614,2.4872,782.0082
2025-07-20,家电,CI005016.WI,15.0995,2.5234,885.9502
2025-07-27,家电,CI005016.WI,15.142,2.5593,1017.8885
2025-08-03,家电,CI005016.WI,14.8083,2.5032,1037.9031
2025-08-10,家电,CI005016.WI,15.122,2.5598,1077.9055
2025-08-17,家电,CI005016.WI,15.4001,2.6123,1368.8272
2025-08-24,家电,CI005016.WI,15.7266,2.6573,2020.8619
2025-08-31,家电,CI005016.WI,15.4679,2.6496,2144.3432
2025-09-07,家电,CI005016.WI,15.3872,2.5934,1709.3346
2025-09-14,家电,CI005016.WI,15.4748,2.6085,1486.8116
2025-09-21,家电,CI005016.WI,15.7149,2.649,2120.5015
2025-09-28,家电,CI005016.WI,15.5703,2.6255,1781.8089
2025-10-05,家电,CI005016.WI,15.6137,2.6328,638.6575
2025-10-12,家电,CI005016.WI,15.5591,2.6231,711.1212
2025-10-19,家电,CI005016.WI,15.2093,2.5644,1400.1815
2025-10-26,家电,CI005016.WI,15.672,2.6409,1354.6869
2025-11-02,家电,CI005016.WI,15.8002,2.5516,1628.8121
2025-11-09,家电,CI005016.WI,15.7647,2.5538,1366.411
2025-11-16,家电,CI005016.WI,15.9171,2.5786,1469.2293
2025-11-23,家电,CI005016.WI,15.5489,2.5314,1138.4461
2025-11-30,家电,CI005016.WI,15.885,2.5855,1140.0153
2025-12-07,家电,CI005016.WI,16.1285,2.6246,1220.8208
2025-12-14,家电,CI005016.WI,15.829,2.5744,1305.1471
2025-12-21,家电,CI005016.WI,15.84,2.5762,1093.5306
2025-12-28,家电,CI005016.WI,15.8631,2.5796,1334.3787
2026-01-04,家电,CI005016.WI,15.9791,2.5985,1033.615
2026-01-11,家电,CI005016.WI,16.2986,2.6503,2025.3421
2026-01-18,家电,CI005016.WI,16.2926,2.6506,2413.7494
2026-01-25,家电,CI005016.WI,16.3082,2.672,2114.85
2026-02-01,家电,CI005016.WI,15.8912,2.6036,1791.1873
2026-02-08,家电,CI005016.WI,16.0968,2.6376,1382.4616
2026-02-15,家电,CI005016.WI,16.1131,2.6403,1190.4467
2026-03-01,家电,CI005016.WI,16.0767,2.6271,957.1752
2026-03-08,家电,CI005016.WI,15.627,2.5503,1169.6834
2026-03-15,家电,CI005016.WI,15.7189,2.5647,1064.7899
2026-03-22,家电,CI005016.WI,15.2047,2.4769,1016.7302
2026-03-29,家电,CI005016.WI,15.0534,2.4179,1100.031
2026-04-05,家电,CI005016.WI,15.1299,2.3968,1024.2932
2026-04-12,家电,CI005016.WI,15.3658,2.4331,851.9223
2026-04-19,家电,CI005016.WI,15.6911,2.4761,1176.8173
2026-04-26,家电,CI005016.WI,16.1344,2.4992,1447.1186
2026-05-03,家电,CI005016.WI,18.9132,2.4755,1312.1578
2026-05-10,家电,CI005016.WI,19.2806,2.5222,1173.777
2026-05-17,家电,CI005016.WI,19.3477,2.5313,1885.5014
2026-05-24,家电,CI005016.WI,19.075,2.4965,1830.2027
2026-05-31,家电,CI005016.WI,18.427,2.4196,1642.8367
2026-06-07,家电,CI005016.WI,18.3629,2.4252,1274.5573
2026-06-14,家电,CI005016.WI,18.3001,2.4201,1264.1326
2026-06-21,家电,CI005016.WI,17.667,2.3401,1015.9938
2026-06-28,家电,CI005016.WI,17.2157,2.2834,1228.3119
2026-07-05,家电,CI005016.WI,17.8299,2.4517,1523.2993
2026-07-12,家电,CI005016.WI,17.4555,2.4004,1182.4449
2026-07-19,家电,CI005016.WI,17.3107,2.3833,1002.271
2026-07-26,家电,CI005016.WI,17.2181,2.3669,949.318
2026-08-02,家电,CI005016.WI,18.0723,2.4851,921.8636
2026-08-09,家电,CI005016.WI,17.7242,2.4462,887.5457
2016-01-10,建材,CI005008.WI,42.9932,2.7105,801.1687
2016-01-17,建材,CI005008.WI,38.1214,2.3624,685.1108
2016-01-24,建材,CI005008.WI,39.4377,2.4426,722.8137
2016-01-31,建材,CI005008.WI,36.5747,2.2707,664.2038
2016-02-07,建材,CI005008.WI,37.3302,2.3121,512.964
2016-02-21,建材,CI005008.WI,40.3341,2.4983,700.558
2016-02-28,建材,CI005008.WI,37.6148,2.3466,762.0439
2016-03-06,建材,CI005008.WI,38.6931,2.377,715.49
2016-03-13,建材,CI005008.WI,37.728,2.3174,522.9787
2016-03-20,建材,CI005008.WI,40.7101,2.5083,591.9754
2016-03-27,建材,CI005008.WI,44.776,2.5067,753.0909
2016-04-03,建材,CI005008.WI,48.7264,2.5798,687.3741
2016-04-10,建材,CI005008.WI,50.9434,2.5834,621.1363
2016-04-17,建材,CI005008.WI,55.216,2.691,705.4451
2016-04-24,建材,CI005008.WI,51.2262,2.5179,706.5663
2016-05-01,建材,CI005008.WI,56.3227,2.551,502.2397
2016-05-08,建材,CI005008.WI,55.6344,2.5208,536.1397
2016-05-15,建材,CI005008.WI,52.2896,2.3548,378.5776
2016-05-22,建材,CI005008.WI,52.2482,2.3644,391.4485
2016-05-29,建材,CI005008.WI,53.0248,2.3964,372.0046
2016-06-05,建材,CI005008.WI,55.6239,2.5207,606.112
2016-06-12,建材,CI005008.WI,55.6763,2.4968,309.4718
2016-06-19,建材,CI005008.WI,55.259,2.4754,500.3203
2016-06-26,建材,CI005008.WI,54.8252,2.4713,528.4668
2016-07-03,建材,CI005008.WI,57.1291,2.5645,601.9368
2016-07-10,建材,CI005008.WI,59.3824,2.663,734.0124
2016-07-17,建材,CI005008.WI,60.2784,2.7049,733.4905
2016-07-24,建材,CI005008.WI,59.9398,2.6887,582.674
2016-07-31,建材,CI005008.WI,57.1597,2.6155,652.1095
2016-08-07,建材,CI005008.WI,57.1815,2.6356,444.6774
2016-08-14,建材,CI005008.WI,58.2543,2.6939,553.1678
2016-08-21,建材,CI005008.WI,58.2023,2.7695,741.7202
2016-08-28,建材,CI005008.WI,65.4665,2.7122,605.0706
2016-09-04,建材,CI005008.WI,66.4241,2.6926,497.2709
2016-09-11,建材,CI005008.WI,69.4059,2.789,687.9589
2016-09-18,建材,CI005008.WI,68.0026,2.731,398.3826
2016-09-25,建材,CI005008.WI,68.8543,2.7651,594.5533
2016-10-02,建材,CI005008.WI,68.0984,2.7299,487.1106
2016-10-16,建材,CI005008.WI,68.8494,2.7743,570.2793
2016-10-23,建材,CI005008.WI,65.4675,2.797,613.9259
2016-10-30,建材,CI005008.WI,50.4905,2.7645,642.4815
2016-11-06,建材,CI005008.WI,51.0933,2.8013,711.2442
2016-11-13,建材,CI005008.WI,53.0174,2.8629,871.3684
2016-11-20,建材,CI005008.WI,53.6409,2.8569,898.0577
2016-11-27,建材,CI005008.WI,53.8039,2.8621,941.9244
2016-12-04,建材,CI005008.WI,52.2553,2.7797,687.1157
2016-12-11,建材,CI005008.WI,52.4308,2.7891,651.7217
2016-12-18,建材,CI005008.WI,51.1697,2.722,729.0405
2016-12-25,建材,CI005008.WI,50.7262,2.6984,642.9547
2017-01-01,建材,CI005008.WI,51.0769,2.717,600.6468
2017-01-08,建材,CI005008.WI,51.8059,2.7558,499.0104
2017-01-15,建材,CI005008.WI,50.1732,2.669,618.1583
2017-01-22,建材,CI005008.WI,50.2414,2.6604,534.5962
2017-01-29,建材,CI005008.WI,52.323,2.7161,469.6741
2017-02-05,建材,CI005008.WI,52.4989,2.7253,71.3229
2017-02-12,建材,CI005008.WI,55.0568,2.878,856.004
2017-02-19,建材,CI005008.WI,53.6182,2.8198,1053.6417
2017-02-26,建材,CI005008.WI,54.2592,2.8568,1165.2569
2017-03-05,建材,CI005008.WI,52.9164,2.834,923.8027
2017-03-12,建材,CI005008.WI,53.4285,2.8234,708.0434
2017-03-19,建材,CI005008.WI,54.2542,2.8811,814.7456
2017-03-26,建材,CI005008.WI,44.6771,2.91,1059.4586
2017-04-02,建材,CI005008.WI,40.7568,2.7959,1081.7153
2017-04-09,建材,CI005008.WI,42.4265,2.9157,680.1868
2017-04-16,建材,CI005008.WI,42.1189,2.942,1225.5822
2017-04-23,建材,CI005008.WI,38.4557,2.7745,1143.8474
2017-04-30,建材,CI005008.WI,34.3117,2.7098,956.2958
2017-05-07,建材,CI005008.WI,34.1944,2.7007,902.6682
2017-05-14,建材,CI005008.WI,32.626,2.5798,864.8743
2017-05-21,建材,CI005008.WI,33.0908,2.6247,855.5566
2017-05-28,建材,CI005008.WI,32.1582,2.5505,712.5174
2017-06-04,建材,CI005008.WI,31.4107,2.4931,366.8653
2017-06-11,建材,CI005008.WI,33.0553,2.6267,698.9095
2017-06-18,建材,CI005008.WI,33.4231,2.661,706.019
2017-06-25,建材,CI005008.WI,33.8737,2.6541,753.3957
2017-07-02,建材,CI005008.WI,34.9736,2.7447,709.3499
2017-07-09,建材,CI005008.WI,35.302,2.8366,874.1221
2017-07-16,建材,CI005008.WI,34.8689,2.8135,1030.4863
2017-07-23,建材,CI005008.WI,34.8743,2.8217,1013.0429
2017-07-30,建材,CI005008.WI,34.9802,2.8547,1067.9839
2017-08-06,建材,CI005008.WI,35.0125,2.8595,1211.8811
2017-08-13,建材,CI005008.WI,34.7879,2.8488,1257.4814
2017-08-20,建材,CI005008.WI,34.0577,2.8755,1160.5882
2017-08-27,建材,CI005008.WI,30.3275,2.8393,981.5323
2017-09-03,建材,CI005008.WI,30.9419,2.8888,1103.4313
2017-09-10,建材,CI005008.WI,30.9704,2.8915,1101.8591
2017-09-17,建材,CI005008.WI,31.5109,2.9417,1359.642
2017-09-24,建材,CI005008.WI,31.0292,2.8967,906.1616
2017-10-01,建材,CI005008.WI,30.9429,2.8885,730.5354
2017-10-15,建材,CI005008.WI,30.5068,2.9005,819.8856
2017-10-22,建材,CI005008.WI,29.9262,2.8512,729.2139
2017-10-29,建材,CI005008.WI,27.7911,2.801,734.1835
2017-11-05,建材,CI005008.WI,26.0213,2.6933,782.6513
2017-11-12,建材,CI005008.WI,26.3224,2.7245,651.2907
2017-11-19,建材,CI005008.WI,26.2656,2.7183,870.0241
2017-11-26,建材,CI005008.WI,25.8706,2.6771,752.6257
2017-12-03,建材,CI005008.WI,26.8498,2.7784,858.4236
2017-12-10,建材,CI005008.WI,26.0773,2.6985,682.1698
2017-12-17,建材,CI005008.WI,25.944,2.6759,615.8177
2017-12-24,建材,CI005008.WI,26.3443,2.7171,551.0436
2017-12-31,建材,CI005008.WI,26.7677,2.7451,688.7938
2018-01-14,建材,CI005008.WI,28.0017,2.865,1076.619
2018-01-21,建材,CI005008.WI,27.6418,2.8329,854.5285
2018-01-28,建材,CI005008.WI,28.4457,2.9056,768.5926
2018-02-04,建材,CI005008.WI,27.0069,2.7693,847.1151
2018-02-11,建材,CI005008.WI,24.2416,2.4684,728.2379
2018-02-18,建材,CI005008.WI,24.302,2.5769,289.5852
2018-02-25,建材,CI005008.WI,25.0496,2.6576,244.2016
2018-03-04,建材,CI005008.WI,24.352,2.6899,736.6413
2018-03-11,建材,CI005008.WI,24.6254,2.722,726.4232
2018-03-18,建材,CI005008.WI,25.047,2.7874,920.2868
2018-03-25,建材,CI005008.WI,21.6894,2.5322,806.799
2018-04-01,建材,CI005008.WI,22.4577,2.6188,705.7673
2018-04-08,建材,CI005008.WI,22.0447,2.5726,410.4978
2018-04-15,建材,CI005008.WI,21.7797,2.5887,616.5913
2018-04-22,建材,CI005008.WI,20.5812,2.4663,615.3346
2018-04-29,建材,CI005008.WI,17.8098,2.3939,528.5018
2018-05-06,建材,CI005008.WI,18.0102,2.4376,379.2157
2018-05-13,建材,CI005008.WI,18.2439,2.4701,584.136
2018-05-20,建材,CI005008.WI,18.2517,2.4799,498.9961
2018-05-27,建材,CI005008.WI,17.8018,2.4485,605.9436
2018-06-03,建材,CI005008.WI,17.289,2.3808,463.0555
2018-06-10,建材,CI005008.WI,17.3847,2.4826,418.3491
2018-06-17,建材,CI005008.WI,17.1588,2.4539,398.9819
2018-06-24,建材,CI005008.WI,16.2441,2.37,402.2032
2018-07-01,建材,CI005008.WI,15.6433,2.2837,417.0718
2018-07-08,建材,CI005008.WI,14.7712,2.1566,422.3246
2018-07-15,建材,CI005008.WI,15.9172,2.3268,507.6165
2018-07-22,建材,CI005008.WI,15.9614,2.3359,392.1911
2018-07-29,建材,CI005008.WI,16.7941,2.4526,685.326
2018-08-05,建材,CI005008.WI,15.8783,2.3343,633.4104
2018-08-12,建材,CI005008.WI,16.0656,2.4006,572.6519
2018-08-19,建材,CI005008.WI,14.8056,2.2281,434.828
2018-08-26,建材,CI005008.WI,13.496,2.1843,335.7309
2018-09-02,建材,CI005008.WI,13.3066,2.1609,348.3937
2018-09-09,建材,CI005008.WI,13.0172,2.1164,278.2772
2018-09-16,建材,CI005008.WI,12.3795,2.0055,278.2103
2018-09-23,建材,CI005008.WI,13.0674,2.1169,349.9663
2018-09-30,建材,CI005008.WI,12.9996,2.1109,266.731
2018-10-14,建材,CI005008.WI,11.9896,1.9456,371.6668
2018-10-21,建材,CI005008.WI,11.3068,1.841,310.8522
2018-10-28,建材,CI005008.WI,10.1579,1.7584,369.1668
2018-11-04,建材,CI005008.WI,10.812,1.8636,422.6465
2018-11-11,建材,CI005008.WI,10.6459,1.835,370.8545
2018-11-18,建材,CI005008.WI,11.1835,1.9275,453.898
2018-11-25,建材,CI005008.WI,10.6629,1.8378,529.2424
2018-12-02,建材,CI005008.WI,10.697,1.8438,337.267
2018-12-09,建材,CI005008.WI,10.8366,1.8679,377.0425
2018-12-16,建材,CI005008.WI,10.7622,1.8551,330.0748
2018-12-23,建材,CI005008.WI,10.3843,1.7866,272.4283
2018-12-30,建材,CI005008.WI,10.0496,1.7284,240.2486
2019-01-06,建材,CI005008.WI,9.9941,1.7195,161.1829
2019-01-13,建材,CI005008.WI,10.3515,1.781,309.6577
2019-01-20,建材,CI005008.WI,10.6878,1.8394,356.8085
2019-01-27,建材,CI005008.WI,10.779,1.8527,401.3945
2019-02-03,建材,CI005008.WI,10.5798,1.8415,328.2481
2019-02-17,建材,CI005008.WI,11.0244,1.9197,459.9295
2019-02-24,建材,CI005008.WI,11.6574,2.0057,631.0343
2019-03-03,建材,CI005008.WI,12.3679,2.1332,962.4099
2019-03-10,建材,CI005008.WI,12.2343,2.111,1137.9828
2019-03-17,建材,CI005008.WI,13.2795,2.2836,1020.3278
2019-03-24,建材,CI005008.WI,13.1412,2.3216,1183.7909
2019-03-31,建材,CI005008.WI,12.9374,2.2852,850.83
2019-04-07,建材,CI005008.WI,14.0902,2.4877,1069.3014
2019-04-14,建材,CI005008.WI,13.6437,2.4076,1174.582
2019-04-21,建材,CI005008.WI,13.948,2.4478,853.3265
2019-04-28,建材,CI005008.WI,12.8977,2.2153,741.596
2019-05-05,建材,CI005008.WI,12.5856,2.1628,220.8259
2019-05-12,建材,CI005008.WI,12.0314,2.0675,510.4521
2019-05-19,建材,CI005008.WI,11.9182,2.0486,470.1633
2019-05-26,建材,CI005008.WI,11.8495,2.044,453.6466
2019-06-02,建材,CI005008.WI,12.0242,2.0688,465.0585
2019-06-09,建材,CI005008.WI,11.3527,1.9668,300.2576
2019-06-16,建材,CI005008.WI,11.8912,2.064,499.7871
2019-06-23,建材,CI005008.WI,12.1037,2.1509,394.9124
2019-06-30,建材,CI005008.WI,12.2206,2.1734,387.2592
2019-07-07,建材,CI005008.WI,12.554,2.2328,456.5609
2019-07-14,建材,CI005008.WI,12.0696,2.1475,361.8701
2019-07-21,建材,CI005008.WI,12.0063,2.1386,356.704
2019-07-28,建材,CI005008.WI,11.6069,2.1253,291.8588
2019-08-04,建材,CI005008.WI,11.1408,2.0355,317.5407
2019-08-11,建材,CI005008.WI,10.7175,1.9451,326.2529
2019-08-18,建材,CI005008.WI,10.8501,1.9694,278.2121
2019-08-25,建材,CI005008.WI,11.211,1.9974,404.3373
2019-09-01,建材,CI005008.WI,10.9218,1.9427,424.6055
2019-09-08,建材,CI005008.WI,11.7207,2.0853,580.4768
2019-09-15,建材,CI005008.WI,11.8035,2.1016,383.4407
2019-09-22,建材,CI005008.WI,11.7237,2.0874,448.1349
2019-09-29,建材,CI005008.WI,11.2895,2.01,342.2903
2019-10-06,建材,CI005008.WI,11.2401,2.0013,43.7805
2019-10-13,建材,CI005008.WI,11.7748,2.0965,332.0667
2019-10-20,建材,CI005008.WI,11.5069,2.0522,373.9074
2019-10-27,建材,CI005008.WI,11.2896,1.9608,295.9916
2019-11-03,建材,CI005008.WI,11.2947,1.9527,355.6309
2019-11-10,建材,CI005008.WI,11.519,1.9914,408.072
2019-11-17,建材,CI005008.WI,11.1797,1.9328,361.139
2019-11-24,建材,CI005008.WI,11.6022,2.006,402.4181
2019-12-01,建材,CI005008.WI,11.6188,2.0089,504.9211
2019-12-08,建材,CI005008.WI,11.6474,2.0206,326.4386
2019-12-15,建材,CI005008.WI,11.9263,2.0684,421.9271
2019-12-22,建材,CI005008.WI,12.0894,2.0967,465.4756
2019-12-29,建材,CI005008.WI,12.6051,2.1862,459.2057
2020-01-05,建材,CI005008.WI,13.2996,2.3067,295.0334
2020-01-12,建材,CI005008.WI,13.3757,2.3171,582.3716
2020-01-19,建材,CI005008.WI,13.1661,2.2807,517.7217
2020-01-26,建材,CI005008.WI,12.3447,2.1385,401.2968
2020-02-09,建材,CI005008.WI,11.7894,2.0423,500.3377
2020-02-16,建材,CI005008.WI,12.8361,2.2277,631.5462
2020-02-23,建材,CI005008.WI,13.1642,2.2884,739.723
2020-03-01,建材,CI005008.WI,12.8822,2.2744,1033.9363
2020-03-08,建材,CI005008.WI,13.8277,2.4414,1280.8126
2020-03-15,建材,CI005008.WI,12.8989,2.2767,798.3568
2020-03-22,建材,CI005008.WI,12.4501,2.1797,716.2106
2020-03-29,建材,CI005008.WI,12.6415,2.2162,668.9137
2020-04-05,建材,CI005008.WI,13.4349,2.202,518.2069
2020-04-12,建材,CI005008.WI,14.019,2.3073,529.9764
2020-04-19,建材,CI005008.WI,14.5535,2.335,577.9107
2020-04-26,建材,CI005008.WI,14.8207,2.3423,591.3901
2020-05-03,建材,CI005008.WI,16.0567,2.3515,454.2672
2020-05-10,建材,CI005008.WI,16.4046,2.4024,369.017
2020-05-17,建材,CI005008.WI,16.151,2.3653,593.3174
2020-05-24,建材,CI005008.WI,15.6726,2.3039,573.104
2020-05-31,建材,CI005008.WI,15.8461,2.3265,490.976
2020-06-07,建材,CI005008.WI,15.8233,2.3272,630.4112
2020-06-14,建材,CI005008.WI,15.9286,2.3439,622.0754
2020-06-21,建材,CI005008.WI,15.9514,2.4195,572.4433
2020-06-28,建材,CI005008.WI,15.7463,2.3883,334.3887
2020-07-05,建材,CI005008.WI,16.6109,2.5184,807.4625
2020-07-12,建材,CI005008.WI,17.3655,2.6572,1207.2785
2020-07-19,建材,CI005008.WI,17.9103,2.7412,1283.9842
2020-07-26,建材,CI005008.WI,18.1368,2.7785,1327.1739
2020-08-02,建材,CI005008.WI,19.1828,2.9493,951.7071
2020-08-09,建材,CI005008.WI,19.62,3.0156,1052.6295
2020-08-16,建材,CI005008.WI,19.0369,2.926,1037.7017
2020-08-23,建材,CI005008.WI,18.2831,2.8937,1008.5281
2020-08-30,建材,CI005008.WI,18.5486,2.8997,810.8269
2020-09-06,建材,CI005008.WI,18.1917,2.8411,777.1979
2020-09-13,建材,CI005008.WI,17.4093,2.7189,762.0632
2020-09-20,建材,CI005008.WI,18.2309,2.845,618.4482
2020-09-27,建材,CI005008.WI,17.1644,2.681,597.6403
2020-10-04,建材,CI005008.WI,16.964,2.6497,312.2226
2020-10-11,建材,CI005008.WI,17.4042,2.7185,136.7888
2020-10-18,建材,CI005008.WI,17.5103,2.7351,714.0001
2020-10-25,建材,CI005008.WI,16.4732,2.5808,585.9564
2020-11-01,建材,CI005008.WI,15.7911,2.4287,665.0116
2020-11-08,建材,CI005008.WI,16.6018,2.552,825.1333
2020-11-15,建材,CI005008.WI,17.0645,2.6224,940.8927
2020-11-22,建材,CI005008.WI,17.2362,2.6472,863.9292
2020-11-29,建材,CI005008.WI,16.751,2.5727,708.9976
2020-12-06,建材,CI005008.WI,16.7983,2.5768,536.738
2020-12-13,建材,CI005008.WI,16.2099,2.4866,503.5488
2020-12-20,建材,CI005008.WI,16.4324,2.5207,626.5343
2020-12-27,建材,CI005008.WI,16.3611,2.5091,665.1519
2021-01-03,建材,CI005008.WI,16.5934,2.5447,536.7612
2021-01-10,建材,CI005008.WI,17.4155,2.6658,944.0764
2021-01-17,建材,CI005008.WI,17.587,2.6921,844.116
2021-01-24,建材,CI005008.WI,17.7081,2.7115,796.3038
2021-01-31,建材,CI005008.WI,17.0156,2.6054,715.6528
2021-02-07,建材,CI005008.WI,17.2363,2.6246,705.8867
2021-02-14,建材,CI005008.WI,18.269,2.7819,414.8408
2021-02-21,建材,CI005008.WI,18.6101,2.8343,374.6319
2021-02-28,建材,CI005008.WI,17.1899,2.6617,1004.5288
2021-03-07,建材,CI005008.WI,17.0335,2.6044,936.4818
2021-03-14,建材,CI005008.WI,17.2478,2.6315,904.2712
2021-03-21,建材,CI005008.WI,16.7165,2.5905,701.1566
2021-03-28,建材,CI005008.WI,16.6423,2.5725,747.3918
2021-04-04,建材,CI005008.WI,16.8438,2.6107,709.7908
2021-04-11,建材,CI005008.WI,16.974,2.5886,581.8139
2021-04-18,建材,CI005008.WI,16.54,2.5017,613.3579
2021-04-25,建材,CI005008.WI,16.5483,2.5445,619.3905
2021-05-02,建材,CI005008.WI,14.9607,2.4683,592.1602
2021-05-09,建材,CI005008.WI,15.1128,2.4906,266.3436
2021-05-16,建材,CI005008.WI,14.8039,2.4356,661.8458
2021-05-23,建材,CI005008.WI,14.8181,2.4415,553.5044
2021-05-30,建材,CI005008.WI,14.9878,2.4787,606.8485
2021-06-06,建材,CI005008.WI,15.083,2.5156,673.7528
2021-06-13,建材,CI005008.WI,14.9097,2.4923,555.7277
2021-06-20,建材,CI005008.WI,14.1687,2.4414,415.4121
2021-06-27,建材,CI005008.WI,14.4295,2.4773,676.4623
2021-07-04,建材,CI005008.WI,14.065,2.4134,703.8787
2021-07-11,建材,CI005008.WI,14.187,2.4356,763.025
2021-07-18,建材,CI005008.WI,14.5946,2.5053,929.0112
2021-07-25,建材,CI005008.WI,14.4213,2.4748,911.594
2021-08-01,建材,CI005008.WI,13.6002,2.3233,913.546
2021-08-08,建材,CI005008.WI,14.5743,2.5019,1013.6607
2021-08-15,建材,CI005008.WI,14.8383,2.5896,906.0623
2021-08-22,建材,CI005008.WI,14.3696,2.5447,1034.1162
2021-08-29,建材,CI005008.WI,14.4289,2.4589,1044.6273
2021-09-05,建材,CI005008.WI,14.9566,2.5496,1408.0272
2021-09-12,建材,CI005008.WI,15.4687,2.6369,1396.4579
2021-09-19,建材,CI005008.WI,14.751,2.5146,1446.0125
2021-09-26,建材,CI005008.WI,14.1437,2.4107,712.5274
2021-10-03,建材,CI005008.WI,13.5028,2.3015,685.9505
2021-10-10,建材,CI005008.WI,13.6387,2.3246,142.6511
2021-10-17,建材,CI005008.WI,13.3467,2.2932,727.1811
2021-10-24,建材,CI005008.WI,13.631,2.3271,839.5044
2021-10-31,建材,CI005008.WI,12.0229,1.8707,819.9914
2021-11-07,建材,CI005008.WI,12.7096,1.7084,692.4225
2021-11-14,建材,CI005008.WI,13.2564,1.7819,808.6363
2021-11-21,建材,CI005008.WI,13.3458,1.794,730.6933
2021-11-28,建材,CI005008.WI,13.2757,1.7845,713.2455
2021-12-05,建材,CI005008.WI,13.7268,1.8446,940.5391
2021-12-12,建材,CI005008.WI,14.0147,1.8833,1048.4015
2021-12-19,建材,CI005008.WI,14.3762,1.8946,917.8931
2021-12-26,建材,CI005008.WI,14.6303,1.9268,860.884
2022-01-02,建材,CI005008.WI,14.8,1.9492,703.2375
2022-01-09,建材,CI005008.WI,15.2309,2.0039,775.3091
2022-01-16,建材,CI005008.WI,14.0828,1.8479,842.4322
2022-01-23,建材,CI005008.WI,14.3998,1.894,794.771
2022-01-30,建材,CI005008.WI,13.6451,1.7947,543.882
2022-02-13,建材,CI005008.WI,14.6149,1.9223,746.6002
2022-02-20,建材,CI005008.WI,14.6957,1.9315,724.8481
2022-02-27,建材,CI005008.WI,13.8402,1.8066,844.5831
2022-03-06,建材,CI005008.WI,13.8089,1.782,673.9146
2022-03-13,建材,CI005008.WI,13.2137,1.7036,754.9151
2022-03-20,建材,CI005008.WI,12.9837,1.684,771.3562
2022-03-27,建材,CI005008.WI,12.1814,1.8513,790.6281
2022-04-03,建材,CI005008.WI,13.0391,1.9541,804.6961
2022-04-10,建材,CI005008.WI,13.611,2.0362,685.2956
2022-04-17,建材,CI005008.WI,12.9557,1.9159,916.6403
2022-04-24,建材,CI005008.WI,12.2197,1.7851,586.5422
2022-05-01,建材,CI005008.WI,12.349,1.7674,744.9505
2022-05-08,建材,CI005008.WI,12.3126,1.7622,269.5524
2022-05-15,建材,CI005008.WI,12.5737,1.7981,678.7845
2022-05-22,建材,CI005008.WI,12.8465,1.8402,758.9184
2022-05-29,建材,CI005008.WI,12.5596,1.8176,670.6298
2022-06-05,建材,CI005008.WI,12.7693,1.8588,568.8733
2022-06-12,建材,CI005008.WI,12.7284,1.8673,820.4436
2022-06-19,建材,CI005008.WI,12.9255,1.9035,876.4913
2022-06-26,建材,CI005008.WI,13.1739,1.9826,873.8261
2022-07-03,建材,CI005008.WI,13.4697,2.0486,1020.0341
2022-07-10,建材,CI005008.WI,12.9081,1.9664,756.2863
2022-07-17,建材,CI005008.WI,12.3412,1.8803,825.8247
2022-07-24,建材,CI005008.WI,12.2839,1.8714,836.8043
2022-07-31,建材,CI005008.WI,12.4046,1.8813,770.8403
2022-08-07,建材,CI005008.WI,11.945,1.8114,816.4986
2022-08-14,建材,CI005008.WI,12.3069,1.866,737.4454
2022-08-21,建材,CI005008.WI,12.3025,1.8318,781.4604
2022-08-28,建材,CI005008.WI,12.421,1.7194,675.8883
2022-09-04,建材,CI005008.WI,12.4895,1.6935,550.0165
2022-09-11,建材,CI005008.WI,12.8411,1.7414,676.2141
2022-09-18,建材,CI005008.WI,12.3592,1.6761,620.7421
2022-09-25,建材,CI005008.WI,11.748,1.5932,507.2756
2022-10-02,建材,CI005008.WI,11.5303,1.5636,495.9975
2022-10-16,建材,CI005008.WI,11.6657,1.5821,453.2561
2022-10-23,建材,CI005008.WI,11.2591,1.5157,416.9592
2022-10-30,建材,CI005008.WI,13.6124,1.405,597.0194
2022-11-06,建材,CI005008.WI,14.4069,1.4817,526.9291
2022-11-13,建材,CI005008.WI,15.0968,1.5527,572.0381
2022-11-20,建材,CI005008.WI,15.3449,1.5782,668.4318
2022-11-27,建材,CI005008.WI,15.6508,1.6099,525.6927
2022-12-04,建材,CI005008.WI,15.8592,1.6316,682.8184
2022-12-11,建材,CI005008.WI,16.497,1.6972,678.5587
2022-12-18,建材,CI005008.WI,16.111,1.6575,549.4541
2022-12-25,建材,CI005008.WI,15.3563,1.5798,414.642
2023-01-01,建材,CI005008.WI,15.2311,1.5656,351.4521
2023-01-08,建材,CI005008.WI,15.1584,1.5204,368.1326
2023-01-15,建材,CI005008.WI,15.3774,1.5425,455.5371
2023-01-22,建材,CI005008.WI,15.5805,1.5628,456.6705
2023-02-05,建材,CI005008.WI,15.6384,1.5686,587.629
2023-02-12,建材,CI005008.WI,15.5363,1.5584,443.4678
2023-02-19,建材,CI005008.WI,15.7222,1.567,642.6639
2023-02-26,建材,CI005008.WI,16.1902,1.6044,544.2562
2023-03-05,建材,CI005008.WI,16.4708,1.6314,496.7729
2023-03-12,建材,CI005008.WI,15.3568,1.5175,509.6008
2023-03-19,建材,CI005008.WI,15.2282,1.5043,415.4545
2023-03-26,建材,CI005008.WI,16.043,1.5098,489.7676
2023-04-02,建材,CI005008.WI,18.8546,1.4715,415.3907
2023-04-09,建材,CI005008.WI,19.203,1.4986,354.4459
2023-04-16,建材,CI005008.WI,19.2466,1.4792,408.3443
2023-04-23,建材,CI005008.WI,19.3258,1.4139,490.3841
2023-04-30,建材,CI005008.WI,23.3122,1.3923,400.5838
2023-05-07,建材,CI005008.WI,23.3213,1.393,179.0237
2023-05-14,建材,CI005008.WI,22.8793,1.3667,416.2875
2023-05-21,建材,CI005008.WI,22.3786,1.3375,292.7937
2023-05-28,建材,CI005008.WI,21.9917,1.3197,290.407
2023-06-04,建材,CI005008.WI,22.0904,1.3361,334.4765
2023-06-11,建材,CI005008.WI,22.2316,1.3483,413.5908
2023-06-18,建材,CI005008.WI,22.7127,1.3785,384.5735
2023-06-25,建材,CI005008.WI,21.4395,1.319,222.2451
2023-07-02,建材,CI005008.WI,21.6186,1.33,323.2747
2023-07-09,建材,CI005008.WI,21.2601,1.3106,322.0293
2023-07-16,建材,CI005008.WI,21.3806,1.3193,289.8081
2023-07-23,建材,CI005008.WI,21.9052,1.3516,341.9355
2023-07-30,建材,CI005008.WI,23.3443,1.4398,616.5563
2023-08-06,建材,CI005008.WI,23.541,1.4527,591.1079
2023-08-13,建材,CI005008.WI,22.264,1.3823,365.2462
2023-08-20,建材,CI005008.WI,23.0925,1.3726,348.7583
2023-08-27,建材,CI005008.WI,24.7491,1.3159,362.0943
2023-09-03,建材,CI005008.WI,25.7567,1.3601,495.8761
2023-09-10,建材,CI005008.WI,25.5763,1.3505,415.9656
2023-09-17,建材,CI005008.WI,25.1201,1.3264,308.4551
2023-09-24,建材,CI005008.WI,25.2857,1.3352,312.7989
2023-10-01,建材,CI005008.WI,24.8917,1.3144,233.3774
2023-10-15,建材,CI005008.WI,23.6454,1.2625,309.8496
2023-10-22,建材,CI005008.WI,22.75,1.2148,333.5728
2023-10-29,建材,CI005008.WI,24.3761,1.2156,489.3702
2023-11-05,建材,CI005008.WI,24.0468,1.1963,439.2922
2023-11-12,建材,CI005008.WI,24.0784,1.1978,379.4733
2023-11-19,建材,CI005008.WI,24.0049,1.1942,415.7668
2023-11-26,建材,CI005008.WI,24.1288,1.2003,438.8164
2023-12-03,建材,CI005008.WI,23.2435,1.1597,304.846
2023-12-10,建材,CI005008.WI,22.3029,1.1128,354.9173
2023-12-17,建材,CI005008.WI,22.5182,1.1235,394.2249
2023-12-24,建材,CI005008.WI,22.0725,1.1013,353.3763
2023-12-31,建材,CI005008.WI,22.5441,1.1248,431.0432
2024-01-14,建材,CI005008.WI,22.465,1.121,434.4572
2024-01-21,建材,CI005008.WI,21.6008,1.0779,592.9827
2024-01-28,建材,CI005008.WI,22.1167,1.1037,506.9418
2024-02-04,建材,CI005008.WI,20.3531,1.0157,488.9972
2024-02-11,建材,CI005008.WI,21.2176,1.0581,452.7954
2024-02-25,建材,CI005008.WI,21.799,1.0871,462.8043
2024-03-03,建材,CI005008.WI,21.6307,1.0898,513.6629
2024-03-10,建材,CI005008.WI,21.3824,1.077,437.2408
2024-03-17,建材,CI005008.WI,21.1329,1.1186,478.4073
2024-03-24,建材,CI005008.WI,22.1108,1.0868,419.052
2024-03-31,建材,CI005008.WI,20.6414,1.0786,392.8719
2024-04-07,建材,CI005008.WI,20.7327,1.1183,242.5208
2024-04-14,建材,CI005008.WI,20.013,1.0778,358.1817
2024-04-21,建材,CI005008.WI,20.376,1.0902,529.0697
2024-04-28,建材,CI005008.WI,21.2508,1.0788,462.0268
2024-05-05,建材,CI005008.WI,22.9577,1.0961,225.6792
2024-05-12,建材,CI005008.WI,23.7876,1.1358,476.0633
2024-05-19,建材,CI005008.WI,24.7724,1.1833,520.1607
2024-05-26,建材,CI005008.WI,23.6298,1.1333,532.717
2024-06-02,建材,CI005008.WI,22.6391,1.0923,350.475
2024-06-09,建材,CI005008.WI,22.0191,1.0638,335.2546
2024-06-16,建材,CI005008.WI,21.437,1.0379,217.6614
2024-06-23,建材,CI005008.WI,21.0485,1.0231,248.5994
2024-06-30,建材,CI005008.WI,20.3886,1.0051,277.4018
2024-07-07,建材,CI005008.WI,20.3175,1.0041,236.1331
2024-07-14,建材,CI005008.WI,20.0834,0.9941,261.878
2024-07-21,建材,CI005008.WI,19.8674,0.9847,193.9801
2024-07-28,建材,CI005008.WI,19.6004,0.9689,195.1705
2024-08-04,建材,CI005008.WI,19.6437,0.9655,242.8663
2024-08-11,建材,CI005008.WI,19.7981,0.9731,242.5308
2024-08-18,建材,CI005008.WI,19.0514,0.9356,217.6104
2024-08-25,建材,CI005008.WI,19.0127,0.8992,208.8479
2024-09-01,建材,CI005008.WI,24.6796,0.8956,308.5955
2024-09-08,建材,CI005008.WI,23.6432,0.863,249.0407
2024-09-15,建材,CI005008.WI,23.1016,0.8432,214.5939
2024-09-22,建材,CI005008.WI,23.4706,0.8567,155.4409
2024-09-29,建材,CI005008.WI,27.8153,1.0184,469.0722
2024-10-06,建材,CI005008.WI,30.2927,1.1091,235.9767
2024-10-13,建材,CI005008.WI,28.4802,1.0383,823.2757
2024-10-20,建材,CI005008.WI,29.3185,1.0689,819.7054
2024-10-27,建材,CI005008.WI,32.3803,1.1166,845.8993
2024-11-03,建材,CI005008.WI,36.5415,1.1317,969.5146
2024-11-10,建材,CI005008.WI,37.8926,1.1735,992.9722
2024-11-17,建材,CI005008.WI,35.8571,1.1105,695.3225
2024-11-24,建材,CI005008.WI,35.0697,1.0861,584.2179
2024-12-01,建材,CI005008.WI,36.2169,1.1208,551.0822
2024-12-08,建材,CI005008.WI,37.1241,1.1489,776.4093
2024-12-15,建材,CI005008.WI,37.5143,1.161,896.1885
2024-12-22,建材,CI005008.WI,35.6926,1.1046,617.7562
2024-12-29,建材,CI005008.WI,35.4468,1.097,555.8718
2025-01-05,建材,CI005008.WI,33.326,1.0317,407.6792
2025-01-12,建材,CI005008.WI,32.7677,1.0144,396.6601
2025-01-19,建材,CI005008.WI,33.9237,1.05,376.4663
2025-01-26,建材,CI005008.WI,33.3795,1.0332,348.8771
2025-02-02,建材,CI005008.WI,33.7288,1.044,71.1736
2025-02-09,建材,CI005008.WI,33.7726,1.0453,244.2396
2025-02-16,建材,CI005008.WI,33.8523,1.0478,411.8175
2025-02-23,建材,CI005008.WI,33.3317,1.0316,434.4607
2025-03-02,建材,CI005008.WI,36.3919,1.0519,568.8869
2025-03-09,建材,CI005008.WI,37.3281,1.079,501.346
2025-03-16,建材,CI005008.WI,37.7856,1.0917,524.8473
2025-03-23,建材,CI005008.WI,37.7548,1.1062,525.3489
2025-03-30,建材,CI005008.WI,35.0754,1.0721,456.0704
2025-04-06,建材,CI005008.WI,36.0085,1.0761,314.0033
2025-04-13,建材,CI005008.WI,35.2935,1.0499,589.676
2025-04-20,建材,CI005008.WI,36.7741,1.0556,437.5052
2025-04-27,建材,CI005008.WI,35.9329,1.05,451.5531
2025-05-04,建材,CI005008.WI,35.7216,1.0356,271.6131
2025-05-11,建材,CI005008.WI,36.5647,1.06,393.6416
2025-05-18,建材,CI005008.WI,36.5472,1.0595,423.7289
2025-05-25,建材,CI005008.WI,36.1423,1.05,450.193
2025-06-01,建材,CI005008.WI,37.6158,1.0851,384.6017
2025-06-08,建材,CI005008.WI,37.83,1.092,405.3008
2025-06-15,建材,CI005008.WI,36.8949,1.0678,456.3139
2025-06-22,建材,CI005008.WI,36.2749,1.0512,397.2096
2025-06-29,建材,CI005008.WI,36.9417,1.0776,396.5261
2025-07-06,建材,CI005008.WI,38.4486,1.1216,685.4203
2025-07-13,建材,CI005008.WI,39.8171,1.1628,887.0772
2025-07-20,建材,CI005008.WI,39.8472,1.1634,685.0446
2025-07-27,建材,CI005008.WI,42.0099,1.238,1681.1929
2025-08-03,建材,CI005008.WI,41.1185,1.194,912.6841
2025-08-10,建材,CI005008.WI,42.2969,1.2283,657.2055
2025-08-17,建材,CI005008.WI,43.4168,1.255,928.7284
2025-08-24,建材,CI005008.WI,42.174,1.2976,1065.3735
2025-08-31,建材,CI005008.WI,40.3782,1.2984,1177.9708
2025-09-07,建材,CI005008.WI,39.5021,1.2704,869.8433
2025-09-14,建材,CI005008.WI,40.2379,1.2939,823.1977
2025-09-21,建材,CI005008.WI,40.4041,1.2992,816.4711
2025-09-28,建材,CI005008.WI,39.5056,1.2705,766.7765
2025-10-05,建材,CI005008.WI,40.0569,1.2906,254.4704
2025-10-12,建材,CI005008.WI,41.2386,1.3276,366.2497
2025-10-19,建材,CI005008.WI,39.8127,1.2848,817.7741
2025-10-26,建材,CI005008.WI,39.142,1.3053,780.5029
2025-11-02,建材,CI005008.WI,39.5016,1.3151,953.5627
2025-11-09,建材,CI005008.WI,40.2888,1.341,933.4069
2025-11-16,建材,CI005008.WI,41.0286,1.3648,1049.5277
2025-11-23,建材,CI005008.WI,38.8821,1.2928,833.2552
2025-11-30,建材,CI005008.WI,39.8327,1.3236,736.7987
2025-12-07,建材,CI005008.WI,39.4766,1.2579,843.0186
2025-12-14,建材,CI005008.WI,38.8582,1.2382,958.7257
2025-12-21,建材,CI005008.WI,38.9311,1.2404,788.5749
2025-12-28,建材,CI005008.WI,40.6988,1.2967,979.8411
2026-01-04,建材,CI005008.WI,40.204,1.2809,694.2241
2026-01-11,建材,CI005008.WI,41.7502,1.3302,1170.4685
2026-01-18,建材,CI005008.WI,41.7059,1.3283,1156.5531
2026-01-25,建材,CI005008.WI,45.2072,1.4398,1439.8527
2026-02-01,建材,CI005008.WI,45.3695,1.445,1517.9004
2026-02-08,建材,CI005008.WI,44.4675,1.4698,1419.0236
2026-02-15,建材,CI005008.WI,45.6621,1.5095,1454.2899
2026-03-01,建材,CI005008.WI,47.714,1.57,1357.4891
2026-03-08,建材,CI005008.WI,45.7886,1.5066,1245.4167
2026-03-15,建材,CI005008.WI,45.228,1.4874,1019.3154
2026-03-22,建材,CI005008.WI,42.0085,1.3718,970.318
2026-03-29,建材,CI005008.WI,43.1255,1.3693,906.0445
2026-04-05,建材,CI005008.WI,63.7209,1.3601,814.6328
2026-04-12,建材,CI005008.WI,70.5872,1.4332,771.5812
2026-04-19,建材,CI005008.WI,71.2777,1.4771,1238.2305
2026-04-26,建材,CI005008.WI,68.7169,1.4728,1298.709
2026-05-03,建材,CI005008.WI,78.4662,1.5006,1140.3947
2026-05-10,建材,CI005008.WI,82.2217,1.5736,940.1318
2026-05-17,建材,CI005008.WI,80.3395,1.5379,1693.803
2026-05-24,建材,CI005008.WI,81.6646,1.5634,1485.8111
2026-05-31,建材,CI005008.WI,82.7315,1.5885,1778.0057
2026-06-07,建材,CI005008.WI,79.2515,1.523,1771.4241
2026-06-14,建材,CI005008.WI,80.6816,1.5556,1793.6459
2026-06-21,建材,CI005008.WI,90.1627,1.7396,1845.6885
2026-06-28,建材,CI005008.WI,99.8986,1.9276,2667.9969
2026-07-05,建材,CI005008.WI,96.1182,1.8625,2554.2541
2026-07-12,建材,CI005008.WI,84.7277,1.6421,2161.9598
2026-07-19,建材,CI005008.WI,75.6535,1.4673,1672.1207
2026-07-26,建材,CI005008.WI,70.0381,1.3601,1465.7327
2026-08-02,建材,CI005008.WI,74.1235,1.4185,1694.3323
2026-08-09,建材,CI005008.WI,80.1804,1.5466,1824.8675
2016-01-10,建筑,CI005007.WI,17.7312,1.9333,701.8271
2016-01-17,建筑,CI005007.WI,15.9592,1.7388,757.5474
2016-01-24,建筑,CI005007.WI,16.82,1.8326,844.0783
2016-01-31,建筑,CI005007.WI,15.2351,1.66,655.5107
2016-02-07,建筑,CI005007.WI,15.3616,1.6736,477.4608
2016-02-21,建筑,CI005007.WI,16.276,1.7699,718.7579
2016-02-28,建筑,CI005007.WI,15.2926,1.6604,792.0806
2016-03-06,建筑,CI005007.WI,16.1187,1.7391,731.0483
2016-03-13,建筑,CI005007.WI,15.7925,1.7041,531.7151
2016-03-20,建筑,CI005007.WI,16.8405,1.8155,745.2148
2016-03-27,建筑,CI005007.WI,16.9236,1.8302,880.1057
2016-04-03,建筑,CI005007.WI,16.4833,1.8113,762.5787
2016-04-10,建筑,CI005007.WI,16.3143,1.7924,654.5937
2016-04-17,建筑,CI005007.WI,17.0771,1.8785,881.5931
2016-04-24,建筑,CI005007.WI,15.8846,1.7507,743.423
2016-05-01,建筑,CI005007.WI,15.4175,1.679,520.13
2016-05-08,建筑,CI005007.WI,15.3285,1.6688,586.5452
2016-05-15,建筑,CI005007.WI,14.6589,1.596,549.6694
2016-05-22,建筑,CI005007.WI,14.4793,1.6326,413.8379
2016-05-29,建筑,CI005007.WI,14.3679,1.6204,392.044
2016-06-05,建筑,CI005007.WI,15.0584,1.7,602.7767
2016-06-12,建筑,CI005007.WI,14.9759,1.6909,320.0657
2016-06-19,建筑,CI005007.WI,14.5533,1.6518,601.0846
2016-06-26,建筑,CI005007.WI,14.4074,1.5987,641.8747
2016-07-03,建筑,CI005007.WI,15.3423,1.708,714.944
2016-07-10,建筑,CI005007.WI,15.7272,1.7514,1058.098
2016-07-17,建筑,CI005007.WI,16.0184,1.787,917.6453
2016-07-24,建筑,CI005007.WI,15.715,1.7518,751.6219
2016-07-31,建筑,CI005007.WI,15.5309,1.7282,793.7319
2016-08-07,建筑,CI005007.WI,15.5309,1.7275,619.1104
2016-08-14,建筑,CI005007.WI,16.0639,1.7933,810.0802
2016-08-21,建筑,CI005007.WI,17.2716,1.9259,1287.9875
2016-08-28,建筑,CI005007.WI,16.5122,1.8318,977.7776
2016-09-04,建筑,CI005007.WI,16.4668,1.7944,912.4704
2016-09-11,建筑,CI005007.WI,16.7979,1.8304,1118.4294
2016-09-18,建筑,CI005007.WI,16.2418,1.7699,578.7821
2016-09-25,建筑,CI005007.WI,16.6403,1.8124,865.3671
2016-10-02,建筑,CI005007.WI,16.1263,1.7519,702.8695
2016-10-16,建筑,CI005007.WI,17.0368,1.8511,891.6282
2016-10-23,建筑,CI005007.WI,18.2397,1.9851,1307.1615
2016-10-30,建筑,CI005007.WI,16.8515,1.8576,1314.1878
2016-11-06,建筑,CI005007.WI,17.2608,1.8815,1321.5889
2016-11-13,建筑,CI005007.WI,17.9758,1.955,1382.0456
2016-11-20,建筑,CI005007.WI,18.2105,1.9805,1502.7925
2016-11-27,建筑,CI005007.WI,18.8023,2.0448,1780.8203
2016-12-04,建筑,CI005007.WI,19.3928,2.1091,2226.5982
2016-12-11,建筑,CI005007.WI,18.4517,2.0067,1469.3551
2016-12-18,建筑,CI005007.WI,17.3581,1.8863,1113.3467
2016-12-25,建筑,CI005007.WI,17.6437,1.9145,915.2877
2017-01-01,建筑,CI005007.WI,17.788,1.9275,1015.2762
2017-01-08,建筑,CI005007.WI,18.0033,1.9508,727.4537
2017-01-15,建筑,CI005007.WI,17.6983,1.8982,903.1852
2017-01-22,建筑,CI005007.WI,17.7582,1.9047,735.8428
2017-01-29,建筑,CI005007.WI,17.9487,1.9254,497.8988
2017-02-05,建筑,CI005007.WI,17.9,1.9202,77.8958
2017-02-12,建筑,CI005007.WI,19.2867,2.0673,1150.9745
2017-02-19,建筑,CI005007.WI,19.0875,2.046,1305.189
2017-02-26,建筑,CI005007.WI,19.3446,2.0717,1126.4096
2017-03-05,建筑,CI005007.WI,18.8862,2.0312,1012.8099
2017-03-12,建筑,CI005007.WI,18.756,2.0203,926.3847
2017-03-19,建筑,CI005007.WI,19.2457,2.0685,1184.5971
2017-03-26,建筑,CI005007.WI,20.3421,2.1875,1859.0757
2017-04-02,建筑,CI005007.WI,19.4568,2.0716,1653.8257
2017-04-09,建筑,CI005007.WI,20.7084,2.2049,1351.3018
2017-04-16,建筑,CI005007.WI,20.6797,2.1533,1917.0532
2017-04-23,建筑,CI005007.WI,20.7372,2.1026,1564.4864
2017-04-30,建筑,CI005007.WI,19.1378,1.9796,1381.0308
2017-05-07,建筑,CI005007.WI,19.128,1.9787,1178.8856
2017-05-14,建筑,CI005007.WI,18.4967,1.9119,1231.3831
2017-05-21,建筑,CI005007.WI,17.892,1.8508,1202.83
2017-05-28,建筑,CI005007.WI,17.7956,1.8412,1070.2018
2017-06-04,建筑,CI005007.WI,17.8406,1.8461,602.2612
2017-06-11,建筑,CI005007.WI,18.453,1.9105,1010.2788
2017-06-18,建筑,CI005007.WI,18.0611,1.8826,979.8188
2017-06-25,建筑,CI005007.WI,18.1402,1.8901,1020.4517
2017-07-02,建筑,CI005007.WI,18.3201,1.9168,841.3999
2017-07-09,建筑,CI005007.WI,18.3263,1.9128,796.3474
2017-07-16,建筑,CI005007.WI,18.8105,1.9664,1052.9544
2017-07-23,建筑,CI005007.WI,18.9306,1.9876,1270.8733
2017-07-30,建筑,CI005007.WI,18.5981,1.9526,948.9273
2017-08-06,建筑,CI005007.WI,18.106,1.9038,992.4231
2017-08-13,建筑,CI005007.WI,17.8231,1.8769,810.9619
2017-08-20,建筑,CI005007.WI,18.4629,1.9447,944.0016
2017-08-27,建筑,CI005007.WI,18.2593,1.9431,886.1729
2017-09-03,建筑,CI005007.WI,17.8131,1.8861,1106.2796
2017-09-10,建筑,CI005007.WI,17.9375,1.8872,1129.0547
2017-09-17,建筑,CI005007.WI,18.0976,1.9003,994.0404
2017-09-24,建筑,CI005007.WI,17.8125,1.8704,914.2406
2017-10-01,建筑,CI005007.WI,17.573,1.8452,658.2652
2017-10-15,建筑,CI005007.WI,17.7876,1.8681,764.335
2017-10-22,建筑,CI005007.WI,17.5362,1.848,787.2902
2017-10-29,建筑,CI005007.WI,17.891,1.8721,918.1541
2017-11-05,建筑,CI005007.WI,17.4825,1.8159,1000.8865
2017-11-12,建筑,CI005007.WI,17.1944,1.7859,852.6616
2017-11-19,建筑,CI005007.WI,16.8153,1.7466,874.2706
2017-11-26,建筑,CI005007.WI,16.6443,1.7289,810.8461
2017-12-03,建筑,CI005007.WI,16.7036,1.7349,604.8017
2017-12-10,建筑,CI005007.WI,16.5586,1.7199,595.3274
2017-12-17,建筑,CI005007.WI,16.2879,1.6918,477.8419
2017-12-24,建筑,CI005007.WI,16.1677,1.6793,421.9246
2017-12-31,建筑,CI005007.WI,16.0441,1.6658,495.3253
2018-01-07,建筑,CI005007.WI,16.6046,1.723,601.2027
2018-01-14,建筑,CI005007.WI,16.3579,1.6974,673.3814
2018-01-21,建筑,CI005007.WI,16.7947,1.7421,967.3182
2018-01-28,建筑,CI005007.WI,17.0344,1.7669,914.0373
2018-02-04,建筑,CI005007.WI,16.1284,1.6748,732.3416
2018-02-11,建筑,CI005007.WI,14.6029,1.5153,774.3564
2018-02-18,建筑,CI005007.WI,14.6859,1.5241,234.9277
2018-02-25,建筑,CI005007.WI,15.193,1.5766,181.3596
2018-03-04,建筑,CI005007.WI,15.0617,1.5869,504.4042
2018-03-11,建筑,CI005007.WI,15.3115,1.6131,512.8769
2018-03-18,建筑,CI005007.WI,15.007,1.5808,548.4328
2018-03-25,建筑,CI005007.WI,14.3702,1.5185,534.4801
2018-04-01,建筑,CI005007.WI,13.9176,1.5257,511.6692
2018-04-08,建筑,CI005007.WI,13.7524,1.5056,327.5361
2018-04-15,建筑,CI005007.WI,13.6814,1.5035,472.5843
2018-04-22,建筑,CI005007.WI,13.2191,1.4539,462.9191
2018-04-29,建筑,CI005007.WI,12.9195,1.4176,400.346
2018-05-06,建筑,CI005007.WI,12.8722,1.4129,208.8713
2018-05-13,建筑,CI005007.WI,13.0207,1.4296,417.0534
2018-05-20,建筑,CI005007.WI,13.0245,1.4295,354.2889
2018-05-27,建筑,CI005007.WI,12.7319,1.3978,427.4796
2018-06-03,建筑,CI005007.WI,12.2493,1.3454,349.5239
2018-06-10,建筑,CI005007.WI,12.0951,1.3247,265.6358
2018-06-17,建筑,CI005007.WI,11.9129,1.3069,281.7232
2018-06-24,建筑,CI005007.WI,11.5394,1.2521,338.3613
2018-07-01,建筑,CI005007.WI,11.3398,1.2398,292.6367
2018-07-08,建筑,CI005007.WI,10.8652,1.1916,318.1316
2018-07-15,建筑,CI005007.WI,11.083,1.2154,301.9071
2018-07-22,建筑,CI005007.WI,11.1182,1.2218,277.6743
2018-07-29,建筑,CI005007.WI,12.0027,1.3193,688.4307
2018-08-05,建筑,CI005007.WI,11.541,1.2693,544.8636
2018-08-12,建筑,CI005007.WI,12.076,1.3303,547.5226
2018-08-19,建筑,CI005007.WI,11.4154,1.2589,407.9107
2018-08-26,建筑,CI005007.WI,11.2893,1.2524,347.8085
2018-09-02,建筑,CI005007.WI,11.043,1.2272,356.2202
2018-09-09,建筑,CI005007.WI,10.8577,1.2023,292.3515
2018-09-16,建筑,CI005007.WI,10.795,1.1954,308.4258
2018-09-23,建筑,CI005007.WI,11.2974,1.251,499.1501
2018-09-30,建筑,CI005007.WI,11.2973,1.251,328.4728
2018-10-14,建筑,CI005007.WI,10.6681,1.182,436.3943
2018-10-21,建筑,CI005007.WI,10.1901,1.1292,342.5306
2018-10-28,建筑,CI005007.WI,10.2616,1.1347,396.5474
2018-11-04,建筑,CI005007.WI,10.7337,1.1625,439.9908
2018-11-11,建筑,CI005007.WI,10.4154,1.128,392.3853
2018-11-18,建筑,CI005007.WI,10.9024,1.1808,532.593
2018-11-25,建筑,CI005007.WI,10.543,1.1419,520.9178
2018-12-02,建筑,CI005007.WI,10.5861,1.1452,340.5576
2018-12-09,建筑,CI005007.WI,10.7929,1.2527,423.5054
2018-12-16,建筑,CI005007.WI,11.0155,1.2785,482.4054
2018-12-23,建筑,CI005007.WI,10.679,1.2402,478.7293
2018-12-30,建筑,CI005007.WI,10.3845,1.2058,369.4787
2019-01-06,建筑,CI005007.WI,10.5416,1.2241,215.1243
2019-01-13,建筑,CI005007.WI,10.6669,1.2386,461.6604
2019-01-20,建筑,CI005007.WI,10.6854,1.2413,446.4611
2019-01-27,建筑,CI005007.WI,10.5142,1.2095,424.9504
2019-02-03,建筑,CI005007.WI,10.4224,1.1987,316.9872
2019-02-17,建筑,CI005007.WI,10.7794,1.2365,502.2267
2019-02-24,建筑,CI005007.WI,11.0747,1.27,724.6479
2019-03-03,建筑,CI005007.WI,12.0395,1.3582,1288.4385
2019-03-10,建筑,CI005007.WI,11.9203,1.3453,1577.4319
2019-03-17,建筑,CI005007.WI,12.2522,1.3821,1167.6582
2019-03-24,建筑,CI005007.WI,12.7146,1.4347,1358.9119
2019-03-31,建筑,CI005007.WI,12.7231,1.3902,1056.062
2019-04-07,建筑,CI005007.WI,13.3525,1.4643,1254.8013
2019-04-14,建筑,CI005007.WI,12.8851,1.4465,1286.1864
2019-04-21,建筑,CI005007.WI,13.2487,1.4715,1068.064
2019-04-28,建筑,CI005007.WI,12.0266,1.3298,932.5978
2019-05-05,建筑,CI005007.WI,11.623,1.286,270.6967
2019-05-12,建筑,CI005007.WI,11.0053,1.218,609.4103
2019-05-19,建筑,CI005007.WI,10.73,1.1864,520.5718
2019-05-26,建筑,CI005007.WI,10.5175,1.1632,401.7667
2019-06-02,建筑,CI005007.WI,10.6522,1.1785,423.2957
2019-06-09,建筑,CI005007.WI,10.4131,1.152,309.0288
2019-06-16,建筑,CI005007.WI,10.7123,1.1836,566.2155
2019-06-23,建筑,CI005007.WI,11.0447,1.2195,515.2409
2019-06-30,建筑,CI005007.WI,10.7972,1.1961,434.139
2019-07-07,建筑,CI005007.WI,10.9715,1.21,468.5909
2019-07-14,建筑,CI005007.WI,10.5846,1.1675,313.6716
2019-07-21,建筑,CI005007.WI,10.5759,1.1524,281.5927
2019-07-28,建筑,CI005007.WI,10.6343,1.1187,290.2338
2019-08-04,建筑,CI005007.WI,10.2721,1.0798,286.6633
2019-08-11,建筑,CI005007.WI,9.8135,1.0207,293.1721
2019-08-18,建筑,CI005007.WI,9.7657,1.0157,254.6949
2019-08-25,建筑,CI005007.WI,9.8456,1.0235,356.9915
2019-09-01,建筑,CI005007.WI,9.7427,1.0214,370.5292
2019-09-08,建筑,CI005007.WI,10.3039,1.0768,563.4586
2019-09-15,建筑,CI005007.WI,10.4656,1.0937,379.8988
2019-09-22,建筑,CI005007.WI,10.278,1.0741,435.1381
2019-09-29,建筑,CI005007.WI,9.9418,1.0306,330.5014
2019-10-06,建筑,CI005007.WI,9.8894,1.025,44.2141
2019-10-13,建筑,CI005007.WI,10.0412,1.0405,225.2963
2019-10-20,建筑,CI005007.WI,9.9011,1.0259,335.3529
2019-10-27,建筑,CI005007.WI,9.784,1.0144,255.2837
2019-11-03,建筑,CI005007.WI,9.3801,1.0343,344.4755
2019-11-10,建筑,CI005007.WI,9.2967,1.0251,357.7863
2019-11-17,建筑,CI005007.WI,8.8989,0.9811,318.2567
2019-11-24,建筑,CI005007.WI,9.0113,0.9935,275.4284
2019-12-01,建筑,CI005007.WI,50.5912,1.6872,353.3187
2019-12-08,建筑,CI005007.WI,9.1117,1.0035,251.3444
2019-12-15,建筑,CI005007.WI,9.2473,1.0184,336.3878
2019-12-22,建筑,CI005007.WI,9.4386,1.0395,456.1964
2019-12-29,建筑,CI005007.WI,9.3727,1.0322,343.0653
2020-01-05,建筑,CI005007.WI,9.8217,1.0816,172.874
2020-01-12,建筑,CI005007.WI,9.5816,1.0758,555.3836
2020-01-19,建筑,CI005007.WI,9.4585,1.0615,434.5896
2020-01-26,建筑,CI005007.WI,9.0449,1.015,341.918
2020-02-09,建筑,CI005007.WI,8.4531,0.9493,477.6186
2020-02-16,建筑,CI005007.WI,8.7144,0.9739,459.2647
2020-02-23,建筑,CI005007.WI,8.9429,0.9994,547.8654
2020-03-01,建筑,CI005007.WI,9.0794,1.0024,1014.5275
2020-03-08,建筑,CI005007.WI,9.8901,1.0922,1600.3233
2020-03-15,建筑,CI005007.WI,9.3771,1.0381,971.6661
2020-03-22,建筑,CI005007.WI,9.0788,1.004,768.8031
2020-03-29,建筑,CI005007.WI,9.0484,1.0012,663.0485
2020-04-05,建筑,CI005007.WI,8.6784,0.9651,616.0993
2020-04-12,建筑,CI005007.WI,8.7508,0.9732,465.0661
2020-04-19,建筑,CI005007.WI,8.9577,0.993,518.4828
2020-04-26,建筑,CI005007.WI,8.8561,0.9771,764.3136
2020-05-03,建筑,CI005007.WI,9.442,0.9614,438.3562
2020-05-10,建筑,CI005007.WI,9.5245,0.9697,392.2046
2020-05-17,建筑,CI005007.WI,9.3308,0.95,528.8131
2020-05-24,建筑,CI005007.WI,9.0796,0.9244,570.691
2020-05-31,建筑,CI005007.WI,9.0438,0.921,474.0896
2020-06-07,建筑,CI005007.WI,9.1515,0.9336,519.5229
2020-06-14,建筑,CI005007.WI,9.0221,0.9208,424.8692
2020-06-21,建筑,CI005007.WI,9.1671,0.9355,447.0941
2020-06-28,建筑,CI005007.WI,8.9676,0.9128,248.6375
2020-07-05,建筑,CI005007.WI,9.438,0.9607,605.4789
2020-07-12,建筑,CI005007.WI,10.072,1.0261,1409.9063
2020-07-19,建筑,CI005007.WI,9.6896,0.9778,1125.5168
2020-07-26,建筑,CI005007.WI,9.7071,0.9794,883.7093
2020-08-02,建筑,CI005007.WI,9.8656,0.997,655.3948
2020-08-09,建筑,CI005007.WI,10.0296,1.0173,935.9567
2020-08-16,建筑,CI005007.WI,10.2202,1.0374,1055.8851
2020-08-23,建筑,CI005007.WI,10.2813,1.0406,927.6617
2020-08-30,建筑,CI005007.WI,10.0571,1.0304,760.7461
2020-09-06,建筑,CI005007.WI,9.8919,1.016,794.9768
2020-09-13,建筑,CI005007.WI,9.6142,0.9875,826.4544
2020-09-20,建筑,CI005007.WI,9.921,1.019,607.7612
2020-09-27,建筑,CI005007.WI,9.4026,0.9657,540.0754
2020-10-04,建筑,CI005007.WI,9.3214,0.9574,228.2524
2020-10-11,建筑,CI005007.WI,9.5377,0.9796,88.377
2020-10-18,建筑,CI005007.WI,9.5938,0.9851,528.4827
2020-10-25,建筑,CI005007.WI,9.5343,0.9779,511.1463
2020-11-01,建筑,CI005007.WI,8.9707,0.9284,577.0563
2020-11-08,建筑,CI005007.WI,9.1992,0.952,558.6318
2020-11-15,建筑,CI005007.WI,9.1204,0.9439,581.389
2020-11-22,建筑,CI005007.WI,9.2482,0.9571,497.0172
2020-11-29,建筑,CI005007.WI,9.3115,0.9602,554.8039
2020-12-06,建筑,CI005007.WI,9.3552,0.9641,543.7989
2020-12-13,建筑,CI005007.WI,8.9732,0.9247,407.2754
2020-12-20,建筑,CI005007.WI,8.9646,0.9238,362.1343
2020-12-27,建筑,CI005007.WI,8.7801,0.8994,413.9205
2021-01-03,建筑,CI005007.WI,8.7417,0.8954,302.7749
2021-01-10,建筑,CI005007.WI,8.7159,0.8926,583.5913
2021-01-17,建筑,CI005007.WI,8.9249,0.9142,780.808
2021-01-24,建筑,CI005007.WI,8.6832,0.8903,543.3091
2021-01-31,建筑,CI005007.WI,8.4088,0.8637,443.0295
2021-02-07,建筑,CI005007.WI,8.2465,0.8472,427.4122
2021-02-14,建筑,CI005007.WI,8.4351,0.8594,216.944
2021-02-21,建筑,CI005007.WI,8.9299,0.9098,239.5293
2021-02-28,建筑,CI005007.WI,8.8741,0.9088,762.6603
2021-03-07,建筑,CI005007.WI,9.0832,0.9299,645.9607
2021-03-14,建筑,CI005007.WI,9.1418,0.9359,812.3379
2021-03-21,建筑,CI005007.WI,9.2076,0.9358,777.3835
2021-03-28,建筑,CI005007.WI,9.1101,0.9387,787.605
2021-04-04,建筑,CI005007.WI,9.322,0.9447,902.4265
2021-04-11,建筑,CI005007.WI,9.2836,0.939,558.9709
2021-04-18,建筑,CI005007.WI,9.2046,0.9295,559.2508
2021-04-25,建筑,CI005007.WI,8.9673,0.9077,522.9779
2021-05-02,建筑,CI005007.WI,7.8082,0.877,488.9532
2021-05-09,建筑,CI005007.WI,8.0553,0.9037,223.4604
2021-05-16,建筑,CI005007.WI,8.1289,0.912,547.9331
2021-05-23,建筑,CI005007.WI,8.0487,0.9035,528.1853
2021-05-30,建筑,CI005007.WI,8.0588,0.9051,573.2258
2021-06-06,建筑,CI005007.WI,8.0462,0.9028,570.6855
2021-06-13,建筑,CI005007.WI,8.0924,0.9087,538.4252
2021-06-20,建筑,CI005007.WI,7.9709,0.8951,436.9622
2021-06-27,建筑,CI005007.WI,8.2055,0.8998,653.9897
2021-07-04,建筑,CI005007.WI,8.042,0.8924,672.8907
2021-07-11,建筑,CI005007.WI,8.0875,0.8854,572.5387
2021-07-18,建筑,CI005007.WI,8.2066,0.8906,833.061
2021-07-25,建筑,CI005007.WI,8.3663,0.9079,856.8784
2021-08-01,建筑,CI005007.WI,8.1597,0.8979,951.5988
2021-08-08,建筑,CI005007.WI,8.4099,0.9286,952.3276
2021-08-15,建筑,CI005007.WI,8.4619,0.9362,866.35
2021-08-22,建筑,CI005007.WI,8.4395,0.9325,1039.7543
2021-08-29,建筑,CI005007.WI,8.7017,0.9704,1018.6683
2021-09-05,建筑,CI005007.WI,9.2294,1.0535,1797.5481
2021-09-12,建筑,CI005007.WI,9.8674,1.1176,1920.4983
2021-09-19,建筑,CI005007.WI,9.3972,1.0593,1514.9933
2021-09-26,建筑,CI005007.WI,9.5273,1.0725,884.2846
2021-10-03,建筑,CI005007.WI,8.9727,1.0099,949.0456
2021-10-10,建筑,CI005007.WI,8.9315,1.0049,180.5797
2021-10-17,建筑,CI005007.WI,8.444,0.9511,746.3738
2021-10-24,建筑,CI005007.WI,8.5751,0.9656,708.21
2021-10-31,建筑,CI005007.WI,8.4738,0.9444,953.6331
2021-11-07,建筑,CI005007.WI,8.2621,0.9194,832.157
2021-11-14,建筑,CI005007.WI,8.5048,0.9464,749.2162
2021-11-21,建筑,CI005007.WI,8.4647,0.942,731.6791
2021-11-28,建筑,CI005007.WI,8.5157,0.9435,790.3038
2021-12-05,建筑,CI005007.WI,9.0389,1.0009,968.4648
2021-12-12,建筑,CI005007.WI,9.0113,0.9979,1026.0052
2021-12-19,建筑,CI005007.WI,9.4182,1.0429,1360.939
2021-12-26,建筑,CI005007.WI,9.2645,1.0259,1394.1337
2022-01-02,建筑,CI005007.WI,9.3322,1.0332,1028.8782
2022-01-09,建筑,CI005007.WI,10.018,1.0916,1282.7038
2022-01-16,建筑,CI005007.WI,9.5242,1.0369,1326.1214
2022-01-23,建筑,CI005007.WI,9.8188,1.0683,1484.9548
2022-01-30,建筑,CI005007.WI,9.4298,1.0239,1099.8475
2022-02-13,建筑,CI005007.WI,10.2156,1.1077,1769.5361
2022-02-20,建筑,CI005007.WI,10.4889,1.1374,1815.4034
2022-02-27,建筑,CI005007.WI,9.8159,1.0589,1963.1428
2022-03-06,建筑,CI005007.WI,9.8875,1.0701,1392.8149
2022-03-13,建筑,CI005007.WI,9.679,1.05,1721.7813
2022-03-20,建筑,CI005007.WI,9.5559,1.0368,1799.0249
2022-03-27,建筑,CI005007.WI,9.5799,1.0297,1710.7542
2022-04-03,建筑,CI005007.WI,9.9589,1.0379,1612.5124
2022-04-10,建筑,CI005007.WI,10.5815,1.1024,1323.5201
2022-04-17,建筑,CI005007.WI,10.0853,1.0486,2047.7732
2022-04-24,建筑,CI005007.WI,9.4862,0.976,1179.4119
2022-05-01,建筑,CI005007.WI,11.4078,1.0338,1852.2081
2022-05-08,建筑,CI005007.WI,11.2062,1.0076,708.4262
2022-05-15,建筑,CI005007.WI,11.6577,1.0482,2231.6929
2022-05-22,建筑,CI005007.WI,11.7072,1.0531,1794.05
2022-05-29,建筑,CI005007.WI,11.6143,1.0449,1767.1737
2022-06-05,建筑,CI005007.WI,11.3803,1.0241,1303.1168
2022-06-12,建筑,CI005007.WI,11.4589,1.0312,1708.4214
2022-06-19,建筑,CI005007.WI,11.3045,1.0198,1442.1802
2022-06-26,建筑,CI005007.WI,11.208,1.0123,1215.4975
2022-07-03,建筑,CI005007.WI,11.4328,1.0401,1416.4058
2022-07-10,建筑,CI005007.WI,11.2976,1.0286,1115.8671
2022-07-17,建筑,CI005007.WI,11.1255,1.0131,1578.2672
2022-07-24,建筑,CI005007.WI,11.1714,1.0177,1087.9353
2022-07-31,建筑,CI005007.WI,10.893,0.9988,879.7048
2022-08-07,建筑,CI005007.WI,10.4095,0.9551,917.4417
2022-08-14,建筑,CI005007.WI,10.609,0.974,812.362
2022-08-21,建筑,CI005007.WI,10.668,0.9795,985.2554
2022-08-28,建筑,CI005007.WI,10.526,0.9675,966.0489
2022-09-04,建筑,CI005007.WI,10.6009,0.9513,934.2747
2022-09-11,建筑,CI005007.WI,11.0488,0.9915,1066.7043
2022-09-18,建筑,CI005007.WI,10.383,0.9318,766.2962
2022-09-25,建筑,CI005007.WI,10.2769,0.9222,724.597
2022-10-02,建筑,CI005007.WI,9.796,0.8789,678.4049
2022-10-16,建筑,CI005007.WI,10.0406,0.8999,618.6174
2022-10-23,建筑,CI005007.WI,10.1407,0.909,685.5485
2022-10-30,建筑,CI005007.WI,9.6944,0.8558,760.9341
2022-11-06,建筑,CI005007.WI,9.9424,0.8768,795.6815
2022-11-13,建筑,CI005007.WI,10.2567,0.9044,853.2883
2022-11-20,建筑,CI005007.WI,10.1524,0.8952,804.6097
2022-11-27,建筑,CI005007.WI,10.8123,0.9534,1387.2125
2022-12-04,建筑,CI005007.WI,10.9695,0.9627,1271.0425
2022-12-11,建筑,CI005007.WI,11.1499,0.978,1352.9231
2022-12-18,建筑,CI005007.WI,10.839,0.9508,771.2005
2022-12-25,建筑,CI005007.WI,10.2116,0.8957,579.3023
2023-01-01,建筑,CI005007.WI,10.256,0.8996,595.7662
2023-01-08,建筑,CI005007.WI,10.3438,0.9087,563.8903
2023-01-15,建筑,CI005007.WI,10.2772,0.9017,646.6194
2023-01-22,建筑,CI005007.WI,10.6994,0.9328,630.3676
2023-02-05,建筑,CI005007.WI,10.8236,0.944,976.8601
2023-02-12,建筑,CI005007.WI,10.9817,0.9578,946.9714
2023-02-19,建筑,CI005007.WI,10.8972,0.9454,1008.1478
2023-02-26,建筑,CI005007.WI,11.1633,0.969,860.4355
2023-03-05,建筑,CI005007.WI,12.0076,1.0402,1230.5954
2023-03-12,建筑,CI005007.WI,11.5933,1.0102,1348.9315
2023-03-19,建筑,CI005007.WI,12.3378,1.0741,1578.9479
2023-03-26,建筑,CI005007.WI,11.9735,1.0436,1803.485
2023-04-02,建筑,CI005007.WI,11.0158,0.9934,1258.0373
2023-04-09,建筑,CI005007.WI,11.434,1.0309,1044.3122
2023-04-16,建筑,CI005007.WI,11.9499,1.086,1336.492
2023-04-23,建筑,CI005007.WI,12.2461,1.0783,1691.5883
2023-04-30,建筑,CI005007.WI,11.87,1.0947,1493.4767
2023-05-07,建筑,CI005007.WI,12.0738,1.1125,823.7536
2023-05-14,建筑,CI005007.WI,11.2557,1.0375,1910.6505
2023-05-21,建筑,CI005007.WI,10.9022,1.0048,1141.3011
2023-05-28,建筑,CI005007.WI,10.4562,0.9641,978.9989
2023-06-04,建筑,CI005007.WI,10.7174,0.9884,1096.6817
2023-06-11,建筑,CI005007.WI,10.8038,0.9969,1152.3244
2023-06-18,建筑,CI005007.WI,10.8131,1.0021,1050.2668
2023-06-25,建筑,CI005007.WI,10.365,0.9608,610.6626
2023-07-02,建筑,CI005007.WI,10.5127,0.98,831.5127
2023-07-09,建筑,CI005007.WI,10.5995,0.9893,761.0025
2023-07-16,建筑,CI005007.WI,10.6371,0.9942,677.2374
2023-07-23,建筑,CI005007.WI,10.463,0.9801,626.8929
2023-07-30,建筑,CI005007.WI,10.8929,1.0244,1394.5764
2023-08-06,建筑,CI005007.WI,11.0879,1.0448,1256.9673
2023-08-13,建筑,CI005007.WI,10.6098,1.0001,881.5269
2023-08-20,建筑,CI005007.WI,10.5292,0.9918,786.018
2023-08-27,建筑,CI005007.WI,9.8789,0.9284,1080.0553
2023-09-03,建筑,CI005007.WI,9.9973,0.92,1211.6405
2023-09-10,建筑,CI005007.WI,9.7982,0.9016,842.223
2023-09-17,建筑,CI005007.WI,9.7388,0.8961,735.9227
2023-09-24,建筑,CI005007.WI,9.8049,0.9022,666.1966
2023-10-01,建筑,CI005007.WI,9.8078,0.9025,557.7344
2023-10-15,建筑,CI005007.WI,9.3348,0.8589,808.9383
2023-10-22,建筑,CI005007.WI,9.0316,0.831,584.8069
2023-10-29,建筑,CI005007.WI,9.3404,0.8423,808.6819
2023-11-05,建筑,CI005007.WI,9.2603,0.8223,788.7276
2023-11-12,建筑,CI005007.WI,9.2741,0.8235,946.2148
2023-11-19,建筑,CI005007.WI,9.3424,0.8296,893.7109
2023-11-26,建筑,CI005007.WI,9.2949,0.8253,997.4481
2023-12-03,建筑,CI005007.WI,9.1663,0.8139,794.3024
2023-12-10,建筑,CI005007.WI,8.8883,0.7892,817.4696
2023-12-17,建筑,CI005007.WI,8.9285,0.7927,767.7789
2023-12-24,建筑,CI005007.WI,8.8144,0.7826,722.5609
2023-12-31,建筑,CI005007.WI,8.9691,0.7964,650.7013
2024-01-14,建筑,CI005007.WI,8.8393,0.7846,789.3108
2024-01-21,建筑,CI005007.WI,8.5615,0.7602,868.832
2024-01-28,建筑,CI005007.WI,9.2581,0.822,1230.2216
2024-02-04,建筑,CI005007.WI,8.5505,0.7593,1432.1745
2024-02-11,建筑,CI005007.WI,8.5332,0.7578,954.64
2024-02-25,建筑,CI005007.WI,9.0608,0.8046,1119.2523
2024-03-03,建筑,CI005007.WI,9.0716,0.8023,1241.7405
2024-03-10,建筑,CI005007.WI,9.0591,0.8025,1077.6097
2024-03-17,建筑,CI005007.WI,9.0838,0.8045,1095.0114
2024-03-24,建筑,CI005007.WI,9.0617,0.8031,1146.4022
2024-03-31,建筑,CI005007.WI,9.0745,0.7964,1068.0498
2024-04-07,建筑,CI005007.WI,9.206,0.8076,678.0634
2024-04-14,建筑,CI005007.WI,8.7617,0.7711,872.752
2024-04-21,建筑,CI005007.WI,9.0134,0.8023,1463.6439
2024-04-28,建筑,CI005007.WI,8.7804,0.7909,1276.2799
2024-05-05,建筑,CI005007.WI,8.722,0.7639,566.8631
2024-05-12,建筑,CI005007.WI,8.9201,0.7814,1036.8623
2024-05-19,建筑,CI005007.WI,9.2076,0.8067,1139.547
2024-05-26,建筑,CI005007.WI,8.9628,0.7855,1272.2284
2024-06-02,建筑,CI005007.WI,8.789,0.7705,821.5632
2024-06-09,建筑,CI005007.WI,8.6629,0.7605,779.2595
2024-06-16,建筑,CI005007.WI,8.5165,0.7478,507.3729
2024-06-23,建筑,CI005007.WI,8.5703,0.7529,775.0064
2024-06-30,建筑,CI005007.WI,8.4324,0.7448,776.4506
2024-07-07,建筑,CI005007.WI,8.3277,0.7356,671.4987
2024-07-14,建筑,CI005007.WI,8.1982,0.7258,621.9713
2024-07-21,建筑,CI005007.WI,8.1487,0.7252,552.6332
2024-07-28,建筑,CI005007.WI,8.0606,0.7206,618.099
2024-08-04,建筑,CI005007.WI,8.2975,0.7418,774.2954
2024-08-11,建筑,CI005007.WI,8.1832,0.7312,673.4735
2024-08-18,建筑,CI005007.WI,8.114,0.7314,664.7553
2024-08-25,建筑,CI005007.WI,8.0146,0.7198,565.2126
2024-09-01,建筑,CI005007.WI,8.2171,0.6934,778.1671
2024-09-08,建筑,CI005007.WI,7.7496,0.6495,623.8963
2024-09-15,建筑,CI005007.WI,7.5273,0.6309,515.3816
2024-09-22,建筑,CI005007.WI,7.6544,0.6437,360.5852
2024-09-29,建筑,CI005007.WI,8.8463,0.7439,1052.1479
2024-10-06,建筑,CI005007.WI,9.6209,0.8091,520.717
2024-10-13,建筑,CI005007.WI,9.4656,0.7961,2131.3181
2024-10-20,建筑,CI005007.WI,9.77,0.8219,2197.2745
2024-10-27,建筑,CI005007.WI,10.2508,0.8364,1972.6756
2024-11-03,建筑,CI005007.WI,10.5158,0.8332,2375.6584
2024-11-10,建筑,CI005007.WI,11.1456,0.883,2681.0346
2024-11-17,建筑,CI005007.WI,10.7036,0.848,1956.2917
2024-11-24,建筑,CI005007.WI,10.478,0.8301,2159.3923
2024-12-01,建筑,CI005007.WI,10.5676,0.8372,1480.6414
2024-12-08,建筑,CI005007.WI,10.9414,0.8669,1824.8592
2024-12-15,建筑,CI005007.WI,10.789,0.8546,1956.3461
2024-12-22,建筑,CI005007.WI,10.6075,0.8402,1517.6328
2024-12-29,建筑,CI005007.WI,10.5487,0.8355,1345.7487
2025-01-05,建筑,CI005007.WI,9.8088,0.7768,923.3171
2025-01-12,建筑,CI005007.WI,9.5386,0.7558,936.254
2025-01-19,建筑,CI005007.WI,9.7869,0.7755,834.8466
2025-01-26,建筑,CI005007.WI,9.7317,0.7716,828.8656
2025-02-02,建筑,CI005007.WI,9.7573,0.7736,155.1202
2025-02-09,建筑,CI005007.WI,9.9004,0.785,627.2911
2025-02-16,建筑,CI005007.WI,10.009,0.7936,1410.1425
2025-02-23,建筑,CI005007.WI,9.9254,0.7869,1650.4703
2025-03-02,建筑,CI005007.WI,10.0407,0.7962,1774.6774
2025-03-09,建筑,CI005007.WI,10.0458,0.796,1556.7607
2025-03-16,建筑,CI005007.WI,10.1899,0.808,1512.3675
2025-03-23,建筑,CI005007.WI,10.1389,0.804,1302.9216
2025-03-30,建筑,CI005007.WI,9.9578,0.7782,1135.2395
2025-04-06,建筑,CI005007.WI,9.9669,0.7767,875.1131
2025-04-13,建筑,CI005007.WI,9.7194,0.7558,1336.1742
2025-04-20,建筑,CI005007.WI,10.0639,0.7638,882.567
2025-04-27,建筑,CI005007.WI,10.3518,0.7669,1009.9057
2025-05-04,建筑,CI005007.WI,10.5077,0.7382,623.5797
2025-05-11,建筑,CI005007.WI,10.7171,0.753,948.064
2025-05-18,建筑,CI005007.WI,10.8244,0.7605,1049.5919
2025-05-25,建筑,CI005007.WI,10.6924,0.7514,1041.6149
2025-06-01,建筑,CI005007.WI,10.8002,0.7593,900.9874
2025-06-08,建筑,CI005007.WI,10.9231,0.7682,885.6282
2025-06-15,建筑,CI005007.WI,10.7961,0.7599,1046.4498
2025-06-22,建筑,CI005007.WI,10.5917,0.7457,810.1171
2025-06-29,建筑,CI005007.WI,10.9518,0.7713,1104.9303
2025-07-06,建筑,CI005007.WI,11.0041,0.7759,1031.3093
2025-07-13,建筑,CI005007.WI,11.2599,0.7953,1302.1577
2025-07-20,建筑,CI005007.WI,11.1723,0.7955,1277.3965
2025-07-27,建筑,CI005007.WI,11.7784,0.8423,3031.4157
2025-08-03,建筑,CI005007.WI,11.4924,0.8216,2233.396
2025-08-10,建筑,CI005007.WI,11.6884,0.8357,1768.2491
2025-08-17,建筑,CI005007.WI,11.6154,0.8298,2026.2538
2025-08-24,建筑,CI005007.WI,11.7342,0.8431,1911.2093
2025-08-31,建筑,CI005007.WI,11.7967,0.8241,2225.4436
2025-09-07,建筑,CI005007.WI,11.6443,0.8052,1635.4683
2025-09-14,建筑,CI005007.WI,11.8758,0.8212,1470.0228
2025-09-21,建筑,CI005007.WI,11.8687,0.8206,1998.0575
2025-09-28,建筑,CI005007.WI,11.6573,0.806,1634.2488
2025-10-05,建筑,CI005007.WI,11.7991,0.8158,572.5734
2025-10-12,建筑,CI005007.WI,12.146,0.8397,866.9396
2025-10-19,建筑,CI005007.WI,11.9728,0.8278,2009.7663
2025-10-26,建筑,CI005007.WI,12.2637,0.8477,1798.5126
2025-11-02,建筑,CI005007.WI,12.586,0.8228,1957.7776
2025-11-09,建筑,CI005007.WI,12.7576,0.834,1844.5059
2025-11-16,建筑,CI005007.WI,12.7647,0.8344,1681.8757
2025-11-23,建筑,CI005007.WI,12.0998,0.791,1533.5562
2025-11-30,建筑,CI005007.WI,12.3513,0.8075,1480.6332
2025-12-07,建筑,CI005007.WI,12.4092,0.8133,1419.8022
2025-12-14,建筑,CI005007.WI,12.2052,0.7999,1438.6935
2025-12-21,建筑,CI005007.WI,12.2104,0.8002,1165.0774
2025-12-28,建筑,CI005007.WI,12.4126,0.8137,1289.7005
2026-01-04,建筑,CI005007.WI,12.3664,0.8106,858.2942
2026-01-11,建筑,CI005007.WI,12.9826,0.8515,1766.5443
2026-01-18,建筑,CI005007.WI,13.0091,0.8527,2364.4759
2026-01-25,建筑,CI005007.WI,13.1677,0.8633,2214.6532
2026-02-01,建筑,CI005007.WI,12.995,0.8514,2581.2358
2026-02-08,建筑,CI005007.WI,12.8427,0.8411,1788.2951
2026-02-15,建筑,CI005007.WI,12.8278,0.84,1504.9815
2026-03-01,建筑,CI005007.WI,13.4807,0.8832,1710.3145
2026-03-08,建筑,CI005007.WI,13.2538,0.8716,2154.6887
2026-03-15,建筑,CI005007.WI,13.848,0.9118,3042.5235
2026-03-22,建筑,CI005007.WI,12.8863,0.8478,2589.5575
2026-03-29,建筑,CI005007.WI,12.8923,0.8397,2147.2656
2026-04-05,建筑,CI005007.WI,13.6697,0.8108,1795.9025
2026-04-12,建筑,CI005007.WI,14.1387,0.8387,1405.6555
2026-04-19,建筑,CI005007.WI,14.8561,0.8424,1691.2932
2026-04-26,建筑,CI005007.WI,15.007,0.8299,1834.5017
2026-05-03,建筑,CI005007.WI,16.0108,0.8096,1410.5512
2026-05-10,建筑,CI005007.WI,16.542,0.8368,1400.4713
2026-05-17,建筑,CI005007.WI,16.1621,0.8176,2339.1412
2026-05-24,建筑,CI005007.WI,15.562,0.7876,1750.7537
2026-05-31,建筑,CI005007.WI,15.2023,0.7696,1625.1711
2026-06-07,建筑,CI005007.WI,14.8906,0.7541,1558.0819
2026-06-14,建筑,CI005007.WI,14.5314,0.7363,1411.9856
2026-06-21,建筑,CI005007.WI,14.5143,0.7357,1280.6967
2026-06-28,建筑,CI005007.WI,13.9298,0.7067,1561.1973
2026-07-05,建筑,CI005007.WI,14.152,0.7182,1481.9305
2026-07-12,建筑,CI005007.WI,13.8635,0.7045,1211.2364
2026-07-19,建筑,CI005007.WI,13.4496,0.6867,1221.4619
2026-07-26,建筑,CI005007.WI,13.4221,0.6869,1195.1451
2026-08-02,建筑,CI005007.WI,13.7855,0.7082,1134.458
2026-08-09,建筑,CI005007.WI,13.8417,0.7114,1216.5491
2016-01-10,房地产,CI005023.WI,26.9508,2.7128,1818.8184
2016-01-17,房地产,CI005023.WI,24.648,2.4481,1725.6112
2016-01-24,房地产,CI005023.WI,24.9115,2.5137,1550.6848
2016-01-31,房地产,CI005023.WI,23.2737,2.3523,1268.4714
2016-02-07,房地产,CI005023.WI,23.6238,2.4003,1187.6381
2016-02-21,房地产,CI005023.WI,24.6865,2.4957,1406.7616
2016-02-28,房地产,CI005023.WI,23.7015,2.3826,1518.0922
2016-03-06,房地产,CI005023.WI,24.9706,2.5033,2317.5655
2016-03-13,房地产,CI005023.WI,23.5547,2.3609,1351.7566
2016-03-20,房地产,CI005023.WI,24.9628,2.469,1376.2259
2016-03-27,房地产,CI005023.WI,25.3862,2.4889,1714.5672
2016-04-03,房地产,CI005023.WI,24.9714,2.5297,1504.786
2016-04-10,房地产,CI005023.WI,24.9808,2.5383,1206.2533
2016-04-17,房地产,CI005023.WI,26.7415,2.6114,1451.2199
2016-04-24,房地产,CI005023.WI,25.6512,2.4732,1279.3382
2016-05-01,房地产,CI005023.WI,24.5544,2.4341,815.0118
2016-05-08,房地产,CI005023.WI,24.5249,2.4317,940.3204
2016-05-15,房地产,CI005023.WI,23.5673,2.3371,807.3473
2016-05-22,房地产,CI005023.WI,23.479,2.3595,741.2794
2016-05-29,房地产,CI005023.WI,23.4205,2.3524,726.2334
2016-06-05,房地产,CI005023.WI,24.179,2.4301,986.0753
2016-06-12,房地产,CI005023.WI,24.2144,2.4314,523.9768
2016-06-19,房地产,CI005023.WI,23.702,2.3865,848.8599
2016-06-26,房地产,CI005023.WI,23.6411,2.35,864.3523
2016-07-03,房地产,CI005023.WI,24.3238,2.4139,1008.5334
2016-07-10,房地产,CI005023.WI,24.0953,2.393,1495.3137
2016-07-17,房地产,CI005023.WI,24.516,2.4254,1389.2686
2016-07-24,房地产,CI005023.WI,24.5684,2.3917,1361.4816
2016-07-31,房地产,CI005023.WI,23.6992,2.3386,1413.3213
2016-08-07,房地产,CI005023.WI,24.5714,2.4192,1327.0747
2016-08-14,房地产,CI005023.WI,25.4973,2.5099,1733.5462
2016-08-21,房地产,CI005023.WI,26.5811,2.6236,3297.9614
2016-08-28,房地产,CI005023.WI,24.6817,2.486,1928.4445
2016-09-04,房地产,CI005023.WI,24.7731,2.4528,1636.4068
2016-09-11,房地产,CI005023.WI,24.7334,2.4489,1236.4762
2016-09-18,房地产,CI005023.WI,24.3946,2.4154,734.3264
2016-09-25,房地产,CI005023.WI,25.0805,2.4723,1365.6444
2016-10-02,房地产,CI005023.WI,25.2295,2.4885,1261.7352
2016-10-16,房地产,CI005023.WI,25.2364,2.4863,1528.5449
2016-10-23,房地产,CI005023.WI,25.1446,2.4736,1404.9327
2016-10-30,房地产,CI005023.WI,23.7691,2.4335,1473.8706
2016-11-06,房地产,CI005023.WI,23.5376,2.4326,1581.4877
2016-11-13,房地产,CI005023.WI,23.9635,2.4766,1651.4721
2016-11-20,房地产,CI005023.WI,24.2408,2.4991,1466.673
2016-11-27,房地产,CI005023.WI,24.9826,2.5756,1601.3757
2016-12-04,房地产,CI005023.WI,24.6125,2.5374,1651.459
2016-12-11,房地产,CI005023.WI,24.105,2.4845,995.8697
2016-12-18,房地产,CI005023.WI,23.4389,2.4159,1162.0128
2016-12-25,房地产,CI005023.WI,22.9249,2.3629,1013.7347
2017-01-01,房地产,CI005023.WI,22.8632,2.3443,943.5079
2017-01-08,房地产,CI005023.WI,23.0257,2.3608,731.853
2017-01-15,房地产,CI005023.WI,22.8296,2.3124,820.6444
2017-01-22,房地产,CI005023.WI,22.5346,2.2811,811.5193
2017-01-29,房地产,CI005023.WI,22.8986,2.2698,491.425
2017-02-05,房地产,CI005023.WI,22.862,2.2662,83.6397
2017-02-12,房地产,CI005023.WI,23.0771,2.3149,739.0164
2017-02-19,房地产,CI005023.WI,22.6482,2.2908,876.0398
2017-02-26,房地产,CI005023.WI,22.5086,2.3143,901.2108
2017-03-05,房地产,CI005023.WI,22.319,2.2953,835.0331
2017-03-12,房地产,CI005023.WI,22.2611,2.2994,791.2952
2017-03-19,房地产,CI005023.WI,22.1055,2.3177,1030.704
2017-03-26,房地产,CI005023.WI,21.8712,2.2931,889.0434
2017-04-02,房地产,CI005023.WI,19.5648,2.1804,787.2495
2017-04-09,房地产,CI005023.WI,20.0587,2.2581,856.262
2017-04-16,房地产,CI005023.WI,20.4365,2.3085,2384.4512
2017-04-23,房地产,CI005023.WI,19.3357,2.1915,1413.4367
2017-04-30,房地产,CI005023.WI,17.6615,2.094,1139.5237
2017-05-07,房地产,CI005023.WI,17.2927,2.0437,920.5161
2017-05-14,房地产,CI005023.WI,16.8146,1.9907,890.0619
2017-05-21,房地产,CI005023.WI,17.15,2.0285,931.9642
2017-05-28,房地产,CI005023.WI,17.1335,2.0293,1023.7793
2017-06-04,房地产,CI005023.WI,17.3113,2.0506,705.586
2017-06-11,房地产,CI005023.WI,17.7038,2.1134,1193.5143
2017-06-18,房地产,CI005023.WI,17.4535,2.0917,981.9755
2017-06-25,房地产,CI005023.WI,17.7999,2.1411,1023.4099
2017-07-02,房地产,CI005023.WI,17.8587,2.1522,1001.4448
2017-07-09,房地产,CI005023.WI,17.7798,2.1439,831.1067
2017-07-16,房地产,CI005023.WI,17.7383,2.1436,888.084
2017-07-23,房地产,CI005023.WI,17.708,2.1326,1140.2031
2017-07-30,房地产,CI005023.WI,17.6316,2.1275,1183.0657
2017-08-06,房地产,CI005023.WI,17.3799,2.0959,1097.0486
2017-08-13,房地产,CI005023.WI,17.0101,2.054,834.3005
2017-08-20,房地产,CI005023.WI,17.1459,2.0975,864.052
2017-08-27,房地产,CI005023.WI,17.1544,2.105,805.5297
2017-09-03,房地产,CI005023.WI,17.1301,2.1083,1014.1552
2017-09-10,房地产,CI005023.WI,17.6368,2.1707,1156.3889
2017-09-17,房地产,CI005023.WI,18.2387,2.2448,1317.812
2017-09-24,房地产,CI005023.WI,18.0144,2.2185,1533.9426
2017-10-01,房地产,CI005023.WI,17.2341,2.1253,903.9083
2017-10-15,房地产,CI005023.WI,17.367,2.1417,749.7676
2017-10-22,房地产,CI005023.WI,17.171,2.1157,720.577
2017-10-29,房地产,CI005023.WI,16.7326,2.103,797.0949
2017-11-05,房地产,CI005023.WI,16.5328,2.0483,809.7938
2017-11-12,房地产,CI005023.WI,16.6114,2.045,785.3319
2017-11-19,房地产,CI005023.WI,16.6449,2.0436,961.0865
2017-11-26,房地产,CI005023.WI,16.8872,2.0734,950.7918
2017-12-03,房地产,CI005023.WI,16.9047,2.0755,864.1441
2017-12-10,房地产,CI005023.WI,16.6338,2.041,742.6659
2017-12-17,房地产,CI005023.WI,16.3996,2.0122,622.8758
2017-12-24,房地产,CI005023.WI,16.4273,2.0154,591.2588
2017-12-31,房地产,CI005023.WI,16.7548,2.0529,677.5609
2018-01-14,房地产,CI005023.WI,18.4869,2.2728,1757.8306
2018-01-21,房地产,CI005023.WI,18.2319,2.2968,2119.4672
2018-01-28,房地产,CI005023.WI,18.6638,2.3511,1722.5413
2018-02-04,房地产,CI005023.WI,17.6326,2.2407,1715.6038
2018-02-11,房地产,CI005023.WI,14.9526,1.9294,1461.3595
2018-02-18,房地产,CI005023.WI,15.5903,2.0094,522.8777
2018-02-25,房地产,CI005023.WI,16.0378,2.067,352.7987
2018-03-04,房地产,CI005023.WI,15.4081,2.0083,1039.6619
2018-03-11,房地产,CI005023.WI,15.8837,2.0468,979.43
2018-03-18,房地产,CI005023.WI,15.443,2.0013,986.6979
2018-03-25,房地产,CI005023.WI,14.3822,1.8793,932.0973
2018-04-01,房地产,CI005023.WI,14.5746,1.9169,1008.6046
2018-04-08,房地产,CI005023.WI,14.3381,1.8906,521.6278
2018-04-15,房地产,CI005023.WI,14.4146,1.8923,834.2513
2018-04-22,房地产,CI005023.WI,13.6753,1.7992,831.4139
2018-04-29,房地产,CI005023.WI,13.2432,1.7425,737.8708
2018-05-06,房地产,CI005023.WI,13.232,1.7415,376.7955
2018-05-13,房地产,CI005023.WI,13.4782,1.7821,728.2513
2018-05-20,房地产,CI005023.WI,13.4064,1.7732,561.7073
2018-05-27,房地产,CI005023.WI,13.1189,1.7203,638.5302
2018-06-03,房地产,CI005023.WI,12.6725,1.6621,621.2631
2018-06-10,房地产,CI005023.WI,12.7667,1.6801,577.0266
2018-06-17,房地产,CI005023.WI,12.907,1.7013,572.6111
2018-06-24,房地产,CI005023.WI,12.5102,1.6579,578.8932
2018-07-01,房地产,CI005023.WI,11.6571,1.5466,608.5801
2018-07-08,房地产,CI005023.WI,10.8441,1.4449,561.3452
2018-07-15,房地产,CI005023.WI,11.1741,1.4973,497.3307
2018-07-22,房地产,CI005023.WI,10.916,1.4707,439.883
2018-07-29,房地产,CI005023.WI,11.2232,1.514,590.6471
2018-08-05,房地产,CI005023.WI,10.4827,1.4182,508.4894
2018-08-12,房地产,CI005023.WI,10.8316,1.4685,472.489
2018-08-19,房地产,CI005023.WI,10.3063,1.3967,414.6805
2018-08-26,房地产,CI005023.WI,10.352,1.4072,357.6072
2018-09-02,房地产,CI005023.WI,10.2689,1.4267,424.0977
2018-09-09,房地产,CI005023.WI,10.0701,1.3991,382.2768
2018-09-16,房地产,CI005023.WI,10.0625,1.3981,331.717
2018-09-23,房地产,CI005023.WI,10.6465,1.4783,522.4483
2018-09-30,房地产,CI005023.WI,10.2082,1.4174,419.8124
2018-10-14,房地产,CI005023.WI,9.1845,1.2757,487.0008
2018-10-21,房地产,CI005023.WI,8.8651,1.2336,424.9835
2018-10-28,房地产,CI005023.WI,9.3903,1.3125,612.8143
2018-11-04,房地产,CI005023.WI,9.5749,1.3448,647.1942
2018-11-11,房地产,CI005023.WI,9.458,1.3284,631.8524
2018-11-18,房地产,CI005023.WI,10.1938,1.4317,906.7928
2018-11-25,房地产,CI005023.WI,9.903,1.3909,1152.7397
2018-12-02,房地产,CI005023.WI,9.8263,1.3801,655.1071
2018-12-09,房地产,CI005023.WI,9.7952,1.417,658.5087
2018-12-16,房地产,CI005023.WI,9.8511,1.4212,593.1401
2018-12-23,房地产,CI005023.WI,9.4296,1.3603,605.6224
2018-12-30,房地产,CI005023.WI,9.1002,1.346,527.0598
2019-01-06,房地产,CI005023.WI,9.2459,1.3675,333.6966
2019-01-13,房地产,CI005023.WI,9.322,1.3789,535.6399
2019-01-20,房地产,CI005023.WI,9.31,1.3716,518.4036
2019-01-27,房地产,CI005023.WI,9.3064,1.3687,503.9337
2019-02-03,房地产,CI005023.WI,9.4262,1.3875,535.531
2019-02-17,房地产,CI005023.WI,9.6069,1.4141,678.4032
2019-02-24,房地产,CI005023.WI,10.0592,1.4807,1045.894
2019-03-03,房地产,CI005023.WI,10.9174,1.5679,1642.8135
2019-03-10,房地产,CI005023.WI,10.6685,1.5553,2026.0974
2019-03-17,房地产,CI005023.WI,11.3559,1.6487,1929.2381
2019-03-24,房地产,CI005023.WI,12.2046,1.7176,1929.9307
2019-03-31,房地产,CI005023.WI,11.7173,1.6821,1571.4899
2019-04-07,房地产,CI005023.WI,12.3859,1.7731,1597.04
2019-04-14,房地产,CI005023.WI,12.212,1.7405,1680.3176
2019-04-21,房地产,CI005023.WI,12.2211,1.7463,1427.3662
2019-04-28,房地产,CI005023.WI,11.7499,1.6025,1372.0485
2019-05-05,房地产,CI005023.WI,11.9484,1.5876,409.8992
2019-05-12,房地产,CI005023.WI,11.4382,1.517,946.7148
2019-05-19,房地产,CI005023.WI,11.1788,1.4844,832.7645
2019-05-26,房地产,CI005023.WI,10.9795,1.4606,658.9994
2019-06-02,房地产,CI005023.WI,11.0671,1.4713,695.8941
2019-06-09,房地产,CI005023.WI,10.8359,1.4431,530.4698
2019-06-16,房地产,CI005023.WI,11.073,1.4767,729.5879
2019-06-23,房地产,CI005023.WI,11.324,1.5091,657.6253
2019-06-30,房地产,CI005023.WI,11.1478,1.49,566.536
2019-07-07,房地产,CI005023.WI,11.4862,1.532,831.6702
2019-07-14,房地产,CI005023.WI,10.9584,1.4792,791.567
2019-07-21,房地产,CI005023.WI,11.1664,1.515,709.0321
2019-07-28,房地产,CI005023.WI,10.6593,1.4869,634.982
2019-08-04,房地产,CI005023.WI,10.0891,1.4124,545.4328
2019-08-11,房地产,CI005023.WI,9.5617,1.3472,512.9537
2019-08-18,房地产,CI005023.WI,9.5203,1.3626,431.0528
2019-08-25,房地产,CI005023.WI,9.7626,1.4123,619.224
2019-09-01,房地产,CI005023.WI,9.7025,1.393,635.7148
2019-09-08,房地产,CI005023.WI,10.0725,1.4444,816.7936
2019-09-15,房地产,CI005023.WI,10.3406,1.4828,631.0068
2019-09-22,房地产,CI005023.WI,10.1989,1.4625,671.1838
2019-09-29,房地产,CI005023.WI,9.9045,1.4146,546.95
2019-10-06,房地产,CI005023.WI,9.8622,1.4085,72.9512
2019-10-13,房地产,CI005023.WI,10.314,1.4729,528.5395
2019-10-20,房地产,CI005023.WI,10.1606,1.4524,654.6093
2019-10-27,房地产,CI005023.WI,10.1274,1.4426,534.1256
2019-11-03,房地产,CI005023.WI,10.1666,1.4175,637.9999
2019-11-10,房地产,CI005023.WI,10.0754,1.3998,705.9229
2019-11-17,房地产,CI005023.WI,9.711,1.3492,486.0301
2019-11-24,房地产,CI005023.WI,9.8212,1.3645,486.7434
2019-12-01,房地产,CI005023.WI,9.7913,1.3632,530.7511
2019-12-08,房地产,CI005023.WI,10.0851,1.3942,479.1519
2019-12-15,房地产,CI005023.WI,10.3336,1.4285,694.5576
2019-12-22,房地产,CI005023.WI,10.7793,1.4901,877.7884
2019-12-29,房地产,CI005023.WI,10.6853,1.4771,707.295
2020-01-05,房地产,CI005023.WI,11.0381,1.5221,714.2237
2020-01-12,房地产,CI005023.WI,10.7255,1.4783,877.5939
2020-01-19,房地产,CI005023.WI,10.5848,1.4585,710.5148
2020-01-26,房地产,CI005023.WI,10.0347,1.3856,618.3334
2020-02-09,房地产,CI005023.WI,8.8527,1.274,794.4667
2020-02-16,房地产,CI005023.WI,9.4954,1.3665,798.3862
2020-02-23,房地产,CI005023.WI,9.5661,1.3754,999.2428
2020-03-01,房地产,CI005023.WI,9.4424,1.3391,1220.7357
2020-03-08,房地产,CI005023.WI,10.0526,1.4242,1368.6054
2020-03-15,房地产,CI005023.WI,9.5418,1.3546,1015.8965
2020-03-22,房地产,CI005023.WI,8.7884,1.2396,983.8444
2020-03-29,房地产,CI005023.WI,8.9398,1.2601,767.1218
2020-04-05,房地产,CI005023.WI,8.9351,1.2567,580.993
2020-04-12,房地产,CI005023.WI,8.9838,1.261,492.0336
2020-04-19,房地产,CI005023.WI,8.7625,1.2562,555.3058
2020-04-26,房地产,CI005023.WI,8.5428,1.233,617.3663
2020-05-03,房地产,CI005023.WI,10.1151,1.2736,602.8027
2020-05-10,房地产,CI005023.WI,10.1073,1.2726,523.5956
2020-05-17,房地产,CI005023.WI,9.957,1.2537,708.3387
2020-05-24,房地产,CI005023.WI,9.6785,1.221,731.8368
2020-05-31,房地产,CI005023.WI,9.8535,1.2377,650.6452
2020-06-07,房地产,CI005023.WI,9.2615,1.242,913.5494
2020-06-14,房地产,CI005023.WI,9.2539,1.3754,841.2021
2020-06-21,房地产,CI005023.WI,9.3856,1.2478,879.9825
2020-06-28,房地产,CI005023.WI,9.4214,1.2531,503.9744
2020-07-05,房地产,CI005023.WI,10.3524,1.3732,1545.3508
2020-07-12,房地产,CI005023.WI,11.1347,1.4933,2484.0164
2020-07-19,房地产,CI005023.WI,10.2798,1.3858,1965.0482
2020-07-26,房地产,CI005023.WI,10.1639,1.3602,1338.5334
2020-08-02,房地产,CI005023.WI,10.236,1.3679,1040.6492
2020-08-09,房地产,CI005023.WI,10.3387,1.3819,1377.8377
2020-08-16,房地产,CI005023.WI,10.6578,1.4344,1231.4301
2020-08-23,房地产,CI005023.WI,10.6,1.4235,1090.5524
2020-08-30,房地产,CI005023.WI,10.6786,1.4351,903.7794
2020-09-06,房地产,CI005023.WI,10.4777,1.4055,860.9737
2020-09-13,房地产,CI005023.WI,10.3289,1.3854,958.0534
2020-09-20,房地产,CI005023.WI,10.6959,1.4346,858.5708
2020-09-27,房地产,CI005023.WI,10.0338,1.3456,720.6378
2020-10-04,房地产,CI005023.WI,9.9794,1.3383,327.031
2020-10-11,房地产,CI005023.WI,10.0766,1.3514,126.0661
2020-10-18,房地产,CI005023.WI,10.0658,1.3496,638.5252
2020-10-25,房地产,CI005023.WI,9.9564,1.3281,560.4501
2020-11-01,房地产,CI005023.WI,9.5272,1.2312,535.33
2020-11-08,房地产,CI005023.WI,9.8813,1.277,599.5859
2020-11-15,房地产,CI005023.WI,9.7444,1.2593,694.1747
2020-11-22,房地产,CI005023.WI,10.0345,1.2968,726.2962
2020-11-29,房地产,CI005023.WI,10.0919,1.3042,613.4836
2020-12-06,房地产,CI005023.WI,9.9737,1.2889,783.7285
2020-12-13,房地产,CI005023.WI,9.508,1.2287,531.6313
2020-12-20,房地产,CI005023.WI,9.4698,1.2238,485.6943
2020-12-27,房地产,CI005023.WI,9.1785,1.1861,541.8549
2021-01-03,房地产,CI005023.WI,9.286,1.2,423.9653
2021-01-10,房地产,CI005023.WI,9.0767,1.173,805.2457
2021-01-17,房地产,CI005023.WI,9.1376,1.1803,797.3721
2021-01-24,房地产,CI005023.WI,9.1079,1.1472,1010.3315
2021-01-31,房地产,CI005023.WI,8.6622,1.091,742.5059
2021-02-07,房地产,CI005023.WI,8.6416,1.0895,667.4302
2021-02-14,房地产,CI005023.WI,8.6657,1.1134,339.0065
2021-02-21,房地产,CI005023.WI,9.0803,1.1667,324.1386
2021-02-28,房地产,CI005023.WI,9.4917,1.1936,1240.1231
2021-03-07,房地产,CI005023.WI,9.2741,1.1699,925.1872
2021-03-14,房地产,CI005023.WI,9.1813,1.1606,760.5791
2021-03-21,房地产,CI005023.WI,9.2103,1.164,789.4541
2021-03-28,房地产,CI005023.WI,9.1561,1.1614,613.3796
2021-04-04,房地产,CI005023.WI,9.2151,1.1444,591.7962
2021-04-11,房地产,CI005023.WI,9.1326,1.1355,498.3708
2021-04-18,房地产,CI005023.WI,9.5451,1.1585,662.3668
2021-04-25,房地产,CI005023.WI,9.3782,1.1242,746.1422
2021-05-02,房地产,CI005023.WI,10.3332,1.1154,759.5596
2021-05-09,房地产,CI005023.WI,10.2716,1.1088,339.4676
2021-05-16,房地产,CI005023.WI,10.4355,1.1267,888.7474
2021-05-23,房地产,CI005023.WI,10.3219,1.1159,851.7476
2021-05-30,房地产,CI005023.WI,10.6091,1.1469,992.1407
2021-06-06,房地产,CI005023.WI,10.5426,1.1407,1030.0221
2021-06-13,房地产,CI005023.WI,10.2224,1.1056,860.4389
2021-06-20,房地产,CI005023.WI,10.0213,1.0842,567.764
2021-06-27,房地产,CI005023.WI,10.0227,1.0847,693.0335
2021-07-04,房地产,CI005023.WI,9.8381,1.0657,727.8564
2021-07-11,房地产,CI005023.WI,9.7875,1.0596,684.9228
2021-07-18,房地产,CI005023.WI,9.6317,1.0465,726.9137
2021-07-25,房地产,CI005023.WI,9.3696,1.0202,683.0183
2021-08-01,房地产,CI005023.WI,8.5201,0.9332,803.5187
2021-08-08,房地产,CI005023.WI,8.6465,0.9473,684.8101
2021-08-15,房地产,CI005023.WI,9.0586,1.0045,834.8631
2021-08-22,房地产,CI005023.WI,9.0494,1.0056,777.7851
2021-08-29,房地产,CI005023.WI,9.1541,0.9898,790.9243
2021-09-05,房地产,CI005023.WI,10.0828,1.0376,1060.4827
2021-09-12,房地产,CI005023.WI,10.1518,1.0447,934.6742
2021-09-19,房地产,CI005023.WI,9.7638,1.0048,1027.1986
2021-09-26,房地产,CI005023.WI,10.1268,1.0421,626.7653
2021-10-03,房地产,CI005023.WI,10.149,1.0444,724.911
2021-10-10,房地产,CI005023.WI,10.1211,1.0415,146.2195
2021-10-17,房地产,CI005023.WI,9.9542,1.0249,807.3001
2021-10-24,房地产,CI005023.WI,10.0678,1.0308,812.2362
2021-10-31,房地产,CI005023.WI,10.5609,0.9393,810.3985
2021-11-07,房地产,CI005023.WI,10.1918,0.9064,647.8461
2021-11-14,房地产,CI005023.WI,11.0133,0.9795,902.1591
2021-11-21,房地产,CI005023.WI,11.0673,0.9843,700.054
2021-11-28,房地产,CI005023.WI,10.9455,0.9734,725.0048
2021-12-05,房地产,CI005023.WI,11.0978,0.987,671.2728
2021-12-12,房地产,CI005023.WI,11.3464,1.0091,992.9094
2021-12-19,房地产,CI005023.WI,11.3078,1.0057,860.431
2021-12-26,房地产,CI005023.WI,11.6826,1.039,1365.8351
2022-01-02,房地产,CI005023.WI,11.8006,1.0495,823.7208
2022-01-09,房地产,CI005023.WI,12.2699,1.0913,1003.558
2022-01-16,房地产,CI005023.WI,12.0038,1.0498,1296.4686
2022-01-23,房地产,CI005023.WI,12.2843,1.0743,1090.6992
2022-01-30,房地产,CI005023.WI,12.3161,1.0363,807.2582
2022-02-13,房地产,CI005023.WI,12.8102,1.0778,993.9257
2022-02-20,房地产,CI005023.WI,12.6343,1.0649,884.6028
2022-02-27,房地产,CI005023.WI,12.7402,1.0331,924.7014
2022-03-06,房地产,CI005023.WI,12.9708,1.0483,800.1003
2022-03-13,房地产,CI005023.WI,12.2529,0.9886,868.8548
2022-03-20,房地产,CI005023.WI,12.4879,1.0052,1092.0028
2022-03-27,房地产,CI005023.WI,13.142,1.0444,1932.7521
2022-04-03,房地产,CI005023.WI,18.3222,1.1487,2820.5
2022-04-10,房地产,CI005023.WI,18.8055,1.1694,2028.8218
2022-04-17,房地产,CI005023.WI,18.8996,1.1328,2552.6318
2022-04-24,房地产,CI005023.WI,17.4734,1.0204,1883.2977
2022-05-01,房地产,CI005023.WI,79.591,1.047,1788.4191
2022-05-08,房地产,CI005023.WI,75.144,0.9885,743.1976
2022-05-15,房地产,CI005023.WI,78.179,1.0286,1846.0653
2022-05-22,房地产,CI005023.WI,78.4961,1.0342,1868.9353
2022-05-29,房地产,CI005023.WI,75.9478,1.0008,1291.3313
2022-06-05,房地产,CI005023.WI,74.085,0.9767,961.9888
2022-06-12,房地产,CI005023.WI,74.0239,0.976,1159.7741
2022-06-19,房地产,CI005023.WI,73.8788,0.9738,1142.3449
2022-06-26,房地产,CI005023.WI,75.1043,0.9952,1120.3895
2022-07-03,房地产,CI005023.WI,77.9852,1.0352,1303.9549
2022-07-10,房地产,CI005023.WI,74.7078,0.9964,873.8751
2022-07-17,房地产,CI005023.WI,68.9323,0.9378,953.5431
2022-07-24,房地产,CI005023.WI,71.2115,0.9609,859.8148
2022-07-31,房地产,CI005023.WI,75.3816,0.9882,1202.4745
2022-08-07,房地产,CI005023.WI,81.9209,0.9461,902.2647
2022-08-14,房地产,CI005023.WI,85.6623,0.9667,895.1217
2022-08-21,房地产,CI005023.WI,82.3073,0.9883,1058.8041
2022-08-28,房地产,CI005023.WI,125.8042,0.9809,841.4823
2022-09-04,房地产,CI005023.WI,,0.9836,883.0952
2022-09-11,房地产,CI005023.WI,,1.0533,1222.2237
2022-09-18,房地产,CI005023.WI,,1.013,1161.9183
2022-09-25,房地产,CI005023.WI,,0.9883,1159.6212
2022-10-02,房地产,CI005023.WI,,0.9611,936.6743
2022-10-16,房地产,CI005023.WI,,0.9469,849.1044
2022-10-23,房地产,CI005023.WI,,0.9316,818.5232
2022-10-30,房地产,CI005023.WI,,0.8627,859.9574
2022-11-06,房地产,CI005023.WI,,0.8754,919.374
2022-11-13,房地产,CI005023.WI,,0.958,1230.3958
2022-11-20,房地产,CI005023.WI,,0.9595,1651.1316
2022-11-27,房地产,CI005023.WI,,1.0019,1216.3134
2022-12-04,房地产,CI005023.WI,,1.0381,2438.0263
2022-12-11,房地产,CI005023.WI,,1.0695,1894.6629
2022-12-18,房地产,CI005023.WI,,1.0486,1400.7349
2022-12-25,房地产,CI005023.WI,,1.0007,1347.31
2023-01-01,房地产,CI005023.WI,,0.9784,1149.9928
2023-01-08,房地产,CI005023.WI,,0.9858,982.2413
2023-01-15,房地产,CI005023.WI,,0.9707,794.9381
2023-01-22,房地产,CI005023.WI,,0.9801,672.7668
2023-02-05,房地产,CI005023.WI,,0.9717,937.7992
2023-02-12,房地产,CI005023.WI,,0.9834,772.3162
2023-02-19,房地产,CI005023.WI,,0.9525,752.5588
2023-02-26,房地产,CI005023.WI,,0.9625,704.7319
2023-03-05,房地产,CI005023.WI,,0.9708,653.5906
2023-03-12,房地产,CI005023.WI,,0.9261,583.8993
2023-03-19,房地产,CI005023.WI,,0.925,590.4658
2023-03-26,房地产,CI005023.WI,,0.9303,685.4845
2023-04-02,房地产,CI005023.WI,,0.9041,659.9567
2023-04-09,房地产,CI005023.WI,,0.9451,673.4956
2023-04-16,房地产,CI005023.WI,,0.9404,768.3759
2023-04-23,房地产,CI005023.WI,,0.8962,678.865
2023-04-30,房地产,CI005023.WI,,0.9309,554.8078
2023-05-07,房地产,CI005023.WI,,0.9566,349.357
2023-05-14,房地产,CI005023.WI,,0.9424,721.6098
2023-05-21,房地产,CI005023.WI,,0.9056,465.8472
2023-05-28,房地产,CI005023.WI,,0.8776,479.2799
2023-06-04,房地产,CI005023.WI,,0.9016,557.8371
2023-06-11,房地产,CI005023.WI,,0.8998,788.8314
2023-06-18,房地产,CI005023.WI,,0.901,642.7062
2023-06-25,房地产,CI005023.WI,,0.8589,363.503
2023-07-02,房地产,CI005023.WI,,0.8611,540.4536
2023-07-09,房地产,CI005023.WI,,0.8615,616.7344
2023-07-16,房地产,CI005023.WI,,0.8473,552.9201
2023-07-23,房地产,CI005023.WI,,0.879,712.7458
2023-07-30,房地产,CI005023.WI,,0.9623,1839.6457
2023-08-06,房地产,CI005023.WI,,0.9925,2225.9093
2023-08-13,房地产,CI005023.WI,,0.9487,1259.7963
2023-08-20,房地产,CI005023.WI,,0.9332,1100.4621
2023-08-27,房地产,CI005023.WI,,0.9061,847.3612
2023-09-03,房地产,CI005023.WI,,0.9179,1709.179
2023-09-10,房地产,CI005023.WI,,0.9084,1139.8274
2023-09-17,房地产,CI005023.WI,,0.895,1002.6202
2023-09-24,房地产,CI005023.WI,,0.8901,792.9742
2023-10-01,房地产,CI005023.WI,,0.8661,600.5658
2023-10-15,房地产,CI005023.WI,,0.8381,708.7159
2023-10-22,房地产,CI005023.WI,,0.8045,696.3607
2023-10-29,房地产,CI005023.WI,,0.8092,786.725
2023-11-05,房地产,CI005023.WI,,0.8004,898.0893
2023-11-12,房地产,CI005023.WI,,0.8156,956.4494
2023-11-19,房地产,CI005023.WI,,0.8147,795.2576
2023-11-26,房地产,CI005023.WI,,0.8472,1185.5022
2023-12-03,房地产,CI005023.WI,,0.8068,889.8524
2023-12-10,房地产,CI005023.WI,,0.778,772.0492
2023-12-17,房地产,CI005023.WI,,0.7859,830.1214
2023-12-24,房地产,CI005023.WI,,0.753,677.8961
2023-12-31,房地产,CI005023.WI,,0.7555,503.9885
2024-01-14,房地产,CI005023.WI,,0.7137,518.889
2024-01-21,房地产,CI005023.WI,,0.6881,511.9663
2024-01-28,房地产,CI005023.WI,,0.7556,857.3752
2024-02-04,房地产,CI005023.WI,,0.6655,1005.7677
2024-02-11,房地产,CI005023.WI,,0.6685,720.4865
2024-02-25,房地产,CI005023.WI,,0.6985,827.1225
2024-03-03,房地产,CI005023.WI,,0.695,788.8056
2024-03-10,房地产,CI005023.WI,,0.6649,738.6423
2024-03-17,房地产,CI005023.WI,,0.694,837.5438
2024-03-24,房地产,CI005023.WI,,0.6837,660.5964
2024-03-31,房地产,CI005023.WI,,0.6738,774.5942
2024-04-07,房地产,CI005023.WI,,0.668,431.4524
2024-04-14,房地产,CI005023.WI,,0.6215,541.6168
2024-04-21,房地产,CI005023.WI,,0.6075,555.2011
2024-04-28,房地产,CI005023.WI,,0.6306,509.6779
2024-05-05,房地产,CI005023.WI,,0.6743,508.987
2024-05-12,房地产,CI005023.WI,,0.7061,1086.4346
2024-05-19,房地产,CI005023.WI,,0.791,1530.3951
2024-05-26,房地产,CI005023.WI,,0.7495,2017.4874
2024-06-02,房地产,CI005023.WI,,0.7148,1101.0638
2024-06-09,房地产,CI005023.WI,,0.6993,867.3227
2024-06-16,房地产,CI005023.WI,,0.6928,608.5957
2024-06-23,房地产,CI005023.WI,,0.6546,602.6542
2024-06-30,房地产,CI005023.WI,,0.623,599.9319
2024-07-07,房地产,CI005023.WI,,0.629,686.0792
2024-07-14,房地产,CI005023.WI,,0.6387,571.07
2024-07-21,房地产,CI005023.WI,,0.6328,565.2475
2024-07-28,房地产,CI005023.WI,,0.6157,428.5231
2024-08-04,房地产,CI005023.WI,,0.6262,583.6547
2024-08-11,房地产,CI005023.WI,,0.6463,700.0444
2024-08-18,房地产,CI005023.WI,,0.6216,502.7395
2024-08-25,房地产,CI005023.WI,,0.6047,414.5969
2024-09-01,房地产,CI005023.WI,,0.6332,564.9165
2024-09-08,房地产,CI005023.WI,,0.6304,702.4019
2024-09-15,房地产,CI005023.WI,,0.6197,605.2889
2024-09-22,房地产,CI005023.WI,,0.6614,649.0332
2024-09-29,房地产,CI005023.WI,,0.7881,1685.0783
2024-10-06,房地产,CI005023.WI,,0.8612,631.4778
2024-10-13,房地产,CI005023.WI,,0.785,2155.5435
2024-10-20,房地产,CI005023.WI,,0.8133,2127.8431
2024-10-27,房地产,CI005023.WI,,0.835,1604.6044
2024-11-03,房地产,CI005023.WI,,0.894,2414.8522
2024-11-10,房地产,CI005023.WI,,0.947,2815.8767
2024-11-17,房地产,CI005023.WI,,0.8602,1980.076
2024-11-24,房地产,CI005023.WI,,0.8527,1442.3039
2024-12-01,房地产,CI005023.WI,,0.8798,1273.8199
2024-12-08,房地产,CI005023.WI,,0.9048,1586.5053
2024-12-15,房地产,CI005023.WI,,0.8897,1878.6428
2024-12-22,房地产,CI005023.WI,,0.846,1216.5168
2024-12-29,房地产,CI005023.WI,,0.8177,904.2101
2025-01-05,房地产,CI005023.WI,,0.7538,735.0145
2025-01-12,房地产,CI005023.WI,,0.7323,694.1259
2025-01-19,房地产,CI005023.WI,,0.7614,743.0753
2025-01-26,房地产,CI005023.WI,,0.7523,940.0272
2025-02-02,房地产,CI005023.WI,,0.7432,133.8593
2025-02-09,房地产,CI005023.WI,,0.7629,502.6265
2025-02-16,房地产,CI005023.WI,,0.7809,1100.5962
2025-02-23,房地产,CI005023.WI,,0.7694,919.6571
2025-03-02,房地产,CI005023.WI,,0.7817,1170.0683
2025-03-09,房地产,CI005023.WI,,0.7752,990.1205
2025-03-16,房地产,CI005023.WI,,0.7768,769.8811
2025-03-23,房地产,CI005023.WI,,0.7681,795.2897
2025-03-30,房地产,CI005023.WI,,0.7673,681.2821
2025-04-06,房地产,CI005023.WI,,0.7782,518.7975
2025-04-13,房地产,CI005023.WI,,0.7647,999.2175
2025-04-20,房地产,CI005023.WI,,0.7983,932.9812
2025-04-27,房地产,CI005023.WI,,0.7959,1122.4881
2025-05-04,房地产,CI005023.WI,,0.8244,555.7374
2025-05-11,房地产,CI005023.WI,,0.828,757.0547
2025-05-18,房地产,CI005023.WI,,0.8232,650.559
2025-05-25,房地产,CI005023.WI,,0.8112,714.2904
2025-06-01,房地产,CI005023.WI,,0.8211,544.4967
2025-06-08,房地产,CI005023.WI,,0.8285,508.7215
2025-06-15,房地产,CI005023.WI,,0.8165,701.8382
2025-06-22,房地产,CI005023.WI,,0.8011,595.327
2025-06-29,房地产,CI005023.WI,,0.8266,598.0556
2025-07-06,房地产,CI005023.WI,,0.826,659.3611
2025-07-13,房地产,CI005023.WI,,0.8804,1067.2144
2025-07-20,房地产,CI005023.WI,,0.8614,1028.71
2025-07-27,房地产,CI005023.WI,,0.8903,1097.3426
2025-08-03,房地产,CI005023.WI,,0.8612,1168.2886
2025-08-10,房地产,CI005023.WI,,0.8797,928.9406
2025-08-17,房地产,CI005023.WI,,0.9125,1352.1716
2025-08-24,房地产,CI005023.WI,,0.9272,1567.1585
2025-08-31,房地产,CI005023.WI,,0.9392,1920.4979
2025-09-07,房地产,CI005023.WI,,0.9265,1474.0309
2025-09-14,房地产,CI005023.WI,,0.9849,1716.6859
2025-09-21,房地产,CI005023.WI,,0.9895,2095.5386
2025-09-28,房地产,CI005023.WI,,0.9895,1894.4077
2025-10-05,房地产,CI005023.WI,,1.0161,688.0001
2025-10-12,房地产,CI005023.WI,,1.0086,769.6431
2025-10-19,房地产,CI005023.WI,,0.9813,1532.5131
2025-10-26,房地产,CI005023.WI,,1.0006,1608.1428
2025-11-02,房地产,CI005023.WI,,1.0016,1465.7952
2025-11-09,房地产,CI005023.WI,,0.9958,1330.0416
2025-11-16,房地产,CI005023.WI,,1.0237,1473.3576
2025-11-23,房地产,CI005023.WI,,0.9667,1701.9627
2025-11-30,房地产,CI005023.WI,,0.9733,1427.1771
2025-12-07,房地产,CI005023.WI,,0.9538,1297.3426
2025-12-14,房地产,CI005023.WI,,0.9283,1368.4105
2025-12-21,房地产,CI005023.WI,,0.9258,1002.7049
2025-12-28,房地产,CI005023.WI,,0.9351,1053.6881
2026-01-04,房地产,CI005023.WI,,0.9298,731.4627
2026-01-11,房地产,CI005023.WI,,0.9823,1641.9046
2026-01-18,房地产,CI005023.WI,,0.9506,1596.1862
2026-01-25,房地产,CI005023.WI,,1.0041,1647.0988
2026-02-01,房地产,CI005023.WI,,0.9901,1541.5956
2026-02-08,房地产,CI005023.WI,,0.9891,1278.8197
2026-02-15,房地产,CI005023.WI,,0.9831,985.1218
2026-03-01,房地产,CI005023.WI,,0.989,880.858
2026-03-08,房地产,CI005023.WI,,0.9484,906.5485
2026-03-15,房地产,CI005023.WI,,0.945,841.8268
2026-03-22,房地产,CI005023.WI,,0.909,1016.1431
2026-03-29,房地产,CI005023.WI,,0.8953,915.7237
2026-04-05,房地产,CI005023.WI,,0.9057,766.0783
2026-04-12,房地产,CI005023.WI,,0.9435,665.8097
2026-04-19,房地产,CI005023.WI,,0.9822,1065.536
2026-04-26,房地产,CI005023.WI,,0.9914,1080.8684
2026-05-03,房地产,CI005023.WI,,1.0466,1078.0174
2026-05-10,房地产,CI005023.WI,,1.0841,1026.2905
2026-05-17,房地产,CI005023.WI,,1.0474,1737.2262
2026-05-24,房地产,CI005023.WI,,1.003,1549.5903
2026-05-31,房地产,CI005023.WI,,0.9839,1461.0492
2026-06-07,房地产,CI005023.WI,,0.9552,1347.802
2026-06-14,房地产,CI005023.WI,,0.9321,1242.7603
2026-06-21,房地产,CI005023.WI,,0.914,956.4735
2026-06-28,房地产,CI005023.WI,,0.8724,1321.2896
2026-07-05,房地产,CI005023.WI,,0.887,1333.2911
2026-07-12,房地产,CI005023.WI,,0.8919,1265.3642
2026-07-19,房地产,CI005023.WI,,0.8451,1133.6315
2026-07-26,房地产,CI005023.WI,,0.8228,946.6129
2026-08-02,房地产,CI005023.WI,,0.8649,931.4694
2026-08-09,房地产,CI005023.WI,,0.8885,942.9555
2016-01-10,有色金属,CI005003.WI,,3.0118,1215.0623
2016-01-17,有色金属,CI005003.WI,,2.6788,1165.5754
2016-01-24,有色金属,CI005003.WI,,2.6883,921.6974
2016-01-31,有色金属,CI005003.WI,,2.4432,815.2617
2016-02-07,有色金属,CI005003.WI,,2.6031,820.9189
2016-02-21,有色金属,CI005003.WI,,2.7617,1244.7356
2016-02-28,有色金属,CI005003.WI,,2.7229,1511.5235
2016-03-06,有色金属,CI005003.WI,,2.8902,1806.1481
2016-03-13,有色金属,CI005003.WI,,2.757,1623.2701
2016-03-20,有色金属,CI005003.WI,178.8923,2.899,1416.5273
2016-03-27,有色金属,CI005003.WI,247.4407,2.8834,1747.8845
2016-04-03,有色金属,CI005003.WI,222.1479,2.9817,1512.7804
2016-04-10,有色金属,CI005003.WI,245.609,2.9478,1258.4582
2016-04-17,有色金属,CI005003.WI,579.2978,3.1261,1905.7585
2016-04-24,有色金属,CI005003.WI,522.0825,3.0231,1943.0313
2016-05-01,有色金属,CI005003.WI,2054.7754,3.016,1194.6049
2016-05-08,有色金属,CI005003.WI,2058.2598,2.997,1257.5992
2016-05-15,有色金属,CI005003.WI,1960.5048,2.8556,1229.5799
2016-05-22,有色金属,CI005003.WI,1996.4832,2.9066,1539.7015
2016-05-29,有色金属,CI005003.WI,1994.1292,2.9038,1250.4599
2016-06-05,有色金属,CI005003.WI,2111.1658,3.0529,1625.2881
2016-06-12,有色金属,CI005003.WI,2113.7361,3.059,928.4857
2016-06-19,有色金属,CI005003.WI,2192.6433,3.1752,1897.6829
2016-06-26,有色金属,CI005003.WI,2135.5913,3.0938,1685.0241
2016-07-03,有色金属,CI005003.WI,2169.6689,3.2269,1618.2168
2016-07-10,有色金属,CI005003.WI,2232.1072,3.5191,2889.2313
2016-07-17,有色金属,CI005003.WI,4589.3193,3.5922,2666.1695
2016-07-24,有色金属,CI005003.WI,2847.3271,3.4367,1759.2121
2016-07-31,有色金属,CI005003.WI,2124.7688,3.2524,1640.9591
2016-08-07,有色金属,CI005003.WI,2068.0825,3.2779,1125.9226
2016-08-14,有色金属,CI005003.WI,1373.8018,3.2856,1224.1942
2016-08-21,有色金属,CI005003.WI,1776.1093,3.3478,1420.6705
2016-08-28,有色金属,CI005003.WI,915.387,3.236,907.1185
2016-09-04,有色金属,CI005003.WI,818.1215,3.2146,852.0949
2016-09-11,有色金属,CI005003.WI,822.6311,3.2323,1035.9425
2016-09-18,有色金属,CI005003.WI,790.4378,3.1058,539.7265
2016-09-25,有色金属,CI005003.WI,793.0863,3.1178,666.7656
2016-10-02,有色金属,CI005003.WI,779.9155,3.0681,610.5434
2016-10-16,有色金属,CI005003.WI,795.2207,3.076,710.7146
2016-10-23,有色金属,CI005003.WI,445.3664,3.1524,1008.8471
2016-10-30,有色金属,CI005003.WI,195.0217,3.1525,1057.5434
2016-11-06,有色金属,CI005003.WI,183.3286,3.2945,1435.2379
2016-11-13,有色金属,CI005003.WI,197.5925,3.5485,2459.5156
2016-11-20,有色金属,CI005003.WI,190.9342,3.4289,2096.2434
2016-11-27,有色金属,CI005003.WI,192.8534,3.436,1587.3355
2016-12-04,有色金属,CI005003.WI,187.3775,3.3384,1522.3414
2016-12-11,有色金属,CI005003.WI,190.0415,3.3104,938.3266
2016-12-18,有色金属,CI005003.WI,180.3283,3.1412,988.8152
2016-12-25,有色金属,CI005003.WI,177.9857,3.0692,668.4012
2017-01-01,有色金属,CI005003.WI,177.2335,3.0453,620.1574
2017-01-08,有色金属,CI005003.WI,204.0775,3.1085,634.2909
2017-01-15,有色金属,CI005003.WI,200.3673,3.052,754.7277
2017-01-22,有色金属,CI005003.WI,184.0069,3.0083,666.6017
2017-01-29,有色金属,CI005003.WI,199.2233,3.0245,577.9085
2017-02-05,有色金属,CI005003.WI,197.3806,2.9966,150.6606
2017-02-12,有色金属,CI005003.WI,199.6697,3.0523,838.0555
2017-02-19,有色金属,CI005003.WI,199.3511,3.0751,1196.5067
2017-02-26,有色金属,CI005003.WI,195.6921,3.1224,1286.0039
2017-03-05,有色金属,CI005003.WI,170.5251,3.0902,1269.7889
2017-03-12,有色金属,CI005003.WI,159.5199,3.0407,998.5001
2017-03-19,有色金属,CI005003.WI,162.0672,3.075,1258.4161
2017-03-26,有色金属,CI005003.WI,163.2497,3.0245,1216.7445
2017-04-02,有色金属,CI005003.WI,137.3129,2.9679,1128.5416
2017-04-09,有色金属,CI005003.WI,128.7077,3.0801,781.4563
2017-04-16,有色金属,CI005003.WI,112.9067,3.0499,1271.0879
2017-04-23,有色金属,CI005003.WI,89.6989,2.8668,894.1185
2017-04-30,有色金属,CI005003.WI,63.3579,2.8565,730.743
2017-05-07,有色金属,CI005003.WI,61.1198,2.7692,563.3537
2017-05-14,有色金属,CI005003.WI,58.6411,2.6585,602.3313
2017-05-21,有色金属,CI005003.WI,59.35,2.6909,685.2023
2017-05-28,有色金属,CI005003.WI,52.7479,2.6221,603.1939
2017-06-04,有色金属,CI005003.WI,53.0692,2.603,320.9707
2017-06-11,有色金属,CI005003.WI,54.8842,2.6708,553.8475
2017-06-18,有色金属,CI005003.WI,57.0122,2.7745,866.7171
2017-06-25,有色金属,CI005003.WI,57.3169,2.7872,872.3766
2017-07-02,有色金属,CI005003.WI,58.7739,2.8608,926.5744
2017-07-09,有色金属,CI005003.WI,63.537,3.0972,1382.7168
2017-07-16,有色金属,CI005003.WI,63.1544,3.103,1740.895
2017-07-23,有色金属,CI005003.WI,65.9804,3.2499,2086.8587
2017-07-30,有色金属,CI005003.WI,66.5153,3.2385,2135.9114
2017-08-06,有色金属,CI005003.WI,69.0119,3.3619,3036.2305
2017-08-13,有色金属,CI005003.WI,67.2937,3.2855,3357.195
2017-08-20,有色金属,CI005003.WI,64.2989,3.2778,2145.564
2017-08-27,有色金属,CI005003.WI,62.2163,3.3209,1810.3147
2017-09-03,有色金属,CI005003.WI,64.9571,3.5469,2494.682
2017-09-10,有色金属,CI005003.WI,65.659,3.5852,2716.4787
2017-09-17,有色金属,CI005003.WI,65.1583,3.5576,3098.5594
2017-09-24,有色金属,CI005003.WI,64.5318,3.5233,2177.4315
2017-10-01,有色金属,CI005003.WI,64.1572,3.5029,1461.0883
2017-10-15,有色金属,CI005003.WI,62.3774,3.4164,1306.623
2017-10-22,有色金属,CI005003.WI,60.9438,3.3596,1173.4083
2017-10-29,有色金属,CI005003.WI,54.7695,3.2914,1076.8254
2017-11-05,有色金属,CI005003.WI,49.7777,3.2128,1174.239
2017-11-12,有色金属,CI005003.WI,49.9727,3.2254,1030.2402
2017-11-19,有色金属,CI005003.WI,46.3961,2.9912,1305.8543
2017-11-26,有色金属,CI005003.WI,47.7072,3.0683,1086.0131
2017-12-03,有色金属,CI005003.WI,48.3307,3.0914,1163.8801
2017-12-10,有色金属,CI005003.WI,46.5518,2.9776,953.5412
2017-12-17,有色金属,CI005003.WI,47.0176,3.0019,901.6156
2017-12-24,有色金属,CI005003.WI,46.7847,2.987,763.6741
2017-12-31,有色金属,CI005003.WI,48.8745,3.1169,1342.5211
2018-01-07,有色金属,CI005003.WI,49.8539,3.1747,1266.2302
2018-01-14,有色金属,CI005003.WI,50.2452,3.1996,1536.9263
2018-01-21,有色金属,CI005003.WI,48.9418,3.1166,1227.8033
2018-01-28,有色金属,CI005003.WI,50.0728,3.1669,1303.6951
2018-02-04,有色金属,CI005003.WI,48.5914,3.1393,1399.9922
2018-02-11,有色金属,CI005003.WI,43.5189,2.7769,1389.157
2018-02-18,有色金属,CI005003.WI,45.5305,2.9093,566.1874
2018-02-25,有色金属,CI005003.WI,47.7906,3.0479,482.1629
2018-03-04,有色金属,CI005003.WI,46.9167,2.9979,1448.8499
2018-03-11,有色金属,CI005003.WI,47.6809,3.03,1376.0303
2018-03-18,有色金属,CI005003.WI,47.9301,3.062,1488.7284
2018-03-25,有色金属,CI005003.WI,41.7536,2.8716,1289.5751
2018-04-01,有色金属,CI005003.WI,42.0611,2.9428,1341.0325
2018-04-08,有色金属,CI005003.WI,40.979,2.8807,786.8465
2018-04-15,有色金属,CI005003.WI,41.9237,2.9229,1374.1347
2018-04-22,有色金属,CI005003.WI,40.0451,2.8168,1379.2004
2018-04-29,有色金属,CI005003.WI,38.1734,2.6692,926.0259
2018-05-06,有色金属,CI005003.WI,37.8501,2.649,474.7422
2018-05-13,有色金属,CI005003.WI,39.3674,2.7569,960.4834
2018-05-20,有色金属,CI005003.WI,38.0418,2.7303,964.5451
2018-05-27,有色金属,CI005003.WI,37.0094,2.6595,918.7086
2018-06-03,有色金属,CI005003.WI,37.7533,2.5756,825.2204
2018-06-10,有色金属,CI005003.WI,38.1939,2.6234,786.9755
2018-06-17,有色金属,CI005003.WI,37.0587,2.5404,716.8829
2018-06-24,有色金属,CI005003.WI,34.4364,2.3621,674.1813
2018-07-01,有色金属,CI005003.WI,36.2745,2.4031,621.1294
2018-07-08,有色金属,CI005003.WI,34.4482,2.2835,654.1297
2018-07-15,有色金属,CI005003.WI,32.1208,2.3776,772.795
2018-07-22,有色金属,CI005003.WI,30.7257,2.3184,596.2319
2018-07-29,有色金属,CI005003.WI,32.2536,2.3587,849.5767
2018-08-05,有色金属,CI005003.WI,30.1582,2.198,621.7981
2018-08-12,有色金属,CI005003.WI,29.8417,2.1873,627.7571
2018-08-19,有色金属,CI005003.WI,27.9688,2.0739,456.5255
2018-08-26,有色金属,CI005003.WI,28.2096,2.0837,394.3964
2018-09-02,有色金属,CI005003.WI,27.2097,2.0585,514.1757
2018-09-09,有色金属,CI005003.WI,26.749,2.0237,423.3399
2018-09-16,有色金属,CI005003.WI,26.5514,2.0041,443.1184
2018-09-23,有色金属,CI005003.WI,27.3624,2.0653,533.0286
2018-09-30,有色金属,CI005003.WI,27.4676,2.0562,472.6286
2018-10-14,有色金属,CI005003.WI,25.1669,1.8627,786.5518
2018-10-21,有色金属,CI005003.WI,23.5357,1.7358,572.3052
2018-10-28,有色金属,CI005003.WI,24.814,1.8061,687.5665
2018-11-04,有色金属,CI005003.WI,27.5055,1.8907,750.0218
2018-11-11,有色金属,CI005003.WI,26.8362,1.8256,834.0419
2018-11-18,有色金属,CI005003.WI,28.0557,1.9086,779.3187
2018-11-25,有色金属,CI005003.WI,26.3287,1.7911,705.9023
2018-12-02,有色金属,CI005003.WI,26.6904,1.8157,514.3792
2018-12-09,有色金属,CI005003.WI,27.4924,1.8597,690.0325
2018-12-16,有色金属,CI005003.WI,26.9391,1.823,497.3029
2018-12-23,有色金属,CI005003.WI,26.5868,1.7991,442.302
2018-12-30,有色金属,CI005003.WI,26.0519,1.7637,408.6394
2019-01-13,有色金属,CI005003.WI,26.9831,1.8298,616.5373
2019-01-20,有色金属,CI005003.WI,27.4097,1.8517,621.0741
2019-01-27,有色金属,CI005003.WI,26.7995,1.8116,560.9941
2019-02-03,有色金属,CI005003.WI,26.3093,1.7722,471.7042
2019-02-17,有色金属,CI005003.WI,27.8015,1.8753,699.2451
2019-02-24,有色金属,CI005003.WI,29.5056,1.9846,1087.8168
2019-03-03,有色金属,CI005003.WI,34.9042,2.092,1717.7341
2019-03-10,有色金属,CI005003.WI,35.6025,2.1339,2158.207
2019-03-17,有色金属,CI005003.WI,36.1262,2.1545,1552.1937
2019-03-24,有色金属,CI005003.WI,38.19,2.2037,1451.4396
2019-03-31,有色金属,CI005003.WI,41.6358,2.1479,1083.9662
2019-04-07,有色金属,CI005003.WI,44.9924,2.3045,1473.2454
2019-04-14,有色金属,CI005003.WI,43.5271,2.2147,1379.3058
2019-04-21,有色金属,CI005003.WI,46.1203,2.2514,1148.7616
2019-04-28,有色金属,CI005003.WI,63.0042,2.0969,988.5376
2019-05-05,有色金属,CI005003.WI,97.7388,2.0813,282.4772
2019-05-12,有色金属,CI005003.WI,93.7415,1.9898,708.6716
2019-05-19,有色金属,CI005003.WI,93.9492,1.9961,832.6234
2019-05-26,有色金属,CI005003.WI,93.9533,1.9976,1065.5056
2019-06-02,有色金属,CI005003.WI,128.0549,2.1441,1250.3544
2019-06-09,有色金属,CI005003.WI,124.259,2.0791,951.7657
2019-06-16,有色金属,CI005003.WI,130.7327,2.1914,1768.2003
2019-06-23,有色金属,CI005003.WI,133.5242,2.2349,1481.6154
2019-06-30,有色金属,CI005003.WI,131.3175,2.2092,1450.8201
2019-07-07,有色金属,CI005003.WI,131.7716,2.215,1118.1952
2019-07-14,有色金属,CI005003.WI,98.0442,2.1059,799.9048
2019-07-21,有色金属,CI005003.WI,102.0084,2.1592,798.1166
2019-07-28,有色金属,CI005003.WI,87.4892,2.0848,668.7264
2019-08-04,有色金属,CI005003.WI,92.1071,2.0985,795.4167
2019-08-11,有色金属,CI005003.WI,93.1214,2.1341,1391.3467
2019-08-18,有色金属,CI005003.WI,93.8587,2.1438,1091.8556
2019-08-25,有色金属,CI005003.WI,92.2764,2.1315,1005.146
2019-09-01,有色金属,CI005003.WI,126.4636,2.1613,1080.1719
2019-09-08,有色金属,CI005003.WI,128.6877,2.199,1227.6161
2019-09-15,有色金属,CI005003.WI,130.1137,2.2234,830.5954
2019-09-22,有色金属,CI005003.WI,128.2563,2.1916,832.5899
2019-09-29,有色金属,CI005003.WI,120.6083,2.0761,848.4191
2019-10-06,有色金属,CI005003.WI,119.5296,2.0575,120.1295
2019-10-13,有色金属,CI005003.WI,120.6839,2.0774,474.8529
2019-10-20,有色金属,CI005003.WI,116.1298,1.9941,532.4375
2019-10-27,有色金属,CI005003.WI,115.2409,1.9849,411.7133
2019-11-03,有色金属,CI005003.WI,131.8286,1.9575,475.7107
2019-11-10,有色金属,CI005003.WI,132.8748,1.9575,588.3319
2019-11-17,有色金属,CI005003.WI,128.3702,1.8896,484.0502
2019-11-24,有色金属,CI005003.WI,133.5204,1.9654,627.7083
2019-12-01,有色金属,CI005003.WI,133.9321,1.9327,678.4789
2019-12-08,有色金属,CI005003.WI,185.9262,2.0177,689.7156
2019-12-15,有色金属,CI005003.WI,187.6808,2.0367,708.1779
2019-12-22,有色金属,CI005003.WI,191.3251,2.0763,905.9116
2019-12-29,有色金属,CI005003.WI,203.2996,2.2062,1192.806
2020-01-05,有色金属,CI005003.WI,213.0752,2.3015,1123.94
2020-01-12,有色金属,CI005003.WI,213.5719,2.2992,1820.632
2020-01-19,有色金属,CI005003.WI,213.5675,2.2863,1200.7802
2020-01-26,有色金属,CI005003.WI,203.0306,2.1761,886.1164
2020-02-09,有色金属,CI005003.WI,191.2085,2.0494,1233.6848
2020-02-16,有色金属,CI005003.WI,210.9093,2.2605,1703.8978
2020-02-23,有色金属,CI005003.WI,219.9897,2.3357,1984.2657
2020-03-01,有色金属,CI005003.WI,593.2206,2.1157,2120.0045
2020-03-08,有色金属,CI005003.WI,633.3605,2.2495,1429.8926
2020-03-15,有色金属,CI005003.WI,247.2887,2.0375,1234.288
2020-03-22,有色金属,CI005003.WI,204.8443,1.9259,965.6399
2020-03-29,有色金属,CI005003.WI,135.941,1.9537,1057.6745
2020-04-05,有色金属,CI005003.WI,102.9003,1.9415,918.5421
2020-04-12,有色金属,CI005003.WI,101.765,1.9813,802.602
2020-04-19,有色金属,CI005003.WI,91.0924,2.0042,971.4397
2020-04-26,有色金属,CI005003.WI,85.2089,1.9669,742.4911
2020-05-03,有色金属,CI005003.WI,306.7838,2.0349,595.2398
2020-05-10,有色金属,CI005003.WI,315.9802,2.0959,622.2969
2020-05-17,有色金属,CI005003.WI,315.7883,2.0678,822.3863
2020-05-24,有色金属,CI005003.WI,313.1941,2.0529,1181.9355
2020-05-31,有色金属,CI005003.WI,320.77,2.0979,948.5003
2020-06-07,有色金属,CI005003.WI,313.3818,2.1219,1097.7778
2020-06-14,有色金属,CI005003.WI,312.4861,2.1168,967.7106
2020-06-21,有色金属,CI005003.WI,322.2511,2.1759,1049.88
2020-06-28,有色金属,CI005003.WI,332.8771,2.1873,626.2199
2020-07-05,有色金属,CI005003.WI,265.2022,2.2878,1224.119
2020-07-12,有色金属,CI005003.WI,303.9867,2.5596,2789.8724
2020-07-19,有色金属,CI005003.WI,243.962,2.4315,2261.3021
2020-07-26,有色金属,CI005003.WI,251.8674,2.5125,2139.1465
2020-08-02,有色金属,CI005003.WI,267.9681,2.6319,2415.9656
2020-08-09,有色金属,CI005003.WI,229.7133,2.7801,2971.4251
2020-08-16,有色金属,CI005003.WI,210.6487,2.5714,1910.6914
2020-08-23,有色金属,CI005003.WI,218.3003,2.601,1615.0546
2020-08-30,有色金属,CI005003.WI,211.4474,2.5433,1183.6939
2020-09-06,有色金属,CI005003.WI,229.8646,2.5114,1259.1327
2020-09-13,有色金属,CI005003.WI,222.1553,2.4304,1161.083
2020-09-20,有色金属,CI005003.WI,229.4051,2.5015,1042.1654
2020-09-27,有色金属,CI005003.WI,213.922,2.334,933.2682
2020-10-04,有色金属,CI005003.WI,212.7034,2.3207,409.2399
2020-10-11,有色金属,CI005003.WI,218.3979,2.384,183.3859
2020-10-18,有色金属,CI005003.WI,219.9335,2.4008,950.8763
2020-10-25,有色金属,CI005003.WI,242.5773,2.3727,802.7643
2020-11-01,有色金属,CI005003.WI,136.6847,2.3057,908.2138
2020-11-08,有色金属,CI005003.WI,148.9006,2.5145,1367.2979
2020-11-15,有色金属,CI005003.WI,152.3708,2.5731,1873.2273
2020-11-22,有色金属,CI005003.WI,164.2987,2.7086,2357.0931
2020-11-29,有色金属,CI005003.WI,166.1821,2.7338,2680.9956
2020-12-06,有色金属,CI005003.WI,165.3642,2.7558,2027.9274
2020-12-13,有色金属,CI005003.WI,156.9531,2.6159,1730.8458
2020-12-20,有色金属,CI005003.WI,167.3221,2.7887,1707.3326
2020-12-27,有色金属,CI005003.WI,173.1517,2.8633,2245.3319
2021-01-03,有色金属,CI005003.WI,173.5554,2.8615,1845.6195
2021-01-10,有色金属,CI005003.WI,188.693,3.1578,3092.843
2021-01-17,有色金属,CI005003.WI,177.4922,2.9697,2943.6207
2021-01-24,有色金属,CI005003.WI,186.5436,3.1227,2805.5669
2021-01-31,有色金属,CI005003.WI,176.6125,2.9379,2965.603
2021-02-07,有色金属,CI005003.WI,170.886,2.8361,2747.1032
2021-02-14,有色金属,CI005003.WI,186.8095,3.15,1515.7018
2021-02-21,有色金属,CI005003.WI,201.9601,3.405,1628.6997
2021-02-28,有色金属,CI005003.WI,179.8179,3.2026,4690.4491
2021-03-07,有色金属,CI005003.WI,126.3765,3.0859,3581.7705
2021-03-14,有色金属,CI005003.WI,126.6189,3.1127,2935.4717
2021-03-21,有色金属,CI005003.WI,116.5203,3.0259,2542.0905
2021-03-28,有色金属,CI005003.WI,108.1977,2.8695,2141.6214
2021-04-04,有色金属,CI005003.WI,100.6598,2.8547,1686.1221
2021-04-11,有色金属,CI005003.WI,100.3958,2.9474,1549.5333
2021-04-18,有色金属,CI005003.WI,43.0551,2.8541,1810.7078
2021-04-25,有色金属,CI005003.WI,42.27,2.9366,2170.6442
2021-05-02,有色金属,CI005003.WI,37.4068,2.9416,2474.6714
2021-05-09,有色金属,CI005003.WI,39.4187,3.0895,1380.7874
2021-05-16,有色金属,CI005003.WI,38.4404,3.0137,3159.311
2021-05-23,有色金属,CI005003.WI,38.838,3.0424,2567.864
2021-05-30,有色金属,CI005003.WI,39.8884,3.1261,2384.4286
2021-06-06,有色金属,CI005003.WI,40.0356,3.133,2562.5567
2021-06-13,有色金属,CI005003.WI,39.9353,3.1332,2111.2278
2021-06-20,有色金属,CI005003.WI,37.7548,2.9639,1657.8668
2021-06-27,有色金属,CI005003.WI,39.424,3.093,2142.4514
2021-07-04,有色金属,CI005003.WI,39.2946,3.0643,2093.833
2021-07-11,有色金属,CI005003.WI,44.7078,3.5018,4131.8625
2021-07-18,有色金属,CI005003.WI,45.2306,3.5875,4635.0587
2021-07-25,有色金属,CI005003.WI,48.3433,3.8634,4751.7678
2021-08-01,有色金属,CI005003.WI,47.0828,3.9383,5365.0723
2021-08-08,有色金属,CI005003.WI,46.9947,3.9228,5130.1213
2021-08-15,有色金属,CI005003.WI,47.4826,4.0544,5096.7969
2021-08-22,有色金属,CI005003.WI,43.5577,3.9281,4938.5701
2021-08-29,有色金属,CI005003.WI,44.4872,4.3665,5988.1907
2021-09-05,有色金属,CI005003.WI,41.5702,4.203,7194.3059
2021-09-12,有色金属,CI005003.WI,45.2539,4.5762,6263.366
2021-09-19,有色金属,CI005003.WI,42.0094,4.248,6957.9754
2021-09-26,有色金属,CI005003.WI,40.2677,4.0703,2715.7328
2021-10-03,有色金属,CI005003.WI,36.896,3.7295,2918.481
2021-10-10,有色金属,CI005003.WI,36.9085,3.7347,592.7047
2021-10-17,有色金属,CI005003.WI,36.8596,3.829,3095.337
2021-10-24,有色金属,CI005003.WI,35.8477,3.8063,3791.4034
2021-10-31,有色金属,CI005003.WI,29.7582,3.5337,3607.9622
2021-11-07,有色金属,CI005003.WI,28.698,3.4115,3459.1559
2021-11-14,有色金属,CI005003.WI,29.8464,3.548,3272.3547
2021-11-21,有色金属,CI005003.WI,30.2951,3.6009,3256.4166
2021-11-28,有色金属,CI005003.WI,31.6658,3.7635,4074.1019
2021-12-05,有色金属,CI005003.WI,31.3906,3.7313,3573.7551
2021-12-12,有色金属,CI005003.WI,31.488,3.7423,3416.3748
2021-12-19,有色金属,CI005003.WI,30.3771,3.6103,2908.7149
2021-12-26,有色金属,CI005003.WI,28.9459,3.443,2781.7651
2022-01-02,有色金属,CI005003.WI,29.7493,3.526,2465.2855
2022-01-09,有色金属,CI005003.WI,28.1667,3.338,2093.3389
2022-01-16,有色金属,CI005003.WI,28.6563,3.396,2651.9571
2022-01-23,有色金属,CI005003.WI,27.8934,3.3056,2165.4807
2022-01-30,有色金属,CI005003.WI,26.5802,3.1499,2259.6361
2022-02-13,有色金属,CI005003.WI,28.4559,3.372,2655.2375
2022-02-20,有色金属,CI005003.WI,29.8671,3.5413,2814.0306
2022-02-27,有色金属,CI005003.WI,30.6911,3.6486,3558.913
2022-03-06,有色金属,CI005003.WI,30.4637,3.6243,3572.6763
2022-03-13,有色金属,CI005003.WI,28.354,3.3817,3578.1027
2022-03-20,有色金属,CI005003.WI,25.7882,3.2574,2889.9622
2022-03-27,有色金属,CI005003.WI,26.3991,3.278,2350.4842
2022-04-03,有色金属,CI005003.WI,25.5192,3.1996,1997.4273
2022-04-10,有色金属,CI005003.WI,25.2987,3.1707,1150.6959
2022-04-17,有色金属,CI005003.WI,23.1439,3.0477,2313.4392
2022-04-24,有色金属,CI005003.WI,20.7168,2.7753,1727.3199
2022-05-01,有色金属,CI005003.WI,17.6331,2.5852,2139.1511
2022-05-08,有色金属,CI005003.WI,17.0088,2.493,761.9434
2022-05-15,有色金属,CI005003.WI,17.5745,2.5791,1920.6486
2022-05-22,有色金属,CI005003.WI,18.8239,2.7663,2140.3475
2022-05-29,有色金属,CI005003.WI,18.705,2.7525,2543.6521
2022-06-05,有色金属,CI005003.WI,19.1116,2.8169,1646.6517
2022-06-12,有色金属,CI005003.WI,20.7021,3.0649,3298.3827
2022-06-19,有色金属,CI005003.WI,21.454,3.1801,3615.8947
2022-06-26,有色金属,CI005003.WI,20.8088,3.0892,3520.1787
2022-07-03,有色金属,CI005003.WI,21.4232,3.1879,3489.5071
2022-07-10,有色金属,CI005003.WI,21.369,3.1937,3545.0863
2022-07-17,有色金属,CI005003.WI,20.3385,3.003,3046.0669
2022-07-24,有色金属,CI005003.WI,20.514,3.0315,2817.0633
2022-07-31,有色金属,CI005003.WI,20.4714,3.0687,2528.376
2022-08-07,有色金属,CI005003.WI,20.4259,3.0637,2961.2973
2022-08-14,有色金属,CI005003.WI,20.6194,3.1215,2687.0596
2022-08-21,有色金属,CI005003.WI,19.9122,3.0292,2641.4796
2022-08-28,有色金属,CI005003.WI,19.0408,2.9785,2965.9838
2022-09-04,有色金属,CI005003.WI,16.8535,2.7522,1935.2193
2022-09-11,有色金属,CI005003.WI,18.0247,2.9354,2195.4518
2022-09-18,有色金属,CI005003.WI,16.5955,2.7051,1935.3412
2022-09-25,有色金属,CI005003.WI,16.8382,2.7452,1874.9195
2022-10-02,有色金属,CI005003.WI,15.6639,2.5537,1726.3071
2022-10-16,有色金属,CI005003.WI,16.1481,2.6326,1663.0784
2022-10-23,有色金属,CI005003.WI,15.5127,2.5157,1549.3241
2022-10-30,有色金属,CI005003.WI,15.2075,2.3932,1792.8081
2022-11-06,有色金属,CI005003.WI,15.892,2.5713,2251.429
2022-11-13,有色金属,CI005003.WI,16.4199,2.6557,2668.9203
2022-11-20,有色金属,CI005003.WI,15.6518,2.5337,1909.001
2022-11-27,有色金属,CI005003.WI,15.6333,2.5225,1336.5165
2022-12-04,有色金属,CI005003.WI,15.8008,2.5429,1592.8784
2022-12-11,有色金属,CI005003.WI,16.3285,2.6274,1775.8214
2022-12-18,有色金属,CI005003.WI,15.6027,2.5068,1421.6465
2022-12-25,有色金属,CI005003.WI,14.8545,2.3865,1059.2037
2023-01-01,有色金属,CI005003.WI,14.9701,2.4053,1042.4295
2023-01-08,有色金属,CI005003.WI,15.0499,2.4334,1259.2083
2023-01-15,有色金属,CI005003.WI,15.5438,2.5169,1663.4983
2023-01-22,有色金属,CI005003.WI,16.3972,2.6512,1658.0312
2023-02-05,有色金属,CI005003.WI,16.8941,2.7319,2742.7807
2023-02-12,有色金属,CI005003.WI,16.4485,2.6599,1980.1212
2023-02-19,有色金属,CI005003.WI,16.0908,2.5999,1840.0706
2023-02-26,有色金属,CI005003.WI,16.3847,2.6486,1906.8021
2023-03-05,有色金属,CI005003.WI,16.2507,2.6249,1580.3302
2023-03-12,有色金属,CI005003.WI,15.6188,2.5249,1449.9364
2023-03-19,有色金属,CI005003.WI,14.8526,2.4633,1707.7927
2023-03-26,有色金属,CI005003.WI,15.2704,2.5318,1670.3504
2023-04-02,有色金属,CI005003.WI,14.6487,2.4698,1441.2708
2023-04-09,有色金属,CI005003.WI,14.8416,2.483,1432.1985
2023-04-16,有色金属,CI005003.WI,15.7495,2.6188,2146.0927
2023-04-23,有色金属,CI005003.WI,15.3421,2.5211,2217.5171
2023-04-30,有色金属,CI005003.WI,15.6095,2.3639,1801.3727
2023-05-07,有色金属,CI005003.WI,15.3262,2.3199,662.3936
2023-05-14,有色金属,CI005003.WI,14.7301,2.2284,1506.6657
2023-05-21,有色金属,CI005003.WI,14.8562,2.26,1411.4279
2023-05-28,有色金属,CI005003.WI,14.4389,2.1968,1009.6221
2023-06-04,有色金属,CI005003.WI,15.0053,2.2895,1248.3365
2023-06-11,有色金属,CI005003.WI,14.7752,2.2569,1182.4263
2023-06-18,有色金属,CI005003.WI,15.0104,2.3067,1298.8532
2023-06-25,有色金属,CI005003.WI,14.4337,2.2184,761.7148
2023-07-02,有色金属,CI005003.WI,14.5299,2.2495,1130.7253
2023-07-09,有色金属,CI005003.WI,14.8391,2.2955,1913.4475
2023-07-16,有色金属,CI005003.WI,15.2035,2.3562,1642.1437
2023-07-23,有色金属,CI005003.WI,14.9499,2.3255,1288.0297
2023-07-30,有色金属,CI005003.WI,15.1988,2.3604,1295.9893
2023-08-06,有色金属,CI005003.WI,15.3951,2.3866,1585.0573
2023-08-13,有色金属,CI005003.WI,14.9776,2.3219,1095.2921
2023-08-20,有色金属,CI005003.WI,14.6058,2.2254,886.9373
2023-08-27,有色金属,CI005003.WI,15.1307,2.1386,1010.7351
2023-09-03,有色金属,CI005003.WI,16.7675,2.1905,1320.2801
2023-09-10,有色金属,CI005003.WI,16.7957,2.1922,1254.508
2023-09-17,有色金属,CI005003.WI,17.0939,2.2194,1214.8184
2023-09-24,有色金属,CI005003.WI,16.7259,2.1717,1076.6433
2023-10-01,有色金属,CI005003.WI,16.365,2.1261,751.0223
2023-10-15,有色金属,CI005003.WI,16.3368,2.1279,1190.5227
2023-10-22,有色金属,CI005003.WI,15.7274,2.044,1105.7201
2023-10-29,有色金属,CI005003.WI,16.1484,2.0362,1282.9952
2023-11-05,有色金属,CI005003.WI,16.932,2.0211,1175.1794
2023-11-12,有色金属,CI005003.WI,16.7401,1.9982,1314.2699
2023-11-19,有色金属,CI005003.WI,17.0122,2.0311,1168.4945
2023-11-26,有色金属,CI005003.WI,16.6778,1.9906,1039.5631
2023-12-03,有色金属,CI005003.WI,16.6147,1.9692,1020.722
2023-12-10,有色金属,CI005003.WI,16.4864,1.9506,1554.9657
2023-12-17,有色金属,CI005003.WI,16.1744,1.9137,1058.1767
2023-12-24,有色金属,CI005003.WI,16.2655,1.9245,944.2359
2023-12-31,有色金属,CI005003.WI,16.9198,2.004,1178.4199
2024-01-14,有色金属,CI005003.WI,16.6548,1.9724,1203.0163
2024-01-21,有色金属,CI005003.WI,15.8136,1.8746,1084.6085
2024-01-28,有色金属,CI005003.WI,15.9593,1.8963,1184.9769
2024-02-04,有色金属,CI005003.WI,14.5664,1.731,1105.5212
2024-02-11,有色金属,CI005003.WI,15.5765,1.8519,1297.3463
2024-02-25,有色金属,CI005003.WI,16.3296,1.9414,1351.0455
2024-03-03,有色金属,CI005003.WI,16.5349,1.9722,1507.2194
2024-03-10,有色金属,CI005003.WI,17.4046,2.0759,1751.8246
2024-03-17,有色金属,CI005003.WI,17.7159,2.1697,2007.5392
2024-03-24,有色金属,CI005003.WI,17.1965,2.1293,2025.3027
2024-03-31,有色金属,CI005003.WI,19.7456,2.2305,1712.6274
2024-04-07,有色金属,CI005003.WI,21.0207,2.3738,1954.964
2024-04-14,有色金属,CI005003.WI,21.3319,2.4228,3821.9935
2024-04-21,有色金属,CI005003.WI,21.1998,2.3706,2950.6377
2024-04-28,有色金属,CI005003.WI,20.9895,2.278,2588.1335
2024-05-05,有色金属,CI005003.WI,23.0212,2.2381,1030.3526
2024-05-12,有色金属,CI005003.WI,24.0026,2.3361,2378.7387
2024-05-19,有色金属,CI005003.WI,23.7459,2.3148,1986.6881
2024-05-26,有色金属,CI005003.WI,22.9081,2.236,2547.3629
2024-06-02,有色金属,CI005003.WI,23.0297,2.2486,2122.6507
2024-06-09,有色金属,CI005003.WI,22.5158,2.2057,1786.1603
2024-06-16,有色金属,CI005003.WI,21.9259,2.1595,1185.2825
2024-06-23,有色金属,CI005003.WI,21.6554,2.141,1389.3109
2024-06-30,有色金属,CI005003.WI,21.4801,2.1192,1254.2814
2024-07-07,有色金属,CI005003.WI,22.1156,2.1839,1393.812
2024-07-14,有色金属,CI005003.WI,22.1956,2.2024,1882.499
2024-07-21,有色金属,CI005003.WI,21.5027,2.1416,1797.3821
2024-07-28,有色金属,CI005003.WI,19.8915,1.9887,1436.8256
2024-08-04,有色金属,CI005003.WI,20.0917,2.009,1232.9555
2024-08-11,有色金属,CI005003.WI,19.5148,1.9566,1146.5913
2024-08-18,有色金属,CI005003.WI,19.4617,1.9606,902.5725
2024-08-25,有色金属,CI005003.WI,18.0811,1.9136,1082.5654
2024-09-01,有色金属,CI005003.WI,18.3416,1.906,1255.3355
2024-09-08,有色金属,CI005003.WI,17.3628,1.8031,1132.0039
2024-09-15,有色金属,CI005003.WI,17.1063,1.7766,1077.948
2024-09-22,有色金属,CI005003.WI,18.0599,1.8762,762.0085
2024-09-29,有色金属,CI005003.WI,20.3671,2.1161,1990.6253
2024-10-06,有色金属,CI005003.WI,21.8883,2.2759,1070.6508
2024-10-13,有色金属,CI005003.WI,20.5454,2.1372,3452.7812
2024-10-20,有色金属,CI005003.WI,20.2497,2.1524,2450.78
2024-10-27,有色金属,CI005003.WI,20.4684,2.1872,2808.7979
2024-11-03,有色金属,CI005003.WI,21.1114,2.1908,3386.5183
2024-11-10,有色金属,CI005003.WI,21.7706,2.2592,5054.9909
2024-11-17,有色金属,CI005003.WI,20.5471,2.1318,3826.2596
2024-11-24,有色金属,CI005003.WI,20.4589,2.1241,2830.7843
2024-12-01,有色金属,CI005003.WI,20.3108,2.109,2233.5404
2024-12-08,有色金属,CI005003.WI,20.6144,2.1402,2408.1858
2024-12-15,有色金属,CI005003.WI,20.4633,2.1262,2521.5407
2024-12-22,有色金属,CI005003.WI,19.8378,2.0557,1659.3476
2024-12-29,有色金属,CI005003.WI,19.7492,2.0484,1529.0904
2025-01-05,有色金属,CI005003.WI,19.2303,1.9937,1499.8956
2025-01-12,有色金属,CI005003.WI,19.61,2.0331,1984.5814
2025-01-19,有色金属,CI005003.WI,20.4598,2.118,2267.9245
2025-01-26,有色金属,CI005003.WI,20.3958,2.1006,1813.0319
2025-02-02,有色金属,CI005003.WI,20.2988,2.0906,335.3602
2025-02-09,有色金属,CI005003.WI,20.9277,2.1565,1478.2967
2025-02-16,有色金属,CI005003.WI,20.8741,2.1509,2229.8257
2025-02-23,有色金属,CI005003.WI,20.5195,2.1144,2144.6027
2025-03-02,有色金属,CI005003.WI,19.9783,2.0582,2399.9198
2025-03-09,有色金属,CI005003.WI,21.4158,2.2052,2987.7044
2025-03-16,有色金属,CI005003.WI,22.1893,2.2842,3515.387
2025-03-23,有色金属,CI005003.WI,21.4116,2.2204,3029.9417
2025-03-30,有色金属,CI005003.WI,21.6785,2.2121,2917.799
2025-04-06,有色金属,CI005003.WI,20.9997,2.1435,1717.1054
2025-04-13,有色金属,CI005003.WI,19.6082,2.0429,3307.5579
2025-04-20,有色金属,CI005003.WI,19.3743,2.0515,2279.0717
2025-04-27,有色金属,CI005003.WI,18.9486,2.048,2495.3424
2025-05-04,有色金属,CI005003.WI,17.9242,2.0105,926.3549
2025-05-11,有色金属,CI005003.WI,18.3439,2.0571,1777.0329
2025-05-18,有色金属,CI005003.WI,18.4523,2.0728,2179.0766
2025-05-25,有色金属,CI005003.WI,18.6479,2.0978,2052.1723
2025-06-01,有色金属,CI005003.WI,18.2274,2.053,1523.9843
2025-06-08,有色金属,CI005003.WI,18.9114,2.1319,1704.6948
2025-06-15,有色金属,CI005003.WI,19.5857,2.2232,3263.6831
2025-06-22,有色金属,CI005003.WI,18.9499,2.1569,2341.1708
2025-06-29,有色金属,CI005003.WI,19.879,2.2785,2540.4239
2025-07-06,有色金属,CI005003.WI,20.1171,2.3101,2950.0629
2025-07-13,有色金属,CI005003.WI,20.2929,2.3348,3125.4602
2025-07-20,有色金属,CI005003.WI,20.6623,2.3745,3835.1107
2025-07-27,有色金属,CI005003.WI,22.033,2.5389,5719.4288
2025-08-03,有色金属,CI005003.WI,21.0162,2.4194,4399.1413
2025-08-10,有色金属,CI005003.WI,22.2506,2.5667,3921.9396
2025-08-17,有色金属,CI005003.WI,23.1001,2.661,4863.4662
2025-08-24,有色金属,CI005003.WI,23.3473,2.6928,6160.3463
2025-08-31,有色金属,CI005003.WI,24.0482,2.8374,7733.6017
2025-09-07,有色金属,CI005003.WI,24.7216,2.9087,7893.4482
2025-09-14,有色金属,CI005003.WI,25.6563,3.0107,7008.7618
2025-09-21,有色金属,CI005003.WI,24.6509,2.8822,6041.5966
2025-09-28,有色金属,CI005003.WI,25.5056,2.9809,5403.8679
2025-10-05,有色金属,CI005003.WI,27.3256,3.2022,2820.7995
2025-10-12,有色金属,CI005003.WI,28.6078,3.3521,4095.52
2025-10-19,有色金属,CI005003.WI,26.7186,3.1571,8965.6777
2025-10-26,有色金属,CI005003.WI,26.1767,3.1564,5434.4477
2025-11-02,有色金属,CI005003.WI,25.7844,3.1969,7500.3969
2025-11-09,有色金属,CI005003.WI,25.7381,3.1903,5551.2255
2025-11-16,有色金属,CI005003.WI,26.0117,3.2237,6053.0164
2025-11-23,有色金属,CI005003.WI,24.2249,3.0004,5961.9576
2025-11-30,有色金属,CI005003.WI,25.0627,3.1082,4289.0438
2025-12-07,有色金属,CI005003.WI,26.4683,3.2816,5056.2472
2025-12-14,有色金属,CI005003.WI,26.2856,3.2584,5273.3368
2025-12-21,有色金属,CI005003.WI,26.6217,3.3001,4779.1527
2025-12-28,有色金属,CI005003.WI,28.3936,3.5172,6176.553
2026-01-04,有色金属,CI005003.WI,28.5607,3.5383,4169.6098
2026-01-11,有色金属,CI005003.WI,31.1051,3.853,8598.9133
2026-01-18,有色金属,CI005003.WI,34.1047,4.0508,9973.9588
2026-01-25,有色金属,CI005003.WI,35.7969,4.244,9248.7106
2026-02-01,有色金属,CI005003.WI,37.2932,4.426,16068.6124
2026-02-08,有色金属,CI005003.WI,34.1667,4.055,10165.7915
2026-02-15,有色金属,CI005003.WI,34.8665,4.1326,7518.3185
2026-03-01,有色金属,CI005003.WI,37.9995,4.5022,8012.8737
2026-03-08,有色金属,CI005003.WI,36.2067,4.2889,11403.8553
2026-03-15,有色金属,CI005003.WI,34.8895,4.1356,7756.3429
2026-03-22,有色金属,CI005003.WI,27.0376,3.4953,6708.8426
2026-03-29,有色金属,CI005003.WI,27.2634,3.55,7130.0786
2026-04-05,有色金属,CI005003.WI,27.2783,3.5806,6426.7489
2026-04-12,有色金属,CI005003.WI,28.7397,3.7798,5429.4381
2026-04-19,有色金属,CI005003.WI,29.1623,3.9062,7872.7353
2026-04-26,有色金属,CI005003.WI,25.2809,3.7376,8573.4969
2026-05-03,有色金属,CI005003.WI,23.6085,3.7725,6668.9065
2026-05-10,有色金属,CI005003.WI,24.5824,3.9287,6689.085
2026-05-17,有色金属,CI005003.WI,22.7404,3.6384,10229.5493
2026-05-24,有色金属,CI005003.WI,22.523,3.6161,7431.9385
2026-05-31,有色金属,CI005003.WI,22.0412,3.5613,8414.7878
2026-06-07,有色金属,CI005003.WI,21.5574,3.4654,8048.8005
2026-06-14,有色金属,CI005003.WI,21.8391,3.5222,8778.4364
2026-06-21,有色金属,CI005003.WI,22.6969,3.661,9653.3837
2026-06-28,有色金属,CI005003.WI,20.6771,3.3572,12411.7712
2026-07-05,有色金属,CI005003.WI,21.2441,3.4464,9638.4082
2026-07-12,有色金属,CI005003.WI,19.7372,3.2086,7644.577
2026-07-19,有色金属,CI005003.WI,18.5824,3.0184,6252.5523
2026-07-26,有色金属,CI005003.WI,19.4706,3.1631,7075.6293
2026-08-02,有色金属,CI005003.WI,19.8701,3.2526,5314.5653
2026-08-09,有色金属,CI005003.WI,21.8332,3.581,7481.0127
2016-01-10,机械,CI005010.WI,88.1566,3.5815,2029.3092
2016-01-17,机械,CI005010.WI,79.146,3.2009,1786.8748
2016-01-24,机械,CI005010.WI,81.5563,3.2831,1903.3495
2016-01-31,机械,CI005010.WI,74.2772,3.0082,1603.1506
2016-02-07,机械,CI005010.WI,76.7193,3.0621,1399.5202
2016-02-21,机械,CI005010.WI,80.9988,3.2398,1745.5481
2016-02-28,机械,CI005010.WI,87.6861,3.0305,2025.7812
2016-03-06,机械,CI005010.WI,88.5701,2.9697,1710.0838
2016-03-13,机械,CI005010.WI,89.1774,2.97,1436.3116
2016-03-20,机械,CI005010.WI,98.7351,3.1948,1913.7114
2016-03-27,机械,CI005010.WI,103.1086,3.2731,2475.7709
2016-04-03,机械,CI005010.WI,93.0676,3.2797,2076.0021
2016-04-10,机械,CI005010.WI,93.9093,3.3001,1954.1168
2016-04-17,机械,CI005010.WI,100.6922,3.3509,2201.4053
2016-04-24,机械,CI005010.WI,94.7334,3.1098,1793.2217
2016-05-01,机械,CI005010.WI,91.149,3.1174,1314.0746
2016-05-08,机械,CI005010.WI,90.6129,3.1246,1415.4258
2016-05-15,机械,CI005010.WI,86.2909,2.9712,1239.262
2016-05-22,机械,CI005010.WI,87.1401,3.0031,1365.3201
2016-05-29,机械,CI005010.WI,88.0032,3.0359,1462.5145
2016-06-05,机械,CI005010.WI,92.3012,3.208,1950.353
2016-06-12,机械,CI005010.WI,93.5965,3.2561,1269.0441
2016-06-19,机械,CI005010.WI,93.1529,3.231,2103.1004
2016-06-26,机械,CI005010.WI,92.6809,3.2046,2219.2001
2016-07-03,机械,CI005010.WI,95.897,3.3285,2487.6385
2016-07-10,机械,CI005010.WI,98.3454,3.4207,2642.4798
2016-07-17,机械,CI005010.WI,98.5819,3.4152,2172.1552
2016-07-24,机械,CI005010.WI,95.9691,3.3772,1791.7792
2016-07-31,机械,CI005010.WI,93.1611,3.2106,1702.7619
2016-08-07,机械,CI005010.WI,93.0752,3.2131,1155.4777
2016-08-14,机械,CI005010.WI,94.1838,3.2409,1186.4727
2016-08-21,机械,CI005010.WI,97.1117,3.3592,1742.8957
2016-08-28,机械,CI005010.WI,99.3549,3.2781,1385.9431
2016-09-04,机械,CI005010.WI,115.6226,3.2883,1200.0395
2016-09-11,机械,CI005010.WI,117.75,3.3449,1482.0275
2016-09-18,机械,CI005010.WI,114.7192,3.257,781.3984
2016-09-25,机械,CI005010.WI,116.6771,3.3112,1288.4779
2016-10-02,机械,CI005010.WI,115.4876,3.2732,1148.2893
2016-10-16,机械,CI005010.WI,120.3016,3.4035,1575.3627
2016-10-23,机械,CI005010.WI,117.8809,3.4395,1909.4237
2016-10-30,机械,CI005010.WI,133.2334,3.3917,1807.8522
2016-11-06,机械,CI005010.WI,134.1607,3.4327,1827.0231
2016-11-13,机械,CI005010.WI,137.4792,3.5037,2165.7881
2016-11-20,机械,CI005010.WI,139.7091,3.5359,2354.1862
2016-11-27,机械,CI005010.WI,140.5444,3.5532,2379.2867
2016-12-04,机械,CI005010.WI,138.6136,3.5044,2120.6864
2016-12-11,机械,CI005010.WI,137.7782,3.4578,1562.0404
2016-12-18,机械,CI005010.WI,132.6061,3.328,1674.6084
2016-12-25,机械,CI005010.WI,131.8058,3.3013,1549.5259
2017-01-01,机械,CI005010.WI,132.2968,3.3084,1289.8204
2017-01-08,机械,CI005010.WI,136.069,3.3121,1244.6319
2017-01-15,机械,CI005010.WI,131.492,3.2008,1472.2221
2017-01-22,机械,CI005010.WI,137.5086,2.9717,1216.4996
2017-01-29,机械,CI005010.WI,146.4485,3.0898,849.8084
2017-02-05,机械,CI005010.WI,146.1663,3.0839,184.698
2017-02-12,机械,CI005010.WI,139.9814,3.2336,1656.0103
2017-02-19,机械,CI005010.WI,138.4152,3.1974,1750.3116
2017-02-26,机械,CI005010.WI,115.3869,3.3285,1892.341
2017-03-05,机械,CI005010.WI,93.63,3.3585,1694.5868
2017-03-12,机械,CI005010.WI,94.9261,3.3986,1904.3285
2017-03-19,机械,CI005010.WI,95.1935,3.4315,1961.0318
2017-03-26,机械,CI005010.WI,100.2952,3.4924,2340.9933
2017-04-02,机械,CI005010.WI,97.7235,3.3465,2331.2897
2017-04-09,机械,CI005010.WI,98.4435,3.453,1391.4787
2017-04-16,机械,CI005010.WI,98.009,3.3763,2062.3558
2017-04-23,机械,CI005010.WI,102.1133,3.2195,1671.9823
2017-04-30,机械,CI005010.WI,106.5552,3.1599,1540.9822
2017-05-07,机械,CI005010.WI,104.5364,3.1221,1378.4529
2017-05-14,机械,CI005010.WI,101.3443,3.0282,1506.5159
2017-05-21,机械,CI005010.WI,103.2637,3.0865,1596.9474
2017-05-28,机械,CI005010.WI,98.7532,2.9684,1462.6727
2017-06-04,机械,CI005010.WI,97.0061,2.9167,832.5702
2017-06-11,机械,CI005010.WI,99.9732,3.0133,1411.7593
2017-06-18,机械,CI005010.WI,99.3983,3.0521,1399.4758
2017-06-25,机械,CI005010.WI,98.8584,3.0371,1450.4829
2017-07-02,机械,CI005010.WI,100.1131,3.0805,1225.5173
2017-07-09,机械,CI005010.WI,102.0187,3.1383,1297.4172
2017-07-16,机械,CI005010.WI,98.8519,3.0848,1390.5825
2017-07-23,机械,CI005010.WI,95.9745,3.0056,1279.4633
2017-07-30,机械,CI005010.WI,96.8812,3.0308,1254.0555
2017-08-06,机械,CI005010.WI,94.2004,3.0305,1351.1945
2017-08-13,机械,CI005010.WI,92.5062,2.9967,1268.8274
2017-08-20,机械,CI005010.WI,95.1745,3.0894,1426.5
2017-08-27,机械,CI005010.WI,91.9752,3.0595,1278.8108
2017-09-03,机械,CI005010.WI,78.5531,3.0762,1584.7081
2017-09-10,机械,CI005010.WI,79.0343,3.0924,1642.2887
2017-09-17,机械,CI005010.WI,79.4173,3.107,1640.9169
2017-09-24,机械,CI005010.WI,79.162,3.0832,1441.2276
2017-10-01,机械,CI005010.WI,78.8417,3.0799,1147.8495
2017-10-15,机械,CI005010.WI,77.5702,3.1365,1295.1346
2017-10-22,机械,CI005010.WI,74.9372,3.0827,1191.0788
2017-10-29,机械,CI005010.WI,68.3942,3.0756,1264.79
2017-11-05,机械,CI005010.WI,63.2894,2.9927,1512.3941
2017-11-12,机械,CI005010.WI,64.7244,3.0593,1482.2506
2017-11-19,机械,CI005010.WI,61.0326,2.9056,1554.0236
2017-11-26,机械,CI005010.WI,60.5918,2.8819,1327.2327
2017-12-03,机械,CI005010.WI,61.1258,2.9046,1082.2998
2017-12-10,机械,CI005010.WI,59.4402,2.8218,1094.1645
2017-12-17,机械,CI005010.WI,59.7329,2.8354,1009.5324
2017-12-24,机械,CI005010.WI,59.6142,2.8257,918.6687
2017-12-31,机械,CI005010.WI,60.4183,2.8551,1154.9997
2018-01-07,机械,CI005010.WI,61.81,2.9948,1062.7834
2018-01-14,机械,CI005010.WI,60.6854,2.8656,1211.4247
2018-01-21,机械,CI005010.WI,59.7601,2.8215,1195.725
2018-01-28,机械,CI005010.WI,60.7357,2.9362,1145.1412
2018-02-04,机械,CI005010.WI,54.2192,2.7109,1136.9648
2018-02-11,机械,CI005010.WI,50.1539,2.4541,987.7512
2018-02-18,机械,CI005010.WI,51.3243,2.5175,430.697
2018-02-25,机械,CI005010.WI,52.12,2.5611,274.9213
2018-03-04,机械,CI005010.WI,50.2807,2.6024,1035.9583
2018-03-11,机械,CI005010.WI,52.0601,2.6944,1095.6011
2018-03-18,机械,CI005010.WI,51.3746,2.6551,1242.7042
2018-03-25,机械,CI005010.WI,48.8486,2.5138,1193.4705
2018-04-01,机械,CI005010.WI,48.4045,2.6169,1281.4471
2018-04-08,机械,CI005010.WI,47.8371,2.5862,909.9853
2018-04-15,机械,CI005010.WI,47.7517,2.5831,1272.8947
2018-04-22,机械,CI005010.WI,49.1339,2.4957,1174.0394
2018-04-29,机械,CI005010.WI,41.9444,2.4719,1061.6077
2018-05-06,机械,CI005010.WI,43.2621,2.4905,588.7438
2018-05-13,机械,CI005010.WI,44.0391,2.5345,1271.8278
2018-05-20,机械,CI005010.WI,43.9262,2.5305,1186.7418
2018-05-27,机械,CI005010.WI,43.4941,2.5076,1326.2868
2018-06-03,机械,CI005010.WI,41.5057,2.381,1067.4182
2018-06-10,机械,CI005010.WI,41.2805,2.369,972.4229
2018-06-17,机械,CI005010.WI,39.6975,2.2744,912.5976
2018-06-24,机械,CI005010.WI,36.7879,2.111,737.6849
2018-07-01,机械,CI005010.WI,37.5833,2.1565,864.9625
2018-07-08,机械,CI005010.WI,35.8207,2.0565,943.3519
2018-07-15,机械,CI005010.WI,36.7652,2.1261,934.9194
2018-07-22,机械,CI005010.WI,36.8871,2.1606,1000.7054
2018-07-29,机械,CI005010.WI,37.8057,2.2127,1163.7826
2018-08-05,机械,CI005010.WI,35.5727,2.0839,931.0355
2018-08-12,机械,CI005010.WI,36.3433,2.1372,953.859
2018-08-19,机械,CI005010.WI,34.3727,2.0269,768.0592
2018-08-26,机械,CI005010.WI,33.5828,2.0386,681.2475
2018-09-02,机械,CI005010.WI,35.5292,2.0203,732.8842
2018-09-09,机械,CI005010.WI,35.3595,2.0164,721.9354
2018-09-16,机械,CI005010.WI,34.8267,1.9862,769.9657
2018-09-23,机械,CI005010.WI,35.8325,2.0434,802.2884
2018-09-30,机械,CI005010.WI,35.6058,2.0322,623.8654
2018-10-14,机械,CI005010.WI,32.0989,1.8326,779.7045
2018-10-21,机械,CI005010.WI,30.8005,1.7666,719.7427
2018-10-28,机械,CI005010.WI,31.3669,1.7895,751.0132
2018-11-04,机械,CI005010.WI,33.3258,1.8611,779.5234
2018-11-11,机械,CI005010.WI,33.1178,1.8495,905.7532
2018-11-18,机械,CI005010.WI,35.0731,1.9587,1163.2426
2018-11-25,机械,CI005010.WI,33.4849,1.87,1128.5185
2018-12-02,机械,CI005010.WI,33.6183,1.8777,851.5513
2018-12-09,机械,CI005010.WI,34.3948,1.9264,918.6367
2018-12-16,机械,CI005010.WI,34.1784,1.9143,787.8199
2018-12-23,机械,CI005010.WI,33.2014,1.8599,647.5034
2018-12-30,机械,CI005010.WI,32.5987,1.8253,681.0648
2019-01-06,机械,CI005010.WI,33.0443,1.8502,403.1493
2019-01-13,机械,CI005010.WI,34.0501,1.9068,962.1517
2019-01-20,机械,CI005010.WI,34.1854,1.9249,982.2189
2019-01-27,机械,CI005010.WI,34.0537,1.9182,904.5336
2019-02-03,机械,CI005010.WI,33.4499,1.8756,900.1786
2019-02-17,机械,CI005010.WI,35.2954,1.9788,1135.2188
2019-02-24,机械,CI005010.WI,46.1615,2.1017,1669.1656
2019-03-03,机械,CI005010.WI,62.3179,2.2509,2232.2871
2019-03-10,机械,CI005010.WI,63.4421,2.2899,2927.2693
2019-03-17,机械,CI005010.WI,66.2594,2.3859,2572.1932
2019-03-24,机械,CI005010.WI,63.7333,2.4641,2380.7388
2019-03-31,机械,CI005010.WI,65.4839,2.4169,2094.8913
2019-04-07,机械,CI005010.WI,67.3174,2.5434,2130.8937
2019-04-14,机械,CI005010.WI,71.2515,2.4993,2448.1068
2019-04-21,机械,CI005010.WI,73.3908,2.5487,2339.2162
2019-04-28,机械,CI005010.WI,79.5735,2.3423,2059.2448
2019-05-05,机械,CI005010.WI,82.6003,2.2847,576.8624
2019-05-12,机械,CI005010.WI,79.432,2.1946,1381.2349
2019-05-19,机械,CI005010.WI,70.5101,2.1251,1357.1193
2019-05-26,机械,CI005010.WI,69.3477,2.0925,1158.3041
2019-06-02,机械,CI005010.WI,70.672,2.1382,1177.4555
2019-06-09,机械,CI005010.WI,67.2568,2.0388,816.0578
2019-06-16,机械,CI005010.WI,69.8303,2.1194,1157.7486
2019-06-23,机械,CI005010.WI,72.9709,2.2324,1294.3526
2019-06-30,机械,CI005010.WI,71.9123,2.1871,1360.1594
2019-07-07,机械,CI005010.WI,73.067,2.2266,1439.8635
2019-07-14,机械,CI005010.WI,70.6045,2.1509,1064.0091
2019-07-21,机械,CI005010.WI,70.6836,2.1728,1120.2264
2019-07-28,机械,CI005010.WI,62.7362,2.2729,968.3976
2019-08-04,机械,CI005010.WI,74.9998,2.1385,1074.0519
2019-08-11,机械,CI005010.WI,71.65,2.0337,970.569
2019-08-18,机械,CI005010.WI,64.6362,2.0718,902.6166
2019-08-25,机械,CI005010.WI,66.5366,2.146,1270.021
2019-09-01,机械,CI005010.WI,63.3471,2.133,1253.3359
2019-09-08,机械,CI005010.WI,66.6182,2.2433,1605.0173
2019-09-15,机械,CI005010.WI,68.3345,2.3011,1361.2257
2019-09-22,机械,CI005010.WI,68.3464,2.3007,1525.0941
2019-09-29,机械,CI005010.WI,65.8177,2.2156,1421.2791
2019-10-06,机械,CI005010.WI,65.1636,2.1941,196.3363
2019-10-13,机械,CI005010.WI,62.5353,2.3074,851.8501
2019-10-20,机械,CI005010.WI,61.3701,2.2507,1135.2709
2019-10-27,机械,CI005010.WI,61.5018,2.2379,862.3795
2019-11-03,机械,CI005010.WI,57.1189,2.1465,984.3684
2019-11-10,机械,CI005010.WI,56.7599,2.1369,846.7842
2019-11-17,机械,CI005010.WI,55.039,2.0721,851.8137
2019-11-24,机械,CI005010.WI,55.6187,2.0905,935.4901
2019-12-01,机械,CI005010.WI,46.7081,1.9495,827.036
2019-12-08,机械,CI005010.WI,45.2909,2.1264,800.3953
2019-12-15,机械,CI005010.WI,46.4382,2.1807,1171.9997
2019-12-22,机械,CI005010.WI,47.5835,2.2345,1459.019
2019-12-29,机械,CI005010.WI,48.1543,2.2598,1332.6453
2020-01-05,机械,CI005010.WI,49.5325,2.324,488.5139
2020-01-12,机械,CI005010.WI,50.1842,2.3545,1725.9519
2020-01-19,机械,CI005010.WI,50.1653,2.3537,1518.6413
2020-01-26,机械,CI005010.WI,48.2784,2.2683,1310.4097
2020-02-09,机械,CI005010.WI,45.7845,2.1555,1568.6142
2020-02-16,机械,CI005010.WI,47.3434,2.2376,1747.3014
2020-02-23,机械,CI005010.WI,50.5619,2.3917,2267.436
2020-03-01,机械,CI005010.WI,45.2008,2.2748,2758.1419
2020-03-08,机械,CI005010.WI,43.7894,2.462,2516.5416
2020-03-15,机械,CI005010.WI,42.1947,2.2998,2337.5759
2020-03-22,机械,CI005010.WI,40.9624,2.2009,1843.7819
2020-03-29,机械,CI005010.WI,40.4877,2.1977,1534.8373
2020-04-05,机械,CI005010.WI,38.3196,2.1628,1227.3316
2020-04-12,机械,CI005010.WI,39.2574,2.2037,1141.2164
2020-04-19,机械,CI005010.WI,42.2849,2.2358,1304.1894
2020-04-26,机械,CI005010.WI,41.9901,2.221,1454.8058
2020-05-03,机械,CI005010.WI,46.4619,2.2531,1092.8285
2020-05-10,机械,CI005010.WI,47.7159,2.2899,883.436
2020-05-17,机械,CI005010.WI,47.6247,2.2844,1501.1739
2020-05-24,机械,CI005010.WI,46.3354,2.2239,1585.502
2020-05-31,机械,CI005010.WI,46.8698,2.2523,1341.745
2020-06-07,机械,CI005010.WI,49.4942,2.345,1624.8077
2020-06-14,机械,CI005010.WI,51.5022,2.3345,1371.9434
2020-06-21,机械,CI005010.WI,52.46,2.381,1392.3782
2020-06-28,机械,CI005010.WI,52.7256,2.3846,877.4673
2020-07-05,机械,CI005010.WI,54.7841,2.4834,1656.0797
2020-07-12,机械,CI005010.WI,59.2579,2.6953,3110.754
2020-07-19,机械,CI005010.WI,57.1257,2.6019,2906.1305
2020-07-26,机械,CI005010.WI,53.9777,2.6347,2583.2992
2020-08-02,机械,CI005010.WI,54.9909,2.7201,2082.8098
2020-08-09,机械,CI005010.WI,57.7282,2.8372,2686.6037
2020-08-16,机械,CI005010.WI,56.9791,2.8237,2519.6105
2020-08-23,机械,CI005010.WI,54.5601,2.807,2237.6856
2020-08-30,机械,CI005010.WI,49.1145,2.8316,2280.1056
2020-09-06,机械,CI005010.WI,49.1771,2.8484,2600.6123
2020-09-13,机械,CI005010.WI,46.9198,2.7118,2792.0453
2020-09-20,机械,CI005010.WI,48.3789,2.8251,2236.1406
2020-09-27,机械,CI005010.WI,46.3609,2.7073,1793.5962
2020-10-04,机械,CI005010.WI,46.4437,2.7129,855.9658
2020-10-11,机械,CI005010.WI,48.1644,2.802,371.0421
2020-10-18,机械,CI005010.WI,49.4917,2.8785,2266.8919
2020-10-25,机械,CI005010.WI,46.9178,2.7575,1984.8915
2020-11-01,机械,CI005010.WI,42.1296,2.7073,2100.8494
2020-11-08,机械,CI005010.WI,44.002,2.8238,2385.5546
2020-11-15,机械,CI005010.WI,44.1884,2.8359,2157.9831
2020-11-22,机械,CI005010.WI,44.6377,2.8644,1916.4197
2020-11-29,机械,CI005010.WI,44.352,2.8442,1885.1317
2020-12-06,机械,CI005010.WI,45.4879,2.9398,1957.7006
2020-12-13,机械,CI005010.WI,44.3182,2.8641,1785.273
2020-12-20,机械,CI005010.WI,44.809,2.8933,1699.3908
2020-12-27,机械,CI005010.WI,45.6302,2.9464,1974.597
2021-01-03,机械,CI005010.WI,46.1671,2.9788,1610.4867
2021-01-10,机械,CI005010.WI,46.991,3.0323,2742.4061
2021-01-17,机械,CI005010.WI,47.8739,3.0855,2976.0603
2021-01-24,机械,CI005010.WI,49.1015,3.165,2518.0266
2021-01-31,机械,CI005010.WI,46.5854,3.0008,2323.1728
2021-02-07,机械,CI005010.WI,46.6543,2.9911,2150.3955
2021-02-14,机械,CI005010.WI,49.1953,3.1456,1237.2256
2021-02-21,机械,CI005010.WI,49.5514,3.1602,959.8233
2021-02-28,机械,CI005010.WI,45.7248,3.0013,2454.6377
2021-03-07,机械,CI005010.WI,45.9945,3.0341,2411.4308
2021-03-14,机械,CI005010.WI,43.9809,2.8997,2178.8112
2021-03-21,机械,CI005010.WI,44.17,2.8936,1859.8527
2021-03-28,机械,CI005010.WI,43.9548,2.9137,1883.9004
2021-04-04,机械,CI005010.WI,39.5017,2.8707,1751.5942
2021-04-11,机械,CI005010.WI,38.7719,2.858,1403.4619
2021-04-18,机械,CI005010.WI,36.3751,2.834,1582.1926
2021-04-25,机械,CI005010.WI,36.6086,2.9112,1871.9451
2021-05-02,机械,CI005010.WI,32.0224,2.8449,1824.5162
2021-05-09,机械,CI005010.WI,31.6839,2.8122,742.7832
2021-05-16,机械,CI005010.WI,31.6548,2.8063,1815.8821
2021-05-23,机械,CI005010.WI,31.5593,2.8046,1775.6501
2021-05-30,机械,CI005010.WI,32.5312,2.894,2013.7733
2021-06-06,机械,CI005010.WI,32.7119,2.9235,2206.2264
2021-06-13,机械,CI005010.WI,33.0236,2.9583,2163.3693
2021-06-20,机械,CI005010.WI,33.0012,2.9741,1696.0042
2021-06-27,机械,CI005010.WI,33.9665,3.0651,2563.2079
2021-07-04,机械,CI005010.WI,33.4535,3.0314,2470.816
2021-07-11,机械,CI005010.WI,34.1774,3.0906,2753.1415
2021-07-18,机械,CI005010.WI,34.0999,3.0826,2900.7412
2021-07-25,机械,CI005010.WI,35.3174,3.1909,3144.3151
2021-08-01,机械,CI005010.WI,34.4875,3.1464,3384.224
2021-08-08,机械,CI005010.WI,36.7552,3.3779,4341.7188
2021-08-15,机械,CI005010.WI,37.2105,3.4388,4300.9949
2021-08-22,机械,CI005010.WI,36.1981,3.3414,3841.3304
2021-08-29,机械,CI005010.WI,36.9148,3.4774,5106.649
2021-09-05,机械,CI005010.WI,37.1971,3.3861,5259.6374
2021-09-12,机械,CI005010.WI,37.4984,3.4048,4330.5381
2021-09-19,机械,CI005010.WI,36.3022,3.2963,4184.4343
2021-09-26,机械,CI005010.WI,36.1433,3.2824,2118.0263
2021-10-03,机械,CI005010.WI,34.8849,3.1686,2345.9242
2021-10-10,机械,CI005010.WI,34.8112,3.1794,545.1601
2021-10-17,机械,CI005010.WI,35.0308,3.198,2563.0312
2021-10-24,机械,CI005010.WI,34.8617,3.1912,2933.1116
2021-10-31,机械,CI005010.WI,34.6526,3.116,3050.8747
2021-11-07,机械,CI005010.WI,35.8126,3.2314,3510.242
2021-11-14,机械,CI005010.WI,36.7426,3.3151,3481.5958
2021-11-21,机械,CI005010.WI,37.005,3.3374,3722.4197
2021-11-28,机械,CI005010.WI,37.2609,3.35,3797.8886
2021-12-05,机械,CI005010.WI,37.1057,3.3059,3802.4145
2021-12-12,机械,CI005010.WI,37.1142,3.3035,3486.2292
2021-12-19,机械,CI005010.WI,36.8481,3.2789,3388.6606
2021-12-26,机械,CI005010.WI,35.6905,3.1693,2929.4378
2022-01-02,机械,CI005010.WI,36.7019,3.2554,2823.0702
2022-01-09,机械,CI005010.WI,36.0756,3.1895,2738.8192
2022-01-16,机械,CI005010.WI,35.4771,3.1316,2878.3381
2022-01-23,机械,CI005010.WI,34.4125,3.0352,2640.1382
2022-01-30,机械,CI005010.WI,32.8201,2.8907,2004.6594
2022-02-13,机械,CI005010.WI,32.1922,2.8315,2117.396
2022-02-20,机械,CI005010.WI,32.7478,2.8872,2091.2353
2022-02-27,机械,CI005010.WI,32.7295,2.9082,2842.3584
2022-03-06,机械,CI005010.WI,31.9487,2.8154,2716.9237
2022-03-13,机械,CI005010.WI,30.275,2.6729,2777.2113
2022-03-20,机械,CI005010.WI,29.8221,2.624,2598.7858
2022-03-27,机械,CI005010.WI,29.4015,2.5831,2301.2715
2022-04-03,机械,CI005010.WI,31.3471,2.5435,1856.561
2022-04-10,机械,CI005010.WI,30.6597,2.4846,1209.0163
2022-04-17,机械,CI005010.WI,29.8467,2.3682,1852.1307
2022-04-24,机械,CI005010.WI,28.5908,2.2474,1641.058
2022-05-01,机械,CI005010.WI,29.7254,2.174,1851.3302
2022-05-08,机械,CI005010.WI,29.8796,2.1854,666.4431
2022-05-15,机械,CI005010.WI,31.3174,2.2914,1738.015
2022-05-22,机械,CI005010.WI,32.4142,2.3731,1780.7602
2022-05-29,机械,CI005010.WI,32.1819,2.3606,2033.1362
2022-06-05,机械,CI005010.WI,34.3867,2.5254,1832.859
2022-06-12,机械,CI005010.WI,34.6617,2.5584,2552.9676
2022-06-19,机械,CI005010.WI,35.423,2.6229,2680.1628
2022-06-26,机械,CI005010.WI,36.6683,2.7185,3240.5331
2022-07-03,机械,CI005010.WI,36.9965,2.7454,3803.8712
2022-07-10,机械,CI005010.WI,37.0435,2.7577,3568.0375
2022-07-17,机械,CI005010.WI,36.8427,2.7403,3466.3225
2022-07-24,机械,CI005010.WI,38.1588,2.8447,4143.0216
2022-07-31,机械,CI005010.WI,38.9397,2.9001,4286.8873
2022-08-07,机械,CI005010.WI,38.3337,2.853,4815.7054
2022-08-14,机械,CI005010.WI,39.8053,2.9477,4423.1011
2022-08-21,机械,CI005010.WI,40.9556,2.9998,4940.8394
2022-08-28,机械,CI005010.WI,38.3401,2.8128,4127.0188
2022-09-04,机械,CI005010.WI,40.5257,2.613,3142.1324
2022-09-11,机械,CI005010.WI,41.6507,2.6855,3015.8127
2022-09-18,机械,CI005010.WI,39.1358,2.5233,2171.0199
2022-09-25,机械,CI005010.WI,38.6647,2.493,2385.9212
2022-10-02,机械,CI005010.WI,36.9516,2.3852,2297.6554
2022-10-16,机械,CI005010.WI,38.3681,2.5181,2424.1223
2022-10-23,机械,CI005010.WI,38.7555,2.5605,2937.7033
2022-10-30,机械,CI005010.WI,38.7599,2.5117,3565.9838
2022-11-06,机械,CI005010.WI,41.3272,2.6842,3364.2605
2022-11-13,机械,CI005010.WI,40.3973,2.6212,3102.9481
2022-11-20,机械,CI005010.WI,40.1858,2.6052,2967.6196
2022-11-27,机械,CI005010.WI,39.6689,2.5682,2746.5058
2022-12-04,机械,CI005010.WI,40.0457,2.5912,2608.2075
2022-12-11,机械,CI005010.WI,39.8542,2.5788,2720.6139
2022-12-18,机械,CI005010.WI,38.6398,2.4986,2195.5052
2022-12-25,机械,CI005010.WI,36.6402,2.3666,1775.1781
2023-01-01,机械,CI005010.WI,37.6402,2.4309,1659.7385
2023-01-08,机械,CI005010.WI,37.7685,2.5105,1880.4233
2023-01-15,机械,CI005010.WI,37.7688,2.5077,2277.5558
2023-01-22,机械,CI005010.WI,39.078,2.5952,2169.0078
2023-02-05,机械,CI005010.WI,40.2913,2.675,3363.8499
2023-02-12,机械,CI005010.WI,40.7064,2.6995,3210.349
2023-02-19,机械,CI005010.WI,39.8992,2.6474,3540.384
2023-02-26,机械,CI005010.WI,40.7503,2.7033,2739.1933
2023-03-05,机械,CI005010.WI,40.7925,2.706,2731.915
2023-03-12,机械,CI005010.WI,39.2904,2.6345,2641.4186
2023-03-19,机械,CI005010.WI,38.0649,2.5743,2543.3046
2023-03-26,机械,CI005010.WI,38.1585,2.5863,2673.6173
2023-04-02,机械,CI005010.WI,36.3334,2.5722,2636.862
2023-04-09,机械,CI005010.WI,36.703,2.6109,2416.213
2023-04-16,机械,CI005010.WI,36.2476,2.6058,2909.2436
2023-04-23,机械,CI005010.WI,34.8819,2.5304,2973.3532
2023-04-30,机械,CI005010.WI,35.8249,2.4734,3238.291
2023-05-07,机械,CI005010.WI,35.2915,2.4357,1322.4844
2023-05-14,机械,CI005010.WI,34.5338,2.3862,2835.9949
2023-05-21,机械,CI005010.WI,35.9023,2.4838,3005.9595
2023-05-28,机械,CI005010.WI,35.9395,2.4896,3274.5876
2023-06-04,机械,CI005010.WI,35.6723,2.4804,3185.598
2023-06-11,机械,CI005010.WI,34.6502,2.4148,2735.8208
2023-06-18,机械,CI005010.WI,36.5372,2.5553,3479.9091
2023-06-25,机械,CI005010.WI,36.6979,2.57,2760.0772
2023-07-02,机械,CI005010.WI,38.7747,2.6668,4570.8617
2023-07-09,机械,CI005010.WI,38.1376,2.6226,4127.4763
2023-07-16,机械,CI005010.WI,38.3171,2.6385,3438.0875
2023-07-23,机械,CI005010.WI,37.1793,2.5696,3161.1954
2023-07-30,机械,CI005010.WI,37.2082,2.5722,2650.5114
2023-08-06,机械,CI005010.WI,37.5055,2.5992,2705.4294
2023-08-13,机械,CI005010.WI,35.8224,2.4974,2139.1452
2023-08-20,机械,CI005010.WI,35.3582,2.4607,2278.577
2023-08-27,机械,CI005010.WI,33.6397,2.3224,2434.1518
2023-09-03,机械,CI005010.WI,34.5692,2.4148,3379.3018
2023-09-10,机械,CI005010.WI,34.4358,2.4051,2979.5928
2023-09-17,机械,CI005010.WI,33.6785,2.3524,2516.0077
2023-09-24,机械,CI005010.WI,33.7779,2.3585,2305.9897
2023-10-01,机械,CI005010.WI,34.1617,2.3886,2489.3443
2023-10-15,机械,CI005010.WI,33.2519,2.3257,3092.0104
2023-10-22,机械,CI005010.WI,31.5333,2.2155,2613.402
2023-10-29,机械,CI005010.WI,32.2603,2.2428,2831.3677
2023-11-05,机械,CI005010.WI,32.3304,2.2462,3146.8218
2023-11-12,机械,CI005010.WI,32.614,2.2834,3684.8201
2023-11-19,机械,CI005010.WI,33.2162,2.3254,3418.0726
2023-11-26,机械,CI005010.WI,32.5551,2.279,3531.2664
2023-12-03,机械,CI005010.WI,32.7596,2.2822,3116.3738
2023-12-10,机械,CI005010.WI,31.7182,2.2098,2781.625
2023-12-17,机械,CI005010.WI,31.7179,2.2096,2798.4192
2023-12-24,机械,CI005010.WI,31.5168,2.1955,2762.0173
2023-12-31,机械,CI005010.WI,32.6586,2.2679,2928.6821
2024-01-14,机械,CI005010.WI,31.414,2.1836,2914.0997
2024-01-21,机械,CI005010.WI,29.7301,2.0666,2555.6353
2024-01-28,机械,CI005010.WI,29.4834,2.0463,2648.8857
2024-02-04,机械,CI005010.WI,25.8787,1.8013,2467.7221
2024-02-11,机械,CI005010.WI,27.1013,1.8865,2641.2626
2024-02-25,机械,CI005010.WI,29.1138,2.0205,3117.6595
2024-03-03,机械,CI005010.WI,30.8339,2.1256,4929.102
2024-03-10,机械,CI005010.WI,31.3893,2.1639,4659.222
2024-03-17,机械,CI005010.WI,31.7049,2.1916,4516.4541
2024-03-24,机械,CI005010.WI,31.5564,2.1826,4536.7306
2024-03-31,机械,CI005010.WI,31.5021,2.1588,3877.0183
2024-04-07,机械,CI005010.WI,31.7602,2.18,2406.2662
2024-04-14,机械,CI005010.WI,30.9255,2.1396,3424.1779
2024-04-21,机械,CI005010.WI,30.9708,2.1294,3984.6237
2024-04-28,机械,CI005010.WI,30.0845,2.1158,3538.9759
2024-05-05,机械,CI005010.WI,30.7582,2.1317,1746.2578
2024-05-12,机械,CI005010.WI,31.5339,2.1862,3662.5184
2024-05-19,机械,CI005010.WI,31.1121,2.1617,3070.9122
2024-05-26,机械,CI005010.WI,30.1933,2.1028,3094.1785
2024-06-02,机械,CI005010.WI,30.2373,2.109,2671.4305
2024-06-09,机械,CI005010.WI,29.0653,2.0412,2943.9574
2024-06-16,机械,CI005010.WI,29.2191,2.056,2179.9693
2024-06-23,机械,CI005010.WI,28.8288,2.035,2686.9015
2024-06-30,机械,CI005010.WI,28.3536,2.0058,2580.6818
2024-07-07,机械,CI005010.WI,27.4094,1.9426,2301.6603
2024-07-14,机械,CI005010.WI,27.822,1.9745,2396.5306
2024-07-21,机械,CI005010.WI,27.5333,1.9549,2151.2113
2024-07-28,机械,CI005010.WI,27.0684,1.9273,2434.0418
2024-08-04,机械,CI005010.WI,28.542,1.9399,3092.0316
2024-08-11,机械,CI005010.WI,27.6577,1.886,2506.2199
2024-08-18,机械,CI005010.WI,27.5201,1.8856,2105.3356
2024-08-25,机械,CI005010.WI,27.0121,1.8234,2217.5983
2024-09-01,机械,CI005010.WI,27.6815,1.8341,2371.7208
2024-09-08,机械,CI005010.WI,26.8758,1.778,2221.9526
2024-09-15,机械,CI005010.WI,26.4427,1.7494,1832.804
2024-09-22,机械,CI005010.WI,26.5505,1.7566,1295.5353
2024-09-29,机械,CI005010.WI,30.0452,1.9887,3453.867
2024-10-06,机械,CI005010.WI,33.2932,2.2038,1812.4432
2024-10-13,机械,CI005010.WI,31.6523,2.098,6814.1591
2024-10-20,机械,CI005010.WI,32.7381,2.1714,5179.8189
2024-10-27,机械,CI005010.WI,34.1441,2.2471,6840.12
2024-11-03,机械,CI005010.WI,34.5035,2.1955,8016.6909
2024-11-10,机械,CI005010.WI,36.9897,2.3528,8741.1778
2024-11-17,机械,CI005010.WI,35.5731,2.262,7898.7456
2024-11-24,机械,CI005010.WI,35.1418,2.233,6653.5171
2024-12-01,机械,CI005010.WI,36.0143,2.2883,5941.6938
2024-12-08,机械,CI005010.WI,37.4175,2.3775,8511.4765
2024-12-15,机械,CI005010.WI,37.1629,2.3608,9194.2371
2024-12-22,机械,CI005010.WI,36.385,2.3115,6216.3811
2024-12-29,机械,CI005010.WI,35.9873,2.2849,5819.1479
2025-01-05,机械,CI005010.WI,33.0697,2.0926,4015.5869
2025-01-12,机械,CI005010.WI,33.1766,2.0984,4923.822
2025-01-19,机械,CI005010.WI,35.0007,2.2126,5798.2441
2025-01-26,机械,CI005010.WI,35.6989,2.2566,5939.4515
2025-02-02,机械,CI005010.WI,35.0924,2.2182,1038.817
2025-02-09,机械,CI005010.WI,36.576,2.3253,4387.5673
2025-02-16,机械,CI005010.WI,36.5491,2.323,6994.2611
2025-02-23,机械,CI005010.WI,38.929,2.4737,9137.826
2025-03-02,机械,CI005010.WI,39.2841,2.4229,10617.2282
2025-03-09,机械,CI005010.WI,41.1379,2.5372,8616.0087
2025-03-16,机械,CI005010.WI,41.1507,2.5387,8561.9118
2025-03-23,机械,CI005010.WI,41.077,2.5355,8768.4462
2025-03-30,机械,CI005010.WI,39.3107,2.4411,7700.4753
2025-04-06,机械,CI005010.WI,38.0504,2.3756,4981.8175
2025-04-13,机械,CI005010.WI,35.2625,2.214,6945.6864
2025-04-20,机械,CI005010.WI,35.397,2.1955,4604.256
2025-04-27,机械,CI005010.WI,37.7357,2.2447,5049.7253
2025-05-04,机械,CI005010.WI,37.7483,2.2409,3028.256
2025-05-11,机械,CI005010.WI,39.1279,2.3267,5674.217
2025-05-18,机械,CI005010.WI,39.4756,2.349,6723.4955
2025-05-25,机械,CI005010.WI,38.682,2.3043,5687.0936
2025-06-01,机械,CI005010.WI,38.4187,2.2973,5314.9848
2025-06-08,机械,CI005010.WI,38.78,2.3235,3985.3991
2025-06-15,机械,CI005010.WI,38.4231,2.3092,5353.7429
2025-06-22,机械,CI005010.WI,37.7872,2.275,5303.0144
2025-06-29,机械,CI005010.WI,39.2926,2.371,6057.5263
2025-07-06,机械,CI005010.WI,39.331,2.3841,6121.2537
2025-07-13,机械,CI005010.WI,40.0539,2.4396,5817.8652
2025-07-20,机械,CI005010.WI,41.2057,2.5098,6528.9977
2025-07-27,机械,CI005010.WI,42.3824,2.5858,8283.9154
2025-08-03,机械,CI005010.WI,41.8053,2.5615,7362.7231
2025-08-10,机械,CI005010.WI,44.1048,2.7057,9476.2298
2025-08-17,机械,CI005010.WI,45.2357,2.7888,10160.6748
2025-08-24,机械,CI005010.WI,45.8015,2.8485,11435.894
2025-08-31,机械,CI005010.WI,44.8472,2.8359,11912.5092
2025-09-07,机械,CI005010.WI,44.6547,2.8829,11131.6789
2025-09-14,机械,CI005010.WI,46.4996,2.9992,10414.3829
2025-09-21,机械,CI005010.WI,47.0402,2.877,12078.8769
2025-09-28,机械,CI005010.WI,46.935,2.8718,10271.3416
2025-10-05,机械,CI005010.WI,47.5971,2.9129,3392.6916
2025-10-12,机械,CI005010.WI,47.4355,2.9041,3943.7887
2025-10-19,机械,CI005010.WI,44.9033,2.7552,8681.5446
2025-10-26,机械,CI005010.WI,46.6211,2.8762,7414.6051
2025-11-02,机械,CI005010.WI,45.7131,2.8645,9418.5528
2025-11-09,机械,CI005010.WI,45.6283,2.8579,7890.1244
2025-11-16,机械,CI005010.WI,44.8988,2.8128,7343.8952
2025-11-23,机械,CI005010.WI,42.5012,2.6661,6653.6963
2025-11-30,机械,CI005010.WI,44.0693,2.7631,6251.2676
2025-12-07,机械,CI005010.WI,45.1269,2.8445,6573.697
2025-12-14,机械,CI005010.WI,45.7142,2.8824,8002.1516
2025-12-21,机械,CI005010.WI,44.9229,2.8324,6846.8087
2025-12-28,机械,CI005010.WI,47.0495,2.9661,8521.9077
2026-01-04,机械,CI005010.WI,47.4822,2.9934,6048.2854
2026-01-11,机械,CI005010.WI,50.1296,3.1642,12341.9947
2026-01-18,机械,CI005010.WI,50.7587,3.204,13572.4451
2026-01-25,机械,CI005010.WI,52.81,3.3319,11752.5407
2026-02-01,机械,CI005010.WI,50.6176,3.1935,12243.3764
2026-02-08,机械,CI005010.WI,51.0816,3.2243,10237.8935
2026-02-15,机械,CI005010.WI,52.3673,3.2959,9469.834
2026-03-01,机械,CI005010.WI,54.6016,3.4215,8637.6534
2026-03-08,机械,CI005010.WI,52.6011,3.307,10936.4256
2026-03-15,机械,CI005010.WI,50.9659,3.2272,9938.4286
2026-03-22,机械,CI005010.WI,48.0217,3.0341,8431.1027
2026-03-29,机械,CI005010.WI,49.0283,2.9926,7897.6362
2026-04-05,机械,CI005010.WI,47.3772,2.933,7732.3387
2026-04-12,机械,CI005010.WI,50.16,3.1127,6878.1278
2026-04-19,机械,CI005010.WI,51.6385,3.2147,9514.2397
2026-04-26,机械,CI005010.WI,51.0091,3.192,10947.3714
2026-05-03,机械,CI005010.WI,51.6346,3.217,8353.3316
2026-05-10,机械,CI005010.WI,54.1171,3.3716,7828.0735
2026-05-17,机械,CI005010.WI,54.6505,3.408,14370.9282
2026-05-24,机械,CI005010.WI,54.8663,3.4238,14195.6883
2026-05-31,机械,CI005010.WI,51.7515,3.2335,13798.5821
2026-06-07,机械,CI005010.WI,52.2437,3.2713,11985.9153
2026-06-14,机械,CI005010.WI,50.6732,3.1791,12696.104
2026-06-21,机械,CI005010.WI,54.5493,3.431,10827.1213
2026-06-28,机械,CI005010.WI,52.5415,3.3081,14818.2283
2026-07-05,机械,CI005010.WI,54.1297,3.4146,14952.5266
2026-07-12,机械,CI005010.WI,51.0439,3.2177,12882.9359
2026-07-19,机械,CI005010.WI,44.2843,2.7955,9774.7704
2026-07-26,机械,CI005010.WI,43.1997,2.7461,8742.4323
2026-08-02,机械,CI005010.WI,42.3172,2.7493,7846.1701
2026-08-09,机械,CI005010.WI,47.6309,3.104,8938.201
2016-01-10,汽车,CI005013.WI,23.2931,2.7101,1118.2779
2016-01-17,汽车,CI005013.WI,21.1496,2.46,991.9717
2016-01-24,汽车,CI005013.WI,21.4087,2.4614,969.7046
2016-01-31,汽车,CI005013.WI,20.2576,2.2893,831.2154
2016-02-07,汽车,CI005013.WI,20.8215,2.3529,724.4291
2016-02-21,汽车,CI005013.WI,21.9429,2.4778,862.4634
2016-02-28,汽车,CI005013.WI,20.7821,2.3529,1097.0674
2016-03-06,汽车,CI005013.WI,20.6279,2.3415,929.6675
2016-03-13,汽车,CI005013.WI,20.2621,2.3,657.5216
2016-03-20,汽车,CI005013.WI,21.8948,2.4873,957.8943
2016-03-27,汽车,CI005013.WI,22.4135,2.5536,1648.6642
2016-04-03,汽车,CI005013.WI,22.3422,2.596,1498.1902
2016-04-10,汽车,CI005013.WI,22.4698,2.6105,1478.0778
2016-04-17,汽车,CI005013.WI,23.7243,2.761,1554.9411
2016-04-24,汽车,CI005013.WI,22.2613,2.6013,1474.901
2016-05-01,汽车,CI005013.WI,21.183,2.5248,945.2079
2016-05-08,汽车,CI005013.WI,21.1587,2.5152,1063.5314
2016-05-15,汽车,CI005013.WI,20.245,2.4091,902.5014
2016-05-22,汽车,CI005013.WI,20.4395,2.4207,817.9181
2016-05-29,汽车,CI005013.WI,20.5018,2.4347,991.7235
2016-06-05,汽车,CI005013.WI,21.4323,2.5546,1184.3378
2016-06-12,汽车,CI005013.WI,21.4756,2.5639,825.1079
2016-06-19,汽车,CI005013.WI,21.4026,2.556,1557.7124
2016-06-26,汽车,CI005013.WI,21.0851,2.4985,1385.0061
2016-07-03,汽车,CI005013.WI,22.1152,2.6235,1411.4944
2016-07-10,汽车,CI005013.WI,22.6216,2.6466,1511.138
2016-07-17,汽车,CI005013.WI,23.0097,2.698,1371.9158
2016-07-24,汽车,CI005013.WI,22.8373,2.681,1080.8628
2016-07-31,汽车,CI005013.WI,22.6539,2.6097,1199.3128
2016-08-07,汽车,CI005013.WI,22.5703,2.599,768.207
2016-08-14,汽车,CI005013.WI,22.9188,2.64,856.3772
2016-08-21,汽车,CI005013.WI,23.3512,2.6684,1191.2507
2016-08-28,汽车,CI005013.WI,22.583,2.5833,944.1505
2016-09-04,汽车,CI005013.WI,21.9348,2.5919,824.7971
2016-09-11,汽车,CI005013.WI,22.2672,2.6298,1036.0926
2016-09-18,汽车,CI005013.WI,21.7151,2.5645,516.9061
2016-09-25,汽车,CI005013.WI,22.0127,2.5996,704.9453
2016-10-02,汽车,CI005013.WI,21.9802,2.5968,682.0534
2016-10-16,汽车,CI005013.WI,22.4362,2.6424,853.1648
2016-10-23,汽车,CI005013.WI,22.5435,2.6628,1003.8631
2016-10-30,汽车,CI005013.WI,21.6615,2.5938,1080.0742
2016-11-06,汽车,CI005013.WI,21.6828,2.6141,1076.824
2016-11-13,汽车,CI005013.WI,22.0043,2.6494,1178.897
2016-11-20,汽车,CI005013.WI,22.0686,2.6507,1002.8037
2016-11-27,汽车,CI005013.WI,22.3462,2.684,1101.8858
2016-12-04,汽车,CI005013.WI,22.0259,2.6456,1124.3546
2016-12-11,汽车,CI005013.WI,21.9502,2.6365,834.4877
2016-12-18,汽车,CI005013.WI,21.1662,2.5451,944.4991
2016-12-25,汽车,CI005013.WI,21.1301,2.5333,823.8631
2017-01-01,汽车,CI005013.WI,21.2212,2.5286,680.3903
2017-01-15,汽车,CI005013.WI,21.2045,2.4968,1047.999
2017-01-22,汽车,CI005013.WI,21.3717,2.4792,985.5306
2017-01-29,汽车,CI005013.WI,21.4549,2.4791,664.7051
2017-02-05,汽车,CI005013.WI,21.3443,2.4663,140.0834
2017-02-12,汽车,CI005013.WI,21.6947,2.5349,1127.5954
2017-02-19,汽车,CI005013.WI,21.7651,2.5249,1167.0476
2017-02-26,汽车,CI005013.WI,22.1515,2.5847,1114.8799
2017-03-05,汽车,CI005013.WI,21.8438,2.5853,1030.3095
2017-03-12,汽车,CI005013.WI,21.8926,2.5907,1085.7632
2017-03-19,汽车,CI005013.WI,21.8847,2.5896,1205.5578
2017-03-26,汽车,CI005013.WI,22.1097,2.6118,1100.7088
2017-04-02,汽车,CI005013.WI,21.7645,2.5479,1241.0403
2017-04-09,汽车,CI005013.WI,22.1196,2.5751,811.6437
2017-04-16,汽车,CI005013.WI,21.7916,2.5533,1359.6231
2017-04-23,汽车,CI005013.WI,21.3953,2.4924,992.7014
2017-04-30,汽车,CI005013.WI,20.3468,2.3842,883.8927
2017-05-07,汽车,CI005013.WI,20.1201,2.3583,668.7528
2017-05-14,汽车,CI005013.WI,19.5126,2.2882,695.613
2017-05-21,汽车,CI005013.WI,19.8176,2.33,698.7752
2017-05-28,汽车,CI005013.WI,19.5602,2.3072,655.7583
2017-06-04,汽车,CI005013.WI,19.7077,2.299,382.9746
2017-06-11,汽车,CI005013.WI,20.3218,2.3833,694.9734
2017-06-18,汽车,CI005013.WI,20.5091,2.4556,897.8327
2017-06-25,汽车,CI005013.WI,20.7017,2.4817,936.3809
2017-07-02,汽车,CI005013.WI,20.931,2.511,895.7501
2017-07-09,汽车,CI005013.WI,21.2907,2.5541,980.8702
2017-07-16,汽车,CI005013.WI,20.8158,2.5046,914.1614
2017-07-23,汽车,CI005013.WI,20.8834,2.4746,930.5981
2017-07-30,汽车,CI005013.WI,20.6918,2.4612,879.4556
2017-08-06,汽车,CI005013.WI,20.6092,2.4513,891.4775
2017-08-13,汽车,CI005013.WI,20.4533,2.4204,737.412
2017-08-20,汽车,CI005013.WI,20.795,2.4627,753.5246
2017-08-27,汽车,CI005013.WI,20.8316,2.4642,772.666
2017-09-03,汽车,CI005013.WI,20.6908,2.4173,950.168
2017-09-10,汽车,CI005013.WI,20.8481,2.4357,929.3385
2017-09-17,汽车,CI005013.WI,21.1962,2.4781,1322.5155
2017-09-24,汽车,CI005013.WI,21.6652,2.5328,1252.992
2017-10-01,汽车,CI005013.WI,21.893,2.5594,1082.7275
2017-10-15,汽车,CI005013.WI,22.3355,2.712,1437.2751
2017-10-22,汽车,CI005013.WI,22.0659,2.7325,963.8494
2017-10-29,汽车,CI005013.WI,22.3654,2.607,1027.3653
2017-11-05,汽车,CI005013.WI,21.1476,2.4572,1006.3973
2017-11-12,汽车,CI005013.WI,21.9038,2.5451,1047.6076
2017-11-19,汽车,CI005013.WI,21.2198,2.4651,1045.7512
2017-11-26,汽车,CI005013.WI,20.8596,2.386,907.1121
2017-12-03,汽车,CI005013.WI,20.4685,2.3405,642.3064
2017-12-10,汽车,CI005013.WI,20.1461,2.3048,654.3092
2017-12-17,汽车,CI005013.WI,20.2461,2.2962,559.0393
2017-12-24,汽车,CI005013.WI,20.1561,2.286,521.657
2017-12-31,汽车,CI005013.WI,20.5482,2.3261,679.5156
2018-01-07,汽车,CI005013.WI,20.6873,2.3413,610.8171
2018-01-14,汽车,CI005013.WI,20.8784,2.3636,779.7734
2018-01-21,汽车,CI005013.WI,20.3749,2.3067,780.9048
2018-01-28,汽车,CI005013.WI,20.9115,2.3632,806.95
2018-02-04,汽车,CI005013.WI,19.6136,2.2147,764.1387
2018-02-11,汽车,CI005013.WI,18.4351,2.0806,655.7039
2018-02-18,汽车,CI005013.WI,18.9717,2.1412,288.3353
2018-02-25,汽车,CI005013.WI,19.4373,2.189,204.9141
2018-03-04,汽车,CI005013.WI,19.8971,2.2524,712.8262
2018-03-11,汽车,CI005013.WI,20.5749,2.3331,765.9036
2018-03-18,汽车,CI005013.WI,20.5774,2.3325,888.8225
2018-03-25,汽车,CI005013.WI,19.6017,2.1881,835.468
2018-04-01,汽车,CI005013.WI,19.5599,2.1911,829.4356
2018-04-08,汽车,CI005013.WI,19.5509,2.1617,487.9019
2018-04-15,汽车,CI005013.WI,19.6924,2.1574,824.4062
2018-04-22,汽车,CI005013.WI,18.4406,2.0311,617.3574
2018-04-29,汽车,CI005013.WI,18.3976,1.9783,557.1882
2018-05-06,汽车,CI005013.WI,18.5253,1.9882,322.3989
2018-05-13,汽车,CI005013.WI,19.1933,2.0611,658.2267
2018-05-20,汽车,CI005013.WI,19.2989,2.0756,722.4285
2018-05-27,汽车,CI005013.WI,19.4123,2.0909,923.7125
2018-06-03,汽车,CI005013.WI,18.8492,2.0404,791.0956
2018-06-10,汽车,CI005013.WI,19.0298,2.0623,766.9644
2018-06-17,汽车,CI005013.WI,18.584,2.0213,748.5616
2018-06-24,汽车,CI005013.WI,17.5221,1.9062,582.787
2018-07-01,汽车,CI005013.WI,17.5275,1.9085,670.0114
2018-07-08,汽车,CI005013.WI,16.6691,1.8197,682.4576
2018-07-15,汽车,CI005013.WI,17.1283,1.8699,684.513
2018-07-22,汽车,CI005013.WI,17.6427,1.9855,652.0146
2018-07-29,汽车,CI005013.WI,17.5226,1.9715,772.4935
2018-08-05,汽车,CI005013.WI,16.371,1.8438,620.1858
2018-08-12,汽车,CI005013.WI,16.5941,1.8687,504.8544
2018-08-19,汽车,CI005013.WI,15.7508,1.7767,437.4815
2018-08-26,汽车,CI005013.WI,15.8223,1.7827,388.0519
2018-09-02,汽车,CI005013.WI,15.7076,1.7525,430.9844
2018-09-09,汽车,CI005013.WI,15.3868,1.7168,374.5401
2018-09-16,汽车,CI005013.WI,15.5336,1.7332,371.5673
2018-09-23,汽车,CI005013.WI,16.0856,1.7952,441.3657
2018-09-30,汽车,CI005013.WI,16.4258,1.8339,381.4858
2018-10-14,汽车,CI005013.WI,14.59,1.6307,473.079
2018-10-21,汽车,CI005013.WI,14.2822,1.5928,429.9841
2018-10-28,汽车,CI005013.WI,14.3346,1.6096,502.3523
2018-11-04,汽车,CI005013.WI,15.3298,1.6373,568.4346
2018-11-11,汽车,CI005013.WI,15.1887,1.6222,578.7277
2018-11-18,汽车,CI005013.WI,15.7599,1.6834,781.5569
2018-11-25,汽车,CI005013.WI,15.0903,1.6119,709.0973
2018-12-02,汽车,CI005013.WI,15.2365,1.6275,502.1096
2018-12-09,汽车,CI005013.WI,15.3956,1.6546,647.1762
2018-12-16,汽车,CI005013.WI,15.3418,1.6489,514.466
2018-12-23,汽车,CI005013.WI,15.1206,1.6252,462.7487
2018-12-30,汽车,CI005013.WI,14.9866,1.6107,469.4361
2019-01-06,汽车,CI005013.WI,14.8747,1.5985,258.7703
2019-01-13,汽车,CI005013.WI,15.2102,1.6357,618.8167
2019-01-20,汽车,CI005013.WI,15.1985,1.6345,544.8475
2019-01-27,汽车,CI005013.WI,15.5665,1.6609,536.0896
2019-02-03,汽车,CI005013.WI,15.7157,1.6519,477.7235
2019-02-17,汽车,CI005013.WI,16.2974,1.7135,630.551
2019-02-24,汽车,CI005013.WI,17.3121,1.8162,883.1163
2019-03-03,汽车,CI005013.WI,18.9177,1.8923,1256.9051
2019-03-10,汽车,CI005013.WI,18.6868,1.8685,1647.1801
2019-03-17,汽车,CI005013.WI,19.1611,1.9107,1475.4366
2019-03-24,汽车,CI005013.WI,19.8248,1.9711,1297.5942
2019-03-31,汽车,CI005013.WI,19.4147,1.9218,1142.9785
2019-04-07,汽车,CI005013.WI,21.0949,2.0475,1284.7383
2019-04-14,汽车,CI005013.WI,21.4343,2.0955,1708.6406
2019-04-21,汽车,CI005013.WI,22.6121,2.1688,2013.9267
2019-04-28,汽车,CI005013.WI,21.1983,1.9469,1452.856
2019-05-05,汽车,CI005013.WI,24.4459,1.9168,390.8439
2019-05-12,汽车,CI005013.WI,23.3322,1.8302,951.326
2019-05-19,汽车,CI005013.WI,22.5086,1.77,959.3077
2019-05-26,汽车,CI005013.WI,21.6042,1.6995,721.552
2019-06-02,汽车,CI005013.WI,21.8739,1.7277,733.7643
2019-06-09,汽车,CI005013.WI,21.3143,1.6848,476.9328
2019-06-16,汽车,CI005013.WI,21.6592,1.7129,747.9514
2019-06-23,汽车,CI005013.WI,22.4763,1.7788,716.1745
2019-06-30,汽车,CI005013.WI,22.1956,1.7634,715.4934
2019-07-07,汽车,CI005013.WI,23.0158,1.8269,770.5779
2019-07-14,汽车,CI005013.WI,22.0644,1.7729,565.7718
2019-07-21,汽车,CI005013.WI,22.042,1.7717,480.7583
2019-07-28,汽车,CI005013.WI,23.0743,1.7122,470.6339
2019-08-04,汽车,CI005013.WI,20.7104,1.6559,403.1122
2019-08-11,汽车,CI005013.WI,19.9062,1.5912,403.4751
2019-08-18,汽车,CI005013.WI,20.2172,1.6109,342.85
2019-08-25,汽车,CI005013.WI,21.0012,1.6433,469.3135
2019-09-01,汽车,CI005013.WI,23.6515,1.6803,813.0854
2019-09-08,汽车,CI005013.WI,24.4608,1.7384,754.2052
2019-09-15,汽车,CI005013.WI,24.7481,1.7588,637.7267
2019-09-22,汽车,CI005013.WI,24.3271,1.7303,679.3671
2019-09-29,汽车,CI005013.WI,23.4247,1.6658,677.2182
2019-10-06,汽车,CI005013.WI,23.315,1.6582,84.9275
2019-10-13,汽车,CI005013.WI,23.5912,1.6777,382.0957
2019-10-20,汽车,CI005013.WI,23.2306,1.6528,515.3343
2019-10-27,汽车,CI005013.WI,23.6377,1.663,423.8125
2019-11-03,汽车,CI005013.WI,25.5554,1.6114,553.2995
2019-11-10,汽车,CI005013.WI,26.1484,1.6485,646.5946
2019-11-17,汽车,CI005013.WI,25.3808,1.6001,509.3795
2019-11-24,汽车,CI005013.WI,25.6599,1.6175,522.4593
2019-12-01,汽车,CI005013.WI,25.1409,1.5143,540.6392
2019-12-08,汽车,CI005013.WI,25.4316,1.5318,544.2485
2019-12-15,汽车,CI005013.WI,25.9365,1.558,632.4807
2019-12-22,汽车,CI005013.WI,26.5253,1.5933,763.0218
2019-12-29,汽车,CI005013.WI,26.6065,1.5983,689.7609
2020-01-05,汽车,CI005013.WI,27.6363,1.662,303.6324
2020-01-12,汽车,CI005013.WI,28.3796,1.7075,1216.0471
2020-01-19,汽车,CI005013.WI,28.8009,1.7325,1195.9615
2020-01-26,汽车,CI005013.WI,27.4552,1.6516,834.7941
2020-02-09,汽车,CI005013.WI,26.4297,1.597,1155.5894
2020-02-16,汽车,CI005013.WI,27.1595,1.6413,1264.907
2020-02-23,汽车,CI005013.WI,29.7297,1.8003,1603.5882
2020-03-01,汽车,CI005013.WI,26.9098,1.7028,1925.5943
2020-03-08,汽车,CI005013.WI,28.0874,1.7796,1346.2029
2020-03-15,汽车,CI005013.WI,26.5151,1.6771,1166.2698
2020-03-22,汽车,CI005013.WI,23.5908,1.5215,922.0412
2020-03-29,汽车,CI005013.WI,24.1061,1.5394,917.2413
2020-04-05,汽车,CI005013.WI,23.9262,1.5025,882.146
2020-04-12,汽车,CI005013.WI,25.354,1.5112,762.262
2020-04-19,汽车,CI005013.WI,26.6047,1.521,846.6292
2020-04-26,汽车,CI005013.WI,25.7408,1.4919,702.7351
2020-05-03,汽车,CI005013.WI,37.8036,1.5133,582.7272
2020-05-10,汽车,CI005013.WI,39.3568,1.5781,516.8731
2020-05-17,汽车,CI005013.WI,38.1615,1.5303,779.888
2020-05-24,汽车,CI005013.WI,37.2039,1.4944,719.7913
2020-05-31,汽车,CI005013.WI,37.6363,1.5131,766.1536
2020-06-07,汽车,CI005013.WI,39.8483,1.6038,1225.6252
2020-06-14,汽车,CI005013.WI,40.0876,1.6137,1127.9686
2020-06-21,汽车,CI005013.WI,40.608,1.6358,924.7035
2020-06-28,汽车,CI005013.WI,42.4736,1.6344,577.567
2020-07-05,汽车,CI005013.WI,44.6513,1.7424,1110.2006
2020-07-12,汽车,CI005013.WI,48.358,1.8852,2013.8794
2020-07-19,汽车,CI005013.WI,46.5699,1.8218,1939.2225
2020-07-26,汽车,CI005013.WI,45.9533,1.8395,1486.6887
2020-08-02,汽车,CI005013.WI,47.2963,1.8989,1185.3189
2020-08-09,汽车,CI005013.WI,48.4926,1.9496,1450.6285
2020-08-16,汽车,CI005013.WI,48.864,1.9597,1450.2588
2020-08-23,汽车,CI005013.WI,48.6039,1.9472,1418.2388
2020-08-30,汽车,CI005013.WI,45.6524,1.978,1231.0567
2020-09-06,汽车,CI005013.WI,44.5161,2.024,1375.9525
2020-09-13,汽车,CI005013.WI,43.7978,1.9926,1297.4836
2020-09-20,汽车,CI005013.WI,47.6669,2.1687,1388.7622
2020-09-27,汽车,CI005013.WI,44.3765,2.02,1097.4236
2020-10-04,汽车,CI005013.WI,44.9889,2.0479,547.3096
2020-10-11,汽车,CI005013.WI,46.4904,2.115,261.021
2020-10-18,汽车,CI005013.WI,48.1133,2.1869,1511.5769
2020-10-25,汽车,CI005013.WI,48.8239,2.2441,1409.2434
2020-11-01,汽车,CI005013.WI,43.1091,2.3069,1732.2383
2020-11-08,汽车,CI005013.WI,47.9174,2.5578,2460.0698
2020-11-15,汽车,CI005013.WI,45.9539,2.4478,1974.0188
2020-11-22,汽车,CI005013.WI,47.8306,2.5477,2254.1364
2020-11-29,汽车,CI005013.WI,47.5708,2.5316,2714.048
2020-12-06,汽车,CI005013.WI,46.9094,2.4758,2282.7836
2020-12-13,汽车,CI005013.WI,44.8885,2.3691,1827.5355
2020-12-20,汽车,CI005013.WI,46.9215,2.4738,1824.955
2020-12-27,汽车,CI005013.WI,47.5388,2.5064,2272.4809
2021-01-03,汽车,CI005013.WI,48.9408,2.5802,1608.3406
2021-01-10,汽车,CI005013.WI,51.1556,2.7016,2494.1201
2021-01-17,汽车,CI005013.WI,50.9837,2.6917,2369.8374
2021-01-24,汽车,CI005013.WI,52.0445,2.7473,2051.748
2021-01-31,汽车,CI005013.WI,50.1718,2.691,1966.464
2021-02-07,汽车,CI005013.WI,49.4862,2.6492,2009.2025
2021-02-14,汽车,CI005013.WI,52.0783,2.7879,1047.3915
2021-02-21,汽车,CI005013.WI,51.8495,2.7757,765.4311
2021-02-28,汽车,CI005013.WI,45.4679,2.4434,1860.0004
2021-03-07,汽车,CI005013.WI,45.6672,2.4677,1506.9413
2021-03-14,汽车,CI005013.WI,44.0292,2.3948,1568.788
2021-03-21,汽车,CI005013.WI,42.76,2.3168,1044.3698
2021-03-28,汽车,CI005013.WI,41.3694,2.3026,1016.3416
2021-04-04,汽车,CI005013.WI,42.17,2.3412,1138.1252
2021-04-11,汽车,CI005013.WI,38.3564,2.2805,990.8072
2021-04-18,汽车,CI005013.WI,37.9319,2.3603,1196.9652
2021-04-25,汽车,CI005013.WI,37.7499,2.4019,2072.7638
2021-05-02,汽车,CI005013.WI,31.4218,2.2715,1717.827
2021-05-09,汽车,CI005013.WI,30.515,2.2087,689.8476
2021-05-16,汽车,CI005013.WI,31.5292,2.2748,1928.9283
2021-05-23,汽车,CI005013.WI,33.0071,2.3764,2268.322
2021-05-30,汽车,CI005013.WI,33.6668,2.427,1948.54
2021-06-06,汽车,CI005013.WI,34.3672,2.4546,2057.904
2021-06-13,汽车,CI005013.WI,36.5579,2.625,2039.1102
2021-06-20,汽车,CI005013.WI,37.1043,2.6663,1859.9655
2021-06-27,汽车,CI005013.WI,38.0442,2.7352,2490.1306
2021-07-04,汽车,CI005013.WI,36.6641,2.6404,2216.1186
2021-07-11,汽车,CI005013.WI,38.8793,2.7926,2400.157
2021-07-18,汽车,CI005013.WI,36.7878,2.655,2727.2253
2021-07-25,汽车,CI005013.WI,39.519,2.8445,2375.276
2021-08-01,汽车,CI005013.WI,38.9551,2.8242,2572.8948
2021-08-08,汽车,CI005013.WI,41.7458,3.0458,3049.5885
2021-08-15,汽车,CI005013.WI,40.5992,3.0416,2731.45
2021-08-22,汽车,CI005013.WI,39.1936,2.9303,2368.3385
2021-08-29,汽车,CI005013.WI,40.8754,3.0129,2476.5083
2021-09-05,汽车,CI005013.WI,40.0202,2.9123,2481.8057
2021-09-12,汽车,CI005013.WI,40.8808,2.9619,2221.3125
2021-09-19,汽车,CI005013.WI,38.9507,2.8222,2032.8224
2021-09-26,汽车,CI005013.WI,38.1846,2.7647,848.701
2021-10-03,汽车,CI005013.WI,37.071,2.681,1190.278
2021-10-10,汽车,CI005013.WI,37.6924,2.7326,293.9169
2021-10-17,汽车,CI005013.WI,40.6384,2.9464,1675.8103
2021-10-24,汽车,CI005013.WI,41.3116,3.0029,1807.4138
2021-10-31,汽车,CI005013.WI,45.9187,3.0578,2136.2246
2021-11-07,汽车,CI005013.WI,46.2527,3.0919,2326.1642
2021-11-14,汽车,CI005013.WI,46.7191,3.1182,2236.9688
2021-11-21,汽车,CI005013.WI,45.9161,3.0646,2620.9639
2021-11-28,汽车,CI005013.WI,46.1725,3.0863,2689.1442
2021-12-05,汽车,CI005013.WI,47.2119,3.1609,2923.8347
2021-12-12,汽车,CI005013.WI,46.9528,3.1425,2833.1085
2021-12-19,汽车,CI005013.WI,45.1969,3.0204,2489.3839
2021-12-26,汽车,CI005013.WI,44.8872,2.9998,2556.2056
2022-01-02,汽车,CI005013.WI,44.19,2.9522,1854.2361
2022-01-09,汽车,CI005013.WI,42.2478,2.8224,1625.9545
2022-01-16,汽车,CI005013.WI,42.8408,2.861,1862.8074
2022-01-23,汽车,CI005013.WI,41.6431,2.7777,1784.3851
2022-01-30,汽车,CI005013.WI,39.2825,2.5863,1402.0788
2022-02-13,汽车,CI005013.WI,38.7271,2.5496,1336.6257
2022-02-20,汽车,CI005013.WI,39.5117,2.6009,1184.7773
2022-02-27,汽车,CI005013.WI,39.4733,2.5955,1457.1755
2022-03-06,汽车,CI005013.WI,37.5079,2.4637,1419.697
2022-03-13,汽车,CI005013.WI,35.7703,2.3476,1495.4037
2022-03-20,汽车,CI005013.WI,35.7568,2.3309,1454.5284
2022-03-27,汽车,CI005013.WI,35.3159,2.3011,1248.6855
2022-04-03,汽车,CI005013.WI,35.2096,2.2517,1187.5104
2022-04-10,汽车,CI005013.WI,34.4473,2.2027,736.5605
2022-04-17,汽车,CI005013.WI,33.904,2.1494,1178.4196
2022-04-24,汽车,CI005013.WI,34.8703,2.0917,1407.4493
2022-05-01,汽车,CI005013.WI,35.1178,2.0293,1338.1307
2022-05-08,汽车,CI005013.WI,35.1957,2.0333,545.1726
2022-05-15,汽车,CI005013.WI,38.6107,2.2327,1641.7729
2022-05-22,汽车,CI005013.WI,40.6075,2.3538,2108.567
2022-05-29,汽车,CI005013.WI,41.2533,2.3945,2483.2882
2022-06-05,汽车,CI005013.WI,44.0043,2.5594,2071.4262
2022-06-12,汽车,CI005013.WI,45.9448,2.6782,2969.6433
2022-06-19,汽车,CI005013.WI,47.5064,2.7721,3706.6919
2022-06-26,汽车,CI005013.WI,50.1058,2.9364,3550.5504
2022-07-03,汽车,CI005013.WI,48.2944,2.8119,4241.5332
2022-07-10,汽车,CI005013.WI,48.7493,2.8387,3215.6358
2022-07-17,汽车,CI005013.WI,48.2477,2.8159,2984.7617
2022-07-24,汽车,CI005013.WI,48.9948,2.8696,3024.092
2022-07-31,汽车,CI005013.WI,49.6774,2.9159,2758.034
2022-08-07,汽车,CI005013.WI,47.9996,2.8096,3446.268
2022-08-14,汽车,CI005013.WI,47.3255,2.7764,2684.3107
2022-08-21,汽车,CI005013.WI,48.1465,2.7802,2781.7537
2022-08-28,汽车,CI005013.WI,52.3808,2.7389,2409.2098
2022-09-04,汽车,CI005013.WI,49.3028,2.5471,1899.9131
2022-09-11,汽车,CI005013.WI,50.2039,2.587,1844.9756
2022-09-18,汽车,CI005013.WI,47.1483,2.4289,1361.1635
2022-09-25,汽车,CI005013.WI,46.6698,2.4043,1606.411
2022-10-02,汽车,CI005013.WI,44.3775,2.2858,1385.3974
2022-10-16,汽车,CI005013.WI,46.1342,2.3751,1367.2495
2022-10-23,汽车,CI005013.WI,43.669,2.3141,1495.4277
2022-10-30,汽车,CI005013.WI,38.3738,2.1866,1809.6747
2022-11-06,汽车,CI005013.WI,43.9958,2.4679,2081.0578
2022-11-13,汽车,CI005013.WI,42.7377,2.3962,1732.7978
2022-11-20,汽车,CI005013.WI,41.1379,2.3065,1580.0573
2022-11-27,汽车,CI005013.WI,40.2626,2.2574,1334.7003
2022-12-04,汽车,CI005013.WI,42.0871,2.36,1907.4988
2022-12-11,汽车,CI005013.WI,42.5541,2.3862,1606.9905
2022-12-18,汽车,CI005013.WI,41.7184,2.3377,1249.1344
2022-12-25,汽车,CI005013.WI,39.3279,2.2044,1255.0831
2023-01-01,汽车,CI005013.WI,39.5353,2.2157,1070.0466
2023-01-15,汽车,CI005013.WI,42.5051,2.3456,1730.9365
2023-01-22,汽车,CI005013.WI,42.5505,2.3476,1375.7665
2023-02-05,汽车,CI005013.WI,46.043,2.4867,2392.2708
2023-02-12,汽车,CI005013.WI,45.2188,2.4422,1645.3926
2023-02-19,汽车,CI005013.WI,44.3623,2.396,1680.6496
2023-02-26,汽车,CI005013.WI,45.024,2.4331,1845.1282
2023-03-05,汽车,CI005013.WI,44.632,2.4116,1526.2192
2023-03-12,汽车,CI005013.WI,41.2408,2.2417,1489.1549
2023-03-19,汽车,CI005013.WI,39.3365,2.1604,1359.6869
2023-03-26,汽车,CI005013.WI,40.2599,2.2121,1277.1045
2023-04-02,汽车,CI005013.WI,37.2252,2.2374,1319.083
2023-04-09,汽车,CI005013.WI,36.6483,2.1869,1034.4846
2023-04-16,汽车,CI005013.WI,35.7313,2.1576,1166.7772
2023-04-23,汽车,CI005013.WI,36.5589,2.0852,1156.9185
2023-04-30,汽车,CI005013.WI,35.9441,2.0892,1329.5872
2023-05-07,汽车,CI005013.WI,35.515,2.0644,498.0636
2023-05-14,汽车,CI005013.WI,36.3547,2.1144,1440.306
2023-05-21,汽车,CI005013.WI,36.1216,2.1119,1010.4198
2023-05-28,汽车,CI005013.WI,35.8549,2.0871,1204.2291
2023-06-04,汽车,CI005013.WI,36.1935,2.1152,1295.325
2023-06-11,汽车,CI005013.WI,35.9162,2.1,1186.0742
2023-06-18,汽车,CI005013.WI,38.1531,2.2347,2171.5996
2023-06-25,汽车,CI005013.WI,38.4851,2.2509,1265.3667
2023-07-02,汽车,CI005013.WI,38.0178,2.2785,2253.4117
2023-07-09,汽车,CI005013.WI,39.1248,2.3476,3203.0344
2023-07-16,汽车,CI005013.WI,38.9786,2.3509,3094.8289
2023-07-23,汽车,CI005013.WI,38.146,2.3081,2369.8726
2023-07-30,汽车,CI005013.WI,39.6345,2.4052,2415.603
2023-08-06,汽车,CI005013.WI,39.7154,2.4292,2521.7267
2023-08-13,汽车,CI005013.WI,38.0177,2.3272,1580.8877
2023-08-20,汽车,CI005013.WI,35.8679,2.2189,1521.6481
2023-08-27,汽车,CI005013.WI,34.3145,2.1337,1433.2628
2023-09-03,汽车,CI005013.WI,33.4187,2.2144,2029.8978
2023-09-10,汽车,CI005013.WI,33.0705,2.1914,1646.1628
2023-09-17,汽车,CI005013.WI,33.0401,2.1894,1864.7783
2023-09-24,汽车,CI005013.WI,33.3214,2.2093,1705.4414
2023-10-01,汽车,CI005013.WI,33.2577,2.2051,1342.3954
2023-10-15,汽车,CI005013.WI,34.3366,2.2782,2571.6765
2023-10-22,汽车,CI005013.WI,33.6189,2.221,2750.5523
2023-10-29,汽车,CI005013.WI,35.0317,2.2883,2961.1833
2023-11-05,汽车,CI005013.WI,31.9091,2.2537,3157.3728
2023-11-12,汽车,CI005013.WI,31.6004,2.2319,3452.0856
2023-11-19,汽车,CI005013.WI,32.673,2.3069,3015.128
2023-11-26,汽车,CI005013.WI,31.8262,2.2471,3269.9971
2023-12-03,汽车,CI005013.WI,32.3366,2.2263,3871.6055
2023-12-10,汽车,CI005013.WI,31.2574,2.1519,2943.9931
2023-12-17,汽车,CI005013.WI,31.0556,2.138,2196.7485
2023-12-24,汽车,CI005013.WI,30.1619,2.0768,1896.7925
2023-12-31,汽车,CI005013.WI,30.6777,2.1111,1874.714
2024-01-07,汽车,CI005013.WI,29.4126,2.0243,1420.4211
2024-01-14,汽车,CI005013.WI,29.3106,2.0201,1569.1261
2024-01-21,汽车,CI005013.WI,28.159,1.9413,1603.6863
2024-01-28,汽车,CI005013.WI,27.2568,1.9122,1668.1332
2024-02-04,汽车,CI005013.WI,24.5848,1.7215,1495.5208
2024-02-11,汽车,CI005013.WI,26.2985,1.8417,1691.1818
2024-02-25,汽车,CI005013.WI,28.0033,1.9383,2085.9836
2024-03-03,汽车,CI005013.WI,29.3003,2.0285,2908.4478
2024-03-10,汽车,CI005013.WI,29.0263,2.0095,2342.498
2024-03-17,汽车,CI005013.WI,30.7176,2.1393,3083.6027
2024-03-24,汽车,CI005013.WI,31.0796,2.16,3062.9889
2024-03-31,汽车,CI005013.WI,29.7556,2.0823,2731.5559
2024-04-07,汽车,CI005013.WI,29.9803,2.1,1652.9327
2024-04-14,汽车,CI005013.WI,29.9315,2.0906,2235.9175
2024-04-21,汽车,CI005013.WI,29.0579,2.0755,2421.5539
2024-04-28,汽车,CI005013.WI,27.4865,2.1147,2258.3113
2024-05-05,汽车,CI005013.WI,27.2659,2.0896,1359.6518
2024-05-12,汽车,CI005013.WI,27.3711,2.0981,2475.2584
2024-05-19,汽车,CI005013.WI,27.0614,2.0838,1974.4634
2024-05-26,汽车,CI005013.WI,25.8988,1.9998,1962.6655
2024-06-02,汽车,CI005013.WI,26.4733,2.0465,1741.659
2024-06-09,汽车,CI005013.WI,25.9923,2.0138,1960.3882
2024-06-16,汽车,CI005013.WI,26.436,2.0543,1296.5481
2024-06-23,汽车,CI005013.WI,26.5017,2.0625,1923.0166
2024-06-30,汽车,CI005013.WI,25.8609,2.0186,1849.3383
2024-07-07,汽车,CI005013.WI,25.1896,1.9666,1710.3297
2024-07-14,汽车,CI005013.WI,26.7014,2.0901,2320.409
2024-07-21,汽车,CI005013.WI,26.2624,2.0568,2313.2617
2024-07-28,汽车,CI005013.WI,25.5722,2.0066,2167.1476
2024-08-04,汽车,CI005013.WI,25.0706,1.9794,2709.575
2024-08-11,汽车,CI005013.WI,24.2409,1.9163,2097.516
2024-08-18,汽车,CI005013.WI,24.1842,1.9192,1601.3602
2024-08-25,汽车,CI005013.WI,23.7393,1.8798,1534.3933
2024-09-01,汽车,CI005013.WI,23.1376,1.9352,1537.8458
2024-09-08,汽车,CI005013.WI,23.2968,1.9481,1645.7033
2024-09-15,汽车,CI005013.WI,22.9494,1.9186,1317.8812
2024-09-22,汽车,CI005013.WI,23.4632,1.9616,777.7217
2024-09-29,汽车,CI005013.WI,26.1313,2.1847,2299.8283
2024-10-06,汽车,CI005013.WI,28.4586,2.3793,1084.5417
2024-10-13,汽车,CI005013.WI,27.1987,2.275,3966.9088
2024-10-20,汽车,CI005013.WI,27.0347,2.2827,2857.3342
2024-10-27,汽车,CI005013.WI,28.1353,2.3509,3713.6232
2024-11-03,汽车,CI005013.WI,28.8346,2.2788,4366.9154
2024-11-10,汽车,CI005013.WI,30.9031,2.4431,5785.6638
2024-11-17,汽车,CI005013.WI,30.4475,2.4068,5364.5269
2024-11-24,汽车,CI005013.WI,29.7129,2.349,4106.678
2024-12-01,汽车,CI005013.WI,29.732,2.3501,3258.8561
2024-12-08,汽车,CI005013.WI,30.7488,2.4317,3972.6634
2024-12-15,汽车,CI005013.WI,30.8603,2.4411,4700.0275
2024-12-22,汽车,CI005013.WI,30.6118,2.4207,3023.0115
2024-12-29,汽车,CI005013.WI,30.9165,2.4444,2935.2943
2025-01-05,汽车,CI005013.WI,28.7642,2.274,2120.1805
2025-01-12,汽车,CI005013.WI,28.9666,2.2901,2570.3486
2025-01-19,汽车,CI005013.WI,30.1145,2.3805,3004.6866
2025-01-26,汽车,CI005013.WI,30.5814,2.4151,2994.1985
2025-02-02,汽车,CI005013.WI,30.2869,2.3919,496.1926
2025-02-09,汽车,CI005013.WI,32.7784,2.5902,2635.7346
2025-02-16,汽车,CI005013.WI,33.2884,2.6307,4461.4401
2025-02-23,汽车,CI005013.WI,34.4037,2.7189,4390.8167
2025-03-02,汽车,CI005013.WI,33.2451,2.6269,5217.974
2025-03-09,汽车,CI005013.WI,34.1109,2.6949,4310.4704
2025-03-16,汽车,CI005013.WI,34.9797,2.7585,4531.5987
2025-03-23,汽车,CI005013.WI,34.3533,2.7308,4851.8588
2025-03-30,汽车,CI005013.WI,32.4146,2.6868,3585.2886
2025-04-06,汽车,CI005013.WI,30.5309,2.5731,2578.2018
2025-04-13,汽车,CI005013.WI,28.5443,2.4421,3589.7975
2025-04-20,汽车,CI005013.WI,28.1244,2.4182,2452.0482
2025-04-27,汽车,CI005013.WI,29.1554,2.4504,2842.0255
2025-05-04,汽车,CI005013.WI,30.6241,2.4169,1755.8504
2025-05-11,汽车,CI005013.WI,31.2368,2.4702,2949.4997
2025-05-18,汽车,CI005013.WI,32.1999,2.5532,3661.0022
2025-05-25,汽车,CI005013.WI,32.7786,2.599,4214.8939
2025-06-01,汽车,CI005013.WI,31.0265,2.4631,3763.5383
2025-06-08,汽车,CI005013.WI,31.0251,2.4685,2497.9892
2025-06-15,汽车,CI005013.WI,36.4959,2.9417,3462.005
2025-06-22,汽车,CI005013.WI,35.599,2.875,2485.505
2025-06-29,汽车,CI005013.WI,36.1164,2.9207,3241.3821
2025-07-06,汽车,CI005013.WI,36.1865,2.9279,2827.6027
2025-07-13,汽车,CI005013.WI,35.8768,2.9041,2746.0535
2025-07-20,汽车,CI005013.WI,36.6152,2.9866,3623.3861
2025-07-27,汽车,CI005013.WI,37.1126,3.0427,3374.8509
2025-08-03,汽车,CI005013.WI,30.2016,2.5085,3145.4062
2025-08-10,汽车,CI005013.WI,30.7859,2.5565,3740.2208
2025-08-17,汽车,CI005013.WI,31.5704,2.6329,4423.436
2025-08-24,汽车,CI005013.WI,33.1713,2.7609,5723.236
2025-08-31,汽车,CI005013.WI,34.3195,2.7385,6148.186
2025-09-07,汽车,CI005013.WI,33.3172,2.6703,5502.8043
2025-09-14,汽车,CI005013.WI,33.5604,2.6928,5045.6901
2025-09-21,汽车,CI005013.WI,34.6832,2.7826,7130.5767
2025-09-28,汽车,CI005013.WI,34.6452,2.7804,6232.0436
2025-10-05,汽车,CI005013.WI,35.4139,2.842,2224.5039
2025-10-12,汽车,CI005013.WI,34.9481,2.803,2462.5636
2025-10-19,汽车,CI005013.WI,32.8554,2.6441,5097.9084
2025-10-26,汽车,CI005013.WI,33.7302,2.6875,3615.8189
2025-11-02,汽车,CI005013.WI,33.0462,2.6422,4549.8806
2025-11-09,汽车,CI005013.WI,32.6025,2.5845,4255.7576
2025-11-16,汽车,CI005013.WI,32.0551,2.5395,3609.8877
2025-11-23,汽车,CI005013.WI,30.3784,2.4067,3011.9444
2025-11-30,汽车,CI005013.WI,31.415,2.4896,2794.3011
2025-12-07,汽车,CI005013.WI,31.7413,2.5156,3013.7545
2025-12-14,汽车,CI005013.WI,31.8067,2.5207,3293.0399
2025-12-21,汽车,CI005013.WI,31.7635,2.5174,3444.1214
2025-12-28,汽车,CI005013.WI,32.6725,2.5894,4181.9236
2026-01-04,汽车,CI005013.WI,33.0324,2.6175,2945.2631
2026-01-11,汽车,CI005013.WI,33.9316,2.7003,5668.9679
2026-01-18,汽车,CI005013.WI,33.958,2.7047,6158.0929
2026-01-25,汽车,CI005013.WI,34.5071,2.7498,5426.8468
2026-02-01,汽车,CI005013.WI,32.937,2.6063,4772.1859
2026-02-08,汽车,CI005013.WI,33.1517,2.6176,3780.4921
2026-02-15,汽车,CI005013.WI,33.593,2.6467,3425.0993
2026-03-01,汽车,CI005013.WI,33.6372,2.6568,2993.9638
2026-03-08,汽车,CI005013.WI,32.7826,2.5943,3783.1615
2026-03-15,汽车,CI005013.WI,32.6227,2.5845,3346.8206
2026-03-22,汽车,CI005013.WI,31.515,2.492,3086.702
2026-03-29,汽车,CI005013.WI,33.2762,2.4702,3395.5845
2026-04-05,汽车,CI005013.WI,30.6777,2.4132,2999.6891
2026-04-12,汽车,CI005013.WI,32.5652,2.5203,2512.0045
2026-04-19,汽车,CI005013.WI,33.1321,2.5495,3583.7052
2026-04-26,汽车,CI005013.WI,32.7382,2.5045,3745.8081
2026-05-03,汽车,CI005013.WI,34.1267,2.4844,2977.405
2026-05-10,汽车,CI005013.WI,35.0969,2.5555,2799.2562
2026-05-17,汽车,CI005013.WI,34.323,2.5101,4680.2084
2026-05-24,汽车,CI005013.WI,34.016,2.4924,4777.0736
2026-05-31,汽车,CI005013.WI,32.3071,2.3717,4409.7096
2026-06-07,汽车,CI005013.WI,31.6873,2.3304,3806.959
2026-06-14,汽车,CI005013.WI,30.4159,2.2387,3558.9911
2026-06-21,汽车,CI005013.WI,30.3619,2.2374,2779.603
2026-06-28,汽车,CI005013.WI,27.7721,2.048,3607.8047
2026-07-05,汽车,CI005013.WI,29.8669,2.2033,3834.666
2026-07-12,汽车,CI005013.WI,28.7625,2.1234,3389.6987
2026-07-19,汽车,CI005013.WI,27.4297,2.0311,2795.8904
2026-07-26,汽车,CI005013.WI,27.247,2.0176,2570.3003
2026-08-02,汽车,CI005013.WI,28.6556,2.1294,2630.9731
2026-08-09,汽车,CI005013.WI,28.5035,2.1214,2774.3422
2016-01-10,消费者服务,CI005015.WI,64.2828,4.9783,238.4734
2016-01-17,消费者服务,CI005015.WI,60.162,4.6592,234.0102
2016-01-24,消费者服务,CI005015.WI,60.1599,4.659,193.0449
2016-01-31,消费者服务,CI005015.WI,56.1876,4.3253,164.5257
2016-02-07,消费者服务,CI005015.WI,57.8934,4.5667,153.1092
2016-02-21,消费者服务,CI005015.WI,58.7396,4.6335,187.8747
2016-02-28,消费者服务,CI005015.WI,55.5113,4.423,238.2597
2016-03-06,消费者服务,CI005015.WI,53.5291,4.4464,214.5648
2016-03-13,消费者服务,CI005015.WI,54.4557,4.47,162.5396
2016-03-20,消费者服务,CI005015.WI,58.554,4.7979,221.3287
2016-03-27,消费者服务,CI005015.WI,60.552,4.9612,287.7519
2016-04-03,消费者服务,CI005015.WI,60.8541,4.9362,282.2282
2016-04-10,消费者服务,CI005015.WI,60.8715,4.823,171.7905
2016-04-17,消费者服务,CI005015.WI,62.783,4.9697,239.5692
2016-04-24,消费者服务,CI005015.WI,60.1265,4.6771,179.8055
2016-05-01,消费者服务,CI005015.WI,54.1808,4.6409,142.2755
2016-05-08,消费者服务,CI005015.WI,53.7474,4.6267,126.9165
2016-05-15,消费者服务,CI005015.WI,50.4323,4.3439,127.844
2016-05-22,消费者服务,CI005015.WI,49.5955,4.2718,111.9223
2016-05-29,消费者服务,CI005015.WI,49.6226,4.2742,101.779
2016-06-05,消费者服务,CI005015.WI,51.4917,4.4608,128.1126
2016-06-12,消费者服务,CI005015.WI,51.3778,4.4572,69.5757
2016-06-19,消费者服务,CI005015.WI,49.9915,4.3451,116.1483
2016-06-26,消费者服务,CI005015.WI,50.2944,4.2061,96.3375
2016-07-03,消费者服务,CI005015.WI,51.5045,4.3135,161.4694
2016-07-10,消费者服务,CI005015.WI,52.0926,4.3628,172.7662
2016-07-17,消费者服务,CI005015.WI,52.6983,4.4158,181.7603
2016-07-24,消费者服务,CI005015.WI,52.0932,4.3635,127.052
2016-07-31,消费者服务,CI005015.WI,51.1763,4.2925,170.6094
2016-08-07,消费者服务,CI005015.WI,51.3184,4.0632,131.2043
2016-08-14,消费者服务,CI005015.WI,50.7782,4.0932,141.9799
2016-08-21,消费者服务,CI005015.WI,51.2624,4.1637,190.0931
2016-08-28,消费者服务,CI005015.WI,51.5355,4.1746,207.5103
2016-09-04,消费者服务,CI005015.WI,52.8453,4.1122,167.9417
2016-09-11,消费者服务,CI005015.WI,54.2601,4.2223,195.5828
2016-09-18,消费者服务,CI005015.WI,53.3977,4.1552,177.0188
2016-09-25,消费者服务,CI005015.WI,54.6788,4.2549,245.6715
2016-10-02,消费者服务,CI005015.WI,53.2489,4.0585,173.2403
2016-10-16,消费者服务,CI005015.WI,53.5767,4.1088,210.287
2016-10-23,消费者服务,CI005015.WI,52.3733,4.1004,223.6032
2016-10-30,消费者服务,CI005015.WI,50.7023,4.0078,202.8354
2016-11-06,消费者服务,CI005015.WI,50.7442,3.9588,170.6512
2016-11-13,消费者服务,CI005015.WI,50.8092,3.9647,163.8092
2016-11-20,消费者服务,CI005015.WI,50.7662,3.9615,154.5987
2016-11-27,消费者服务,CI005015.WI,50.7444,3.9585,162.7605
2016-12-04,消费者服务,CI005015.WI,49.953,3.8968,146.2039
2016-12-11,消费者服务,CI005015.WI,49.7812,3.8834,136.1068
2016-12-18,消费者服务,CI005015.WI,48.9777,3.6516,157.1229
2016-12-25,消费者服务,CI005015.WI,48.4699,3.6138,111.711
2017-01-01,消费者服务,CI005015.WI,48.5062,3.6165,115.894
2017-01-08,消费者服务,CI005015.WI,49.4255,3.6856,94.3317
2017-01-15,消费者服务,CI005015.WI,48.7531,3.4864,114.0954
2017-01-22,消费者服务,CI005015.WI,48.1034,3.4465,105.1499
2017-01-29,消费者服务,CI005015.WI,48.3027,3.4967,69.095
2017-02-05,消费者服务,CI005015.WI,48.0192,3.4761,12.6552
2017-02-12,消费者服务,CI005015.WI,47.9451,3.572,95.2026
2017-02-19,消费者服务,CI005015.WI,47.3794,3.5299,109.6927
2017-02-26,消费者服务,CI005015.WI,50.1439,3.6347,127.6193
2017-03-05,消费者服务,CI005015.WI,54.1998,3.6974,131.745
2017-03-12,消费者服务,CI005015.WI,53.1153,3.533,129.782
2017-03-19,消费者服务,CI005015.WI,48.9342,3.4862,131.5993
2017-03-26,消费者服务,CI005015.WI,51.2339,3.5419,167.1214
2017-04-02,消费者服务,CI005015.WI,50.5814,3.4625,183.0997
2017-04-09,消费者服务,CI005015.WI,51.8774,3.5507,100.2989
2017-04-16,消费者服务,CI005015.WI,48.3977,3.4274,163.005
2017-04-23,消费者服务,CI005015.WI,46.8705,3.436,108.708
2017-04-30,消费者服务,CI005015.WI,46.6231,3.4181,92.6893
2017-05-07,消费者服务,CI005015.WI,45.2112,3.3146,63.8344
2017-05-14,消费者服务,CI005015.WI,44.6768,3.2774,73.9573
2017-05-21,消费者服务,CI005015.WI,45.2389,3.3193,70.336
2017-05-28,消费者服务,CI005015.WI,45.1644,3.2654,66.4213
2017-06-04,消费者服务,CI005015.WI,44.6883,3.2338,44.3819
2017-06-11,消费者服务,CI005015.WI,46.2196,3.3637,71.2362
2017-06-18,消费者服务,CI005015.WI,45.8117,3.3688,77.5369
2017-06-25,消费者服务,CI005015.WI,45.3587,3.3355,62.0544
2017-07-02,消费者服务,CI005015.WI,46.8119,3.4482,68.6236
2017-07-09,消费者服务,CI005015.WI,46.2702,3.4072,89.4975
2017-07-16,消费者服务,CI005015.WI,45.8556,3.3471,77.072
2017-07-23,消费者服务,CI005015.WI,44.9075,3.2832,73.5654
2017-07-30,消费者服务,CI005015.WI,46.4429,3.3828,84.6485
2017-08-06,消费者服务,CI005015.WI,44.3171,3.3587,119.8205
2017-08-13,消费者服务,CI005015.WI,43.9135,3.3235,127.811
2017-08-20,消费者服务,CI005015.WI,45.5821,3.4476,111.367
2017-08-27,消费者服务,CI005015.WI,43.9866,3.3707,103.6791
2017-09-03,消费者服务,CI005015.WI,42.6571,3.421,114.629
2017-09-10,消费者服务,CI005015.WI,44.2325,3.5473,179.7853
2017-09-17,消费者服务,CI005015.WI,45.2157,3.6262,168.7244
2017-09-24,消费者服务,CI005015.WI,44.4863,3.5677,133.1197
2017-10-01,消费者服务,CI005015.WI,44.3993,3.561,104.198
2017-10-15,消费者服务,CI005015.WI,44.2023,3.5476,108.628
2017-10-22,消费者服务,CI005015.WI,43.3056,3.5005,94.5382
2017-10-29,消费者服务,CI005015.WI,41.9207,3.4893,82.764
2017-11-05,消费者服务,CI005015.WI,39.6424,3.4078,119.2207
2017-11-12,消费者服务,CI005015.WI,41.5959,3.5757,119.086
2017-11-19,消费者服务,CI005015.WI,39.6353,3.4071,129.0474
2017-11-26,消费者服务,CI005015.WI,38.5368,3.3127,104.4473
2017-12-03,消费者服务,CI005015.WI,38.1773,3.2818,85.0905
2017-12-10,消费者服务,CI005015.WI,37.9288,3.2604,84.824
2017-12-17,消费者服务,CI005015.WI,37.9299,3.2605,74.8531
2017-12-24,消费者服务,CI005015.WI,38.4064,3.2989,70.9194
2017-12-31,消费者服务,CI005015.WI,38.7901,3.3318,79.2575
2018-01-07,消费者服务,CI005015.WI,39.9318,3.4299,83.3433
2018-01-14,消费者服务,CI005015.WI,39.915,3.4288,107.2151
2018-01-21,消费者服务,CI005015.WI,40.6103,3.4879,114.3351
2018-01-28,消费者服务,CI005015.WI,40.3502,3.5465,108.6278
2018-02-04,消费者服务,CI005015.WI,40.4248,3.5544,125.5664
2018-02-11,消费者服务,CI005015.WI,36.3552,3.1947,124.8952
2018-02-18,消费者服务,CI005015.WI,38.2889,3.3655,51.2029
2018-02-25,消费者服务,CI005015.WI,39.5703,3.4902,38.8449
2018-03-04,消费者服务,CI005015.WI,41.2282,3.7303,104.5585
2018-03-11,消费者服务,CI005015.WI,42.9772,3.8648,102.1544
2018-03-18,消费者服务,CI005015.WI,42.1625,3.7917,104.6952
2018-03-25,消费者服务,CI005015.WI,40.4787,3.6789,114.5077
2018-04-01,消费者服务,CI005015.WI,40.7212,3.7055,128.6859
2018-04-08,消费者服务,CI005015.WI,40.7187,3.7199,82.103
2018-04-15,消费者服务,CI005015.WI,39.0069,3.7466,116.953
2018-04-22,消费者服务,CI005015.WI,37.2817,3.5989,138.712
2018-04-29,消费者服务,CI005015.WI,34.3296,3.5208,97.3107
2018-05-06,消费者服务,CI005015.WI,35.4669,3.6293,71.1388
2018-05-13,消费者服务,CI005015.WI,37.1215,3.8067,119.0673
2018-05-20,消费者服务,CI005015.WI,37.5848,3.8542,117.0575
2018-05-27,消费者服务,CI005015.WI,37.7578,3.8746,110.2882
2018-06-03,消费者服务,CI005015.WI,39.5027,4.0613,169.505
2018-06-10,消费者服务,CI005015.WI,39.4542,4.1467,141.8371
2018-06-17,消费者服务,CI005015.WI,38.507,4.0523,127.384
2018-06-24,消费者服务,CI005015.WI,37.833,4.0524,105.1775
2018-07-01,消费者服务,CI005015.WI,37.3982,4.0069,118.2281
2018-07-08,消费者服务,CI005015.WI,35.1835,3.7851,118.6433
2018-07-15,消费者服务,CI005015.WI,38.4752,4.1411,101.9327
2018-07-22,消费者服务,CI005015.WI,38.9197,4.1943,123.28
2018-07-29,消费者服务,CI005015.WI,38.3561,4.1349,147.1743
2018-08-05,消费者服务,CI005015.WI,34.7621,3.752,121.1253
2018-08-12,消费者服务,CI005015.WI,33.6819,3.69,145.0004
2018-08-19,消费者服务,CI005015.WI,31.1468,3.4245,93.2665
2018-08-26,消费者服务,CI005015.WI,31.1896,3.449,88.4132
2018-09-02,消费者服务,CI005015.WI,31.2573,3.4978,110.9447
2018-09-09,消费者服务,CI005015.WI,30.6019,3.4245,84.8197
2018-09-16,消费者服务,CI005015.WI,30.0806,3.3662,71.6426
2018-09-23,消费者服务,CI005015.WI,32.185,3.6017,115.3772
2018-09-30,消费者服务,CI005015.WI,32.2713,3.6113,81.4621
2018-10-14,消费者服务,CI005015.WI,28.9968,3.2449,83.4072
2018-10-21,消费者服务,CI005015.WI,26.4207,2.9645,99.9907
2018-10-28,消费者服务,CI005015.WI,26.2343,2.9544,92.7433
2018-11-04,消费者服务,CI005015.WI,27.2861,3.103,93.961
2018-11-11,消费者服务,CI005015.WI,26.6253,3.0279,77.5655
2018-11-18,消费者服务,CI005015.WI,27.4422,3.1208,96.3783
2018-11-25,消费者服务,CI005015.WI,26.3078,2.9918,90.403
2018-12-02,消费者服务,CI005015.WI,26.9846,3.0878,76.0078
2018-12-09,消费者服务,CI005015.WI,27.7903,3.18,94.2837
2018-12-16,消费者服务,CI005015.WI,27.6401,3.1628,80.4566
2018-12-23,消费者服务,CI005015.WI,26.664,3.0512,71.1717
2018-12-30,消费者服务,CI005015.WI,27.1002,3.1011,71.1794
2019-01-06,消费者服务,CI005015.WI,26.0199,2.9775,48.3098
2019-01-13,消费者服务,CI005015.WI,27.0545,3.0958,81.1642
2019-01-20,消费者服务,CI005015.WI,26.846,3.0599,83.3218
2019-01-27,消费者服务,CI005015.WI,26.7833,2.9856,91.5785
2019-02-03,消费者服务,CI005015.WI,26.2742,2.918,86.047
2019-02-17,消费者服务,CI005015.WI,28.1664,3.1282,100.8549
2019-02-24,消费者服务,CI005015.WI,29.4662,3.2642,110.688
2019-03-03,消费者服务,CI005015.WI,30.0869,3.3534,167.5457
2019-03-10,消费者服务,CI005015.WI,28.8514,3.2162,199.0185
2019-03-17,消费者服务,CI005015.WI,30.0457,3.3493,170.969
2019-03-24,消费者服务,CI005015.WI,32.1787,3.5936,227.7992
2019-03-31,消费者服务,CI005015.WI,32.6872,3.7106,288.794
2019-04-07,消费者服务,CI005015.WI,34.0213,3.858,208.5995
2019-04-14,消费者服务,CI005015.WI,34.4015,3.7553,237.8935
2019-04-21,消费者服务,CI005015.WI,37.0205,3.9452,184.9716
2019-04-28,消费者服务,CI005015.WI,31.748,3.6437,190.0547
2019-05-05,消费者服务,CI005015.WI,31.4758,3.5963,62.5159
2019-05-12,消费者服务,CI005015.WI,30.3404,3.4669,130.8332
2019-05-19,消费者服务,CI005015.WI,29.8728,3.4197,103.5017
2019-05-26,消费者服务,CI005015.WI,29.4363,3.3697,81.8895
2019-06-02,消费者服务,CI005015.WI,29.8135,3.4167,84.3229
2019-06-09,消费者服务,CI005015.WI,28.4935,3.2673,59.4738
2019-06-16,消费者服务,CI005015.WI,29.7786,3.4453,82.2081
2019-06-23,消费者服务,CI005015.WI,31.7687,3.6766,107.1696
2019-06-30,消费者服务,CI005015.WI,32.3861,3.8065,92.4097
2019-07-07,消费者服务,CI005015.WI,32.2585,3.7931,138.6074
2019-07-14,消费者服务,CI005015.WI,32.2202,3.7905,93.9701
2019-07-21,消费者服务,CI005015.WI,31.7906,3.669,79.2984
2019-07-28,消费者服务,CI005015.WI,32.7067,3.7697,74.4339
2019-08-04,消费者服务,CI005015.WI,32.1005,3.718,75.895
2019-08-11,消费者服务,CI005015.WI,30.7708,3.564,84.7365
2019-08-18,消费者服务,CI005015.WI,31.6398,3.6588,83.7723
2019-08-25,消费者服务,CI005015.WI,32.5779,3.7724,100.4055
2019-09-01,消费者服务,CI005015.WI,33.9098,3.8443,131.7518
2019-09-08,消费者服务,CI005015.WI,34.0242,3.8587,154.4693
2019-09-15,消费者服务,CI005015.WI,33.7772,3.8307,104.9794
2019-09-22,消费者服务,CI005015.WI,34.1383,3.8717,138.2372
2019-09-29,消费者服务,CI005015.WI,33.5606,3.8062,107.4874
2019-10-06,消费者服务,CI005015.WI,33.4671,3.7956,15.1307
2019-10-13,消费者服务,CI005015.WI,33.362,3.7836,84.8429
2019-10-20,消费者服务,CI005015.WI,33.6053,3.8123,73.4791
2019-10-27,消费者服务,CI005015.WI,32.8088,3.6782,78.4537
2019-11-03,消费者服务,CI005015.WI,33.9062,3.5892,89.19
2019-11-10,消费者服务,CI005015.WI,34.2905,3.6299,94.7493
2019-11-17,消费者服务,CI005015.WI,32.5478,3.4454,104.5666
2019-11-24,消费者服务,CI005015.WI,32.6588,3.4571,89.058
2019-12-01,消费者服务,CI005015.WI,31.5784,2.2158,89.3457
2019-12-08,消费者服务,CI005015.WI,44.614,4.5104,141.1078
2019-12-15,消费者服务,CI005015.WI,45.0288,4.5524,170.5491
2019-12-22,消费者服务,CI005015.WI,44.9161,4.541,230.2643
2019-12-29,消费者服务,CI005015.WI,44.857,4.535,154.4801
2020-01-05,消费者服务,CI005015.WI,45.9696,4.6475,65.9026
2020-01-12,消费者服务,CI005015.WI,47.1753,4.7678,189.2767
2020-01-19,消费者服务,CI005015.WI,45.5367,4.6306,183.1209
2020-01-26,消费者服务,CI005015.WI,41.4983,4.22,249.1185
2020-02-09,消费者服务,CI005015.WI,41.7557,4.2482,362.9359
2020-02-16,消费者服务,CI005015.WI,41.6126,4.2337,335.258
2020-02-23,消费者服务,CI005015.WI,45.0062,4.579,363.0087
2020-03-01,消费者服务,CI005015.WI,41.4918,4.4781,374.3938
2020-03-08,消费者服务,CI005015.WI,43.4483,4.6893,311.7746
2020-03-15,消费者服务,CI005015.WI,42.8275,4.6223,331.2351
2020-03-22,消费者服务,CI005015.WI,45.9641,4.5462,303.3681
2020-03-29,消费者服务,CI005015.WI,44.6105,4.3991,262.8218
2020-04-05,消费者服务,CI005015.WI,41.4956,4.2504,204.3419
2020-04-12,消费者服务,CI005015.WI,43.7454,4.4611,203.5386
2020-04-19,消费者服务,CI005015.WI,46.9184,4.5521,207.2188
2020-04-26,消费者服务,CI005015.WI,60.3041,4.6564,230.1215
2020-05-03,消费者服务,CI005015.WI,86.4694,4.9923,209.984
2020-05-10,消费者服务,CI005015.WI,86.9457,5.0198,136.8676
2020-05-17,消费者服务,CI005015.WI,87.2135,5.0236,188.2322
2020-05-24,消费者服务,CI005015.WI,85.8516,5.0036,184.3289
2020-05-31,消费者服务,CI005015.WI,96.8852,5.5189,223.9004
2020-06-07,消费者服务,CI005015.WI,98.2024,5.6205,329.4479
2020-06-14,消费者服务,CI005015.WI,103.1295,5.9391,327.4998
2020-06-21,消费者服务,CI005015.WI,105.6322,6.089,319.7538
2020-06-28,消费者服务,CI005015.WI,103.3133,5.8856,158.2814
2020-07-05,消费者服务,CI005015.WI,127.8311,6.8977,403.7527
2020-07-12,消费者服务,CI005015.WI,140.435,7.6012,717.2343
2020-07-19,消费者服务,CI005015.WI,138.0829,7.5721,822.6481
2020-07-26,消费者服务,CI005015.WI,140.7973,7.7209,712.6661
2020-08-02,消费者服务,CI005015.WI,157.3296,8.4418,497.3561
2020-08-09,消费者服务,CI005015.WI,166.1924,8.3472,570.0932
2020-08-16,消费者服务,CI005015.WI,166.6566,8.2226,515.6224
2020-08-23,消费者服务,CI005015.WI,169.9998,8.0149,456.5048
2020-08-30,消费者服务,CI005015.WI,265.1126,8.3508,385.0389
2020-09-06,消费者服务,CI005015.WI,336.5084,8.4625,473.2755
2020-09-13,消费者服务,CI005015.WI,315.6329,7.9372,449.4587
2020-09-20,消费者服务,CI005015.WI,321.4957,8.0847,419.5605
2020-09-27,消费者服务,CI005015.WI,318.5639,8.011,369.9752
2020-10-04,消费者服务,CI005015.WI,322.903,8.1201,208.3464
2020-10-11,消费者服务,CI005015.WI,309.8203,7.7907,115.4046
2020-10-18,消费者服务,CI005015.WI,221.0846,7.8347,357.783
2020-10-25,消费者服务,CI005015.WI,209.9952,7.6582,267.1634
2020-11-01,消费者服务,CI005015.WI,285.9286,7.6896,286.0824
2020-11-08,消费者服务,CI005015.WI,278.1588,7.7429,298.3157
2020-11-15,消费者服务,CI005015.WI,278.951,7.7649,400.1482
2020-11-22,消费者服务,CI005015.WI,274.0355,7.6281,343.949
2020-11-29,消费者服务,CI005015.WI,270.6784,7.5191,281.3558
2020-12-06,消费者服务,CI005015.WI,280.3818,7.6589,253.8205
2020-12-13,消费者服务,CI005015.WI,281.2624,7.683,254.9214
2020-12-20,消费者服务,CI005015.WI,290.7115,7.9411,310.3945
2020-12-27,消费者服务,CI005015.WI,308.3003,8.4216,342.0757
2021-01-03,消费者服务,CI005015.WI,319.3867,8.7244,258.7983
2021-01-10,消费者服务,CI005015.WI,319.1209,8.7122,411.06
2021-01-17,消费者服务,CI005015.WI,305.2408,8.3332,437.5035
2021-01-24,消费者服务,CI005015.WI,314.2464,8.5563,438.1726
2021-01-31,消费者服务,CI005015.WI,185.0443,8.8617,459.8191
2021-02-07,消费者服务,CI005015.WI,201.8282,9.6654,501.9145
2021-02-14,消费者服务,CI005015.WI,217.2494,10.4039,263.3757
2021-02-21,消费者服务,CI005015.WI,211.7599,10.141,253.9742
2021-02-28,消费者服务,CI005015.WI,215.1696,9.0023,589.8177
2021-03-07,消费者服务,CI005015.WI,215.4841,9.0154,486.5545
2021-03-14,消费者服务,CI005015.WI,214.4727,8.9585,539.3267
2021-03-21,消费者服务,CI005015.WI,213.9529,8.8443,521.3774
2021-03-28,消费者服务,CI005015.WI,223.2911,8.6809,459.6613
2021-04-04,消费者服务,CI005015.WI,263.3433,9.0496,423.4515
2021-04-11,消费者服务,CI005015.WI,248.3787,8.5801,311.9593
2021-04-18,消费者服务,CI005015.WI,783.3707,8.1162,559.0323
2021-04-25,消费者服务,CI005015.WI,246.2971,8.5205,500.1534
2021-05-02,消费者服务,CI005015.WI,190.8453,8.8038,438.4385
2021-05-09,消费者服务,CI005015.WI,176.6172,8.1748,179.1482
2021-05-16,消费者服务,CI005015.WI,184.7508,8.5513,315.2355
2021-05-23,消费者服务,CI005015.WI,186.5092,8.6314,314.775
2021-05-30,消费者服务,CI005015.WI,197.4571,9.1381,356.9543
2021-06-06,消费者服务,CI005015.WI,190.3243,8.8731,349.1472
2021-06-13,消费者服务,CI005015.WI,186.4892,8.6943,329.5129
2021-06-20,消费者服务,CI005015.WI,174.2962,8.1362,316.1719
2021-06-27,消费者服务,CI005015.WI,176.5921,8.3655,402.84
2021-07-04,消费者服务,CI005015.WI,168.2844,7.9759,368.5479
2021-07-11,消费者服务,CI005015.WI,128.6025,7.4541,356.5708
2021-07-18,消费者服务,CI005015.WI,128.5441,7.451,380.2216
2021-07-25,消费者服务,CI005015.WI,128.4681,7.3992,375.3552
2021-08-01,消费者服务,CI005015.WI,111.5692,6.4751,428.0939
2021-08-08,消费者服务,CI005015.WI,111.367,6.5015,374.656
2021-08-15,消费者服务,CI005015.WI,114.027,6.7147,318.5568
2021-08-22,消费者服务,CI005015.WI,105.6105,6.3164,384.4069
2021-08-29,消费者服务,CI005015.WI,95.2214,6.4573,383.4796
2021-09-05,消费者服务,CI005015.WI,91.8027,6.4294,484.7329
2021-09-12,消费者服务,CI005015.WI,96.9894,6.7927,478.2036
2021-09-19,消费者服务,CI005015.WI,92.7005,6.4923,431.7177
2021-09-26,消费者服务,CI005015.WI,91.8047,6.4323,208.7674
2021-10-03,消费者服务,CI005015.WI,93.1997,6.5348,272.0171
2021-10-10,消费者服务,CI005015.WI,96.5455,6.7694,89.8842
2021-10-17,消费者服务,CI005015.WI,97.9847,6.8813,422.3787
2021-10-24,消费者服务,CI005015.WI,99.6222,6.7178,399.1009
2021-10-31,消费者服务,CI005015.WI,126.9985,6.5391,297.0617
2021-11-07,消费者服务,CI005015.WI,115.9339,5.9765,440.084
2021-11-14,消费者服务,CI005015.WI,115.6969,5.9643,368.9874
2021-11-21,消费者服务,CI005015.WI,115.7369,5.9664,315.8117
2021-11-28,消费者服务,CI005015.WI,111.0777,5.7262,328.794
2021-12-05,消费者服务,CI005015.WI,104.2546,5.5371,338.4178
2021-12-12,消费者服务,CI005015.WI,113.8387,6.0461,405.1205
2021-12-19,消费者服务,CI005015.WI,108.6356,5.7704,351.3886
2021-12-26,消费者服务,CI005015.WI,109.0877,5.6771,337.5002
2022-01-02,消费者服务,CI005015.WI,111.4224,5.7986,293.1053
2022-01-09,消费者服务,CI005015.WI,108.2828,5.6536,353.1701
2022-01-16,消费者服务,CI005015.WI,106.1477,5.5403,418.6217
2022-01-23,消费者服务,CI005015.WI,139.7864,5.4882,467.5779
2022-01-30,消费者服务,CI005015.WI,140.9904,5.4555,483.508
2022-02-13,消费者服务,CI005015.WI,152.2701,5.892,603.0519
2022-02-20,消费者服务,CI005015.WI,150.3653,5.8183,663.7187
2022-02-27,消费者服务,CI005015.WI,135.8343,5.6165,531.1308
2022-03-06,消费者服务,CI005015.WI,135.675,5.598,483.3182
2022-03-13,消费者服务,CI005015.WI,125.6383,5.1344,591.6957
2022-03-20,消费者服务,CI005015.WI,123.3746,5.0267,634.2171
2022-03-27,消费者服务,CI005015.WI,115.1054,4.7363,447.6065
2022-04-03,消费者服务,CI005015.WI,125.092,5.001,519.002
2022-04-10,消费者服务,CI005015.WI,121.1921,4.8478,380.0851
2022-04-17,消费者服务,CI005015.WI,101.3086,5.0958,761.623
2022-04-24,消费者服务,CI005015.WI,91.0384,4.8387,520.7356
2022-05-01,消费者服务,CI005015.WI,287.3668,5.0801,476.8064
2022-05-08,消费者服务,CI005015.WI,266.4342,4.7101,159.3566
2022-05-15,消费者服务,CI005015.WI,279.4531,4.9446,373.615
2022-05-22,消费者服务,CI005015.WI,283.7955,5.0216,369.845
2022-05-29,消费者服务,CI005015.WI,277.5725,4.9298,407.4987
2022-06-05,消费者服务,CI005015.WI,286.0137,5.094,428.3006
2022-06-12,消费者服务,CI005015.WI,297.0728,5.2909,448.6128
2022-06-19,消费者服务,CI005015.WI,302.8041,5.3962,513.2356
2022-06-26,消费者服务,CI005015.WI,196.1245,5.5877,515.3397
2022-07-03,消费者服务,CI005015.WI,210.5128,6.0106,949.498
2022-07-10,消费者服务,CI005015.WI,200.8178,5.736,537.7047
2022-07-17,消费者服务,CI005015.WI,195.6819,5.7067,396.1274
2022-07-24,消费者服务,CI005015.WI,201.3091,5.8725,392.9636
2022-07-31,消费者服务,CI005015.WI,278.5752,5.734,391.1765
2022-08-07,消费者服务,CI005015.WI,266.8882,5.4998,312.585
2022-08-14,消费者服务,CI005015.WI,276.0158,5.4303,282.557
2022-08-21,消费者服务,CI005015.WI,268.7964,5.2871,277.5301
2022-08-28,消费者服务,CI005015.WI,340.737,5.0091,308.0342
2022-09-04,消费者服务,CI005015.WI,872.4702,4.7748,371.2941
2022-09-11,消费者服务,CI005015.WI,900.1946,4.9266,297.0584
2022-09-18,消费者服务,CI005015.WI,891.6096,4.8802,247.349
2022-09-25,消费者服务,CI005015.WI,872.0307,4.7166,347.6914
2022-10-02,消费者服务,CI005015.WI,900.5322,4.8707,442.8915
2022-10-16,消费者服务,CI005015.WI,871.8169,4.7167,279.1129
2022-10-23,消费者服务,CI005015.WI,859.4522,4.6499,418.3885
2022-10-30,消费者服务,CI005015.WI,4180.6621,4.4266,426.0517
2022-11-06,消费者服务,CI005015.WI,3055.2507,5.0444,682.9824
2022-11-13,消费者服务,CI005015.WI,3037.6008,5.0151,642.7937
2022-11-20,消费者服务,CI005015.WI,2994.4285,4.9438,697.6522
2022-11-27,消费者服务,CI005015.WI,2808.0486,4.6359,451.0474
2022-12-04,消费者服务,CI005015.WI,3105.3521,5.1204,878.1868
2022-12-11,消费者服务,CI005015.WI,3253.9768,5.3655,897.7704
2022-12-18,消费者服务,CI005015.WI,3377.7158,5.5619,832.2493
2022-12-25,消费者服务,CI005015.WI,3383.0171,5.565,823.9468
2023-01-01,消费者服务,CI005015.WI,3326.2183,5.4673,1048.9617
2023-01-08,消费者服务,CI005015.WI,,5.4848,717.3904
2023-01-15,消费者服务,CI005015.WI,,5.5372,734.6032
2023-01-22,消费者服务,CI005015.WI,,5.6187,663.261
2023-02-05,消费者服务,CI005015.WI,,5.3547,797.1449
2023-02-12,消费者服务,CI005015.WI,,5.3448,600.8013
2023-02-19,消费者服务,CI005015.WI,,5.2925,696.4491
2023-02-26,消费者服务,CI005015.WI,,5.2489,455.4988
2023-03-05,消费者服务,CI005015.WI,,5.3068,542.4483
2023-03-12,消费者服务,CI005015.WI,,4.9969,601.9463
2023-03-19,消费者服务,CI005015.WI,,4.9932,482.8396
2023-03-26,消费者服务,CI005015.WI,,5.1138,578.0963
2023-04-02,消费者服务,CI005015.WI,,5.1499,658.8862
2023-04-09,消费者服务,CI005015.WI,,5.1794,593.8634
2023-04-16,消费者服务,CI005015.WI,,5.0446,930.1639
2023-04-23,消费者服务,CI005015.WI,,4.7772,815.988
2023-04-30,消费者服务,CI005015.WI,229.7478,4.6953,749.1434
2023-05-07,消费者服务,CI005015.WI,222.0497,4.538,372.8218
2023-05-14,消费者服务,CI005015.WI,211.8194,4.3289,835.5543
2023-05-21,消费者服务,CI005015.WI,204.8119,4.1859,638.1146
2023-05-28,消费者服务,CI005015.WI,200.83,4.1105,470.4696
2023-06-04,消费者服务,CI005015.WI,199.5251,4.0838,649.4366
2023-06-11,消费者服务,CI005015.WI,198.4786,4.0847,701.0116
2023-06-18,消费者服务,CI005015.WI,211.0094,4.3426,789.1276
2023-06-25,消费者服务,CI005015.WI,200.4959,4.1285,325.9285
2023-07-02,消费者服务,CI005015.WI,189.38,3.8997,486.9263
2023-07-09,消费者服务,CI005015.WI,179.9361,3.8967,457.9533
2023-07-16,消费者服务,CI005015.WI,178.0433,3.9893,525.1228
2023-07-23,消费者服务,CI005015.WI,174.7263,3.9746,393.5311
2023-07-30,消费者服务,CI005015.WI,188.836,4.1795,521.8675
2023-08-06,消费者服务,CI005015.WI,188.4955,4.1818,585.9047
2023-08-13,消费者服务,CI005015.WI,177.1868,4.044,352.4138
2023-08-20,消费者服务,CI005015.WI,161.2634,3.8669,399.6642
2023-08-27,消费者服务,CI005015.WI,126.2611,3.604,334.3989
2023-09-03,消费者服务,CI005015.WI,90.2266,3.6749,425.6503
2023-09-10,消费者服务,CI005015.WI,90.4854,3.6855,415.1836
2023-09-17,消费者服务,CI005015.WI,88.7038,3.6129,383.6509
2023-09-24,消费者服务,CI005015.WI,87.9253,3.5832,440.2712
2023-10-01,消费者服务,CI005015.WI,86.6964,3.5332,250.2119
2023-10-15,消费者服务,CI005015.WI,75.6781,3.2848,417.132
2023-10-22,消费者服务,CI005015.WI,69.4789,3.0905,281.2432
2023-10-29,消费者服务,CI005015.WI,68.2342,3.1333,327.9973
2023-11-05,消费者服务,CI005015.WI,59.7904,3.1068,268.9066
2023-11-12,消费者服务,CI005015.WI,59.9481,3.115,310.2502
2023-11-19,消费者服务,CI005015.WI,60.6971,3.1533,334.2324
2023-11-26,消费者服务,CI005015.WI,60.7188,3.1544,420.3584
2023-12-03,消费者服务,CI005015.WI,62.2872,3.1922,418.1103
2023-12-10,消费者服务,CI005015.WI,59.7653,3.0629,487.1685
2023-12-17,消费者服务,CI005015.WI,59.0303,3.0253,554.0117
2023-12-24,消费者服务,CI005015.WI,57.3134,2.9372,490.2507
2023-12-31,消费者服务,CI005015.WI,59.2215,3.035,366.7421
2024-01-14,消费者服务,CI005015.WI,52.0076,2.9745,589.2173
2024-01-21,消费者服务,CI005015.WI,52.4786,3.0014,719.7107
2024-01-28,消费者服务,CI005015.WI,52.57,3.0068,576.147
2024-02-04,消费者服务,CI005015.WI,46.5921,2.6167,506.815
2024-02-11,消费者服务,CI005015.WI,48.4493,2.721,416.4355
2024-02-25,消费者服务,CI005015.WI,51.6811,2.9025,544.7843
2024-03-03,消费者服务,CI005015.WI,52.0946,2.9182,568.7594
2024-03-10,消费者服务,CI005015.WI,50.3057,2.8182,504.6206
2024-03-17,消费者服务,CI005015.WI,52.5921,2.9974,555.3329
2024-03-24,消费者服务,CI005015.WI,51.9062,2.964,555.4624
2024-03-31,消费者服务,CI005015.WI,49.0513,2.912,447.0673
2024-04-07,消费者服务,CI005015.WI,48.6309,2.9241,278.7849
2024-04-14,消费者服务,CI005015.WI,47.2644,2.8257,640.4934
2024-04-21,消费者服务,CI005015.WI,43.4773,2.6376,640.5312
2024-04-28,消费者服务,CI005015.WI,37.485,2.6477,525.5599
2024-05-05,消费者服务,CI005015.WI,41.2917,2.6966,234.5602
2024-05-12,消费者服务,CI005015.WI,40.961,2.6745,419.3965
2024-05-19,消费者服务,CI005015.WI,41.5816,2.7162,385.0188
2024-05-26,消费者服务,CI005015.WI,40.1081,2.6234,501.8755
2024-06-02,消费者服务,CI005015.WI,39.4653,2.593,289.304
2024-06-09,消费者服务,CI005015.WI,38.1577,2.5107,329.1238
2024-06-16,消费者服务,CI005015.WI,37.434,2.5124,221.0802
2024-06-23,消费者服务,CI005015.WI,35.469,2.3844,258.099
2024-06-30,消费者服务,CI005015.WI,34.4703,2.3208,283.3191
2024-07-07,消费者服务,CI005015.WI,34.782,2.3416,356.0306
2024-07-14,消费者服务,CI005015.WI,36.9795,2.3639,323.0305
2024-07-21,消费者服务,CI005015.WI,36.8623,2.4047,312.6718
2024-07-28,消费者服务,CI005015.WI,35.6052,2.3228,249.4899
2024-08-04,消费者服务,CI005015.WI,36.8564,2.4063,361.2268
2024-08-11,消费者服务,CI005015.WI,33.9341,2.3883,636.983
2024-08-18,消费者服务,CI005015.WI,32.6976,2.3128,280.7357
2024-08-25,消费者服务,CI005015.WI,32.519,2.2471,248.0672
2024-09-01,消费者服务,CI005015.WI,32.3894,2.2817,298.0057
2024-09-08,消费者服务,CI005015.WI,31.6437,2.2219,300.307
2024-09-15,消费者服务,CI005015.WI,30.5005,2.1416,281.6642
2024-09-22,消费者服务,CI005015.WI,30.7427,2.1586,164.7737
2024-09-29,消费者服务,CI005015.WI,37.0766,2.6052,625.5883
2024-10-06,消费者服务,CI005015.WI,41.046,2.8841,291.5325
2024-10-13,消费者服务,CI005015.WI,37.5296,2.6375,988.9328
2024-10-20,消费者服务,CI005015.WI,40.169,2.6531,623.2103
2024-10-27,消费者服务,CI005015.WI,42.0745,2.7359,801.7536
2024-11-03,消费者服务,CI005015.WI,43.5847,2.7636,1034.4386
2024-11-10,消费者服务,CI005015.WI,46.7982,2.9684,1175.5355
2024-11-17,消费者服务,CI005015.WI,45.2256,2.8686,967.1331
2024-11-24,消费者服务,CI005015.WI,42.6311,2.704,714.8591
2024-12-01,消费者服务,CI005015.WI,44.5552,2.8261,712.0178
2024-12-08,消费者服务,CI005015.WI,46.3759,2.9415,875.1148
2024-12-15,消费者服务,CI005015.WI,48.2501,3.0604,1312.3073
2024-12-22,消费者服务,CI005015.WI,46.0876,2.9233,1154.3795
2024-12-29,消费者服务,CI005015.WI,44.0437,2.7936,642.8864
2025-01-05,消费者服务,CI005015.WI,40.3106,2.5568,494.0044
2025-01-12,消费者服务,CI005015.WI,38.5919,2.4478,419.697
2025-01-19,消费者服务,CI005015.WI,45.1339,2.5625,478.5418
2025-01-26,消费者服务,CI005015.WI,46.3941,2.5657,502.5328
2025-02-02,消费者服务,CI005015.WI,45.9964,2.5437,91.4434
2025-02-09,消费者服务,CI005015.WI,47.1717,2.6087,395.4165
2025-02-16,消费者服务,CI005015.WI,48.6197,2.6887,818.8053
2025-02-23,消费者服务,CI005015.WI,48.6661,2.6913,736.9832
2025-03-02,消费者服务,CI005015.WI,47.3754,2.6242,614.3809
2025-03-09,消费者服务,CI005015.WI,48.7906,2.7026,554.5972
2025-03-16,消费者服务,CI005015.WI,50.0607,2.7729,550.3697
2025-03-23,消费者服务,CI005015.WI,48.8572,2.7165,611.298
2025-03-30,消费者服务,CI005015.WI,47.8551,2.6896,662.5824
2025-04-06,消费者服务,CI005015.WI,48.8263,2.7135,376.8947
2025-04-13,消费者服务,CI005015.WI,50.725,2.7659,923.1392
2025-04-20,消费者服务,CI005015.WI,50.1683,2.7347,858.2172
2025-04-27,消费者服务,CI005015.WI,47.71,2.6824,604.0501
2025-05-04,消费者服务,CI005015.WI,50.9997,2.5974,306.6781
2025-05-11,消费者服务,CI005015.WI,51.0482,2.5999,332.9114
2025-05-18,消费者服务,CI005015.WI,50.9888,2.5969,329.0042
2025-05-25,消费者服务,CI005015.WI,50.0071,2.5516,357.3695
2025-06-01,消费者服务,CI005015.WI,49.9873,2.5532,259.192
2025-06-08,消费者服务,CI005015.WI,51.1041,2.6113,324.7487
2025-06-15,消费者服务,CI005015.WI,50.2781,2.5761,519.2631
2025-06-22,消费者服务,CI005015.WI,49.1773,2.5521,360.6431
2025-06-29,消费者服务,CI005015.WI,50.8208,2.651,428.0229
2025-07-06,消费者服务,CI005015.WI,51.0151,2.6696,440.2945
2025-07-13,消费者服务,CI005015.WI,51.949,2.7199,468.761
2025-07-20,消费者服务,CI005015.WI,52.2211,2.7361,479.6524
2025-07-27,消费者服务,CI005015.WI,56.1889,2.8389,696.5491
2025-08-03,消费者服务,CI005015.WI,55.0992,2.7847,649.054
2025-08-10,消费者服务,CI005015.WI,55.274,2.7939,524.1462
2025-08-17,消费者服务,CI005015.WI,55.3267,2.806,606.7615
2025-08-24,消费者服务,CI005015.WI,57.8656,2.9314,848.7096
2025-08-31,消费者服务,CI005015.WI,60.1685,2.9294,1060.8922
2025-09-07,消费者服务,CI005015.WI,60.8336,2.9615,1018.1762
2025-09-14,消费者服务,CI005015.WI,60.6652,2.9533,847.5202
2025-09-21,消费者服务,CI005015.WI,62.9023,3.0622,1099.2913
2025-09-28,消费者服务,CI005015.WI,58.6549,2.8558,829.7466
2025-10-05,消费者服务,CI005015.WI,58.7524,2.8606,238.8616
2025-10-12,消费者服务,CI005015.WI,57.0975,2.78,241.7939
2025-10-19,消费者服务,CI005015.WI,56.6801,2.7602,470.4873
2025-10-26,消费者服务,CI005015.WI,57.579,2.8132,505.2238
2025-11-02,消费者服务,CI005015.WI,64.9793,2.8564,607.5856
2025-11-09,消费者服务,CI005015.WI,65.7943,2.8896,773.0109
2025-11-16,消费者服务,CI005015.WI,69.3346,3.045,1047.3153
2025-11-23,消费者服务,CI005015.WI,64.6767,2.841,754.8959
2025-11-30,消费者服务,CI005015.WI,66.1299,2.9048,653.436
2025-12-07,消费者服务,CI005015.WI,66.079,2.9026,676.5915
2025-12-14,消费者服务,CI005015.WI,64.9377,2.8524,624.49
2025-12-21,消费者服务,CI005015.WI,67.7301,2.9835,708.1621
2025-12-28,消费者服务,CI005015.WI,69.3781,3.0568,941.9103
2026-01-04,消费者服务,CI005015.WI,70.1588,3.0912,458.8438
2026-01-11,消费者服务,CI005015.WI,71.7491,3.1612,889.275
2026-01-18,消费者服务,CI005015.WI,70.9043,3.124,1282.4143
2026-01-25,消费者服务,CI005015.WI,72.8952,3.2126,895.4864
2026-02-01,消费者服务,CI005015.WI,71.0113,3.1132,782.3226
2026-02-08,消费者服务,CI005015.WI,71.664,3.1418,713.5864
2026-02-15,消费者服务,CI005015.WI,71.6192,3.1398,700.7408
2026-03-01,消费者服务,CI005015.WI,68.1491,2.9915,474.8424
2026-03-08,消费者服务,CI005015.WI,65.5406,2.877,505.7782
2026-03-15,消费者服务,CI005015.WI,64.6838,2.8394,389.2958
2026-03-22,消费者服务,CI005015.WI,61.3664,2.7636,380.7706
2026-03-29,消费者服务,CI005015.WI,57.5608,2.732,401.147
2026-04-05,消费者服务,CI005015.WI,54.5108,2.6197,343.707
2026-04-12,消费者服务,CI005015.WI,54.4553,2.6801,319.9088
2026-04-19,消费者服务,CI005015.WI,51.3098,2.6438,508.0204
2026-04-26,消费者服务,CI005015.WI,55.6462,2.5994,485.0092
2026-05-03,消费者服务,CI005015.WI,51.9983,2.5694,357.5402
2026-05-10,消费者服务,CI005015.WI,49.9326,2.5207,282.7917
2026-05-17,消费者服务,CI005015.WI,47.9085,2.4185,473.5537
2026-05-24,消费者服务,CI005015.WI,46.143,2.3393,382.3282
2026-05-31,消费者服务,CI005015.WI,46.4318,2.3541,466.4187
2026-06-07,消费者服务,CI005015.WI,45.1927,2.2933,458.4269
2026-06-14,消费者服务,CI005015.WI,44.7748,2.2836,463.6807
2026-06-21,消费者服务,CI005015.WI,43.0025,2.2066,322.8954
2026-06-28,消费者服务,CI005015.WI,40.6797,2.0868,383.0045
2026-07-05,消费者服务,CI005015.WI,40.8995,2.1776,383.855
2026-07-12,消费者服务,CI005015.WI,41.1669,2.1938,435.7459
2026-07-19,消费者服务,CI005015.WI,39.9082,2.1581,425.3435
2026-07-26,消费者服务,CI005015.WI,39.7105,2.1238,440.4938
2026-08-02,消费者服务,CI005015.WI,43.6423,2.334,548.0622
2026-08-09,消费者服务,CI005015.WI,43.7461,2.3396,551.8156
2016-01-10,煤炭,CI005002.WI,73.4395,1.2969,426.1352
2016-01-17,煤炭,CI005002.WI,64.1037,1.1321,525.789
2016-01-24,煤炭,CI005002.WI,64.62,1.1412,323.904
2016-01-31,煤炭,CI005002.WI,171.8833,1.0998,335.1065
2016-02-07,煤炭,CI005002.WI,167.355,1.0661,196.0772
2016-02-21,煤炭,CI005002.WI,173.9386,1.1081,289.2293
2016-02-28,煤炭,CI005002.WI,264.0187,1.1368,442.1253
2016-03-06,煤炭,CI005002.WI,233.23,1.2149,485.1938
2016-03-13,煤炭,CI005002.WI,219.4516,1.1431,356.0637
2016-03-20,煤炭,CI005002.WI,230.6231,1.1885,244.9491
2016-03-27,煤炭,CI005002.WI,311.5003,1.1697,246.6193
2016-04-03,煤炭,CI005002.WI,1106.2996,1.1868,227.3352
2016-04-10,煤炭,CI005002.WI,,1.1903,221.7417
2016-04-17,煤炭,CI005002.WI,,1.2799,482.5883
2016-04-24,煤炭,CI005002.WI,,1.2476,386.1283
2016-05-01,煤炭,CI005002.WI,,1.2619,275.3978
2016-05-08,煤炭,CI005002.WI,,1.2029,209.3752
2016-05-15,煤炭,CI005002.WI,,1.1385,171.5709
2016-05-22,煤炭,CI005002.WI,,1.1292,135.028
2016-05-29,煤炭,CI005002.WI,,1.1326,122.8641
2016-06-05,煤炭,CI005002.WI,,1.1631,157.412
2016-06-12,煤炭,CI005002.WI,,1.1557,74.6237
2016-06-19,煤炭,CI005002.WI,,1.1445,155.9341
2016-06-26,煤炭,CI005002.WI,,1.1645,210.9307
2016-07-03,煤炭,CI005002.WI,,1.2064,181.426
2016-07-10,煤炭,CI005002.WI,,1.2439,272.1689
2016-07-17,煤炭,CI005002.WI,,1.3271,369.8924
2016-07-24,煤炭,CI005002.WI,,1.2921,203.7515
2016-07-31,煤炭,CI005002.WI,,1.2659,205.1991
2016-08-07,煤炭,CI005002.WI,,1.2785,181.5189
2016-08-14,煤炭,CI005002.WI,,1.3337,397.8572
2016-08-21,煤炭,CI005002.WI,,1.3308,406.4526
2016-08-28,煤炭,CI005002.WI,,1.3093,199.2788
2016-09-04,煤炭,CI005002.WI,,1.3127,177.557
2016-09-11,煤炭,CI005002.WI,,1.3262,263.8472
2016-09-18,煤炭,CI005002.WI,,1.2778,126.202
2016-09-25,煤炭,CI005002.WI,,1.3126,201.556
2016-10-02,煤炭,CI005002.WI,,1.332,206.551
2016-10-16,煤炭,CI005002.WI,,1.3605,258.9721
2016-10-23,煤炭,CI005002.WI,,1.3872,298.4122
2016-10-30,煤炭,CI005002.WI,185.2694,1.4421,557.7104
2016-11-06,煤炭,CI005002.WI,185.1705,1.4541,403.0092
2016-11-13,煤炭,CI005002.WI,192.6251,1.5126,586.1713
2016-11-20,煤炭,CI005002.WI,187.7208,1.4741,540.4468
2016-11-27,煤炭,CI005002.WI,189.6203,1.489,411.6825
2016-12-04,煤炭,CI005002.WI,179.1129,1.4065,341.335
2016-12-11,煤炭,CI005002.WI,180.6708,1.4188,225.4725
2016-12-18,煤炭,CI005002.WI,171.3856,1.3458,227.9784
2016-12-25,煤炭,CI005002.WI,166.806,1.3099,194.6141
2017-01-01,煤炭,CI005002.WI,168.0994,1.32,159.1436
2017-01-08,煤炭,CI005002.WI,170.885,1.3419,162.9173
2017-01-15,煤炭,CI005002.WI,169.8273,1.3324,213.6315
2017-01-22,煤炭,CI005002.WI,137.751,1.34,168.5379
2017-01-29,煤炭,CI005002.WI,153.1795,1.3691,123.5198
2017-02-05,煤炭,CI005002.WI,151.0688,1.3503,27.3502
2017-02-12,煤炭,CI005002.WI,155.7008,1.3878,196.5099
2017-02-19,煤炭,CI005002.WI,155.7119,1.3879,334.7303
2017-02-26,煤炭,CI005002.WI,151.9514,1.3779,257.269
2017-03-05,煤炭,CI005002.WI,150.1654,1.366,211.852
2017-03-12,煤炭,CI005002.WI,80.9307,1.3371,191.3278
2017-03-19,煤炭,CI005002.WI,52.9146,1.3453,195.7765
2017-03-26,煤炭,CI005002.WI,47.6451,1.4174,260.4375
2017-04-02,煤炭,CI005002.WI,37.5674,1.4184,214.9817
2017-04-09,煤炭,CI005002.WI,36.7124,1.4324,186.8203
2017-04-16,煤炭,CI005002.WI,35.6212,1.4256,325.6665
2017-04-23,煤炭,CI005002.WI,32.9533,1.3731,219.8112
2017-04-30,煤炭,CI005002.WI,18.2259,1.3174,162.6567
2017-05-07,煤炭,CI005002.WI,17.7992,1.2866,147.7891
2017-05-14,煤炭,CI005002.WI,17.4304,1.2599,135.9109
2017-05-21,煤炭,CI005002.WI,17.7469,1.2828,127.7167
2017-05-28,煤炭,CI005002.WI,18.3702,1.3278,160.3304
2017-06-04,煤炭,CI005002.WI,18.5792,1.343,98.9012
2017-06-11,煤炭,CI005002.WI,18.8673,1.3639,125.5981
2017-06-18,煤炭,CI005002.WI,19.1463,1.3956,168.5347
2017-06-25,煤炭,CI005002.WI,19.2169,1.4016,153.7762
2017-07-02,煤炭,CI005002.WI,19.7156,1.4385,241.1399
2017-07-09,煤炭,CI005002.WI,20.5028,1.4963,341.8462
2017-07-16,煤炭,CI005002.WI,19.2577,1.5315,392.0151
2017-07-23,煤炭,CI005002.WI,20.326,1.62,760.7652
2017-07-30,煤炭,CI005002.WI,19.802,1.5804,633.5003
2017-08-06,煤炭,CI005002.WI,20.0612,1.6115,839.413
2017-08-13,煤炭,CI005002.WI,19.5618,1.571,939.3599
2017-08-20,煤炭,CI005002.WI,19.0591,1.5891,530.8687
2017-08-27,煤炭,CI005002.WI,16.2556,1.6024,509.0943
2017-09-03,煤炭,CI005002.WI,16.9069,1.6883,915.6609
2017-09-10,煤炭,CI005002.WI,16.6498,1.6598,868.0657
2017-09-17,煤炭,CI005002.WI,16.1159,1.6066,759.1283
2017-09-24,煤炭,CI005002.WI,16.0212,1.5972,389.0857
2017-10-01,煤炭,CI005002.WI,16.1249,1.6075,336.8217
2017-10-15,煤炭,CI005002.WI,15.7354,1.5687,333.5448
2017-10-22,煤炭,CI005002.WI,15.7181,1.5636,281.0532
2017-10-29,煤炭,CI005002.WI,13.5681,1.5229,261.0499
2017-11-05,煤炭,CI005002.WI,13.0445,1.4762,309.7525
2017-11-12,煤炭,CI005002.WI,13.4982,1.5275,384.2831
2017-11-19,煤炭,CI005002.WI,13.2071,1.4944,422.9718
2017-11-26,煤炭,CI005002.WI,13.3636,1.5122,349.3709
2017-12-03,煤炭,CI005002.WI,13.5382,1.5319,408.0242
2017-12-10,煤炭,CI005002.WI,12.9561,1.466,301.8564
2017-12-17,煤炭,CI005002.WI,12.8091,1.4494,183.5389
2017-12-24,煤炭,CI005002.WI,13.369,1.5128,326.5184
2017-12-31,煤炭,CI005002.WI,13.5172,1.5295,362.3994
2018-01-07,煤炭,CI005002.WI,14.0011,1.5843,408.1368
2018-01-14,煤炭,CI005002.WI,14.2255,1.6097,501.9609
2018-01-21,煤炭,CI005002.WI,14.1185,1.5976,362.8352
2018-01-28,煤炭,CI005002.WI,14.5867,1.6506,370.9389
2018-02-04,煤炭,CI005002.WI,15.7191,1.7761,624.1633
2018-02-11,煤炭,CI005002.WI,13.4591,1.5207,768.6281
2018-02-18,煤炭,CI005002.WI,13.7894,1.558,190.6577
2018-02-25,煤炭,CI005002.WI,14.3252,1.6186,142.2758
2018-03-04,煤炭,CI005002.WI,13.3351,1.5152,362.1862
2018-03-11,煤炭,CI005002.WI,13.2642,1.5071,309.5553
2018-03-18,煤炭,CI005002.WI,13.1589,1.4942,322.3404
2018-03-25,煤炭,CI005002.WI,11.7243,1.3716,264.9993
2018-04-01,煤炭,CI005002.WI,11.6587,1.3513,223.4023
2018-04-08,煤炭,CI005002.WI,11.3898,1.3092,119.6066
2018-04-15,煤炭,CI005002.WI,11.478,1.3218,208.4005
2018-04-22,煤炭,CI005002.WI,11.235,1.3037,211.0583
2018-04-29,煤炭,CI005002.WI,11.2637,1.266,198.4151
2018-05-06,煤炭,CI005002.WI,11.0552,1.2425,110.0217
2018-05-13,煤炭,CI005002.WI,11.6682,1.3114,264.1269
2018-05-20,煤炭,CI005002.WI,11.986,1.3471,245.9325
2018-05-27,煤炭,CI005002.WI,11.1035,1.248,269.3872
2018-06-03,煤炭,CI005002.WI,11.0541,1.2432,179.8028
2018-06-10,煤炭,CI005002.WI,11.087,1.247,180.8451
2018-06-17,煤炭,CI005002.WI,11.3646,1.2832,217.2843
2018-06-24,煤炭,CI005002.WI,11.2374,1.2703,270.6717
2018-07-01,煤炭,CI005002.WI,10.6767,1.2086,192.0762
2018-07-08,煤炭,CI005002.WI,10.0592,1.1391,174.1796
2018-07-15,煤炭,CI005002.WI,9.7223,1.1342,138.3916
2018-07-22,煤炭,CI005002.WI,9.6593,1.129,141.3601
2018-07-29,煤炭,CI005002.WI,10.1781,1.1896,223.3737
2018-08-05,煤炭,CI005002.WI,9.7984,1.1461,217.4893
2018-08-12,煤炭,CI005002.WI,9.9288,1.1654,225.2535
2018-08-19,煤炭,CI005002.WI,9.5253,1.1256,195.0709
2018-08-26,煤炭,CI005002.WI,9.3821,1.1213,172.3665
2018-09-02,煤炭,CI005002.WI,9.6128,1.1215,143.1388
2018-09-09,煤炭,CI005002.WI,9.7273,1.1349,136.8529
2018-09-16,煤炭,CI005002.WI,9.5554,1.1148,124.3513
2018-09-23,煤炭,CI005002.WI,10.0911,1.1772,139.0745
2018-09-30,煤炭,CI005002.WI,10.2164,1.1918,120.0603
2018-10-14,煤炭,CI005002.WI,10.2148,1.1916,233.144
2018-10-21,煤炭,CI005002.WI,9.6173,1.1249,167.898
2018-10-28,煤炭,CI005002.WI,9.9967,1.1738,208.5068
2018-11-04,煤炭,CI005002.WI,9.7254,1.1396,200.0325
2018-11-11,煤炭,CI005002.WI,9.6309,1.1285,151.995
2018-11-18,煤炭,CI005002.WI,9.5909,1.1238,183.7937
2018-11-25,煤炭,CI005002.WI,9.1265,1.0694,136.2886
2018-12-02,煤炭,CI005002.WI,9.0336,1.0585,83.8402
2018-12-09,煤炭,CI005002.WI,9.2221,1.099,106.1993
2018-12-16,煤炭,CI005002.WI,9.1309,1.0882,85.3939
2018-12-23,煤炭,CI005002.WI,8.8754,1.0577,72.2902
2018-12-30,煤炭,CI005002.WI,8.5392,1.0177,75.9478
2019-01-13,煤炭,CI005002.WI,8.8084,1.0499,104.8394
2019-01-20,煤炭,CI005002.WI,9.19,1.0954,241.255
2019-01-27,煤炭,CI005002.WI,9.2171,1.0896,180.3157
2019-02-03,煤炭,CI005002.WI,9.3485,1.1042,139.4989
2019-02-17,煤炭,CI005002.WI,9.3681,1.1065,185.2381
2019-02-24,煤炭,CI005002.WI,9.5584,1.129,252.2557
2019-03-03,煤炭,CI005002.WI,10.2661,1.2106,434.95
2019-03-10,煤炭,CI005002.WI,9.9758,1.1764,537.0582
2019-03-17,煤炭,CI005002.WI,10.168,1.1907,334.1391
2019-03-24,煤炭,CI005002.WI,10.5411,1.2235,373.6304
2019-03-31,煤炭,CI005002.WI,10.2875,1.183,333.3534
2019-04-07,煤炭,CI005002.WI,11.1011,1.2766,492.5901
2019-04-14,煤炭,CI005002.WI,10.8966,1.2564,612.8804
2019-04-21,煤炭,CI005002.WI,11.5924,1.3431,724.4226
2019-04-28,煤炭,CI005002.WI,10.3963,1.1894,651.4318
2019-05-05,煤炭,CI005002.WI,10.4976,1.19,178.6888
2019-05-12,煤炭,CI005002.WI,10.0014,1.1338,408.2212
2019-05-19,煤炭,CI005002.WI,9.8518,1.1168,382.4389
2019-05-26,煤炭,CI005002.WI,9.8042,1.1115,327.359
2019-06-02,煤炭,CI005002.WI,9.7056,1.1013,252.6285
2019-06-09,煤炭,CI005002.WI,9.5378,1.0823,159.0041
2019-06-16,煤炭,CI005002.WI,9.8052,1.1009,239.1241
2019-06-23,煤炭,CI005002.WI,10.0807,1.1328,214.1143
2019-06-30,煤炭,CI005002.WI,10.0921,1.1365,205.4614
2019-07-07,煤炭,CI005002.WI,10.1954,1.1487,205.1503
2019-07-14,煤炭,CI005002.WI,9.6223,1.1056,132.5799
2019-07-21,煤炭,CI005002.WI,9.6738,1.1129,124.0667
2019-07-28,煤炭,CI005002.WI,9.7125,1.1178,146.7301
2019-08-04,煤炭,CI005002.WI,9.5152,1.0962,176.2652
2019-08-11,煤炭,CI005002.WI,9.0662,1.0437,138.1583
2019-08-18,煤炭,CI005002.WI,9.2244,1.0541,119.1014
2019-08-25,煤炭,CI005002.WI,9.3004,1.0689,152.4658
2019-09-01,煤炭,CI005002.WI,9.2466,1.0868,195.0293
2019-09-08,煤炭,CI005002.WI,9.7496,1.1463,219.94
2019-09-15,煤炭,CI005002.WI,9.8574,1.159,221.7076
2019-09-22,煤炭,CI005002.WI,9.6475,1.1343,195.0211
2019-09-29,煤炭,CI005002.WI,9.2489,1.0902,130.518
2019-10-06,煤炭,CI005002.WI,9.2594,1.0914,16.9397
2019-10-13,煤炭,CI005002.WI,9.4239,1.1108,84.3716
2019-10-20,煤炭,CI005002.WI,9.0913,1.0716,112.809
2019-10-27,煤炭,CI005002.WI,9.0661,1.0701,85.5566
2019-11-03,煤炭,CI005002.WI,8.8784,1.0038,116.1898
2019-11-10,煤炭,CI005002.WI,8.8105,0.9958,112.0337
2019-11-17,煤炭,CI005002.WI,8.3817,0.9473,112.8644
2019-11-24,煤炭,CI005002.WI,8.5719,0.9628,128.9654
2019-12-01,煤炭,CI005002.WI,8.5822,0.9647,215.2093
2019-12-08,煤炭,CI005002.WI,8.5274,0.9585,118.8119
2019-12-15,煤炭,CI005002.WI,8.6009,0.9668,143.8335
2019-12-22,煤炭,CI005002.WI,8.8335,0.9929,208.9189
2019-12-29,煤炭,CI005002.WI,8.9073,1.0012,180.3436
2020-01-05,煤炭,CI005002.WI,9.183,1.0324,199.9267
2020-01-12,煤炭,CI005002.WI,9.1342,1.0269,282.756
2020-01-19,煤炭,CI005002.WI,8.9718,1.0086,185.0422
2020-01-26,煤炭,CI005002.WI,8.6027,0.9615,145.828
2020-02-09,煤炭,CI005002.WI,7.791,0.8976,208.3898
2020-02-16,煤炭,CI005002.WI,8.0704,0.9298,202.0816
2020-02-23,煤炭,CI005002.WI,8.3081,0.9572,243.5772
2020-03-01,煤炭,CI005002.WI,7.8411,0.9045,288.506
2020-03-08,煤炭,CI005002.WI,8.2597,0.9528,261.7658
2020-03-15,煤炭,CI005002.WI,7.7747,0.8968,189.5424
2020-03-22,煤炭,CI005002.WI,7.3092,0.8483,145.6106
2020-03-29,煤炭,CI005002.WI,7.8457,0.8721,110.8772
2020-04-05,煤炭,CI005002.WI,7.8086,0.8678,107.1248
2020-04-12,煤炭,CI005002.WI,7.8063,0.8654,86.4108
2020-04-19,煤炭,CI005002.WI,7.9349,0.8699,90.254
2020-04-26,煤炭,CI005002.WI,7.977,0.8429,126.5609
2020-05-03,煤炭,CI005002.WI,8.704,0.8561,108.171
2020-05-10,煤炭,CI005002.WI,8.701,0.8558,74.8197
2020-05-17,煤炭,CI005002.WI,8.6604,0.8518,100.5044
2020-05-24,煤炭,CI005002.WI,8.5823,0.8442,122.9772
2020-05-31,煤炭,CI005002.WI,8.7808,0.8639,116.3359
2020-06-07,煤炭,CI005002.WI,8.8051,0.8625,131.9178
2020-06-14,煤炭,CI005002.WI,8.6971,0.8523,133.7948
2020-06-21,煤炭,CI005002.WI,8.622,0.8693,181.155
2020-06-28,煤炭,CI005002.WI,8.458,0.855,82.6827
2020-07-05,煤炭,CI005002.WI,9.2213,0.9272,216.1834
2020-07-12,煤炭,CI005002.WI,9.6371,0.9781,587.2659
2020-07-19,煤炭,CI005002.WI,9.1397,0.9276,361.4838
2020-07-26,煤炭,CI005002.WI,9.1771,0.9315,283.3197
2020-08-02,煤炭,CI005002.WI,9.2852,0.9427,217.8053
2020-08-09,煤炭,CI005002.WI,9.2106,0.9331,259.8355
2020-08-16,煤炭,CI005002.WI,9.2904,0.9436,196.7661
2020-08-23,煤炭,CI005002.WI,9.6117,0.967,317.0179
2020-08-30,煤炭,CI005002.WI,9.831,0.9379,181.0927
2020-09-06,煤炭,CI005002.WI,9.8565,0.935,185.3033
2020-09-13,煤炭,CI005002.WI,9.8147,0.931,277.4494
2020-09-20,煤炭,CI005002.WI,10.2099,0.9685,192.8256
2020-09-27,煤炭,CI005002.WI,9.786,0.9284,190.2198
2020-10-04,煤炭,CI005002.WI,9.7691,0.9268,118.8919
2020-10-11,煤炭,CI005002.WI,9.9999,0.9487,57.3101
2020-10-18,煤炭,CI005002.WI,10.4408,0.9905,304.5226
2020-10-25,煤炭,CI005002.WI,9.9905,0.9436,199.3561
2020-11-01,煤炭,CI005002.WI,9.6654,0.9007,142.6978
2020-11-08,煤炭,CI005002.WI,10.2269,0.9531,210.5625
2020-11-15,煤炭,CI005002.WI,10.304,0.9592,299.0911
2020-11-22,煤炭,CI005002.WI,10.6083,0.9875,369.5693
2020-11-29,煤炭,CI005002.WI,11.2465,1.0469,623.2877
2020-12-06,煤炭,CI005002.WI,11.0358,1.0273,495.0815
2020-12-13,煤炭,CI005002.WI,11.0116,1.0251,492.2207
2020-12-20,煤炭,CI005002.WI,11.2264,1.0451,465.0281
2020-12-27,煤炭,CI005002.WI,11.196,1.0422,647.6972
2021-01-03,煤炭,CI005002.WI,11.0938,1.0327,507.7855
2021-01-10,煤炭,CI005002.WI,11.3055,1.0519,566.5209
2021-01-17,煤炭,CI005002.WI,11.0924,1.0321,393.3221
2021-01-24,煤炭,CI005002.WI,10.9371,1.0391,426.2778
2021-01-31,煤炭,CI005002.WI,10.2189,0.9697,444.9785
2021-02-07,煤炭,CI005002.WI,9.7714,0.9272,402.5429
2021-02-14,煤炭,CI005002.WI,10.1225,0.9605,208.6288
2021-02-21,煤炭,CI005002.WI,11.15,1.058,249.9561
2021-02-28,煤炭,CI005002.WI,10.7679,1.0148,555.4666
2021-03-07,煤炭,CI005002.WI,11.1773,1.0607,546.4432
2021-03-14,煤炭,CI005002.WI,11.5456,1.0956,580.8175
2021-03-21,煤炭,CI005002.WI,11.4262,1.0843,484.0214
2021-03-28,煤炭,CI005002.WI,10.9284,1.0537,344.4368
2021-04-04,煤炭,CI005002.WI,11.4609,1.1099,382.5927
2021-04-11,煤炭,CI005002.WI,11.7253,1.1372,368.6128
2021-04-18,煤炭,CI005002.WI,11.4694,1.1404,441.4241
2021-04-25,煤炭,CI005002.WI,10.8598,1.1158,441.8483
2021-05-02,煤炭,CI005002.WI,9.924,1.0892,521.0955
2021-05-09,煤炭,CI005002.WI,10.7008,1.1744,366.2911
2021-05-16,煤炭,CI005002.WI,10.5107,1.1552,912.2894
2021-05-23,煤炭,CI005002.WI,10.1847,1.1211,488.7821
2021-05-30,煤炭,CI005002.WI,10.3145,1.1364,441.4403
2021-06-06,煤炭,CI005002.WI,10.6661,1.1752,625.2275
2021-06-13,煤炭,CI005002.WI,10.9975,1.2133,672.9036
2021-06-20,煤炭,CI005002.WI,10.6417,1.1751,496.9278
2021-06-27,煤炭,CI005002.WI,11.231,1.2406,652.994
2021-07-04,煤炭,CI005002.WI,10.3264,1.1402,507.2348
2021-07-11,煤炭,CI005002.WI,10.3057,1.148,421.0451
2021-07-18,煤炭,CI005002.WI,10.5126,1.2246,561.5822
2021-07-25,煤炭,CI005002.WI,10.535,1.2314,687.0115
2021-08-01,煤炭,CI005002.WI,10.3014,1.2012,730.4479
2021-08-08,煤炭,CI005002.WI,10.4436,1.2218,715.528
2021-08-15,煤炭,CI005002.WI,10.9194,1.2921,1057.93
2021-08-22,煤炭,CI005002.WI,10.2812,1.2218,982.3105
2021-08-29,煤炭,CI005002.WI,10.3578,1.3208,1240.1924
2021-09-05,煤炭,CI005002.WI,11.1299,1.443,1583.2666
2021-09-12,煤炭,CI005002.WI,12.5624,1.6287,1775.401
2021-09-19,煤炭,CI005002.WI,12.2652,1.5902,1828.2093
2021-09-26,煤炭,CI005002.WI,11.9739,1.5524,950.2217
2021-10-03,煤炭,CI005002.WI,12.0536,1.5627,1027.2453
2021-10-10,煤炭,CI005002.WI,11.5306,1.4949,247.3333
2021-10-17,煤炭,CI005002.WI,11.593,1.5033,1097.1129
2021-10-24,煤炭,CI005002.WI,11.017,1.4277,1303.9509
2021-10-31,煤炭,CI005002.WI,8.7929,1.2468,1042.9293
2021-11-07,煤炭,CI005002.WI,8.5069,1.2063,820.1717
2021-11-14,煤炭,CI005002.WI,8.2872,1.1751,554.0675
2021-11-21,煤炭,CI005002.WI,8.4212,1.1941,534.9121
2021-11-28,煤炭,CI005002.WI,8.489,1.2035,785.9993
2021-12-05,煤炭,CI005002.WI,9.3298,1.3227,791.8824
2021-12-12,煤炭,CI005002.WI,9.0224,1.2791,876.6497
2021-12-19,煤炭,CI005002.WI,9.5093,1.3481,1104.442
2021-12-26,煤炭,CI005002.WI,9.4843,1.3445,958.9438
2022-01-02,煤炭,CI005002.WI,9.153,1.2976,818.1655
2022-01-09,煤炭,CI005002.WI,9.1794,1.3013,649.6627
2022-01-16,煤炭,CI005002.WI,9.1054,1.2914,674.3381
2022-01-23,煤炭,CI005002.WI,9.6856,1.3737,717.5814
2022-01-30,煤炭,CI005002.WI,8.7796,1.2565,634.962
2022-02-13,煤炭,CI005002.WI,10.1513,1.4528,839.339
2022-02-20,煤炭,CI005002.WI,10.1939,1.4659,640.5498
2022-02-27,煤炭,CI005002.WI,9.7272,1.4201,911.7585
2022-03-06,煤炭,CI005002.WI,10.5217,1.5707,1032.508
2022-03-13,煤炭,CI005002.WI,10.2266,1.5248,1046.2927
2022-03-20,煤炭,CI005002.WI,9.7426,1.4628,866.2243
2022-03-27,煤炭,CI005002.WI,10.0391,1.5486,797.0369
2022-04-03,煤炭,CI005002.WI,10.2191,1.6181,845.1975
2022-04-10,煤炭,CI005002.WI,10.3827,1.644,491.6307
2022-04-17,煤炭,CI005002.WI,10.6743,1.7095,1294.779
2022-04-24,煤炭,CI005002.WI,9.9295,1.5886,1088.9135
2022-05-01,煤炭,CI005002.WI,8.7386,1.4964,961.3504
2022-05-08,煤炭,CI005002.WI,8.5603,1.4659,331.6787
2022-05-15,煤炭,CI005002.WI,8.5776,1.4699,758.3075
2022-05-22,煤炭,CI005002.WI,9.1398,1.5663,815.2867
2022-05-29,煤炭,CI005002.WI,9.784,1.6776,1039.7346
2022-06-05,煤炭,CI005002.WI,9.4487,1.6284,672.7533
2022-06-12,煤炭,CI005002.WI,10.3364,1.7856,1220.3565
2022-06-19,煤炭,CI005002.WI,9.7002,1.6757,1291.8654
2022-06-26,煤炭,CI005002.WI,9.1269,1.581,990.5781
2022-07-03,煤炭,CI005002.WI,9.7164,1.6909,989.9696
2022-07-10,煤炭,CI005002.WI,9.4513,1.6655,954.6853
2022-07-17,煤炭,CI005002.WI,8.7589,1.6488,681.1911
2022-07-24,煤炭,CI005002.WI,8.5819,1.6155,686.9022
2022-07-31,煤炭,CI005002.WI,8.6498,1.6361,588.3611
2022-08-07,煤炭,CI005002.WI,8.3666,1.5825,582.9222
2022-08-14,煤炭,CI005002.WI,8.997,1.7158,633.5115
2022-08-21,煤炭,CI005002.WI,9.1928,1.7601,748.6597
2022-08-28,煤炭,CI005002.WI,8.7313,1.8396,1253.6431
2022-09-04,煤炭,CI005002.WI,7.836,1.6843,987.2658
2022-09-11,煤炭,CI005002.WI,8.3915,1.8037,881.0651
2022-09-18,煤炭,CI005002.WI,7.8115,1.679,657.8852
2022-09-25,煤炭,CI005002.WI,8.0467,1.7296,698.6137
2022-10-02,煤炭,CI005002.WI,7.9621,1.7122,659.6298
2022-10-16,煤炭,CI005002.WI,7.7711,1.6711,701.2428
2022-10-23,煤炭,CI005002.WI,7.5053,1.6203,612.1305
2022-10-30,煤炭,CI005002.WI,6.8439,1.4669,568.3773
2022-11-06,煤炭,CI005002.WI,6.928,1.4798,632.7638
2022-11-13,煤炭,CI005002.WI,7.0152,1.4984,516.4367
2022-11-20,煤炭,CI005002.WI,6.5773,1.4049,600.3944
2022-11-27,煤炭,CI005002.WI,6.9334,1.4809,472.2382
2022-12-04,煤炭,CI005002.WI,6.8219,1.4571,609.2868
2022-12-11,煤炭,CI005002.WI,6.8031,1.4531,491.3029
2022-12-18,煤炭,CI005002.WI,6.6413,1.4185,417.6619
2022-12-25,煤炭,CI005002.WI,6.2992,1.3455,272.3159
2023-01-01,煤炭,CI005002.WI,6.2795,1.3413,260.4567
2023-01-08,煤炭,CI005002.WI,6.3289,1.3358,276.8733
2023-01-15,煤炭,CI005002.WI,6.6107,1.3932,466.5805
2023-01-22,煤炭,CI005002.WI,6.7762,1.4207,403.911
2023-02-05,煤炭,CI005002.WI,6.6543,1.3951,493.6931
2023-02-12,煤炭,CI005002.WI,6.544,1.363,308.0978
2023-02-19,煤炭,CI005002.WI,6.4681,1.3472,432.242
2023-02-26,煤炭,CI005002.WI,6.8304,1.4227,692.0974
2023-03-05,煤炭,CI005002.WI,6.9066,1.4332,411.2262
2023-03-12,煤炭,CI005002.WI,6.5624,1.3665,405.964
2023-03-19,煤炭,CI005002.WI,6.4532,1.3454,374.2346
2023-03-26,煤炭,CI005002.WI,6.5283,1.3478,337.4294
2023-04-02,煤炭,CI005002.WI,6.6631,1.361,448.9338
2023-04-09,煤炭,CI005002.WI,6.5345,1.3357,275.6018
2023-04-16,煤炭,CI005002.WI,6.5464,1.3314,307.31
2023-04-23,煤炭,CI005002.WI,6.693,1.3614,473.3237
2023-04-30,煤炭,CI005002.WI,6.5864,1.2941,389.3253
2023-05-07,煤炭,CI005002.WI,6.6212,1.3041,165.0894
2023-05-14,煤炭,CI005002.WI,6.7537,1.3301,492.2662
2023-05-21,煤炭,CI005002.WI,6.8156,1.3386,312.49
2023-05-28,煤炭,CI005002.WI,6.3555,1.2482,325.8733
2023-06-04,煤炭,CI005002.WI,6.1264,1.2056,360.4109
2023-06-11,煤炭,CI005002.WI,6.2282,1.2382,279.1545
2023-06-18,煤炭,CI005002.WI,6.2772,1.2503,280.9232
2023-06-25,煤炭,CI005002.WI,6.1262,1.2287,140.3998
2023-07-02,煤炭,CI005002.WI,6.3298,1.2733,331.0388
2023-07-09,煤炭,CI005002.WI,6.438,1.3505,313.7729
2023-07-16,煤炭,CI005002.WI,6.3662,1.363,264.1017
2023-07-23,煤炭,CI005002.WI,6.078,1.326,216.0888
2023-07-30,煤炭,CI005002.WI,6.1716,1.3533,238.34
2023-08-06,煤炭,CI005002.WI,6.0568,1.3245,300.3259
2023-08-13,煤炭,CI005002.WI,6.0606,1.3148,259.5907
2023-08-20,煤炭,CI005002.WI,6.0266,1.291,183.8289
2023-08-27,煤炭,CI005002.WI,6.6132,1.264,253.0556
2023-09-03,煤炭,CI005002.WI,7.5608,1.3166,462.7066
2023-09-10,煤炭,CI005002.WI,7.7442,1.3485,575.1422
2023-09-17,煤炭,CI005002.WI,8.1127,1.4127,551.666
2023-09-24,煤炭,CI005002.WI,8.0934,1.4093,487.3983
2023-10-01,煤炭,CI005002.WI,8.0578,1.4031,265.2525
2023-10-15,煤炭,CI005002.WI,7.9589,1.382,297.0097
2023-10-22,煤炭,CI005002.WI,7.9129,1.3743,292.9917
2023-10-29,煤炭,CI005002.WI,8.4345,1.3514,325.6188
2023-11-05,煤炭,CI005002.WI,8.4628,1.3475,285.0071
2023-11-12,煤炭,CI005002.WI,8.6987,1.3851,398.1886
2023-11-19,煤炭,CI005002.WI,8.6691,1.3804,344.5479
2023-11-26,煤炭,CI005002.WI,8.8428,1.4081,354.6012
2023-12-03,煤炭,CI005002.WI,9.0395,1.4507,483.7465
2023-12-10,煤炭,CI005002.WI,8.8101,1.4139,391.3603
2023-12-17,煤炭,CI005002.WI,8.9147,1.4283,357.2063
2023-12-24,煤炭,CI005002.WI,9.0807,1.4549,381.1931
2023-12-31,煤炭,CI005002.WI,9.0354,1.4476,450.4476
2024-01-14,煤炭,CI005002.WI,9.5547,1.5299,438.8171
2024-01-21,煤炭,CI005002.WI,9.3457,1.4964,416.556
2024-01-28,煤炭,CI005002.WI,10.0215,1.6047,457.6525
2024-02-04,煤炭,CI005002.WI,9.9716,1.5967,446.7991
2024-02-11,煤炭,CI005002.WI,10.2365,1.6407,497.5207
2024-02-25,煤炭,CI005002.WI,11.0554,1.7719,690.246
2024-03-03,煤炭,CI005002.WI,10.7755,1.727,637.2118
2024-03-10,煤炭,CI005002.WI,11.113,1.7811,639.0537
2024-03-17,煤炭,CI005002.WI,10.4102,1.6489,687.6117
2024-03-24,煤炭,CI005002.WI,10.4102,1.6366,618.465
2024-03-31,煤炭,CI005002.WI,10.5984,1.635,513.3761
2024-04-07,煤炭,CI005002.WI,10.8323,1.6688,358.825
2024-04-14,煤炭,CI005002.WI,10.9467,1.69,562.1942
2024-04-21,煤炭,CI005002.WI,11.7169,1.7557,640.1845
2024-04-28,煤炭,CI005002.WI,12.282,1.5845,557.2042
2024-05-05,煤炭,CI005002.WI,12.599,1.5872,230.9111
2024-05-12,煤炭,CI005002.WI,13.1049,1.6509,503.7317
2024-05-19,煤炭,CI005002.WI,12.7847,1.613,422.4479
2024-05-26,煤炭,CI005002.WI,13.1302,1.6612,442.5123
2024-06-02,煤炭,CI005002.WI,13.4504,1.7018,426.3915
2024-06-09,煤炭,CI005002.WI,13.5309,1.7159,409.6626
2024-06-16,煤炭,CI005002.WI,13.6098,1.7289,338.3712
2024-06-23,煤炭,CI005002.WI,13.3512,1.7061,330.5597
2024-06-30,煤炭,CI005002.WI,13.0738,1.691,317.3135
2024-07-07,煤炭,CI005002.WI,13.1968,1.7069,293.8596
2024-07-14,煤炭,CI005002.WI,12.0855,1.6466,388.8846
2024-07-21,煤炭,CI005002.WI,12.207,1.6674,270.7956
2024-07-28,煤炭,CI005002.WI,11.7876,1.6101,271.5798
2024-08-04,煤炭,CI005002.WI,11.5438,1.5746,240.22
2024-08-11,煤炭,CI005002.WI,11.5475,1.5751,256.3391
2024-08-18,煤炭,CI005002.WI,11.9534,1.627,228.7553
2024-08-25,煤炭,CI005002.WI,11.8165,1.5895,264.5128
2024-09-01,煤炭,CI005002.WI,12.3267,1.602,253.4159
2024-09-08,煤炭,CI005002.WI,11.721,1.5451,268.5359
2024-09-15,煤炭,CI005002.WI,11.4221,1.5057,241.2482
2024-09-22,煤炭,CI005002.WI,11.771,1.5517,141.6539
2024-09-29,煤炭,CI005002.WI,13.1421,1.7327,442.9427
2024-10-06,煤炭,CI005002.WI,13.8608,1.8274,256.8915
2024-10-13,煤炭,CI005002.WI,13.1921,1.7391,876.2638
2024-10-20,煤炭,CI005002.WI,13.0699,1.7241,467.5106
2024-10-27,煤炭,CI005002.WI,12.9973,1.6062,452.9456
2024-11-03,煤炭,CI005002.WI,13.2608,1.5806,582.9207
2024-11-10,煤炭,CI005002.WI,13.2843,1.5834,771.5103
2024-11-17,煤炭,CI005002.WI,12.9946,1.552,622.5366
2024-11-24,煤炭,CI005002.WI,12.8749,1.5377,637.1157
2024-12-01,煤炭,CI005002.WI,12.8391,1.5334,368.7364
2024-12-08,煤炭,CI005002.WI,13.5083,1.6133,586.46
2024-12-15,煤炭,CI005002.WI,13.3951,1.5998,852.7144
2024-12-22,煤炭,CI005002.WI,12.9381,1.5454,580.6701
2024-12-29,煤炭,CI005002.WI,12.9687,1.5491,463.6755
2025-01-05,煤炭,CI005002.WI,12.8767,1.5374,432.5122
2025-01-12,煤炭,CI005002.WI,12.1087,1.4488,428.6006
2025-01-19,煤炭,CI005002.WI,12.2805,1.4706,360.9525
2025-01-26,煤炭,CI005002.WI,12.0731,1.446,314.671
2025-02-02,煤炭,CI005002.WI,12.2559,1.4679,62.4337
2025-02-09,煤炭,CI005002.WI,12.076,1.4464,214.4146
2025-02-16,煤炭,CI005002.WI,11.8758,1.4224,337.6741
2025-02-23,煤炭,CI005002.WI,11.2564,1.3482,403.0789
2025-03-02,煤炭,CI005002.WI,11.1877,1.34,406.9596
2025-03-09,煤炭,CI005002.WI,11.229,1.3449,313.8279
2025-03-16,煤炭,CI005002.WI,11.6214,1.4034,540.5323
2025-03-23,煤炭,CI005002.WI,11.2928,1.3713,432.7944
2025-03-30,煤炭,CI005002.WI,11.5619,1.3819,474.0136
2025-04-06,煤炭,CI005002.WI,11.682,1.4002,242.306
2025-04-13,煤炭,CI005002.WI,11.2022,1.3422,460.7837
2025-04-20,煤炭,CI005002.WI,11.5822,1.3843,266.0863
2025-04-27,煤炭,CI005002.WI,12.1942,1.3496,258.3419
2025-05-04,煤炭,CI005002.WI,12.5893,1.3217,185.8529
2025-05-11,煤炭,CI005002.WI,12.7659,1.3402,220.2517
2025-05-18,煤炭,CI005002.WI,13.0027,1.3655,331.3664
2025-05-25,煤炭,CI005002.WI,13.143,1.3806,346.1127
2025-06-01,煤炭,CI005002.WI,13.0723,1.3732,233.5375
2025-06-08,煤炭,CI005002.WI,13.0012,1.3672,239.6104
2025-06-15,煤炭,CI005002.WI,12.9093,1.3637,337.589
2025-06-22,煤炭,CI005002.WI,12.8768,1.3663,305.8086
2025-06-29,煤炭,CI005002.WI,12.9524,1.3883,332.0376
2025-07-06,煤炭,CI005002.WI,13.2057,1.417,361.1611
2025-07-13,煤炭,CI005002.WI,12.6907,1.4166,454.3097
2025-07-20,煤炭,CI005002.WI,12.6793,1.4171,406.8389
2025-07-27,煤炭,CI005002.WI,13.4967,1.5084,1050.9007
2025-08-03,煤炭,CI005002.WI,12.9734,1.4515,550.8158
2025-08-10,煤炭,CI005002.WI,13.3702,1.495,387.576
2025-08-17,煤炭,CI005002.WI,13.3082,1.4852,355.5876
2025-08-24,煤炭,CI005002.WI,13.8183,1.5068,495.3702
2025-08-31,煤炭,CI005002.WI,14.5843,1.4473,567.9359
2025-09-07,煤炭,CI005002.WI,14.6603,1.4382,425.6671
2025-09-14,煤炭,CI005002.WI,14.624,1.4346,371.2267
2025-09-21,煤炭,CI005002.WI,15.0769,1.4815,720.2548
2025-09-28,煤炭,CI005002.WI,14.9533,1.4699,549.5583
2025-10-05,煤炭,CI005002.WI,14.8102,1.4559,171.937
2025-10-12,煤炭,CI005002.WI,15.4013,1.514,285.1746
2025-10-19,煤炭,CI005002.WI,16.2638,1.5987,922.8488
2025-10-26,煤炭,CI005002.WI,16.8272,1.6037,1080.7512
2025-11-02,煤炭,CI005002.WI,17.922,1.593,851.186
2025-11-09,煤炭,CI005002.WI,18.6939,1.6616,841.1284
2025-11-16,煤炭,CI005002.WI,18.2278,1.6469,776.1897
2025-11-23,煤炭,CI005002.WI,17.5685,1.5873,783.5202
2025-11-30,煤炭,CI005002.WI,17.3426,1.5669,427.8472
2025-12-07,煤炭,CI005002.WI,17.4605,1.5775,544.7843
2025-12-14,煤炭,CI005002.WI,16.7703,1.5152,488.9218
2025-12-21,煤炭,CI005002.WI,16.9226,1.5289,415.5323
2025-12-28,煤炭,CI005002.WI,16.7122,1.5099,358.1683
2026-01-04,煤炭,CI005002.WI,16.6689,1.506,216.5522
2026-01-11,煤炭,CI005002.WI,17.71,1.6001,721.4313
2026-01-18,煤炭,CI005002.WI,17.0394,1.5392,551.9076
2026-01-25,煤炭,CI005002.WI,17.0592,1.541,597.4484
2026-02-01,煤炭,CI005002.WI,17.8247,1.6101,1017.1396
2026-02-08,煤炭,CI005002.WI,17.8363,1.612,1006.7555
2026-02-15,煤炭,CI005002.WI,18.1122,1.6369,720.6988
2026-03-01,煤炭,CI005002.WI,18.8434,1.703,714.4582
2026-03-08,煤炭,CI005002.WI,19.9889,1.8065,1537.1604
2026-03-15,煤炭,CI005002.WI,21.8294,1.9214,1579.3058
2026-03-22,煤炭,CI005002.WI,22.2831,1.8972,1139.2499
2026-03-29,煤炭,CI005002.WI,22.2164,1.8124,1306.8884
2026-04-05,煤炭,CI005002.WI,21.4841,1.7403,821.968
2026-04-12,煤炭,CI005002.WI,21.4683,1.7119,525.2216
2026-04-19,煤炭,CI005002.WI,21.075,1.6817,539.6131
2026-04-26,煤炭,CI005002.WI,22.5265,1.7568,716.0958
2026-05-03,煤炭,CI005002.WI,23.6592,1.7679,697.0335
2026-05-10,煤炭,CI005002.WI,22.1861,1.6578,526.8892
2026-05-17,煤炭,CI005002.WI,22.15,1.6551,687.2547
2026-05-24,煤炭,CI005002.WI,21.4699,1.6043,624.7583
2026-05-31,煤炭,CI005002.WI,22.6843,1.6955,827.3477
2026-06-07,煤炭,CI005002.WI,24.2031,1.809,1449.4822
2026-06-14,煤炭,CI005002.WI,23.0032,1.7206,1043.3011
2026-06-21,煤炭,CI005002.WI,20.3374,1.5219,713.1979
2026-06-28,煤炭,CI005002.WI,19.2091,1.4472,807.6965
2026-07-05,煤炭,CI005002.WI,19.6974,1.4849,730.5677
2026-07-12,煤炭,CI005002.WI,20.0225,1.5094,674.806
2026-07-19,煤炭,CI005002.WI,20.6209,1.584,680.002
2026-07-26,煤炭,CI005002.WI,21.3817,1.6477,827.6823
2026-08-02,煤炭,CI005002.WI,21.5594,1.6614,586.5163
2026-08-09,煤炭,CI005002.WI,21.3674,1.6501,674.0268
2016-01-10,电力及公用事业,CI005004.WI,20.5146,2.4017,1003.8831
2016-01-17,电力及公用事业,CI005004.WI,18.5986,2.1723,925.2876
2016-01-24,电力及公用事业,CI005004.WI,18.8598,2.1685,836.4798
2016-01-31,电力及公用事业,CI005004.WI,17.4463,1.9873,714.8033
2016-02-07,电力及公用事业,CI005004.WI,17.8143,2.0235,559.004
2016-02-21,电力及公用事业,CI005004.WI,18.4665,2.099,779.193
2016-02-28,电力及公用事业,CI005004.WI,17.7989,2.0388,1039.6828
2016-03-06,电力及公用事业,CI005004.WI,17.6468,2.0405,1000.4488
2016-03-13,电力及公用事业,CI005004.WI,17.4697,1.9986,604.0283
2016-03-20,电力及公用事业,CI005004.WI,18.9568,2.1574,887.2288
2016-03-27,电力及公用事业,CI005004.WI,19.2104,2.1815,1093.2723
2016-04-03,电力及公用事业,CI005004.WI,18.9243,2.2232,898.8312
2016-04-10,电力及公用事业,CI005004.WI,18.8594,2.2037,859.4909
2016-04-17,电力及公用事业,CI005004.WI,19.9957,2.1789,1003.1833
2016-04-24,电力及公用事业,CI005004.WI,19.0794,2.0733,808.3571
2016-05-01,电力及公用事业,CI005004.WI,19.5791,2.013,552.2815
2016-05-08,电力及公用事业,CI005004.WI,19.4505,1.9948,603.9352
2016-05-15,电力及公用事业,CI005004.WI,19.066,1.9544,583.1665
2016-05-22,电力及公用事业,CI005004.WI,18.9018,1.9461,513.7447
2016-05-29,电力及公用事业,CI005004.WI,18.8714,1.9384,452.591
2016-06-05,电力及公用事业,CI005004.WI,19.5444,2.0112,687.9518
2016-06-12,电力及公用事业,CI005004.WI,19.6132,2.0099,400.0407
2016-06-19,电力及公用事业,CI005004.WI,19.3145,1.9815,723.9044
2016-06-26,电力及公用事业,CI005004.WI,19.0594,1.969,638.598
2016-07-03,电力及公用事业,CI005004.WI,19.4818,2.0204,701.5352
2016-07-10,电力及公用事业,CI005004.WI,19.8482,2.0761,892.7768
2016-07-17,电力及公用事业,CI005004.WI,20.2616,2.1253,856.9473
2016-07-24,电力及公用事业,CI005004.WI,19.9344,2.1075,682.0427
2016-07-31,电力及公用事业,CI005004.WI,19.9479,2.1024,783.5394
2016-08-07,电力及公用事业,CI005004.WI,20.3693,2.0953,554.6886
2016-08-14,电力及公用事业,CI005004.WI,20.8737,2.1433,598.014
2016-08-21,电力及公用事业,CI005004.WI,21.2947,2.1727,844.388
2016-08-28,电力及公用事业,CI005004.WI,21.2355,2.1608,807.6223
2016-09-04,电力及公用事业,CI005004.WI,21.4337,2.2237,895.426
2016-09-11,电力及公用事业,CI005004.WI,21.8347,2.2584,1240.0137
2016-09-18,电力及公用事业,CI005004.WI,21.3574,2.209,627.148
2016-09-25,电力及公用事业,CI005004.WI,21.4932,2.2231,752.9031
2016-10-02,电力及公用事业,CI005004.WI,21.2394,2.1942,644.6845
2016-10-16,电力及公用事业,CI005004.WI,21.9831,2.2494,848.866
2016-10-23,电力及公用事业,CI005004.WI,21.9709,2.2393,927.7722
2016-10-30,电力及公用事业,CI005004.WI,23.7132,2.2123,969.8365
2016-11-06,电力及公用事业,CI005004.WI,22.7173,2.1851,934.3841
2016-11-13,电力及公用事业,CI005004.WI,23.0136,2.2136,913.9821
2016-11-20,电力及公用事业,CI005004.WI,23.0673,2.2184,975.9642
2016-11-27,电力及公用事业,CI005004.WI,23.2704,2.2379,1051.487
2016-12-04,电力及公用事业,CI005004.WI,23.2672,2.2286,1000.1625
2016-12-11,电力及公用事业,CI005004.WI,22.9227,2.1915,668.2592
2016-12-18,电力及公用事业,CI005004.WI,22.2723,2.1293,727.2081
2016-12-25,电力及公用事业,CI005004.WI,22.2504,2.1276,692.3823
2017-01-01,电力及公用事业,CI005004.WI,22.247,2.1272,610.9973
2017-01-08,电力及公用事业,CI005004.WI,22.6845,2.161,620.8839
2017-01-15,电力及公用事业,CI005004.WI,22.4133,2.1297,771.7701
2017-01-22,电力及公用事业,CI005004.WI,21.7083,2.1056,610.0966
2017-01-29,电力及公用事业,CI005004.WI,21.8889,2.1214,385.7469
2017-02-05,电力及公用事业,CI005004.WI,21.8412,2.1168,75.7782
2017-02-12,电力及公用事业,CI005004.WI,22.3467,2.1718,665.9205
2017-02-19,电力及公用事业,CI005004.WI,22.4271,2.1799,920.0528
2017-02-26,电力及公用事业,CI005004.WI,22.8363,2.2048,880.1616
2017-03-05,电力及公用事业,CI005004.WI,22.6271,2.2008,859.6685
2017-03-12,电力及公用事业,CI005004.WI,22.812,2.2367,968.7151
2017-03-19,电力及公用事业,CI005004.WI,22.6459,2.2511,1028.2665
2017-03-26,电力及公用事业,CI005004.WI,22.9502,2.2622,951.1323
2017-04-02,电力及公用事业,CI005004.WI,23.0886,2.2372,971.1877
2017-04-09,电力及公用事业,CI005004.WI,24.3287,2.3178,986.7048
2017-04-16,电力及公用事业,CI005004.WI,25.1464,2.3483,2067.6783
2017-04-23,电力及公用事业,CI005004.WI,24.4065,2.2676,1684.7965
2017-04-30,电力及公用事业,CI005004.WI,27.1389,2.2532,1850.6508
2017-05-07,电力及公用事业,CI005004.WI,26.6085,2.2097,1445.1635
2017-05-14,电力及公用事业,CI005004.WI,26.1562,2.1723,1422.9403
2017-05-21,电力及公用事业,CI005004.WI,26.8355,2.2222,1827.3678
2017-05-28,电力及公用事业,CI005004.WI,26.3536,2.185,1515.1753
2017-06-04,电力及公用事业,CI005004.WI,26.2671,2.179,712.0007
2017-06-11,电力及公用事业,CI005004.WI,26.7172,2.2173,1213.5985
2017-06-18,电力及公用事业,CI005004.WI,26.5182,2.208,1057.1028
2017-06-25,电力及公用事业,CI005004.WI,26.515,2.2096,1088.041
2017-07-02,电力及公用事业,CI005004.WI,26.6254,2.2298,803.696
2017-07-09,电力及公用事业,CI005004.WI,26.7511,2.247,786.8614
2017-07-16,电力及公用事业,CI005004.WI,26.0656,2.2295,813.6112
2017-07-23,电力及公用事业,CI005004.WI,25.8396,2.2123,830.1809
2017-07-30,电力及公用事业,CI005004.WI,26.0366,2.2327,786.5838
2017-08-06,电力及公用事业,CI005004.WI,26.607,2.2313,900.2143
2017-08-13,电力及公用事业,CI005004.WI,26.4581,2.2112,873.0643
2017-08-20,电力及公用事业,CI005004.WI,27.8132,2.2585,1015.0928
2017-08-27,电力及公用事业,CI005004.WI,28.7475,2.2613,944.4297
2017-09-03,电力及公用事业,CI005004.WI,29.8729,2.2599,1055.3952
2017-09-10,电力及公用事业,CI005004.WI,29.7155,2.248,1039.1078
2017-09-17,电力及公用事业,CI005004.WI,29.6848,2.2456,1088.2119
2017-09-24,电力及公用事业,CI005004.WI,29.4483,2.2278,951.3432
2017-10-01,电力及公用事业,CI005004.WI,29.3679,2.2217,681.3602
2017-10-15,电力及公用事业,CI005004.WI,29.9863,2.2723,916.1009
2017-10-22,电力及公用事业,CI005004.WI,29.5124,2.2315,994.2256
2017-10-29,电力及公用事业,CI005004.WI,30.6122,2.2035,792.9206
2017-11-05,电力及公用事业,CI005004.WI,28.5198,2.1243,800.0128
2017-11-12,电力及公用事业,CI005004.WI,28.9866,2.1514,709.7893
2017-11-19,电力及公用事业,CI005004.WI,28.0865,2.0827,770.7998
2017-11-26,电力及公用事业,CI005004.WI,27.8235,2.0617,586.046
2017-12-03,电力及公用事业,CI005004.WI,27.6911,2.0485,525.058
2017-12-10,电力及公用事业,CI005004.WI,27.4514,2.0335,523.3504
2017-12-17,电力及公用事业,CI005004.WI,27.4906,2.0312,487.107
2017-12-24,电力及公用事业,CI005004.WI,27.7917,2.0535,618.0323
2017-12-31,电力及公用事业,CI005004.WI,27.3581,2.0215,762.0515
2018-01-07,电力及公用事业,CI005004.WI,27.8966,2.0604,709.7382
2018-01-14,电力及公用事业,CI005004.WI,27.8387,2.0491,766.7897
2018-01-21,电力及公用事业,CI005004.WI,27.3281,2.0052,686.5151
2018-01-28,电力及公用事业,CI005004.WI,28.2567,2.0313,845.002
2018-02-04,电力及公用事业,CI005004.WI,26.7129,1.9114,758.2162
2018-02-11,电力及公用事业,CI005004.WI,25.1377,1.7993,533.159
2018-02-18,电力及公用事业,CI005004.WI,25.4752,1.8225,208.5165
2018-02-25,电力及公用事业,CI005004.WI,26.0554,1.8649,198.7916
2018-03-04,电力及公用事业,CI005004.WI,26.9739,1.9163,614.2367
2018-03-11,电力及公用事业,CI005004.WI,27.6952,1.9691,730.2486
2018-03-18,电力及公用事业,CI005004.WI,27.3686,1.9369,701.9069
2018-03-25,电力及公用事业,CI005004.WI,26.5192,1.8695,742.7168
2018-04-01,电力及公用事业,CI005004.WI,27.7331,1.9108,768.1597
2018-04-08,电力及公用事业,CI005004.WI,27.0119,1.88,448.6029
2018-04-15,电力及公用事业,CI005004.WI,26.8253,1.8739,534.3702
2018-04-22,电力及公用事业,CI005004.WI,25.8354,1.8115,486.1457
2018-04-29,电力及公用事业,CI005004.WI,25.482,1.7896,445.4215
2018-05-06,电力及公用事业,CI005004.WI,25.361,1.7942,308.1356
2018-05-13,电力及公用事业,CI005004.WI,25.5733,1.8098,560.1428
2018-05-20,电力及公用事业,CI005004.WI,26.0275,1.845,540.0251
2018-05-27,电力及公用事业,CI005004.WI,26.0773,1.8487,783.1634
2018-06-03,电力及公用事业,CI005004.WI,25.2379,1.791,502.9646
2018-06-10,电力及公用事业,CI005004.WI,24.9291,1.7655,412.522
2018-06-17,电力及公用事业,CI005004.WI,24.7224,1.7518,400.395
2018-06-24,电力及公用事业,CI005004.WI,23.1793,1.6638,345.314
2018-07-01,电力及公用事业,CI005004.WI,23.8659,1.6642,323.0992
2018-07-08,电力及公用事业,CI005004.WI,23.283,1.6243,381.6949
2018-07-15,电力及公用事业,CI005004.WI,23.5041,1.6429,416.1033
2018-07-22,电力及公用事业,CI005004.WI,24.5763,1.7257,590.5921
2018-07-29,电力及公用事业,CI005004.WI,24.6442,1.7375,642.8344
2018-08-05,电力及公用事业,CI005004.WI,23.6922,1.6864,474.8013
2018-08-12,电力及公用事业,CI005004.WI,23.5104,1.6805,499.525
2018-08-19,电力及公用事业,CI005004.WI,22.418,1.6206,454.2961
2018-08-26,电力及公用事业,CI005004.WI,22.3225,1.6284,354.4117
2018-09-02,电力及公用事业,CI005004.WI,22.3184,1.6034,348.3044
2018-09-09,电力及公用事业,CI005004.WI,22.3682,1.6075,414.462
2018-09-16,电力及公用事业,CI005004.WI,22.4041,1.6078,483.5587
2018-09-23,电力及公用事业,CI005004.WI,22.8078,1.6368,523.568
2018-09-30,电力及公用事业,CI005004.WI,22.7631,1.6335,346.4139
2018-10-14,电力及公用事业,CI005004.WI,20.7546,1.4883,533.5383
2018-10-21,电力及公用事业,CI005004.WI,20.2732,1.4526,444.3455
2018-10-28,电力及公用事业,CI005004.WI,21.7506,1.473,484.0435
2018-11-04,电力及公用事业,CI005004.WI,22.0859,1.4829,466.6342
2018-11-11,电力及公用事业,CI005004.WI,21.7285,1.4589,590.378
2018-11-18,电力及公用事业,CI005004.WI,22.9001,1.5345,807.2192
2018-11-25,电力及公用事业,CI005004.WI,21.8157,1.4619,720.9662
2018-12-02,电力及公用事业,CI005004.WI,21.8173,1.4598,455.0871
2018-12-09,电力及公用事业,CI005004.WI,22.2773,1.5071,505.9621
2018-12-16,电力及公用事业,CI005004.WI,22.2919,1.5072,435.3175
2018-12-23,电力及公用事业,CI005004.WI,22.1561,1.498,403.7923
2018-12-30,电力及公用事业,CI005004.WI,22.1973,1.5008,364.8652
2019-01-06,电力及公用事业,CI005004.WI,22.1906,1.4832,229.5464
2019-01-13,电力及公用事业,CI005004.WI,22.3214,1.4987,455.9137
2019-01-20,电力及公用事业,CI005004.WI,22.3877,1.4992,438.9083
2019-01-27,电力及公用事业,CI005004.WI,22.1105,1.4912,374.7304
2019-02-03,电力及公用事业,CI005004.WI,22.0664,1.4778,369.3168
2019-02-17,电力及公用事业,CI005004.WI,22.8429,1.5294,494.1365
2019-02-24,电力及公用事业,CI005004.WI,24.2456,1.5722,714.7672
2019-03-03,电力及公用事业,CI005004.WI,26.7983,1.6462,1227.8569
2019-03-10,电力及公用事业,CI005004.WI,27.118,1.6653,1657.4752
2019-03-17,电力及公用事业,CI005004.WI,27.2891,1.6863,1428.467
2019-03-24,电力及公用事业,CI005004.WI,28.5208,1.7624,1286.2386
2019-03-31,电力及公用事业,CI005004.WI,27.4769,1.7258,980.4602
2019-04-07,电力及公用事业,CI005004.WI,28.4546,1.7898,990.7965
2019-04-14,电力及公用事业,CI005004.WI,28.3809,1.7875,1156.3957
2019-04-21,电力及公用事业,CI005004.WI,29.1568,1.8046,1148.3919
2019-04-28,电力及公用事业,CI005004.WI,25.1577,1.678,1039.4225
2019-05-05,电力及公用事业,CI005004.WI,25.8726,1.6582,275.7194
2019-05-12,电力及公用事业,CI005004.WI,24.9699,1.6005,660.6788
2019-05-19,电力及公用事业,CI005004.WI,22.8978,1.5582,561.4554
2019-05-26,电力及公用事业,CI005004.WI,22.7489,1.5413,422.823
2019-06-02,电力及公用事业,CI005004.WI,23.4904,1.5924,500.2536
2019-06-09,电力及公用事业,CI005004.WI,23.0057,1.5628,397.9994
2019-06-16,电力及公用事业,CI005004.WI,23.2525,1.5776,533.3192
2019-06-23,电力及公用事业,CI005004.WI,24.3659,1.6581,732.561
2019-06-30,电力及公用事业,CI005004.WI,24.1011,1.6247,998.9679
2019-07-07,电力及公用事业,CI005004.WI,24.4377,1.6522,992.5607
2019-07-14,电力及公用事业,CI005004.WI,23.6625,1.6024,560.4327
2019-07-21,电力及公用事业,CI005004.WI,23.614,1.6169,446.0913
2019-07-28,电力及公用事业,CI005004.WI,23.6227,1.6345,362.9088
2019-08-04,电力及公用事业,CI005004.WI,23.4603,1.625,360.7884
2019-08-11,电力及公用事业,CI005004.WI,22.7641,1.5883,413.5779
2019-08-18,电力及公用事业,CI005004.WI,23.3722,1.6133,332.0075
2019-08-25,电力及公用事业,CI005004.WI,23.0371,1.6316,471.4415
2019-09-01,电力及公用事业,CI005004.WI,22.7652,1.6142,478.1173
2019-09-08,电力及公用事业,CI005004.WI,23.3072,1.6506,592.8375
2019-09-15,电力及公用事业,CI005004.WI,23.5293,1.6663,478.664
2019-09-22,电力及公用事业,CI005004.WI,23.3782,1.7091,564.5842
2019-09-29,电力及公用事业,CI005004.WI,22.6226,1.6538,485.807
2019-10-06,电力及公用事业,CI005004.WI,22.4977,1.6447,67.2361
2019-10-13,电力及公用事业,CI005004.WI,22.9274,1.6778,336.2613
2019-10-20,电力及公用事业,CI005004.WI,22.5865,1.6481,536.2219
2019-10-27,电力及公用事业,CI005004.WI,21.9715,1.6405,435.7603
2019-11-03,电力及公用事业,CI005004.WI,21.2454,1.5914,524.0386
2019-11-10,电力及公用事业,CI005004.WI,21.1875,1.587,450.683
2019-11-17,电力及公用事业,CI005004.WI,20.4053,1.5275,357.6742
2019-11-24,电力及公用事业,CI005004.WI,20.6103,1.5428,336.8007
2019-12-01,电力及公用事业,CI005004.WI,17.1678,1.4825,318.7006
2019-12-08,电力及公用事业,CI005004.WI,20.69,1.548,293.2313
2019-12-15,电力及公用事业,CI005004.WI,20.8675,1.5613,320.5822
2019-12-22,电力及公用事业,CI005004.WI,21.1643,1.5829,477.5818
2019-12-29,电力及公用事业,CI005004.WI,20.8831,1.5619,353.1251
2020-01-05,电力及公用事业,CI005004.WI,21.3195,1.5942,154.4176
2020-01-12,电力及公用事业,CI005004.WI,21.5225,1.5843,576.5035
2020-01-19,电力及公用事业,CI005004.WI,21.4705,1.5616,530.225
2020-01-26,电力及公用事业,CI005004.WI,20.7932,1.5121,346.7951
2020-02-09,电力及公用事业,CI005004.WI,20.762,1.4791,582.6859
2020-02-16,电力及公用事业,CI005004.WI,20.6236,1.4692,585.7794
2020-02-23,电力及公用事业,CI005004.WI,21.2155,1.5136,612.811
2020-03-01,电力及公用事业,CI005004.WI,19.1428,1.4478,786.325
2020-03-08,电力及公用事业,CI005004.WI,20.1123,1.5314,944.648
2020-03-15,电力及公用事业,CI005004.WI,19.2667,1.4671,775.2498
2020-03-22,电力及公用事业,CI005004.WI,18.7,1.4236,585.5754
2020-03-29,电力及公用事业,CI005004.WI,18.6608,1.4322,439.2538
2020-04-05,电力及公用事业,CI005004.WI,19.2261,1.4199,332.8328
2020-04-12,电力及公用事业,CI005004.WI,19.152,1.4273,308.7851
2020-04-19,电力及公用事业,CI005004.WI,19.8637,1.4432,380.1904
2020-04-26,电力及公用事业,CI005004.WI,20.6117,1.4374,408.4168
2020-05-03,电力及公用事业,CI005004.WI,22.6374,1.4307,344.0222
2020-05-10,电力及公用事业,CI005004.WI,22.9475,1.458,291.0434
2020-05-17,电力及公用事业,CI005004.WI,22.2789,1.4449,395.6927
2020-05-24,电力及公用事业,CI005004.WI,21.7112,1.402,397.3982
2020-05-31,电力及公用事业,CI005004.WI,22.1239,1.4198,355.294
2020-06-07,电力及公用事业,CI005004.WI,22.4162,1.4434,415.9001
2020-06-14,电力及公用事业,CI005004.WI,22.1369,1.4225,372.769
2020-06-21,电力及公用事业,CI005004.WI,22.4997,1.4401,421.7219
2020-06-28,电力及公用事业,CI005004.WI,23.0091,1.4501,234.6469
2020-07-05,电力及公用事业,CI005004.WI,23.6528,1.492,466.1187
2020-07-12,电力及公用事业,CI005004.WI,24.5357,1.5661,1035.7325
2020-07-19,电力及公用事业,CI005004.WI,24.3627,1.5748,1160.3539
2020-07-26,电力及公用事业,CI005004.WI,23.8833,1.5457,975.136
2020-08-02,电力及公用事业,CI005004.WI,24.2173,1.5771,635.6253
2020-08-09,电力及公用事业,CI005004.WI,24.1325,1.5721,787.4097
2020-08-16,电力及公用事业,CI005004.WI,24.4947,1.6016,673.7478
2020-08-23,电力及公用事业,CI005004.WI,24.3068,1.6458,952.1034
2020-08-30,电力及公用事业,CI005004.WI,21.572,1.6472,949.7854
2020-09-06,电力及公用事业,CI005004.WI,21.5308,1.6125,838.1752
2020-09-13,电力及公用事业,CI005004.WI,21.219,1.5878,876.578
2020-09-20,电力及公用事业,CI005004.WI,21.4869,1.6074,575.0528
2020-09-27,电力及公用事业,CI005004.WI,20.3807,1.5247,462.8716
2020-10-04,电力及公用事业,CI005004.WI,20.5275,1.4099,218.3227
2020-10-11,电力及公用事业,CI005004.WI,20.8848,1.4418,92.2369
2020-10-18,电力及公用事业,CI005004.WI,21.0899,1.4449,587.6339
2020-10-25,电力及公用事业,CI005004.WI,20.3904,1.3922,493.0255
2020-11-01,电力及公用事业,CI005004.WI,18.0659,1.3615,450.1835
2020-11-08,电力及公用事业,CI005004.WI,19.1852,1.5232,455.9601
2020-11-15,电力及公用事业,CI005004.WI,19.2284,1.5266,537.8399
2020-11-22,电力及公用事业,CI005004.WI,19.3569,1.5349,510.8473
2020-11-29,电力及公用事业,CI005004.WI,19.5507,1.5502,554.0827
2020-12-06,电力及公用事业,CI005004.WI,19.516,1.5489,494.1004
2020-12-13,电力及公用事业,CI005004.WI,18.8371,1.4931,488.8797
2020-12-20,电力及公用事业,CI005004.WI,18.536,1.5093,528.3359
2020-12-27,电力及公用事业,CI005004.WI,18.7781,1.5287,816.5902
2021-01-03,电力及公用事业,CI005004.WI,18.4777,1.5038,861.0665
2021-01-10,电力及公用事业,CI005004.WI,18.2213,1.4826,981.4471
2021-01-17,电力及公用事业,CI005004.WI,17.9359,1.4619,747.1471
2021-01-24,电力及公用事业,CI005004.WI,17.6719,1.4406,569.5441
2021-01-31,电力及公用事业,CI005004.WI,17.155,1.4207,545.6234
2021-02-07,电力及公用事业,CI005004.WI,16.5733,1.3718,552.9908
2021-02-14,电力及公用事业,CI005004.WI,16.7951,1.3904,241.9118
2021-02-21,电力及公用事业,CI005004.WI,17.3844,1.4392,224.4921
2021-02-28,电力及公用事业,CI005004.WI,17.3728,1.4402,637.6487
2021-03-07,电力及公用事业,CI005004.WI,18.2514,1.4905,960.3796
2021-03-14,电力及公用事业,CI005004.WI,19.2944,1.5758,1274.5876
2021-03-21,电力及公用事业,CI005004.WI,19.2903,1.5795,1538.3975
2021-03-28,电力及公用事业,CI005004.WI,19.7385,1.634,2088.95
2021-04-04,电力及公用事业,CI005004.WI,19.7339,1.6676,2174.6487
2021-04-11,电力及公用事业,CI005004.WI,19.6544,1.6572,1386.3872
2021-04-18,电力及公用事业,CI005004.WI,19.4685,1.6129,1413.3565
2021-04-25,电力及公用事业,CI005004.WI,18.5385,1.588,1013.4684
2021-05-02,电力及公用事业,CI005004.WI,17.2375,1.5347,758.3914
2021-05-09,电力及公用事业,CI005004.WI,17.4496,1.5548,365.7455
2021-05-16,电力及公用事业,CI005004.WI,17.6289,1.5715,1034.5603
2021-05-23,电力及公用事业,CI005004.WI,17.9999,1.6055,1268.147
2021-05-30,电力及公用事业,CI005004.WI,17.8879,1.5873,1355.9399
2021-06-06,电力及公用事业,CI005004.WI,17.7745,1.5779,1216.4168
2021-06-13,电力及公用事业,CI005004.WI,17.9639,1.5951,914.1757
2021-06-20,电力及公用事业,CI005004.WI,17.4063,1.5237,631.3752
2021-06-27,电力及公用事业,CI005004.WI,17.8137,1.5625,912.8928
2021-07-04,电力及公用事业,CI005004.WI,17.6259,1.5481,744.0687
2021-07-11,电力及公用事业,CI005004.WI,17.8118,1.5264,899.7484
2021-07-18,电力及公用事业,CI005004.WI,17.8581,1.5263,1201.5986
2021-07-25,电力及公用事业,CI005004.WI,17.3606,1.4689,910.3715
2021-08-01,电力及公用事业,CI005004.WI,17.4976,1.5269,860.2978
2021-08-08,电力及公用事业,CI005004.WI,17.8122,1.5548,976.2757
2021-08-15,电力及公用事业,CI005004.WI,18.2377,1.6053,1040.5596
2021-08-22,电力及公用事业,CI005004.WI,18.301,1.6067,1220.7847
2021-08-29,电力及公用事业,CI005004.WI,19.5176,1.6752,1413.6394
2021-09-05,电力及公用事业,CI005004.WI,21.0398,1.8086,2000.8534
2021-09-12,电力及公用事业,CI005004.WI,21.7382,1.869,2512.1957
2021-09-19,电力及公用事业,CI005004.WI,22.0025,1.8967,2316.7761
2021-09-26,电力及公用事业,CI005004.WI,23.4272,2.019,2054.8594
2021-10-03,电力及公用事业,CI005004.WI,23.5819,1.9995,2516.3063
2021-10-10,电力及公用事业,CI005004.WI,23.8186,1.9983,617.791
2021-10-17,电力及公用事业,CI005004.WI,21.4806,1.799,2092.4246
2021-10-24,电力及公用事业,CI005004.WI,21.8342,1.8161,1879.1994
2021-10-31,电力及公用事业,CI005004.WI,28.7076,1.8566,2001.1994
2021-11-07,电力及公用事业,CI005004.WI,27.5313,1.7843,1834.0861
2021-11-14,电力及公用事业,CI005004.WI,27.4142,1.7777,1527.249
2021-11-21,电力及公用事业,CI005004.WI,27.9155,1.8106,1474.7525
2021-11-28,电力及公用事业,CI005004.WI,28.0752,1.8201,1596.3832
2021-12-05,电力及公用事业,CI005004.WI,29.1286,1.8911,1624.4075
2021-12-12,电力及公用事业,CI005004.WI,29.4517,1.9024,1918.2112
2021-12-19,电力及公用事业,CI005004.WI,31.2191,2.0158,2313.739
2021-12-26,电力及公用事业,CI005004.WI,31.37,2.0251,2110.2445
2022-01-02,电力及公用事业,CI005004.WI,31.2526,2.0119,1807.3944
2022-01-09,电力及公用事业,CI005004.WI,29.8411,1.9236,1381.9951
2022-01-16,电力及公用事业,CI005004.WI,29.3469,1.882,1241.5759
2022-01-23,电力及公用事业,CI005004.WI,29.431,1.8767,1251.001
2022-01-30,电力及公用事业,CI005004.WI,27.7861,1.7806,986.4168
2022-02-13,电力及公用事业,CI005004.WI,29.5932,1.8899,1136.0602
2022-02-20,电力及公用事业,CI005004.WI,29.3091,1.8746,1094.2354
2022-02-27,电力及公用事业,CI005004.WI,29.4294,1.8805,1514.4504
2022-03-06,电力及公用事业,CI005004.WI,29.7543,1.9158,1509.1981
2022-03-13,电力及公用事业,CI005004.WI,28.1281,1.8289,1600.3926
2022-03-20,电力及公用事业,CI005004.WI,27.0699,1.7479,1387.8057
2022-03-27,电力及公用事业,CI005004.WI,30.1714,1.7208,1128.5095
2022-04-03,电力及公用事业,CI005004.WI,34.1212,1.7525,942.1305
2022-04-10,电力及公用事业,CI005004.WI,37.2883,1.7565,563.6321
2022-04-17,电力及公用事业,CI005004.WI,37.5064,1.7087,870.5841
2022-04-24,电力及公用事业,CI005004.WI,37.7803,1.6991,948.0137
2022-05-01,电力及公用事业,CI005004.WI,57.4253,1.6653,1196.0833
2022-05-08,电力及公用事业,CI005004.WI,53.6287,1.6928,448.7251
2022-05-15,电力及公用事业,CI005004.WI,56.2986,1.7776,1296.2645
2022-05-22,电力及公用事业,CI005004.WI,57.1259,1.8047,1110.1142
2022-05-29,电力及公用事业,CI005004.WI,57.6672,1.8234,1159.2046
2022-06-05,电力及公用事业,CI005004.WI,58.3429,1.846,1042.3603
2022-06-12,电力及公用事业,CI005004.WI,59.2304,1.8758,1514.1979
2022-06-19,电力及公用事业,CI005004.WI,58.2955,1.8487,1380.929
2022-06-26,电力及公用事业,CI005004.WI,58.6709,1.8662,1294.4809
2022-07-03,电力及公用事业,CI005004.WI,59.8672,1.9054,1366.6896
2022-07-10,电力及公用事业,CI005004.WI,61.4385,1.9738,1776.2577
2022-07-17,电力及公用事业,CI005004.WI,61.8378,1.9551,1957.2811
2022-07-24,电力及公用事业,CI005004.WI,60.1636,1.9818,1778.9874
2022-07-31,电力及公用事业,CI005004.WI,63.2453,1.9675,1435.0748
2022-08-07,电力及公用事业,CI005004.WI,61.415,1.9003,1283.0554
2022-08-14,电力及公用事业,CI005004.WI,61.6649,1.9417,1061.5614
2022-08-21,电力及公用事业,CI005004.WI,61.1119,2.0118,1728.1393
2022-08-28,电力及公用事业,CI005004.WI,63.3787,1.9912,1942.0468
2022-09-04,电力及公用事业,CI005004.WI,65.3691,1.9158,1339.334
2022-09-11,电力及公用事业,CI005004.WI,68.1606,1.9977,1620.4313
2022-09-18,电力及公用事业,CI005004.WI,63.615,1.8502,1006.9731
2022-09-25,电力及公用事业,CI005004.WI,63.2868,1.8405,900.2666
2022-10-02,电力及公用事业,CI005004.WI,60.9248,1.771,903.9676
2022-10-16,电力及公用事业,CI005004.WI,63.3327,1.8671,1082.1035
2022-10-23,电力及公用事业,CI005004.WI,60.7472,1.8258,1041.9058
2022-10-30,电力及公用事业,CI005004.WI,40.3696,1.7035,1102.499
2022-11-06,电力及公用事业,CI005004.WI,43.7852,1.7478,1136.5737
2022-11-13,电力及公用事业,CI005004.WI,44.1335,1.7587,1171.9627
2022-11-20,电力及公用事业,CI005004.WI,44.4915,1.7733,1011.9963
2022-11-27,电力及公用事业,CI005004.WI,45.6933,1.8215,1010.9239
2022-12-04,电力及公用事业,CI005004.WI,45.4811,1.8138,1288.8769
2022-12-11,电力及公用事业,CI005004.WI,44.6196,1.7715,1049.5524
2022-12-18,电力及公用事业,CI005004.WI,43.8644,1.7415,768.151
2022-12-25,电力及公用事业,CI005004.WI,42.0431,1.6689,635.832
2023-01-01,电力及公用事业,CI005004.WI,43.916,1.7327,734.4223
2023-01-08,电力及公用事业,CI005004.WI,46.6304,1.7512,779.562
2023-01-15,电力及公用事业,CI005004.WI,45.4769,1.7155,780.1768
2023-01-22,电力及公用事业,CI005004.WI,45.7103,1.7446,768.2004
2023-02-05,电力及公用事业,CI005004.WI,48.8241,1.7505,1008.4192
2023-02-12,电力及公用事业,CI005004.WI,50.6976,1.7853,1000.2154
2023-02-19,电力及公用事业,CI005004.WI,49.6133,1.7473,1024.512
2023-02-26,电力及公用事业,CI005004.WI,49.9152,1.7581,711.352
2023-03-05,电力及公用事业,CI005004.WI,50.2942,1.7941,787.1726
2023-03-12,电力及公用事业,CI005004.WI,49.1954,1.7582,886.8603
2023-03-19,电力及公用事业,CI005004.WI,47.5373,1.7714,862.6888
2023-03-26,电力及公用事业,CI005004.WI,41.0541,1.7517,772.278
2023-04-02,电力及公用事业,CI005004.WI,34.3041,1.7407,828.3762
2023-04-09,电力及公用事业,CI005004.WI,31.2746,1.7251,644.9824
2023-04-16,电力及公用事业,CI005004.WI,31.2697,1.7736,912.6647
2023-04-23,电力及公用事业,CI005004.WI,29.7513,1.735,924.8611
2023-04-30,电力及公用事业,CI005004.WI,26.9891,1.7567,1024.3195
2023-05-07,电力及公用事业,CI005004.WI,27.4828,1.785,514.817
2023-05-14,电力及公用事业,CI005004.WI,28.0897,1.8248,1316.8183
2023-05-21,电力及公用事业,CI005004.WI,27.7093,1.7992,1257.1326
2023-05-28,电力及公用事业,CI005004.WI,28.1131,1.8223,1393.7094
2023-06-04,电力及公用事业,CI005004.WI,28.0134,1.8169,1577.42
2023-06-11,电力及公用事业,CI005004.WI,27.9836,1.8171,1169.1992
2023-06-18,电力及公用事业,CI005004.WI,27.1295,1.7642,1058.5841
2023-06-25,电力及公用事业,CI005004.WI,27.1544,1.7715,638.5187
2023-07-02,电力及公用事业,CI005004.WI,27.8474,1.8191,1538.4978
2023-07-09,电力及公用事业,CI005004.WI,27.8909,1.8301,1150.8232
2023-07-16,电力及公用事业,CI005004.WI,27.7579,1.8297,1297.3621
2023-07-23,电力及公用事业,CI005004.WI,27.224,1.8156,936.2432
2023-07-30,电力及公用事业,CI005004.WI,25.997,1.7858,959.6166
2023-08-06,电力及公用事业,CI005004.WI,26.0563,1.8307,1057.1687
2023-08-13,电力及公用事业,CI005004.WI,25.4268,1.79,830.4915
2023-08-20,电力及公用事业,CI005004.WI,25.5785,1.7967,815.1965
2023-08-27,电力及公用事业,CI005004.WI,24.6307,1.7506,1387.4648
2023-09-03,电力及公用事业,CI005004.WI,23.7733,1.7139,1453.5289
2023-09-10,电力及公用事业,CI005004.WI,23.8118,1.7167,1067.6164
2023-09-17,电力及公用事业,CI005004.WI,24.0045,1.7305,988.3912
2023-09-24,电力及公用事业,CI005004.WI,23.7159,1.7094,720.0352
2023-10-01,电力及公用事业,CI005004.WI,23.6529,1.7049,497.9874
2023-10-15,电力及公用事业,CI005004.WI,23.4498,1.6955,693.9506
2023-10-22,电力及公用事业,CI005004.WI,22.7842,1.6562,675.5876
2023-10-29,电力及公用事业,CI005004.WI,20.7454,1.6564,861.276
2023-11-05,电力及公用事业,CI005004.WI,19.7434,1.6439,801.8253
2023-11-12,电力及公用事业,CI005004.WI,19.7236,1.6422,887.3849
2023-11-19,电力及公用事业,CI005004.WI,19.7824,1.6471,853.9859
2023-11-26,电力及公用事业,CI005004.WI,19.6855,1.6389,741.2352
2023-12-03,电力及公用事业,CI005004.WI,19.9296,1.6495,791.2509
2023-12-10,电力及公用事业,CI005004.WI,19.849,1.6429,871.6322
2023-12-17,电力及公用事业,CI005004.WI,19.9744,1.6533,1032.1123
2023-12-24,电力及公用事业,CI005004.WI,19.8187,1.6404,987.2152
2023-12-31,电力及公用事业,CI005004.WI,19.9702,1.6519,912.7582
2024-01-14,电力及公用事业,CI005004.WI,20.3801,1.6832,1004.5415
2024-01-21,电力及公用事业,CI005004.WI,19.1684,1.6166,1015.2652
2024-01-28,电力及公用事业,CI005004.WI,19.8388,1.6731,1111.6192
2024-02-04,电力及公用事业,CI005004.WI,18.9839,1.6053,1292.0485
2024-02-11,电力及公用事业,CI005004.WI,19.332,1.6345,1274.9449
2024-02-25,电力及公用事业,CI005004.WI,20.205,1.7081,1160.3931
2024-03-03,电力及公用事业,CI005004.WI,19.9263,1.6856,1272.7805
2024-03-10,电力及公用事业,CI005004.WI,20.7801,1.7564,1203.7889
2024-03-17,电力及公用事业,CI005004.WI,20.4756,1.7352,1322.0499
2024-03-24,电力及公用事业,CI005004.WI,20.3451,1.7276,1169.0509
2024-03-31,电力及公用事业,CI005004.WI,20.3428,1.759,1117.0731
2024-04-07,电力及公用事业,CI005004.WI,20.5254,1.7692,822.3897
2024-04-14,电力及公用事业,CI005004.WI,20.9544,1.805,1656.0608
2024-04-21,电力及公用事业,CI005004.WI,20.5829,1.7893,1590.4367
2024-04-28,电力及公用事业,CI005004.WI,19.785,1.7426,1152.2244
2024-05-05,电力及公用事业,CI005004.WI,18.7072,1.7387,624.8318
2024-05-12,电力及公用事业,CI005004.WI,19.01,1.7653,1521.3726
2024-05-19,电力及公用事业,CI005004.WI,18.8642,1.7525,1739.2622
2024-05-26,电力及公用事业,CI005004.WI,19.1025,1.7742,1478.9795
2024-06-02,电力及公用事业,CI005004.WI,19.2329,1.7883,1875.5964
2024-06-09,电力及公用事业,CI005004.WI,19.7376,1.837,1605.306
2024-06-16,电力及公用事业,CI005004.WI,19.4845,1.8142,1226.4029
2024-06-23,电力及公用事业,CI005004.WI,19.2067,1.7942,1128.8765
2024-06-30,电力及公用事业,CI005004.WI,19.3948,1.8154,1092.9562
2024-07-07,电力及公用事业,CI005004.WI,19.6735,1.8439,1060.9412
2024-07-14,电力及公用事业,CI005004.WI,19.5683,1.848,1209.5612
2024-07-21,电力及公用事业,CI005004.WI,19.6097,1.8735,1001.6753
2024-07-28,电力及公用事业,CI005004.WI,19.4862,1.8657,1084.4151
2024-08-04,电力及公用事业,CI005004.WI,19.2207,1.8312,1173.521
2024-08-11,电力及公用事业,CI005004.WI,18.9112,1.8071,955.3024
2024-08-18,电力及公用事业,CI005004.WI,19.0311,1.8216,935.0088
2024-08-25,电力及公用事业,CI005004.WI,18.3015,1.7734,831.0412
2024-09-01,电力及公用事业,CI005004.WI,17.8435,1.7217,889.7097
2024-09-08,电力及公用事业,CI005004.WI,17.3172,1.659,826.6098
2024-09-15,电力及公用事业,CI005004.WI,16.7439,1.6043,797.625
2024-09-22,电力及公用事业,CI005004.WI,16.8031,1.6102,494.1244
2024-09-29,电力及公用事业,CI005004.WI,18.1906,1.7433,1434.2001
2024-10-06,电力及公用事业,CI005004.WI,19.431,1.8622,829.0015
2024-10-13,电力及公用事业,CI005004.WI,18.5255,1.7671,2732.2481
2024-10-20,电力及公用事业,CI005004.WI,18.3938,1.7578,2015.0035
2024-10-27,电力及公用事业,CI005004.WI,18.6254,1.7736,2049.1045
2024-11-03,电力及公用事业,CI005004.WI,18.7874,1.7465,2593.4982
2024-11-10,电力及公用事业,CI005004.WI,19.1002,1.7753,2533.8318
2024-11-17,电力及公用事业,CI005004.WI,18.5325,1.7219,2361.0688
2024-11-24,电力及公用事业,CI005004.WI,18.435,1.7125,1987.7217
2024-12-01,电力及公用事业,CI005004.WI,18.4134,1.7105,1739.9279
2024-12-08,电力及公用事业,CI005004.WI,19.0474,1.7588,2087.0505
2024-12-15,电力及公用事业,CI005004.WI,18.9884,1.7535,2050.0989
2024-12-22,电力及公用事业,CI005004.WI,18.8978,1.7431,1794.5173
2024-12-29,电力及公用事业,CI005004.WI,19.0637,1.7586,1635.4903
2025-01-05,电力及公用事业,CI005004.WI,18.0751,1.6659,1262.3488
2025-01-12,电力及公用事业,CI005004.WI,17.494,1.6131,1124.2653
2025-01-19,电力及公用事业,CI005004.WI,17.8508,1.6362,1076.2876
2025-01-26,电力及公用事业,CI005004.WI,17.7957,1.6244,1072.4213
2025-02-02,电力及公用事业,CI005004.WI,18.0522,1.6478,238.9649
2025-02-09,电力及公用事业,CI005004.WI,18.1059,1.6527,717.9213
2025-02-16,电力及公用事业,CI005004.WI,18.0768,1.6501,1258.0771
2025-02-23,电力及公用事业,CI005004.WI,18.1652,1.6584,1494.6521
2025-03-02,电力及公用事业,CI005004.WI,17.9743,1.6403,1514.3426
2025-03-09,电力及公用事业,CI005004.WI,17.9846,1.6361,1357.8082
2025-03-16,电力及公用事业,CI005004.WI,18.3017,1.6665,1525.233
2025-03-23,电力及公用事业,CI005004.WI,18.4215,1.6788,1824.9239
2025-03-30,电力及公用事业,CI005004.WI,18.0144,1.6736,1946.4634
2025-04-06,电力及公用事业,CI005004.WI,18.5018,1.7174,1547.8296
2025-04-13,电力及公用事业,CI005004.WI,18.0163,1.667,2640.2921
2025-04-20,电力及公用事业,CI005004.WI,18.3067,1.6843,1823.1484
2025-04-27,电力及公用事业,CI005004.WI,18.7825,1.7061,1866.2787
2025-05-04,电力及公用事业,CI005004.WI,18.6935,1.653,1355.5802
2025-05-11,电力及公用事业,CI005004.WI,19.0907,1.6885,1504.155
2025-05-18,电力及公用事业,CI005004.WI,19.1089,1.6905,1689.3814
2025-05-25,电力及公用事业,CI005004.WI,19.192,1.6982,1943.2674
2025-06-01,电力及公用事业,CI005004.WI,19.2739,1.7077,1768.4059
2025-06-08,电力及公用事业,CI005004.WI,19.1984,1.7031,1284.1102
2025-06-15,电力及公用事业,CI005004.WI,19.2256,1.7073,1624.4854
2025-06-22,电力及公用事业,CI005004.WI,18.9811,1.6917,1499.3134
2025-06-29,电力及公用事业,CI005004.WI,19.0566,1.6989,1579.152
2025-07-06,电力及公用事业,CI005004.WI,19.4147,1.7346,1833.7186
2025-07-13,电力及公用事业,CI005004.WI,19.5689,1.7604,2534.5226
2025-07-20,电力及公用事业,CI005004.WI,19.3358,1.7584,1985.1784
2025-07-27,电力及公用事业,CI005004.WI,19.3803,1.7639,2302.8414
2025-08-03,电力及公用事业,CI005004.WI,18.8559,1.7328,1770.3543
2025-08-10,电力及公用事业,CI005004.WI,19.15,1.7617,1596.2825
2025-08-17,电力及公用事业,CI005004.WI,19.0369,1.7551,2070.2615
2025-08-24,电力及公用事业,CI005004.WI,19.6209,1.7739,2375.0627
2025-08-31,电力及公用事业,CI005004.WI,19.5638,1.7431,2832.1677
2025-09-07,电力及公用事业,CI005004.WI,19.6949,1.7449,2521.7131
2025-09-14,电力及公用事业,CI005004.WI,19.8743,1.7611,2361.7452
2025-09-21,电力及公用事业,CI005004.WI,19.3931,1.7186,2448.5483
2025-09-28,电力及公用事业,CI005004.WI,19.5081,1.7292,2290.2188
2025-10-05,电力及公用事业,CI005004.WI,19.573,1.7343,958.4113
2025-10-12,电力及公用事业,CI005004.WI,20.2105,1.7907,1234.262
2025-10-19,电力及公用事业,CI005004.WI,20.1967,1.7872,2815.3401
2025-10-26,电力及公用事业,CI005004.WI,20.3508,1.7992,2580.3165
2025-11-02,电力及公用事业,CI005004.WI,20.2175,1.7565,2885.4081
2025-11-09,电力及公用事业,CI005004.WI,21.1157,1.8279,2876.5278
2025-11-16,电力及公用事业,CI005004.WI,20.9107,1.8111,2832.0734
2025-11-23,电力及公用事业,CI005004.WI,20.2542,1.7362,2487.3291
2025-11-30,电力及公用事业,CI005004.WI,20.3827,1.7473,1895.2685
2025-12-07,电力及公用事业,CI005004.WI,20.4857,1.7558,1967.4874
2025-12-14,电力及公用事业,CI005004.WI,20.4275,1.7518,1997.6428
2025-12-21,电力及公用事业,CI005004.WI,20.2801,1.7391,1765.953
2025-12-28,电力及公用事业,CI005004.WI,20.4095,1.7501,1745.4836
2026-01-04,电力及公用事业,CI005004.WI,19.9516,1.7114,1275.4725
2026-01-11,电力及公用事业,CI005004.WI,20.4159,1.7506,2161.9914
2026-01-18,电力及公用事业,CI005004.WI,20.5449,1.776,3025.976
2026-01-25,电力及公用事业,CI005004.WI,20.8881,1.8066,2843.1303
2026-02-01,电力及公用事业,CI005004.WI,20.5898,1.7807,2864.3256
2026-02-08,电力及公用事业,CI005004.WI,20.6209,1.7834,2205.7244
2026-02-15,电力及公用事业,CI005004.WI,20.4691,1.773,1984.1104
2026-03-01,电力及公用事业,CI005004.WI,21.52,1.8629,2432.3123
2026-03-08,电力及公用事业,CI005004.WI,22.2525,1.9261,4874.506
2026-03-15,电力及公用事业,CI005004.WI,22.912,1.9862,5607.0248
2026-03-22,电力及公用事业,CI005004.WI,22.2448,1.9403,4923.4867
2026-03-29,电力及公用事业,CI005004.WI,22.9189,1.9917,6559.5445
2026-04-05,电力及公用事业,CI005004.WI,21.2043,1.8319,4301.9322
2026-04-12,电力及公用事业,CI005004.WI,21.3355,1.8482,2452.7592
2026-04-19,电力及公用事业,CI005004.WI,21.6244,1.8654,3522.6529
2026-04-26,电力及公用事业,CI005004.WI,21.7537,1.8847,4707.2405
2026-05-03,电力及公用事业,CI005004.WI,21.8968,1.8441,3551.9564
2026-05-10,电力及公用事业,CI005004.WI,22.5707,1.9008,3013.4804
2026-05-17,电力及公用事业,CI005004.WI,22.746,1.9164,6166.6041
2026-05-24,电力及公用事业,CI005004.WI,22.1901,1.8708,4949.8872
2026-05-31,电力及公用事业,CI005004.WI,23.558,1.9879,5607.895
2026-06-07,电力及公用事业,CI005004.WI,22.7337,1.9184,6539.0887
2026-06-14,电力及公用事业,CI005004.WI,22.2423,1.8744,4171.8592
2026-06-21,电力及公用事业,CI005004.WI,21.2886,1.7971,3273.9899
2026-06-28,电力及公用事业,CI005004.WI,20.2979,1.7184,3705.9458
2026-07-05,电力及公用事业,CI005004.WI,20.4092,1.7387,3065.9412
2026-07-12,电力及公用事业,CI005004.WI,19.9759,1.7081,2544.4949
2026-07-19,电力及公用事业,CI005004.WI,19.7747,1.7125,2761.8641
2026-07-26,电力及公用事业,CI005004.WI,20.1357,1.7475,4212.1986
2026-08-02,电力及公用事业,CI005004.WI,20.4214,1.7767,2949.8165
2026-08-09,电力及公用事业,CI005004.WI,20.2575,1.7653,2937.3743
2016-01-10,电力设备及新能源,CI005011.WI,47.5084,3.8638,1265.4003
2016-01-17,电力设备及新能源,CI005011.WI,42.637,3.4568,1095.8957
2016-01-24,电力设备及新能源,CI005011.WI,43.4893,3.5117,1069.1226
2016-01-31,电力设备及新能源,CI005011.WI,39.6067,3.188,918.4711
2016-02-07,电力设备及新能源,CI005011.WI,41.0225,3.3058,749.6121
2016-02-21,电力设备及新能源,CI005011.WI,43.2511,3.4892,949.2534
2016-02-28,电力设备及新能源,CI005011.WI,47.2087,3.2473,1126.9069
2016-03-06,电力设备及新能源,CI005011.WI,45.3807,3.4917,908.0301
2016-03-13,电力设备及新能源,CI005011.WI,44.6796,3.4382,610.2747
2016-03-20,电力设备及新能源,CI005011.WI,49.2366,3.4603,1002.3403
2016-03-27,电力设备及新能源,CI005011.WI,50.4026,3.535,1363.8002
2016-04-03,电力设备及新能源,CI005011.WI,51.1474,3.564,1183.8186
2016-04-10,电力设备及新能源,CI005011.WI,50.7504,3.6162,1314.8957
2016-04-17,电力设备及新能源,CI005011.WI,60.6618,3.7897,1369.2355
2016-04-24,电力设备及新能源,CI005011.WI,56.7323,3.5368,1179.3833
2016-05-01,电力设备及新能源,CI005011.WI,53.5516,3.5128,982.4737
2016-05-08,电力设备及新能源,CI005011.WI,53.2168,3.492,1032.6836
2016-05-15,电力设备及新能源,CI005011.WI,50.6422,3.3025,819.0019
2016-05-22,电力设备及新能源,CI005011.WI,50.8887,3.2895,836.846
2016-05-29,电力设备及新能源,CI005011.WI,51.0042,3.3022,791.6081
2016-06-05,电力设备及新能源,CI005011.WI,54.0545,3.5092,1089.1379
2016-06-12,电力设备及新能源,CI005011.WI,54.7451,3.528,717.3246
2016-06-19,电力设备及新能源,CI005011.WI,55.0303,3.5459,1352.4322
2016-06-26,电力设备及新能源,CI005011.WI,54.5838,3.5183,1376.4903
2016-07-03,电力设备及新能源,CI005011.WI,56.2515,3.6274,1360.8535
2016-07-10,电力设备及新能源,CI005011.WI,57.4643,3.6957,1404.4601
2016-07-17,电力设备及新能源,CI005011.WI,57.6618,3.6743,1257.8249
2016-07-24,电力设备及新能源,CI005011.WI,57.6191,3.6425,1207.4445
2016-07-31,电力设备及新能源,CI005011.WI,55.0102,3.4975,1171.2557
2016-08-07,电力设备及新能源,CI005011.WI,55.0666,3.4932,726.5333
2016-08-14,电力设备及新能源,CI005011.WI,55.4272,3.5573,792.6278
2016-08-21,电力设备及新能源,CI005011.WI,55.5251,3.6679,1192.1876
2016-08-28,电力设备及新能源,CI005011.WI,54.2606,3.5757,921.5455
2016-09-04,电力设备及新能源,CI005011.WI,53.1801,3.4493,837.3479
2016-09-11,电力设备及新能源,CI005011.WI,54.1139,3.4866,1009.7881
2016-09-18,电力设备及新能源,CI005011.WI,52.8071,3.4084,515.4812
2016-09-25,电力设备及新能源,CI005011.WI,53.3641,3.4171,742.8077
2016-10-02,电力设备及新能源,CI005011.WI,52.688,3.3746,654.0923
2016-10-16,电力设备及新能源,CI005011.WI,53.7339,3.4403,823.3225
2016-10-23,电力设备及新能源,CI005011.WI,55.4029,3.4787,955.9708
2016-10-30,电力设备及新能源,CI005011.WI,53.5126,3.3714,870.827
2016-11-06,电力设备及新能源,CI005011.WI,53.8884,3.3991,896.6075
2016-11-13,电力设备及新能源,CI005011.WI,54.8888,3.4351,968.7384
2016-11-20,电力设备及新能源,CI005011.WI,55.2388,3.4424,1114.3567
2016-11-27,电力设备及新能源,CI005011.WI,55.3662,3.4504,926.7721
2016-12-04,电力设备及新能源,CI005011.WI,54.6194,3.397,787.307
2016-12-11,电力设备及新能源,CI005011.WI,54.62,3.397,790.6953
2016-12-18,电力设备及新能源,CI005011.WI,52.8847,3.2883,819.7306
2016-12-25,电力设备及新能源,CI005011.WI,52.8521,3.2858,644.2632
2017-01-01,电力设备及新能源,CI005011.WI,53.2494,3.2428,683.3427
2017-01-08,电力设备及新能源,CI005011.WI,53.7647,3.274,689.5901
2017-01-15,电力设备及新能源,CI005011.WI,52.4872,3.1952,780.7919
2017-01-22,电力设备及新能源,CI005011.WI,51.5981,3.1332,634.871
2017-01-29,电力设备及新能源,CI005011.WI,52.5861,3.1588,419.0928
2017-02-05,电力设备及新能源,CI005011.WI,52.4901,3.153,90.4067
2017-02-12,电力设备及新能源,CI005011.WI,53.2545,3.2338,801.5416
2017-02-19,电力设备及新能源,CI005011.WI,53.1654,3.2276,813.8805
2017-02-26,电力设备及新能源,CI005011.WI,54.3538,3.2823,894.3921
2017-03-05,电力设备及新能源,CI005011.WI,53.7104,3.2579,860.5076
2017-03-12,电力设备及新能源,CI005011.WI,53.2669,3.2752,893.1722
2017-03-19,电力设备及新能源,CI005011.WI,53.5981,3.3141,918.6698
2017-03-26,电力设备及新能源,CI005011.WI,54.6672,3.3088,964.2853
2017-04-02,电力设备及新能源,CI005011.WI,54.0843,3.2125,933.1169
2017-04-09,电力设备及新能源,CI005011.WI,55.2018,3.2771,554.2408
2017-04-16,电力设备及新能源,CI005011.WI,53.9677,3.2255,910.3825
2017-04-23,电力设备及新能源,CI005011.WI,52.1593,3.0623,705.6786
2017-04-30,电力设备及新能源,CI005011.WI,50.8804,3.0115,658.8576
2017-05-07,电力设备及新能源,CI005011.WI,50.0841,2.9647,528.0302
2017-05-14,电力设备及新能源,CI005011.WI,47.3825,2.8063,627.3233
2017-05-21,电力设备及新能源,CI005011.WI,48.0807,2.8508,618.1331
2017-05-28,电力设备及新能源,CI005011.WI,46.6391,2.7707,681.7
2017-06-04,电力设备及新能源,CI005011.WI,45.9968,2.7344,377.2935
2017-06-11,电力设备及新能源,CI005011.WI,47.6253,2.8325,718.4642
2017-06-18,电力设备及新能源,CI005011.WI,48.1252,2.8771,767.6958
2017-06-25,电力设备及新能源,CI005011.WI,47.938,2.8534,687.0764
2017-07-02,电力设备及新能源,CI005011.WI,48.7772,2.8746,581.8235
2017-07-09,电力设备及新能源,CI005011.WI,49.568,2.9225,627.6893
2017-07-16,电力设备及新能源,CI005011.WI,48.3183,2.8537,599.817
2017-07-23,电力设备及新能源,CI005011.WI,47.5397,2.7989,562.727
2017-07-30,电力设备及新能源,CI005011.WI,48.1235,2.8376,546.1606
2017-08-06,电力设备及新能源,CI005011.WI,47.4688,2.8289,677.0321
2017-08-13,电力设备及新能源,CI005011.WI,47.0782,2.7928,547.6556
2017-08-20,电力设备及新能源,CI005011.WI,47.7319,2.8264,540.026
2017-08-27,电力设备及新能源,CI005011.WI,47.8922,2.8268,576.0981
2017-09-03,电力设备及新能源,CI005011.WI,45.0332,2.86,659.6693
2017-09-10,电力设备及新能源,CI005011.WI,45.4004,2.8806,740.8225
2017-09-17,电力设备及新能源,CI005011.WI,46.5279,2.9523,1090.6543
2017-09-24,电力设备及新能源,CI005011.WI,46.7536,2.9644,761.8104
2017-10-01,电力设备及新能源,CI005011.WI,46.764,2.9388,609.5712
2017-10-15,电力设备及新能源,CI005011.WI,47.3268,2.9651,644.0955
2017-10-22,电力设备及新能源,CI005011.WI,46.866,2.9,565.0275
2017-10-29,电力设备及新能源,CI005011.WI,44.5357,2.904,556.889
2017-11-05,电力设备及新能源,CI005011.WI,42.0347,2.8029,700.5136
2017-11-12,电力设备及新能源,CI005011.WI,44.2683,2.9357,766.739
2017-11-19,电力设备及新能源,CI005011.WI,42.0013,2.7865,980.2064
2017-11-26,电力设备及新能源,CI005011.WI,41.195,2.733,703.1266
2017-12-03,电力设备及新能源,CI005011.WI,40.8082,2.7045,516.3275
2017-12-10,电力设备及新能源,CI005011.WI,40.0038,2.6345,603.8213
2017-12-17,电力设备及新能源,CI005011.WI,40.4904,2.6663,691.584
2017-12-24,电力设备及新能源,CI005011.WI,40.4202,2.6567,630.9509
2017-12-31,电力设备及新能源,CI005011.WI,41.1675,2.5882,562.2042
2018-01-07,电力设备及新能源,CI005011.WI,41.6959,2.6214,525.6113
2018-01-14,电力设备及新能源,CI005011.WI,40.8956,2.5711,589.7049
2018-01-21,电力设备及新能源,CI005011.WI,40.0034,2.5148,607.9494
2018-01-28,电力设备及新能源,CI005011.WI,40.6402,2.5426,589.6525
2018-02-04,电力设备及新能源,CI005011.WI,37.5913,2.3428,556.0618
2018-02-11,电力设备及新能源,CI005011.WI,34.6995,2.1658,414.9588
2018-02-18,电力设备及新能源,CI005011.WI,35.7716,2.2336,192.9158
2018-02-25,电力设备及新能源,CI005011.WI,36.1748,2.2532,132.5006
2018-03-04,电力设备及新能源,CI005011.WI,38.2264,2.3228,514.4196
2018-03-11,电力设备及新能源,CI005011.WI,39.4219,2.3978,565.9564
2018-03-18,电力设备及新能源,CI005011.WI,39.2709,2.3946,775.8495
2018-03-25,电力设备及新能源,CI005011.WI,38.2043,2.2996,675.8198
2018-04-01,电力设备及新能源,CI005011.WI,35.4961,2.4043,660.9661
2018-04-08,电力设备及新能源,CI005011.WI,35.0984,2.3633,417.6912
2018-04-15,电力设备及新能源,CI005011.WI,35.1568,2.3432,576.2161
2018-04-22,电力设备及新能源,CI005011.WI,32.8488,2.3427,580.0152
2018-04-29,电力设备及新能源,CI005011.WI,33.002,2.3114,461.0229
2018-05-06,电力设备及新能源,CI005011.WI,33.0398,2.3306,287.5321
2018-05-13,电力设备及新能源,CI005011.WI,33.7327,2.3796,619.7835
2018-05-20,电力设备及新能源,CI005011.WI,33.4569,2.3614,528.3035
2018-05-27,电力设备及新能源,CI005011.WI,32.9187,2.3254,570.4457
2018-06-03,电力设备及新能源,CI005011.WI,31.2519,2.211,528.8264
2018-06-10,电力设备及新能源,CI005011.WI,30.3225,2.1412,483.0772
2018-06-17,电力设备及新能源,CI005011.WI,29.3061,2.0543,511.0935
2018-06-24,电力设备及新能源,CI005011.WI,27.6995,1.9404,389.3443
2018-07-01,电力设备及新能源,CI005011.WI,28.0471,1.972,455.1696
2018-07-08,电力设备及新能源,CI005011.WI,26.9573,1.9002,568.0308
2018-07-15,电力设备及新能源,CI005011.WI,27.6322,1.949,561.588
2018-07-22,电力设备及新能源,CI005011.WI,27.6968,1.9536,490.4452
2018-07-29,电力设备及新能源,CI005011.WI,28.1037,1.9873,516.7018
2018-08-05,电力设备及新能源,CI005011.WI,26.3308,1.8596,377.8827
2018-08-12,电力设备及新能源,CI005011.WI,26.4889,1.8757,345.5708
2018-08-19,电力设备及新能源,CI005011.WI,25.2241,1.7835,375.6518
2018-08-26,电力设备及新能源,CI005011.WI,25.2801,1.7977,299.2212
2018-09-02,电力设备及新能源,CI005011.WI,25.1312,1.7825,342.2007
2018-09-09,电力设备及新能源,CI005011.WI,25.1229,1.7819,368.8292
2018-09-16,电力设备及新能源,CI005011.WI,25.195,1.7871,407.9025
2018-09-23,电力设备及新能源,CI005011.WI,25.7728,1.8252,420.7283
2018-09-30,电力设备及新能源,CI005011.WI,25.7389,1.8242,317.9778
2018-10-14,电力设备及新能源,CI005011.WI,23.3157,1.6527,380.672
2018-10-21,电力设备及新能源,CI005011.WI,22.7319,1.6234,344.0044
2018-10-28,电力设备及新能源,CI005011.WI,23.6194,1.6502,404.1364
2018-11-04,电力设备及新能源,CI005011.WI,25.4762,1.712,405.1587
2018-11-11,电力设备及新能源,CI005011.WI,25.3751,1.7052,577.9945
2018-11-18,电力设备及新能源,CI005011.WI,26.9604,1.8118,703.3803
2018-11-25,电力设备及新能源,CI005011.WI,25.5505,1.7172,579.6467
2018-12-02,电力设备及新能源,CI005011.WI,26.0897,1.7571,441.7228
2018-12-09,电力设备及新能源,CI005011.WI,26.6244,1.8116,524.7856
2018-12-16,电力设备及新能源,CI005011.WI,26.3764,1.7947,446.5854
2018-12-23,电力设备及新能源,CI005011.WI,25.9097,1.7616,456.8496
2018-12-30,电力设备及新能源,CI005011.WI,25.8715,1.759,570.6245
2019-01-06,电力设备及新能源,CI005011.WI,26.4449,1.798,345.8258
2019-01-13,电力设备及新能源,CI005011.WI,27.8797,1.8956,910.2599
2019-01-20,电力设备及新能源,CI005011.WI,27.8193,1.8906,749.576
2019-01-27,电力设备及新能源,CI005011.WI,27.7593,1.8853,618.3336
2019-02-03,电力设备及新能源,CI005011.WI,27.682,1.8922,630.4352
2019-02-17,电力设备及新能源,CI005011.WI,28.9244,1.9778,825.0669
2019-02-24,电力设备及新能源,CI005011.WI,31.4547,2.0739,1145.0488
2019-03-03,电力设备及新能源,CI005011.WI,36.2157,2.1285,1456.1636
2019-03-10,电力设备及新能源,CI005011.WI,36.6184,2.1528,1734.6118
2019-03-17,电力设备及新能源,CI005011.WI,38.9589,2.2997,2053.2628
2019-03-24,电力设备及新能源,CI005011.WI,39.4332,2.335,1441.3727
2019-03-31,电力设备及新能源,CI005011.WI,38.2456,2.2997,1126.4155
2019-04-07,电力设备及新能源,CI005011.WI,39.6093,2.3847,1177.7545
2019-04-14,电力设备及新能源,CI005011.WI,39.5445,2.3593,1392.3174
2019-04-21,电力设备及新能源,CI005011.WI,42.5641,2.4414,1626.5403
2019-04-28,电力设备及新能源,CI005011.WI,42.2155,2.2066,1302.9738
2019-05-05,电力设备及新能源,CI005011.WI,41.7852,2.1335,348.5726
2019-05-12,电力设备及新能源,CI005011.WI,39.9718,2.0367,739.4742
2019-05-19,电力设备及新能源,CI005011.WI,39.0951,1.9931,712.9879
2019-05-26,电力设备及新能源,CI005011.WI,37.6867,2.0097,632.4089
2019-06-02,电力设备及新能源,CI005011.WI,38.723,2.0664,732.473
2019-06-09,电力设备及新能源,CI005011.WI,36.5124,1.9487,501.9787
2019-06-16,电力设备及新能源,CI005011.WI,37.2391,1.9911,668.8405
2019-06-23,电力设备及新能源,CI005011.WI,38.8143,2.0774,640.7941
2019-06-30,电力设备及新能源,CI005011.WI,38.0359,2.0353,572.6982
2019-07-07,电力设备及新能源,CI005011.WI,38.5343,2.0541,608.633
2019-07-14,电力设备及新能源,CI005011.WI,37.4618,2.0028,432.8127
2019-07-21,电力设备及新能源,CI005011.WI,37.4124,2.0061,464.0788
2019-07-28,电力设备及新能源,CI005011.WI,37.3481,2.0138,466.1728
2019-08-04,电力设备及新能源,CI005011.WI,36.5946,1.9664,462.671
2019-08-11,电力设备及新能源,CI005011.WI,35.0819,1.8814,554.8058
2019-08-18,电力设备及新能源,CI005011.WI,35.0689,1.9034,480.7873
2019-08-25,电力设备及新能源,CI005011.WI,37.1921,2.0048,780.1833
2019-09-01,电力设备及新能源,CI005011.WI,37.1527,1.9824,744.4003
2019-09-08,电力设备及新能源,CI005011.WI,39.2568,2.0866,836.6794
2019-09-15,电力设备及新能源,CI005011.WI,40.1674,2.1337,754.8401
2019-09-22,电力设备及新能源,CI005011.WI,39.6056,2.104,840.3117
2019-09-29,电力设备及新能源,CI005011.WI,38.2028,2.0288,816.3789
2019-10-06,电力设备及新能源,CI005011.WI,37.8056,2.0077,109.0678
2019-10-13,电力设备及新能源,CI005011.WI,38.5615,2.0523,543.6396
2019-10-20,电力设备及新能源,CI005011.WI,37.6483,1.9728,704.4616
2019-10-27,电力设备及新能源,CI005011.WI,37.707,1.9673,479.4644
2019-11-03,电力设备及新能源,CI005011.WI,35.0112,1.9289,590.3238
2019-11-10,电力设备及新能源,CI005011.WI,35.1109,1.9344,548.2308
2019-11-17,电力设备及新能源,CI005011.WI,33.9035,1.8679,476.5095
2019-11-24,电力设备及新能源,CI005011.WI,34.4775,1.8995,492.4272
2019-12-01,电力设备及新能源,CI005011.WI,34.6228,1.9182,494.0283
2019-12-08,电力设备及新能源,CI005011.WI,45.7691,2.1091,914.5342
2019-12-15,电力设备及新能源,CI005011.WI,46.2391,2.1296,1025.0217
2019-12-22,电力设备及新能源,CI005011.WI,47.2327,2.1752,1321.0007
2019-12-29,电力设备及新能源,CI005011.WI,47.8634,2.2045,1284.9873
2020-01-05,电力设备及新能源,CI005011.WI,49.9544,2.2918,447.8931
2020-01-12,电力设备及新能源,CI005011.WI,51.1784,2.3473,1779.6034
2020-01-19,电力设备及新能源,CI005011.WI,50.9444,2.3378,1573.2871
2020-01-26,电力设备及新能源,CI005011.WI,49.7635,2.3357,1316.2925
2020-02-09,电力设备及新能源,CI005011.WI,46.7879,2.2395,2026.1004
2020-02-16,电力设备及新能源,CI005011.WI,48.101,2.2986,2173.1608
2020-02-23,电力设备及新能源,CI005011.WI,51.6796,2.4761,2814.3571
2020-03-01,电力设备及新能源,CI005011.WI,41.9952,2.2622,3156.5687
2020-03-08,电力设备及新能源,CI005011.WI,45.9197,2.4497,2601.2894
2020-03-15,电力设备及新能源,CI005011.WI,43.9921,2.3483,3137.6463
2020-03-22,电力设备及新能源,CI005011.WI,41.4732,2.2007,3012.3899
2020-03-29,电力设备及新能源,CI005011.WI,39.7672,2.1201,2347.307
2020-04-05,电力设备及新能源,CI005011.WI,38.8298,2.1255,1780.7453
2020-04-12,电力设备及新能源,CI005011.WI,38.9438,2.1377,1386.7772
2020-04-19,电力设备及新能源,CI005011.WI,39.8269,2.2543,1883.8605
2020-04-26,电力设备及新能源,CI005011.WI,40.027,2.1996,1923.9095
2020-05-03,电力设备及新能源,CI005011.WI,45.385,2.2697,1506.9949
2020-05-10,电力设备及新能源,CI005011.WI,46.2996,2.3397,1169.655
2020-05-17,电力设备及新能源,CI005011.WI,46.1847,2.3112,1777.1549
2020-05-24,电力设备及新能源,CI005011.WI,44.9576,2.2411,1754.1095
2020-05-31,电力设备及新能源,CI005011.WI,45.3017,2.2614,1301.7668
2020-06-07,电力设备及新能源,CI005011.WI,45.5456,2.3454,1571.8261
2020-06-14,电力设备及新能源,CI005011.WI,46.438,2.3663,1632.4303
2020-06-21,电力设备及新能源,CI005011.WI,47.6695,2.4273,1517.3938
2020-06-28,电力设备及新能源,CI005011.WI,48.6454,2.4811,1072.0349
2020-07-05,电力设备及新能源,CI005011.WI,50.7191,2.5862,2060.6505
2020-07-12,电力设备及新能源,CI005011.WI,55.9042,2.8702,3407.2166
2020-07-19,电力设备及新能源,CI005011.WI,53.899,2.7751,3436.0289
2020-07-26,电力设备及新能源,CI005011.WI,54.9758,2.8428,3144.3359
2020-08-02,电力设备及新能源,CI005011.WI,58.3242,3.0404,2965.5862
2020-08-09,电力设备及新能源,CI005011.WI,58.784,3.0086,3258.0266
2020-08-16,电力设备及新能源,CI005011.WI,57.8852,2.9729,2799.3127
2020-08-23,电力设备及新能源,CI005011.WI,56.0121,2.9091,2814.2358
2020-08-30,电力设备及新能源,CI005011.WI,53.3814,2.9778,2689.2943
2020-09-06,电力设备及新能源,CI005011.WI,52.983,2.9938,2618.5456
2020-09-13,电力设备及新能源,CI005011.WI,51.1733,2.8898,3263.278
2020-09-20,电力设备及新能源,CI005011.WI,53.5083,3.0222,3125.4616
2020-09-27,电力设备及新能源,CI005011.WI,51.4744,2.9074,2502.0621
2020-10-04,电力设备及新能源,CI005011.WI,53.1084,3.0,1290.46
2020-10-11,电力设备及新能源,CI005011.WI,55.9966,3.1698,702.8939
2020-10-18,电力设备及新能源,CI005011.WI,56.6723,3.2198,4041.9325
2020-10-25,电力设备及新能源,CI005011.WI,52.6658,3.071,2777.8576
2020-11-01,电力设备及新能源,CI005011.WI,47.3968,3.0979,3147.3715
2020-11-08,电力设备及新能源,CI005011.WI,49.6703,3.2061,3681.3857
2020-11-15,电力设备及新能源,CI005011.WI,48.8106,3.1492,3084.1342
2020-11-22,电力设备及新能源,CI005011.WI,49.1393,3.1548,2698.1982
2020-11-29,电力设备及新能源,CI005011.WI,49.106,3.1526,2997.2947
2020-12-06,电力设备及新能源,CI005011.WI,49.2102,3.1481,2412.7923
2020-12-13,电力设备及新能源,CI005011.WI,49.7741,3.1545,2753.4419
2020-12-20,电力设备及新能源,CI005011.WI,52.9302,3.3542,3249.6828
2020-12-27,电力设备及新能源,CI005011.WI,57.9249,3.6656,4907.074
2021-01-03,电力设备及新能源,CI005011.WI,58.209,3.6821,3821.4135
2021-01-10,电力设备及新能源,CI005011.WI,62.7534,3.951,5834.7271
2021-01-17,电力设备及新能源,CI005011.WI,59.5165,3.7394,4976.268
2021-01-24,电力设备及新能源,CI005011.WI,64.7538,4.0512,4454.8478
2021-01-31,电力设备及新能源,CI005011.WI,60.456,3.7726,5196.6262
2021-02-07,电力设备及新能源,CI005011.WI,59.525,3.7241,4198.4228
2021-02-14,电力设备及新能源,CI005011.WI,63.5151,3.9773,2304.5275
2021-02-21,电力设备及新能源,CI005011.WI,62.198,3.894,1715.3476
2021-02-28,电力设备及新能源,CI005011.WI,57.9981,3.5443,4023.952
2021-03-07,电力设备及新能源,CI005011.WI,57.376,3.5003,3738.6618
2021-03-14,电力设备及新能源,CI005011.WI,57.094,3.4785,3863.4389
2021-03-21,电力设备及新能源,CI005011.WI,52.9338,3.383,3626.7393
2021-03-28,电力设备及新能源,CI005011.WI,52.5009,3.3947,3499.2916
2021-04-04,电力设备及新能源,CI005011.WI,52.1705,3.4735,2983.1278
2021-04-11,电力设备及新能源,CI005011.WI,50.8686,3.3719,2332.9111
2021-04-18,电力设备及新能源,CI005011.WI,49.8182,2.2297,2388.5326
2021-04-25,电力设备及新能源,CI005011.WI,52.1478,3.4974,3030.3367
2021-05-02,电力设备及新能源,CI005011.WI,41.189,3.4979,3205.104
2021-05-09,电力设备及新能源,CI005011.WI,39.6358,3.4048,1318.9033
2021-05-16,电力设备及新能源,CI005011.WI,39.6892,3.4082,2651.3948
2021-05-23,电力设备及新能源,CI005011.WI,41.0735,3.5318,3122.622
2021-05-30,电力设备及新能源,CI005011.WI,42.3396,3.6447,3315.4039
2021-06-06,电力设备及新能源,CI005011.WI,42.8822,3.696,3800.3557
2021-06-13,电力设备及新能源,CI005011.WI,44.3708,3.829,4020.812
2021-06-20,电力设备及新能源,CI005011.WI,44.2919,3.815,2827.3853
2021-06-27,电力设备及新能源,CI005011.WI,46.9715,4.0541,4416.9841
2021-07-04,电力设备及新能源,CI005011.WI,47.9317,4.1003,4677.4473
2021-07-11,电力设备及新能源,CI005011.WI,51.2739,4.3953,5438.5974
2021-07-18,电力设备及新能源,CI005011.WI,51.4163,4.4117,6439.0748
2021-07-25,电力设备及新能源,CI005011.WI,53.8997,4.6504,6267.2587
2021-08-01,电力设备及新能源,CI005011.WI,54.5464,4.7117,7665.8086
2021-08-08,电力设备及新能源,CI005011.WI,55.9114,4.8883,7985.2965
2021-08-15,电力设备及新能源,CI005011.WI,54.7462,4.7724,8329.3681
2021-08-22,电力设备及新能源,CI005011.WI,51.4086,4.5764,7133.8394
2021-08-29,电力设备及新能源,CI005011.WI,56.4265,4.8666,8057.0166
2021-09-05,电力设备及新能源,CI005011.WI,56.0872,4.7972,9571.7532
2021-09-12,电力设备及新能源,CI005011.WI,56.8595,4.8547,8297.4146
2021-09-19,电力设备及新能源,CI005011.WI,55.7495,4.7556,8564.6905
2021-09-26,电力设备及新能源,CI005011.WI,56.7237,4.8359,4900.6919
2021-10-03,电力设备及新能源,CI005011.WI,56.6041,4.8233,5555.3123
2021-10-10,电力设备及新能源,CI005011.WI,55.6587,4.7387,1264.6437
2021-10-17,电力设备及新能源,CI005011.WI,56.9605,4.8513,5450.5406
2021-10-24,电力设备及新能源,CI005011.WI,58.0793,4.9469,6173.5718
2021-10-31,电力设备及新能源,CI005011.WI,58.9982,5.138,7960.932
2021-11-07,电力设备及新能源,CI005011.WI,57.8198,5.0027,8263.6521
2021-11-14,电力设备及新能源,CI005011.WI,59.7311,5.1665,6625.3821
2021-11-21,电力设备及新能源,CI005011.WI,60.2536,5.2097,7471.4853
2021-11-28,电力设备及新能源,CI005011.WI,60.6161,5.2409,7716.5231
2021-12-05,电力设备及新能源,CI005011.WI,60.696,5.2957,7274.1275
2021-12-12,电力设备及新能源,CI005011.WI,59.8598,5.2227,6544.6184
2021-12-19,电力设备及新能源,CI005011.WI,60.0938,5.217,6361.7019
2021-12-26,电力设备及新能源,CI005011.WI,56.2023,4.8722,5896.8135
2022-01-02,电力设备及新能源,CI005011.WI,57.7677,5.005,5390.7516
2022-01-09,电力设备及新能源,CI005011.WI,53.377,4.6128,4325.4976
2022-01-16,电力设备及新能源,CI005011.WI,53.9466,4.6676,4376.896
2022-01-23,电力设备及新能源,CI005011.WI,52.4845,4.5378,3970.8842
2022-01-30,电力设备及新能源,CI005011.WI,51.3347,4.4352,3900.2121
2022-02-13,电力设备及新能源,CI005011.WI,47.8322,4.1177,3994.2295
2022-02-20,电力设备及新能源,CI005011.WI,49.3887,4.2959,3500.4031
2022-02-27,电力设备及新能源,CI005011.WI,51.5223,4.4554,4682.8844
2022-03-06,电力设备及新能源,CI005011.WI,49.9578,4.3606,4429.0928
2022-03-13,电力设备及新能源,CI005011.WI,48.7407,4.2876,5376.1226
2022-03-20,电力设备及新能源,CI005011.WI,48.4505,4.2168,4867.9922
2022-03-27,电力设备及新能源,CI005011.WI,47.0783,4.0482,3843.0013
2022-04-03,电力设备及新能源,CI005011.WI,49.3819,4.0207,3274.6103
2022-04-10,电力设备及新能源,CI005011.WI,47.3261,3.8456,1801.9076
2022-04-17,电力设备及新能源,CI005011.WI,43.0175,3.581,2844.7496
2022-04-24,电力设备及新能源,CI005011.WI,38.4068,3.3257,2911.8212
2022-05-01,电力设备及新能源,CI005011.WI,38.0796,3.3034,3561.6641
2022-05-08,电力设备及新能源,CI005011.WI,37.7976,3.2609,1306.5702
2022-05-15,电力设备及新能源,CI005011.WI,40.5789,3.5017,3225.8445
2022-05-22,电力设备及新能源,CI005011.WI,43.5018,3.7448,3626.3794
2022-05-29,电力设备及新能源,CI005011.WI,42.1868,3.6381,3640.9243
2022-06-05,电力设备及新能源,CI005011.WI,45.0107,3.8916,3321.6979
2022-06-12,电力设备及新能源,CI005011.WI,46.6764,4.0435,5366.9433
2022-06-19,电力设备及新能源,CI005011.WI,47.9618,4.1602,5533.7954
2022-06-26,电力设备及新能源,CI005011.WI,51.7631,4.5074,6321.6021
2022-07-03,电力设备及新能源,CI005011.WI,50.6277,4.4146,6519.4864
2022-07-10,电力设备及新能源,CI005011.WI,52.5172,4.4623,6729.9406
2022-07-17,电力设备及新能源,CI005011.WI,53.4255,4.5357,7148.743
2022-07-24,电力设备及新能源,CI005011.WI,53.2145,4.5164,6694.0188
2022-07-31,电力设备及新能源,CI005011.WI,52.9792,4.4927,6342.0891
2022-08-07,电力设备及新能源,CI005011.WI,51.432,4.3554,6424.5033
2022-08-14,电力设备及新能源,CI005011.WI,52.0277,4.415,5844.6373
2022-08-21,电力设备及新能源,CI005011.WI,52.2259,4.5695,7708.4677
2022-08-28,电力设备及新能源,CI005011.WI,46.4911,4.2447,7137.1078
2022-09-04,电力设备及新能源,CI005011.WI,41.8333,3.9499,5494.2234
2022-09-11,电力设备及新能源,CI005011.WI,43.1151,4.0705,4854.8366
2022-09-18,电力设备及新能源,CI005011.WI,39.1758,3.6986,3416.2584
2022-09-25,电力设备及新能源,CI005011.WI,39.5957,3.7377,3329.552
2022-10-02,电力设备及新能源,CI005011.WI,38.1574,3.6068,3441.6547
2022-10-16,电力设备及新能源,CI005011.WI,40.418,3.8564,3926.7665
2022-10-23,电力设备及新能源,CI005011.WI,36.2602,3.727,4116.0008
2022-10-30,电力设备及新能源,CI005011.WI,33.4689,3.4655,4600.4174
2022-11-06,电力设备及新能源,CI005011.WI,36.5351,3.7969,4812.0409
2022-11-13,电力设备及新能源,CI005011.WI,35.3485,3.6713,4139.7544
2022-11-20,电力设备及新能源,CI005011.WI,34.3486,3.5549,3852.0535
2022-11-27,电力设备及新能源,CI005011.WI,33.7991,3.4981,3404.3221
2022-12-04,电力设备及新能源,CI005011.WI,34.6883,3.5873,3373.2544
2022-12-11,电力设备及新能源,CI005011.WI,34.3646,3.5348,3736.725
2022-12-18,电力设备及新能源,CI005011.WI,33.0926,3.3978,2644.8982
2022-12-25,电力设备及新能源,CI005011.WI,31.2281,3.2061,2269.7526
2023-01-01,电力设备及新能源,CI005011.WI,32.8478,3.3696,2719.8511
2023-01-08,电力设备及新能源,CI005011.WI,32.5373,3.5762,3122.1561
2023-01-15,电力设备及新能源,CI005011.WI,32.5694,3.576,3738.5769
2023-01-22,电力设备及新能源,CI005011.WI,33.5477,3.6813,3274.36
2023-02-05,电力设备及新能源,CI005011.WI,33.5643,3.6831,4391.8707
2023-02-12,电力设备及新能源,CI005011.WI,33.3379,3.6427,3654.4246
2023-02-19,电力设备及新能源,CI005011.WI,32.123,3.5005,4057.2684
2023-02-26,电力设备及新能源,CI005011.WI,32.3528,3.5374,3432.3687
2023-03-05,电力设备及新能源,CI005011.WI,31.1473,3.4801,3209.1369
2023-03-12,电力设备及新能源,CI005011.WI,29.9864,3.405,3401.4477
2023-03-19,电力设备及新能源,CI005011.WI,27.9684,3.211,3487.3458
2023-03-26,电力设备及新能源,CI005011.WI,28.4172,3.2862,3270.7325
2023-04-02,电力设备及新能源,CI005011.WI,28.0586,3.3048,3171.6648
2023-04-09,电力设备及新能源,CI005011.WI,28.4916,3.3673,2618.03
2023-04-16,电力设备及新能源,CI005011.WI,28.0504,3.3618,3326.6448
2023-04-23,电力设备及新能源,CI005011.WI,26.2312,3.2272,3512.8684
2023-04-30,电力设备及新能源,CI005011.WI,23.8938,3.1361,3879.4407
2023-05-07,电力设备及新能源,CI005011.WI,23.4073,3.0721,1347.6136
2023-05-14,电力设备及新能源,CI005011.WI,23.4615,3.081,3211.1987
2023-05-21,电力设备及新能源,CI005011.WI,23.9499,3.1477,3688.6267
2023-05-28,电力设备及新能源,CI005011.WI,23.7459,3.1244,3565.3083
2023-06-04,电力设备及新能源,CI005011.WI,23.3079,3.0908,3160.7008
2023-06-11,电力设备及新能源,CI005011.WI,22.4296,2.9771,2995.2967
2023-06-18,电力设备及新能源,CI005011.WI,23.8523,3.1751,3493.8868
2023-06-25,电力设备及新能源,CI005011.WI,23.4389,3.132,1988.3274
2023-07-02,电力设备及新能源,CI005011.WI,24.0854,3.2219,3515.22
2023-07-09,电力设备及新能源,CI005011.WI,23.4833,3.1384,3328.742
2023-07-16,电力设备及新能源,CI005011.WI,23.8009,3.1875,3651.3791
2023-07-23,电力设备及新能源,CI005011.WI,23.0406,3.0767,2714.4467
2023-07-30,电力设备及新能源,CI005011.WI,22.9727,3.1369,2317.2599
2023-08-06,电力设备及新能源,CI005011.WI,23.6008,3.1827,2778.3864
2023-08-13,电力设备及新能源,CI005011.WI,22.8508,3.081,2143.0992
2023-08-20,电力设备及新能源,CI005011.WI,21.944,2.9641,2075.413
2023-08-27,电力设备及新能源,CI005011.WI,20.8393,2.7994,2073.6626
2023-09-03,电力设备及新能源,CI005011.WI,21.318,2.8465,2378.6181
2023-09-10,电力设备及新能源,CI005011.WI,20.7463,2.7686,2057.589
2023-09-17,电力设备及新能源,CI005011.WI,20.198,2.6951,1753.434
2023-09-24,电力设备及新能源,CI005011.WI,20.1282,2.6821,1695.5511
2023-10-01,电力设备及新能源,CI005011.WI,20.26,2.6985,1794.1372
2023-10-15,电力设备及新能源,CI005011.WI,19.7553,2.6376,2326.4799
2023-10-22,电力设备及新能源,CI005011.WI,18.883,2.5227,2155.6199
2023-10-29,电力设备及新能源,CI005011.WI,20.1822,2.4896,2619.9681
2023-11-05,电力设备及新能源,CI005011.WI,20.0329,2.4564,2391.5802
2023-11-12,电力设备及新能源,CI005011.WI,20.5126,2.5158,2636.8365
2023-11-19,电力设备及新能源,CI005011.WI,20.3769,2.4988,2320.9823
2023-11-26,电力设备及新能源,CI005011.WI,19.7908,2.4231,2027.5311
2023-12-03,电力设备及新能源,CI005011.WI,19.2313,2.3861,2107.9115
2023-12-10,电力设备及新能源,CI005011.WI,18.7362,2.3244,2189.0548
2023-12-17,电力设备及新能源,CI005011.WI,18.3397,2.275,1916.6632
2023-12-24,电力设备及新能源,CI005011.WI,18.4407,2.2875,2196.1239
2023-12-31,电力设备及新能源,CI005011.WI,19.3839,2.4041,2584.6699
2024-01-14,电力设备及新能源,CI005011.WI,18.9058,2.344,2990.4719
2024-01-21,电力设备及新能源,CI005011.WI,18.3812,2.2824,3146.6788
2024-01-28,电力设备及新能源,CI005011.WI,17.9333,2.2215,3015.0277
2024-02-04,电力设备及新能源,CI005011.WI,15.9472,1.973,2565.8072
2024-02-11,电力设备及新能源,CI005011.WI,17.2366,2.132,2510.7372
2024-02-25,电力设备及新能源,CI005011.WI,17.8753,2.1959,2483.5736
2024-03-03,电力设备及新能源,CI005011.WI,18.9104,2.2792,3314.626
2024-03-10,电力设备及新能源,CI005011.WI,19.1869,2.309,3199.1813
2024-03-17,电力设备及新能源,CI005011.WI,19.9061,2.3728,3777.258
2024-03-24,电力设备及新能源,CI005011.WI,19.7685,2.3527,3220.9415
2024-03-31,电力设备及新能源,CI005011.WI,19.3904,2.3216,2625.865
2024-04-07,电力设备及新能源,CI005011.WI,19.7624,2.364,1875.888
2024-04-14,电力设备及新能源,CI005011.WI,19.4494,2.2771,2639.2376
2024-04-21,电力设备及新能源,CI005011.WI,19.1555,2.2366,3035.9348
2024-04-28,电力设备及新能源,CI005011.WI,21.116,2.2438,2585.2606
2024-05-05,电力设备及新能源,CI005011.WI,27.0642,2.3028,1468.3271
2024-05-12,电力设备及新能源,CI005011.WI,27.7537,2.3651,2961.7777
2024-05-19,电力设备及新能源,CI005011.WI,27.2578,2.3244,2873.8768
2024-05-26,电力设备及新能源,CI005011.WI,27.0043,2.3058,3015.5583
2024-06-02,电力设备及新能源,CI005011.WI,27.0765,2.3187,3187.5849
2024-06-09,电力设备及新能源,CI005011.WI,26.0384,2.2323,2880.6768
2024-06-16,电力设备及新能源,CI005011.WI,25.917,2.2361,1923.1316
2024-06-23,电力设备及新能源,CI005011.WI,25.2018,2.1819,2235.1874
2024-06-30,电力设备及新能源,CI005011.WI,24.437,2.1168,1888.2693
2024-07-07,电力设备及新能源,CI005011.WI,23.6896,2.0556,1924.2408
2024-07-14,电力设备及新能源,CI005011.WI,23.9839,2.0838,2213.3821
2024-07-21,电力设备及新能源,CI005011.WI,24.3356,2.1193,2073.3034
2024-07-28,电力设备及新能源,CI005011.WI,24.0949,2.1105,2182.7571
2024-08-04,电力设备及新能源,CI005011.WI,23.6236,2.0661,2058.7503
2024-08-11,电力设备及新能源,CI005011.WI,23.329,2.0409,1916.0397
2024-08-18,电力设备及新能源,CI005011.WI,22.9641,2.0238,1608.6105
2024-08-25,电力设备及新能源,CI005011.WI,22.9335,1.9637,1503.3737
2024-09-01,电力设备及新能源,CI005011.WI,29.907,2.0415,1888.5083
2024-09-08,电力设备及新能源,CI005011.WI,29.5965,2.0256,1908.8257
2024-09-15,电力设备及新能源,CI005011.WI,29.5577,2.0231,1888.7332
2024-09-22,电力设备及新能源,CI005011.WI,29.585,2.0248,1095.8368
2024-09-29,电力设备及新能源,CI005011.WI,33.9258,2.3222,3351.813
2024-10-06,电力设备及新能源,CI005011.WI,37.7624,2.5851,1701.6751
2024-10-13,电力设备及新能源,CI005011.WI,35.8522,2.4543,6249.1883
2024-10-20,电力设备及新能源,CI005011.WI,35.6287,2.4395,4369.4922
2024-10-27,电力设备及新能源,CI005011.WI,38.9083,2.6445,6971.98
2024-11-03,电力设备及新能源,CI005011.WI,47.137,2.5656,6797.4908
2024-11-10,电力设备及新能源,CI005011.WI,49.9495,2.7182,7003.836
2024-11-17,电力设备及新能源,CI005011.WI,48.1873,2.6206,6582.0609
2024-11-24,电力设备及新能源,CI005011.WI,47.2664,2.5704,4783.7889
2024-12-01,电力设备及新能源,CI005011.WI,48.0693,2.614,4163.2727
2024-12-08,电力设备及新能源,CI005011.WI,48.5945,2.6426,4426.2131
2024-12-15,电力设备及新能源,CI005011.WI,47.7793,2.5985,4292.4838
2024-12-22,电力设备及新能源,CI005011.WI,46.8673,2.55,3511.5745
2024-12-29,电力设备及新能源,CI005011.WI,46.8114,2.547,4210.4104
2025-01-05,电力设备及新能源,CI005011.WI,43.8545,2.3864,3445.7646
2025-01-12,电力设备及新能源,CI005011.WI,43.2691,2.354,4065.7976
2025-01-19,电力设备及新能源,CI005011.WI,44.6027,2.4299,3657.868
2025-01-26,电力设备及新能源,CI005011.WI,45.3118,2.4763,4271.5177
2025-02-02,电力设备及新能源,CI005011.WI,44.3962,2.4262,692.9384
2025-02-09,电力设备及新能源,CI005011.WI,46.2308,2.5265,2775.8257
2025-02-16,电力设备及新能源,CI005011.WI,46.1176,2.5254,4822.3789
2025-02-23,电力设备及新能源,CI005011.WI,47.5635,2.6039,5797.2343
2025-03-02,电力设备及新能源,CI005011.WI,49.9023,2.5605,6571.5738
2025-03-09,电力设备及新能源,CI005011.WI,50.2413,2.587,5641.3218
2025-03-16,电力设备及新能源,CI005011.WI,49.7198,2.6201,5761.1008
2025-03-23,电力设备及新能源,CI005011.WI,49.1775,2.5728,5704.3304
2025-03-30,电力设备及新能源,CI005011.WI,48.5811,2.5325,4843.8051
2025-04-06,电力设备及新能源,CI005011.WI,47.1014,2.4524,3113.7227
2025-04-13,电力设备及新能源,CI005011.WI,43.5362,2.2634,4585.7147
2025-04-20,电力设备及新能源,CI005011.WI,41.8963,2.2262,2738.94
2025-04-27,电力设备及新能源,CI005011.WI,47.1712,2.2992,2965.2889
2025-05-04,电力设备及新能源,CI005011.WI,55.1365,2.2998,1937.392
2025-05-11,电力设备及新能源,CI005011.WI,57.0342,2.3906,3196.0374
2025-05-18,电力设备及新能源,CI005011.WI,57.8176,2.4241,3732.1645
2025-05-25,电力设备及新能源,CI005011.WI,58.0015,2.3913,3791.9792
2025-06-01,电力设备及新能源,CI005011.WI,56.7005,2.3411,3765.6245
2025-06-08,电力设备及新能源,CI005011.WI,57.2446,2.3666,2829.4887
2025-06-15,电力设备及新能源,CI005011.WI,57.463,2.36,3851.261
2025-06-22,电力设备及新能源,CI005011.WI,56.5895,2.3276,3338.9221
2025-06-29,电力设备及新能源,CI005011.WI,59.0802,2.4369,4290.5889
2025-07-06,电力设备及新能源,CI005011.WI,60.5635,2.5028,4680.0784
2025-07-13,电力设备及新能源,CI005011.WI,61.983,2.5719,5055.2564
2025-07-20,电力设备及新能源,CI005011.WI,62.2727,2.5847,4877.1179
2025-07-27,电力设备及新能源,CI005011.WI,63.8953,2.6623,6349.1841
2025-08-03,电力设备及新能源,CI005011.WI,59.0251,2.5644,4961.8234
2025-08-10,电力设备及新能源,CI005011.WI,59.1388,2.6193,4789.9627
2025-08-17,电力设备及新能源,CI005011.WI,61.9167,2.7482,6759.6159
2025-08-24,电力设备及新能源,CI005011.WI,62.6145,2.8171,7600.1414
2025-08-31,电力设备及新能源,CI005011.WI,63.8978,2.8984,8786.0119
2025-09-07,电力设备及新能源,CI005011.WI,67.4374,3.0601,10132.3649
2025-09-14,电力设备及新能源,CI005011.WI,67.6164,3.0681,10338.5432
2025-09-21,电力设备及新能源,CI005011.WI,70.0256,3.1784,10428.628
2025-09-28,电力设备及新能源,CI005011.WI,72.3545,3.2732,9715.9471
2025-10-05,电力设备及新能源,CI005011.WI,75.3684,3.4127,4063.4114
2025-10-12,电力设备及新能源,CI005011.WI,74.2369,3.3613,4770.7075
2025-10-19,电力设备及新能源,CI005011.WI,70.1085,3.1852,10527.0591
2025-10-26,电力设备及新能源,CI005011.WI,66.477,3.2733,7374.5256
2025-11-02,电力设备及新能源,CI005011.WI,64.3902,3.3492,10542.4615
2025-11-09,电力设备及新能源,CI005011.WI,67.5688,3.5198,12445.7316
2025-11-16,电力设备及新能源,CI005011.WI,66.3898,3.458,12178.657
2025-11-23,电力设备及新能源,CI005011.WI,60.1137,3.1264,8548.9358
2025-11-30,电力设备及新能源,CI005011.WI,61.8313,3.2117,6262.1949
2025-12-07,电力设备及新能源,CI005011.WI,62.5593,3.2492,5604.5108
2025-12-14,电力设备及新能源,CI005011.WI,63.4877,3.2954,7238.3126
2025-12-21,电力设备及新能源,CI005011.WI,61.5296,3.1943,7017.0175
2025-12-28,电力设备及新能源,CI005011.WI,63.9683,3.3239,8087.57
2026-01-04,电力设备及新能源,CI005011.WI,62.7924,3.2625,4919.7948
2026-01-11,电力设备及新能源,CI005011.WI,65.9406,3.4279,11026.4825
2026-01-18,电力设备及新能源,CI005011.WI,65.9976,3.44,14322.1411
2026-01-25,电力设备及新能源,CI005011.WI,68.1133,3.5459,14007.6238
2026-02-01,电力设备及新能源,CI005011.WI,64.8904,3.3784,12185.3766
2026-02-08,电力设备及新能源,CI005011.WI,66.3055,3.4472,10801.9245
2026-02-15,电力设备及新能源,CI005011.WI,67.0087,3.4844,9051.1137
2026-03-01,电力设备及新能源,CI005011.WI,69.0401,3.5599,8197.4676
2026-03-08,电力设备及新能源,CI005011.WI,70.2804,3.6461,12393.1776
2026-03-15,电力设备及新能源,CI005011.WI,67.6121,3.7392,14864.8899
2026-03-22,电力设备及新能源,CI005011.WI,65.6058,3.6273,11660.8878
2026-03-29,电力设备及新能源,CI005011.WI,64.6055,3.5933,11433.5047
2026-04-05,电力设备及新能源,CI005011.WI,60.2286,3.289,9131.5056
2026-04-12,电力设备及新能源,CI005011.WI,63.9274,3.491,7175.8013
2026-04-19,电力设备及新能源,CI005011.WI,61.98,3.5859,10620.9668
2026-04-26,电力设备及新能源,CI005011.WI,61.1937,3.6353,10888.8517
2026-05-03,电力设备及新能源,CI005011.WI,60.3384,3.6018,8568.405
2026-05-10,电力设备及新能源,CI005011.WI,61.6591,3.6796,7301.483
2026-05-17,电力设备及新能源,CI005011.WI,61.0239,3.6463,13908.0981
2026-05-24,电力设备及新能源,CI005011.WI,60.8542,3.6417,11226.0738
2026-05-31,电力设备及新能源,CI005011.WI,59.7296,3.5796,11915.3305
2026-06-07,电力设备及新能源,CI005011.WI,56.7305,3.4062,10058.5234
2026-06-14,电力设备及新能源,CI005011.WI,54.4118,3.2704,8669.1179
2026-06-21,电力设备及新能源,CI005011.WI,56.0696,3.3748,7520.1764
2026-06-28,电力设备及新能源,CI005011.WI,53.4846,3.221,10373.5147
2026-07-05,电力设备及新能源,CI005011.WI,53.4138,3.2234,9496.9065
2026-07-12,电力设备及新能源,CI005011.WI,49.429,2.9913,7943.4624
2026-07-19,电力设备及新能源,CI005011.WI,46.0151,2.7846,6601.0265
2026-07-26,电力设备及新能源,CI005011.WI,45.4794,2.8577,6846.6841
2026-08-02,电力设备及新能源,CI005011.WI,46.4067,2.9205,6471.1756
2026-08-09,电力设备及新能源,CI005011.WI,47.4561,3.0217,6812.0232
2016-01-10,电子,CI005025.WI,62.4739,4.2128,1961.9593
2016-01-17,电子,CI005025.WI,55.9795,3.7361,1751.0712
2016-01-24,电子,CI005025.WI,57.1201,3.8091,1647.2986
2016-01-31,电子,CI005025.WI,53.2422,3.5914,1534.2292
2016-02-07,电子,CI005025.WI,54.9677,3.7295,1299.4925
2016-02-21,电子,CI005025.WI,59.1779,3.9342,1870.656
2016-02-28,电子,CI005025.WI,55.3173,3.6584,2136.8387
2016-03-06,电子,CI005025.WI,53.862,3.5231,1802.8438
2016-03-13,电子,CI005025.WI,51.9176,3.4902,1345.9476
2016-03-20,电子,CI005025.WI,54.827,3.811,1934.5984
2016-03-27,电子,CI005025.WI,56.0845,3.9009,2392.8542
2016-04-03,电子,CI005025.WI,56.3616,3.9152,2123.0807
2016-04-10,电子,CI005025.WI,57.0306,3.9548,2073.6576
2016-04-17,电子,CI005025.WI,61.0575,4.0874,2283.3842
2016-04-24,电子,CI005025.WI,56.1527,3.8609,2116.3889
2016-05-01,电子,CI005025.WI,57.6675,3.8476,1487.8175
2016-05-08,电子,CI005025.WI,58.2754,3.8776,1785.2301
2016-05-15,电子,CI005025.WI,55.4818,3.6933,1557.9195
2016-05-22,电子,CI005025.WI,56.7987,3.8093,1824.8146
2016-05-29,电子,CI005025.WI,58.4345,3.9082,2131.1124
2016-06-05,电子,CI005025.WI,62.8297,4.2088,3141.1844
2016-06-12,电子,CI005025.WI,62.9464,4.22,1706.501
2016-06-19,电子,CI005025.WI,62.8686,4.2163,2923.9932
2016-06-26,电子,CI005025.WI,63.0769,4.2088,2997.9579
2016-07-03,电子,CI005025.WI,65.0567,4.3549,2858.0608
2016-07-10,电子,CI005025.WI,66.2801,4.4384,2564.7779
2016-07-17,电子,CI005025.WI,66.568,4.4286,2528.8576
2016-07-24,电子,CI005025.WI,65.6688,4.4001,2148.3028
2016-07-31,电子,CI005025.WI,61.5694,4.1488,2198.4972
2016-08-07,电子,CI005025.WI,61.4247,4.1429,1434.8227
2016-08-14,电子,CI005025.WI,61.6489,4.1953,1630.935
2016-08-21,电子,CI005025.WI,63.7095,4.3009,2026.1656
2016-08-28,电子,CI005025.WI,63.0385,4.2104,1813.7782
2016-09-04,电子,CI005025.WI,65.7926,4.1395,1675.57
2016-09-11,电子,CI005025.WI,66.8473,4.183,2033.5784
2016-09-18,电子,CI005025.WI,65.9568,4.116,1183.7485
2016-09-25,电子,CI005025.WI,66.3936,4.1433,1520.3608
2016-10-02,电子,CI005025.WI,65.457,4.0793,1235.7508
2016-10-16,电子,CI005025.WI,66.3808,4.1281,1559.04
2016-10-23,电子,CI005025.WI,66.3794,4.0992,1682.3881
2016-10-30,电子,CI005025.WI,60.2462,3.9724,1575.8328
2016-11-06,电子,CI005025.WI,60.5614,3.9791,1662.192
2016-11-13,电子,CI005025.WI,61.2505,4.015,1891.1322
2016-11-20,电子,CI005025.WI,61.4443,4.0277,1860.826
2016-11-27,电子,CI005025.WI,61.1961,3.9963,1586.1713
2016-12-04,电子,CI005025.WI,59.9959,3.9172,1329.2879
2016-12-11,电子,CI005025.WI,59.9567,3.9151,1193.4035
2016-12-18,电子,CI005025.WI,57.1874,3.7343,1206.7573
2016-12-25,电子,CI005025.WI,57.0088,3.7093,932.7886
2017-01-01,电子,CI005025.WI,57.2157,3.716,893.4932
2017-01-08,电子,CI005025.WI,57.5824,3.7345,943.615
2017-01-15,电子,CI005025.WI,55.9866,3.6209,961.4843
2017-01-22,电子,CI005025.WI,55.5647,3.5793,919.568
2017-01-29,电子,CI005025.WI,56.1987,3.6233,566.5129
2017-02-05,电子,CI005025.WI,55.9169,3.6051,125.4783
2017-02-12,电子,CI005025.WI,56.5788,3.8477,987.2188
2017-02-19,电子,CI005025.WI,55.9982,3.8574,1097.4265
2017-02-26,电子,CI005025.WI,56.3156,3.9515,1214.5825
2017-03-05,电子,CI005025.WI,52.8221,3.9949,1213.7551
2017-03-12,电子,CI005025.WI,53.4093,4.0525,1394.4297
2017-03-19,电子,CI005025.WI,54.6617,4.0938,1582.212
2017-03-26,电子,CI005025.WI,56.5943,4.2119,1582.5237
2017-04-02,电子,CI005025.WI,55.8244,4.064,1564.4493
2017-04-09,电子,CI005025.WI,56.8256,4.1416,929.2162
2017-04-16,电子,CI005025.WI,51.7406,3.9677,1435.0884
2017-04-23,电子,CI005025.WI,50.7421,3.9099,1070.1491
2017-04-30,电子,CI005025.WI,49.6772,3.924,1156.0917
2017-05-07,电子,CI005025.WI,49.3451,3.8963,827.7208
2017-05-14,电子,CI005025.WI,48.5122,3.8358,1158.6259
2017-05-21,电子,CI005025.WI,49.5469,3.9461,1178.8655
2017-05-28,电子,CI005025.WI,47.8181,3.8197,1061.3066
2017-06-04,电子,CI005025.WI,47.7653,3.8187,599.3463
2017-06-11,电子,CI005025.WI,50.3944,4.0388,1063.2497
2017-06-18,电子,CI005025.WI,49.8739,4.036,1231.5592
2017-06-25,电子,CI005025.WI,50.7041,4.0908,1310.6248
2017-07-02,电子,CI005025.WI,51.5069,4.1563,1319.2299
2017-07-09,电子,CI005025.WI,52.3984,4.2078,1643.0793
2017-07-16,电子,CI005025.WI,51.0193,4.109,1582.6933
2017-07-23,电子,CI005025.WI,49.9868,4.0561,1545.1992
2017-07-30,电子,CI005025.WI,49.2807,4.0657,1516.7141
2017-08-06,电子,CI005025.WI,47.6649,3.9653,1546.1645
2017-08-13,电子,CI005025.WI,47.8939,3.9774,1443.0151
2017-08-20,电子,CI005025.WI,49.5487,4.1451,1918.8406
2017-08-27,电子,CI005025.WI,48.2894,4.1023,1546.3925
2017-09-03,电子,CI005025.WI,47.9247,4.2382,2023.0655
2017-09-10,电子,CI005025.WI,48.8815,4.3239,2574.206
2017-09-17,电子,CI005025.WI,48.5182,4.279,2480.5266
2017-09-24,电子,CI005025.WI,49.1833,4.3359,2340.6191
2017-10-01,电子,CI005025.WI,49.6702,4.3817,2188.2355
2017-10-15,电子,CI005025.WI,51.1127,4.5111,2453.5163
2017-10-22,电子,CI005025.WI,50.7909,4.3684,2005.1739
2017-10-29,电子,CI005025.WI,48.9227,4.4321,2059.2119
2017-11-05,电子,CI005025.WI,48.0157,4.4034,2593.3959
2017-11-12,电子,CI005025.WI,51.1768,4.6799,3186.5389
2017-11-19,电子,CI005025.WI,48.4584,4.4555,3389.5431
2017-11-26,电子,CI005025.WI,46.7022,4.2896,3269.2312
2017-12-03,电子,CI005025.WI,46.4461,4.2433,2334.6455
2017-12-10,电子,CI005025.WI,46.5707,4.2492,2472.3663
2017-12-17,电子,CI005025.WI,45.9651,4.1872,2457.5698
2017-12-24,电子,CI005025.WI,46.2288,4.2017,2026.8141
2017-12-31,电子,CI005025.WI,45.5632,4.1177,1958.0646
2018-01-07,电子,CI005025.WI,46.0556,4.1433,1678.8144
2018-01-14,电子,CI005025.WI,45.9383,4.1359,2095.6935
2018-01-21,电子,CI005025.WI,44.2475,3.9847,2166.8691
2018-01-28,电子,CI005025.WI,44.3096,4.0322,1840.6291
2018-02-04,电子,CI005025.WI,41.0551,3.6807,1751.5889
2018-02-11,电子,CI005025.WI,38.6866,3.4633,1551.487
2018-02-18,电子,CI005025.WI,41.9822,3.5717,773.6556
2018-02-25,电子,CI005025.WI,42.9508,3.6432,500.9511
2018-03-04,电子,CI005025.WI,43.4649,3.7978,2199.2983
2018-03-11,电子,CI005025.WI,45.5255,3.9864,2170.8126
2018-03-18,电子,CI005025.WI,44.3657,3.8909,2186.6789
2018-03-25,电子,CI005025.WI,41.7237,3.6643,2053.6176
2018-04-01,电子,CI005025.WI,43.7332,3.8821,2228.2921
2018-04-08,电子,CI005025.WI,42.9438,3.8147,1587.2971
2018-04-15,电子,CI005025.WI,43.3983,3.808,1890.458
2018-04-22,电子,CI005025.WI,41.5552,3.6449,2811.2357
2018-04-29,电子,CI005025.WI,40.1911,3.5655,2647.3926
2018-05-06,电子,CI005025.WI,40.5868,3.6316,1233.9664
2018-05-13,电子,CI005025.WI,41.1531,3.6855,1931.4779
2018-05-20,电子,CI005025.WI,41.2293,3.6948,1646.8186
2018-05-27,电子,CI005025.WI,40.5204,3.6615,1807.856
2018-06-03,电子,CI005025.WI,37.4068,3.4962,1474.4112
2018-06-10,电子,CI005025.WI,42.2706,3.597,1403.3089
2018-06-17,电子,CI005025.WI,40.6055,3.4656,1346.5488
2018-06-24,电子,CI005025.WI,37.5083,3.1893,1245.1895
2018-07-01,电子,CI005025.WI,38.788,3.3059,1362.6863
2018-07-08,电子,CI005025.WI,36.6433,3.1298,1697.6419
2018-07-15,电子,CI005025.WI,39.3389,3.3609,1763.7701
2018-07-22,电子,CI005025.WI,39.2787,3.3798,1757.2616
2018-07-29,电子,CI005025.WI,38.8034,3.3344,1742.3131
2018-08-05,电子,CI005025.WI,35.216,3.0351,1325.5336
2018-08-12,电子,CI005025.WI,36.6704,3.1288,1239.5885
2018-08-19,电子,CI005025.WI,34.9649,2.973,1181.3205
2018-08-26,电子,CI005025.WI,34.7067,2.9878,1101.8102
2018-09-02,电子,CI005025.WI,35.3651,2.9497,1167.628
2018-09-09,电子,CI005025.WI,34.5669,2.8841,1057.5654
2018-09-16,电子,CI005025.WI,32.9484,2.7488,1013.9742
2018-09-23,电子,CI005025.WI,33.614,2.8058,995.8808
2018-09-30,电子,CI005025.WI,33.2381,2.7745,709.2055
2018-10-14,电子,CI005025.WI,29.0303,2.4232,1018.38
2018-10-21,电子,CI005025.WI,27.9715,2.3681,972.5377
2018-10-28,电子,CI005025.WI,28.3331,2.3744,1169.9818
2018-11-04,电子,CI005025.WI,31.1611,2.5408,1279.7661
2018-11-11,电子,CI005025.WI,30.2988,2.4702,1246.4775
2018-11-18,电子,CI005025.WI,32.7323,2.6681,1626.7938
2018-11-25,电子,CI005025.WI,30.2486,2.4656,1310.9314
2018-12-02,电子,CI005025.WI,30.5522,2.4879,1060.7459
2018-12-09,电子,CI005025.WI,30.7466,2.5127,1217.0785
2018-12-16,电子,CI005025.WI,30.2622,2.4729,911.8349
2018-12-23,电子,CI005025.WI,29.2187,2.3898,783.5621
2018-12-30,电子,CI005025.WI,28.7074,2.3471,965.886
2019-01-06,电子,CI005025.WI,28.6167,2.3388,548.5825
2019-01-13,电子,CI005025.WI,30.1145,2.4579,1301.1194
2019-01-20,电子,CI005025.WI,29.9798,2.4418,1127.7536
2019-01-27,电子,CI005025.WI,30.469,2.482,1303.8272
2019-02-03,电子,CI005025.WI,30.3746,2.4821,1182.2601
2019-02-17,电子,CI005025.WI,33.2649,2.7463,2400.5448
2019-02-24,电子,CI005025.WI,41.4954,3.0047,3509.2735
2019-03-03,电子,CI005025.WI,45.2997,3.0787,3795.9383
2019-03-10,电子,CI005025.WI,47.95,3.2605,4929.428
2019-03-17,电子,CI005025.WI,48.2811,3.2653,4373.047
2019-03-24,电子,CI005025.WI,49.6799,3.356,2947.5422
2019-03-31,电子,CI005025.WI,49.518,3.304,2986.2977
2019-04-07,电子,CI005025.WI,51.3783,3.4268,2808.8805
2019-04-14,电子,CI005025.WI,47.9362,3.255,2394.6212
2019-04-21,电子,CI005025.WI,50.8661,3.3535,2598.0109
2019-04-28,电子,CI005025.WI,49.92,3.2038,2628.4936
2019-05-05,电子,CI005025.WI,56.6353,3.1241,786.1156
2019-05-12,电子,CI005025.WI,54.2581,2.9959,1842.4911
2019-05-19,电子,CI005025.WI,51.5317,2.8515,1985.8617
2019-05-26,电子,CI005025.WI,45.6333,2.723,2524.673
2019-06-02,电子,CI005025.WI,51.453,2.8589,2594.5283
2019-06-09,电子,CI005025.WI,48.8952,2.7223,1858.0704
2019-06-16,电子,CI005025.WI,50.2428,2.8029,2427.0547
2019-06-23,电子,CI005025.WI,52.9947,2.9777,2021.6049
2019-06-30,电子,CI005025.WI,53.1782,2.9906,2080.2157
2019-07-07,电子,CI005025.WI,54.6009,3.0613,2611.086
2019-07-14,电子,CI005025.WI,49.0116,2.9584,1789.7504
2019-07-21,电子,CI005025.WI,49.3991,3.0042,2261.4562
2019-07-28,电子,CI005025.WI,53.6101,3.3248,2635.3633
2019-08-04,电子,CI005025.WI,51.0527,3.1023,2548.3709
2019-08-11,电子,CI005025.WI,49.0122,2.9827,2452.1961
2019-08-18,电子,CI005025.WI,51.4115,3.2045,3026.5506
2019-08-25,电子,CI005025.WI,54.5481,3.3578,3795.0793
2019-09-01,电子,CI005025.WI,56.6913,3.2799,3413.1747
2019-09-08,电子,CI005025.WI,61.8812,3.5786,4500.8099
2019-09-15,电子,CI005025.WI,63.1353,3.6467,3618.2927
2019-09-22,电子,CI005025.WI,65.2162,3.7671,4094.395
2019-09-29,电子,CI005025.WI,62.4733,3.6102,4145.8923
2019-10-06,电子,CI005025.WI,60.6138,3.5028,528.1424
2019-10-13,电子,CI005025.WI,62.1264,3.6331,2277.7787
2019-10-20,电子,CI005025.WI,60.5563,3.5307,2739.2143
2019-10-27,电子,CI005025.WI,59.3878,3.6052,2222.9825
2019-11-03,电子,CI005025.WI,61.9945,3.5807,2874.1293
2019-11-10,电子,CI005025.WI,63.9822,3.7003,2994.0272
2019-11-17,电子,CI005025.WI,64.342,3.7119,3107.4826
2019-11-24,电子,CI005025.WI,66.3816,3.631,2990.3921
2019-12-01,电子,CI005025.WI,66.8788,3.6581,2741.6678
2019-12-08,电子,CI005025.WI,71.4568,3.9107,3211.7355
2019-12-15,电子,CI005025.WI,71.0518,4.015,4300.1817
2019-12-22,电子,CI005025.WI,72.9527,4.0941,5309.8341
2019-12-29,电子,CI005025.WI,72.4896,4.0665,4123.4885
2020-01-05,电子,CI005025.WI,73.7709,4.249,1359.3264
2020-01-12,电子,CI005025.WI,76.4142,4.3976,4890.4246
2020-01-19,电子,CI005025.WI,80.2573,4.62,4818.37
2020-01-26,电子,CI005025.WI,82.6275,4.7617,4542.9709
2020-02-09,电子,CI005025.WI,80.5546,4.6513,5078.3511
2020-02-16,电子,CI005025.WI,84.8216,4.8662,6233.2839
2020-02-23,电子,CI005025.WI,94.337,5.4201,8582.7348
2020-03-01,电子,CI005025.WI,67.0659,4.7932,10290.8073
2020-03-08,电子,CI005025.WI,67.9164,4.8592,6951.308
2020-03-15,电子,CI005025.WI,64.1897,4.5647,6322.4289
2020-03-22,电子,CI005025.WI,59.5715,4.2483,5565.996
2020-03-29,电子,CI005025.WI,55.7378,3.982,4117.7274
2020-04-05,电子,CI005025.WI,58.8056,4.1081,3917.4087
2020-04-12,电子,CI005025.WI,58.1067,4.0677,3187.1233
2020-04-19,电子,CI005025.WI,59.9632,4.2504,3494.8431
2020-04-26,电子,CI005025.WI,58.3888,4.0828,3027.8941
2020-05-03,电子,CI005025.WI,69.9652,4.3709,2907.9957
2020-05-10,电子,CI005025.WI,72.7596,4.5575,3033.358
2020-05-17,电子,CI005025.WI,74.3669,4.6618,4519.0328
2020-05-24,电子,CI005025.WI,69.9101,4.3624,5230.4259
2020-05-31,电子,CI005025.WI,69.0628,4.348,3599.501
2020-06-07,电子,CI005025.WI,74.2504,4.6508,5477.6895
2020-06-14,电子,CI005025.WI,73.6462,4.6211,4793.2387
2020-06-21,电子,CI005025.WI,76.5407,4.8093,4663.5424
2020-06-28,电子,CI005025.WI,80.3279,4.9813,3249.5868
2020-07-05,电子,CI005025.WI,83.004,5.1596,6040.8681
2020-07-12,电子,CI005025.WI,94.1258,5.7738,9757.604
2020-07-19,电子,CI005025.WI,84.9711,5.2154,8962.2083
2020-07-26,电子,CI005025.WI,79.7536,4.9908,6095.7031
2020-08-02,电子,CI005025.WI,85.2531,5.4086,5420.1097
2020-08-09,电子,CI005025.WI,86.3584,5.4432,7376.8413
2020-08-16,电子,CI005025.WI,86.0398,5.4093,5188.4846
2020-08-23,电子,CI005025.WI,80.8577,5.2653,5385.8347
2020-08-30,电子,CI005025.WI,81.1626,5.2571,5237.9306
2020-09-06,电子,CI005025.WI,81.4251,5.3413,5243.5777
2020-09-13,电子,CI005025.WI,76.8238,5.0047,5245.0203
2020-09-20,电子,CI005025.WI,79.3315,5.1653,4177.3272
2020-09-27,电子,CI005025.WI,75.8463,4.9424,3256.0397
2020-10-04,电子,CI005025.WI,76.584,4.9905,1613.9453
2020-10-11,电子,CI005025.WI,79.6322,5.191,823.8502
2020-10-18,电子,CI005025.WI,77.721,5.128,4199.307
2020-10-25,电子,CI005025.WI,70.6258,4.9032,3199.9407
2020-11-01,电子,CI005025.WI,66.4467,4.9054,3944.0047
2020-11-08,电子,CI005025.WI,76.1144,5.2368,4822.1136
2020-11-15,电子,CI005025.WI,74.7877,5.1916,5750.9746
2020-11-22,电子,CI005025.WI,74.0058,5.1042,4253.3217
2020-11-29,电子,CI005025.WI,73.4621,5.0403,3940.7655
2020-12-06,电子,CI005025.WI,76.2358,5.2449,5095.5988
2020-12-13,电子,CI005025.WI,74.7027,5.1359,4725.0455
2020-12-20,电子,CI005025.WI,73.1502,5.0199,3695.8285
2020-12-27,电子,CI005025.WI,73.2504,5.026,4458.1493
2021-01-03,电子,CI005025.WI,74.7132,5.1232,3425.6286
2021-01-10,电子,CI005025.WI,78.6101,5.4039,6293.9374
2021-01-17,电子,CI005025.WI,80.897,5.5531,7590.4015
2021-01-24,电子,CI005025.WI,82.3398,5.644,6723.0852
2021-01-31,电子,CI005025.WI,76.5286,5.197,5749.0249
2021-02-07,电子,CI005025.WI,71.2314,4.9055,4704.0393
2021-02-14,电子,CI005025.WI,74.9642,5.1772,2286.7856
2021-02-21,电子,CI005025.WI,75.9297,5.2459,1883.8245
2021-02-28,电子,CI005025.WI,69.6003,4.9084,4222.2897
2021-03-07,电子,CI005025.WI,68.4638,5.0318,4116.778
2021-03-14,电子,CI005025.WI,61.9222,4.7001,3945.1868
2021-03-21,电子,CI005025.WI,56.5722,4.5226,3277.9019
2021-03-28,电子,CI005025.WI,55.7786,4.5364,3176.4536
2021-04-04,电子,CI005025.WI,58.4785,4.7367,3257.4267
2021-04-11,电子,CI005025.WI,56.961,4.6822,2830.5744
2021-04-18,电子,CI005025.WI,55.7229,4.6327,3383.3547
2021-04-25,电子,CI005025.WI,56.4784,4.8264,4009.8558
2021-05-02,电子,CI005025.WI,49.2825,4.6508,3906.3844
2021-05-09,电子,CI005025.WI,46.9097,4.4291,1557.9066
2021-05-16,电子,CI005025.WI,47.5031,4.4892,3133.6188
2021-05-23,电子,CI005025.WI,48.0422,4.5433,3218.4035
2021-05-30,电子,CI005025.WI,50.1248,4.7743,4363.4448
2021-06-06,电子,CI005025.WI,50.4421,4.7752,4412.7238
2021-06-13,电子,CI005025.WI,50.9436,4.83,5036.7971
2021-06-20,电子,CI005025.WI,53.3607,5.0693,5221.6488
2021-06-27,电子,CI005025.WI,55.8702,5.3135,7127.5097
2021-07-04,电子,CI005025.WI,55.2402,5.248,6531.95
2021-07-11,电子,CI005025.WI,57.5303,5.4737,7326.6384
2021-07-18,电子,CI005025.WI,55.6249,5.3021,7148.5726
2021-07-25,电子,CI005025.WI,57.7228,5.6242,7700.2865
2021-08-01,电子,CI005025.WI,59.5979,5.7836,10407.0869
2021-08-08,电子,CI005025.WI,58.2464,5.677,8656.8716
2021-08-15,电子,CI005025.WI,54.4885,5.4532,7263.8186
2021-08-22,电子,CI005025.WI,52.9403,5.2633,6030.0969
2021-08-29,电子,CI005025.WI,51.0975,5.2006,6560.7978
2021-09-05,电子,CI005025.WI,47.1131,4.9042,6563.2908
2021-09-12,电子,CI005025.WI,48.9187,5.076,5842.2996
2021-09-19,电子,CI005025.WI,46.3552,4.8052,5011.9798
2021-09-26,电子,CI005025.WI,46.5734,4.8271,2579.7482
2021-10-03,电子,CI005025.WI,46.1287,4.7649,3123.8833
2021-10-10,电子,CI005025.WI,46.5638,4.806,856.6487
2021-10-17,电子,CI005025.WI,46.2714,4.7896,3958.1531
2021-10-24,电子,CI005025.WI,45.7363,4.7358,4212.9788
2021-10-31,电子,CI005025.WI,42.7017,4.6276,5239.0034
2021-11-07,电子,CI005025.WI,44.8169,4.8131,6379.3434
2021-11-14,电子,CI005025.WI,46.267,4.954,6556.6354
2021-11-21,电子,CI005025.WI,46.1326,4.9234,6276.1326
2021-11-28,电子,CI005025.WI,46.3873,4.9426,7475.3846
2021-12-05,电子,CI005025.WI,47.6334,5.0638,6402.8047
2021-12-12,电子,CI005025.WI,47.8353,5.0801,6509.2447
2021-12-19,电子,CI005025.WI,46.597,4.931,5386.013
2021-12-26,电子,CI005025.WI,46.7443,4.9285,4922.141
2022-01-02,电子,CI005025.WI,47.2548,4.9698,4159.359
2022-01-09,电子,CI005025.WI,44.721,4.6978,3993.883
2022-01-16,电子,CI005025.WI,44.0697,4.6231,4021.9606
2022-01-23,电子,CI005025.WI,43.2001,4.5304,3954.0456
2022-01-30,电子,CI005025.WI,41.0549,4.3083,3373.1339
2022-02-13,电子,CI005025.WI,39.2703,4.1781,3413.9969
2022-02-20,电子,CI005025.WI,39.8666,4.2619,2928.5906
2022-02-27,电子,CI005025.WI,40.4964,4.3557,4047.271
2022-03-06,电子,CI005025.WI,39.7004,4.2104,3159.9894
2022-03-13,电子,CI005025.WI,37.5112,4.0252,4023.281
2022-03-20,电子,CI005025.WI,36.8155,3.9422,3918.0144
2022-03-27,电子,CI005025.WI,35.5548,3.8054,2807.3265
2022-04-03,电子,CI005025.WI,34.1095,3.7005,2659.7285
2022-04-10,电子,CI005025.WI,32.5826,3.5449,1645.305
2022-04-17,电子,CI005025.WI,30.4452,3.3819,2500.2411
2022-04-24,电子,CI005025.WI,30.1693,3.2529,2517.5108
2022-05-01,电子,CI005025.WI,30.0186,3.1447,3082.6608
2022-05-08,电子,CI005025.WI,29.5203,3.0532,1150.1658
2022-05-15,电子,CI005025.WI,30.8534,3.2187,3180.8299
2022-05-22,电子,CI005025.WI,32.1936,3.3628,3025.492
2022-05-29,电子,CI005025.WI,30.9906,3.2659,2944.5662
2022-06-05,电子,CI005025.WI,33.3258,3.5482,2951.0334
2022-06-12,电子,CI005025.WI,33.3265,3.5548,4246.4688
2022-06-19,电子,CI005025.WI,33.3896,3.566,4297.406
2022-06-26,电子,CI005025.WI,34.0091,3.6414,4867.9011
2022-07-03,电子,CI005025.WI,34.8555,3.7321,6009.6754
2022-07-10,电子,CI005025.WI,34.4771,3.6937,5080.9567
2022-07-17,电子,CI005025.WI,32.8766,3.5247,3963.9783
2022-07-24,电子,CI005025.WI,33.3565,3.5767,4285.1066
2022-07-31,电子,CI005025.WI,33.5734,3.6028,4087.8531
2022-08-07,电子,CI005025.WI,36.7362,3.9003,6269.7302
2022-08-14,电子,CI005025.WI,36.9336,3.8944,7008.1302
2022-08-21,电子,CI005025.WI,36.6745,3.8611,6577.063
2022-08-28,电子,CI005025.WI,35.4492,3.5706,5341.5293
2022-09-04,电子,CI005025.WI,36.8273,3.5098,3813.5012
2022-09-11,电子,CI005025.WI,36.8627,3.5521,3469.5651
2022-09-18,电子,CI005025.WI,35.2775,3.3981,2521.7764
2022-09-25,电子,CI005025.WI,33.4977,3.2241,2704.632
2022-10-02,电子,CI005025.WI,32.4407,3.1219,2306.3666
2022-10-16,电子,CI005025.WI,33.1904,3.1293,2957.0501
2022-10-23,电子,CI005025.WI,33.9774,3.1981,3301.9026
2022-10-30,电子,CI005025.WI,35.6886,3.091,3758.2823
2022-11-06,电子,CI005025.WI,41.6135,3.3329,4464.4257
2022-11-13,电子,CI005025.WI,39.8084,3.1929,3989.5086
2022-11-20,电子,CI005025.WI,41.1389,3.2869,4727.4347
2022-11-27,电子,CI005025.WI,39.7404,3.1753,3143.2903
2022-12-04,电子,CI005025.WI,40.7299,3.2337,3012.013
2022-12-11,电子,CI005025.WI,41.0534,3.2597,3484.049
2022-12-18,电子,CI005025.WI,40.7277,3.2189,3551.5983
2022-12-25,电子,CI005025.WI,38.3523,3.0116,2442.8954
2023-01-01,电子,CI005025.WI,38.9482,3.0534,2189.5349
2023-01-08,电子,CI005025.WI,40.0746,3.0867,2603.8772
2023-01-15,电子,CI005025.WI,40.2316,3.0988,3245.0264
2023-01-22,电子,CI005025.WI,42.8556,3.2986,3668.7055
2023-02-05,电子,CI005025.WI,43.8584,3.383,4587.2698
2023-02-12,电子,CI005025.WI,44.2341,3.4153,4380.1343
2023-02-19,电子,CI005025.WI,43.5128,3.2985,4887.4288
2023-02-26,电子,CI005025.WI,44.6248,3.3187,3428.8411
2023-03-05,电子,CI005025.WI,44.4481,3.3429,3988.646
2023-03-12,电子,CI005025.WI,43.6751,3.2866,4242.07
2023-03-19,电子,CI005025.WI,44.9838,3.3755,5133.4582
2023-03-26,电子,CI005025.WI,47.8225,3.5899,7022.0052
2023-04-02,电子,CI005025.WI,48.3053,3.5571,6679.6586
2023-04-09,电子,CI005025.WI,55.3435,3.8742,8711.2126
2023-04-16,电子,CI005025.WI,56.2901,3.8139,9228.9992
2023-04-23,电子,CI005025.WI,56.3405,3.6214,8513.8345
2023-04-30,电子,CI005025.WI,64.7299,3.428,6756.0519
2023-05-07,电子,CI005025.WI,62.4139,3.3044,2044.4673
2023-05-14,电子,CI005025.WI,61.3718,3.2128,4532.1161
2023-05-21,电子,CI005025.WI,64.5113,3.3926,4882.4168
2023-05-28,电子,CI005025.WI,64.6859,3.407,4663.4731
2023-06-04,电子,CI005025.WI,66.1609,3.4981,6183.8332
2023-06-11,电子,CI005025.WI,64.3486,3.412,5722.1737
2023-06-18,电子,CI005025.WI,66.6588,3.5412,6190.0439
2023-06-25,电子,CI005025.WI,65.2077,3.4696,4233.1024
2023-07-02,电子,CI005025.WI,64.6424,3.4401,5159.3874
2023-07-09,电子,CI005025.WI,64.7121,3.453,5786.9846
2023-07-16,电子,CI005025.WI,66.0499,3.533,5748.3507
2023-07-23,电子,CI005025.WI,62.6593,3.3528,5372.1758
2023-07-30,电子,CI005025.WI,62.1997,3.3223,3940.5861
2023-08-06,电子,CI005025.WI,63.1993,3.3707,3803.4364
2023-08-13,电子,CI005025.WI,61.1692,3.2179,3066.631
2023-08-20,电子,CI005025.WI,61.018,3.0709,2835.3538
2023-08-27,电子,CI005025.WI,59.9179,2.9232,2902.1889
2023-09-03,电子,CI005025.WI,70.4874,3.1626,4534.7919
2023-09-10,电子,CI005025.WI,70.7464,3.1719,5152.2514
2023-09-17,电子,CI005025.WI,69.0675,3.0898,4398.0911
2023-09-24,电子,CI005025.WI,68.6965,3.0733,3597.6733
2023-10-01,电子,CI005025.WI,69.0028,3.087,3097.5448
2023-10-15,电子,CI005025.WI,72.161,3.2286,5688.6553
2023-10-22,电子,CI005025.WI,66.2843,3.0371,5354.961
2023-10-29,电子,CI005025.WI,71.6287,3.083,5305.0769
2023-11-05,电子,CI005025.WI,72.3248,3.1976,6080.6678
2023-11-12,电子,CI005025.WI,75.6026,3.2524,6941.2433
2023-11-19,电子,CI005025.WI,76.0188,3.2723,5817.4073
2023-11-26,电子,CI005025.WI,73.6695,3.1677,5562.8757
2023-12-03,电子,CI005025.WI,73.0939,3.189,4950.7698
2023-12-10,电子,CI005025.WI,71.795,3.1236,4572.2667
2023-12-17,电子,CI005025.WI,71.1221,3.0943,4059.684
2023-12-24,电子,CI005025.WI,69.7573,3.035,3427.0107
2023-12-31,电子,CI005025.WI,72.0639,3.1376,4190.8457
2024-01-14,电子,CI005025.WI,64.6687,2.8127,3477.534
2024-01-21,电子,CI005025.WI,63.2218,2.7499,3354.6648
2024-01-28,电子,CI005025.WI,61.4889,2.6714,3836.1468
2024-02-04,电子,CI005025.WI,53.3153,2.3389,3461.3932
2024-02-11,电子,CI005025.WI,58.5844,2.5291,3802.3699
2024-02-25,电子,CI005025.WI,62.2303,2.6742,4806.9823
2024-03-03,电子,CI005025.WI,65.4246,2.8562,6461.6882
2024-03-10,电子,CI005025.WI,65.1822,2.8459,6529.6546
2024-03-17,电子,CI005025.WI,65.8928,2.8649,5890.7997
2024-03-24,电子,CI005025.WI,66.5241,2.9021,6642.9047
2024-03-31,电子,CI005025.WI,62.1361,2.7789,5772.5508
2024-04-07,电子,CI005025.WI,62.5664,2.7618,3238.4974
2024-04-14,电子,CI005025.WI,59.1003,2.646,4007.3034
2024-04-21,电子,CI005025.WI,53.908,2.5671,4604.6045
2024-04-28,电子,CI005025.WI,57.0863,2.6872,4135.9062
2024-05-05,电子,CI005025.WI,60.0188,2.7396,2132.9869
2024-05-12,电子,CI005025.WI,60.5679,2.72,4373.1915
2024-05-19,电子,CI005025.WI,60.6832,2.726,3823.1403
2024-05-26,电子,CI005025.WI,58.793,2.6611,4434.3734
2024-06-02,电子,CI005025.WI,60.548,2.7468,4780.0951
2024-06-09,电子,CI005025.WI,59.7536,2.737,5543.296
2024-06-16,电子,CI005025.WI,62.3246,2.8595,5314.4717
2024-06-23,电子,CI005025.WI,63.2245,2.9049,6720.9137
2024-06-30,电子,CI005025.WI,61.2524,2.8173,5721.2744
2024-07-07,电子,CI005025.WI,59.7152,2.7342,4505.5827
2024-07-14,电子,CI005025.WI,63.1585,2.8956,6022.4337
2024-07-21,电子,CI005025.WI,63.7496,2.9242,6237.8132
2024-07-28,电子,CI005025.WI,60.5664,2.7771,5070.9218
2024-08-04,电子,CI005025.WI,60.5655,2.7925,5170.497
2024-08-11,电子,CI005025.WI,58.338,2.6907,4066.098
2024-08-18,电子,CI005025.WI,58.5325,2.7044,3743.8318
2024-08-25,电子,CI005025.WI,56.0311,2.6172,4049.0235
2024-09-01,电子,CI005025.WI,55.8912,2.6794,4292.77
2024-09-08,电子,CI005025.WI,52.9623,2.5396,4448.0989
2024-09-15,电子,CI005025.WI,51.6526,2.4768,3273.0198
2024-09-22,电子,CI005025.WI,51.6067,2.4754,1930.5515
2024-09-29,电子,CI005025.WI,58.9603,2.8286,5651.381
2024-10-06,电子,CI005025.WI,66.8747,3.2083,2902.3877
2024-10-13,电子,CI005025.WI,66.1237,3.2452,13977.639
2024-10-20,电子,CI005025.WI,72.3031,3.559,12105.9472
2024-10-27,电子,CI005025.WI,73.0333,3.6044,15570.2194
2024-11-03,电子,CI005025.WI,69.1007,3.469,16016.5677
2024-11-10,电子,CI005025.WI,75.4808,3.8086,16652.1315
2024-11-17,电子,CI005025.WI,72.6849,3.6669,17140.3905
2024-11-24,电子,CI005025.WI,70.2839,3.5479,11583.9739
2024-12-01,电子,CI005025.WI,71.9617,3.6316,9510.7922
2024-12-08,电子,CI005025.WI,73.3293,3.7038,10223.9184
2024-12-15,电子,CI005025.WI,73.1698,3.6957,11464.7873
2024-12-22,电子,CI005025.WI,76.0897,3.8413,11701.0899
2024-12-29,电子,CI005025.WI,76.0687,3.8396,12155.042
2025-01-05,电子,CI005025.WI,68.8442,3.4741,8502.9069
2025-01-12,电子,CI005025.WI,70.2223,3.5435,9603.689
2025-01-19,电子,CI005025.WI,73.1039,3.684,9853.2928
2025-01-26,电子,CI005025.WI,74.7922,3.7714,10826.5442
2025-02-02,电子,CI005025.WI,72.758,3.6688,1714.1874
2025-02-09,电子,CI005025.WI,77.4709,3.9118,8371.4504
2025-02-16,电子,CI005025.WI,77.7819,3.9099,12984.2439
2025-02-23,电子,CI005025.WI,84.5353,4.1859,14971.0891
2025-03-02,电子,CI005025.WI,79.4631,3.9632,16302.093
2025-03-09,电子,CI005025.WI,81.6582,4.0795,12843.9648
2025-03-16,电子,CI005025.WI,80.755,4.0466,11263.9915
2025-03-23,电子,CI005025.WI,73.2864,3.8698,9888.7736
2025-03-30,电子,CI005025.WI,74.442,3.7777,7092.304
2025-04-06,电子,CI005025.WI,72.4391,3.6856,5242.2637
2025-04-13,电子,CI005025.WI,69.8805,3.5521,10379.8544
2025-04-20,电子,CI005025.WI,68.1294,3.5156,7406.0014
2025-04-27,电子,CI005025.WI,68.1945,3.5139,6625.133
2025-05-04,电子,CI005025.WI,63.0538,3.5262,3778.7488
2025-05-11,电子,CI005025.WI,63.0389,3.5412,6225.2597
2025-05-18,电子,CI005025.WI,62.5628,3.5172,6554.6923
2025-05-25,电子,CI005025.WI,61.2143,3.4545,5570.1494
2025-06-01,电子,CI005025.WI,60.9131,3.4452,5035.4156
2025-06-08,电子,CI005025.WI,62.9885,3.5734,4725.8647
2025-06-15,电子,CI005025.WI,61.7872,3.5104,6750.6274
2025-06-22,电子,CI005025.WI,62.2379,3.546,7064.9843
2025-06-29,电子,CI005025.WI,65.284,3.7247,9273.8946
2025-07-06,电子,CI005025.WI,65.7773,3.7515,9566.1676
2025-07-13,电子,CI005025.WI,66.4432,3.7776,8488.8321
2025-07-20,电子,CI005025.WI,67.8707,3.8631,9049.7443
2025-07-27,电子,CI005025.WI,70.0404,3.9755,9214.5452
2025-08-03,电子,CI005025.WI,69.7724,3.9667,11477.9567
2025-08-10,电子,CI005025.WI,70.3775,3.5606,11169.2182
2025-08-17,电子,CI005025.WI,73.9768,4.2884,15046.5902
2025-08-24,电子,CI005025.WI,80.753,4.6636,20440.0594
2025-08-31,电子,CI005025.WI,82.6498,4.8766,26255.4863
2025-09-07,电子,CI005025.WI,78.5662,4.6222,21414.7346
2025-09-14,电子,CI005025.WI,82.8641,4.8838,19111.1195
2025-09-21,电子,CI005025.WI,85.4208,5.0342,23341.2176
2025-09-28,电子,CI005025.WI,88.7583,5.2311,25708.6334
2025-10-05,电子,CI005025.WI,91.2375,5.3681,8656.8427
2025-10-12,电子,CI005025.WI,89.076,5.2701,10701.1452
2025-10-19,电子,CI005025.WI,82.1454,4.8965,19684.6575
2025-10-26,电子,CI005025.WI,87.0674,5.271,16598.7218
2025-11-02,电子,CI005025.WI,78.9232,5.0792,21192.5804
2025-11-09,电子,CI005025.WI,78.6431,5.0517,15009.0823
2025-11-16,电子,CI005025.WI,74.9328,4.8268,14810.296
2025-11-23,电子,CI005025.WI,70.5568,4.5447,12578.8201
2025-11-30,电子,CI005025.WI,74.7848,4.8056,13884.4991
2025-12-07,电子,CI005025.WI,75.4628,4.8519,14402.9706
2025-12-14,电子,CI005025.WI,77.3645,4.97,17194.5713
2025-12-21,电子,CI005025.WI,75.0877,4.823,13321.6125
2025-12-28,电子,CI005025.WI,78.7995,5.0556,15310.0001
2026-01-04,电子,CI005025.WI,78.7407,5.0495,9317.9623
2026-01-11,电子,CI005025.WI,84.4686,5.4152,22384.8731
2026-01-18,电子,CI005025.WI,87.2211,5.5769,24768.989
2026-01-25,电子,CI005025.WI,88.007,5.6378,24382.691
2026-02-01,电子,CI005025.WI,85.7218,5.5024,23906.9233
2026-02-08,电子,CI005025.WI,82.2097,5.2375,17360.2122
2026-02-15,电子,CI005025.WI,85.3569,5.4085,15269.7728
2026-03-01,电子,CI005025.WI,86.9894,5.6028,16287.8891
2026-03-08,电子,CI005025.WI,82.6049,5.315,19422.3645
2026-03-15,电子,CI005025.WI,81.1094,5.2374,17933.3763
2026-03-22,电子,CI005025.WI,78.8325,5.0744,18063.4034
2026-03-29,电子,CI005025.WI,76.0493,4.9409,15928.3121
2026-04-05,电子,CI005025.WI,78.3227,4.9312,13638.6786
2026-04-12,电子,CI005025.WI,87.5705,5.4408,15762.7891
2026-04-19,电子,CI005025.WI,90.2643,5.7465,22728.7985
2026-04-26,电子,CI005025.WI,91.5382,5.8498,26125.7151
2026-05-03,电子,CI005025.WI,94.4288,6.093,22183.538
2026-05-10,电子,CI005025.WI,99.8211,6.4517,20529.142
2026-05-17,电子,CI005025.WI,103.1147,6.6731,38950.6226
2026-05-24,电子,CI005025.WI,109.7843,7.1339,40662.59
2026-05-31,电子,CI005025.WI,110.1459,7.1777,48365.6968
2026-06-07,电子,CI005025.WI,108.8539,7.1065,42500.1232
2026-06-14,电子,CI005025.WI,107.8945,7.0541,38372.8237
2026-06-21,电子,CI005025.WI,126.3775,8.2715,37034.9747
2026-06-28,电子,CI005025.WI,132.4229,8.4851,53934.9743
2026-07-05,电子,CI005025.WI,127.4635,8.1181,55519.2898
2026-07-12,电子,CI005025.WI,127.5234,8.0358,46329.4912
2026-07-19,电子,CI005025.WI,104.5201,6.5907,41102.7561
2026-07-26,电子,CI005025.WI,103.2543,6.5561,36441.0152
2026-08-02,电子,CI005025.WI,93.7849,5.9556,31629.4116
2026-08-09,电子,CI005025.WI,106.4914,6.7956,31478.2701
2016-01-10,石油石化,CI005001.WI,34.9869,1.2439,417.5982
2016-01-17,石油石化,CI005001.WI,31.9352,1.1354,320.0685
2016-01-24,石油石化,CI005001.WI,31.9852,1.1372,245.8162
2016-01-31,石油石化,CI005001.WI,31.8375,1.1297,264.0522
2016-02-07,石油石化,CI005001.WI,31.4336,1.1156,209.1518
2016-02-21,石油石化,CI005001.WI,32.3133,1.1469,283.5754
2016-02-28,石油石化,CI005001.WI,31.4387,1.1276,350.5512
2016-03-06,石油石化,CI005001.WI,33.5916,1.2056,396.4143
2016-03-13,石油石化,CI005001.WI,32.8599,1.1793,317.2764
2016-03-20,石油石化,CI005001.WI,33.4056,1.2185,313.1746
2016-03-27,石油石化,CI005001.WI,34.9809,1.1804,356.2251
2016-04-03,石油石化,CI005001.WI,31.5538,1.2117,348.0062
2016-04-10,石油石化,CI005001.WI,31.2127,1.1989,372.3708
2016-04-17,石油石化,CI005001.WI,32.2589,1.2374,467.8266
2016-04-24,石油石化,CI005001.WI,31.3841,1.1985,367.3425
2016-05-01,石油石化,CI005001.WI,38.2894,1.1814,252.8163
2016-05-08,石油石化,CI005001.WI,37.619,1.162,269.7161
2016-05-15,石油石化,CI005001.WI,36.6558,1.1322,213.1844
2016-05-22,石油石化,CI005001.WI,36.8396,1.1379,202.103
2016-05-29,石油石化,CI005001.WI,36.8389,1.138,159.8998
2016-06-05,石油石化,CI005001.WI,37.7525,1.1662,259.1685
2016-06-12,石油石化,CI005001.WI,37.6877,1.164,139.7059
2016-06-19,石油石化,CI005001.WI,36.8829,1.1377,197.8533
2016-06-26,石油石化,CI005001.WI,36.4112,1.1272,213.4111
2016-07-03,石油石化,CI005001.WI,37.1439,1.1499,230.0918
2016-07-10,石油石化,CI005001.WI,37.5885,1.1638,327.0231
2016-07-17,石油石化,CI005001.WI,38.4442,1.191,355.2677
2016-07-24,石油石化,CI005001.WI,37.867,1.1728,228.0182
2016-07-31,石油石化,CI005001.WI,37.8206,1.1614,236.6606
2016-08-07,石油石化,CI005001.WI,37.9582,1.1646,175.0366
2016-08-14,石油石化,CI005001.WI,38.3886,1.1843,191.9483
2016-08-21,石油石化,CI005001.WI,39.0477,1.1998,264.9526
2016-08-28,石油石化,CI005001.WI,42.8703,1.181,191.121
2016-09-04,石油石化,CI005001.WI,62.0578,1.1816,199.771
2016-09-11,石油石化,CI005001.WI,62.0728,1.1819,224.8686
2016-09-18,石油石化,CI005001.WI,60.7713,1.1571,135.3158
2016-09-25,石油石化,CI005001.WI,60.7326,1.1639,192.3263
2016-10-02,石油石化,CI005001.WI,60.7089,1.1615,178.1861
2016-10-16,石油石化,CI005001.WI,61.6412,1.1794,238.3487
2016-10-23,石油石化,CI005001.WI,60.8228,1.1894,254.2165
2016-10-30,石油石化,CI005001.WI,53.3984,1.1828,343.2042
2016-11-06,石油石化,CI005001.WI,52.7201,1.1681,282.6143
2016-11-13,石油石化,CI005001.WI,53.8418,1.1929,345.0135
2016-11-20,石油石化,CI005001.WI,53.7932,1.1918,345.815
2016-11-27,石油石化,CI005001.WI,55.278,1.2247,493.3659
2016-12-04,石油石化,CI005001.WI,57.2968,1.2694,484.6111
2016-12-11,石油石化,CI005001.WI,56.2678,1.2467,358.4949
2016-12-18,石油石化,CI005001.WI,56.5768,1.2535,505.3618
2016-12-25,石油石化,CI005001.WI,58.9112,1.3052,471.1794
2017-01-01,石油石化,CI005001.WI,57.5338,1.2747,356.9051
2017-01-15,石油石化,CI005001.WI,61.162,1.3429,363.6418
2017-01-22,石油石化,CI005001.WI,61.2701,1.3415,336.5518
2017-01-29,石油石化,CI005001.WI,62.3871,1.3703,251.1286
2017-02-05,石油石化,CI005001.WI,61.8356,1.3582,35.9619
2017-02-12,石油石化,CI005001.WI,61.2736,1.3521,358.1868
2017-02-19,石油石化,CI005001.WI,60.4156,1.333,406.7547
2017-02-26,石油石化,CI005001.WI,60.6709,1.3355,379.8631
2017-03-05,石油石化,CI005001.WI,56.7084,1.3111,322.3312
2017-03-12,石油石化,CI005001.WI,68.817,1.3157,356.2699
2017-03-19,石油石化,CI005001.WI,67.8106,1.3215,397.0367
2017-03-26,石油石化,CI005001.WI,74.3281,1.3319,404.8904
2017-04-02,石油石化,CI005001.WI,67.9047,1.3025,354.5744
2017-04-09,石油石化,CI005001.WI,69.8443,1.3397,203.0287
2017-04-16,石油石化,CI005001.WI,66.414,1.3247,292.3466
2017-04-23,石油石化,CI005001.WI,63.1143,1.2873,240.5498
2017-04-30,石油石化,CI005001.WI,34.9715,1.2651,211.5341
2017-05-07,石油石化,CI005001.WI,33.9247,1.2274,174.3733
2017-05-14,石油石化,CI005001.WI,34.2577,1.2396,248.0013
2017-05-21,石油石化,CI005001.WI,34.7753,1.2586,296.9491
2017-05-28,石油石化,CI005001.WI,35.4414,1.2827,364.4239
2017-06-04,石油石化,CI005001.WI,35.308,1.2779,169.079
2017-06-11,石油石化,CI005001.WI,35.0634,1.2691,220.9653
2017-06-18,石油石化,CI005001.WI,34.5872,1.2527,212.598
2017-06-25,石油石化,CI005001.WI,34.8241,1.2636,252.8484
2017-07-02,石油石化,CI005001.WI,34.7525,1.261,229.9736
2017-07-09,石油石化,CI005001.WI,35.3147,1.2814,271.7246
2017-07-16,石油石化,CI005001.WI,35.7212,1.2975,270.6028
2017-07-23,石油石化,CI005001.WI,36.0508,1.3223,371.0851
2017-07-30,石油石化,CI005001.WI,35.9474,1.3273,417.3922
2017-08-06,石油石化,CI005001.WI,36.2396,1.3376,439.0453
2017-08-13,石油石化,CI005001.WI,35.1798,1.3047,352.2914
2017-08-20,石油石化,CI005001.WI,35.076,1.3046,275.6003
2017-08-27,石油石化,CI005001.WI,36.1505,1.3181,287.7993
2017-09-03,石油石化,CI005001.WI,36.1448,1.3146,326.9915
2017-09-10,石油石化,CI005001.WI,36.0691,1.3118,305.0545
2017-09-17,石油石化,CI005001.WI,35.7651,1.3083,264.0064
2017-09-24,石油石化,CI005001.WI,35.5093,1.3062,242.7597
2017-10-01,石油石化,CI005001.WI,35.6394,1.311,194.7301
2017-10-15,石油石化,CI005001.WI,35.5186,1.3065,180.7249
2017-10-22,石油石化,CI005001.WI,35.3158,1.3135,184.0129
2017-10-29,石油石化,CI005001.WI,34.8104,1.3133,169.8504
2017-11-05,石油石化,CI005001.WI,32.1489,1.3313,275.9737
2017-11-12,石油石化,CI005001.WI,32.3787,1.3409,342.0179
2017-11-19,石油石化,CI005001.WI,31.5765,1.3076,295.6634
2017-11-26,石油石化,CI005001.WI,32.2458,1.3354,274.7527
2017-12-03,石油石化,CI005001.WI,31.8592,1.3181,274.0176
2017-12-10,石油石化,CI005001.WI,31.5558,1.3098,332.9615
2017-12-17,石油石化,CI005001.WI,31.1155,1.2915,271.033
2017-12-24,石油石化,CI005001.WI,31.9397,1.3257,293.2788
2017-12-31,石油石化,CI005001.WI,31.9593,1.3265,289.3309
2018-01-07,石油石化,CI005001.WI,34.8109,1.4449,455.4344
2018-01-14,石油石化,CI005001.WI,35.2233,1.462,455.5803
2018-01-21,石油石化,CI005001.WI,35.4909,1.4731,477.2844
2018-01-28,石油石化,CI005001.WI,36.7071,1.5208,480.181
2018-02-04,石油石化,CI005001.WI,36.5548,1.5122,425.0773
2018-02-11,石油石化,CI005001.WI,31.727,1.3056,410.8704
2018-02-18,石油石化,CI005001.WI,32.0338,1.3183,127.9632
2018-02-25,石油石化,CI005001.WI,32.9271,1.3553,88.9458
2018-03-04,石油石化,CI005001.WI,32.0712,1.3226,224.5592
2018-03-11,石油石化,CI005001.WI,32.1592,1.3308,188.6472
2018-03-18,石油石化,CI005001.WI,31.982,1.3234,236.3555
2018-03-25,石油石化,CI005001.WI,32.3574,1.3296,294.9902
2018-04-01,石油石化,CI005001.WI,32.2263,1.2931,251.7374
2018-04-08,石油石化,CI005001.WI,31.6247,1.2687,146.0103
2018-04-15,石油石化,CI005001.WI,32.6238,1.3072,279.7197
2018-04-22,石油石化,CI005001.WI,32.294,1.2967,216.5149
2018-04-29,石油石化,CI005001.WI,30.2656,1.2822,182.838
2018-05-06,石油石化,CI005001.WI,30.5673,1.295,138.033
2018-05-13,石油石化,CI005001.WI,31.7026,1.3418,299.0572
2018-05-20,石油石化,CI005001.WI,33.4211,1.4147,353.3012
2018-05-27,石油石化,CI005001.WI,31.8627,1.349,432.6138
2018-06-03,石油石化,CI005001.WI,31.3121,1.3258,278.6083
2018-06-10,石油石化,CI005001.WI,30.4348,1.2977,215.0004
2018-06-17,石油石化,CI005001.WI,29.9248,1.2762,161.8457
2018-06-24,石油石化,CI005001.WI,28.2821,1.2123,157.831
2018-07-01,石油石化,CI005001.WI,29.573,1.2678,200.4367
2018-07-08,石油石化,CI005001.WI,28.4687,1.2205,207.9968
2018-07-15,石油石化,CI005001.WI,29.1233,1.2486,193.2558
2018-07-22,石油石化,CI005001.WI,28.7094,1.2298,149.7638
2018-07-29,石油石化,CI005001.WI,29.6456,1.2699,207.2683
2018-08-05,石油石化,CI005001.WI,29.5882,1.2682,253.8114
2018-08-12,石油石化,CI005001.WI,30.5847,1.3131,305.8741
2018-08-19,石油石化,CI005001.WI,29.6667,1.285,221.6031
2018-08-26,石油石化,CI005001.WI,30.0566,1.3169,163.592
2018-09-02,石油石化,CI005001.WI,24.1117,1.2933,205.8276
2018-09-09,石油石化,CI005001.WI,24.193,1.3231,170.3942
2018-09-16,石油石化,CI005001.WI,24.995,1.3787,226.0103
2018-09-23,石油石化,CI005001.WI,25.5722,1.4209,244.8486
2018-09-30,石油石化,CI005001.WI,26.3033,1.4623,224.1741
2018-10-14,石油石化,CI005001.WI,24.9948,1.3896,345.286
2018-10-21,石油石化,CI005001.WI,23.3613,1.3192,273.2454
2018-10-28,石油石化,CI005001.WI,22.8221,1.2934,263.7123
2018-11-04,石油石化,CI005001.WI,19.2457,1.2852,217.7433
2018-11-11,石油石化,CI005001.WI,18.7904,1.2548,217.1514
2018-11-18,石油石化,CI005001.WI,18.4877,1.2346,293.5067
2018-11-25,石油石化,CI005001.WI,17.7564,1.1857,248.7597
2018-12-02,石油石化,CI005001.WI,17.7438,1.1849,168.2211
2018-12-09,石油石化,CI005001.WI,17.729,1.1841,189.7048
2018-12-16,石油石化,CI005001.WI,17.8972,1.1954,157.4205
2018-12-23,石油石化,CI005001.WI,17.1768,1.1472,143.2166
2018-12-30,石油石化,CI005001.WI,16.461,1.0944,170.5016
2019-01-06,石油石化,CI005001.WI,16.6328,1.1058,92.4908
2019-01-13,石油石化,CI005001.WI,17.0282,1.132,168.7948
2019-01-20,石油石化,CI005001.WI,17.034,1.1324,130.5611
2019-01-27,石油石化,CI005001.WI,18.2896,1.1309,160.5678
2019-02-03,石油石化,CI005001.WI,18.5912,1.1495,148.917
2019-02-17,石油石化,CI005001.WI,18.9081,1.1691,207.3166
2019-02-24,石油石化,CI005001.WI,19.3564,1.1929,242.4355
2019-03-03,石油石化,CI005001.WI,20.2839,1.2421,415.02
2019-03-10,石油石化,CI005001.WI,19.7745,1.2109,504.5247
2019-03-17,石油石化,CI005001.WI,20.233,1.2302,405.6202
2019-03-24,石油石化,CI005001.WI,21.0382,1.2579,528.847
2019-03-31,石油石化,CI005001.WI,19.458,1.2301,458.0219
2019-04-07,石油石化,CI005001.WI,20.2697,1.2802,505.4627
2019-04-14,石油石化,CI005001.WI,20.0691,1.2545,637.796
2019-04-21,石油石化,CI005001.WI,20.2527,1.2659,572.3422
2019-04-28,石油石化,CI005001.WI,19.4853,1.2137,634.754
2019-05-05,石油石化,CI005001.WI,20.255,1.1951,143.0954
2019-05-12,石油石化,CI005001.WI,19.5063,1.1509,314.5059
2019-05-19,石油石化,CI005001.WI,19.3263,1.1404,314.3331
2019-05-26,石油石化,CI005001.WI,19.0984,1.127,203.9337
2019-06-02,石油石化,CI005001.WI,19.3289,1.1409,236.1254
2019-06-09,石油石化,CI005001.WI,18.9554,1.1192,184.2197
2019-06-16,石油石化,CI005001.WI,18.7791,1.1248,256.0431
2019-06-23,石油石化,CI005001.WI,19.1958,1.15,253.6389
2019-06-30,石油石化,CI005001.WI,19.0153,1.1485,270.0063
2019-07-07,石油石化,CI005001.WI,18.905,1.1418,243.7707
2019-07-14,石油石化,CI005001.WI,18.3903,1.1108,161.4619
2019-07-21,石油石化,CI005001.WI,18.3751,1.1116,192.1388
2019-07-28,石油石化,CI005001.WI,18.5822,1.117,206.2152
2019-08-04,石油石化,CI005001.WI,17.9492,1.0785,191.5222
2019-08-11,石油石化,CI005001.WI,17.0641,1.0461,217.2531
2019-08-18,石油石化,CI005001.WI,16.9827,1.0409,179.678
2019-08-25,石油石化,CI005001.WI,17.101,1.0469,188.9422
2019-09-01,石油石化,CI005001.WI,17.6949,1.0306,193.4615
2019-09-08,石油石化,CI005001.WI,18.3505,1.0688,268.6884
2019-09-15,石油石化,CI005001.WI,18.5678,1.0815,217.7825
2019-09-22,石油石化,CI005001.WI,18.471,1.0826,393.2142
2019-09-29,石油石化,CI005001.WI,17.8478,1.0526,191.8341
2019-10-06,石油石化,CI005001.WI,17.9799,1.0603,34.3051
2019-10-13,石油石化,CI005001.WI,18.2318,1.0745,153.6059
2019-10-20,石油石化,CI005001.WI,17.9998,1.0592,248.8458
2019-10-27,石油石化,CI005001.WI,17.9158,1.0558,175.0048
2019-11-03,石油石化,CI005001.WI,20.2052,1.0207,187.0484
2019-11-10,石油石化,CI005001.WI,20.0725,1.014,184.7944
2019-11-17,石油石化,CI005001.WI,19.2515,0.9725,182.9144
2019-11-24,石油石化,CI005001.WI,19.6949,0.9949,183.4164
2019-12-01,石油石化,CI005001.WI,19.409,0.9886,191.8175
2019-12-08,石油石化,CI005001.WI,19.8585,1.0022,149.3435
2019-12-15,石油石化,CI005001.WI,20.13,1.0159,194.0688
2019-12-22,石油石化,CI005001.WI,20.3982,1.0295,226.5457
2019-12-29,石油石化,CI005001.WI,20.4368,1.0314,166.7698
2020-01-05,石油石化,CI005001.WI,21.2145,1.0707,228.5986
2020-01-12,石油石化,CI005001.WI,21.0934,1.0646,436.2681
2020-01-19,石油石化,CI005001.WI,20.8609,1.0528,222.542
2020-01-26,石油石化,CI005001.WI,20.0795,1.0134,197.927
2020-02-09,石油石化,CI005001.WI,18.8232,0.9531,334.5328
2020-02-16,石油石化,CI005001.WI,18.9496,0.9595,267.0387
2020-02-23,石油石化,CI005001.WI,19.3773,0.9812,305.5402
2020-03-01,石油石化,CI005001.WI,18.221,0.9297,425.1826
2020-03-08,石油石化,CI005001.WI,19.0412,0.9716,433.8336
2020-03-15,石油石化,CI005001.WI,17.9476,0.916,534.4235
2020-03-22,石油石化,CI005001.WI,17.4621,0.891,312.4935
2020-03-29,石油石化,CI005001.WI,16.3631,0.8683,222.2072
2020-04-05,石油石化,CI005001.WI,14.7668,0.8581,300.5405
2020-04-12,石油石化,CI005001.WI,14.7932,0.8564,231.4379
2020-04-19,石油石化,CI005001.WI,14.7165,0.8621,290.719
2020-04-26,石油石化,CI005001.WI,14.2164,0.8497,310.9092
2020-05-03,石油石化,CI005001.WI,26.4938,0.8583,179.7313
2020-05-10,石油石化,CI005001.WI,26.5811,0.8611,118.3279
2020-05-17,石油石化,CI005001.WI,26.189,0.8486,164.3604
2020-05-24,石油石化,CI005001.WI,25.7354,0.8342,173.5985
2020-05-31,石油石化,CI005001.WI,25.2825,0.8201,142.5621
2020-06-07,石油石化,CI005001.WI,25.347,0.8384,200.7596
2020-06-14,石油石化,CI005001.WI,24.848,0.8305,199.1504
2020-06-21,石油石化,CI005001.WI,24.9246,0.8341,159.4703
2020-06-28,石油石化,CI005001.WI,24.7159,0.8271,94.1855
2020-07-05,石油石化,CI005001.WI,25.8694,0.8613,234.305
2020-07-12,石油石化,CI005001.WI,27.0658,0.9016,539.4636
2020-07-19,石油石化,CI005001.WI,26.1089,0.8684,444.8781
2020-07-26,石油石化,CI005001.WI,26.5607,0.8843,472.6089
2020-08-02,石油石化,CI005001.WI,26.5836,0.8853,320.834
2020-08-09,石油石化,CI005001.WI,27.247,0.9086,501.8609
2020-08-16,石油石化,CI005001.WI,27.2974,0.9113,400.491
2020-08-23,石油石化,CI005001.WI,27.1385,0.9136,415.3146
2020-08-30,石油石化,CI005001.WI,48.2104,0.9173,284.4509
2020-09-06,石油石化,CI005001.WI,89.6516,0.9022,317.7898
2020-09-13,石油石化,CI005001.WI,87.2025,0.8776,319.5365
2020-09-20,石油石化,CI005001.WI,88.6595,0.8923,239.499
2020-09-27,石油石化,CI005001.WI,85.2374,0.8686,205.1977
2020-10-04,石油石化,CI005001.WI,85.157,0.8669,87.7527
2020-10-11,石油石化,CI005001.WI,85.9214,0.8773,37.3191
2020-10-18,石油石化,CI005001.WI,87.5477,0.8907,241.1087
2020-10-25,石油石化,CI005001.WI,86.5653,0.8851,220.3213
2020-11-01,石油石化,CI005001.WI,21.6526,0.8363,218.357
2020-11-08,石油石化,CI005001.WI,22.5543,0.8709,303.8439
2020-11-15,石油石化,CI005001.WI,23.164,0.8944,499.607
2020-11-22,石油石化,CI005001.WI,23.8653,0.9208,504.0389
2020-11-29,石油石化,CI005001.WI,24.5115,0.9451,571.5136
2020-12-06,石油石化,CI005001.WI,24.4223,0.9422,380.9576
2020-12-13,石油石化,CI005001.WI,23.9623,0.9244,280.319
2020-12-20,石油石化,CI005001.WI,23.953,0.9241,275.9605
2020-12-27,石油石化,CI005001.WI,23.9199,0.9228,292.4966
2021-01-03,石油石化,CI005001.WI,23.9367,0.9235,220.3238
2021-01-10,石油石化,CI005001.WI,25.2816,0.975,438.4601
2021-01-17,石油石化,CI005001.WI,25.7465,0.9923,482.3325
2021-01-24,石油石化,CI005001.WI,26.6692,1.0279,530.4004
2021-01-31,石油石化,CI005001.WI,25.3627,0.9775,496.1099
2021-02-07,石油石化,CI005001.WI,25.8216,0.9952,626.3031
2021-02-14,石油石化,CI005001.WI,27.9079,1.0756,406.8748
2021-02-21,石油石化,CI005001.WI,28.3643,1.0934,441.4027
2021-02-28,石油石化,CI005001.WI,27.1519,1.0472,943.8211
2021-03-07,石油石化,CI005001.WI,27.2048,1.0493,663.3561
2021-03-14,石油石化,CI005001.WI,26.8829,1.0391,628.1607
2021-03-21,石油石化,CI005001.WI,25.5621,0.998,472.0864
2021-03-28,石油石化,CI005001.WI,24.5093,0.9609,464.883
2021-04-04,石油石化,CI005001.WI,25.5134,0.9688,412.3212
2021-04-11,石油石化,CI005001.WI,25.2551,0.9673,291.3301
2021-04-18,石油石化,CI005001.WI,25.0006,0.9679,347.2379
2021-04-25,石油石化,CI005001.WI,24.0121,0.9501,357.0577
2021-05-02,石油石化,CI005001.WI,12.5317,0.9352,332.0637
2021-05-09,石油石化,CI005001.WI,12.9755,0.9683,197.4914
2021-05-16,石油石化,CI005001.WI,13.0191,0.9715,522.131
2021-05-23,石油石化,CI005001.WI,12.9804,0.9689,407.0265
2021-05-30,石油石化,CI005001.WI,13.1522,0.9817,381.0235
2021-06-06,石油石化,CI005001.WI,13.1814,0.9865,496.7938
2021-06-13,石油石化,CI005001.WI,13.7924,1.0323,510.5177
2021-06-20,石油石化,CI005001.WI,13.2426,0.9977,435.8292
2021-06-27,石油石化,CI005001.WI,13.8622,1.0447,518.8791
2021-07-04,石油石化,CI005001.WI,13.4671,1.0224,494.8246
2021-07-11,石油石化,CI005001.WI,13.3437,1.0138,524.6552
2021-07-18,石油石化,CI005001.WI,13.6177,1.034,706.7672
2021-07-25,石油石化,CI005001.WI,13.4775,1.0236,667.7745
2021-08-01,石油石化,CI005001.WI,13.1517,1.0007,611.1006
2021-08-08,石油石化,CI005001.WI,13.0373,0.9935,637.7741
2021-08-15,石油石化,CI005001.WI,13.107,1.0124,548.3461
2021-08-22,石油石化,CI005001.WI,12.4173,0.9741,639.3918
2021-08-29,石油石化,CI005001.WI,10.8046,1.0155,659.9998
2021-09-05,石油石化,CI005001.WI,10.3084,1.0643,958.5964
2021-09-12,石油石化,CI005001.WI,10.9036,1.1257,1121.4034
2021-09-19,石油石化,CI005001.WI,11.294,1.1868,1552.6635
2021-09-26,石油石化,CI005001.WI,11.2278,1.1798,722.9764
2021-10-03,石油石化,CI005001.WI,11.0148,1.1574,899.4465
2021-10-10,石油石化,CI005001.WI,11.3152,1.189,209.9872
2021-10-17,石油石化,CI005001.WI,10.7497,1.1287,762.3692
2021-10-24,石油石化,CI005001.WI,10.5327,1.1081,733.9707
2021-10-31,石油石化,CI005001.WI,12.0185,1.0369,708.2999
2021-11-07,石油石化,CI005001.WI,11.0255,0.9512,580.6927
2021-11-14,石油石化,CI005001.WI,11.1243,0.9597,457.8005
2021-11-21,石油石化,CI005001.WI,11.289,0.9721,502.3989
2021-11-28,石油石化,CI005001.WI,11.2334,0.9673,521.1899
2021-12-05,石油石化,CI005001.WI,11.4745,0.988,526.6031
2021-12-12,石油石化,CI005001.WI,11.5607,0.9954,571.9411
2021-12-19,石油石化,CI005001.WI,11.6507,1.0032,610.2431
2021-12-26,石油石化,CI005001.WI,11.5232,0.9922,472.1797
2022-01-02,石油石化,CI005001.WI,11.5979,0.9987,494.6824
2022-01-09,石油石化,CI005001.WI,12.0644,1.0388,565.3054
2022-01-16,石油石化,CI005001.WI,11.9612,1.0299,650.0526
2022-01-23,石油石化,CI005001.WI,11.6737,1.0053,509.2663
2022-01-30,石油石化,CI005001.WI,11.4535,0.9815,377.4537
2022-02-13,石油石化,CI005001.WI,12.6339,1.0826,611.9312
2022-02-20,石油石化,CI005001.WI,12.4485,1.0667,494.4889
2022-02-27,石油石化,CI005001.WI,12.4714,1.0693,705.7358
2022-03-06,石油石化,CI005001.WI,12.3533,1.0592,882.1114
2022-03-13,石油石化,CI005001.WI,11.6003,0.9985,772.4995
2022-03-20,石油石化,CI005001.WI,11.0782,0.9669,575.5583
2022-03-27,石油石化,CI005001.WI,11.2759,0.9698,434.163
2022-04-03,石油石化,CI005001.WI,10.994,0.9784,376.3189
2022-04-10,石油石化,CI005001.WI,11.2239,0.9941,231.577
2022-04-17,石油石化,CI005001.WI,10.9156,0.9773,413.6044
2022-04-24,石油石化,CI005001.WI,10.477,0.9346,412.2647
2022-05-01,石油石化,CI005001.WI,10.0706,0.9173,460.2256
2022-05-08,石油石化,CI005001.WI,10.1158,0.9214,205.2741
2022-05-15,石油石化,CI005001.WI,10.0209,0.9128,451.2974
2022-05-22,石油石化,CI005001.WI,10.2441,0.9332,409.4255
2022-05-29,石油石化,CI005001.WI,10.7103,0.9761,550.4502
2022-06-05,石油石化,CI005001.WI,10.6576,0.9741,438.904
2022-06-12,石油石化,CI005001.WI,11.2032,1.0399,725.1431
2022-06-19,石油石化,CI005001.WI,11.0077,1.0221,872.0765
2022-06-26,石油石化,CI005001.WI,10.1285,0.9649,548.0414
2022-07-03,石油石化,CI005001.WI,10.0577,0.9661,492.222
2022-07-10,石油石化,CI005001.WI,9.8956,0.9511,438.3235
2022-07-17,石油石化,CI005001.WI,9.6529,0.9282,346.3603
2022-07-24,石油石化,CI005001.WI,9.8575,0.9464,341.6695
2022-07-31,石油石化,CI005001.WI,9.9673,0.9571,345.4567
2022-08-07,石油石化,CI005001.WI,9.2422,1.014,478.0376
2022-08-14,石油石化,CI005001.WI,9.6977,1.064,516.4023
2022-08-21,石油石化,CI005001.WI,9.5535,1.0466,580.5373
2022-08-28,石油石化,CI005001.WI,9.0675,1.062,827.9545
2022-09-04,石油石化,CI005001.WI,8.8916,1.0291,646.2048
2022-09-11,石油石化,CI005001.WI,9.2077,1.0657,709.9957
2022-09-18,石油石化,CI005001.WI,8.849,1.0242,479.9617
2022-09-25,石油石化,CI005001.WI,9.0713,1.0692,467.5187
2022-10-02,石油石化,CI005001.WI,8.5487,1.0077,461.4695
2022-10-16,石油石化,CI005001.WI,8.6239,1.0261,495.1425
2022-10-23,石油石化,CI005001.WI,8.4797,1.0133,435.8134
2022-10-30,石油石化,CI005001.WI,8.011,0.9591,499.8368
2022-11-06,石油石化,CI005001.WI,8.1158,0.9714,507.2869
2022-11-13,石油石化,CI005001.WI,8.2983,0.9933,464.6721
2022-11-20,石油石化,CI005001.WI,8.1458,0.975,418.5271
2022-11-27,石油石化,CI005001.WI,8.4152,1.0073,418.7881
2022-12-04,石油石化,CI005001.WI,8.5674,1.0255,503.0565
2022-12-11,石油石化,CI005001.WI,8.4647,1.0131,520.5273
2022-12-18,石油石化,CI005001.WI,8.3236,0.9962,386.4341
2022-12-25,石油石化,CI005001.WI,7.9726,0.9543,320.8117
2023-01-01,石油石化,CI005001.WI,8.0429,0.9617,297.4824
2023-01-15,石油石化,CI005001.WI,8.2562,0.9857,406.2675
2023-01-22,石油石化,CI005001.WI,8.5013,1.0149,349.916
2023-02-05,石油石化,CI005001.WI,8.482,1.0126,470.2437
2023-02-12,石油石化,CI005001.WI,8.4649,1.0106,322.6639
2023-02-19,石油石化,CI005001.WI,8.4983,1.0146,419.5521
2023-02-26,石油石化,CI005001.WI,8.6188,1.029,376.7328
2023-03-05,石油石化,CI005001.WI,9.0417,1.0794,393.0909
2023-03-12,石油石化,CI005001.WI,8.9772,1.0717,544.3082
2023-03-19,石油石化,CI005001.WI,9.2487,1.1048,559.3539
2023-03-26,石油石化,CI005001.WI,8.9453,1.0723,509.2486
2023-04-02,石油石化,CI005001.WI,8.668,1.0777,716.7321
2023-04-09,石油石化,CI005001.WI,8.8709,1.1041,513.3188
2023-04-16,石油石化,CI005001.WI,9.4791,1.1817,636.3313
2023-04-23,石油石化,CI005001.WI,9.9996,1.2061,655.0807
2023-04-30,石油石化,CI005001.WI,10.9846,1.2249,560.7805
2023-05-07,石油石化,CI005001.WI,10.8346,1.2082,225.6012
2023-05-14,石油石化,CI005001.WI,10.4853,1.1692,569.6873
2023-05-21,石油石化,CI005001.WI,10.5158,1.1726,357.1095
2023-05-28,石油石化,CI005001.WI,10.0639,1.123,341.7159
2023-06-04,石油石化,CI005001.WI,10.4543,1.1665,386.6958
2023-06-11,石油石化,CI005001.WI,10.6487,1.1885,316.3998
2023-06-18,石油石化,CI005001.WI,10.4389,1.1654,352.6967
2023-06-25,石油石化,CI005001.WI,10.1577,1.142,197.0214
2023-07-02,石油石化,CI005001.WI,10.2716,1.1708,309.8991
2023-07-09,石油石化,CI005001.WI,10.6111,1.2099,279.3986
2023-07-16,石油石化,CI005001.WI,10.9547,1.2619,303.4866
2023-07-23,石油石化,CI005001.WI,10.6692,1.2289,261.0289
2023-07-30,石油石化,CI005001.WI,10.698,1.2322,294.5808
2023-08-06,石油石化,CI005001.WI,10.4478,1.2034,407.5586
2023-08-13,石油石化,CI005001.WI,10.5228,1.2116,333.3817
2023-08-20,石油石化,CI005001.WI,10.5881,1.1886,286.2064
2023-08-27,石油石化,CI005001.WI,10.7569,1.1909,287.8229
2023-09-03,石油石化,CI005001.WI,11.159,1.1824,347.2607
2023-09-10,石油石化,CI005001.WI,11.4363,1.2117,404.2269
2023-09-17,石油石化,CI005001.WI,11.6626,1.2422,391.989
2023-09-24,石油石化,CI005001.WI,11.6399,1.2544,380.0494
2023-10-01,石油石化,CI005001.WI,11.573,1.2472,290.6389
2023-10-15,石油石化,CI005001.WI,11.2027,1.2073,428.8434
2023-10-22,石油石化,CI005001.WI,11.0219,1.1973,474.2635
2023-10-29,石油石化,CI005001.WI,10.5652,1.155,392.6669
2023-11-05,石油石化,CI005001.WI,10.1884,1.1261,355.0802
2023-11-12,石油石化,CI005001.WI,9.9375,1.0984,366.9852
2023-11-19,石油石化,CI005001.WI,9.9327,1.0979,308.8055
2023-11-26,石油石化,CI005001.WI,10.0175,1.1072,315.9648
2023-12-03,石油石化,CI005001.WI,10.0852,1.1143,311.4081
2023-12-10,石油石化,CI005001.WI,9.8989,1.0938,412.0823
2023-12-17,石油石化,CI005001.WI,9.6539,1.0666,357.2527
2023-12-24,石油石化,CI005001.WI,9.7786,1.0804,280.73
2023-12-31,石油石化,CI005001.WI,10.1686,1.1238,322.0834
2024-01-07,石油石化,CI005001.WI,10.4243,1.152,330.4208
2024-01-14,石油石化,CI005001.WI,10.0862,1.1144,368.5086
2024-01-21,石油石化,CI005001.WI,9.9566,1.0997,365.0312
2024-01-28,石油石化,CI005001.WI,11.1614,1.2328,479.5866
2024-02-04,石油石化,CI005001.WI,10.7251,1.1846,541.288
2024-02-11,石油石化,CI005001.WI,11.0562,1.2212,489.1226
2024-02-25,石油石化,CI005001.WI,11.8984,1.3142,535.818
2024-03-03,石油石化,CI005001.WI,11.7249,1.295,476.5088
2024-03-10,石油石化,CI005001.WI,12.7516,1.4085,525.1981
2024-03-17,石油石化,CI005001.WI,12.1793,1.3453,533.2738
2024-03-24,石油石化,CI005001.WI,12.4542,1.326,468.9514
2024-03-31,石油石化,CI005001.WI,13.2901,1.3978,496.3078
2024-04-07,石油石化,CI005001.WI,13.6588,1.4371,400.2324
2024-04-14,石油石化,CI005001.WI,13.3478,1.4244,565.6517
2024-04-21,石油石化,CI005001.WI,13.9591,1.49,760.8943
2024-04-28,石油石化,CI005001.WI,13.1175,1.438,628.9922
2024-05-05,石油石化,CI005001.WI,12.7697,1.3844,275.5101
2024-05-12,石油石化,CI005001.WI,12.6483,1.3713,612.6311
2024-05-19,石油石化,CI005001.WI,12.4272,1.3473,485.9232
2024-05-26,石油石化,CI005001.WI,12.4289,1.3475,501.8123
2024-06-02,石油石化,CI005001.WI,12.6339,1.3714,447.62
2024-06-09,石油石化,CI005001.WI,12.5205,1.3599,451.4261
2024-06-16,石油石化,CI005001.WI,12.4399,1.3517,349.8687
2024-06-23,石油石化,CI005001.WI,12.6439,1.3746,390.3581
2024-06-30,石油石化,CI005001.WI,12.9911,1.4313,402.0222
2024-07-07,石油石化,CI005001.WI,13.257,1.4606,391.9686
2024-07-14,石油石化,CI005001.WI,13.0312,1.4477,379.2481
2024-07-21,石油石化,CI005001.WI,12.6669,1.4172,378.8667
2024-07-28,石油石化,CI005001.WI,11.8604,1.3273,391.3604
2024-08-04,石油石化,CI005001.WI,11.705,1.3071,365.6558
2024-08-11,石油石化,CI005001.WI,11.6187,1.2975,325.0377
2024-08-18,石油石化,CI005001.WI,11.8607,1.324,269.4521
2024-08-25,石油石化,CI005001.WI,11.6704,1.3034,242.7358
2024-09-01,石油石化,CI005001.WI,11.5714,1.3085,350.2993
2024-09-08,石油石化,CI005001.WI,10.6814,1.2078,322.1099
2024-09-15,石油石化,CI005001.WI,10.3771,1.1793,285.7072
2024-09-22,石油石化,CI005001.WI,10.5258,1.2102,161.9244
2024-09-29,石油石化,CI005001.WI,11.1745,1.2848,452.8234
2024-10-06,石油石化,CI005001.WI,11.9967,1.3793,262.5479
2024-10-13,石油石化,CI005001.WI,11.6761,1.3425,839.5963
2024-10-20,石油石化,CI005001.WI,11.3678,1.315,504.8008
2024-10-27,石油石化,CI005001.WI,11.3245,1.3019,507.3061
2024-11-03,石油石化,CI005001.WI,11.5171,1.241,639.2806
2024-11-10,石油石化,CI005001.WI,11.5826,1.248,695.1993
2024-11-17,石油石化,CI005001.WI,11.3159,1.2193,655.1608
2024-11-24,石油石化,CI005001.WI,11.283,1.2157,617.385
2024-12-01,石油石化,CI005001.WI,11.3405,1.2222,522.0411
2024-12-08,石油石化,CI005001.WI,11.6329,1.2537,564.1064
2024-12-15,石油石化,CI005001.WI,11.5877,1.2489,579.255
2024-12-22,石油石化,CI005001.WI,11.6057,1.2508,495.8445
2024-12-29,石油石化,CI005001.WI,12.1742,1.3121,511.2186
2025-01-05,石油石化,CI005001.WI,12.0647,1.3004,425.982
2025-01-12,石油石化,CI005001.WI,11.7766,1.2693,423.0807
2025-01-19,石油石化,CI005001.WI,12.0076,1.2925,466.3315
2025-01-26,石油石化,CI005001.WI,11.3624,1.2231,434.7408
2025-02-02,石油石化,CI005001.WI,11.4859,1.2364,86.4948
2025-02-09,石油石化,CI005001.WI,11.4129,1.2286,239.3154
2025-02-16,石油石化,CI005001.WI,11.3254,1.2191,430.4791
2025-02-23,石油石化,CI005001.WI,11.1344,1.1986,485.2149
2025-03-02,石油石化,CI005001.WI,10.9864,1.1827,526.3262
2025-03-09,石油石化,CI005001.WI,10.7569,1.158,467.0134
2025-03-16,石油石化,CI005001.WI,10.9622,1.1801,443.7911
2025-03-23,石油石化,CI005001.WI,11.0782,1.1956,525.733
2025-03-30,石油石化,CI005001.WI,11.2319,1.1708,535.5568
2025-04-06,石油石化,CI005001.WI,11.1536,1.1625,344.2569
2025-04-13,石油石化,CI005001.WI,10.4974,1.0951,613.9687
2025-04-20,石油石化,CI005001.WI,10.899,1.1351,362.8898
2025-04-27,石油石化,CI005001.WI,10.9418,1.1357,369.0126
2025-05-04,石油石化,CI005001.WI,11.0959,1.1006,235.5455
2025-05-11,石油石化,CI005001.WI,11.1815,1.1095,314.0048
2025-05-18,石油石化,CI005001.WI,11.2247,1.1138,407.0024
2025-05-25,石油石化,CI005001.WI,11.2977,1.1211,343.7425
2025-06-01,石油石化,CI005001.WI,11.3918,1.1307,325.1719
2025-06-08,石油石化,CI005001.WI,11.555,1.1469,236.1194
2025-06-15,石油石化,CI005001.WI,12.0835,1.1997,538.3663
2025-06-22,石油石化,CI005001.WI,11.9551,1.1935,987.1163
2025-06-29,石油石化,CI005001.WI,11.5722,1.1702,787.0768
2025-07-06,石油石化,CI005001.WI,11.617,1.1733,449.6187
2025-07-13,石油石化,CI005001.WI,11.6212,1.1854,519.8976
2025-07-20,石油石化,CI005001.WI,11.7899,1.204,459.9859
2025-07-27,石油石化,CI005001.WI,11.8356,1.2096,672.3512
2025-08-03,石油石化,CI005001.WI,11.5971,1.1851,595.7625
2025-08-10,石油石化,CI005001.WI,11.7986,1.2057,452.1457
2025-08-17,石油石化,CI005001.WI,11.6919,1.193,576.9244
2025-08-24,石油石化,CI005001.WI,12.2039,1.2063,739.6991
2025-08-31,石油石化,CI005001.WI,12.6662,1.1905,770.8081
2025-09-07,石油石化,CI005001.WI,12.7106,1.1943,691.0179
2025-09-14,石油石化,CI005001.WI,12.6388,1.191,569.9138
2025-09-21,石油石化,CI005001.WI,12.2711,1.1692,559.0317
2025-09-28,石油石化,CI005001.WI,12.2897,1.1711,488.0038
2025-10-05,石油石化,CI005001.WI,12.1637,1.1592,205.1946
2025-10-12,石油石化,CI005001.WI,12.4804,1.1893,269.4675
2025-10-19,石油石化,CI005001.WI,12.2746,1.18,570.6842
2025-10-26,石油石化,CI005001.WI,12.9999,1.2491,793.9111
2025-11-02,石油石化,CI005001.WI,13.1087,1.2203,639.0084
2025-11-09,石油石化,CI005001.WI,13.7499,1.28,726.8445
2025-11-16,石油石化,CI005001.WI,13.992,1.3025,806.0581
2025-11-23,石油石化,CI005001.WI,13.9975,1.303,780.3622
2025-11-30,石油石化,CI005001.WI,13.6495,1.2708,545.0006
2025-12-07,石油石化,CI005001.WI,13.9899,1.3025,528.0408
2025-12-14,石油石化,CI005001.WI,13.5525,1.2618,464.5742
2025-12-21,石油石化,CI005001.WI,13.6471,1.2706,463.1392
2025-12-28,石油石化,CI005001.WI,13.9517,1.2989,567.0873
2026-01-04,石油石化,CI005001.WI,14.7116,1.3697,510.9208
2026-01-11,石油石化,CI005001.WI,14.3054,1.3319,1041.9394
2026-01-18,石油石化,CI005001.WI,14.2455,1.3263,1097.126
2026-01-25,石油石化,CI005001.WI,14.9727,1.394,1141.775
2026-02-01,石油石化,CI005001.WI,16.4568,1.5321,1925.8032
2026-02-08,石油石化,CI005001.WI,16.0397,1.4933,1249.3595
2026-02-15,石油石化,CI005001.WI,15.8808,1.4784,1031.8618
2026-03-01,石油石化,CI005001.WI,16.4829,1.5343,1099.3156
2026-03-08,石油石化,CI005001.WI,18.1727,1.6907,3710.9545
2026-03-15,石油石化,CI005001.WI,17.8133,1.6572,2725.4313
2026-03-22,石油石化,CI005001.WI,17.5794,1.6309,1753.5721
2026-03-29,石油石化,CI005001.WI,17.6665,1.5909,1459.9065
2026-04-05,石油石化,CI005001.WI,17.5466,1.5632,1202.6685
2026-04-12,石油石化,CI005001.WI,17.3527,1.5441,1088.8639
2026-04-19,石油石化,CI005001.WI,16.721,1.495,1109.2261
2026-04-26,石油石化,CI005001.WI,17.0508,1.5211,1009.1089
2026-05-03,石油石化,CI005001.WI,16.9736,1.537,967.0032
2026-05-10,石油石化,CI005001.WI,15.7042,1.422,739.498
2026-05-17,石油石化,CI005001.WI,15.844,1.4347,976.2251
2026-05-24,石油石化,CI005001.WI,15.3,1.3855,948.501
2026-05-31,石油石化,CI005001.WI,14.8487,1.3446,916.6701
2026-06-07,石油石化,CI005001.WI,14.9332,1.3533,1047.0302
2026-06-14,石油石化,CI005001.WI,14.563,1.3204,1177.3485
2026-06-21,石油石化,CI005001.WI,13.6506,1.2421,992.6374
2026-06-28,石油石化,CI005001.WI,12.8031,1.1797,1231.2436
2026-07-05,石油石化,CI005001.WI,12.9993,1.1978,1322.1359
2026-07-12,石油石化,CI005001.WI,13.083,1.2128,1218.7534
2026-07-19,石油石化,CI005001.WI,13.7156,1.2717,1160.6656
2026-07-26,石油石化,CI005001.WI,14.6089,1.3548,1244.6095
2026-08-02,石油石化,CI005001.WI,14.7792,1.3706,930.3582
2026-08-09,石油石化,CI005001.WI,14.6011,1.3538,921.1089
2016-01-10,纺织服装,CI005017.WI,40.8631,3.9985,698.1921
2016-01-17,纺织服装,CI005017.WI,36.6008,3.58,642.864
2016-01-24,纺织服装,CI005017.WI,35.2425,3.5978,582.3745
2016-01-31,纺织服装,CI005017.WI,32.3022,3.3021,465.4492
2016-02-07,纺织服装,CI005017.WI,32.702,3.4444,358.3318
2016-02-21,纺织服装,CI005017.WI,34.3991,3.5798,425.8074
2016-02-28,纺织服装,CI005017.WI,32.4811,3.2846,552.8483
2016-03-06,纺织服装,CI005017.WI,32.9695,3.2335,473.5164
2016-03-13,纺织服装,CI005017.WI,32.8578,3.1942,303.68
2016-03-20,纺织服装,CI005017.WI,35.9182,3.484,452.2747
2016-03-27,纺织服装,CI005017.WI,37.0947,3.5681,598.6888
2016-04-03,纺织服装,CI005017.WI,37.6081,3.5922,527.395
2016-04-10,纺织服装,CI005017.WI,38.2172,3.6472,489.0256
2016-04-17,纺织服装,CI005017.WI,39.5749,3.6712,581.5276
2016-04-24,纺织服装,CI005017.WI,38.0039,3.4492,422.4602
2016-05-01,纺织服装,CI005017.WI,36.0283,3.383,331.1021
2016-05-08,纺织服装,CI005017.WI,36.1111,3.3963,406.299
2016-05-15,纺织服装,CI005017.WI,34.3563,3.2407,432.2696
2016-05-22,纺织服装,CI005017.WI,34.1328,3.2257,391.45
2016-05-29,纺织服装,CI005017.WI,34.6275,3.2767,393.7849
2016-06-05,纺织服装,CI005017.WI,36.1164,3.4567,481.4914
2016-06-12,纺织服装,CI005017.WI,35.9654,3.4573,288.8712
2016-06-19,纺织服装,CI005017.WI,35.3539,3.402,461.9511
2016-06-26,纺织服装,CI005017.WI,34.6639,3.3506,441.9561
2016-07-03,纺织服装,CI005017.WI,33.0598,3.3512,424.2417
2016-07-10,纺织服装,CI005017.WI,33.875,3.4233,419.0682
2016-07-17,纺织服装,CI005017.WI,34.9547,3.5347,460.2525
2016-07-24,纺织服装,CI005017.WI,34.7485,3.511,473.9922
2016-07-31,纺织服装,CI005017.WI,33.4024,3.3748,432.2505
2016-08-07,纺织服装,CI005017.WI,33.4748,3.3599,283.5091
2016-08-14,纺织服装,CI005017.WI,33.6775,3.3864,317.3028
2016-08-21,纺织服装,CI005017.WI,34.3858,3.4378,435.1191
2016-08-28,纺织服装,CI005017.WI,35.0134,3.3753,389.2157
2016-09-04,纺织服装,CI005017.WI,37.1576,3.3371,294.567
2016-09-11,纺织服装,CI005017.WI,37.6096,3.3777,351.7983
2016-09-18,纺织服装,CI005017.WI,36.6876,3.2949,198.4545
2016-09-25,纺织服装,CI005017.WI,37.3424,3.3176,297.1132
2016-10-02,纺织服装,CI005017.WI,37.3341,3.3154,257.5691
2016-10-16,纺织服装,CI005017.WI,38.1295,3.3977,334.2798
2016-10-23,纺织服装,CI005017.WI,38.2249,3.3715,425.5035
2016-10-30,纺织服装,CI005017.WI,37.7207,3.2946,359.9208
2016-11-06,纺织服装,CI005017.WI,38.2928,3.3415,418.5409
2016-11-13,纺织服装,CI005017.WI,39.213,3.4118,579.8021
2016-11-20,纺织服装,CI005017.WI,39.7989,3.4203,594.9831
2016-11-27,纺织服装,CI005017.WI,40.3036,3.4469,608.1427
2016-12-04,纺织服装,CI005017.WI,39.3189,3.3627,400.8513
2016-12-11,纺织服装,CI005017.WI,39.8724,3.4036,344.0645
2016-12-18,纺织服装,CI005017.WI,39.1296,3.3401,419.2723
2016-12-25,纺织服装,CI005017.WI,38.7676,3.3092,384.2947
2017-01-01,纺织服装,CI005017.WI,38.7893,3.311,310.0386
2017-01-08,纺织服装,CI005017.WI,38.8514,3.3098,264.7223
2017-01-15,纺织服装,CI005017.WI,37.5179,3.1962,249.4956
2017-01-22,纺织服装,CI005017.WI,36.7858,3.1296,221.3806
2017-01-29,纺织服装,CI005017.WI,37.2847,3.228,139.1653
2017-02-05,纺织服装,CI005017.WI,37.1491,3.2163,25.8239
2017-02-12,纺织服装,CI005017.WI,38.2761,3.3637,289.4455
2017-02-19,纺织服装,CI005017.WI,38.293,3.3647,360.305
2017-02-26,纺织服装,CI005017.WI,37.8155,3.4118,361.6149
2017-03-05,纺织服装,CI005017.WI,37.5006,3.4166,346.4884
2017-03-12,纺织服装,CI005017.WI,37.3533,3.3995,323.8263
2017-03-19,纺织服装,CI005017.WI,37.6867,3.4235,423.6012
2017-03-26,纺织服装,CI005017.WI,37.7489,3.4125,483.0233
2017-04-02,纺织服装,CI005017.WI,36.3934,3.2991,334.8208
2017-04-09,纺织服装,CI005017.WI,37.1527,3.3593,185.934
2017-04-16,纺织服装,CI005017.WI,37.4854,3.3445,412.6478
2017-04-23,纺织服装,CI005017.WI,35.6706,3.1869,302.3597
2017-04-30,纺织服装,CI005017.WI,36.2259,3.0764,259.966
2017-05-07,纺织服装,CI005017.WI,35.885,3.048,217.0465
2017-05-14,纺织服装,CI005017.WI,34.6726,2.9391,239.5442
2017-05-21,纺织服装,CI005017.WI,35.0072,2.9684,243.7485
2017-05-28,纺织服装,CI005017.WI,33.929,2.8918,243.5266
2017-06-04,纺织服装,CI005017.WI,33.4293,2.8551,164.1405
2017-06-11,纺织服装,CI005017.WI,34.52,2.9708,294.8859
2017-06-18,纺织服装,CI005017.WI,34.6615,3.0227,318.8308
2017-06-25,纺织服装,CI005017.WI,33.9827,2.9691,300.6382
2017-07-02,纺织服装,CI005017.WI,34.2913,2.9991,244.1259
2017-07-09,纺织服装,CI005017.WI,34.6649,3.035,277.8277
2017-07-16,纺织服装,CI005017.WI,33.7755,2.9609,262.5649
2017-07-23,纺织服装,CI005017.WI,32.8405,2.8864,255.5517
2017-07-30,纺织服装,CI005017.WI,32.8853,2.9064,243.2179
2017-08-06,纺织服装,CI005017.WI,31.8518,2.7918,242.6637
2017-08-13,纺织服装,CI005017.WI,31.2522,2.7381,201.0325
2017-08-20,纺织服装,CI005017.WI,32.1894,2.8133,210.3485
2017-08-27,纺织服装,CI005017.WI,31.2859,2.7907,229.0471
2017-09-03,纺织服装,CI005017.WI,31.465,2.8127,293.138
2017-09-10,纺织服装,CI005017.WI,31.8248,2.8182,272.001
2017-09-17,纺织服装,CI005017.WI,32.0605,2.8376,267.3348
2017-09-24,纺织服装,CI005017.WI,31.8367,2.8178,239.7564
2017-10-01,纺织服装,CI005017.WI,31.4644,2.7846,185.574
2017-10-15,纺织服装,CI005017.WI,32.1058,2.8428,201.9424
2017-10-22,纺织服装,CI005017.WI,31.6364,2.8527,223.2957
2017-10-29,纺织服装,CI005017.WI,31.2558,2.842,258.872
2017-11-05,纺织服装,CI005017.WI,29.4318,2.7139,288.3134
2017-11-12,纺织服装,CI005017.WI,29.7362,2.7419,242.031
2017-11-19,纺织服装,CI005017.WI,28.2601,2.5968,240.9438
2017-11-26,纺织服装,CI005017.WI,27.4948,2.5263,190.8685
2017-12-03,纺织服装,CI005017.WI,27.7513,2.5435,149.6456
2017-12-10,纺织服装,CI005017.WI,27.5308,2.5288,186.2272
2017-12-17,纺织服装,CI005017.WI,27.6619,2.4938,141.1595
2017-12-24,纺织服装,CI005017.WI,27.4139,2.469,142.6761
2017-12-31,纺织服装,CI005017.WI,27.8246,2.5008,163.8122
2018-01-07,纺织服装,CI005017.WI,28.0664,2.5243,140.8223
2018-01-14,纺织服装,CI005017.WI,28.0259,2.515,164.2358
2018-01-21,纺织服装,CI005017.WI,28.034,2.5157,189.2248
2018-01-28,纺织服装,CI005017.WI,27.9556,2.5621,188.5835
2018-02-04,纺织服装,CI005017.WI,30.6106,2.4536,283.8564
2018-02-11,纺织服装,CI005017.WI,28.7878,2.3051,223.5013
2018-02-18,纺织服装,CI005017.WI,29.3485,2.3531,86.4541
2018-02-25,纺织服装,CI005017.WI,29.9911,2.4015,57.2473
2018-03-04,纺织服装,CI005017.WI,31.5039,2.4757,194.4284
2018-03-11,纺织服装,CI005017.WI,31.3721,2.659,191.9673
2018-03-18,纺织服装,CI005017.WI,31.3354,2.6622,213.0096
2018-03-25,纺织服装,CI005017.WI,29.6583,2.5239,220.105
2018-04-01,纺织服装,CI005017.WI,31.0806,2.6237,199.2357
2018-04-08,纺织服装,CI005017.WI,30.7744,2.5985,123.0223
2018-04-15,纺织服装,CI005017.WI,29.1818,2.5973,196.8232
2018-04-22,纺织服装,CI005017.WI,28.0525,2.4955,157.7552
2018-04-29,纺织服装,CI005017.WI,28.0775,2.4425,144.8827
2018-05-06,纺织服装,CI005017.WI,28.5379,2.4825,105.3517
2018-05-13,纺织服装,CI005017.WI,29.2521,2.551,189.6527
2018-05-20,纺织服装,CI005017.WI,29.7871,2.6088,216.3968
2018-05-27,纺织服装,CI005017.WI,29.2305,2.5765,214.4591
2018-06-03,纺织服装,CI005017.WI,29.7673,2.6348,298.2715
2018-06-10,纺织服装,CI005017.WI,28.9342,2.6166,231.9997
2018-06-17,纺织服装,CI005017.WI,27.3616,2.4787,174.1716
2018-06-24,纺织服装,CI005017.WI,25.7888,2.3388,121.6332
2018-07-01,纺织服装,CI005017.WI,26.4952,2.4091,186.1475
2018-07-08,纺织服装,CI005017.WI,24.6479,2.2491,209.2501
2018-07-15,纺织服装,CI005017.WI,25.5667,2.3353,159.9443
2018-07-22,纺织服装,CI005017.WI,25.6212,2.3706,175.3783
2018-07-29,纺织服装,CI005017.WI,25.6571,2.3733,191.9129
2018-08-05,纺织服装,CI005017.WI,24.0485,2.2293,191.1883
2018-08-12,纺织服装,CI005017.WI,23.6851,2.1976,180.7104
2018-08-19,纺织服装,CI005017.WI,22.6334,2.1092,158.2597
2018-08-26,纺织服装,CI005017.WI,22.4516,2.0694,119.0491
2018-09-02,纺织服装,CI005017.WI,22.4313,2.0426,134.9392
2018-09-09,纺织服装,CI005017.WI,22.079,2.0105,125.3243
2018-09-16,纺织服装,CI005017.WI,21.4917,1.957,110.9961
2018-09-23,纺织服装,CI005017.WI,21.8435,1.9898,129.0936
2018-09-30,纺织服装,CI005017.WI,21.8246,1.9881,106.0269
2018-10-14,纺织服装,CI005017.WI,19.7976,1.8034,134.4975
2018-10-21,纺织服装,CI005017.WI,18.9298,1.725,115.0065
2018-10-28,纺织服装,CI005017.WI,19.3306,1.7661,172.1056
2018-11-04,纺织服装,CI005017.WI,19.9895,1.781,187.0342
2018-11-11,纺织服装,CI005017.WI,20.1193,1.7936,229.5371
2018-11-18,纺织服装,CI005017.WI,21.5111,1.9177,349.2843
2018-11-25,纺织服装,CI005017.WI,20.2834,1.8082,261.1903
2018-12-02,纺织服装,CI005017.WI,20.2228,1.8023,172.5387
2018-12-09,纺织服装,CI005017.WI,20.6107,1.8423,196.7903
2018-12-16,纺织服装,CI005017.WI,20.1525,1.8013,156.9385
2018-12-23,纺织服装,CI005017.WI,19.7208,1.7628,147.3516
2018-12-30,纺织服装,CI005017.WI,19.5626,1.7354,171.7755
2019-01-06,纺织服装,CI005017.WI,19.5146,1.7311,98.5499
2019-01-13,纺织服装,CI005017.WI,19.8135,1.7568,190.8404
2019-01-20,纺织服装,CI005017.WI,19.9791,1.7558,174.0322
2019-01-27,纺织服装,CI005017.WI,19.8992,1.7486,152.7619
2019-02-03,纺织服装,CI005017.WI,19.5263,1.7144,142.9029
2019-02-17,纺织服装,CI005017.WI,20.2866,1.7812,169.5539
2019-02-24,纺织服装,CI005017.WI,21.3962,1.8538,266.2079
2019-03-03,纺织服装,CI005017.WI,22.1094,1.9487,395.2676
2019-03-10,纺织服装,CI005017.WI,22.4335,1.9773,487.8564
2019-03-17,纺织服装,CI005017.WI,23.1832,2.0441,434.7587
2019-03-24,纺织服装,CI005017.WI,25.075,2.1422,424.7835
2019-03-31,纺织服装,CI005017.WI,25.089,2.154,537.3363
2019-04-07,纺织服装,CI005017.WI,26.086,2.2444,438.0546
2019-04-14,纺织服装,CI005017.WI,29.8704,2.2081,418.3644
2019-04-21,纺织服装,CI005017.WI,29.8717,2.202,337.1537
2019-04-28,纺织服装,CI005017.WI,28.808,2.0406,269.6014
2019-05-05,纺织服装,CI005017.WI,35.5686,2.0279,101.3948
2019-05-12,纺织服装,CI005017.WI,34.5398,1.9714,270.8929
2019-05-19,纺织服装,CI005017.WI,34.0602,1.9637,284.4503
2019-05-26,纺织服装,CI005017.WI,32.9594,1.9039,194.0465
2019-06-02,纺织服装,CI005017.WI,33.3469,1.95,181.4459
2019-06-09,纺织服装,CI005017.WI,31.7495,1.8618,141.703
2019-06-16,纺织服装,CI005017.WI,32.1529,1.8888,159.6709
2019-06-23,纺织服装,CI005017.WI,33.2256,1.9684,171.0282
2019-06-30,纺织服装,CI005017.WI,32.9839,1.9577,154.3893
2019-07-07,纺织服装,CI005017.WI,33.4647,1.9883,159.472
2019-07-14,纺织服装,CI005017.WI,32.3663,1.9272,121.3803
2019-07-21,纺织服装,CI005017.WI,31.9212,1.9009,107.37
2019-07-28,纺织服装,CI005017.WI,31.8039,1.9165,110.7663
2019-08-04,纺织服装,CI005017.WI,31.0738,1.8654,100.0074
2019-08-11,纺织服装,CI005017.WI,30.2435,1.8122,120.1252
2019-08-18,纺织服装,CI005017.WI,30.4441,1.8235,104.0206
2019-08-25,纺织服装,CI005017.WI,31.6568,1.8648,137.2028
2019-09-01,纺织服装,CI005017.WI,36.2215,1.8635,156.7876
2019-09-08,纺织服装,CI005017.WI,37.1494,1.9112,189.6966
2019-09-15,纺织服装,CI005017.WI,37.4747,1.928,156.054
2019-09-22,纺织服装,CI005017.WI,37.504,1.9303,200.3269
2019-09-29,纺织服装,CI005017.WI,36.3916,1.8738,169.8982
2019-10-06,纺织服装,CI005017.WI,36.3015,1.8692,26.8096
2019-10-13,纺织服装,CI005017.WI,36.8129,1.8955,119.7318
2019-10-20,纺织服装,CI005017.WI,36.0619,1.8735,158.8542
2019-10-27,纺织服装,CI005017.WI,36.8003,1.8704,175.7552
2019-11-03,纺织服装,CI005017.WI,38.7652,1.8018,229.8345
2019-11-10,纺织服装,CI005017.WI,38.5894,1.794,185.4543
2019-11-17,纺织服装,CI005017.WI,37.4109,1.7392,181.2032
2019-11-24,纺织服装,CI005017.WI,37.0055,1.7206,156.7275
2019-12-01,纺织服装,CI005017.WI,31.7636,1.6361,131.368
2019-12-08,纺织服装,CI005017.WI,39.7661,1.7349,134.0955
2019-12-15,纺织服装,CI005017.WI,39.9268,1.7419,158.8726
2019-12-22,纺织服装,CI005017.WI,41.0513,1.791,229.8634
2019-12-29,纺织服装,CI005017.WI,42.3604,1.8481,262.2925
2020-01-05,纺织服装,CI005017.WI,44.2988,1.9326,167.0864
2020-01-12,纺织服装,CI005017.WI,44.2812,1.9283,383.8005
2020-01-19,纺织服装,CI005017.WI,45.0759,1.9629,358.5215
2020-01-26,纺织服装,CI005017.WI,42.913,1.8687,338.4403
2020-02-09,纺织服装,CI005017.WI,31.1773,1.7813,531.2944
2020-02-16,纺织服装,CI005017.WI,30.3639,1.7349,437.8849
2020-02-23,纺织服装,CI005017.WI,31.028,1.7986,394.7071
2020-03-01,纺织服装,CI005017.WI,30.3248,1.7774,572.2736
2020-03-08,纺织服装,CI005017.WI,33.5686,1.9675,741.4561
2020-03-15,纺织服装,CI005017.WI,30.4297,1.7804,849.2148
2020-03-22,纺织服装,CI005017.WI,29.2392,1.711,490.1043
2020-03-29,纺织服装,CI005017.WI,30.0262,1.7546,374.8005
2020-04-05,纺织服装,CI005017.WI,32.0491,1.7509,367.856
2020-04-12,纺织服装,CI005017.WI,32.2163,1.7341,390.1321
2020-04-19,纺织服装,CI005017.WI,33.1949,1.7265,422.2392
2020-04-26,纺织服装,CI005017.WI,34.2529,1.6794,390.8824
2020-05-03,纺织服装,CI005017.WI,41.1559,1.6614,217.1886
2020-05-10,纺织服装,CI005017.WI,39.8306,1.61,158.5871
2020-05-17,纺织服装,CI005017.WI,39.7363,1.6069,298.8659
2020-05-24,纺织服装,CI005017.WI,38.4997,1.5775,297.2047
2020-05-31,纺织服装,CI005017.WI,39.335,1.6136,271.1921
2020-06-07,纺织服装,CI005017.WI,39.8059,1.6158,332.6642
2020-06-14,纺织服装,CI005017.WI,39.7088,1.6199,263.4751
2020-06-21,纺织服装,CI005017.WI,40.0149,1.6373,330.2271
2020-06-28,纺织服装,CI005017.WI,39.2207,1.6105,155.6228
2020-07-05,纺织服装,CI005017.WI,40.7326,1.6682,234.4775
2020-07-12,纺织服装,CI005017.WI,43.3698,1.7868,534.6194
2020-07-19,纺织服装,CI005017.WI,41.3167,1.7148,463.5198
2020-07-26,纺织服装,CI005017.WI,41.7714,1.7143,345.8642
2020-08-02,纺织服装,CI005017.WI,43.1512,1.7541,268.3756
2020-08-09,纺织服装,CI005017.WI,43.3628,1.759,338.147
2020-08-16,纺织服装,CI005017.WI,42.0952,1.7858,266.1138
2020-08-23,纺织服装,CI005017.WI,43.1192,1.7955,265.5826
2020-08-30,纺织服装,CI005017.WI,48.7499,1.7964,245.4778
2020-09-06,纺织服装,CI005017.WI,43.4011,1.7941,282.8385
2020-09-13,纺织服装,CI005017.WI,42.3276,1.7497,314.9337
2020-09-20,纺织服装,CI005017.WI,42.9241,1.774,209.1108
2020-09-27,纺织服装,CI005017.WI,42.6778,1.7121,212.354
2020-10-04,纺织服装,CI005017.WI,41.706,1.6731,109.857
2020-10-11,纺织服装,CI005017.WI,43.1521,1.7385,43.6751
2020-10-18,纺织服装,CI005017.WI,46.1225,1.8669,394.6422
2020-10-25,纺织服装,CI005017.WI,43.9271,1.8256,411.9408
2020-11-01,纺织服装,CI005017.WI,40.618,1.7662,300.3405
2020-11-08,纺织服装,CI005017.WI,40.9171,1.7792,266.4296
2020-11-15,纺织服装,CI005017.WI,41.0364,1.7831,241.9448
2020-11-22,纺织服装,CI005017.WI,41.9778,1.811,297.8581
2020-11-29,纺织服装,CI005017.WI,41.3653,1.7799,254.3404
2020-12-06,纺织服装,CI005017.WI,41.254,1.8016,239.5958
2020-12-13,纺织服装,CI005017.WI,39.9712,1.7456,233.5739
2020-12-20,纺织服装,CI005017.WI,39.1125,1.7081,266.466
2020-12-27,纺织服装,CI005017.WI,38.0175,1.6583,281.15
2021-01-03,纺织服装,CI005017.WI,38.6326,1.6849,219.3492
2021-01-10,纺织服装,CI005017.WI,33.6202,1.8449,325.9659
2021-01-17,纺织服装,CI005017.WI,33.4875,1.8377,261.5916
2021-01-24,纺织服装,CI005017.WI,34.2561,1.8798,257.6466
2021-01-31,纺织服装,CI005017.WI,32.6849,1.7936,204.324
2021-02-07,纺织服装,CI005017.WI,32.6714,1.8033,216.0636
2021-02-14,纺织服装,CI005017.WI,33.3791,1.8423,121.5757
2021-02-21,纺织服装,CI005017.WI,34.4446,1.9012,119.3069
2021-02-28,纺织服装,CI005017.WI,33.7536,1.8505,287.4272
2021-03-07,纺织服装,CI005017.WI,33.9647,1.8767,258.5456
2021-03-14,纺织服装,CI005017.WI,33.0143,1.8283,239.5795
2021-03-21,纺织服装,CI005017.WI,33.9428,1.8781,257.1904
2021-03-28,纺织服装,CI005017.WI,30.7661,1.9477,382.5852
2021-04-04,纺织服装,CI005017.WI,31.3773,1.953,461.8185
2021-04-11,纺织服装,CI005017.WI,31.9773,1.9625,352.1945
2021-04-18,纺织服装,CI005017.WI,29.7838,1.9721,389.9772
2021-04-25,纺织服装,CI005017.WI,29.2273,1.96,339.207
2021-05-02,纺织服装,CI005017.WI,27.4167,1.9651,464.2678
2021-05-09,纺织服装,CI005017.WI,27.4499,1.9783,183.151
2021-05-16,纺织服装,CI005017.WI,27.7116,1.9987,471.6799
2021-05-23,纺织服装,CI005017.WI,27.2669,1.9784,418.5929
2021-05-30,纺织服装,CI005017.WI,28.0919,2.0459,474.8235
2021-06-06,纺织服装,CI005017.WI,28.3711,2.0666,560.8575
2021-06-13,纺织服装,CI005017.WI,27.9625,2.0552,480.4402
2021-06-20,纺织服装,CI005017.WI,27.3547,2.0387,315.5146
2021-06-27,纺织服装,CI005017.WI,27.7333,2.0684,451.7347
2021-07-04,纺织服装,CI005017.WI,28.1484,2.1101,462.108
2021-07-11,纺织服装,CI005017.WI,27.8041,2.0789,398.976
2021-07-18,纺织服装,CI005017.WI,27.7368,2.0791,394.2282
2021-07-25,纺织服装,CI005017.WI,26.4841,1.9767,352.9302
2021-08-01,纺织服装,CI005017.WI,25.195,1.9138,340.8293
2021-08-08,纺织服装,CI005017.WI,27.5798,2.2442,321.386
2021-08-15,纺织服装,CI005017.WI,27.0842,2.235,285.5765
2021-08-22,纺织服装,CI005017.WI,26.9367,2.1965,280.8905
2021-08-29,纺织服装,CI005017.WI,25.7769,2.1769,316.5238
2021-09-05,纺织服装,CI005017.WI,27.4385,2.1779,311.4976
2021-09-12,纺织服装,CI005017.WI,28.0538,2.2262,338.8091
2021-09-19,纺织服装,CI005017.WI,27.823,2.225,327.2008
2021-09-26,纺织服装,CI005017.WI,27.3646,2.1883,173.9571
2021-10-03,纺织服装,CI005017.WI,26.5853,2.1317,224.2249
2021-10-10,纺织服装,CI005017.WI,27.4219,2.1975,61.1514
2021-10-17,纺织服装,CI005017.WI,27.3086,2.1799,356.8978
2021-10-24,纺织服装,CI005017.WI,26.7921,2.1233,317.2249
2021-10-31,纺织服装,CI005017.WI,28.2281,2.0389,304.3054
2021-11-07,纺织服装,CI005017.WI,28.7313,2.0783,355.826
2021-11-14,纺织服装,CI005017.WI,28.8967,2.0903,269.596
2021-11-21,纺织服装,CI005017.WI,29.6646,2.1456,345.1525
2021-11-28,纺织服装,CI005017.WI,29.8641,2.1659,441.6588
2021-12-05,纺织服装,CI005017.WI,29.1992,2.1189,335.0793
2021-12-12,纺织服装,CI005017.WI,29.7288,2.1573,316.8662
2021-12-19,纺织服装,CI005017.WI,29.21,2.1196,275.4386
2021-12-26,纺织服装,CI005017.WI,29.211,2.1193,364.368
2022-01-02,纺织服装,CI005017.WI,29.8611,2.1708,295.1267
2022-01-09,纺织服装,CI005017.WI,30.1881,2.2005,408.5107
2022-01-16,纺织服装,CI005017.WI,30.2188,2.1975,409.0576
2022-01-23,纺织服装,CI005017.WI,29.1807,2.122,362.2264
2022-01-30,纺织服装,CI005017.WI,28.1382,2.0461,244.1431
2022-02-13,纺织服装,CI005017.WI,28.7684,2.1117,277.471
2022-02-20,纺织服装,CI005017.WI,29.3612,2.1552,326.397
2022-02-27,纺织服装,CI005017.WI,29.1913,2.1427,318.7156
2022-03-06,纺织服装,CI005017.WI,28.6878,2.1533,305.2058
2022-03-13,纺织服装,CI005017.WI,27.3875,1.9617,365.0035
2022-03-20,纺织服装,CI005017.WI,26.7404,1.9132,338.4064
2022-03-27,纺织服装,CI005017.WI,27.0258,1.9356,283.6718
2022-04-03,纺织服装,CI005017.WI,26.4946,1.9284,288.9524
2022-04-10,纺织服装,CI005017.WI,26.0256,1.8979,148.2023
2022-04-17,纺织服装,CI005017.WI,24.8361,1.8344,226.5031
2022-04-24,纺织服装,CI005017.WI,27.2383,1.9069,369.3287
2022-05-01,纺织服装,CI005017.WI,23.2046,1.7136,505.994
2022-05-08,纺织服装,CI005017.WI,23.9159,1.772,181.8548
2022-05-15,纺织服装,CI005017.WI,24.4681,1.8245,396.6903
2022-05-22,纺织服装,CI005017.WI,25.4174,1.8737,382.9559
2022-05-29,纺织服装,CI005017.WI,24.0241,1.8369,323.7539
2022-06-05,纺织服装,CI005017.WI,23.8428,1.834,234.3365
2022-06-12,纺织服装,CI005017.WI,23.907,1.8638,277.0042
2022-06-19,纺织服装,CI005017.WI,23.9761,1.8752,307.7749
2022-06-26,纺织服装,CI005017.WI,24.1273,1.8921,255.0185
2022-07-03,纺织服装,CI005017.WI,24.7304,1.9147,316.7387
2022-07-10,纺织服装,CI005017.WI,24.9836,1.9398,415.3159
2022-07-17,纺织服装,CI005017.WI,23.8347,1.8522,279.693
2022-07-24,纺织服装,CI005017.WI,24.4,1.8965,304.1678
2022-07-31,纺织服装,CI005017.WI,23.7412,1.86,277.8283
2022-08-07,纺织服装,CI005017.WI,23.1699,1.8153,268.0401
2022-08-14,纺织服装,CI005017.WI,23.8578,1.8661,239.5827
2022-08-21,纺织服装,CI005017.WI,23.4714,1.8458,277.4733
2022-08-28,纺织服装,CI005017.WI,24.8581,1.8111,260.0485
2022-09-04,纺织服装,CI005017.WI,25.8359,1.8077,264.474
2022-09-11,纺织服装,CI005017.WI,25.7506,1.8018,266.9021
2022-09-18,纺织服装,CI005017.WI,24.8536,1.739,228.8722
2022-09-25,纺织服装,CI005017.WI,24.0298,1.6848,243.5439
2022-10-02,纺织服装,CI005017.WI,23.7091,1.6623,260.9641
2022-10-16,纺织服装,CI005017.WI,24.5236,1.7195,228.5302
2022-10-23,纺织服装,CI005017.WI,23.8357,1.6754,245.5753
2022-10-30,纺织服装,CI005017.WI,25.0,1.5541,247.953
2022-11-06,纺织服装,CI005017.WI,26.5664,1.6357,226.5186
2022-11-13,纺织服装,CI005017.WI,27.1794,1.6734,262.3223
2022-11-20,纺织服装,CI005017.WI,27.674,1.7039,246.8799
2022-11-27,纺织服装,CI005017.WI,27.212,1.6755,253.5756
2022-12-04,纺织服装,CI005017.WI,28.777,1.7718,311.5373
2022-12-11,纺织服装,CI005017.WI,29.3948,1.81,462.9614
2022-12-18,纺织服装,CI005017.WI,29.4262,1.8115,455.3879
2022-12-25,纺织服装,CI005017.WI,28.4719,1.7528,383.3084
2023-01-01,纺织服装,CI005017.WI,28.5203,1.7558,352.4617
2023-01-08,纺织服装,CI005017.WI,28.5968,1.7667,297.0707
2023-01-15,纺织服装,CI005017.WI,29.3281,1.8118,314.5802
2023-01-22,纺织服装,CI005017.WI,29.5806,1.8274,350.1645
2023-02-05,纺织服装,CI005017.WI,29.8604,1.8447,354.505
2023-02-12,纺织服装,CI005017.WI,29.9192,1.8484,271.5666
2023-02-19,纺织服装,CI005017.WI,30.0317,1.8553,313.1589
2023-02-26,纺织服装,CI005017.WI,30.6545,1.8938,336.5065
2023-03-05,纺织服装,CI005017.WI,30.9892,1.9081,492.0617
2023-03-12,纺织服装,CI005017.WI,29.6335,1.8246,293.0222
2023-03-19,纺织服装,CI005017.WI,29.3553,1.8028,233.7629
2023-03-26,纺织服装,CI005017.WI,29.8635,1.8272,252.1211
2023-04-02,纺织服装,CI005017.WI,29.5894,1.8056,221.6958
2023-04-09,纺织服装,CI005017.WI,29.723,1.7844,184.943
2023-04-16,纺织服装,CI005017.WI,28.9933,1.7479,230.7905
2023-04-23,纺织服装,CI005017.WI,29.4467,1.7127,208.2879
2023-04-30,纺织服装,CI005017.WI,36.7342,1.7482,244.3217
2023-05-07,纺织服装,CI005017.WI,37.7424,1.7959,151.4555
2023-05-14,纺织服装,CI005017.WI,38.2199,1.8217,319.5535
2023-05-21,纺织服装,CI005017.WI,37.383,1.7875,297.4061
2023-05-28,纺织服装,CI005017.WI,36.5535,1.7571,247.682
2023-06-04,纺织服装,CI005017.WI,35.8593,1.7547,246.2274
2023-06-11,纺织服装,CI005017.WI,36.0585,1.783,271.0973
2023-06-18,纺织服装,CI005017.WI,36.1907,1.8157,251.4004
2023-06-25,纺织服装,CI005017.WI,35.1321,1.7667,134.8537
2023-07-02,纺织服装,CI005017.WI,37.0183,1.8556,236.0327
2023-07-09,纺织服装,CI005017.WI,37.3018,1.8721,193.9632
2023-07-16,纺织服装,CI005017.WI,37.2752,1.8718,184.3615
2023-07-23,纺织服装,CI005017.WI,37.5574,1.8862,219.5853
2023-07-30,纺织服装,CI005017.WI,38.5617,1.9367,289.4742
2023-08-06,纺织服装,CI005017.WI,37.9403,1.9015,354.351
2023-08-13,纺织服装,CI005017.WI,32.5943,1.8312,196.631
2023-08-20,纺织服装,CI005017.WI,33.8066,1.8369,263.2926
2023-08-27,纺织服装,CI005017.WI,30.7338,1.7562,239.7365
2023-09-03,纺织服装,CI005017.WI,31.0127,1.8031,268.0557
2023-09-10,纺织服装,CI005017.WI,30.6127,1.7798,222.0465
2023-09-17,纺织服装,CI005017.WI,31.0046,1.8028,194.4866
2023-09-24,纺织服装,CI005017.WI,30.9122,1.7975,241.7286
2023-10-01,纺织服装,CI005017.WI,30.8206,1.7922,152.09
2023-10-15,纺织服装,CI005017.WI,30.0484,1.7473,209.6392
2023-10-22,纺织服装,CI005017.WI,29.676,1.7252,282.9412
2023-10-29,纺织服装,CI005017.WI,28.6571,1.7658,316.4973
2023-11-05,纺织服装,CI005017.WI,27.6218,1.7478,313.0819
2023-11-12,纺织服装,CI005017.WI,27.4483,1.7368,335.9884
2023-11-19,纺织服装,CI005017.WI,27.7833,1.7579,273.5591
2023-11-26,纺织服装,CI005017.WI,27.6836,1.7531,328.0144
2023-12-03,纺织服装,CI005017.WI,27.7534,1.758,265.9146
2023-12-10,纺织服装,CI005017.WI,27.0766,1.7148,352.9071
2023-12-17,纺织服装,CI005017.WI,27.7646,1.7584,324.9896
2023-12-24,纺织服装,CI005017.WI,27.2524,1.726,365.6062
2023-12-31,纺织服装,CI005017.WI,27.4361,1.7376,392.3355
2024-01-14,纺织服装,CI005017.WI,27.4115,1.7374,368.9792
2024-01-21,纺织服装,CI005017.WI,27.2937,1.7299,467.622
2024-01-28,纺织服装,CI005017.WI,25.6896,1.6898,540.9562
2024-02-04,纺织服装,CI005017.WI,23.2125,1.5269,409.9581
2024-02-11,纺织服装,CI005017.WI,23.4421,1.542,351.8965
2024-02-25,纺织服装,CI005017.WI,24.4702,1.6096,383.36
2024-03-03,纺织服装,CI005017.WI,24.4952,1.6146,390.4401
2024-03-10,纺织服装,CI005017.WI,24.7884,1.6382,336.4545
2024-03-17,纺织服装,CI005017.WI,25.8616,1.6711,358.5603
2024-03-24,纺织服装,CI005017.WI,25.4637,1.6459,350.5784
2024-03-31,纺织服装,CI005017.WI,25.4772,1.6623,298.3761
2024-04-07,纺织服装,CI005017.WI,26.1345,1.7064,205.5368
2024-04-14,纺织服装,CI005017.WI,25.6736,1.6922,287.6004
2024-04-21,纺织服装,CI005017.WI,25.8952,1.6639,317.9925
2024-04-28,纺织服装,CI005017.WI,25.3506,1.6385,243.5153
2024-05-05,纺织服装,CI005017.WI,23.1461,1.6625,145.4385
2024-05-12,纺织服装,CI005017.WI,23.3296,1.6818,267.7684
2024-05-19,纺织服装,CI005017.WI,23.6945,1.7133,284.5563
2024-05-26,纺织服装,CI005017.WI,22.9407,1.6674,249.1507
2024-06-02,纺织服装,CI005017.WI,22.9803,1.681,194.2461
2024-06-09,纺织服装,CI005017.WI,22.1008,1.6382,241.7181
2024-06-16,纺织服装,CI005017.WI,21.8962,1.6369,143.3678
2024-06-23,纺织服装,CI005017.WI,21.2492,1.5954,150.8909
2024-06-30,纺织服装,CI005017.WI,20.2739,1.5438,164.7009
2024-07-07,纺织服装,CI005017.WI,19.8185,1.5134,153.9413
2024-07-14,纺织服装,CI005017.WI,19.6362,1.5185,166.2256
2024-07-21,纺织服装,CI005017.WI,18.9244,1.4637,168.8451
2024-07-28,纺织服装,CI005017.WI,18.6303,1.4408,147.9746
2024-08-04,纺织服装,CI005017.WI,18.6721,1.4444,162.9955
2024-08-11,纺织服装,CI005017.WI,18.6786,1.4478,185.6034
2024-08-18,纺织服装,CI005017.WI,18.6194,1.4448,149.2062
2024-08-25,纺织服装,CI005017.WI,18.4464,1.4089,185.9273
2024-09-01,纺织服装,CI005017.WI,19.0876,1.4163,192.1152
2024-09-08,纺织服装,CI005017.WI,18.8017,1.3992,187.7518
2024-09-15,纺织服装,CI005017.WI,18.4222,1.3741,159.4206
2024-09-22,纺织服装,CI005017.WI,18.5358,1.3828,104.4976
2024-09-29,纺织服装,CI005017.WI,21.0171,1.5695,304.2291
2024-10-06,纺织服装,CI005017.WI,22.7818,1.7026,167.2633
2024-10-13,纺织服装,CI005017.WI,21.3576,1.597,522.0958
2024-10-20,纺织服装,CI005017.WI,21.4759,1.606,349.1767
2024-10-27,纺织服装,CI005017.WI,22.3983,1.662,421.9409
2024-11-03,纺织服装,CI005017.WI,24.6025,1.5917,602.5359
2024-11-10,纺织服装,CI005017.WI,25.8913,1.6767,603.4892
2024-11-17,纺织服装,CI005017.WI,25.1092,1.6257,487.6327
2024-11-24,纺织服装,CI005017.WI,25.3554,1.6416,563.8406
2024-12-01,纺织服装,CI005017.WI,27.4305,1.7757,668.7126
2024-12-08,纺织服装,CI005017.WI,27.7003,1.7948,809.47
2024-12-15,纺织服装,CI005017.WI,29.0529,1.8824,919.2723
2024-12-22,纺织服装,CI005017.WI,28.2116,1.828,807.2497
2024-12-29,纺织服装,CI005017.WI,27.3562,1.7726,510.7933
2025-01-05,纺织服装,CI005017.WI,26.4395,1.7132,445.316
2025-01-12,纺织服装,CI005017.WI,25.8468,1.6695,461.6506
2025-01-19,纺织服装,CI005017.WI,26.4998,1.7143,461.1181
2025-01-26,纺织服装,CI005017.WI,26.7109,1.7279,420.8696
2025-02-02,纺织服装,CI005017.WI,26.7778,1.7328,88.3197
2025-02-09,纺织服装,CI005017.WI,26.5683,1.7192,287.1124
2025-02-16,纺织服装,CI005017.WI,26.7286,1.7296,487.9252
2025-02-23,纺织服装,CI005017.WI,26.3914,1.7069,484.1799
2025-03-02,纺织服装,CI005017.WI,26.9805,1.7403,549.1753
2025-03-09,纺织服装,CI005017.WI,27.2683,1.7604,506.4597
2025-03-16,纺织服装,CI005017.WI,27.9392,1.8021,577.1992
2025-03-23,纺织服装,CI005017.WI,27.6075,1.7796,593.8761
2025-03-30,纺织服装,CI005017.WI,27.4789,1.745,430.8058
2025-04-06,纺织服装,CI005017.WI,26.9173,1.7135,332.4276
2025-04-13,纺织服装,CI005017.WI,25.6392,1.6281,519.785
2025-04-20,纺织服装,CI005017.WI,26.0714,1.6481,522.1296
2025-04-27,纺织服装,CI005017.WI,28.4804,1.6752,472.2659
2025-05-04,纺织服装,CI005017.WI,36.6934,1.6595,316.5755
2025-05-11,纺织服装,CI005017.WI,37.9275,1.7159,595.2735
2025-05-18,纺织服装,CI005017.WI,38.1556,1.7264,779.4766
2025-05-25,纺织服装,CI005017.WI,37.5461,1.711,634.8191
2025-06-01,纺织服装,CI005017.WI,37.403,1.728,512.1916
2025-06-08,纺织服装,CI005017.WI,37.8569,1.7554,470.8793
2025-06-15,纺织服装,CI005017.WI,37.586,1.7443,647.7666
2025-06-22,纺织服装,CI005017.WI,35.9885,1.6724,463.0458
2025-06-29,纺织服装,CI005017.WI,37.2979,1.7365,491.1606
2025-07-06,纺织服装,CI005017.WI,37.6381,1.7532,596.5984
2025-07-13,纺织服装,CI005017.WI,38.2872,1.7885,584.2768
2025-07-20,纺织服装,CI005017.WI,38.5971,1.8029,569.2714
2025-07-27,纺织服装,CI005017.WI,39.5735,1.8487,584.8545
2025-08-03,纺织服装,CI005017.WI,38.475,1.7934,595.4052
2025-08-10,纺织服装,CI005017.WI,40.3486,1.8534,693.9273
2025-08-17,纺织服装,CI005017.WI,39.8833,1.8292,687.6469
2025-08-24,纺织服装,CI005017.WI,42.1982,1.878,711.1191
2025-08-31,纺织服装,CI005017.WI,42.4139,1.803,763.914
2025-09-07,纺织服装,CI005017.WI,42.3935,1.8192,660.0857
2025-09-14,纺织服装,CI005017.WI,42.6088,1.8306,625.8028
2025-09-21,纺织服装,CI005017.WI,43.0809,1.8589,774.0764
2025-09-28,纺织服装,CI005017.WI,42.0114,1.8145,698.6949
2025-10-05,纺织服装,CI005017.WI,41.8903,1.8092,212.7994
2025-10-12,纺织服装,CI005017.WI,42.5581,1.8382,240.2551
2025-10-19,纺织服装,CI005017.WI,42.066,1.8196,613.9802
2025-10-26,纺织服装,CI005017.WI,43.0591,1.8532,584.6658
2025-11-02,纺织服装,CI005017.WI,45.2037,1.8701,590.3682
2025-11-09,纺织服装,CI005017.WI,45.7944,1.8945,690.9369
2025-11-16,纺织服装,CI005017.WI,47.6014,1.9687,813.7589
2025-11-23,纺织服装,CI005017.WI,45.5946,1.8858,965.4974
2025-11-30,纺织服装,CI005017.WI,46.7371,1.9331,737.0302
2025-12-07,纺织服装,CI005017.WI,45.9865,1.9043,710.8198
2025-12-14,纺织服装,CI005017.WI,44.9701,1.8618,765.0685
2025-12-21,纺织服装,CI005017.WI,45.6018,1.8886,630.1347
2025-12-28,纺织服装,CI005017.WI,45.5724,1.8873,666.2701
2026-01-04,纺织服装,CI005017.WI,45.7036,1.8928,516.547
2026-01-11,纺织服装,CI005017.WI,46.9008,1.9424,834.6141
2026-01-18,纺织服装,CI005017.WI,46.5644,1.929,879.5209
2026-01-25,纺织服装,CI005017.WI,47.8332,1.9816,680.5875
2026-02-01,纺织服装,CI005017.WI,47.1064,1.9433,683.083
2026-02-08,纺织服装,CI005017.WI,48.0048,1.9804,661.253
2026-02-15,纺织服装,CI005017.WI,46.896,1.9347,575.6303
2026-03-01,纺织服装,CI005017.WI,47.7939,1.9717,427.8791
2026-03-08,纺织服装,CI005017.WI,46.5219,1.9167,550.1941
2026-03-15,纺织服装,CI005017.WI,47.4043,1.9217,501.357
2026-03-22,纺织服装,CI005017.WI,44.898,1.8228,451.2234
2026-03-29,纺织服装,CI005017.WI,44.9137,1.8322,501.3169
2026-04-05,纺织服装,CI005017.WI,44.0832,1.802,468.9275
2026-04-12,纺织服装,CI005017.WI,43.8947,1.8645,362.83
2026-04-19,纺织服装,CI005017.WI,44.3629,1.8757,563.4085
2026-04-26,纺织服装,CI005017.WI,43.2953,1.8765,622.0927
2026-05-03,纺织服装,CI005017.WI,33.8545,1.8984,594.824
2026-05-10,纺织服装,CI005017.WI,34.3305,1.9251,507.9602
2026-05-17,纺织服装,CI005017.WI,33.8963,1.917,780.7902
2026-05-24,纺织服装,CI005017.WI,32.8691,1.8712,646.1249
2026-05-31,纺织服装,CI005017.WI,31.2797,1.7887,578.8522
2026-06-07,纺织服装,CI005017.WI,30.6916,1.7654,511.2459
2026-06-14,纺织服装,CI005017.WI,30.1982,1.7411,445.783
2026-06-21,纺织服装,CI005017.WI,29.8024,1.7266,463.2745
2026-06-28,纺织服装,CI005017.WI,29.1944,1.6913,607.802
2026-07-05,纺织服装,CI005017.WI,30.6731,1.7771,605.3066
2026-07-12,纺织服装,CI005017.WI,29.3423,1.7004,512.2548
2026-07-19,纺织服装,CI005017.WI,28.5514,1.6553,501.6107
2026-07-26,纺织服装,CI005017.WI,27.4266,1.5906,515.7703
2026-08-02,纺织服装,CI005017.WI,29.0614,1.688,541.4075
2026-08-09,纺织服装,CI005017.WI,29.3179,1.7244,501.9061
2016-01-10,综合,CI005029.WI,101.3906,3.2174,401.1507
2016-01-17,综合,CI005029.WI,91.9524,2.9179,405.7729
2016-01-24,综合,CI005029.WI,92.7484,2.9422,380.5854
2016-01-31,综合,CI005029.WI,85.5712,2.6974,349.7811
2016-02-07,综合,CI005029.WI,89.617,2.8286,335.6
2016-02-21,综合,CI005029.WI,93.7498,2.9955,366.6873
2016-02-28,综合,CI005029.WI,89.2819,2.8404,417.332
2016-03-06,综合,CI005029.WI,86.115,2.8185,352.968
2016-03-13,综合,CI005029.WI,83.9978,2.7497,277.0579
2016-03-20,综合,CI005029.WI,90.2299,3.003,384.1663
2016-03-27,综合,CI005029.WI,86.4137,3.0335,541.6821
2016-04-03,综合,CI005029.WI,90.621,3.0705,489.5522
2016-04-10,综合,CI005029.WI,93.6769,3.1,453.3436
2016-04-17,综合,CI005029.WI,137.5903,3.2362,551.3496
2016-04-24,综合,CI005029.WI,121.9333,2.9897,465.1759
2016-05-01,综合,CI005029.WI,111.6888,3.0112,340.5472
2016-05-08,综合,CI005029.WI,108.5849,2.9275,369.7363
2016-05-15,综合,CI005029.WI,98.7231,2.6477,311.5399
2016-05-22,综合,CI005029.WI,98.4297,2.6713,264.241
2016-05-29,综合,CI005029.WI,99.5926,2.7033,243.4312
2016-06-05,综合,CI005029.WI,105.1518,2.8546,346.4956
2016-06-12,综合,CI005029.WI,105.3229,2.8593,187.9323
2016-06-19,综合,CI005029.WI,102.9541,2.7517,320.4302
2016-06-26,综合,CI005029.WI,103.5566,2.7364,385.969
2016-07-03,综合,CI005029.WI,107.9957,2.8619,389.4851
2016-07-10,综合,CI005029.WI,110.6714,2.9391,378.6609
2016-07-17,综合,CI005029.WI,114.996,3.0438,404.3847
2016-07-24,综合,CI005029.WI,120.5206,3.0958,467.2298
2016-07-31,综合,CI005029.WI,105.3425,2.9377,514.5105
2016-08-07,综合,CI005029.WI,92.018,2.9172,346.1692
2016-08-14,综合,CI005029.WI,94.8423,2.9876,378.2283
2016-08-21,综合,CI005029.WI,99.7029,3.1426,577.7105
2016-08-28,综合,CI005029.WI,76.9637,3.0574,469.9816
2016-09-04,综合,CI005029.WI,65.3849,3.0174,406.9109
2016-09-11,综合,CI005029.WI,66.8556,3.069,404.1252
2016-09-18,综合,CI005029.WI,65.3366,2.9993,210.9912
2016-09-25,综合,CI005029.WI,66.0394,3.0316,267.1633
2016-10-02,综合,CI005029.WI,66.0715,2.9901,228.0005
2016-10-16,综合,CI005029.WI,67.3487,3.0485,315.7197
2016-10-23,综合,CI005029.WI,67.6583,2.9911,287.222
2016-10-30,综合,CI005029.WI,50.5857,2.8742,278.5877
2016-11-06,综合,CI005029.WI,50.1444,2.8632,259.5641
2016-11-13,综合,CI005029.WI,51.2126,2.9242,304.6411
2016-11-20,综合,CI005029.WI,51.7212,2.9374,345.4332
2016-11-27,综合,CI005029.WI,51.9578,2.9079,312.6605
2016-12-04,综合,CI005029.WI,50.5249,2.8277,251.6212
2016-12-11,综合,CI005029.WI,50.836,2.8451,238.8797
2016-12-18,综合,CI005029.WI,50.0372,2.8004,250.8821
2016-12-25,综合,CI005029.WI,49.154,2.7509,208.5758
2017-01-01,综合,CI005029.WI,49.6566,2.7791,175.2035
2017-01-08,综合,CI005029.WI,50.377,2.8194,153.565
2017-01-15,综合,CI005029.WI,49.2775,2.7377,235.9999
2017-01-22,综合,CI005029.WI,48.2196,2.6693,211.8202
2017-01-29,综合,CI005029.WI,50.3493,2.6541,140.0079
2017-02-05,综合,CI005029.WI,49.952,2.6463,23.3509
2017-02-12,综合,CI005029.WI,51.4119,2.7506,194.6146
2017-02-19,综合,CI005029.WI,51.1991,2.7706,233.8505
2017-02-26,综合,CI005029.WI,52.3453,2.8429,332.0641
2017-03-05,综合,CI005029.WI,52.4363,2.8581,411.3838
2017-03-12,综合,CI005029.WI,53.8395,2.872,295.124
2017-03-19,综合,CI005029.WI,55.1614,2.9116,381.3298
2017-03-26,综合,CI005029.WI,54.2156,2.8985,318.3301
2017-04-02,综合,CI005029.WI,55.3484,2.7629,305.6082
2017-04-09,综合,CI005029.WI,57.7398,2.95,139.1014
2017-04-16,综合,CI005029.WI,52.483,3.127,295.8318
2017-04-23,综合,CI005029.WI,45.3592,2.8714,599.6313
2017-04-30,综合,CI005029.WI,44.3583,2.8956,447.4919
2017-05-07,综合,CI005029.WI,43.2096,2.8206,298.4976
2017-05-14,综合,CI005029.WI,40.3162,2.6285,263.5499
2017-05-21,综合,CI005029.WI,42.1567,2.7489,292.2651
2017-05-28,综合,CI005029.WI,40.7647,2.6591,187.8906
2017-06-04,综合,CI005029.WI,39.8306,2.5982,98.1257
2017-06-11,综合,CI005029.WI,41.2276,2.6898,206.1225
2017-06-18,综合,CI005029.WI,41.6333,2.7169,172.7425
2017-06-25,综合,CI005029.WI,40.8531,2.666,184.3053
2017-07-02,综合,CI005029.WI,41.576,2.7014,176.3124
2017-07-09,综合,CI005029.WI,42.5571,2.7782,231.618
2017-07-16,综合,CI005029.WI,41.6393,2.7291,232.9922
2017-07-23,综合,CI005029.WI,41.1353,2.6968,255.5783
2017-07-30,综合,CI005029.WI,41.5569,2.7239,237.9372
2017-08-06,综合,CI005029.WI,42.4512,2.805,414.5164
2017-08-13,综合,CI005029.WI,41.1468,2.7802,344.8045
2017-08-20,综合,CI005029.WI,41.985,2.8851,332.1165
2017-08-27,综合,CI005029.WI,40.8012,2.8686,298.1713
2017-09-03,综合,CI005029.WI,41.6295,2.8797,337.1141
2017-09-10,综合,CI005029.WI,41.9913,2.9048,398.2983
2017-09-17,综合,CI005029.WI,42.1458,2.9155,395.0812
2017-09-24,综合,CI005029.WI,40.852,2.826,339.0637
2017-10-01,综合,CI005029.WI,40.7211,2.8198,223.3083
2017-10-15,综合,CI005029.WI,41.2943,2.8595,279.6681
2017-10-22,综合,CI005029.WI,41.4421,2.8116,216.3728
2017-10-29,综合,CI005029.WI,41.9381,2.8005,211.8088
2017-11-05,综合,CI005029.WI,39.398,2.6845,266.8032
2017-11-12,综合,CI005029.WI,40.724,2.7748,446.6318
2017-11-19,综合,CI005029.WI,38.056,2.593,355.823
2017-11-26,综合,CI005029.WI,37.5553,2.5589,225.2513
2017-12-03,综合,CI005029.WI,37.5707,2.56,209.2451
2017-12-10,综合,CI005029.WI,36.9502,2.5177,191.2287
2017-12-17,综合,CI005029.WI,36.6724,2.4987,148.592
2017-12-24,综合,CI005029.WI,35.9395,2.4488,138.3706
2017-12-31,综合,CI005029.WI,39.0836,2.4646,192.1384
2018-01-07,综合,CI005029.WI,37.6443,2.5651,228.3849
2018-01-14,综合,CI005029.WI,39.861,2.5137,227.4307
2018-01-21,综合,CI005029.WI,39.0439,2.4622,192.2241
2018-01-28,综合,CI005029.WI,39.2367,2.4754,189.3615
2018-02-04,综合,CI005029.WI,35.8959,2.2395,191.6591
2018-02-11,综合,CI005029.WI,32.8095,2.0495,144.4565
2018-02-18,综合,CI005029.WI,33.7136,2.106,53.0121
2018-02-25,综合,CI005029.WI,35.0697,2.1907,55.1076
2018-03-04,综合,CI005029.WI,34.9883,2.1944,172.4765
2018-03-11,综合,CI005029.WI,36.9912,2.0716,192.9148
2018-03-18,综合,CI005029.WI,35.9701,2.0187,212.8009
2018-03-25,综合,CI005029.WI,33.2168,1.8656,196.0348
2018-04-01,综合,CI005029.WI,35.4575,1.9029,169.5074
2018-04-08,综合,CI005029.WI,34.8033,1.8692,105.4774
2018-04-15,综合,CI005029.WI,35.5047,1.8801,150.2304
2018-04-22,综合,CI005029.WI,32.8684,1.8106,167.6705
2018-04-29,综合,CI005029.WI,33.5872,1.7534,144.1643
2018-05-06,综合,CI005029.WI,32.7838,1.7166,58.2326
2018-05-13,综合,CI005029.WI,32.7149,1.7132,112.6804
2018-05-20,综合,CI005029.WI,32.9354,1.7247,114.0252
2018-05-27,综合,CI005029.WI,32.7598,1.7155,158.5942
2018-06-03,综合,CI005029.WI,31.2226,1.6426,110.482
2018-06-10,综合,CI005029.WI,31.2225,1.588,101.4812
2018-06-17,综合,CI005029.WI,29.687,1.5118,122.5822
2018-06-24,综合,CI005029.WI,27.1631,1.3907,93.7145
2018-07-01,综合,CI005029.WI,27.5355,1.4103,88.1054
2018-07-08,综合,CI005029.WI,26.5344,1.3609,89.5405
2018-07-15,综合,CI005029.WI,26.9223,1.3853,91.9531
2018-07-22,综合,CI005029.WI,26.8267,1.3899,94.8137
2018-07-29,综合,CI005029.WI,27.7719,1.4421,130.718
2018-08-05,综合,CI005029.WI,26.3308,1.3683,106.9603
2018-08-12,综合,CI005029.WI,26.8082,1.393,95.4483
2018-08-19,综合,CI005029.WI,25.1658,1.3195,87.6289
2018-08-26,综合,CI005029.WI,24.8392,1.3012,69.7431
2018-09-02,综合,CI005029.WI,25.0803,1.2685,84.2072
2018-09-09,综合,CI005029.WI,24.9808,1.2635,95.5341
2018-09-16,综合,CI005029.WI,24.5761,1.243,73.9464
2018-09-23,综合,CI005029.WI,24.9854,1.2637,92.9271
2018-09-30,综合,CI005029.WI,24.883,1.2585,75.1901
2018-10-14,综合,CI005029.WI,21.5874,1.0918,87.4078
2018-10-21,综合,CI005029.WI,20.1629,1.0516,64.2282
2018-10-28,综合,CI005029.WI,21.1102,1.0944,89.7453
2018-11-04,综合,CI005029.WI,23.3253,1.1323,96.622
2018-11-11,综合,CI005029.WI,24.1024,1.17,170.6031
2018-11-18,综合,CI005029.WI,27.1388,1.3174,336.0
2018-11-25,综合,CI005029.WI,25.1892,1.2228,303.706
2018-12-02,综合,CI005029.WI,25.1379,1.2203,183.3858
2018-12-09,综合,CI005029.WI,25.6667,1.3559,189.7662
2018-12-16,综合,CI005029.WI,24.8744,1.314,126.0177
2018-12-23,综合,CI005029.WI,24.2588,1.2815,126.9744
2018-12-30,综合,CI005029.WI,23.8336,1.259,121.0637
2019-01-13,综合,CI005029.WI,24.8613,1.3147,141.3545
2019-01-20,综合,CI005029.WI,24.7072,1.3065,148.6031
2019-01-27,综合,CI005029.WI,24.1296,1.276,127.9937
2019-02-03,综合,CI005029.WI,23.1663,1.225,107.4814
2019-02-17,综合,CI005029.WI,24.7933,1.3111,136.2969
2019-02-24,综合,CI005029.WI,54.4353,1.4419,236.8425
2019-03-03,综合,CI005029.WI,81.9203,1.5505,431.409
2019-03-10,综合,CI005029.WI,85.1233,1.6112,535.4998
2019-03-17,综合,CI005029.WI,88.4975,1.675,495.1948
2019-03-24,综合,CI005029.WI,104.16,1.7988,607.9468
2019-03-31,综合,CI005029.WI,109.0573,1.7223,471.0906
2019-04-07,综合,CI005029.WI,114.5238,1.8086,403.3992
2019-04-14,综合,CI005029.WI,150.3206,1.7709,406.2284
2019-04-21,综合,CI005029.WI,228.482,1.7918,344.8582
2019-04-28,综合,CI005029.WI,,1.7102,427.9931
2019-05-05,综合,CI005029.WI,,1.6458,105.7453
2019-05-12,综合,CI005029.WI,,1.5796,245.7416
2019-05-19,综合,CI005029.WI,,1.5384,236.8356
2019-05-26,综合,CI005029.WI,,1.5163,220.9264
2019-06-02,综合,CI005029.WI,,1.5531,216.1113
2019-06-09,综合,CI005029.WI,,1.4948,147.4554
2019-06-16,综合,CI005029.WI,,1.5251,205.0374
2019-06-23,综合,CI005029.WI,,1.5844,176.5279
2019-06-30,综合,CI005029.WI,,1.5442,149.7728
2019-07-07,综合,CI005029.WI,,1.4573,147.0773
2019-07-14,综合,CI005029.WI,,1.3896,100.0281
2019-07-21,综合,CI005029.WI,,1.3789,93.3767
2019-07-28,综合,CI005029.WI,98.903,1.7948,106.3783
2019-08-04,综合,CI005029.WI,87.8171,1.807,105.3132
2019-08-11,综合,CI005029.WI,83.5927,1.7143,100.7005
2019-08-18,综合,CI005029.WI,88.18,1.7746,102.42
2019-08-25,综合,CI005029.WI,91.3199,1.8318,181.8725
2019-09-01,综合,CI005029.WI,76.9434,1.971,179.5501
2019-09-08,综合,CI005029.WI,80.4025,2.0514,213.3662
2019-09-15,综合,CI005029.WI,81.8906,2.0893,175.5537
2019-09-22,综合,CI005029.WI,81.7838,2.0866,227.8237
2019-09-29,综合,CI005029.WI,79.8191,2.0365,213.6115
2019-10-06,综合,CI005029.WI,79.1459,2.0193,25.4494
2019-10-13,综合,CI005029.WI,82.3633,2.1014,124.3768
2019-10-20,综合,CI005029.WI,85.9283,2.1295,194.7153
2019-10-27,综合,CI005029.WI,79.4449,2.12,139.3667
2019-11-03,综合,CI005029.WI,80.5466,2.1183,231.0975
2019-11-10,综合,CI005029.WI,79.4985,2.0908,211.8818
2019-11-17,综合,CI005029.WI,78.0861,1.9585,138.9411
2019-11-24,综合,CI005029.WI,76.2554,1.9126,132.7271
2019-12-01,综合,CI005029.WI,101.0853,1.2925,123.8344
2019-12-08,综合,CI005029.WI,119.7572,1.3172,88.4349
2019-12-15,综合,CI005029.WI,121.2964,1.3327,115.0017
2019-12-22,综合,CI005029.WI,124.0151,1.3625,152.2941
2019-12-29,综合,CI005029.WI,126.3084,1.3877,194.5303
2020-01-05,综合,CI005029.WI,130.9662,1.4389,194.2681
2020-01-12,综合,CI005029.WI,132.4697,1.455,281.4131
2020-01-19,综合,CI005029.WI,130.1346,1.4294,213.7956
2020-01-26,综合,CI005029.WI,124.5814,1.388,190.6945
2020-02-09,综合,CI005029.WI,114.493,1.3743,246.2512
2020-02-16,综合,CI005029.WI,116.6879,1.4006,444.8229
2020-02-23,综合,CI005029.WI,122.9649,1.476,451.6655
2020-03-01,综合,CI005029.WI,82.6617,1.4336,565.9782
2020-03-08,综合,CI005029.WI,89.1935,1.5469,549.253
2020-03-15,综合,CI005029.WI,82.7317,1.4339,445.6452
2020-03-22,综合,CI005029.WI,55.1084,1.384,322.1282
2020-03-29,综合,CI005029.WI,55.1541,1.3583,259.0493
2020-04-05,综合,CI005029.WI,56.782,1.343,195.4906
2020-04-12,综合,CI005029.WI,57.1531,1.3767,222.7881
2020-04-19,综合,CI005029.WI,102.3386,1.3757,244.4946
2020-04-26,综合,CI005029.WI,112.1159,1.332,248.4102
2020-05-03,综合,CI005029.WI,52.9575,1.388,170.9992
2020-05-10,综合,CI005029.WI,57.9201,1.5168,136.0836
2020-05-17,综合,CI005029.WI,57.0749,1.4947,195.2307
2020-05-24,综合,CI005029.WI,54.0331,1.4144,185.9273
2020-05-31,综合,CI005029.WI,55.228,1.446,148.0964
2020-06-07,综合,CI005029.WI,,1.5004,214.8764
2020-06-14,综合,CI005029.WI,,1.5286,184.2116
2020-06-21,综合,CI005029.WI,,1.5371,219.7155
2020-06-28,综合,CI005029.WI,,1.5403,139.0731
2020-07-05,综合,CI005029.WI,,1.5981,258.1702
2020-07-12,综合,CI005029.WI,,1.7726,522.3397
2020-07-19,综合,CI005029.WI,,1.6608,490.9242
2020-07-26,综合,CI005029.WI,,1.6457,354.0741
2020-08-02,综合,CI005029.WI,,1.7352,342.2976
2020-08-09,综合,CI005029.WI,,1.7251,374.3297
2020-08-16,综合,CI005029.WI,,1.8107,287.5149
2020-08-23,综合,CI005029.WI,,1.8338,387.9068
2020-08-30,综合,CI005029.WI,,1.7884,315.1207
2020-09-06,综合,CI005029.WI,,1.7969,281.9988
2020-09-13,综合,CI005029.WI,,1.7224,274.2078
2020-09-20,综合,CI005029.WI,,1.7683,213.1619
2020-09-27,综合,CI005029.WI,,1.7056,199.4948
2020-10-04,综合,CI005029.WI,,1.6841,77.3921
2020-10-11,综合,CI005029.WI,,1.7169,36.2047
2020-10-18,综合,CI005029.WI,,1.7066,171.8683
2020-10-25,综合,CI005029.WI,,1.6343,133.8482
2020-11-01,综合,CI005029.WI,,1.5392,127.8161
2020-11-08,综合,CI005029.WI,,1.5736,145.9501
2020-11-15,综合,CI005029.WI,,1.5626,146.7133
2020-11-22,综合,CI005029.WI,,1.5894,145.9808
2020-11-29,综合,CI005029.WI,,1.6248,178.0169
2020-12-06,综合,CI005029.WI,,1.6284,190.2852
2020-12-13,综合,CI005029.WI,,1.5887,163.9024
2020-12-20,综合,CI005029.WI,,1.5823,177.6012
2020-12-27,综合,CI005029.WI,,1.549,191.5027
2021-01-03,综合,CI005029.WI,,1.5605,172.4882
2021-01-10,综合,CI005029.WI,,1.5225,230.555
2021-01-17,综合,CI005029.WI,,1.5138,169.8098
2021-01-24,综合,CI005029.WI,,1.5169,173.8555
2021-01-31,综合,CI005029.WI,,1.466,131.3529
2021-02-07,综合,CI005029.WI,,1.4003,156.5168
2021-02-14,综合,CI005029.WI,,1.4135,79.1993
2021-02-21,综合,CI005029.WI,,1.491,73.8095
2021-02-28,综合,CI005029.WI,,1.4925,234.2056
2021-03-07,综合,CI005029.WI,,1.5272,176.9324
2021-03-14,综合,CI005029.WI,,1.5098,143.9162
2021-03-21,综合,CI005029.WI,,1.5224,140.3277
2021-03-28,综合,CI005029.WI,,1.5321,181.7389
2021-04-04,综合,CI005029.WI,,1.5223,141.729
2021-04-11,综合,CI005029.WI,,1.5364,123.3054
2021-04-18,综合,CI005029.WI,,1.5875,170.9961
2021-04-25,综合,CI005029.WI,,1.5522,225.5565
2021-05-02,综合,CI005029.WI,,1.533,248.0846
2021-05-09,综合,CI005029.WI,,1.5364,106.7128
2021-05-16,综合,CI005029.WI,,1.6077,307.0148
2021-05-23,综合,CI005029.WI,,1.6339,335.7154
2021-05-30,综合,CI005029.WI,,1.7329,368.5304
2021-06-06,综合,CI005029.WI,,1.7932,473.0095
2021-06-13,综合,CI005029.WI,,1.871,519.8686
2021-06-20,综合,CI005029.WI,,1.9485,434.8608
2021-06-27,综合,CI005029.WI,,2.0076,544.4323
2021-07-04,综合,CI005029.WI,,1.8913,479.6516
2021-07-11,综合,CI005029.WI,,1.9703,429.3675
2021-07-18,综合,CI005029.WI,,1.9695,422.3663
2021-07-25,综合,CI005029.WI,,1.9511,431.1372
2021-08-01,综合,CI005029.WI,,1.8243,350.7014
2021-08-08,综合,CI005029.WI,,1.9159,325.3649
2021-08-15,综合,CI005029.WI,,1.9368,340.8615
2021-08-22,综合,CI005029.WI,,1.9437,380.5861
2021-08-29,综合,CI005029.WI,,1.9392,334.7424
2021-09-05,综合,CI005029.WI,,1.9107,371.2603
2021-09-12,综合,CI005029.WI,,1.9637,452.9705
2021-09-19,综合,CI005029.WI,,1.9093,422.1174
2021-09-26,综合,CI005029.WI,,1.8938,176.3977
2021-10-03,综合,CI005029.WI,,1.8128,234.5039
2021-10-10,综合,CI005029.WI,,1.8264,60.0272
2021-10-17,综合,CI005029.WI,,1.8047,251.5398
2021-10-24,综合,CI005029.WI,,1.7765,272.0863
2021-10-31,综合,CI005029.WI,,1.77,351.4935
2021-11-07,综合,CI005029.WI,,1.7424,260.7639
2021-11-14,综合,CI005029.WI,,1.7949,303.4212
2021-11-21,综合,CI005029.WI,,1.8061,297.4011
2021-11-28,综合,CI005029.WI,,1.8351,362.5122
2021-12-05,综合,CI005029.WI,,1.8488,424.6163
2021-12-12,综合,CI005029.WI,,1.856,340.9011
2021-12-19,综合,CI005029.WI,,1.868,395.0703
2021-12-26,综合,CI005029.WI,,1.8393,465.2654
2022-01-02,综合,CI005029.WI,,1.8653,416.9678
2022-01-09,综合,CI005029.WI,,1.864,353.8813
2022-01-16,综合,CI005029.WI,,1.8618,434.9905
2022-01-23,综合,CI005029.WI,,1.8017,497.219
2022-01-30,综合,CI005029.WI,,1.6905,282.1665
2022-02-13,综合,CI005029.WI,,1.7821,312.9124
2022-02-20,综合,CI005029.WI,,1.8133,386.243
2022-02-27,综合,CI005029.WI,,1.8542,425.6441
2022-03-06,综合,CI005029.WI,,1.8452,540.3085
2022-03-13,综合,CI005029.WI,,1.8101,557.9718
2022-03-20,综合,CI005029.WI,,1.7897,548.6756
2022-03-27,综合,CI005029.WI,,1.7771,609.9972
2022-04-03,综合,CI005029.WI,,1.8006,531.0306
2022-04-10,综合,CI005029.WI,,1.761,308.4528
2022-04-17,综合,CI005029.WI,,1.6835,397.4588
2022-04-24,综合,CI005029.WI,410.1616,1.5923,293.2874
2022-05-01,综合,CI005029.WI,59.0524,1.5379,337.6444
2022-05-08,综合,CI005029.WI,58.83,1.5321,112.1558
2022-05-15,综合,CI005029.WI,62.741,1.634,400.412
2022-05-22,综合,CI005029.WI,64.534,1.6807,471.3471
2022-05-29,综合,CI005029.WI,63.8922,1.6655,432.478
2022-06-05,综合,CI005029.WI,65.0115,1.6979,284.89
2022-06-12,综合,CI005029.WI,66.2981,1.7327,477.7807
2022-06-19,综合,CI005029.WI,66.4973,1.7445,498.3232
2022-06-26,综合,CI005029.WI,76.4719,1.7457,454.1481
2022-07-03,综合,CI005029.WI,76.3095,1.7421,389.726
2022-07-10,综合,CI005029.WI,73.6461,1.6812,348.104
2022-07-17,综合,CI005029.WI,67.3755,1.6249,299.3354
2022-07-24,综合,CI005029.WI,70.0019,1.688,305.869
2022-07-31,综合,CI005029.WI,71.7241,1.7305,357.3815
2022-08-07,综合,CI005029.WI,70.4283,1.6992,349.5575
2022-08-14,综合,CI005029.WI,72.0308,1.7656,430.1045
2022-08-21,综合,CI005029.WI,72.3627,1.7873,431.7862
2022-08-28,综合,CI005029.WI,102.5035,1.734,455.8316
2022-09-04,综合,CI005029.WI,95.107,1.7177,389.9247
2022-09-11,综合,CI005029.WI,96.095,1.7356,401.1581
2022-09-18,综合,CI005029.WI,90.3391,1.6316,316.1478
2022-09-25,综合,CI005029.WI,88.8318,1.6044,299.0363
2022-10-02,综合,CI005029.WI,83.6524,1.5108,249.1291
2022-10-16,综合,CI005029.WI,87.789,1.5853,300.5605
2022-10-23,综合,CI005029.WI,81.0873,1.5921,347.7582
2022-10-30,综合,CI005029.WI,83.4294,1.4918,298.4556
2022-11-06,综合,CI005029.WI,89.6446,1.6007,270.3709
2022-11-13,综合,CI005029.WI,93.6872,1.6729,397.4367
2022-11-20,综合,CI005029.WI,95.2088,1.7003,491.6234
2022-11-27,综合,CI005029.WI,93.6383,1.6722,405.6845
2022-12-04,综合,CI005029.WI,96.3623,1.7209,439.6464
2022-12-11,综合,CI005029.WI,96.8607,1.7298,443.1481
2022-12-18,综合,CI005029.WI,94.3523,1.685,323.0777
2022-12-25,综合,CI005029.WI,89.8872,1.6053,254.4068
2023-01-01,综合,CI005029.WI,90.0707,1.6085,219.1033
2023-01-08,综合,CI005029.WI,,2.0555,159.0794
2023-01-15,综合,CI005029.WI,,2.0237,216.3445
2023-01-22,综合,CI005029.WI,,2.0385,147.257
2023-02-05,综合,CI005029.WI,,2.0981,178.4168
2023-02-12,综合,CI005029.WI,,2.1254,200.1809
2023-02-19,综合,CI005029.WI,,2.0965,178.2817
2023-02-26,综合,CI005029.WI,,2.1156,151.3291
2023-03-05,综合,CI005029.WI,,2.1092,126.0527
2023-03-12,综合,CI005029.WI,,2.0863,120.7046
2023-03-19,综合,CI005029.WI,,2.0439,117.6533
2023-03-26,综合,CI005029.WI,,2.0374,112.7437
2023-04-02,综合,CI005029.WI,,1.9628,106.4094
2023-04-09,综合,CI005029.WI,,1.9621,88.1618
2023-04-16,综合,CI005029.WI,,1.9099,92.2623
2023-04-23,综合,CI005029.WI,,1.8034,108.4907
2023-04-30,综合,CI005029.WI,,1.8872,83.6692
2023-05-07,综合,CI005029.WI,,1.8902,34.2126
2023-05-14,综合,CI005029.WI,,1.8888,93.7999
2023-05-21,综合,CI005029.WI,,1.8731,77.6482
2023-05-28,综合,CI005029.WI,,1.8625,66.32
2023-06-04,综合,CI005029.WI,,1.8767,107.3204
2023-06-11,综合,CI005029.WI,,1.8487,72.2113
2023-06-18,综合,CI005029.WI,,1.8873,102.5529
2023-06-25,综合,CI005029.WI,,1.8228,55.3492
2023-07-02,综合,CI005029.WI,,1.8763,76.0768
2023-07-09,综合,CI005029.WI,,1.8253,75.1285
2023-07-16,综合,CI005029.WI,,1.8706,62.1268
2023-07-23,综合,CI005029.WI,,1.8574,60.5374
2023-07-30,综合,CI005029.WI,,1.9349,120.0003
2023-08-06,综合,CI005029.WI,,1.9425,138.9944
2023-08-13,综合,CI005029.WI,,1.867,81.0073
2023-08-20,综合,CI005029.WI,,1.8448,70.166
2023-08-27,综合,CI005029.WI,,1.7679,72.3972
2023-09-03,综合,CI005029.WI,,1.7984,94.6373
2023-09-10,综合,CI005029.WI,,1.7969,63.0954
2023-09-17,综合,CI005029.WI,,1.7831,62.915
2023-09-24,综合,CI005029.WI,,1.7799,59.0291
2023-10-01,综合,CI005029.WI,,1.7894,44.4694
2023-10-15,综合,CI005029.WI,,1.7903,72.9389
2023-10-22,综合,CI005029.WI,,1.7305,90.136
2023-10-29,综合,CI005029.WI,,1.8163,100.904
2023-11-05,综合,CI005029.WI,,1.8111,133.2763
2023-11-12,综合,CI005029.WI,,1.8536,132.2024
2023-11-19,综合,CI005029.WI,,1.8918,115.6877
2023-11-26,综合,CI005029.WI,,1.908,115.703
2023-12-03,综合,CI005029.WI,,1.67,86.3531
2023-12-10,综合,CI005029.WI,,1.6559,121.4652
2023-12-17,综合,CI005029.WI,,1.6943,137.4992
2023-12-24,综合,CI005029.WI,,1.6418,140.3771
2023-12-31,综合,CI005029.WI,,1.6678,148.5102
2024-01-14,综合,CI005029.WI,,1.6223,110.1876
2024-01-21,综合,CI005029.WI,,1.555,127.515
2024-01-28,综合,CI005029.WI,,1.5717,129.1725
2024-02-04,综合,CI005029.WI,,1.3357,122.3462
2024-02-11,综合,CI005029.WI,,1.3145,103.5601
2024-02-25,综合,CI005029.WI,,1.4162,103.8161
2024-03-03,综合,CI005029.WI,,1.4316,121.7595
2024-03-10,综合,CI005029.WI,,1.3898,75.9413
2024-03-17,综合,CI005029.WI,,1.4391,83.8547
2024-03-24,综合,CI005029.WI,,1.4374,105.6299
2024-03-31,综合,CI005029.WI,,1.4088,107.8365
2024-04-07,综合,CI005029.WI,,1.4402,69.1187
2024-04-14,综合,CI005029.WI,,1.391,134.6185
2024-04-21,综合,CI005029.WI,,1.2809,101.2609
2024-04-28,综合,CI005029.WI,,1.3052,71.4785
2024-05-05,综合,CI005029.WI,,1.3796,33.7436
2024-05-12,综合,CI005029.WI,,1.4342,103.0802
2024-05-19,综合,CI005029.WI,,1.4135,81.1862
2024-05-26,综合,CI005029.WI,,1.3553,67.8621
2024-06-02,综合,CI005029.WI,,1.3247,63.4551
2024-06-09,综合,CI005029.WI,,1.1846,67.3874
2024-06-16,综合,CI005029.WI,,1.1898,33.4111
2024-06-23,综合,CI005029.WI,,1.148,45.1324
2024-06-30,综合,CI005029.WI,,1.1263,42.1063
2024-07-07,综合,CI005029.WI,,1.1341,42.8826
2024-07-14,综合,CI005029.WI,,1.1306,45.423
2024-07-21,综合,CI005029.WI,,1.124,50.4611
2024-07-28,综合,CI005029.WI,,1.1258,59.1901
2024-08-04,综合,CI005029.WI,,1.1808,79.7996
2024-08-11,综合,CI005029.WI,,1.1477,59.2287
2024-08-18,综合,CI005029.WI,,1.1161,34.6851
2024-08-25,综合,CI005029.WI,,1.0659,33.7164
2024-09-01,综合,CI005029.WI,,1.1051,38.8031
2024-09-08,综合,CI005029.WI,,1.1004,44.5219
2024-09-15,综合,CI005029.WI,,1.1013,58.173
2024-09-22,综合,CI005029.WI,,1.1167,35.1859
2024-09-29,综合,CI005029.WI,,1.2934,103.5535
2024-10-06,综合,CI005029.WI,,1.4101,46.8434
2024-10-13,综合,CI005029.WI,,1.3273,174.4494
2024-10-20,综合,CI005029.WI,,1.3503,164.3658
2024-10-27,综合,CI005029.WI,,1.4684,179.9445
2024-11-03,综合,CI005029.WI,,1.5334,358.5978
2024-11-10,综合,CI005029.WI,,1.5968,260.0612
2024-11-17,综合,CI005029.WI,,1.5021,216.688
2024-11-24,综合,CI005029.WI,,1.4974,191.9319
2024-12-01,综合,CI005029.WI,,1.5897,233.7611
2024-12-08,综合,CI005029.WI,,1.6643,280.1266
2024-12-15,综合,CI005029.WI,,1.6875,309.9467
2024-12-22,综合,CI005029.WI,,1.6109,246.6695
2024-12-29,综合,CI005029.WI,,1.5176,141.565
2025-01-05,综合,CI005029.WI,,1.3935,102.269
2025-01-12,综合,CI005029.WI,,1.3646,99.9156
2025-01-19,综合,CI005029.WI,,1.4264,128.1991
2025-01-26,综合,CI005029.WI,,1.3928,101.5638
2025-02-02,综合,CI005029.WI,,1.3806,17.2065
2025-02-09,综合,CI005029.WI,,1.4428,60.7271
2025-02-16,综合,CI005029.WI,,1.4813,134.8432
2025-02-23,综合,CI005029.WI,,1.4767,134.6487
2025-03-02,综合,CI005029.WI,,1.4519,137.8119
2025-03-09,综合,CI005029.WI,,1.4692,122.5906
2025-03-16,综合,CI005029.WI,,1.504,129.9677
2025-03-23,综合,CI005029.WI,,1.5079,165.9822
2025-03-30,综合,CI005029.WI,,1.4713,198.1329
2025-04-06,综合,CI005029.WI,,1.4676,126.1324
2025-04-13,综合,CI005029.WI,,1.3766,157.9226
2025-04-20,综合,CI005029.WI,,1.4271,183.4378
2025-04-27,综合,CI005029.WI,,1.4537,231.1673
2025-05-04,综合,CI005029.WI,,1.4433,134.7931
2025-05-11,综合,CI005029.WI,,1.4954,139.9034
2025-05-18,综合,CI005029.WI,,1.5222,160.2451
2025-05-25,综合,CI005029.WI,,1.5554,204.0117
2025-06-01,综合,CI005029.WI,,1.5734,207.1172
2025-06-08,综合,CI005029.WI,,1.6023,219.4195
2025-06-15,综合,CI005029.WI,,1.5951,229.7912
2025-06-22,综合,CI005029.WI,,1.5523,215.5037
2025-06-29,综合,CI005029.WI,,1.6657,307.4338
2025-07-06,综合,CI005029.WI,,1.6511,208.6094
2025-07-13,综合,CI005029.WI,,1.7049,254.3796
2025-07-20,综合,CI005029.WI,,1.714,226.9227
2025-07-27,综合,CI005029.WI,,1.7499,280.6026
2025-08-03,综合,CI005029.WI,,1.7084,186.9536
2025-08-10,综合,CI005029.WI,,1.7377,160.4511
2025-08-17,综合,CI005029.WI,,1.7604,222.1281
2025-08-24,综合,CI005029.WI,,1.8535,285.6794
2025-08-31,综合,CI005029.WI,,1.8435,327.9532
2025-09-07,综合,CI005029.WI,,1.8328,234.0317
2025-09-14,综合,CI005029.WI,,1.8796,216.7718
2025-09-21,综合,CI005029.WI,,1.8039,194.2229
2025-09-28,综合,CI005029.WI,,1.7971,167.8239
2025-10-05,综合,CI005029.WI,,1.8335,76.6333
2025-10-12,综合,CI005029.WI,,1.8564,85.0986
2025-10-19,综合,CI005029.WI,,1.7884,203.3248
2025-10-26,综合,CI005029.WI,,1.8383,173.29
2025-11-02,综合,CI005029.WI,,1.8804,238.2819
2025-11-09,综合,CI005029.WI,,1.9013,205.1607
2025-11-16,综合,CI005029.WI,,1.9663,276.9567
2025-11-23,综合,CI005029.WI,,1.7758,275.0903
2025-11-30,综合,CI005029.WI,,1.8366,185.6882
2025-12-07,综合,CI005029.WI,,1.843,180.4434
2025-12-14,综合,CI005029.WI,,1.8209,238.8346
2025-12-21,综合,CI005029.WI,,1.829,211.5905
2025-12-28,综合,CI005029.WI,,1.8399,221.9227
2026-01-04,综合,CI005029.WI,,1.83,156.7327
2026-01-11,综合,CI005029.WI,,1.8913,218.205
2026-01-18,综合,CI005029.WI,,1.8617,233.238
2026-01-25,综合,CI005029.WI,,1.9226,207.9782
2026-02-01,综合,CI005029.WI,,1.8429,244.129
2026-02-08,综合,CI005029.WI,,1.8343,176.0823
2026-02-15,综合,CI005029.WI,,1.809,141.9844
2026-03-01,综合,CI005029.WI,,1.8659,123.458
2026-03-08,综合,CI005029.WI,,1.8029,176.9706
2026-03-15,综合,CI005029.WI,,1.7676,139.5374
2026-03-22,综合,CI005029.WI,,1.65,155.4909
2026-03-29,综合,CI005029.WI,,1.6882,131.4379
2026-04-05,综合,CI005029.WI,,1.6288,122.5429
2026-04-12,综合,CI005029.WI,,1.7037,103.0878
2026-04-19,综合,CI005029.WI,,1.7127,107.5849
2026-04-26,综合,CI005029.WI,,1.6868,107.3772
2026-05-03,综合,CI005029.WI,,1.763,167.0336
2026-05-10,综合,CI005029.WI,,1.7785,123.8704
2026-05-17,综合,CI005029.WI,,1.7032,182.7361
2026-05-24,综合,CI005029.WI,,1.6556,134.9016
2026-05-31,综合,CI005029.WI,,1.5697,114.5739
2026-06-07,综合,CI005029.WI,,1.5748,112.7635
2026-06-14,综合,CI005029.WI,,1.5446,133.7198
2026-06-21,综合,CI005029.WI,,1.5199,104.3768
2026-06-28,综合,CI005029.WI,,1.4399,147.3895
2026-07-05,综合,CI005029.WI,,1.4694,126.2126
2026-07-12,综合,CI005029.WI,,1.403,108.585
2026-07-19,综合,CI005029.WI,,1.3625,115.6601
2026-07-26,综合,CI005029.WI,,1.3257,108.0738
2026-08-02,综合,CI005029.WI,,1.4678,111.2915
2026-08-09,综合,CI005029.WI,,1.4985,113.3758
2019-12-08,综合金融,CI005030.WI,31.9686,2.4253,74.6284
2019-12-15,综合金融,CI005030.WI,33.1627,2.5159,82.9063
2019-12-22,综合金融,CI005030.WI,34.8403,2.6431,138.8761
2019-12-29,综合金融,CI005030.WI,34.9167,2.6489,114.8209
2020-01-05,综合金融,CI005030.WI,39.2423,2.9771,137.4921
2020-01-12,综合金融,CI005030.WI,38.8841,2.9499,180.7752
2020-01-19,综合金融,CI005030.WI,38.2328,2.9005,117.8964
2020-01-26,综合金融,CI005030.WI,36.1306,2.741,97.1539
2020-02-09,综合金融,CI005030.WI,33.9375,2.5746,93.9016
2020-02-16,综合金融,CI005030.WI,35.6011,2.7009,93.0813
2020-02-23,综合金融,CI005030.WI,39.8723,3.0249,183.9149
2020-03-01,综合金融,CI005030.WI,42.8068,2.7918,187.5735
2020-03-08,综合金融,CI005030.WI,46.663,3.0433,172.1745
2020-03-15,综合金融,CI005030.WI,43.787,2.8666,200.7593
2020-03-22,综合金融,CI005030.WI,41.4684,2.7148,114.4613
2020-03-29,综合金融,CI005030.WI,40.7573,2.6683,94.3869
2020-04-05,综合金融,CI005030.WI,42.959,2.6716,72.4552
2020-04-12,综合金融,CI005030.WI,56.6788,2.7517,87.4366
2020-04-19,综合金融,CI005030.WI,56.4385,2.7081,74.5191
2020-04-26,综合金融,CI005030.WI,48.8548,2.6178,75.2172
2020-05-03,综合金融,CI005030.WI,59.13,2.5223,86.2401
2020-05-10,综合金融,CI005030.WI,60.5572,2.5832,54.9327
2020-05-17,综合金融,CI005030.WI,59.8893,2.5547,73.571
2020-05-24,综合金融,CI005030.WI,56.3347,2.4031,74.6593
2020-05-31,综合金融,CI005030.WI,60.2664,2.5708,107.4398
2020-06-07,综合金融,CI005030.WI,52.7722,2.0827,147.5221
2020-06-14,综合金融,CI005030.WI,53.3827,2.107,139.7943
2020-06-21,综合金融,CI005030.WI,53.4529,2.1224,126.4776
2020-06-28,综合金融,CI005030.WI,54.8646,2.1784,116.0061
2020-07-05,综合金融,CI005030.WI,59.6052,2.3666,264.2732
2020-07-12,综合金融,CI005030.WI,65.6806,2.6107,425.3254
2020-07-19,综合金融,CI005030.WI,59.1887,2.3565,324.0121
2020-07-26,综合金融,CI005030.WI,57.114,2.2739,188.2849
2020-08-02,综合金融,CI005030.WI,58.8886,2.3446,129.7046
2020-08-09,综合金融,CI005030.WI,61.0318,2.4299,214.1859
2020-08-16,综合金融,CI005030.WI,58.8878,2.3445,125.1362
2020-08-23,综合金融,CI005030.WI,56.3217,2.3521,136.5463
2020-08-30,综合金融,CI005030.WI,44.8923,2.2302,115.11
2020-09-06,综合金融,CI005030.WI,50.8997,2.2336,136.3795
2020-09-13,综合金融,CI005030.WI,48.4687,2.1269,148.7287
2020-09-20,综合金融,CI005030.WI,51.2391,2.2485,150.8341
2020-09-27,综合金融,CI005030.WI,48.7457,2.1391,110.6076
2020-10-04,综合金融,CI005030.WI,47.7114,2.0937,42.4979
2020-10-11,综合金融,CI005030.WI,49.1452,2.1566,17.7377
2020-10-18,综合金融,CI005030.WI,49.2473,2.1611,98.5684
2020-10-25,综合金融,CI005030.WI,46.8523,2.0815,82.3461
2020-11-01,综合金融,CI005030.WI,40.1706,1.9358,66.3159
2020-11-08,综合金融,CI005030.WI,40.5696,1.955,70.7732
2020-11-15,综合金融,CI005030.WI,40.0563,1.9302,71.0058
2020-11-22,综合金融,CI005030.WI,40.9877,1.9751,69.3706
2020-11-29,综合金融,CI005030.WI,40.5836,1.9557,75.0626
2020-12-06,综合金融,CI005030.WI,41.4451,1.9972,111.4842
2020-12-13,综合金融,CI005030.WI,39.0304,1.8808,67.7615
2020-12-20,综合金融,CI005030.WI,38.2769,1.8445,66.6909
2020-12-27,综合金融,CI005030.WI,35.6293,1.7169,59.4934
2021-01-03,综合金融,CI005030.WI,37.1582,1.7906,55.8231
2021-01-10,综合金融,CI005030.WI,35.5512,1.7132,74.6919
2021-01-17,综合金融,CI005030.WI,35.4923,1.7103,64.3561
2021-01-24,综合金融,CI005030.WI,35.1068,1.6917,52.891
2021-01-31,综合金融,CI005030.WI,33.0938,1.6267,44.759
2021-02-07,综合金融,CI005030.WI,30.9012,1.519,54.6616
2021-02-14,综合金融,CI005030.WI,31.3382,1.5404,24.023
2021-02-21,综合金融,CI005030.WI,33.9107,1.6669,28.6316
2021-02-28,综合金融,CI005030.WI,33.7576,1.6594,69.0264
2021-03-07,综合金融,CI005030.WI,34.6595,1.7038,76.1614
2021-03-14,综合金融,CI005030.WI,33.1153,1.6278,56.3057
2021-03-21,综合金融,CI005030.WI,33.0508,1.6111,42.1402
2021-03-28,综合金融,CI005030.WI,34.1506,1.6647,71.0392
2021-04-04,综合金融,CI005030.WI,33.4126,1.6349,58.0712
2021-04-11,综合金融,CI005030.WI,34.0257,1.6615,46.1308
2021-04-18,综合金融,CI005030.WI,46.0546,1.714,76.376
2021-04-25,综合金融,CI005030.WI,46.5379,1.6876,73.0336
2021-05-02,综合金融,CI005030.WI,26.6775,1.5878,53.9656
2021-05-09,综合金融,CI005030.WI,27.2191,1.62,22.9868
2021-05-16,综合金融,CI005030.WI,28.2608,1.682,83.2221
2021-05-23,综合金融,CI005030.WI,26.7706,1.62,89.657
2021-05-30,综合金融,CI005030.WI,27.7495,1.6792,94.4299
2021-06-06,综合金融,CI005030.WI,27.5431,1.6668,69.4206
2021-06-13,综合金融,CI005030.WI,27.7339,1.6804,72.8841
2021-06-20,综合金融,CI005030.WI,27.2814,1.653,43.541
2021-06-27,综合金融,CI005030.WI,28.0315,1.6984,59.8382
2021-07-04,综合金融,CI005030.WI,26.8579,1.6273,67.2757
2021-07-11,综合金融,CI005030.WI,,1.9381,47.9165
2021-07-18,综合金融,CI005030.WI,,1.909,58.145
2021-07-25,综合金融,CI005030.WI,,1.8892,60.6287
2021-08-01,综合金融,CI005030.WI,,1.7553,63.3013
2021-08-08,综合金融,CI005030.WI,,1.7554,56.2069
2021-08-15,综合金融,CI005030.WI,,1.8022,54.3247
2021-08-22,综合金融,CI005030.WI,,1.8482,86.6911
2021-08-29,综合金融,CI005030.WI,,1.88,72.9445
2021-09-05,综合金融,CI005030.WI,,1.9806,113.1625
2021-09-12,综合金融,CI005030.WI,,1.9932,102.2975
2021-09-19,综合金融,CI005030.WI,,1.9374,67.2076
2021-09-26,综合金融,CI005030.WI,,1.9304,30.0711
2021-10-03,综合金融,CI005030.WI,,1.8351,35.9007
2021-10-10,综合金融,CI005030.WI,,1.8877,9.2559
2021-10-17,综合金融,CI005030.WI,,1.8481,36.9073
2021-10-24,综合金融,CI005030.WI,,1.875,52.9373
2021-10-31,综合金融,CI005030.WI,,1.8223,58.1371
2021-11-07,综合金融,CI005030.WI,,1.8089,55.5766
2021-11-14,综合金融,CI005030.WI,,1.9276,71.1573
2021-11-21,综合金融,CI005030.WI,,1.855,64.2992
2021-11-28,综合金融,CI005030.WI,,1.946,82.8223
2021-12-05,综合金融,CI005030.WI,,1.9443,167.1983
2021-12-12,综合金融,CI005030.WI,,1.9528,129.5229
2021-12-19,综合金融,CI005030.WI,,2.0002,148.9644
2021-12-26,综合金融,CI005030.WI,,1.9247,127.3004
2022-01-02,综合金融,CI005030.WI,,1.9405,102.3516
2022-01-09,综合金融,CI005030.WI,,1.9725,93.1095
2022-01-16,综合金融,CI005030.WI,,1.9569,113.7553
2022-01-23,综合金融,CI005030.WI,,1.9652,136.9748
2022-01-30,综合金融,CI005030.WI,,1.8326,95.3337
2022-02-13,综合金融,CI005030.WI,,1.9723,129.0726
2022-02-20,综合金融,CI005030.WI,,1.9506,116.9581
2022-02-27,综合金融,CI005030.WI,,1.9257,150.2133
2022-03-06,综合金融,CI005030.WI,,1.9273,118.027
2022-03-13,综合金融,CI005030.WI,,1.8281,85.8084
2022-03-20,综合金融,CI005030.WI,,1.8255,107.5376
2022-03-27,综合金融,CI005030.WI,,1.805,121.0005
2022-04-03,综合金融,CI005030.WI,,1.8635,90.7886
2022-04-10,综合金融,CI005030.WI,,1.786,64.7712
2022-04-17,综合金融,CI005030.WI,,1.6498,104.7798
2022-04-24,综合金融,CI005030.WI,,1.5481,70.462
2022-05-01,综合金融,CI005030.WI,33.7989,1.4809,77.5604
2022-05-08,综合金融,CI005030.WI,33.6477,1.4742,27.3774
2022-05-15,综合金融,CI005030.WI,34.5384,1.5133,59.909
2022-05-22,综合金融,CI005030.WI,35.2477,1.5443,65.7749
2022-05-29,综合金融,CI005030.WI,35.4644,1.554,56.313
2022-06-05,综合金融,CI005030.WI,36.6038,1.6163,47.3368
2022-06-12,综合金融,CI005030.WI,36.9904,1.6334,72.7587
2022-06-19,综合金融,CI005030.WI,37.4669,1.671,107.5726
2022-06-26,综合金融,CI005030.WI,29.0202,1.5352,73.6425
2022-07-03,综合金融,CI005030.WI,28.8404,1.4965,69.9064
2022-07-10,综合金融,CI005030.WI,28.4441,1.476,40.3652
2022-07-17,综合金融,CI005030.WI,27.8839,1.4563,58.4969
2022-07-24,综合金融,CI005030.WI,28.7621,1.5022,51.4387
2022-07-31,综合金融,CI005030.WI,28.7904,1.5037,43.3669
2022-08-07,综合金融,CI005030.WI,28.2164,1.4737,47.3775
2022-08-14,综合金融,CI005030.WI,29.447,1.5418,48.3162
2022-08-21,综合金融,CI005030.WI,28.0881,1.5211,42.912
2022-08-28,综合金融,CI005030.WI,29.9601,1.5032,41.4269
2022-09-04,综合金融,CI005030.WI,31.7023,1.4912,43.2452
2022-09-11,综合金融,CI005030.WI,32.6067,1.4794,38.1254
2022-09-18,综合金融,CI005030.WI,30.6842,1.3921,32.9834
2022-09-25,综合金融,CI005030.WI,30.01,1.3615,28.3525
2022-10-02,综合金融,CI005030.WI,28.4962,1.2929,24.3369
2022-10-16,综合金融,CI005030.WI,29.7648,1.3504,30.4353
2022-10-23,综合金融,CI005030.WI,28.2477,1.3238,31.9519
2022-10-30,综合金融,CI005030.WI,33.2796,1.2803,32.3513
2022-11-06,综合金融,CI005030.WI,38.8714,1.3643,54.562
2022-11-13,综合金融,CI005030.WI,39.5665,1.3887,69.8753
2022-11-20,综合金融,CI005030.WI,39.6135,1.3903,72.5516
2022-11-27,综合金融,CI005030.WI,39.008,1.3691,48.7259
2022-12-04,综合金融,CI005030.WI,40.1994,1.4109,71.5695
2022-12-11,综合金融,CI005030.WI,41.2512,1.4478,118.8169
2022-12-18,综合金融,CI005030.WI,40.7772,1.4312,65.5441
2022-12-25,综合金融,CI005030.WI,39.3354,1.3806,68.9328
2023-01-01,综合金融,CI005030.WI,39.8725,1.3994,53.3347
2023-01-08,综合金融,CI005030.WI,42.0479,1.2676,47.2932
2023-01-15,综合金融,CI005030.WI,42.9772,1.2956,46.7361
2023-01-22,综合金融,CI005030.WI,43.9889,1.3261,63.5328
2023-02-05,综合金融,CI005030.WI,45.0378,1.3577,71.9288
2023-02-12,综合金融,CI005030.WI,45.3544,1.3673,75.8174
2023-02-19,综合金融,CI005030.WI,44.4335,1.3395,63.6708
2023-02-26,综合金融,CI005030.WI,46.3003,1.3958,58.1268
2023-03-05,综合金融,CI005030.WI,46.0992,1.3897,55.8809
2023-03-12,综合金融,CI005030.WI,44.1826,1.332,56.3164
2023-03-19,综合金融,CI005030.WI,36.3436,1.303,56.7367
2023-03-26,综合金融,CI005030.WI,33.7762,1.3034,63.2429
2023-04-02,综合金融,CI005030.WI,36.8242,1.2902,54.9638
2023-04-09,综合金融,CI005030.WI,37.7101,1.3654,53.9807
2023-04-16,综合金融,CI005030.WI,38.2536,1.3896,74.1253
2023-04-23,综合金融,CI005030.WI,35.363,1.2846,87.2139
2023-04-30,综合金融,CI005030.WI,288.4247,1.3438,56.0858
2023-05-07,综合金融,CI005030.WI,306.6018,1.4285,40.4081
2023-05-14,综合金融,CI005030.WI,308.9862,1.4396,127.6382
2023-05-21,综合金融,CI005030.WI,301.3235,1.4039,85.248
2023-05-28,综合金融,CI005030.WI,287.6418,1.3458,63.4575
2023-06-04,综合金融,CI005030.WI,67.3626,1.3384,61.1167
2023-06-11,综合金融,CI005030.WI,66.571,1.3227,41.7791
2023-06-18,综合金融,CI005030.WI,67.3446,1.3528,47.5132
2023-06-25,综合金融,CI005030.WI,64.8832,1.3047,25.5764
2023-07-02,综合金融,CI005030.WI,64.9869,1.3068,37.8128
2023-07-09,综合金融,CI005030.WI,67.1149,1.3496,48.8838
2023-07-16,综合金融,CI005030.WI,68.1,1.3732,53.0075
2023-07-23,综合金融,CI005030.WI,67.8514,1.3682,53.5288
2023-07-30,综合金融,CI005030.WI,62.2844,1.4208,85.3969
2023-08-06,综合金融,CI005030.WI,65.299,1.4896,126.2369
2023-08-13,综合金融,CI005030.WI,61.4543,1.4249,100.1338
2023-08-20,综合金融,CI005030.WI,54.4759,1.3625,66.2657
2023-08-27,综合金融,CI005030.WI,36.4516,1.373,64.9644
2023-09-03,综合金融,CI005030.WI,38.8483,1.3436,78.657
2023-09-10,综合金融,CI005030.WI,38.7444,1.34,42.1829
2023-09-17,综合金融,CI005030.WI,38.9963,1.3487,35.6745
2023-09-24,综合金融,CI005030.WI,39.1525,1.3541,27.5838
2023-10-01,综合金融,CI005030.WI,38.6968,1.3384,24.7728
2023-10-15,综合金融,CI005030.WI,38.293,1.3244,32.4556
2023-10-22,综合金融,CI005030.WI,36.3697,1.29,59.8314
2023-10-29,综合金融,CI005030.WI,37.4792,1.302,69.3217
2023-11-05,综合金融,CI005030.WI,36.9588,1.2797,48.283
2023-11-12,综合金融,CI005030.WI,37.0632,1.2834,44.6099
2023-11-19,综合金融,CI005030.WI,37.5744,1.3011,47.2662
2023-11-26,综合金融,CI005030.WI,38.6885,1.3396,63.6964
2023-12-03,综合金融,CI005030.WI,63.7204,1.4915,72.9745
2023-12-10,综合金融,CI005030.WI,63.0736,1.4764,106.8268
2023-12-17,综合金融,CI005030.WI,63.4043,1.4841,91.3138
2023-12-24,综合金融,CI005030.WI,59.6709,1.3967,69.5983
2023-12-31,综合金融,CI005030.WI,60.7996,1.4232,50.9818
2024-01-14,综合金融,CI005030.WI,58.2045,1.3624,50.0236
2024-01-21,综合金融,CI005030.WI,56.3906,1.32,121.5644
2024-01-28,综合金融,CI005030.WI,64.2379,1.5036,221.8859
2024-02-04,综合金融,CI005030.WI,54.9537,1.2863,222.9913
2024-02-11,综合金融,CI005030.WI,55.4049,1.2969,134.8191
2024-02-25,综合金融,CI005030.WI,60.0474,1.4055,175.1337
2024-03-03,综合金融,CI005030.WI,62.364,1.4598,226.0017
2024-03-10,综合金融,CI005030.WI,59.7856,1.4074,130.9413
2024-03-17,综合金融,CI005030.WI,52.096,1.41,114.8627
2024-03-24,综合金融,CI005030.WI,48.522,1.4003,109.155
2024-03-31,综合金融,CI005030.WI,45.9784,1.3268,81.9912
2024-04-07,综合金融,CI005030.WI,46.0855,1.3299,34.4422
2024-04-14,综合金融,CI005030.WI,61.7104,1.2866,51.2906
2024-04-21,综合金融,CI005030.WI,64.9786,1.2928,93.3693
2024-04-28,综合金融,CI005030.WI,30.8598,1.3537,82.8424
2024-05-05,综合金融,CI005030.WI,31.0609,1.3671,48.1334
2024-05-12,综合金融,CI005030.WI,30.7696,1.3543,73.4316
2024-05-19,综合金融,CI005030.WI,30.7954,1.3554,56.5045
2024-05-26,综合金融,CI005030.WI,29.3047,1.2898,52.8081
2024-06-02,综合金融,CI005030.WI,29.2038,1.2855,35.6285
2024-06-09,综合金融,CI005030.WI,28.0794,1.243,64.0997
2024-06-16,综合金融,CI005030.WI,28.3344,1.268,56.6434
2024-06-23,综合金融,CI005030.WI,27.073,1.2181,64.0012
2024-06-30,综合金融,CI005030.WI,26.6012,1.1969,55.8342
2024-07-07,综合金融,CI005030.WI,26.2979,1.1832,54.1681
2024-07-14,综合金融,CI005030.WI,26.1022,1.1801,45.9654
2024-07-21,综合金融,CI005030.WI,25.9792,1.1757,35.1311
2024-07-28,综合金融,CI005030.WI,26.0155,1.1773,41.4221
2024-08-04,综合金融,CI005030.WI,27.0253,1.223,72.6841
2024-08-11,综合金融,CI005030.WI,26.8463,1.1949,43.6711
2024-08-18,综合金融,CI005030.WI,26.564,1.185,41.3843
2024-08-25,综合金融,CI005030.WI,26.5612,1.1525,70.6167
2024-09-01,综合金融,CI005030.WI,30.248,1.1616,52.3296
2024-09-08,综合金融,CI005030.WI,29.5626,1.1417,60.0536
2024-09-15,综合金融,CI005030.WI,29.1722,1.1266,60.1506
2024-09-22,综合金融,CI005030.WI,30.4798,1.1771,57.4399
2024-09-29,综合金融,CI005030.WI,38.7074,1.4949,236.8231
2024-10-06,综合金融,CI005030.WI,43.2727,1.6712,87.4245
2024-10-13,综合金融,CI005030.WI,46.4658,1.7945,478.393
2024-10-20,综合金融,CI005030.WI,49.8858,1.9268,607.451
2024-10-27,综合金融,CI005030.WI,51.9153,1.8664,497.7821
2024-11-03,综合金融,CI005030.WI,53.7828,1.9839,581.4163
2024-11-10,综合金融,CI005030.WI,55.2804,2.0391,559.4312
2024-11-17,综合金融,CI005030.WI,51.0963,1.8848,317.3022
2024-11-24,综合金融,CI005030.WI,47.9668,1.7693,198.5732
2024-12-01,综合金融,CI005030.WI,50.9489,1.8793,216.5077
2024-12-08,综合金融,CI005030.WI,51.3126,1.8928,252.7978
2024-12-15,综合金融,CI005030.WI,50.7633,1.8725,236.5781
2024-12-22,综合金融,CI005030.WI,49.114,1.8093,151.1731
2024-12-29,综合金融,CI005030.WI,46.5629,1.7181,102.5604
2025-01-05,综合金融,CI005030.WI,41.2488,1.5241,105.5068
2025-01-12,综合金融,CI005030.WI,40.2484,1.4871,77.9726
2025-01-19,综合金融,CI005030.WI,42.6279,1.575,99.4019
2025-01-26,综合金融,CI005030.WI,43.1884,1.5957,147.9118
2025-02-02,综合金融,CI005030.WI,42.759,1.5799,25.5397
2025-02-09,综合金融,CI005030.WI,47.3923,1.7511,137.437
2025-02-16,综合金融,CI005030.WI,49.0746,1.8132,368.7392
2025-02-23,综合金融,CI005030.WI,48.9437,1.8084,284.0843
2025-03-02,综合金融,CI005030.WI,45.9743,1.6987,194.1777
2025-03-09,综合金融,CI005030.WI,47.1179,1.7393,220.3194
2025-03-16,综合金融,CI005030.WI,47.9708,1.7708,163.4473
2025-03-23,综合金融,CI005030.WI,46.4978,1.7164,180.5124
2025-03-30,综合金融,CI005030.WI,50.1821,1.6733,139.3741
2025-04-06,综合金融,CI005030.WI,49.6315,1.6549,115.6531
2025-04-13,综合金融,CI005030.WI,47.5909,1.5869,210.0246
2025-04-20,综合金融,CI005030.WI,48.5364,1.6206,201.7262
2025-04-27,综合金融,CI005030.WI,53.4344,1.6522,442.9839
2025-05-04,综合金融,CI005030.WI,96.0225,1.6597,144.1581
2025-05-11,综合金融,CI005030.WI,98.6484,1.7051,213.5809
2025-05-18,综合金融,CI005030.WI,97.9561,1.6932,234.4385
2025-05-25,综合金融,CI005030.WI,93.8511,1.6222,158.2086
2025-06-01,综合金融,CI005030.WI,101.8668,1.7609,278.3659
2025-06-08,综合金融,CI005030.WI,107.1751,1.7035,310.456
2025-06-15,综合金融,CI005030.WI,106.7685,1.697,295.3438
2025-06-22,综合金融,CI005030.WI,107.2051,1.7113,439.1994
2025-06-29,综合金融,CI005030.WI,122.2381,1.9512,591.7635
2025-07-06,综合金融,CI005030.WI,117.2373,1.8714,447.7945
2025-07-13,综合金融,CI005030.WI,125.7931,2.0192,526.5846
2025-07-20,综合金融,CI005030.WI,120.5455,1.9349,323.6334
2025-07-27,综合金融,CI005030.WI,119.9205,1.9249,259.4375
2025-08-03,综合金融,CI005030.WI,115.6462,1.8563,213.3845
2025-08-10,综合金融,CI005030.WI,115.8065,1.8592,128.7597
2025-08-17,综合金融,CI005030.WI,123.5342,1.9862,370.2873
2025-08-24,综合金融,CI005030.WI,124.6904,2.0183,417.6253
2025-08-31,综合金融,CI005030.WI,147.5503,1.9785,352.6186
2025-09-07,综合金融,CI005030.WI,139.7085,1.8733,226.1592
2025-09-14,综合金融,CI005030.WI,139.2836,1.8676,130.4404
2025-09-21,综合金融,CI005030.WI,139.0013,1.8638,220.7994
2025-09-28,综合金融,CI005030.WI,136.3549,1.8283,149.9647
2025-10-05,综合金融,CI005030.WI,137.2762,1.8407,57.153
2025-10-12,综合金融,CI005030.WI,138.0156,1.8506,51.169
2025-10-19,综合金融,CI005030.WI,132.7009,1.7803,129.5568
2025-10-26,综合金融,CI005030.WI,133.7853,1.829,101.1947
2025-11-02,综合金融,CI005030.WI,124.2818,1.8695,207.1144
2025-11-09,综合金融,CI005030.WI,122.5712,1.8438,182.2485
2025-11-16,综合金融,CI005030.WI,122.9326,1.8492,122.5247
2025-11-23,综合金融,CI005030.WI,113.5484,1.7081,109.5302
2025-11-30,综合金融,CI005030.WI,115.8292,1.7424,74.0238
2025-12-07,综合金融,CI005030.WI,114.3978,1.7208,84.8232
2025-12-14,综合金融,CI005030.WI,112.2446,1.6885,95.2601
2025-12-21,综合金融,CI005030.WI,114.0675,1.7159,145.5701
2025-12-28,综合金融,CI005030.WI,118.9637,1.7895,198.5512
2026-01-04,综合金融,CI005030.WI,122.8679,1.8483,246.3515
2026-01-11,综合金融,CI005030.WI,125.8485,1.8964,344.6262
2026-01-18,综合金融,CI005030.WI,122.5212,1.8463,409.1123
2026-01-25,综合金融,CI005030.WI,124.2254,1.8719,209.2383
2026-02-01,综合金融,CI005030.WI,117.1939,1.766,165.1449
2026-02-08,综合金融,CI005030.WI,116.8697,1.7611,146.3289
2026-02-15,综合金融,CI005030.WI,114.8438,1.7306,152.0757
2026-03-01,综合金融,CI005030.WI,118.9222,1.792,136.9482
2026-03-08,综合金融,CI005030.WI,115.0875,1.7557,219.6932
2026-03-15,综合金融,CI005030.WI,110.6983,1.6907,259.1797
2026-03-22,综合金融,CI005030.WI,106.3413,1.6242,190.6556
2026-03-29,综合金融,CI005030.WI,91.8587,1.5932,125.1543
2026-04-05,综合金融,CI005030.WI,89.2558,1.548,102.1366
2026-04-12,综合金融,CI005030.WI,93.8113,1.627,157.7476
2026-04-19,综合金融,CI005030.WI,48.1631,1.5963,151.0854
2026-04-26,综合金融,CI005030.WI,42.9901,1.5533,134.8985
2026-05-03,综合金融,CI005030.WI,66.4612,1.5963,104.32
2026-05-10,综合金融,CI005030.WI,67.0384,1.6101,93.1278
2026-05-17,综合金融,CI005030.WI,63.4183,1.5232,147.8725
2026-05-24,综合金融,CI005030.WI,61.7528,1.4834,100.0471
2026-05-31,综合金融,CI005030.WI,58.93,1.4156,97.2721
2026-06-07,综合金融,CI005030.WI,56.6525,1.3641,69.3948
2026-06-14,综合金融,CI005030.WI,55.1022,1.3268,64.8389
2026-06-21,综合金融,CI005030.WI,55.9214,1.3467,71.7102
2026-06-28,综合金融,CI005030.WI,52.5439,1.2712,99.7231
2026-07-05,综合金融,CI005030.WI,54.8099,1.326,77.126
2026-07-12,综合金融,CI005030.WI,54.4149,1.3231,73.8681
2026-07-19,综合金融,CI005030.WI,53.2379,1.2945,79.5934
2026-07-26,综合金融,CI005030.WI,52.8139,1.2842,109.1537
2026-08-02,综合金融,CI005030.WI,57.4429,1.3967,92.9949
2026-08-09,综合金融,CI005030.WI,59.0307,1.3861,95.2318
2016-01-10,计算机,CI005027.WI,104.9622,7.2001,2020.2156
2016-01-17,计算机,CI005027.WI,96.3561,6.5631,1987.2033
2016-01-24,计算机,CI005027.WI,99.1038,6.7366,2080.9556
2016-01-31,计算机,CI005027.WI,89.589,6.0956,1628.7256
2016-02-07,计算机,CI005027.WI,91.6408,6.2642,1633.7627
2016-02-21,计算机,CI005027.WI,98.1283,6.7151,1918.6187
2016-02-28,计算机,CI005027.WI,72.5068,6.756,2100.9503
2016-03-06,计算机,CI005027.WI,67.5534,6.2757,1773.3902
2016-03-13,计算机,CI005027.WI,67.3275,6.1791,1356.8598
2016-03-20,计算机,CI005027.WI,76.2619,6.9866,2488.4191
2016-03-27,计算机,CI005027.WI,78.2745,7.0853,3359.8613
2016-04-03,计算机,CI005027.WI,78.6899,7.0962,2720.8364
2016-04-10,计算机,CI005027.WI,79.504,7.1016,2172.9228
2016-04-17,计算机,CI005027.WI,82.5237,6.4069,2512.3711
2016-04-24,计算机,CI005027.WI,74.3107,5.6929,1969.5622
2016-05-01,计算机,CI005027.WI,59.9334,5.4875,1363.8801
2016-05-08,计算机,CI005027.WI,61.5482,6.0356,1561.4879
2016-05-15,计算机,CI005027.WI,57.4238,5.6229,1310.893
2016-05-22,计算机,CI005027.WI,59.1302,5.7451,1516.8069
2016-05-29,计算机,CI005027.WI,59.6114,5.787,1590.7689
2016-06-05,计算机,CI005027.WI,64.7904,6.3669,2465.8295
2016-06-12,计算机,CI005027.WI,64.8966,6.3631,1309.0341
2016-06-19,计算机,CI005027.WI,62.7547,6.1601,2097.196
2016-06-26,计算机,CI005027.WI,64.3979,6.3344,2453.8556
2016-07-03,计算机,CI005027.WI,67.2349,6.6042,2985.3204
2016-07-10,计算机,CI005027.WI,67.5325,6.5986,2399.5162
2016-07-17,计算机,CI005027.WI,68.0079,6.633,2502.0339
2016-07-24,计算机,CI005027.WI,68.447,6.6599,1954.8347
2016-07-31,计算机,CI005027.WI,60.5937,6.1102,2074.8349
2016-08-07,计算机,CI005027.WI,59.7873,6.0638,1217.431
2016-08-14,计算机,CI005027.WI,60.2466,6.082,1246.3813
2016-08-21,计算机,CI005027.WI,62.1391,6.293,1808.1106
2016-08-28,计算机,CI005027.WI,60.0984,6.0833,1402.4811
2016-09-04,计算机,CI005027.WI,60.5912,5.9836,1230.0172
2016-09-11,计算机,CI005027.WI,60.8695,6.0111,1350.3268
2016-09-18,计算机,CI005027.WI,58.8566,5.8123,625.6211
2016-09-25,计算机,CI005027.WI,59.3436,5.8566,885.2285
2016-10-02,计算机,CI005027.WI,58.681,5.7628,875.5533
2016-10-16,计算机,CI005027.WI,61.2838,5.9737,1293.8557
2016-10-23,计算机,CI005027.WI,61.1035,5.9505,1238.8865
2016-10-30,计算机,CI005027.WI,55.2164,5.8516,1454.2514
2016-11-06,计算机,CI005027.WI,53.4712,5.8617,1302.9185
2016-11-13,计算机,CI005027.WI,54.1348,5.9309,1290.1076
2016-11-20,计算机,CI005027.WI,54.2363,5.9207,1471.5644
2016-11-27,计算机,CI005027.WI,54.6218,5.9433,1509.7061
2016-12-04,计算机,CI005027.WI,53.2587,5.8086,1471.1146
2016-12-11,计算机,CI005027.WI,51.9353,5.6128,998.5773
2016-12-18,计算机,CI005027.WI,49.2522,5.3145,1065.1907
2016-12-25,计算机,CI005027.WI,48.6861,5.2483,672.9814
2017-01-01,计算机,CI005027.WI,48.2649,5.1974,711.2463
2017-01-08,计算机,CI005027.WI,48.5037,5.214,652.2159
2017-01-15,计算机,CI005027.WI,46.1264,4.9582,773.1489
2017-01-22,计算机,CI005027.WI,45.4404,4.454,789.8025
2017-01-29,计算机,CI005027.WI,51.6295,4.2304,495.9389
2017-02-05,计算机,CI005027.WI,51.4615,4.2167,98.5248
2017-02-12,计算机,CI005027.WI,52.976,4.3299,824.5749
2017-02-19,计算机,CI005027.WI,52.1979,4.2727,940.7358
2017-02-26,计算机,CI005027.WI,52.5641,4.4021,1037.5459
2017-03-05,计算机,CI005027.WI,52.8918,4.7582,1064.6538
2017-03-12,计算机,CI005027.WI,53.9263,4.8403,1224.1031
2017-03-19,计算机,CI005027.WI,54.6419,4.8762,1380.5723
2017-03-26,计算机,CI005027.WI,54.6014,4.8222,1322.1972
2017-04-02,计算机,CI005027.WI,52.9346,4.5685,1045.6012
2017-04-09,计算机,CI005027.WI,54.186,4.6792,687.5963
2017-04-16,计算机,CI005027.WI,52.1335,4.5297,1172.7066
2017-04-23,计算机,CI005027.WI,51.9776,4.3427,891.9336
2017-04-30,计算机,CI005027.WI,63.7687,4.3221,887.7785
2017-05-07,计算机,CI005027.WI,62.5627,4.24,853.3311
2017-05-14,计算机,CI005027.WI,60.4217,4.1006,999.7099
2017-05-21,计算机,CI005027.WI,62.3704,4.237,1231.106
2017-05-28,计算机,CI005027.WI,60.2234,4.1059,970.9991
2017-06-04,计算机,CI005027.WI,58.8234,4.0128,504.2778
2017-06-11,计算机,CI005027.WI,60.943,4.1633,962.5147
2017-06-18,计算机,CI005027.WI,61.4815,4.2266,917.3601
2017-06-25,计算机,CI005027.WI,60.6602,4.1744,996.7536
2017-07-02,计算机,CI005027.WI,61.6024,4.2421,876.3946
2017-07-09,计算机,CI005027.WI,61.9304,4.2753,1021.1693
2017-07-16,计算机,CI005027.WI,59.2486,4.1016,858.2443
2017-07-23,计算机,CI005027.WI,55.5142,3.8529,793.3638
2017-07-30,计算机,CI005027.WI,56.6933,3.9457,831.1543
2017-08-06,计算机,CI005027.WI,56.2255,3.8966,940.042
2017-08-13,计算机,CI005027.WI,56.079,3.8771,896.6749
2017-08-20,计算机,CI005027.WI,60.9295,4.1522,1676.9858
2017-08-27,计算机,CI005027.WI,60.932,4.1229,1300.6344
2017-09-03,计算机,CI005027.WI,62.3815,4.2852,1628.9128
2017-09-10,计算机,CI005027.WI,63.7444,4.3663,2149.8111
2017-09-17,计算机,CI005027.WI,62.9931,4.2987,1544.3724
2017-09-24,计算机,CI005027.WI,62.7346,4.2798,1298.3895
2017-10-01,计算机,CI005027.WI,62.763,4.2585,1083.2116
2017-10-15,计算机,CI005027.WI,64.471,4.3663,1527.5157
2017-10-22,计算机,CI005027.WI,63.3232,4.2656,1182.4701
2017-10-29,计算机,CI005027.WI,61.86,4.1883,968.2624
2017-11-05,计算机,CI005027.WI,61.0926,4.0916,1255.0198
2017-11-12,计算机,CI005027.WI,63.538,4.2543,1486.7518
2017-11-19,计算机,CI005027.WI,60.3995,4.0608,1840.2275
2017-11-26,计算机,CI005027.WI,59.2359,3.9825,1596.687
2017-12-03,计算机,CI005027.WI,59.7513,4.0132,1133.1452
2017-12-10,计算机,CI005027.WI,57.6875,3.8775,1087.7611
2017-12-17,计算机,CI005027.WI,59.2565,3.9775,1272.9711
2017-12-24,计算机,CI005027.WI,58.2643,3.904,1118.0676
2017-12-31,计算机,CI005027.WI,57.6041,3.854,876.112
2018-01-07,计算机,CI005027.WI,58.5724,3.9152,817.1691
2018-01-14,计算机,CI005027.WI,59.6832,3.9869,1537.9881
2018-01-21,计算机,CI005027.WI,56.6535,3.7926,1233.2033
2018-01-28,计算机,CI005027.WI,58.35,3.9124,1263.6048
2018-02-04,计算机,CI005027.WI,53.5196,3.5881,1017.0892
2018-02-11,计算机,CI005027.WI,49.4651,3.3622,936.8111
2018-02-18,计算机,CI005027.WI,53.0858,3.4627,510.0835
2018-02-25,计算机,CI005027.WI,54.5678,3.5547,343.365
2018-03-04,计算机,CI005027.WI,69.0589,4.0943,1817.515
2018-03-11,计算机,CI005027.WI,71.9757,4.249,1979.325
2018-03-18,计算机,CI005027.WI,70.536,4.1697,2259.6138
2018-03-25,计算机,CI005027.WI,65.6418,3.8602,2001.4707
2018-04-01,计算机,CI005027.WI,68.8201,4.2977,2608.8945
2018-04-08,计算机,CI005027.WI,61.0707,4.0926,1673.6666
2018-04-15,计算机,CI005027.WI,62.2657,4.1367,2188.4797
2018-04-22,计算机,CI005027.WI,61.4173,4.1425,3011.2811
2018-04-29,计算机,CI005027.WI,60.2509,4.4355,2660.5585
2018-05-06,计算机,CI005027.WI,59.5439,4.3936,1232.347
2018-05-13,计算机,CI005027.WI,59.8088,4.4028,1810.9778
2018-05-20,计算机,CI005027.WI,58.7839,4.3319,1491.758
2018-05-27,计算机,CI005027.WI,58.4436,4.3171,1641.7381
2018-06-03,计算机,CI005027.WI,55.6469,4.115,1473.5821
2018-06-10,计算机,CI005027.WI,59.9962,4.1789,1231.7668
2018-06-17,计算机,CI005027.WI,56.1288,3.9146,1208.4373
2018-06-24,计算机,CI005027.WI,50.8622,3.5491,982.4071
2018-07-01,计算机,CI005027.WI,54.2068,3.7908,1196.4019
2018-07-08,计算机,CI005027.WI,52.8635,3.6888,1524.4803
2018-07-15,计算机,CI005027.WI,53.8926,3.7614,1483.5928
2018-07-22,计算机,CI005027.WI,54.3089,3.7936,1369.9458
2018-07-29,计算机,CI005027.WI,54.1509,3.7717,1513.7819
2018-08-05,计算机,CI005027.WI,49.532,3.4565,972.2576
2018-08-12,计算机,CI005027.WI,51.679,3.6271,1144.8513
2018-08-19,计算机,CI005027.WI,48.8359,3.4895,1297.108
2018-08-26,计算机,CI005027.WI,49.9612,3.5631,1147.8177
2018-09-02,计算机,CI005027.WI,50.4975,3.5088,1171.3992
2018-09-09,计算机,CI005027.WI,51.4095,3.5722,1480.2355
2018-09-16,计算机,CI005027.WI,49.1693,3.4168,1032.1503
2018-09-23,计算机,CI005027.WI,50.2389,3.4913,967.4108
2018-09-30,计算机,CI005027.WI,49.4125,3.4325,725.1084
2018-10-14,计算机,CI005027.WI,42.276,2.9419,868.707
2018-10-21,计算机,CI005027.WI,42.5099,2.9617,928.3676
2018-10-28,计算机,CI005027.WI,41.929,2.9308,1081.9119
2018-11-04,计算机,CI005027.WI,46.7841,3.1064,1131.8704
2018-11-11,计算机,CI005027.WI,45.9142,3.0488,1040.1905
2018-11-18,计算机,CI005027.WI,50.0633,3.3245,1414.1357
2018-11-25,计算机,CI005027.WI,46.2737,3.0715,1225.6673
2018-12-02,计算机,CI005027.WI,45.5775,3.0432,906.2606
2018-12-09,计算机,CI005027.WI,45.97,3.0731,992.8187
2018-12-16,计算机,CI005027.WI,44.8514,2.9977,685.5919
2018-12-23,计算机,CI005027.WI,43.9936,2.9393,583.5768
2018-12-30,计算机,CI005027.WI,42.9487,2.8686,742.0726
2019-01-06,计算机,CI005027.WI,44.1228,2.9469,472.1253
2019-01-13,计算机,CI005027.WI,45.2244,3.0165,977.3012
2019-01-20,计算机,CI005027.WI,45.3028,3.0212,971.1095
2019-01-27,计算机,CI005027.WI,44.8687,2.9986,808.7834
2019-02-03,计算机,CI005027.WI,44.1533,2.9534,874.488
2019-02-17,计算机,CI005027.WI,47.4476,3.1729,1214.6083
2019-02-24,计算机,CI005027.WI,62.004,3.466,1832.5782
2019-03-03,计算机,CI005027.WI,73.4864,3.7164,2861.4877
2019-03-10,计算机,CI005027.WI,82.0122,4.1496,4526.8394
2019-03-17,计算机,CI005027.WI,79.4694,4.0016,4297.432
2019-03-24,计算机,CI005027.WI,83.1629,4.2094,3056.9314
2019-03-31,计算机,CI005027.WI,81.2603,4.1521,2884.641
2019-04-07,计算机,CI005027.WI,86.6921,4.4089,3246.4129
2019-04-14,计算机,CI005027.WI,80.0778,4.1816,2689.4105
2019-04-21,计算机,CI005027.WI,80.1169,4.1769,2371.7529
2019-04-28,计算机,CI005027.WI,87.5249,3.9507,2174.1899
2019-05-05,计算机,CI005027.WI,108.7781,3.8148,828.9197
2019-05-12,计算机,CI005027.WI,104.4047,3.668,1830.3155
2019-05-19,计算机,CI005027.WI,100.4303,3.5334,1741.2346
2019-05-26,计算机,CI005027.WI,99.5423,3.5378,2038.6549
2019-06-02,计算机,CI005027.WI,101.8084,3.6261,1893.0775
2019-06-09,计算机,CI005027.WI,96.7002,3.4474,1140.3702
2019-06-16,计算机,CI005027.WI,99.825,3.5421,1638.0244
2019-06-23,计算机,CI005027.WI,107.1698,3.8096,1851.4386
2019-06-30,计算机,CI005027.WI,104.8117,3.7073,1861.1646
2019-07-07,计算机,CI005027.WI,106.4522,3.7652,1686.7203
2019-07-14,计算机,CI005027.WI,101.0904,3.5757,1224.6974
2019-07-21,计算机,CI005027.WI,102.0513,3.6005,1332.3874
2019-07-28,计算机,CI005027.WI,118.5894,3.5513,1324.8391
2019-08-04,计算机,CI005027.WI,115.3301,3.4268,1245.6646
2019-08-11,计算机,CI005027.WI,108.6234,3.2401,1344.3656
2019-08-18,计算机,CI005027.WI,107.8444,3.3923,1406.5933
2019-08-25,计算机,CI005027.WI,113.3704,3.5149,2126.568
2019-09-01,计算机,CI005027.WI,116.8392,3.5608,2305.8063
2019-09-08,计算机,CI005027.WI,127.8025,3.8945,3264.9975
2019-09-15,计算机,CI005027.WI,131.2579,3.9998,2844.4815
2019-09-22,计算机,CI005027.WI,128.1899,3.9883,3015.5927
2019-09-29,计算机,CI005027.WI,122.332,3.805,2963.778
2019-10-06,计算机,CI005027.WI,120.543,3.7495,373.5804
2019-10-13,计算机,CI005027.WI,122.9965,3.8768,1659.194
2019-10-20,计算机,CI005027.WI,118.1434,3.7895,2347.7069
2019-10-27,计算机,CI005027.WI,121.3732,3.8175,2069.2992
2019-11-03,计算机,CI005027.WI,122.853,3.7712,3483.3675
2019-11-10,计算机,CI005027.WI,123.2635,3.8146,2437.6765
2019-11-17,计算机,CI005027.WI,120.5275,3.73,2035.8427
2019-11-24,计算机,CI005027.WI,120.5749,3.7307,2189.7032
2019-12-01,计算机,CI005027.WI,173.2464,3.375,1521.4306
2019-12-08,计算机,CI005027.WI,96.3803,3.8403,1819.6722
2019-12-15,计算机,CI005027.WI,100.137,3.9879,2628.4886
2019-12-22,计算机,CI005027.WI,101.1745,4.0293,3274.0335
2019-12-29,计算机,CI005027.WI,100.0588,3.9754,2242.6156
2020-01-05,计算机,CI005027.WI,103.7749,4.1834,884.776
2020-01-12,计算机,CI005027.WI,107.9282,4.351,3759.5094
2020-01-19,计算机,CI005027.WI,111.7372,4.491,3616.1793
2020-01-26,计算机,CI005027.WI,108.1185,4.3433,2892.6116
2020-02-09,计算机,CI005027.WI,112.5085,4.5237,4007.409
2020-02-16,计算机,CI005027.WI,115.4926,4.6574,4657.3988
2020-02-23,计算机,CI005027.WI,127.186,5.1291,5890.4235
2020-03-01,计算机,CI005027.WI,161.3263,4.7935,7344.4359
2020-03-08,计算机,CI005027.WI,170.199,5.1754,5845.3187
2020-03-15,计算机,CI005027.WI,160.7132,4.9004,4463.5464
2020-03-22,计算机,CI005027.WI,154.1273,4.6959,3983.1489
2020-03-29,计算机,CI005027.WI,146.404,4.5093,3192.6581
2020-04-05,计算机,CI005027.WI,138.4065,4.438,2420.6965
2020-04-12,计算机,CI005027.WI,140.061,4.4881,2586.8945
2020-04-19,计算机,CI005027.WI,143.9716,4.5928,2916.5389
2020-04-26,计算机,CI005027.WI,157.1242,4.5553,3201.8888
2020-05-03,计算机,CI005027.WI,343.8757,4.8079,2144.4387
2020-05-10,计算机,CI005027.WI,353.4742,5.0193,2022.6193
2020-05-17,计算机,CI005027.WI,351.4693,4.9905,2763.5898
2020-05-24,计算机,CI005027.WI,332.2717,4.7141,2897.2917
2020-05-31,计算机,CI005027.WI,235.495,4.6911,2027.3503
2020-06-07,计算机,CI005027.WI,176.0663,4.9178,2693.5599
2020-06-14,计算机,CI005027.WI,177.3827,4.9645,2613.011
2020-06-21,计算机,CI005027.WI,183.0892,5.1316,2839.0199
2020-06-28,计算机,CI005027.WI,192.093,5.3126,1999.895
2020-07-05,计算机,CI005027.WI,211.5588,5.5335,4156.4758
2020-07-12,计算机,CI005027.WI,237.2993,6.2915,7253.7291
2020-07-19,计算机,CI005027.WI,214.291,5.7012,6386.7454
2020-07-26,计算机,CI005027.WI,209.3325,5.586,4986.3561
2020-08-02,计算机,CI005027.WI,214.3136,5.8086,3587.994
2020-08-09,计算机,CI005027.WI,209.0995,5.8965,5052.2571
2020-08-16,计算机,CI005027.WI,200.4602,5.7056,3542.6775
2020-08-23,计算机,CI005027.WI,188.9213,5.6352,3448.9373
2020-08-30,计算机,CI005027.WI,217.6427,5.647,3751.9837
2020-09-06,计算机,CI005027.WI,212.4347,5.5782,3968.9592
2020-09-13,计算机,CI005027.WI,198.1382,5.2018,4130.8841
2020-09-20,计算机,CI005027.WI,205.5469,5.3916,2969.4445
2020-09-27,计算机,CI005027.WI,196.3699,5.1511,2444.6342
2020-10-04,计算机,CI005027.WI,196.7647,5.1475,1082.381
2020-10-11,计算机,CI005027.WI,200.8061,5.3345,488.4698
2020-10-18,计算机,CI005027.WI,189.7029,5.3647,2953.1174
2020-10-25,计算机,CI005027.WI,176.8553,5.1315,2650.1385
2020-11-01,计算机,CI005027.WI,183.2195,4.916,2693.7167
2020-11-08,计算机,CI005027.WI,195.9321,5.0406,2818.8596
2020-11-15,计算机,CI005027.WI,192.9637,4.9643,2805.1784
2020-11-22,计算机,CI005027.WI,192.6597,4.9508,2007.2303
2020-11-29,计算机,CI005027.WI,188.3432,4.8397,2144.4645
2020-12-06,计算机,CI005027.WI,193.5227,4.9874,2636.9714
2020-12-13,计算机,CI005027.WI,184.4018,4.7478,2207.9617
2020-12-20,计算机,CI005027.WI,184.9525,4.7532,1837.6916
2020-12-27,计算机,CI005027.WI,178.9726,4.5993,2013.6056
2021-01-03,计算机,CI005027.WI,189.2777,4.8595,1956.7998
2021-01-10,计算机,CI005027.WI,185.2351,4.8041,3117.8966
2021-01-17,计算机,CI005027.WI,185.9985,4.8239,3251.113
2021-01-24,计算机,CI005027.WI,193.4661,5.0135,3011.4384
2021-01-31,计算机,CI005027.WI,181.574,4.663,2813.6833
2021-02-07,计算机,CI005027.WI,173.7228,4.4715,2441.0293
2021-02-14,计算机,CI005027.WI,177.9012,4.6899,1262.6061
2021-02-21,计算机,CI005027.WI,185.0088,4.776,1126.3461
2021-02-28,计算机,CI005027.WI,151.2377,4.4176,2591.9039
2021-03-07,计算机,CI005027.WI,146.0702,4.4814,2179.925
2021-03-14,计算机,CI005027.WI,135.8547,4.1908,2018.2319
2021-03-21,计算机,CI005027.WI,137.4349,4.1604,1530.0127
2021-03-28,计算机,CI005027.WI,145.7118,4.3346,1849.3516
2021-04-04,计算机,CI005027.WI,142.2474,4.3488,1782.5602
2021-04-11,计算机,CI005027.WI,283.3978,4.3713,1360.3724
2021-04-18,计算机,CI005027.WI,147.3637,4.5883,1774.1546
2021-04-25,计算机,CI005027.WI,139.9297,4.4393,2314.2372
2021-05-02,计算机,CI005027.WI,101.9356,4.3341,2134.9658
2021-05-09,计算机,CI005027.WI,99.2742,4.2318,729.9485
2021-05-16,计算机,CI005027.WI,103.0883,4.3984,2267.564
2021-05-23,计算机,CI005027.WI,103.4206,4.4206,2300.2948
2021-05-30,计算机,CI005027.WI,108.6976,4.6428,2933.05
2021-06-06,计算机,CI005027.WI,107.6132,4.6171,2941.0231
2021-06-13,计算机,CI005027.WI,113.7693,4.8865,4242.6629
2021-06-20,计算机,CI005027.WI,112.535,4.8364,3557.8299
2021-06-27,计算机,CI005027.WI,111.8607,4.8109,3679.7993
2021-07-04,计算机,CI005027.WI,111.1407,4.775,3736.2417
2021-07-11,计算机,CI005027.WI,113.099,4.8684,3585.6883
2021-07-18,计算机,CI005027.WI,115.5404,4.9888,4484.6429
2021-07-25,计算机,CI005027.WI,111.9854,4.9298,3665.5966
2021-08-01,计算机,CI005027.WI,108.1699,4.7418,3684.5319
2021-08-08,计算机,CI005027.WI,111.2013,4.8632,3680.5536
2021-08-15,计算机,CI005027.WI,111.2455,4.8274,3232.3095
2021-08-22,计算机,CI005027.WI,106.2392,4.7033,2931.9209
2021-08-29,计算机,CI005027.WI,115.235,4.6452,2789.2802
2021-09-05,计算机,CI005027.WI,119.302,4.6217,3346.5208
2021-09-12,计算机,CI005027.WI,122.6681,4.752,3410.2313
2021-09-19,计算机,CI005027.WI,118.4683,4.5796,2995.7602
2021-09-26,计算机,CI005027.WI,119.8954,4.6341,1472.3396
2021-10-03,计算机,CI005027.WI,118.0418,4.5502,1978.7008
2021-10-10,计算机,CI005027.WI,119.048,4.6215,486.0941
2021-10-17,计算机,CI005027.WI,114.2101,4.5531,2042.2678
2021-10-24,计算机,CI005027.WI,114.612,4.502,2235.5883
2021-10-31,计算机,CI005027.WI,125.5126,4.4198,2285.2348
2021-11-07,计算机,CI005027.WI,127.3459,4.5034,2366.0378
2021-11-14,计算机,CI005027.WI,131.801,4.4177,2774.2693
2021-11-21,计算机,CI005027.WI,131.991,4.4222,2890.3762
2021-11-28,计算机,CI005027.WI,132.1097,4.433,3052.3532
2021-12-05,计算机,CI005027.WI,131.8231,4.4334,3261.071
2021-12-12,计算机,CI005027.WI,132.8134,4.4516,3038.8222
2021-12-19,计算机,CI005027.WI,134.2354,4.7389,3583.0948
2021-12-26,计算机,CI005027.WI,133.1132,4.697,3008.2674
2022-01-02,计算机,CI005027.WI,135.1945,4.7706,2804.1896
2022-01-09,计算机,CI005027.WI,130.4836,4.6,3151.447
2022-01-16,计算机,CI005027.WI,129.4987,4.563,3128.3132
2022-01-23,计算机,CI005027.WI,135.5319,4.7754,5700.381
2022-01-30,计算机,CI005027.WI,122.7676,4.2941,3967.5295
2022-02-13,计算机,CI005027.WI,122.6657,4.2768,3622.2129
2022-02-20,计算机,CI005027.WI,122.7614,4.2461,3443.3919
2022-02-27,计算机,CI005027.WI,121.9468,4.1984,4785.9266
2022-03-06,计算机,CI005027.WI,117.6419,4.0714,3485.2966
2022-03-13,计算机,CI005027.WI,109.3349,3.8478,3567.6838
2022-03-20,计算机,CI005027.WI,110.0631,3.8084,3818.0431
2022-03-27,计算机,CI005027.WI,109.5504,3.6528,2842.8775
2022-04-03,计算机,CI005027.WI,115.7244,3.6695,2534.291
2022-04-10,计算机,CI005027.WI,112.3202,3.5199,1495.1251
2022-04-17,计算机,CI005027.WI,100.354,3.3369,2066.1841
2022-04-24,计算机,CI005027.WI,95.1851,3.1332,1796.7313
2022-05-01,计算机,CI005027.WI,68.1501,3.0609,2142.4367
2022-05-08,计算机,CI005027.WI,68.3107,3.0735,810.2538
2022-05-15,计算机,CI005027.WI,70.4135,3.1734,1822.6095
2022-05-22,计算机,CI005027.WI,71.5555,3.2284,1643.8764
2022-05-29,计算机,CI005027.WI,69.9418,3.1622,1714.1557
2022-06-05,计算机,CI005027.WI,74.3861,3.3648,1495.526
2022-06-12,计算机,CI005027.WI,75.9411,3.4368,2563.602
2022-06-19,计算机,CI005027.WI,77.0524,3.4954,2811.9143
2022-06-26,计算机,CI005027.WI,78.6469,3.5706,2591.3568
2022-07-03,计算机,CI005027.WI,75.0498,3.5364,2679.4869
2022-07-10,计算机,CI005027.WI,72.8825,3.4774,2240.7658
2022-07-17,计算机,CI005027.WI,69.4828,3.3243,1787.8506
2022-07-24,计算机,CI005027.WI,72.9374,3.4808,2304.8429
2022-07-31,计算机,CI005027.WI,73.3767,3.5007,2042.3714
2022-08-07,计算机,CI005027.WI,75.2794,3.5962,2607.8943
2022-08-14,计算机,CI005027.WI,75.3507,3.6021,2587.7245
2022-08-21,计算机,CI005027.WI,74.2909,3.4818,2174.1214
2022-08-28,计算机,CI005027.WI,75.0866,3.3235,1980.6236
2022-09-04,计算机,CI005027.WI,79.156,3.3361,1550.568
2022-09-11,计算机,CI005027.WI,79.293,3.3418,1454.5156
2022-09-18,计算机,CI005027.WI,77.4267,3.263,1473.5393
2022-09-25,计算机,CI005027.WI,73.9835,3.1178,1567.8837
2022-10-02,计算机,CI005027.WI,71.3602,2.9888,1260.6454
2022-10-16,计算机,CI005027.WI,77.4913,3.2009,1955.1633
2022-10-23,计算机,CI005027.WI,78.0409,3.3349,2464.6711
2022-10-30,计算机,CI005027.WI,91.1433,3.3846,3564.0936
2022-11-06,计算机,CI005027.WI,121.6183,3.6388,4081.7077
2022-11-13,计算机,CI005027.WI,121.0593,3.62,3440.1153
2022-11-20,计算机,CI005027.WI,125.4461,3.755,3918.6823
2022-11-27,计算机,CI005027.WI,118.3612,3.5423,2863.4512
2022-12-04,计算机,CI005027.WI,119.1561,3.6302,2640.2537
2022-12-11,计算机,CI005027.WI,116.3726,3.5452,2410.6066
2022-12-18,计算机,CI005027.WI,114.3959,3.4848,2092.3215
2022-12-25,计算机,CI005027.WI,110.4972,3.3657,1605.9438
2023-01-01,计算机,CI005027.WI,113.0867,3.4418,1543.0533
2023-01-08,计算机,CI005027.WI,72.608,3.3632,2263.8037
2023-01-15,计算机,CI005027.WI,71.7943,3.3255,2211.6766
2023-01-22,计算机,CI005027.WI,77.0969,3.5759,2768.2594
2023-02-05,计算机,CI005027.WI,81.5051,3.7519,4352.8356
2023-02-12,计算机,CI005027.WI,81.8426,3.7674,5392.2355
2023-02-19,计算机,CI005027.WI,80.0171,3.6659,5906.1283
2023-02-26,计算机,CI005027.WI,80.1655,3.7141,4647.5925
2023-03-05,计算机,CI005027.WI,85.9459,3.8755,5685.2797
2023-03-12,计算机,CI005027.WI,85.2243,3.8446,4754.3978
2023-03-19,计算机,CI005027.WI,91.4938,4.0411,5665.6633
2023-03-26,计算机,CI005027.WI,97.6798,4.3631,7561.7326
2023-04-02,计算机,CI005027.WI,101.8808,4.4611,8874.1933
2023-04-09,计算机,CI005027.WI,106.5197,4.6987,8206.3248
2023-04-16,计算机,CI005027.WI,98.7212,4.4647,8745.8599
2023-04-23,计算机,CI005027.WI,106.9366,4.2923,7802.7427
2023-04-30,计算机,CI005027.WI,107.0415,4.0715,7000.0499
2023-05-07,计算机,CI005027.WI,105.171,4.0084,2464.167
2023-05-14,计算机,CI005027.WI,103.4081,3.9435,5747.4223
2023-05-21,计算机,CI005027.WI,104.8936,3.9969,4671.7647
2023-05-28,计算机,CI005027.WI,103.9711,3.969,4271.4126
2023-06-04,计算机,CI005027.WI,111.0572,4.2457,6507.0489
2023-06-11,计算机,CI005027.WI,112.6858,4.3213,5850.8416
2023-06-18,计算机,CI005027.WI,119.5733,4.5886,7178.9845
2023-06-25,计算机,CI005027.WI,119.8052,4.5987,5097.0587
2023-07-02,计算机,CI005027.WI,110.8642,4.318,5357.8751
2023-07-09,计算机,CI005027.WI,106.261,4.1865,4830.0083
2023-07-16,计算机,CI005027.WI,108.5682,4.2801,4723.742
2023-07-23,计算机,CI005027.WI,101.3278,3.9977,3960.0127
2023-07-30,计算机,CI005027.WI,97.6602,4.0525,3688.7611
2023-08-06,计算机,CI005027.WI,103.192,4.2204,4227.4551
2023-08-13,计算机,CI005027.WI,97.6532,4.0421,4253.3986
2023-08-20,计算机,CI005027.WI,96.889,3.8625,3932.97
2023-08-27,计算机,CI005027.WI,94.2929,3.7082,4833.7038
2023-09-03,计算机,CI005027.WI,96.8986,3.8997,5210.0862
2023-09-10,计算机,CI005027.WI,94.8249,3.8163,4326.8767
2023-09-17,计算机,CI005027.WI,90.874,3.6573,3826.5108
2023-09-24,计算机,CI005027.WI,92.6775,3.7285,3130.5762
2023-10-01,计算机,CI005027.WI,92.3791,3.7169,2890.072
2023-10-15,计算机,CI005027.WI,91.6889,3.6966,4481.1976
2023-10-22,计算机,CI005027.WI,86.128,3.4466,4536.9931
2023-10-29,计算机,CI005027.WI,85.4991,3.4186,4393.5545
2023-11-05,计算机,CI005027.WI,84.2664,3.4001,3907.4542
2023-11-12,计算机,CI005027.WI,87.8684,3.5452,5075.4696
2023-11-19,计算机,CI005027.WI,91.4174,3.6874,5773.73
2023-11-26,计算机,CI005027.WI,87.4804,3.5285,4833.7625
2023-12-03,计算机,CI005027.WI,88.857,3.5689,3522.4682
2023-12-10,计算机,CI005027.WI,89.9702,3.6126,4438.6066
2023-12-17,计算机,CI005027.WI,88.1376,3.5351,4232.9759
2023-12-24,计算机,CI005027.WI,83.1889,3.3361,3350.0545
2023-12-31,计算机,CI005027.WI,85.365,3.422,3042.8637
2024-01-14,计算机,CI005027.WI,76.7236,3.0636,2854.239
2024-01-21,计算机,CI005027.WI,73.3028,2.9331,2699.968
2024-01-28,计算机,CI005027.WI,73.2158,2.9353,3227.0281
2024-02-04,计算机,CI005027.WI,62.8426,2.5269,2787.7119
2024-02-11,计算机,CI005027.WI,66.8371,2.6903,2871.1368
2024-02-25,计算机,CI005027.WI,75.9688,3.0163,4444.4007
2024-03-03,计算机,CI005027.WI,82.8614,3.2507,6304.3096
2024-03-10,计算机,CI005027.WI,83.601,3.2798,5795.0822
2024-03-17,计算机,CI005027.WI,85.4268,3.2928,5471.2719
2024-03-24,计算机,CI005027.WI,89.468,3.4209,6202.3731
2024-03-31,计算机,CI005027.WI,83.6602,3.1807,5362.4288
2024-04-07,计算机,CI005027.WI,81.4005,3.0846,2336.011
2024-04-14,计算机,CI005027.WI,78.0127,2.9713,2965.1272
2024-04-21,计算机,CI005027.WI,77.2208,2.8755,3254.8294
2024-04-28,计算机,CI005027.WI,87.3337,3.0903,3175.6025
2024-05-05,计算机,CI005027.WI,95.222,3.1328,1822.9259
2024-05-12,计算机,CI005027.WI,92.3432,3.0404,3292.7109
2024-05-19,计算机,CI005027.WI,92.9354,3.0625,2675.7538
2024-05-26,计算机,CI005027.WI,88.7701,2.9302,2755.9748
2024-06-02,计算机,CI005027.WI,88.5556,2.9303,2269.5138
2024-06-09,计算机,CI005027.WI,84.8109,2.8531,2709.6708
2024-06-16,计算机,CI005027.WI,89.176,3.01,2141.3112
2024-06-23,计算机,CI005027.WI,88.5182,2.9931,3111.4074
2024-06-30,计算机,CI005027.WI,85.6769,2.8862,2973.3005
2024-07-07,计算机,CI005027.WI,82.7344,2.8064,2708.8548
2024-07-14,计算机,CI005027.WI,82.7309,2.8082,2727.2789
2024-07-21,计算机,CI005027.WI,81.1334,2.7582,2496.6282
2024-07-28,计算机,CI005027.WI,79.1102,2.6963,2578.8974
2024-08-04,计算机,CI005027.WI,78.9506,2.7289,2813.2693
2024-08-11,计算机,CI005027.WI,74.9265,2.5985,2150.4389
2024-08-18,计算机,CI005027.WI,75.0632,2.618,1725.6089
2024-08-25,计算机,CI005027.WI,73.18,2.5449,2048.4948
2024-09-01,计算机,CI005027.WI,77.5507,2.599,2303.322
2024-09-08,计算机,CI005027.WI,74.7093,2.5044,2326.1699
2024-09-15,计算机,CI005027.WI,75.2335,2.5231,2209.1571
2024-09-22,计算机,CI005027.WI,77.3702,2.5955,1660.5482
2024-09-29,计算机,CI005027.WI,91.5104,3.0777,5632.2166
2024-10-06,计算机,CI005027.WI,103.7652,3.49,2180.4321
2024-10-13,计算机,CI005027.WI,101.311,3.4273,10735.3009
2024-10-20,计算机,CI005027.WI,112.0692,3.7808,11869.8748
2024-10-27,计算机,CI005027.WI,109.9678,3.7349,10886.7758
2024-11-03,计算机,CI005027.WI,107.9298,3.6912,12155.1853
2024-11-10,计算机,CI005027.WI,123.8202,4.2342,13128.6596
2024-11-17,计算机,CI005027.WI,119.0314,4.0756,13974.973
2024-11-24,计算机,CI005027.WI,115.4305,3.9526,10357.4724
2024-12-01,计算机,CI005027.WI,119.6184,4.0939,9337.965
2024-12-08,计算机,CI005027.WI,122.4688,4.1904,10904.4384
2024-12-15,计算机,CI005027.WI,121.216,4.1473,11328.5753
2024-12-22,计算机,CI005027.WI,122.4339,4.1881,8910.5328
2024-12-29,计算机,CI005027.WI,118.4217,4.0506,7702.8519
2025-01-05,计算机,CI005027.WI,103.4999,3.5621,5619.4274
2025-01-12,计算机,CI005027.WI,101.9761,3.5097,5356.3717
2025-01-19,计算机,CI005027.WI,108.6522,3.7398,6319.109
2025-01-26,计算机,CI005027.WI,114.1667,3.939,6687.1097
2025-02-02,计算机,CI005027.WI,111.3735,3.8419,1655.1856
2025-02-09,计算机,CI005027.WI,123.6317,4.2851,7999.7913
2025-02-16,计算机,CI005027.WI,132.1401,4.5806,15778.5967
2025-02-23,计算机,CI005027.WI,135.3372,4.7602,16291.7346
2025-03-02,计算机,CI005027.WI,129.0618,4.356,15292.3467
2025-03-09,计算机,CI005027.WI,134.9173,4.6251,12650.4066
2025-03-16,计算机,CI005027.WI,133.3908,4.5724,10946.3761
2025-03-23,计算机,CI005027.WI,126.3056,4.3143,8836.6734
2025-03-30,计算机,CI005027.WI,126.4532,4.1258,5501.1413
2025-04-06,计算机,CI005027.WI,125.1517,4.0378,3879.3548
2025-04-13,计算机,CI005027.WI,118.3684,3.8073,6975.8242
2025-04-20,计算机,CI005027.WI,126.5455,3.7808,4511.8072
2025-04-27,计算机,CI005027.WI,128.0542,3.8031,5233.8341
2025-05-04,计算机,CI005027.WI,140.1256,3.8633,3227.0123
2025-05-11,计算机,CI005027.WI,142.4205,3.9266,5604.1484
2025-05-18,计算机,CI005027.WI,140.5587,3.8791,5403.2109
2025-05-25,计算机,CI005027.WI,136.4934,3.7754,4011.5136
2025-06-01,计算机,CI005027.WI,138.4236,3.8405,4481.5082
2025-06-08,计算机,CI005027.WI,142.8619,3.977,4535.2578
2025-06-15,计算机,CI005027.WI,139.9786,3.9012,5960.4732
2025-06-22,计算机,CI005027.WI,137.4267,3.8307,6024.679
2025-06-29,计算机,CI005027.WI,148.1601,4.1329,8772.3288
2025-07-06,计算机,CI005027.WI,144.1347,4.1497,6877.0747
2025-07-13,计算机,CI005027.WI,149.2523,4.3008,7815.9652
2025-07-20,计算机,CI005027.WI,153.0545,4.4139,8700.9406
2025-07-27,计算机,CI005027.WI,156.42,4.5118,7635.7254
2025-08-03,计算机,CI005027.WI,158.812,4.6308,8512.7406
2025-08-10,计算机,CI005027.WI,159.5819,4.6701,7931.5133
2025-08-17,计算机,CI005027.WI,160.3922,5.0076,10689.7146
2025-08-24,计算机,CI005027.WI,172.6348,5.3698,15072.1512
2025-08-31,计算机,CI005027.WI,175.2534,5.5582,17900.3273
2025-09-07,计算机,CI005027.WI,165.5792,5.2522,12383.3943
2025-09-14,计算机,CI005027.WI,173.9071,5.5182,9723.8345
2025-09-21,计算机,CI005027.WI,175.7257,5.5753,11312.7065
2025-09-28,计算机,CI005027.WI,174.7887,5.5519,10701.5666
2025-10-05,计算机,CI005027.WI,179.324,5.6991,3585.0608
2025-10-12,计算机,CI005027.WI,176.0,5.609,4359.0792
2025-10-19,计算机,CI005027.WI,164.1756,5.2481,8216.8543
2025-10-26,计算机,CI005027.WI,170.8117,5.5242,6342.0739
2025-11-02,计算机,CI005027.WI,141.5514,5.6202,9759.8698
2025-11-09,计算机,CI005027.WI,139.3363,5.5326,8202.4734
2025-11-16,计算机,CI005027.WI,132.4816,5.2607,6425.4925
2025-11-23,计算机,CI005027.WI,127.8805,5.0782,7699.365
2025-11-30,计算机,CI005027.WI,131.3665,5.2172,8249.8445
2025-12-07,计算机,CI005027.WI,129.8134,5.1573,6547.0587
2025-12-14,计算机,CI005027.WI,129.7035,5.1535,7385.6086
2025-12-21,计算机,CI005027.WI,126.6922,5.0349,6120.6772
2025-12-28,计算机,CI005027.WI,131.7854,5.2374,6352.5617
2026-01-04,计算机,CI005027.WI,132.0828,5.2495,4620.0507
2026-01-11,计算机,CI005027.WI,141.4289,5.6209,11655.5599
2026-01-18,计算机,CI005027.WI,147.6858,5.9081,19968.4165
2026-01-25,计算机,CI005027.WI,144.338,5.8523,10836.239
2026-02-01,计算机,CI005027.WI,138.1727,5.589,11603.3964
2026-02-08,计算机,CI005027.WI,131.9464,5.3443,8314.4532
2026-02-15,计算机,CI005027.WI,137.9075,5.4887,8767.2227
2026-03-01,计算机,CI005027.WI,141.417,5.5533,7873.9333
2026-03-08,计算机,CI005027.WI,134.2284,5.3136,9347.2737
2026-03-15,计算机,CI005027.WI,117.7608,5.1747,10606.1124
2026-03-22,计算机,CI005027.WI,112.1491,4.9428,8197.471
2026-03-29,计算机,CI005027.WI,108.084,4.7855,6830.6337
2026-04-05,计算机,CI005027.WI,104.0718,4.6743,5788.6545
2026-04-12,计算机,CI005027.WI,110.2711,4.9937,5926.4571
2026-04-19,计算机,CI005027.WI,113.4912,5.2358,8210.4877
2026-04-26,计算机,CI005027.WI,110.4643,5.2777,9203.7052
2026-05-03,计算机,CI005027.WI,92.7056,5.209,7183.0252
2026-05-10,计算机,CI005027.WI,97.8143,5.496,7072.6623
2026-05-17,计算机,CI005027.WI,96.9766,5.4529,12617.6942
2026-05-24,计算机,CI005027.WI,95.9101,5.3954,10415.8077
2026-05-31,计算机,CI005027.WI,92.6298,5.2197,9720.1717
2026-06-07,计算机,CI005027.WI,91.0444,5.1425,9013.7849
2026-06-14,计算机,CI005027.WI,86.7959,4.9086,7462.0098
2026-06-21,计算机,CI005027.WI,93.1215,5.2671,6512.5196
2026-06-28,计算机,CI005027.WI,87.9697,4.9813,9868.0106
2026-07-05,计算机,CI005027.WI,87.7413,4.9752,8938.5226
2026-07-12,计算机,CI005027.WI,89.1861,5.0598,9286.5276
2026-07-19,计算机,CI005027.WI,78.3184,4.4534,8538.2997
2026-07-26,计算机,CI005027.WI,79.1883,4.503,8779.027
2026-08-02,计算机,CI005027.WI,80.7153,4.5966,7331.2307
2026-08-09,计算机,CI005027.WI,87.6004,5.0557,9356.2917
2016-01-10,轻工制造,CI005009.WI,76.6043,4.1416,736.5911
2016-01-17,轻工制造,CI005009.WI,68.8734,3.7243,653.9878
2016-01-24,轻工制造,CI005009.WI,69.8123,3.7764,636.3647
2016-01-31,轻工制造,CI005009.WI,63.0578,3.4381,499.2858
2016-02-07,轻工制造,CI005009.WI,66.151,3.6019,464.2532
2016-02-21,轻工制造,CI005009.WI,70.0826,3.8325,545.6518
2016-02-28,轻工制造,CI005009.WI,62.5374,3.592,641.6836
2016-03-06,轻工制造,CI005009.WI,60.6357,3.4698,532.2455
2016-03-13,轻工制造,CI005009.WI,54.4289,3.4468,434.3178
2016-03-20,轻工制造,CI005009.WI,60.2746,3.8082,563.1455
2016-03-27,轻工制造,CI005009.WI,62.8862,3.8823,701.3835
2016-04-03,轻工制造,CI005009.WI,57.2039,3.8879,646.6329
2016-04-10,轻工制造,CI005009.WI,57.1085,3.8868,573.1197
2016-04-17,轻工制造,CI005009.WI,60.2701,4.0785,660.6221
2016-04-24,轻工制造,CI005009.WI,56.6861,3.8139,637.5204
2016-05-01,轻工制造,CI005009.WI,53.7446,3.7898,462.1859
2016-05-08,轻工制造,CI005009.WI,53.1787,3.771,472.7879
2016-05-15,轻工制造,CI005009.WI,50.5053,3.5827,417.1706
2016-05-22,轻工制造,CI005009.WI,50.0573,3.6185,329.916
2016-05-29,轻工制造,CI005009.WI,50.5904,3.6606,379.1485
2016-06-05,轻工制造,CI005009.WI,53.2433,3.8562,523.0734
2016-06-12,轻工制造,CI005009.WI,53.3499,3.8651,316.1155
2016-06-19,轻工制造,CI005009.WI,52.7247,3.8438,536.9306
2016-06-26,轻工制造,CI005009.WI,51.9178,3.7194,530.5794
2016-07-03,轻工制造,CI005009.WI,54.7588,3.907,578.5868
2016-07-10,轻工制造,CI005009.WI,55.8831,3.9924,550.4953
2016-07-17,轻工制造,CI005009.WI,56.8862,4.0386,542.7061
2016-07-24,轻工制造,CI005009.WI,56.9182,4.0483,547.8586
2016-07-31,轻工制造,CI005009.WI,55.1443,3.9282,554.6643
2016-08-07,轻工制造,CI005009.WI,54.8027,3.9034,367.2896
2016-08-14,轻工制造,CI005009.WI,54.8603,3.9488,401.7501
2016-08-21,轻工制造,CI005009.WI,56.4177,4.0557,523.439
2016-08-28,轻工制造,CI005009.WI,55.1957,4.0037,425.804
2016-09-04,轻工制造,CI005009.WI,54.92,3.9557,343.1475
2016-09-11,轻工制造,CI005009.WI,56.2346,4.0308,467.8293
2016-09-18,轻工制造,CI005009.WI,54.8417,3.931,219.0871
2016-09-25,轻工制造,CI005009.WI,55.9022,4.007,320.0584
2016-10-02,轻工制造,CI005009.WI,56.2619,3.9438,297.6743
2016-10-16,轻工制造,CI005009.WI,57.8947,4.0353,438.7889
2016-10-23,轻工制造,CI005009.WI,57.6282,4.0202,474.6377
2016-10-30,轻工制造,CI005009.WI,53.8456,3.9386,431.4806
2016-11-06,轻工制造,CI005009.WI,53.3871,3.9593,441.6056
2016-11-13,轻工制造,CI005009.WI,54.1351,4.0148,515.1598
2016-11-20,轻工制造,CI005009.WI,54.4082,3.9798,523.0714
2016-11-27,轻工制造,CI005009.WI,55.6289,4.0037,628.2791
2016-12-04,轻工制造,CI005009.WI,54.2307,3.9031,635.5684
2016-12-11,轻工制造,CI005009.WI,53.7607,3.8693,397.6213
2016-12-18,轻工制造,CI005009.WI,53.2067,3.8294,525.6618
2016-12-25,轻工制造,CI005009.WI,55.7516,3.6565,539.1325
2017-01-01,轻工制造,CI005009.WI,55.9387,3.6688,449.276
2017-01-08,轻工制造,CI005009.WI,56.6149,3.7132,380.1229
2017-01-15,轻工制造,CI005009.WI,54.1845,3.5538,439.3109
2017-01-22,轻工制造,CI005009.WI,53.4339,3.4823,380.0233
2017-01-29,轻工制造,CI005009.WI,55.0232,3.5939,233.8234
2017-02-05,轻工制造,CI005009.WI,54.791,3.5788,36.985
2017-02-12,轻工制造,CI005009.WI,55.5141,3.8692,437.0285
2017-02-19,轻工制造,CI005009.WI,54.685,3.8618,555.9544
2017-02-26,轻工制造,CI005009.WI,55.238,3.9485,560.4369
2017-03-05,轻工制造,CI005009.WI,49.842,4.2055,562.8122
2017-03-12,轻工制造,CI005009.WI,50.2692,4.1189,562.1758
2017-03-19,轻工制造,CI005009.WI,50.4033,4.1684,633.2794
2017-03-26,轻工制造,CI005009.WI,50.3163,4.1817,614.6178
2017-04-02,轻工制造,CI005009.WI,47.119,4.0123,540.2623
2017-04-09,轻工制造,CI005009.WI,47.7798,4.0758,287.8528
2017-04-16,轻工制造,CI005009.WI,47.2522,4.1598,433.7451
2017-04-23,轻工制造,CI005009.WI,46.0106,4.0349,416.3923
2017-04-30,轻工制造,CI005009.WI,41.7658,3.9125,378.7977
2017-05-07,轻工制造,CI005009.WI,41.3733,3.8729,270.2319
2017-05-14,轻工制造,CI005009.WI,40.0817,3.7603,325.3685
2017-05-21,轻工制造,CI005009.WI,40.6835,3.7818,319.7547
2017-05-28,轻工制造,CI005009.WI,39.0436,3.64,269.3549
2017-06-04,轻工制造,CI005009.WI,38.4225,3.5923,173.1136
2017-06-11,轻工制造,CI005009.WI,40.553,3.7935,336.3053
2017-06-18,轻工制造,CI005009.WI,40.834,3.8593,359.8224
2017-06-25,轻工制造,CI005009.WI,40.3332,3.8171,340.6881
2017-07-02,轻工制造,CI005009.WI,41.0973,3.893,310.6175
2017-07-09,轻工制造,CI005009.WI,42.4822,4.0311,423.2566
2017-07-16,轻工制造,CI005009.WI,40.8146,3.7987,440.9858
2017-07-23,轻工制造,CI005009.WI,39.8414,3.7107,428.5206
2017-07-30,轻工制造,CI005009.WI,40.0681,3.7252,384.4446
2017-08-06,轻工制造,CI005009.WI,39.5706,3.6695,432.043
2017-08-13,轻工制造,CI005009.WI,37.7969,3.5979,359.2146
2017-08-20,轻工制造,CI005009.WI,37.442,3.671,336.0545
2017-08-27,轻工制造,CI005009.WI,36.784,3.6422,290.6094
2017-09-03,轻工制造,CI005009.WI,37.1122,3.7193,454.1477
2017-09-10,轻工制造,CI005009.WI,37.5856,3.7588,517.4518
2017-09-17,轻工制造,CI005009.WI,37.9841,3.7715,566.0652
2017-09-24,轻工制造,CI005009.WI,37.6189,3.7324,373.3734
2017-10-01,轻工制造,CI005009.WI,37.8745,3.7629,337.2771
2017-10-15,轻工制造,CI005009.WI,38.2703,3.8397,452.9435
2017-10-22,轻工制造,CI005009.WI,36.8054,3.7682,395.4179
2017-10-29,轻工制造,CI005009.WI,35.6684,3.7088,361.885
2017-11-05,轻工制造,CI005009.WI,33.7245,3.5406,374.251
2017-11-12,轻工制造,CI005009.WI,34.589,3.6209,352.4597
2017-11-19,轻工制造,CI005009.WI,32.9161,3.442,359.2162
2017-11-26,轻工制造,CI005009.WI,32.0256,3.341,278.5582
2017-12-03,轻工制造,CI005009.WI,32.4532,3.3856,255.0329
2017-12-10,轻工制造,CI005009.WI,31.5821,3.2897,233.8883
2017-12-17,轻工制造,CI005009.WI,31.6233,3.2928,191.9475
2017-12-24,轻工制造,CI005009.WI,31.8003,3.3113,212.9342
2017-12-31,轻工制造,CI005009.WI,31.7715,3.3083,253.7491
2018-01-07,轻工制造,CI005009.WI,32.3825,3.3719,239.1647
2018-01-14,轻工制造,CI005009.WI,32.5396,3.3883,328.7608
2018-01-21,轻工制造,CI005009.WI,32.548,3.3883,405.4251
2018-01-28,轻工制造,CI005009.WI,32.9568,3.4373,363.0325
2018-02-04,轻工制造,CI005009.WI,31.1396,3.2586,389.5132
2018-02-11,轻工制造,CI005009.WI,28.6975,3.0056,369.5208
2018-02-18,轻工制造,CI005009.WI,29.9841,3.139,133.6953
2018-02-25,轻工制造,CI005009.WI,30.791,3.2211,108.6216
2018-03-04,轻工制造,CI005009.WI,31.275,3.2411,370.4562
2018-03-11,轻工制造,CI005009.WI,31.9263,3.3185,358.6285
2018-03-18,轻工制造,CI005009.WI,31.5418,3.2896,389.3887
2018-03-25,轻工制造,CI005009.WI,29.2474,3.1151,344.7825
2018-04-01,轻工制造,CI005009.WI,29.567,3.2161,316.4559
2018-04-08,轻工制造,CI005009.WI,29.0534,3.161,192.7453
2018-04-15,轻工制造,CI005009.WI,28.7794,3.1795,362.9708
2018-04-22,轻工制造,CI005009.WI,27.146,3.0087,336.9593
2018-04-29,轻工制造,CI005009.WI,26.977,2.9384,267.5938
2018-05-06,轻工制造,CI005009.WI,27.4802,3.04,188.8847
2018-05-13,轻工制造,CI005009.WI,28.4298,3.1469,392.335
2018-05-20,轻工制造,CI005009.WI,28.5811,3.1663,346.858
2018-05-27,轻工制造,CI005009.WI,28.562,3.1707,420.7006
2018-06-03,轻工制造,CI005009.WI,27.8503,3.1005,388.4771
2018-06-10,轻工制造,CI005009.WI,27.1381,3.099,344.8731
2018-06-17,轻工制造,CI005009.WI,26.1503,2.9891,270.5569
2018-06-24,轻工制造,CI005009.WI,24.6484,2.8242,228.1159
2018-07-01,轻工制造,CI005009.WI,24.6546,2.8309,267.1614
2018-07-08,轻工制造,CI005009.WI,23.1629,2.6689,280.9061
2018-07-15,轻工制造,CI005009.WI,24.0484,2.7826,274.1739
2018-07-22,轻工制造,CI005009.WI,23.7944,2.754,243.7197
2018-07-29,轻工制造,CI005009.WI,24.0841,2.7885,313.3407
2018-08-05,轻工制造,CI005009.WI,22.348,2.6052,259.7594
2018-08-12,轻工制造,CI005009.WI,22.175,2.6028,252.696
2018-08-19,轻工制造,CI005009.WI,21.3937,2.4523,242.3651
2018-08-26,轻工制造,CI005009.WI,21.7204,2.4667,205.2058
2018-09-02,轻工制造,CI005009.WI,20.3546,2.4071,203.3673
2018-09-09,轻工制造,CI005009.WI,19.8521,2.3477,188.3268
2018-09-16,轻工制造,CI005009.WI,19.401,2.2944,169.7286
2018-09-23,轻工制造,CI005009.WI,20.0255,2.3708,192.3314
2018-09-30,轻工制造,CI005009.WI,19.883,2.3546,139.403
2018-10-14,轻工制造,CI005009.WI,17.8493,2.1138,205.8562
2018-10-21,轻工制造,CI005009.WI,17.0257,2.0173,194.345
2018-10-28,轻工制造,CI005009.WI,17.1547,2.0657,227.6306
2018-11-04,轻工制造,CI005009.WI,18.2006,2.1723,249.841
2018-11-11,轻工制造,CI005009.WI,18.3189,2.1874,295.2964
2018-11-18,轻工制造,CI005009.WI,19.6922,2.3513,493.9452
2018-11-25,轻工制造,CI005009.WI,18.3669,2.1931,417.0738
2018-12-02,轻工制造,CI005009.WI,18.2404,2.178,277.558
2018-12-09,轻工制造,CI005009.WI,18.5584,2.2441,303.8047
2018-12-16,轻工制造,CI005009.WI,18.4281,2.2289,223.3362
2018-12-23,轻工制造,CI005009.WI,18.0292,2.1807,260.0368
2018-12-30,轻工制造,CI005009.WI,17.7731,2.1499,277.4601
2019-01-06,轻工制造,CI005009.WI,17.7365,2.1455,149.8306
2019-01-13,轻工制造,CI005009.WI,18.2357,2.2059,301.7649
2019-01-20,轻工制造,CI005009.WI,18.3854,2.224,298.4257
2019-01-27,轻工制造,CI005009.WI,18.6805,2.2591,276.5927
2019-02-03,轻工制造,CI005009.WI,18.1712,2.1995,274.5525
2019-02-17,轻工制造,CI005009.WI,18.9615,2.3072,350.2288
2019-02-24,轻工制造,CI005009.WI,19.9926,2.4286,553.5406
2019-03-03,轻工制造,CI005009.WI,21.0142,2.5154,747.6062
2019-03-10,轻工制造,CI005009.WI,21.5382,2.5769,908.4625
2019-03-17,轻工制造,CI005009.WI,22.2677,2.6659,774.6284
2019-03-24,轻工制造,CI005009.WI,23.1911,2.7932,731.0109
2019-03-31,轻工制造,CI005009.WI,24.6983,2.8609,952.5487
2019-04-07,轻工制造,CI005009.WI,25.8094,2.9933,892.4159
2019-04-14,轻工制造,CI005009.WI,25.2154,2.8773,930.26
2019-04-21,轻工制造,CI005009.WI,26.5932,2.9239,784.173
2019-04-28,轻工制造,CI005009.WI,26.9917,2.7531,656.1399
2019-05-05,轻工制造,CI005009.WI,26.7895,2.6924,220.3439
2019-05-12,轻工制造,CI005009.WI,25.7899,2.5962,503.2169
2019-05-19,轻工制造,CI005009.WI,25.1872,2.5302,501.789
2019-05-26,轻工制造,CI005009.WI,24.7185,2.4886,356.1027
2019-06-02,轻工制造,CI005009.WI,25.2087,2.5466,359.1207
2019-06-09,轻工制造,CI005009.WI,23.8417,2.4164,249.0988
2019-06-16,轻工制造,CI005009.WI,24.0688,2.4503,331.8948
2019-06-23,轻工制造,CI005009.WI,24.8763,2.5352,343.169
2019-06-30,轻工制造,CI005009.WI,24.6929,2.5214,333.3312
2019-07-07,轻工制造,CI005009.WI,25.2612,2.5784,351.5672
2019-07-14,轻工制造,CI005009.WI,24.4337,2.4971,254.9467
2019-07-21,轻工制造,CI005009.WI,24.2322,2.4781,249.9729
2019-07-28,轻工制造,CI005009.WI,23.7362,2.502,233.1577
2019-08-04,轻工制造,CI005009.WI,23.0832,2.4347,223.7366
2019-08-11,轻工制造,CI005009.WI,21.9492,2.2986,224.9283
2019-08-18,轻工制造,CI005009.WI,22.9685,2.3585,224.1643
2019-08-25,轻工制造,CI005009.WI,24.8338,2.4991,361.1201
2019-09-01,轻工制造,CI005009.WI,25.9622,2.4213,361.4854
2019-09-08,轻工制造,CI005009.WI,26.7482,2.4922,343.0716
2019-09-15,轻工制造,CI005009.WI,27.5482,2.5665,363.8105
2019-09-22,轻工制造,CI005009.WI,27.4455,2.5659,368.3355
2019-09-29,轻工制造,CI005009.WI,26.4605,2.4779,341.1162
2019-10-06,轻工制造,CI005009.WI,26.3741,2.4699,56.9376
2019-10-13,轻工制造,CI005009.WI,26.9471,2.5265,258.6583
2019-10-20,轻工制造,CI005009.WI,26.8761,2.5323,375.8265
2019-10-27,轻工制造,CI005009.WI,26.9777,2.53,336.3223
2019-11-03,轻工制造,CI005009.WI,26.6611,2.4542,464.495
2019-11-10,轻工制造,CI005009.WI,27.153,2.4995,475.2691
2019-11-17,轻工制造,CI005009.WI,26.4721,2.4368,385.9217
2019-11-24,轻工制造,CI005009.WI,26.774,2.4649,413.9193
2019-12-01,轻工制造,CI005009.WI,19.6802,1.4175,314.536
2019-12-08,轻工制造,CI005009.WI,28.7692,2.3883,309.15
2019-12-15,轻工制造,CI005009.WI,29.0085,2.4082,362.3367
2019-12-22,轻工制造,CI005009.WI,30.206,2.4603,524.3674
2019-12-29,轻工制造,CI005009.WI,30.4797,2.4826,391.5312
2020-01-05,轻工制造,CI005009.WI,31.7584,2.585,167.9952
2020-01-12,轻工制造,CI005009.WI,32.5396,2.6486,531.7341
2020-01-19,轻工制造,CI005009.WI,32.5712,2.6511,562.5824
2020-01-26,轻工制造,CI005009.WI,31.3693,2.5566,426.5683
2020-02-09,轻工制造,CI005009.WI,30.0719,2.4692,577.5562
2020-02-16,轻工制造,CI005009.WI,30.1561,2.4761,536.0007
2020-02-23,轻工制造,CI005009.WI,31.8324,2.627,638.928
2020-03-01,轻工制造,CI005009.WI,27.6259,2.4619,797.8638
2020-03-08,轻工制造,CI005009.WI,29.7462,2.6528,737.9217
2020-03-15,轻工制造,CI005009.WI,27.3463,2.4598,659.535
2020-03-22,轻工制造,CI005009.WI,25.7969,2.3248,509.6156
2020-03-29,轻工制造,CI005009.WI,25.4036,2.3316,424.162
2020-04-05,轻工制造,CI005009.WI,24.834,2.2497,385.7856
2020-04-12,轻工制造,CI005009.WI,25.1824,2.2906,386.0631
2020-04-19,轻工制造,CI005009.WI,24.4078,2.3312,399.0797
2020-04-26,轻工制造,CI005009.WI,24.3115,2.2919,420.3342
2020-05-03,轻工制造,CI005009.WI,25.9477,2.2668,309.9798
2020-05-10,轻工制造,CI005009.WI,26.4527,2.3109,217.254
2020-05-17,轻工制造,CI005009.WI,26.487,2.3157,394.2125
2020-05-24,轻工制造,CI005009.WI,25.9689,2.2791,357.3883
2020-05-31,轻工制造,CI005009.WI,27.9593,2.4254,409.4124
2020-06-07,轻工制造,CI005009.WI,28.5973,2.4841,586.4276
2020-06-14,轻工制造,CI005009.WI,28.3903,2.4714,504.6063
2020-06-21,轻工制造,CI005009.WI,29.084,2.5355,507.4459
2020-06-28,轻工制造,CI005009.WI,28.9043,2.5242,326.1538
2020-07-05,轻工制造,CI005009.WI,30.0446,2.6249,614.356
2020-07-12,轻工制造,CI005009.WI,32.4749,2.8433,1090.1808
2020-07-19,轻工制造,CI005009.WI,32.1434,2.814,1019.2397
2020-07-26,轻工制造,CI005009.WI,32.0825,2.804,878.2221
2020-08-02,轻工制造,CI005009.WI,33.9677,2.9536,683.1031
2020-08-09,轻工制造,CI005009.WI,34.8612,3.0313,852.4508
2020-08-16,轻工制造,CI005009.WI,34.9372,3.0405,719.3485
2020-08-23,轻工制造,CI005009.WI,35.4032,3.0133,715.5184
2020-08-30,轻工制造,CI005009.WI,34.6073,2.9823,629.8461
2020-09-06,轻工制造,CI005009.WI,34.8154,2.9668,641.3378
2020-09-13,轻工制造,CI005009.WI,33.3347,2.8393,658.7874
2020-09-20,轻工制造,CI005009.WI,33.959,2.892,551.1585
2020-09-27,轻工制造,CI005009.WI,32.5931,2.771,474.6102
2020-10-04,轻工制造,CI005009.WI,32.1414,2.7317,237.6054
2020-10-11,轻工制造,CI005009.WI,32.9795,2.7965,90.6895
2020-10-18,轻工制造,CI005009.WI,34.0182,2.883,532.0336
2020-10-25,轻工制造,CI005009.WI,32.4648,2.8443,483.4586
2020-11-01,轻工制造,CI005009.WI,31.817,2.8016,512.7157
2020-11-08,轻工制造,CI005009.WI,32.9385,2.9146,525.9519
2020-11-15,轻工制造,CI005009.WI,33.0544,2.9247,565.4072
2020-11-22,轻工制造,CI005009.WI,33.6173,2.9746,584.4017
2020-11-29,轻工制造,CI005009.WI,32.6575,2.8864,570.4771
2020-12-06,轻工制造,CI005009.WI,33.3629,2.9418,592.7098
2020-12-13,轻工制造,CI005009.WI,32.0167,2.8231,545.2389
2020-12-20,轻工制造,CI005009.WI,32.2251,2.8415,488.0534
2020-12-27,轻工制造,CI005009.WI,31.326,2.7554,567.4369
2021-01-03,轻工制造,CI005009.WI,31.9749,2.8118,423.9184
2021-01-10,轻工制造,CI005009.WI,32.5502,2.9139,757.3181
2021-01-17,轻工制造,CI005009.WI,32.8018,2.9423,687.071
2021-01-24,轻工制造,CI005009.WI,33.7833,3.0298,759.8876
2021-01-31,轻工制造,CI005009.WI,32.7827,2.9417,769.0146
2021-02-07,轻工制造,CI005009.WI,33.3289,3.0132,837.216
2021-02-14,轻工制造,CI005009.WI,34.0834,3.0801,392.4192
2021-02-21,轻工制造,CI005009.WI,34.7433,3.1394,353.1866
2021-02-28,轻工制造,CI005009.WI,33.035,2.9506,878.5297
2021-03-07,轻工制造,CI005009.WI,33.6456,3.0064,702.6322
2021-03-14,轻工制造,CI005009.WI,32.3442,2.9137,612.8884
2021-03-21,轻工制造,CI005009.WI,33.4177,3.0051,612.5564
2021-03-28,轻工制造,CI005009.WI,32.1638,3.0419,667.4874
2021-04-04,轻工制造,CI005009.WI,32.6074,3.0881,655.5924
2021-04-11,轻工制造,CI005009.WI,33.0806,3.1477,513.1625
2021-04-18,轻工制造,CI005009.WI,31.5395,3.0785,604.2847
2021-04-25,轻工制造,CI005009.WI,29.706,3.0633,606.1593
2021-05-02,轻工制造,CI005009.WI,26.7378,2.9651,596.7156
2021-05-09,轻工制造,CI005009.WI,26.6233,2.9592,245.2615
2021-05-16,轻工制造,CI005009.WI,26.1174,2.9061,553.3934
2021-05-23,轻工制造,CI005009.WI,26.2413,2.9234,575.8384
2021-05-30,轻工制造,CI005009.WI,26.4626,2.9692,846.2218
2021-06-06,轻工制造,CI005009.WI,26.8474,3.0242,799.8691
2021-06-13,轻工制造,CI005009.WI,26.1042,2.9547,679.1061
2021-06-20,轻工制造,CI005009.WI,25.7227,2.915,447.4091
2021-06-27,轻工制造,CI005009.WI,26.2413,2.9818,571.4599
2021-07-04,轻工制造,CI005009.WI,25.3899,2.886,559.8451
2021-07-11,轻工制造,CI005009.WI,25.2048,2.8703,628.9352
2021-07-18,轻工制造,CI005009.WI,25.4779,2.902,738.621
2021-07-25,轻工制造,CI005009.WI,24.8275,2.8276,665.1042
2021-08-01,轻工制造,CI005009.WI,23.75,2.7505,684.4056
2021-08-08,轻工制造,CI005009.WI,24.0281,2.8026,719.8325
2021-08-15,轻工制造,CI005009.WI,24.6928,2.86,778.8133
2021-08-22,轻工制造,CI005009.WI,23.4382,2.7635,647.9671
2021-08-29,轻工制造,CI005009.WI,23.4255,2.7685,716.1425
2021-09-05,轻工制造,CI005009.WI,23.6035,2.799,998.1629
2021-09-12,轻工制造,CI005009.WI,24.2363,2.8738,976.9495
2021-09-19,轻工制造,CI005009.WI,22.084,2.6153,782.238
2021-09-26,轻工制造,CI005009.WI,22.101,2.6179,505.027
2021-10-03,轻工制造,CI005009.WI,21.3835,2.5325,450.7075
2021-10-10,轻工制造,CI005009.WI,21.9428,2.5974,110.0898
2021-10-17,轻工制造,CI005009.WI,21.358,2.5284,451.944
2021-10-24,轻工制造,CI005009.WI,21.5114,2.5522,435.7542
2021-10-31,轻工制造,CI005009.WI,21.6555,2.3995,498.8847
2021-11-07,轻工制造,CI005009.WI,22.0903,2.4354,518.1003
2021-11-14,轻工制造,CI005009.WI,22.699,2.5025,530.9746
2021-11-21,轻工制造,CI005009.WI,22.718,2.5046,601.7708
2021-11-28,轻工制造,CI005009.WI,22.7979,2.5132,606.1622
2021-12-05,轻工制造,CI005009.WI,23.009,2.5354,835.5527
2021-12-12,轻工制造,CI005009.WI,23.6187,2.6026,883.9952
2021-12-19,轻工制造,CI005009.WI,23.5831,2.5986,812.5748
2021-12-26,轻工制造,CI005009.WI,23.654,2.6061,857.2143
2022-01-02,轻工制造,CI005009.WI,24.659,2.7168,819.32
2022-01-09,轻工制造,CI005009.WI,24.6503,2.7262,870.7221
2022-01-16,轻工制造,CI005009.WI,24.2827,2.6855,949.2349
2022-01-23,轻工制造,CI005009.WI,23.7089,2.6221,871.0869
2022-01-30,轻工制造,CI005009.WI,22.3009,2.4662,637.8411
2022-02-13,轻工制造,CI005009.WI,22.4711,2.4853,633.2082
2022-02-20,轻工制造,CI005009.WI,22.5614,2.4953,571.7655
2022-02-27,轻工制造,CI005009.WI,22.8993,2.4752,648.1949
2022-03-06,轻工制造,CI005009.WI,23.0067,2.4708,626.3174
2022-03-13,轻工制造,CI005009.WI,21.9629,2.3464,719.5326
2022-03-20,轻工制造,CI005009.WI,21.5715,2.2911,728.2324
2022-03-27,轻工制造,CI005009.WI,21.2534,2.2546,633.6067
2022-04-03,轻工制造,CI005009.WI,22.1181,2.2836,578.861
2022-04-10,轻工制造,CI005009.WI,21.798,2.2486,357.5058
2022-04-17,轻工制造,CI005009.WI,22.1358,2.1982,509.9958
2022-04-24,轻工制造,CI005009.WI,21.4444,2.1087,483.4298
2022-05-01,轻工制造,CI005009.WI,26.3675,1.9648,495.6959
2022-05-08,轻工制造,CI005009.WI,26.5926,1.981,177.1851
2022-05-15,轻工制造,CI005009.WI,27.6792,2.0651,566.3701
2022-05-22,轻工制造,CI005009.WI,28.2847,2.1106,495.3828
2022-05-29,轻工制造,CI005009.WI,27.5744,2.0701,492.8138
2022-06-05,轻工制造,CI005009.WI,28.5844,2.1545,429.2171
2022-06-12,轻工制造,CI005009.WI,28.3011,2.137,569.1775
2022-06-19,轻工制造,CI005009.WI,29.1426,2.2041,654.3538
2022-06-26,轻工制造,CI005009.WI,30.1274,2.2809,581.2504
2022-07-03,轻工制造,CI005009.WI,30.4673,2.3315,636.1012
2022-07-10,轻工制造,CI005009.WI,29.5805,2.2714,509.5914
2022-07-17,轻工制造,CI005009.WI,28.2055,2.1684,525.6389
2022-07-24,轻工制造,CI005009.WI,28.8282,2.2161,562.1905
2022-07-31,轻工制造,CI005009.WI,28.8039,2.2287,547.8856
2022-08-07,轻工制造,CI005009.WI,28.0461,2.1714,510.5705
2022-08-14,轻工制造,CI005009.WI,29.0477,2.2337,473.1744
2022-08-21,轻工制造,CI005009.WI,29.1287,2.2141,543.0249
2022-08-28,轻工制造,CI005009.WI,29.7256,2.1811,539.157
2022-09-04,轻工制造,CI005009.WI,31.8872,2.1941,556.3271
2022-09-11,轻工制造,CI005009.WI,32.0963,2.2087,513.1083
2022-09-18,轻工制造,CI005009.WI,31.1081,2.1407,455.0063
2022-09-25,轻工制造,CI005009.WI,29.7347,2.0489,468.1051
2022-10-02,轻工制造,CI005009.WI,29.1601,2.0096,503.6209
2022-10-16,轻工制造,CI005009.WI,29.5015,2.0608,487.5465
2022-10-23,轻工制造,CI005009.WI,28.8577,2.0158,534.8533
2022-10-30,轻工制造,CI005009.WI,28.5687,1.9005,628.8654
2022-11-06,轻工制造,CI005009.WI,30.5067,1.9904,520.3277
2022-11-13,轻工制造,CI005009.WI,31.6759,2.0662,645.9795
2022-11-20,轻工制造,CI005009.WI,32.0772,2.0925,663.1289
2022-11-27,轻工制造,CI005009.WI,31.8787,2.082,631.902
2022-12-04,轻工制造,CI005009.WI,33.0725,2.1663,656.1318
2022-12-11,轻工制造,CI005009.WI,33.6739,2.2057,671.8034
2022-12-18,轻工制造,CI005009.WI,33.4938,2.1843,638.3165
2022-12-25,轻工制造,CI005009.WI,32.6769,2.1275,575.0145
2023-01-01,轻工制造,CI005009.WI,32.9427,2.1455,593.7506
2023-01-08,轻工制造,CI005009.WI,33.9029,2.211,618.6973
2023-01-15,轻工制造,CI005009.WI,34.2623,2.2344,608.0469
2023-01-22,轻工制造,CI005009.WI,34.0028,2.218,543.2439
2023-02-05,轻工制造,CI005009.WI,34.2954,2.2722,715.8416
2023-02-12,轻工制造,CI005009.WI,34.9251,2.3048,772.3222
2023-02-19,轻工制造,CI005009.WI,35.0091,2.3103,924.3262
2023-02-26,轻工制造,CI005009.WI,36.4237,2.3992,777.5667
2023-03-05,轻工制造,CI005009.WI,35.3291,2.3717,693.287
2023-03-12,轻工制造,CI005009.WI,33.2395,2.2595,602.2502
2023-03-19,轻工制造,CI005009.WI,32.8361,2.2114,478.3665
2023-03-26,轻工制造,CI005009.WI,33.4306,2.2537,540.04
2023-04-02,轻工制造,CI005009.WI,32.8425,2.1962,597.7675
2023-04-09,轻工制造,CI005009.WI,33.4484,2.2326,454.2219
2023-04-16,轻工制造,CI005009.WI,32.1839,2.1682,503.0103
2023-04-23,轻工制造,CI005009.WI,31.7583,2.1041,516.0795
2023-04-30,轻工制造,CI005009.WI,36.3763,2.0955,603.1152
2023-05-07,轻工制造,CI005009.WI,36.1376,2.0819,227.7345
2023-05-14,轻工制造,CI005009.WI,35.9032,2.0694,502.8479
2023-05-21,轻工制造,CI005009.WI,35.9082,2.0766,486.5252
2023-05-28,轻工制造,CI005009.WI,35.2826,2.049,452.4024
2023-06-04,轻工制造,CI005009.WI,35.6939,2.0757,599.9595
2023-06-11,轻工制造,CI005009.WI,35.4072,2.0653,663.4448
2023-06-18,轻工制造,CI005009.WI,36.3362,2.1236,669.6487
2023-06-25,轻工制造,CI005009.WI,34.888,2.0436,403.7696
2023-07-02,轻工制造,CI005009.WI,35.9116,2.1049,662.6334
2023-07-09,轻工制造,CI005009.WI,35.594,2.0956,633.8922
2023-07-16,轻工制造,CI005009.WI,34.7826,2.0723,502.8408
2023-07-23,轻工制造,CI005009.WI,35.2406,2.0999,494.1933
2023-07-30,轻工制造,CI005009.WI,36.4368,2.1856,596.3811
2023-08-06,轻工制造,CI005009.WI,36.4278,2.1871,616.5175
2023-08-13,轻工制造,CI005009.WI,35.0112,2.0997,507.2063
2023-08-20,轻工制造,CI005009.WI,34.8723,2.0928,655.5214
2023-08-27,轻工制造,CI005009.WI,33.6969,1.9723,686.7479
2023-09-03,轻工制造,CI005009.WI,38.7339,2.0722,729.0466
2023-09-10,轻工制造,CI005009.WI,38.314,2.0499,681.3887
2023-09-17,轻工制造,CI005009.WI,37.8962,2.0275,535.1221
2023-09-24,轻工制造,CI005009.WI,37.8248,2.0237,508.8158
2023-10-01,轻工制造,CI005009.WI,37.6287,2.0149,402.1275
2023-10-15,轻工制造,CI005009.WI,36.3867,1.9669,498.3708
2023-10-22,轻工制造,CI005009.WI,34.8098,1.9129,455.3112
2023-10-29,轻工制造,CI005009.WI,36.4828,1.9379,487.595
2023-11-05,轻工制造,CI005009.WI,36.3891,1.937,562.798
2023-11-12,轻工制造,CI005009.WI,36.8642,1.959,627.7517
2023-11-19,轻工制造,CI005009.WI,37.0742,1.9702,591.4881
2023-11-26,轻工制造,CI005009.WI,37.0042,1.9664,641.9383
2023-12-03,轻工制造,CI005009.WI,36.2289,1.9468,490.2103
2023-12-10,轻工制造,CI005009.WI,34.8166,1.8713,564.4541
2023-12-17,轻工制造,CI005009.WI,35.2915,1.8956,542.1468
2023-12-24,轻工制造,CI005009.WI,34.5212,1.8538,577.6058
2023-12-31,轻工制造,CI005009.WI,35.1637,1.882,538.1506
2024-01-14,轻工制造,CI005009.WI,34.5705,1.851,522.4937
2024-01-21,轻工制造,CI005009.WI,33.8772,1.8129,572.6431
2024-01-28,轻工制造,CI005009.WI,33.6256,1.7979,727.4903
2024-02-04,轻工制造,CI005009.WI,28.7463,1.537,578.0178
2024-02-11,轻工制造,CI005009.WI,29.3503,1.5689,553.2418
2024-02-25,轻工制造,CI005009.WI,31.5052,1.685,637.5238
2024-03-03,轻工制造,CI005009.WI,31.2707,1.6962,776.3702
2024-03-10,轻工制造,CI005009.WI,30.4836,1.6821,586.4044
2024-03-17,轻工制造,CI005009.WI,31.7898,1.761,699.071
2024-03-24,轻工制造,CI005009.WI,31.7573,1.7679,680.7092
2024-03-31,轻工制造,CI005009.WI,32.2074,1.7519,710.0772
2024-04-07,轻工制造,CI005009.WI,33.9407,1.8109,414.6981
2024-04-14,轻工制造,CI005009.WI,32.1748,1.7353,612.1492
2024-04-21,轻工制造,CI005009.WI,29.808,1.669,622.493
2024-04-28,轻工制造,CI005009.WI,27.1884,1.6953,522.4867
2024-05-05,轻工制造,CI005009.WI,26.7346,1.727,276.4253
2024-05-12,轻工制造,CI005009.WI,27.6974,1.7902,552.5786
2024-05-19,轻工制造,CI005009.WI,28.5034,1.8445,583.9623
2024-05-26,轻工制造,CI005009.WI,26.8606,1.7465,562.2135
2024-06-02,轻工制造,CI005009.WI,26.1866,1.7087,374.3051
2024-06-09,轻工制造,CI005009.WI,24.7394,1.6249,385.7924
2024-06-16,轻工制造,CI005009.WI,24.6401,1.623,267.8655
2024-06-23,轻工制造,CI005009.WI,23.6995,1.5651,316.7269
2024-06-30,轻工制造,CI005009.WI,23.1428,1.5332,308.529
2024-07-07,轻工制造,CI005009.WI,22.8695,1.5177,304.7929
2024-07-14,轻工制造,CI005009.WI,22.7804,1.5279,318.7394
2024-07-21,轻工制造,CI005009.WI,21.9536,1.4741,269.0677
2024-07-28,轻工制造,CI005009.WI,21.3652,1.4358,254.4664
2024-08-04,轻工制造,CI005009.WI,21.7406,1.463,316.9623
2024-08-11,轻工制造,CI005009.WI,21.9662,1.4788,320.8298
2024-08-18,轻工制造,CI005009.WI,20.9432,1.4493,269.6619
2024-08-25,轻工制造,CI005009.WI,20.4949,1.3916,249.8995
2024-09-01,轻工制造,CI005009.WI,21.8134,1.4208,330.8518
2024-09-08,轻工制造,CI005009.WI,21.3469,1.3894,322.4222
2024-09-15,轻工制造,CI005009.WI,20.9271,1.3625,242.2785
2024-09-22,轻工制造,CI005009.WI,21.2315,1.3839,181.6111
2024-09-29,轻工制造,CI005009.WI,24.4797,1.5975,549.8734
2024-10-06,轻工制造,CI005009.WI,26.6653,1.7402,288.1988
2024-10-13,轻工制造,CI005009.WI,24.8856,1.6195,899.3606
2024-10-20,轻工制造,CI005009.WI,25.2463,1.6449,655.7519
2024-10-27,轻工制造,CI005009.WI,27.0864,1.7503,862.7093
2024-11-03,轻工制造,CI005009.WI,29.6546,1.7133,1047.4859
2024-11-10,轻工制造,CI005009.WI,31.6284,1.8259,1024.6621
2024-11-17,轻工制造,CI005009.WI,30.7413,1.7743,1144.2626
2024-11-24,轻工制造,CI005009.WI,30.8542,1.7807,1013.4898
2024-12-01,轻工制造,CI005009.WI,32.2361,1.8607,1336.2959
2024-12-08,轻工制造,CI005009.WI,32.5229,1.8776,1312.3812
2024-12-15,轻工制造,CI005009.WI,33.7172,1.9455,1459.0081
2024-12-22,轻工制造,CI005009.WI,32.3483,1.8673,1286.5757
2024-12-29,轻工制造,CI005009.WI,31.4708,1.8141,943.235
2025-01-05,轻工制造,CI005009.WI,29.3894,1.7019,714.6656
2025-01-12,轻工制造,CI005009.WI,28.6877,1.6613,778.1805
2025-01-19,轻工制造,CI005009.WI,29.8233,1.7272,795.1955
2025-01-26,轻工制造,CI005009.WI,29.7869,1.7243,758.999
2025-02-02,轻工制造,CI005009.WI,30.0931,1.742,137.0452
2025-02-09,轻工制造,CI005009.WI,30.5337,1.77,510.2979
2025-02-16,轻工制造,CI005009.WI,30.7761,1.7893,941.6089
2025-02-23,轻工制造,CI005009.WI,30.5959,1.7799,974.9038
2025-03-02,轻工制造,CI005009.WI,31.0969,1.787,976.9247
2025-03-09,轻工制造,CI005009.WI,31.4181,1.8055,959.5583
2025-03-16,轻工制造,CI005009.WI,32.0998,1.8571,917.813
2025-03-23,轻工制造,CI005009.WI,31.4743,1.8237,905.6888
2025-03-30,轻工制造,CI005009.WI,31.0345,1.7872,746.1145
2025-04-06,轻工制造,CI005009.WI,39.768,1.7926,530.9792
2025-04-13,轻工制造,CI005009.WI,38.4289,1.6953,837.2179
2025-04-20,轻工制造,CI005009.WI,39.7956,1.7151,739.9079
2025-04-27,轻工制造,CI005009.WI,42.935,1.7542,784.2833
2025-05-04,轻工制造,CI005009.WI,52.5671,1.7377,502.5577
2025-05-11,轻工制造,CI005009.WI,53.9072,1.7993,820.1503
2025-05-18,轻工制造,CI005009.WI,54.4439,1.8185,1001.5008
2025-05-25,轻工制造,CI005009.WI,54.623,1.8302,1236.6851
2025-06-01,轻工制造,CI005009.WI,54.6821,1.8439,1214.9811
2025-06-08,轻工制造,CI005009.WI,56.3554,1.9049,1007.3685
2025-06-15,轻工制造,CI005009.WI,56.2096,1.9059,1374.7647
2025-06-22,轻工制造,CI005009.WI,54.0436,1.8377,1132.0486
2025-06-29,轻工制造,CI005009.WI,55.9451,1.905,1203.7399
2025-07-06,轻工制造,CI005009.WI,55.9969,1.9351,1215.82
2025-07-13,轻工制造,CI005009.WI,57.066,1.9788,1182.1913
2025-07-20,轻工制造,CI005009.WI,57.221,1.9857,1055.0379
2025-07-27,轻工制造,CI005009.WI,58.4493,2.035,1046.2551
2025-08-03,轻工制造,CI005009.WI,57.443,2.0018,1067.9035
2025-08-10,轻工制造,CI005009.WI,59.0242,2.0571,975.4474
2025-08-17,轻工制造,CI005009.WI,60.2707,2.09,1145.7455
2025-08-24,轻工制造,CI005009.WI,62.3954,2.1462,1341.9484
2025-08-31,轻工制造,CI005009.WI,74.6484,2.1014,1560.1905
2025-09-07,轻工制造,CI005009.WI,75.268,2.1234,1419.2706
2025-09-14,轻工制造,CI005009.WI,76.3214,2.152,1439.4136
2025-09-21,轻工制造,CI005009.WI,75.5917,2.1317,1402.2325
2025-09-28,轻工制造,CI005009.WI,73.5946,2.0742,1136.6063
2025-10-05,轻工制造,CI005009.WI,74.043,2.0877,389.1245
2025-10-12,轻工制造,CI005009.WI,74.6879,2.1052,439.1463
2025-10-19,轻工制造,CI005009.WI,72.6904,2.0578,1088.6407
2025-10-26,轻工制造,CI005009.WI,75.442,2.1165,969.0476
2025-11-02,轻工制造,CI005009.WI,84.6157,2.0923,1044.4279
2025-11-09,轻工制造,CI005009.WI,82.4716,2.1432,1111.2615
2025-11-16,轻工制造,CI005009.WI,84.983,2.2089,1225.2802
2025-11-23,轻工制造,CI005009.WI,80.7954,2.1003,1269.2024
2025-11-30,轻工制造,CI005009.WI,83.9667,2.1837,1206.9896
2025-12-07,轻工制造,CI005009.WI,84.6505,2.2014,1346.4784
2025-12-14,轻工制造,CI005009.WI,83.4349,2.1725,1583.3255
2025-12-21,轻工制造,CI005009.WI,85.2138,2.2146,1404.136
2025-12-28,轻工制造,CI005009.WI,86.7177,2.2528,1588.6749
2026-01-04,轻工制造,CI005009.WI,86.1076,2.2369,931.2393
2026-01-11,轻工制造,CI005009.WI,86.5641,2.3201,1718.8394
2026-01-18,轻工制造,CI005009.WI,86.53,2.3192,1824.5832
2026-01-25,轻工制造,CI005009.WI,90.5116,2.4249,1500.2182
2026-02-01,轻工制造,CI005009.WI,89.2523,2.3905,1417.9788
2026-02-08,轻工制造,CI005009.WI,89.8019,2.4046,1343.5287
2026-02-15,轻工制造,CI005009.WI,90.7701,2.4309,1473.4591
2026-03-01,轻工制造,CI005009.WI,90.7949,2.449,1156.6133
2026-03-08,轻工制造,CI005009.WI,88.0226,2.373,1347.9789
2026-03-15,轻工制造,CI005009.WI,95.3628,2.3804,1583.4888
2026-03-22,轻工制造,CI005009.WI,91.9897,2.2989,1531.4467
2026-03-29,轻工制造,CI005009.WI,91.9836,2.2822,1680.4747
2026-04-05,轻工制造,CI005009.WI,67.9306,2.2255,1381.7374
2026-04-12,轻工制造,CI005009.WI,70.5112,2.3052,1286.3235
2026-04-19,轻工制造,CI005009.WI,72.6002,2.3225,1619.5603
2026-04-26,轻工制造,CI005009.WI,73.3059,2.3113,1814.1885
2026-05-03,轻工制造,CI005009.WI,99.0512,2.3503,1357.8152
2026-05-10,轻工制造,CI005009.WI,101.7523,2.414,1227.2754
2026-05-17,轻工制造,CI005009.WI,99.7029,2.3624,1778.5512
2026-05-24,轻工制造,CI005009.WI,95.3507,2.2685,1532.7245
2026-05-31,轻工制造,CI005009.WI,91.0687,2.1724,1338.5224
2026-06-07,轻工制造,CI005009.WI,88.2988,2.1406,1223.7576
2026-06-14,轻工制造,CI005009.WI,86.458,2.1038,1251.7842
2026-06-21,轻工制造,CI005009.WI,84.6903,2.0621,987.8879
2026-06-28,轻工制造,CI005009.WI,81.7307,1.9931,1277.8475
2026-07-05,轻工制造,CI005009.WI,83.6052,2.0413,1151.8908
2026-07-12,轻工制造,CI005009.WI,80.2389,1.967,969.3074
2026-07-19,轻工制造,CI005009.WI,75.0484,1.84,880.5868
2026-07-26,轻工制造,CI005009.WI,73.7351,1.8057,894.2245
2026-08-02,轻工制造,CI005009.WI,76.8829,1.8922,885.8398
2026-08-09,轻工制造,CI005009.WI,78.8992,1.9687,964.7672
2016-01-10,通信,CI005026.WI,65.971,4.2284,1171.9734
2016-01-17,通信,CI005026.WI,57.506,3.6858,990.1406
2016-01-24,通信,CI005026.WI,57.4837,3.8068,916.9966
2016-01-31,通信,CI005026.WI,52.4047,3.474,765.1135
2016-02-07,通信,CI005026.WI,54.5758,3.5978,660.6012
2016-02-21,通信,CI005026.WI,58.3542,3.8398,902.5608
2016-02-28,通信,CI005026.WI,52.3279,3.5646,1000.6419
2016-03-06,通信,CI005026.WI,49.3378,3.4543,842.1313
2016-03-13,通信,CI005026.WI,49.1296,3.4337,596.0187
2016-03-20,通信,CI005026.WI,52.6103,3.6953,876.7177
2016-03-27,通信,CI005026.WI,53.4672,3.756,1106.9878
2016-04-03,通信,CI005026.WI,54.0019,3.7919,1026.6744
2016-04-10,通信,CI005026.WI,55.4692,3.867,918.1749
2016-04-17,通信,CI005026.WI,56.4606,4.0674,1187.6665
2016-04-24,通信,CI005026.WI,53.515,3.8511,1029.0044
2016-05-01,通信,CI005026.WI,53.6847,3.8374,799.6083
2016-05-08,通信,CI005026.WI,53.5041,3.7775,782.6335
2016-05-15,通信,CI005026.WI,50.6809,3.5791,579.0485
2016-05-22,通信,CI005026.WI,50.7772,3.5869,658.757
2016-05-29,通信,CI005026.WI,51.3669,3.6301,738.8595
2016-06-05,通信,CI005026.WI,54.8639,3.8786,1169.1657
2016-06-12,通信,CI005026.WI,55.0643,3.8865,664.4312
2016-06-19,通信,CI005026.WI,54.6177,3.817,1020.7809
2016-06-26,通信,CI005026.WI,55.3047,3.8481,1189.4472
2016-07-03,通信,CI005026.WI,57.0301,3.986,1229.7493
2016-07-10,通信,CI005026.WI,57.7466,4.0399,1124.457
2016-07-17,通信,CI005026.WI,59.8949,4.1999,1382.1812
2016-07-24,通信,CI005026.WI,60.4193,4.2423,1332.0195
2016-07-31,通信,CI005026.WI,56.1472,3.9816,1196.2643
2016-08-07,通信,CI005026.WI,55.8732,3.9706,756.5691
2016-08-14,通信,CI005026.WI,56.1882,4.0096,799.1547
2016-08-21,通信,CI005026.WI,59.1775,4.0789,1102.9415
2016-08-28,通信,CI005026.WI,55.6076,4.0034,821.6592
2016-09-04,通信,CI005026.WI,54.4427,3.9595,789.0517
2016-09-11,通信,CI005026.WI,55.3942,4.0287,968.9482
2016-09-18,通信,CI005026.WI,53.5866,3.8968,488.4224
2016-09-25,通信,CI005026.WI,54.3323,3.9509,706.9876
2016-10-02,通信,CI005026.WI,54.1188,3.9366,649.5044
2016-10-16,通信,CI005026.WI,56.5651,4.0823,896.1337
2016-10-23,通信,CI005026.WI,57.0354,4.0584,901.1885
2016-10-30,通信,CI005026.WI,56.131,3.905,844.0773
2016-11-06,通信,CI005026.WI,54.905,3.88,806.142
2016-11-13,通信,CI005026.WI,55.528,3.924,818.9905
2016-11-20,通信,CI005026.WI,56.258,3.9757,905.4789
2016-11-27,通信,CI005026.WI,56.4492,3.9891,883.9374
2016-12-04,通信,CI005026.WI,56.3421,3.9622,1004.9656
2016-12-11,通信,CI005026.WI,55.8722,3.8864,774.66
2016-12-18,通信,CI005026.WI,53.5836,3.7346,726.6789
2016-12-25,通信,CI005026.WI,53.7962,3.7536,574.7283
2017-01-01,通信,CI005026.WI,53.4679,3.7016,455.4536
2017-01-08,通信,CI005026.WI,54.0524,3.7243,474.9555
2017-01-15,通信,CI005026.WI,51.3019,3.5179,520.4892
2017-01-22,通信,CI005026.WI,50.3251,3.4508,528.303
2017-01-29,通信,CI005026.WI,51.1492,3.5022,308.3719
2017-02-05,通信,CI005026.WI,51.0397,3.4934,61.7399
2017-02-12,通信,CI005026.WI,53.3381,3.7132,588.707
2017-02-19,通信,CI005026.WI,52.9299,3.6755,616.8781
2017-02-26,通信,CI005026.WI,55.1,3.8189,787.0285
2017-03-05,通信,CI005026.WI,55.9153,3.7863,753.9529
2017-03-12,通信,CI005026.WI,78.7799,3.9334,1103.6807
2017-03-19,通信,CI005026.WI,84.7549,3.9671,1298.3288
2017-03-26,通信,CI005026.WI,85.2536,4.0309,1141.2473
2017-04-02,通信,CI005026.WI,81.356,3.8284,837.8438
2017-04-09,通信,CI005026.WI,82.2755,3.8751,425.5573
2017-04-16,通信,CI005026.WI,78.3247,3.8058,691.9966
2017-04-23,通信,CI005026.WI,84.1643,3.5911,576.4776
2017-04-30,通信,CI005026.WI,91.8704,3.529,597.1325
2017-05-07,通信,CI005026.WI,90.3996,3.4718,412.5609
2017-05-14,通信,CI005026.WI,88.3718,3.3905,538.3856
2017-05-21,通信,CI005026.WI,90.6482,3.4714,588.2717
2017-05-28,通信,CI005026.WI,88.0152,3.3726,534.4301
2017-06-04,通信,CI005026.WI,86.9988,3.3339,297.2861
2017-06-11,通信,CI005026.WI,89.9368,3.4506,509.9457
2017-06-18,通信,CI005026.WI,89.7638,3.5085,600.4122
2017-06-25,通信,CI005026.WI,90.2955,3.525,629.1537
2017-07-02,通信,CI005026.WI,92.0822,3.5958,724.3266
2017-07-09,通信,CI005026.WI,93.6843,3.6599,885.3638
2017-07-16,通信,CI005026.WI,90.7264,3.5398,803.5563
2017-07-23,通信,CI005026.WI,86.9002,3.5316,843.7956
2017-07-30,通信,CI005026.WI,87.5149,3.5001,774.7021
2017-08-06,通信,CI005026.WI,86.0889,3.4291,780.0455
2017-08-13,通信,CI005026.WI,89.2135,3.4176,678.3709
2017-08-20,通信,CI005026.WI,90.1169,3.5947,1152.9121
2017-08-27,通信,CI005026.WI,88.7469,3.6242,1348.2773
2017-09-03,通信,CI005026.WI,85.5424,3.6409,1417.6403
2017-09-10,通信,CI005026.WI,86.6408,3.6554,1433.4175
2017-09-17,通信,CI005026.WI,85.624,3.5954,1138.2376
2017-09-24,通信,CI005026.WI,88.4674,3.714,1294.5238
2017-10-01,通信,CI005026.WI,91.1686,3.8236,1699.9541
2017-10-15,通信,CI005026.WI,91.5917,3.8407,1810.5053
2017-10-22,通信,CI005026.WI,80.8708,3.5781,1070.2383
2017-10-29,通信,CI005026.WI,79.2041,3.5966,902.2589
2017-11-05,通信,CI005026.WI,82.9669,3.1784,1155.2987
2017-11-12,通信,CI005026.WI,88.4992,3.3898,1298.1372
2017-11-19,通信,CI005026.WI,84.6227,3.2576,1534.5938
2017-11-26,通信,CI005026.WI,84.0381,3.2349,1508.3921
2017-12-03,通信,CI005026.WI,81.8631,3.1512,1100.3203
2017-12-10,通信,CI005026.WI,81.2325,3.1266,1081.6841
2017-12-17,通信,CI005026.WI,81.1411,3.1155,1078.4425
2017-12-24,通信,CI005026.WI,80.4578,3.072,915.6346
2017-12-31,通信,CI005026.WI,78.8022,3.0017,807.8198
2018-01-07,通信,CI005026.WI,79.9371,3.0447,740.9917
2018-01-14,通信,CI005026.WI,78.5441,2.9916,963.9948
2018-01-21,通信,CI005026.WI,77.3388,2.9456,1086.4127
2018-01-28,通信,CI005026.WI,77.491,2.9578,1020.4967
2018-02-04,通信,CI005026.WI,52.5979,2.727,1007.4371
2018-02-11,通信,CI005026.WI,49.5693,2.561,741.6458
2018-02-18,通信,CI005026.WI,51.2242,2.6372,334.9026
2018-02-25,通信,CI005026.WI,52.1388,2.6914,218.8301
2018-03-04,通信,CI005026.WI,57.117,2.8068,952.9299
2018-03-11,通信,CI005026.WI,58.6333,2.9588,1045.3034
2018-03-18,通信,CI005026.WI,59.0197,2.8831,1111.3413
2018-03-25,通信,CI005026.WI,55.3466,2.6991,1164.8056
2018-04-01,通信,CI005026.WI,59.3952,2.919,1243.5386
2018-04-08,通信,CI005026.WI,58.4307,2.8682,783.4233
2018-04-15,通信,CI005026.WI,59.4752,2.8789,1080.6014
2018-04-22,通信,CI005026.WI,54.1367,2.7486,1311.5409
2018-04-29,通信,CI005026.WI,70.8868,2.8489,1190.2815
2018-05-06,通信,CI005026.WI,69.227,2.8411,504.5992
2018-05-13,通信,CI005026.WI,69.5683,2.8551,840.2361
2018-05-20,通信,CI005026.WI,69.5466,2.8568,863.6135
2018-05-27,通信,CI005026.WI,69.9826,2.8765,1161.2326
2018-06-03,通信,CI005026.WI,64.2275,2.6932,768.8015
2018-06-10,通信,CI005026.WI,62.8822,2.7379,684.4924
2018-06-17,通信,CI005026.WI,58.4661,2.5467,655.5443
2018-06-24,通信,CI005026.WI,52.4814,2.2866,512.8428
2018-07-01,通信,CI005026.WI,54.0314,2.3601,785.5894
2018-07-08,通信,CI005026.WI,52.5038,2.2948,932.5751
2018-07-15,通信,CI005026.WI,54.6249,2.3905,875.9042
2018-07-22,通信,CI005026.WI,40.4106,2.8222,997.7772
2018-07-29,通信,CI005026.WI,40.2728,2.8134,881.1643
2018-08-05,通信,CI005026.WI,46.2272,2.6358,598.564
2018-08-12,通信,CI005026.WI,46.5131,2.7406,649.5168
2018-08-19,通信,CI005026.WI,44.617,2.6746,925.3344
2018-08-26,通信,CI005026.WI,45.8676,2.7187,943.6833
2018-09-02,通信,CI005026.WI,55.6016,2.7159,1001.6717
2018-09-09,通信,CI005026.WI,54.8624,2.6796,888.1325
2018-09-16,通信,CI005026.WI,53.6098,2.6184,713.1519
2018-09-23,通信,CI005026.WI,54.1308,2.6414,710.9508
2018-09-30,通信,CI005026.WI,53.3479,2.6037,511.3391
2018-10-14,通信,CI005026.WI,46.4445,2.2668,541.3262
2018-10-21,通信,CI005026.WI,45.7091,2.2365,563.0781
2018-10-28,通信,CI005026.WI,46.583,2.2805,681.1895
2018-11-04,通信,CI005026.WI,47.3113,2.3502,776.5886
2018-11-11,通信,CI005026.WI,47.5222,2.3549,897.5913
2018-11-18,通信,CI005026.WI,50.4019,2.4964,1097.1011
2018-11-25,通信,CI005026.WI,46.65,2.3109,840.9696
2018-12-02,通信,CI005026.WI,47.0382,2.3395,903.3186
2018-12-09,通信,CI005026.WI,47.5079,2.4001,1047.3002
2018-12-16,通信,CI005026.WI,47.3929,2.396,870.637
2018-12-23,通信,CI005026.WI,46.781,2.3651,653.3154
2018-12-30,通信,CI005026.WI,47.4885,2.4011,1195.1306
2019-01-06,通信,CI005026.WI,47.8191,2.4169,707.6694
2019-01-13,通信,CI005026.WI,50.3905,2.5468,1550.4833
2019-01-20,通信,CI005026.WI,49.4016,2.4968,1229.8488
2019-01-27,通信,CI005026.WI,49.0468,2.4775,1012.5426
2019-02-03,通信,CI005026.WI,48.0503,2.4209,765.9236
2019-02-17,通信,CI005026.WI,51.7512,2.6482,1433.9178
2019-02-24,通信,CI005026.WI,64.3125,2.9165,2074.1448
2019-03-03,通信,CI005026.WI,73.2486,3.0481,2640.4393
2019-03-10,通信,CI005026.WI,77.7098,3.24,3316.3367
2019-03-17,通信,CI005026.WI,70.9969,3.157,2936.7599
2019-03-24,通信,CI005026.WI,73.0641,3.2254,1943.1603
2019-03-31,通信,CI005026.WI,72.4452,3.1224,1933.0158
2019-04-07,通信,CI005026.WI,75.574,3.2523,1913.6084
2019-04-14,通信,CI005026.WI,74.2702,3.1699,1836.1276
2019-04-21,通信,CI005026.WI,79.1862,3.4799,2882.0932
2019-04-28,通信,CI005026.WI,72.4298,3.2488,2705.8981
2019-05-05,通信,CI005026.WI,57.689,3.0687,823.1311
2019-05-12,通信,CI005026.WI,54.2115,2.8815,1570.5249
2019-05-19,通信,CI005026.WI,51.7797,2.7481,1749.8545
2019-05-26,通信,CI005026.WI,50.8932,2.7038,1747.1298
2019-06-02,通信,CI005026.WI,52.6875,2.8035,1381.1075
2019-06-09,通信,CI005026.WI,51.7243,2.7529,1645.7765
2019-06-16,通信,CI005026.WI,51.8466,2.7601,1811.2685
2019-06-23,通信,CI005026.WI,53.9488,2.8871,1461.478
2019-06-30,通信,CI005026.WI,53.053,2.8485,1333.1781
2019-07-07,通信,CI005026.WI,54.3293,2.9169,1366.4668
2019-07-14,通信,CI005026.WI,51.5937,2.7758,812.304
2019-07-21,通信,CI005026.WI,50.7652,2.7376,886.805
2019-07-28,通信,CI005026.WI,49.4646,2.9165,864.3934
2019-08-04,通信,CI005026.WI,48.183,2.8479,928.1418
2019-08-11,通信,CI005026.WI,44.6815,2.6953,1079.0852
2019-08-18,通信,CI005026.WI,47.1968,2.8338,1100.7958
2019-08-25,通信,CI005026.WI,49.4142,2.9628,1456.8659
2019-09-01,通信,CI005026.WI,89.9224,2.9636,1328.4647
2019-09-08,通信,CI005026.WI,99.9642,3.2946,2000.438
2019-09-15,通信,CI005026.WI,102.4798,3.3775,1986.7511
2019-09-22,通信,CI005026.WI,100.6863,3.3182,1722.9722
2019-09-29,通信,CI005026.WI,97.281,3.2057,1659.1952
2019-10-06,通信,CI005026.WI,94.8999,3.1273,195.5436
2019-10-13,通信,CI005026.WI,97.0566,3.1968,870.2983
2019-10-20,通信,CI005026.WI,95.6831,3.1518,1039.4674
2019-10-27,通信,CI005026.WI,98.0348,3.1681,877.6982
2019-11-03,通信,CI005026.WI,90.6064,3.0887,1169.6302
2019-11-10,通信,CI005026.WI,90.8896,3.1363,1040.4508
2019-11-17,通信,CI005026.WI,88.5704,3.0563,907.2241
2019-11-24,通信,CI005026.WI,90.4013,3.1178,1020.0442
2019-12-01,通信,CI005026.WI,83.0726,3.1187,838.0831
2019-12-08,通信,CI005026.WI,91.8287,3.1963,939.6106
2019-12-15,通信,CI005026.WI,95.6456,3.3289,1225.0735
2019-12-22,通信,CI005026.WI,95.9578,3.2979,1621.0883
2019-12-29,通信,CI005026.WI,94.2908,3.2406,1041.0601
2020-01-05,通信,CI005026.WI,98.3308,3.3793,424.3364
2020-01-12,通信,CI005026.WI,99.8124,3.4302,1568.928
2020-01-19,通信,CI005026.WI,101.992,3.5052,1446.0852
2020-01-26,通信,CI005026.WI,101.7463,3.4968,1296.7672
2020-02-09,通信,CI005026.WI,99.9766,3.3938,1674.9567
2020-02-16,通信,CI005026.WI,99.7904,3.3863,1914.2818
2020-02-23,通信,CI005026.WI,110.0142,3.7397,2571.0662
2020-03-01,通信,CI005026.WI,165.4998,3.6541,3824.5965
2020-03-08,通信,CI005026.WI,164.203,3.7756,3123.6924
2020-03-15,通信,CI005026.WI,161.9921,3.7248,3784.8006
2020-03-22,通信,CI005026.WI,147.6563,3.4172,2946.0631
2020-03-29,通信,CI005026.WI,134.0681,3.2789,2410.9305
2020-04-05,通信,CI005026.WI,116.3986,3.1648,1747.9301
2020-04-12,通信,CI005026.WI,116.5998,3.1659,1621.3523
2020-04-19,通信,CI005026.WI,123.1348,3.1859,1526.2652
2020-04-26,通信,CI005026.WI,131.8721,3.0901,1441.8282
2020-05-03,通信,CI005026.WI,187.4269,3.1912,1124.3282
2020-05-10,通信,CI005026.WI,193.0423,3.2918,1140.5504
2020-05-17,通信,CI005026.WI,63.0293,3.1761,1473.5687
2020-05-24,通信,CI005026.WI,58.9704,2.9789,1342.0801
2020-05-31,通信,CI005026.WI,57.866,2.9177,990.8786
2020-06-07,通信,CI005026.WI,61.1045,3.085,1352.4196
2020-06-14,通信,CI005026.WI,60.6776,3.0621,1153.0703
2020-06-21,通信,CI005026.WI,63.5613,3.2084,1669.8608
2020-06-28,通信,CI005026.WI,64.1056,3.258,1013.938
2020-07-05,通信,CI005026.WI,66.6638,3.4067,1694.3506
2020-07-12,通信,CI005026.WI,65.7554,3.6874,3029.4109
2020-07-19,通信,CI005026.WI,60.1869,3.3765,2674.5786
2020-07-26,通信,CI005026.WI,58.2172,3.267,1769.5713
2020-08-02,通信,CI005026.WI,61.0776,3.3708,1343.6732
2020-08-09,通信,CI005026.WI,59.6923,3.3514,1816.7853
2020-08-16,通信,CI005026.WI,57.7444,3.3282,1285.3464
2020-08-23,通信,CI005026.WI,56.7901,3.2881,1342.0836
2020-08-30,通信,CI005026.WI,56.0485,3.284,1236.7344
2020-09-06,通信,CI005026.WI,53.9199,3.2395,1287.457
2020-09-13,通信,CI005026.WI,49.8749,2.9969,1397.8451
2020-09-20,通信,CI005026.WI,50.9236,3.0601,849.4126
2020-09-27,通信,CI005026.WI,48.7029,2.9266,695.2408
2020-10-04,通信,CI005026.WI,48.8246,2.9321,353.2076
2020-10-11,通信,CI005026.WI,50.4476,3.0243,154.5915
2020-10-18,通信,CI005026.WI,50.4989,3.0221,1007.1208
2020-10-25,通信,CI005026.WI,48.8648,2.9368,952.0879
2020-11-01,通信,CI005026.WI,49.4432,2.8239,924.1062
2020-11-08,通信,CI005026.WI,52.1284,2.9747,1221.8414
2020-11-15,通信,CI005026.WI,52.0013,2.9674,1313.7151
2020-11-22,通信,CI005026.WI,51.3376,2.9006,891.684
2020-11-29,通信,CI005026.WI,50.5507,2.8559,918.5527
2020-12-06,通信,CI005026.WI,51.3658,2.8997,891.7966
2020-12-13,通信,CI005026.WI,49.0259,2.7678,837.867
2020-12-20,通信,CI005026.WI,48.3284,2.7018,684.9565
2020-12-27,通信,CI005026.WI,46.6615,2.6086,678.7072
2021-01-03,通信,CI005026.WI,48.0313,2.6851,767.3501
2021-01-10,通信,CI005026.WI,48.0405,2.694,1187.705
2021-01-17,通信,CI005026.WI,49.8012,2.7895,1436.9595
2021-01-24,通信,CI005026.WI,48.4096,2.7515,1179.8735
2021-01-31,通信,CI005026.WI,44.4157,2.5662,933.2302
2021-02-07,通信,CI005026.WI,42.1283,2.4309,800.5273
2021-02-14,通信,CI005026.WI,44.055,2.5423,386.9706
2021-02-21,通信,CI005026.WI,45.563,2.6292,317.9273
2021-02-28,通信,CI005026.WI,40.9065,2.5589,812.6938
2021-03-07,通信,CI005026.WI,41.1009,2.5707,772.4885
2021-03-14,通信,CI005026.WI,39.3421,2.4626,703.4579
2021-03-21,通信,CI005026.WI,38.9334,2.4187,637.4932
2021-03-28,通信,CI005026.WI,39.43,2.4469,541.4052
2021-04-04,通信,CI005026.WI,39.4886,2.4272,502.0383
2021-04-11,通信,CI005026.WI,38.7297,2.383,409.2269
2021-04-18,通信,CI005026.WI,39.0793,2.4106,447.5341
2021-04-25,通信,CI005026.WI,39.1244,2.386,629.7377
2021-05-02,通信,CI005026.WI,33.5696,2.2749,637.9721
2021-05-09,通信,CI005026.WI,33.1501,2.2464,185.7649
2021-05-16,通信,CI005026.WI,33.8289,2.2957,512.3801
2021-05-23,通信,CI005026.WI,33.9613,2.2771,542.013
2021-05-30,通信,CI005026.WI,34.7107,2.3283,732.023
2021-06-06,通信,CI005026.WI,35.1691,2.3641,839.9069
2021-06-13,通信,CI005026.WI,37.0847,2.4157,1044.1991
2021-06-20,通信,CI005026.WI,37.9552,2.4676,940.7275
2021-06-27,通信,CI005026.WI,37.4253,2.4343,1105.0062
2021-07-04,通信,CI005026.WI,36.4004,2.3674,855.3283
2021-07-11,通信,CI005026.WI,36.9379,2.4004,830.8502
2021-07-18,通信,CI005026.WI,37.5581,2.4426,1235.5036
2021-07-25,通信,CI005026.WI,36.4547,2.4455,1162.7944
2021-08-01,通信,CI005026.WI,37.5326,2.5383,1679.0599
2021-08-08,通信,CI005026.WI,38.3435,2.5929,1679.9212
2021-08-15,通信,CI005026.WI,37.1812,2.5247,1372.0626
2021-08-22,通信,CI005026.WI,35.8073,2.4685,1118.3572
2021-08-29,通信,CI005026.WI,40.1809,2.4285,1015.5821
2021-09-05,通信,CI005026.WI,42.1769,2.4691,1041.7443
2021-09-12,通信,CI005026.WI,43.0938,2.529,1089.7448
2021-09-19,通信,CI005026.WI,41.1766,2.4168,844.2186
2021-09-26,通信,CI005026.WI,41.2613,2.4217,413.8662
2021-10-03,通信,CI005026.WI,40.4911,2.3763,507.9649
2021-10-10,通信,CI005026.WI,41.57,2.4434,131.5008
2021-10-17,通信,CI005026.WI,41.6896,2.4526,820.7046
2021-10-24,通信,CI005026.WI,40.7854,2.3892,668.9717
2021-10-31,通信,CI005026.WI,41.9088,2.3429,810.0119
2021-11-07,通信,CI005026.WI,43.7027,2.4327,1160.1477
2021-11-14,通信,CI005026.WI,45.2495,2.5214,1247.2787
2021-11-21,通信,CI005026.WI,45.5733,2.5346,1468.8938
2021-11-28,通信,CI005026.WI,45.3311,2.5211,1493.5437
2021-12-05,通信,CI005026.WI,33.4152,1.915,1288.0758
2021-12-12,通信,CI005026.WI,33.7788,1.9323,1205.0487
2021-12-19,通信,CI005026.WI,34.1751,1.9511,1400.2672
2021-12-26,通信,CI005026.WI,33.8648,1.9326,1192.5879
2022-01-02,通信,CI005026.WI,34.3346,1.9485,1100.7702
2022-01-09,通信,CI005026.WI,33.7284,1.9096,1022.4768
2022-01-16,通信,CI005026.WI,33.1724,1.8782,1114.1972
2022-01-23,通信,CI005026.WI,33.1997,1.8795,1345.0245
2022-01-30,通信,CI005026.WI,31.448,1.7775,1084.4313
2022-02-13,通信,CI005026.WI,32.0486,1.8084,1177.2939
2022-02-20,通信,CI005026.WI,32.451,1.8324,1173.3362
2022-02-27,通信,CI005026.WI,32.5669,1.8345,1586.3314
2022-03-06,通信,CI005026.WI,31.9889,1.8107,1100.7176
2022-03-13,通信,CI005026.WI,30.8968,1.7311,1300.3789
2022-03-20,通信,CI005026.WI,30.0277,1.702,1478.2192
2022-03-27,通信,CI005026.WI,29.479,1.6595,1288.3214
2022-04-03,通信,CI005026.WI,29.0932,1.6292,1011.8353
2022-04-10,通信,CI005026.WI,27.9976,1.5862,542.0136
2022-04-17,通信,CI005026.WI,26.3871,1.5222,700.4253
2022-04-24,通信,CI005026.WI,24.8866,1.4662,591.6663
2022-05-01,通信,CI005026.WI,27.2735,1.446,745.4635
2022-05-08,通信,CI005026.WI,16.6794,1.2508,265.3938
2022-05-15,通信,CI005026.WI,16.9825,1.2744,656.9068
2022-05-22,通信,CI005026.WI,17.328,1.3003,636.4384
2022-05-29,通信,CI005026.WI,17.3282,1.3006,720.7861
2022-06-05,通信,CI005026.WI,17.2892,1.3235,597.0758
2022-06-12,通信,CI005026.WI,17.4451,1.345,818.2323
2022-06-19,通信,CI005026.WI,17.2763,1.332,909.2037
2022-06-26,通信,CI005026.WI,17.0933,1.3175,938.8653
2022-07-03,通信,CI005026.WI,17.2355,1.3289,1198.1189
2022-07-10,通信,CI005026.WI,16.9817,1.3111,1017.3437
2022-07-17,通信,CI005026.WI,16.843,1.3006,985.4543
2022-07-24,通信,CI005026.WI,17.3968,1.3436,1155.8163
2022-07-31,通信,CI005026.WI,17.085,1.3194,1131.0997
2022-08-07,通信,CI005026.WI,17.5691,1.3642,1284.855
2022-08-14,通信,CI005026.WI,16.9619,1.3611,1338.5132
2022-08-21,通信,CI005026.WI,17.0358,1.3607,1230.3583
2022-08-28,通信,CI005026.WI,16.7538,1.3413,1089.7405
2022-09-04,通信,CI005026.WI,16.1677,1.3392,1103.605
2022-09-11,通信,CI005026.WI,16.2962,1.3801,1189.2994
2022-09-18,通信,CI005026.WI,15.6533,1.3257,702.2731
2022-09-25,通信,CI005026.WI,15.9908,1.3543,794.3745
2022-10-02,通信,CI005026.WI,15.7158,1.331,667.1554
2022-10-16,通信,CI005026.WI,16.095,1.364,784.6141
2022-10-23,通信,CI005026.WI,15.9995,1.3434,1009.4373
2022-10-30,通信,CI005026.WI,15.5372,1.3147,1162.1071
2022-11-06,通信,CI005026.WI,16.0265,1.3586,1494.2808
2022-11-13,通信,CI005026.WI,15.7779,1.3383,1313.5808
2022-11-20,通信,CI005026.WI,15.9486,1.3516,1553.8731
2022-11-27,通信,CI005026.WI,16.5053,1.3988,1353.5533
2022-12-04,通信,CI005026.WI,16.8511,1.4275,1356.6964
2022-12-11,通信,CI005026.WI,16.8649,1.4282,1221.8302
2022-12-18,通信,CI005026.WI,16.4959,1.3969,898.7046
2022-12-25,通信,CI005026.WI,16.0015,1.3552,729.8137
2023-01-01,通信,CI005026.WI,15.8575,1.3431,697.1047
2023-01-08,通信,CI005026.WI,17.8452,1.4181,879.6926
2023-01-15,通信,CI005026.WI,18.1402,1.4415,832.6305
2023-01-22,通信,CI005026.WI,18.9224,1.5037,969.3549
2023-02-05,通信,CI005026.WI,19.2144,1.527,1382.8685
2023-02-12,通信,CI005026.WI,19.126,1.52,1636.2861
2023-02-19,通信,CI005026.WI,18.879,1.5203,1868.7512
2023-02-26,通信,CI005026.WI,19.3848,1.5605,1535.6789
2023-03-05,通信,CI005026.WI,21.3913,1.7197,2361.6019
2023-03-12,通信,CI005026.WI,21.6596,1.744,2186.3512
2023-03-19,通信,CI005026.WI,23.6677,1.9058,2264.2069
2023-03-26,通信,CI005026.WI,22.6468,1.7804,2915.5735
2023-04-02,通信,CI005026.WI,22.1635,1.7472,2738.9387
2023-04-09,通信,CI005026.WI,23.9293,1.8811,2741.3194
2023-04-16,通信,CI005026.WI,23.7003,1.8721,2944.1026
2023-04-23,通信,CI005026.WI,23.1488,1.8545,3011.8959
2023-04-30,通信,CI005026.WI,22.3612,1.834,2746.8195
2023-05-07,通信,CI005026.WI,22.1032,1.8125,900.9409
2023-05-14,通信,CI005026.WI,21.0917,1.7295,1852.7868
2023-05-21,通信,CI005026.WI,20.7583,1.7039,1964.9642
2023-05-28,通信,CI005026.WI,20.7977,1.7072,2036.0208
2023-06-04,通信,CI005026.WI,22.0884,1.8143,2457.0978
2023-06-11,通信,CI005026.WI,22.8001,1.9151,2358.3193
2023-06-18,通信,CI005026.WI,22.36,1.8786,3195.1746
2023-06-25,通信,CI005026.WI,21.835,1.8344,2313.8029
2023-07-02,通信,CI005026.WI,21.8499,1.8357,2844.6839
2023-07-09,通信,CI005026.WI,21.668,1.821,2491.7071
2023-07-16,通信,CI005026.WI,22.1529,1.863,2364.9763
2023-07-23,通信,CI005026.WI,21.4918,1.8068,1914.059
2023-07-30,通信,CI005026.WI,21.5129,1.8085,1515.5037
2023-08-06,通信,CI005026.WI,21.9938,1.8502,1712.6972
2023-08-13,通信,CI005026.WI,21.0005,1.7626,1668.0806
2023-08-20,通信,CI005026.WI,20.2113,1.6959,1429.2078
2023-08-27,通信,CI005026.WI,20.3805,1.7092,1628.1805
2023-09-03,通信,CI005026.WI,20.5622,1.7749,1603.5384
2023-09-10,通信,CI005026.WI,20.738,1.7899,1481.4746
2023-09-17,通信,CI005026.WI,21.2441,1.8336,2033.4725
2023-09-24,通信,CI005026.WI,21.1772,1.8278,1805.7951
2023-10-01,通信,CI005026.WI,20.7517,1.7916,1839.2872
2023-10-15,通信,CI005026.WI,21.2036,1.8306,2462.6914
2023-10-22,通信,CI005026.WI,20.263,1.7336,2087.6913
2023-10-29,通信,CI005026.WI,19.5357,1.6558,2396.1824
2023-11-05,通信,CI005026.WI,19.5433,1.6533,1933.4666
2023-11-12,通信,CI005026.WI,19.4683,1.6469,2338.7831
2023-11-19,通信,CI005026.WI,19.4898,1.6487,2317.684
2023-11-26,通信,CI005026.WI,19.3207,1.6344,2086.7477
2023-12-03,通信,CI005026.WI,19.7174,1.6683,1808.7618
2023-12-10,通信,CI005026.WI,19.5918,1.6595,2052.2702
2023-12-17,通信,CI005026.WI,19.5484,1.6558,1836.2632
2023-12-24,通信,CI005026.WI,19.4657,1.648,1391.9095
2023-12-31,通信,CI005026.WI,20.3579,1.7231,1358.4627
2024-01-14,通信,CI005026.WI,19.1271,1.6189,1068.3744
2024-01-21,通信,CI005026.WI,19.5031,1.6508,1172.8
2024-01-28,通信,CI005026.WI,20.2258,1.7115,1717.2747
2024-02-04,通信,CI005026.WI,19.5449,1.6539,1491.3757
2024-02-11,通信,CI005026.WI,19.8054,1.6758,1460.0073
2024-02-25,通信,CI005026.WI,20.9367,1.7729,2280.5745
2024-03-03,通信,CI005026.WI,20.9131,1.7769,2944.0413
2024-03-10,通信,CI005026.WI,21.7581,1.8503,2865.6599
2024-03-17,通信,CI005026.WI,20.9921,1.7865,2667.1884
2024-03-24,通信,CI005026.WI,21.6038,1.8059,2718.6793
2024-03-31,通信,CI005026.WI,21.4874,1.7989,2357.938
2024-04-07,通信,CI005026.WI,21.1997,1.774,1164.2606
2024-04-14,通信,CI005026.WI,20.5944,1.7301,1487.6511
2024-04-21,通信,CI005026.WI,21.1957,1.7867,1796.5663
2024-04-28,通信,CI005026.WI,20.8497,1.7466,1867.6366
2024-05-05,通信,CI005026.WI,20.9809,1.7425,916.3142
2024-05-12,通信,CI005026.WI,20.6471,1.7149,1798.3275
2024-05-19,通信,CI005026.WI,20.3035,1.6864,1600.4844
2024-05-26,通信,CI005026.WI,20.0805,1.6679,1611.2252
2024-06-02,通信,CI005026.WI,20.2561,1.683,1279.7495
2024-06-09,通信,CI005026.WI,20.1607,1.7107,1399.0343
2024-06-16,通信,CI005026.WI,20.4499,1.742,1059.9744
2024-06-23,通信,CI005026.WI,20.7441,1.7673,1590.0897
2024-06-30,通信,CI005026.WI,21.29,1.8139,1383.2671
2024-07-07,通信,CI005026.WI,21.2757,1.8127,1251.2077
2024-07-14,通信,CI005026.WI,21.5136,1.8334,1539.2235
2024-07-21,通信,CI005026.WI,21.8828,1.8699,1351.6377
2024-07-28,通信,CI005026.WI,20.7075,1.772,1194.6543
2024-08-04,通信,CI005026.WI,20.7847,1.779,1455.3868
2024-08-11,通信,CI005026.WI,19.6893,1.667,1296.6254
2024-08-18,通信,CI005026.WI,20.155,1.7116,1116.611
2024-08-25,通信,CI005026.WI,20.099,1.7065,1157.088
2024-09-01,通信,CI005026.WI,19.8935,1.6911,1307.9692
2024-09-08,通信,CI005026.WI,19.3544,1.6791,1118.5053
2024-09-15,通信,CI005026.WI,19.2321,1.6797,1129.7159
2024-09-22,通信,CI005026.WI,19.4264,1.6966,627.3196
2024-09-29,通信,CI005026.WI,20.6695,1.8059,2173.0786
2024-10-06,通信,CI005026.WI,22.2014,1.9398,985.6563
2024-10-13,通信,CI005026.WI,21.7474,1.9002,3610.4635
2024-10-20,通信,CI005026.WI,22.0951,1.9328,3122.0879
2024-10-27,通信,CI005026.WI,21.4542,1.871,4310.5378
2024-11-03,通信,CI005026.WI,21.2314,1.8606,3999.3711
2024-11-10,通信,CI005026.WI,21.8012,1.9105,4197.9392
2024-11-17,通信,CI005026.WI,21.8933,1.9187,4635.2074
2024-11-24,通信,CI005026.WI,21.2898,1.8658,3734.8911
2024-12-01,通信,CI005026.WI,21.6795,1.8998,3239.8826
2024-12-08,通信,CI005026.WI,21.9888,1.9269,2914.7724
2024-12-15,通信,CI005026.WI,22.2703,1.9516,3433.4483
2024-12-22,通信,CI005026.WI,22.9701,2.0127,4262.1326
2024-12-29,通信,CI005026.WI,23.3862,2.0492,4010.7946
2025-01-05,通信,CI005026.WI,22.4095,1.9659,2840.3882
2025-01-12,通信,CI005026.WI,21.8466,1.9151,3025.3311
2025-01-19,通信,CI005026.WI,22.3095,1.9557,3163.1325
2025-01-26,通信,CI005026.WI,22.6905,1.9892,3821.7792
2025-02-02,通信,CI005026.WI,22.5973,1.981,713.038
2025-02-09,通信,CI005026.WI,22.6411,1.9848,2703.2919
2025-02-16,通信,CI005026.WI,23.6742,2.0763,4582.4939
2025-02-23,通信,CI005026.WI,24.8245,2.1773,5494.3133
2025-03-02,通信,CI005026.WI,22.8145,1.9975,5107.7206
2025-03-09,通信,CI005026.WI,23.4463,2.0504,3937.939
2025-03-16,通信,CI005026.WI,23.102,2.0222,3457.3343
2025-03-23,通信,CI005026.WI,22.4838,1.9562,3542.2583
2025-03-30,通信,CI005026.WI,22.1682,1.927,2323.5519
2025-04-06,通信,CI005026.WI,22.4127,1.9519,1643.9223
2025-04-13,通信,CI005026.WI,21.7972,1.8983,2688.8817
2025-04-20,通信,CI005026.WI,22.5025,1.9508,1690.2506
2025-04-27,通信,CI005026.WI,21.4724,1.8777,2347.5582
2025-05-04,通信,CI005026.WI,22.0599,1.8908,1159.5272
2025-05-11,通信,CI005026.WI,22.7103,1.9465,2460.9052
2025-05-18,通信,CI005026.WI,22.6843,1.9444,2756.1908
2025-05-25,通信,CI005026.WI,22.5806,1.9355,2071.9267
2025-06-01,通信,CI005026.WI,23.0133,1.9747,2167.3184
2025-06-08,通信,CI005026.WI,23.4109,2.0503,2183.7549
2025-06-15,通信,CI005026.WI,22.793,2.0038,3080.1188
2025-06-22,通信,CI005026.WI,23.1535,2.0369,2869.6005
2025-06-29,通信,CI005026.WI,23.3432,2.0558,3230.7198
2025-07-06,通信,CI005026.WI,23.1761,2.0497,3128.6849
2025-07-13,通信,CI005026.WI,23.4044,2.07,3182.9656
2025-07-20,通信,CI005026.WI,23.9109,2.1149,4078.7756
2025-07-27,通信,CI005026.WI,23.6647,2.0939,3546.2077
2025-08-03,通信,CI005026.WI,23.7743,2.1043,4571.6786
2025-08-10,通信,CI005026.WI,23.7646,2.0868,3899.3061
2025-08-17,通信,CI005026.WI,24.0719,2.1117,5176.2449
2025-08-24,通信,CI005026.WI,25.4495,2.2288,6826.194
2025-08-31,通信,CI005026.WI,26.6582,2.3469,8695.9097
2025-09-07,通信,CI005026.WI,25.858,2.3438,8857.7739
2025-09-14,通信,CI005026.WI,26.3692,2.3902,7022.4258
2025-09-21,通信,CI005026.WI,26.2309,2.3781,6858.2957
2025-09-28,通信,CI005026.WI,26.0752,2.364,6821.2637
2025-10-05,通信,CI005026.WI,25.8989,2.3486,2289.8244
2025-10-12,通信,CI005026.WI,25.9447,2.3524,2738.3684
2025-10-19,通信,CI005026.WI,25.3507,2.2997,5360.8973
2025-10-26,通信,CI005026.WI,26.4887,2.3761,5515.2405
2025-11-02,通信,CI005026.WI,25.7284,2.3089,6894.8541
2025-11-09,通信,CI005026.WI,26.0709,2.3396,4402.1376
2025-11-16,通信,CI005026.WI,25.112,2.2799,4409.5075
2025-11-23,通信,CI005026.WI,24.8286,2.2541,4200.3028
2025-11-30,通信,CI005026.WI,25.8531,2.3469,6027.143
2025-12-07,通信,CI005026.WI,26.1302,2.3705,5963.2291
2025-12-14,通信,CI005026.WI,26.7948,2.4308,7919.407
2025-12-21,通信,CI005026.WI,26.5923,2.2283,6470.1483
2025-12-28,通信,CI005026.WI,27.0324,2.4483,6992.7228
2026-01-04,通信,CI005026.WI,26.838,2.4307,4020.3067
2026-01-11,通信,CI005026.WI,27.1401,2.4581,8488.7189
2026-01-18,通信,CI005026.WI,26.7972,2.4269,10182.188
2026-01-25,通信,CI005026.WI,26.4206,2.3927,7337.4021
2026-02-01,通信,CI005026.WI,27.3305,2.4739,8016.2864
2026-02-08,通信,CI005026.WI,26.2625,2.3754,8356.7924
2026-02-15,通信,CI005026.WI,26.479,2.395,7051.3655
2026-03-01,通信,CI005026.WI,27.1752,2.4801,6040.8796
2026-03-08,通信,CI005026.WI,27.4111,2.4983,8744.8234
2026-03-15,通信,CI005026.WI,27.7986,2.5334,8343.2159
2026-03-22,通信,CI005026.WI,27.6209,2.5146,7821.1392
2026-03-29,通信,CI005026.WI,28.0098,2.4479,7258.4475
2026-04-05,通信,CI005026.WI,28.6598,2.5038,6923.8868
2026-04-12,通信,CI005026.WI,30.1178,2.6734,7530.6093
2026-04-19,通信,CI005026.WI,30.8955,2.7842,10098.5434
2026-04-26,通信,CI005026.WI,31.3775,2.7498,11947.0467
2026-05-03,通信,CI005026.WI,31.2825,2.7399,7639.8001
2026-05-10,通信,CI005026.WI,33.0068,2.8909,6994.9362
2026-05-17,通信,CI005026.WI,34.3525,3.0091,14031.3942
2026-05-24,通信,CI005026.WI,34.1205,2.9894,12002.0046
2026-05-31,通信,CI005026.WI,35.3508,3.0996,12288.5118
2026-06-07,通信,CI005026.WI,36.2103,3.2336,13541.4042
2026-06-14,通信,CI005026.WI,34.9161,3.1312,12694.9521
2026-06-21,通信,CI005026.WI,37.962,3.4,10682.6871
2026-06-28,通信,CI005026.WI,36.4902,3.2703,14610.6514
2026-07-05,通信,CI005026.WI,34.0267,3.0504,11973.7595
2026-07-12,通信,CI005026.WI,33.883,3.038,11017.9647
2026-07-19,通信,CI005026.WI,31.0002,2.7806,10474.6746
2026-07-26,通信,CI005026.WI,30.9435,2.7756,9970.6837
2026-08-02,通信,CI005026.WI,29.3795,2.5904,8853.2942
2026-08-09,通信,CI005026.WI,31.1191,2.7436,10374.8626
2016-01-10,钢铁,CI005005.WI,,1.6495,730.8771
2016-01-17,钢铁,CI005005.WI,,1.4676,742.6267
2016-01-24,钢铁,CI005005.WI,,1.4345,458.2658
2016-01-31,钢铁,CI005005.WI,,1.2925,442.4365
2016-02-07,钢铁,CI005005.WI,,1.2667,346.0555
2016-02-21,钢铁,CI005005.WI,,1.3234,392.2028
2016-02-28,钢铁,CI005005.WI,,1.3238,594.8516
2016-03-06,钢铁,CI005005.WI,,1.3724,624.1352
2016-03-13,钢铁,CI005005.WI,,1.3234,565.7297
2016-03-20,钢铁,CI005005.WI,,1.3898,396.1068
2016-03-27,钢铁,CI005005.WI,,1.3885,500.2364
2016-04-03,钢铁,CI005005.WI,,1.4345,337.3049
2016-04-10,钢铁,CI005005.WI,,1.4496,373.0928
2016-04-17,钢铁,CI005005.WI,,1.5372,588.9327
2016-04-24,钢铁,CI005005.WI,,1.4992,464.5928
2016-05-01,钢铁,CI005005.WI,,1.5197,314.1509
2016-05-08,钢铁,CI005005.WI,,1.4795,278.8621
2016-05-15,钢铁,CI005005.WI,,1.3956,231.3467
2016-05-22,钢铁,CI005005.WI,,1.4007,244.3312
2016-05-29,钢铁,CI005005.WI,,1.4066,250.0235
2016-06-05,钢铁,CI005005.WI,,1.4651,367.6883
2016-06-12,钢铁,CI005005.WI,,1.4565,170.4602
2016-06-19,钢铁,CI005005.WI,,1.4433,295.1916
2016-06-26,钢铁,CI005005.WI,,1.4053,292.2104
2016-07-03,钢铁,CI005005.WI,,1.4366,272.4418
2016-07-10,钢铁,CI005005.WI,,1.4596,386.4788
2016-07-17,钢铁,CI005005.WI,,1.4981,443.9024
2016-07-24,钢铁,CI005005.WI,,1.4785,269.0759
2016-07-31,钢铁,CI005005.WI,,1.4631,260.0152
2016-08-07,钢铁,CI005005.WI,,1.4825,207.6567
2016-08-14,钢铁,CI005005.WI,,1.5218,301.4271
2016-08-21,钢铁,CI005005.WI,,1.5687,421.0273
2016-08-28,钢铁,CI005005.WI,,1.5648,291.3695
2016-09-04,钢铁,CI005005.WI,,1.5254,231.538
2016-09-11,钢铁,CI005005.WI,,1.5548,265.0484
2016-09-18,钢铁,CI005005.WI,,1.521,156.3951
2016-09-25,钢铁,CI005005.WI,,1.5513,223.9964
2016-10-02,钢铁,CI005005.WI,,1.5253,211.1597
2016-10-16,钢铁,CI005005.WI,,1.5792,322.5579
2016-10-23,钢铁,CI005005.WI,,1.5864,335.6132
2016-10-30,钢铁,CI005005.WI,,1.5914,412.7314
2016-11-06,钢铁,CI005005.WI,,1.596,311.2771
2016-11-13,钢铁,CI005005.WI,,1.6735,428.5166
2016-11-20,钢铁,CI005005.WI,,1.6703,447.0781
2016-11-27,钢铁,CI005005.WI,,1.7289,516.9252
2016-12-04,钢铁,CI005005.WI,,1.7232,544.2763
2016-12-11,钢铁,CI005005.WI,,1.7498,442.5066
2016-12-18,钢铁,CI005005.WI,,1.6993,504.9614
2016-12-25,钢铁,CI005005.WI,,1.6711,358.6764
2017-01-01,钢铁,CI005005.WI,,1.6698,304.4218
2017-01-08,钢铁,CI005005.WI,,1.6995,290.0311
2017-01-15,钢铁,CI005005.WI,,1.6955,425.3168
2017-01-22,钢铁,CI005005.WI,,1.6989,357.6365
2017-01-29,钢铁,CI005005.WI,,1.7348,255.2858
2017-02-05,钢铁,CI005005.WI,,1.7259,44.5932
2017-02-12,钢铁,CI005005.WI,,1.8007,421.3607
2017-02-19,钢铁,CI005005.WI,,1.8168,606.0803
2017-02-26,钢铁,CI005005.WI,,1.8458,495.3913
2017-03-05,钢铁,CI005005.WI,,1.8886,404.0817
2017-03-12,钢铁,CI005005.WI,,1.8721,313.2156
2017-03-19,钢铁,CI005005.WI,,1.8837,334.1793
2017-03-26,钢铁,CI005005.WI,,1.862,341.205
2017-04-02,钢铁,CI005005.WI,,1.8367,361.7814
2017-04-09,钢铁,CI005005.WI,,1.9138,292.2342
2017-04-16,钢铁,CI005005.WI,292.4338,1.946,1050.1778
2017-04-23,钢铁,CI005005.WI,152.0267,1.8088,636.2206
2017-04-30,钢铁,CI005005.WI,37.2739,1.6588,513.0486
2017-05-07,钢铁,CI005005.WI,28.702,1.5856,480.7822
2017-05-14,钢铁,CI005005.WI,27.3955,1.5135,499.6587
2017-05-21,钢铁,CI005005.WI,28.0405,1.5494,479.3671
2017-05-28,钢铁,CI005005.WI,28.0148,1.5483,411.8211
2017-06-04,钢铁,CI005005.WI,27.4828,1.5188,168.1291
2017-06-11,钢铁,CI005005.WI,27.9775,1.5462,264.4518
2017-06-18,钢铁,CI005005.WI,27.9574,1.5591,261.9326
2017-06-25,钢铁,CI005005.WI,28.0364,1.5662,341.0325
2017-07-02,钢铁,CI005005.WI,28.7718,1.6092,301.0531
2017-07-09,钢铁,CI005005.WI,30.2558,1.6922,412.5848
2017-07-16,钢铁,CI005005.WI,30.6788,1.7143,503.4761
2017-07-23,钢铁,CI005005.WI,31.5077,1.7733,615.0889
2017-07-30,钢铁,CI005005.WI,31.4077,1.781,609.4366
2017-08-06,钢铁,CI005005.WI,34.6245,1.9413,1143.4164
2017-08-13,钢铁,CI005005.WI,32.0601,1.8452,1223.7821
2017-08-20,钢铁,CI005005.WI,31.4391,1.8568,649.9294
2017-08-27,钢铁,CI005005.WI,31.6342,1.8606,580.0761
2017-09-03,钢铁,CI005005.WI,33.5345,2.0246,997.6798
2017-09-10,钢铁,CI005005.WI,32.7532,1.9774,961.5725
2017-09-17,钢铁,CI005005.WI,31.6883,1.9131,905.4144
2017-09-24,钢铁,CI005005.WI,30.6914,1.8529,581.5495
2017-10-01,钢铁,CI005005.WI,31.1881,1.877,518.3057
2017-10-15,钢铁,CI005005.WI,30.7222,1.8721,494.8983
2017-10-22,钢铁,CI005005.WI,29.3191,1.8292,389.2234
2017-10-29,钢铁,CI005005.WI,20.2312,1.7736,324.1221
2017-11-05,钢铁,CI005005.WI,18.3622,1.6999,321.6072
2017-11-12,钢铁,CI005005.WI,19.1575,1.7753,458.3137
2017-11-19,钢铁,CI005005.WI,18.9609,1.7537,561.1443
2017-11-26,钢铁,CI005005.WI,19.1278,1.7661,414.3826
2017-12-03,钢铁,CI005005.WI,20.0618,1.8523,742.5661
2017-12-10,钢铁,CI005005.WI,19.0791,1.7616,593.3196
2017-12-17,钢铁,CI005005.WI,18.5436,1.7122,400.719
2017-12-24,钢铁,CI005005.WI,18.583,1.7158,322.0555
2017-12-31,钢铁,CI005005.WI,18.8443,1.7399,334.458
2018-01-07,钢铁,CI005005.WI,19.5165,1.802,455.167
2018-01-14,钢铁,CI005005.WI,19.5608,1.8061,525.2094
2018-01-21,钢铁,CI005005.WI,19.6395,1.8113,533.9868
2018-01-28,钢铁,CI005005.WI,19.9335,1.8384,627.2501
2018-02-04,钢铁,CI005005.WI,20.6063,1.9004,740.6611
2018-02-11,钢铁,CI005005.WI,18.4542,1.7248,852.2983
2018-02-18,钢铁,CI005005.WI,18.3741,1.7791,298.7455
2018-02-25,钢铁,CI005005.WI,18.8945,1.8295,244.5543
2018-03-04,钢铁,CI005005.WI,16.8499,1.6655,589.7427
2018-03-11,钢铁,CI005005.WI,16.3396,1.618,466.9975
2018-03-18,钢铁,CI005005.WI,16.2127,1.6125,388.8732
2018-03-25,钢铁,CI005005.WI,14.4237,1.4566,345.4165
2018-04-01,钢铁,CI005005.WI,13.844,1.4738,321.1369
2018-04-08,钢铁,CI005005.WI,13.1331,1.4313,178.7592
2018-04-15,钢铁,CI005005.WI,12.1674,1.447,287.7594
2018-04-22,钢铁,CI005005.WI,11.2598,1.4068,276.7279
2018-04-29,钢铁,CI005005.WI,10.4718,1.3894,250.224
2018-05-06,钢铁,CI005005.WI,10.327,1.3713,151.6928
2018-05-13,钢铁,CI005005.WI,10.3677,1.3773,201.11
2018-05-20,钢铁,CI005005.WI,10.2226,1.3581,187.6254
2018-05-27,钢铁,CI005005.WI,9.9169,1.3242,193.2866
2018-06-03,钢铁,CI005005.WI,9.7181,1.2979,232.4357
2018-06-10,钢铁,CI005005.WI,9.8408,1.3381,237.2111
2018-06-17,钢铁,CI005005.WI,10.1383,1.3799,357.1803
2018-06-24,钢铁,CI005005.WI,9.889,1.3462,363.5309
2018-07-01,钢铁,CI005005.WI,9.26,1.2667,289.7556
2018-07-08,钢铁,CI005005.WI,8.8715,1.2097,254.3454
2018-07-15,钢铁,CI005005.WI,9.3383,1.2767,294.2834
2018-07-22,钢铁,CI005005.WI,9.4878,1.2975,265.6275
2018-07-29,钢铁,CI005005.WI,10.2512,1.4017,518.2166
2018-08-05,钢铁,CI005005.WI,9.7462,1.343,430.6206
2018-08-12,钢铁,CI005005.WI,9.9961,1.3846,362.3687
2018-08-19,钢铁,CI005005.WI,9.1138,1.3204,320.1465
2018-08-26,钢铁,CI005005.WI,8.9674,1.3471,283.5426
2018-09-02,钢铁,CI005005.WI,7.942,1.2699,290.3846
2018-09-09,钢铁,CI005005.WI,7.8408,1.2538,213.3201
2018-09-16,钢铁,CI005005.WI,7.594,1.2144,237.0778
2018-09-23,钢铁,CI005005.WI,7.9551,1.2722,324.6594
2018-09-30,钢铁,CI005005.WI,8.078,1.2918,271.9527
2018-10-14,钢铁,CI005005.WI,7.6765,1.2259,372.2813
2018-10-21,钢铁,CI005005.WI,7.294,1.1737,291.8908
2018-10-28,钢铁,CI005005.WI,7.4013,1.1906,346.6796
2018-11-04,钢铁,CI005005.WI,7.3429,1.1854,335.2408
2018-11-11,钢铁,CI005005.WI,7.0988,1.146,261.8687
2018-11-18,钢铁,CI005005.WI,7.2439,1.1697,316.9047
2018-11-25,钢铁,CI005005.WI,6.7602,1.0915,310.694
2018-12-02,钢铁,CI005005.WI,6.5095,1.0511,217.7146
2018-12-09,钢铁,CI005005.WI,6.6401,1.0902,231.7658
2018-12-16,钢铁,CI005005.WI,6.5361,1.0731,188.035
2018-12-23,钢铁,CI005005.WI,6.4252,1.0555,133.6229
2018-12-30,钢铁,CI005005.WI,6.2353,1.0243,125.9613
2019-01-13,钢铁,CI005005.WI,6.4254,1.0555,172.2719
2019-01-20,钢铁,CI005005.WI,6.6932,1.0994,250.2863
2019-01-27,钢铁,CI005005.WI,6.5491,1.0758,214.2353
2019-02-03,钢铁,CI005005.WI,6.5786,1.0806,212.1694
2019-02-17,钢铁,CI005005.WI,6.7198,1.1035,305.3961
2019-02-24,钢铁,CI005005.WI,7.1298,1.1285,361.5745
2019-03-03,钢铁,CI005005.WI,7.7772,1.2272,719.562
2019-03-10,钢铁,CI005005.WI,7.6608,1.2088,819.3107
2019-03-17,钢铁,CI005005.WI,7.7887,1.229,491.689
2019-03-24,钢铁,CI005005.WI,8.1959,1.2551,555.2894
2019-03-31,钢铁,CI005005.WI,8.0952,1.2068,386.8305
2019-04-07,钢铁,CI005005.WI,8.591,1.2804,556.4245
2019-04-14,钢铁,CI005005.WI,8.5546,1.2466,698.8818
2019-04-21,钢铁,CI005005.WI,8.645,1.2626,389.8183
2019-04-28,钢铁,CI005005.WI,8.5344,1.1404,364.0555
2019-05-05,钢铁,CI005005.WI,8.8169,1.1318,109.817
2019-05-12,钢铁,CI005005.WI,8.3748,1.0791,302.0238
2019-05-19,钢铁,CI005005.WI,8.2969,1.0691,297.591
2019-05-26,钢铁,CI005005.WI,8.1819,1.0603,317.6592
2019-06-02,钢铁,CI005005.WI,8.212,1.0809,294.9104
2019-06-09,钢铁,CI005005.WI,7.9462,1.0468,181.886
2019-06-16,钢铁,CI005005.WI,8.066,1.0626,323.9017
2019-06-23,钢铁,CI005005.WI,8.3083,1.0947,290.5792
2019-06-30,钢铁,CI005005.WI,8.1768,1.0808,316.7664
2019-07-07,钢铁,CI005005.WI,8.2284,1.0876,233.1306
2019-07-14,钢铁,CI005005.WI,7.8867,1.0363,149.4611
2019-07-21,钢铁,CI005005.WI,7.8899,1.0374,156.2535
2019-07-28,钢铁,CI005005.WI,7.7962,1.021,126.3076
2019-08-04,钢铁,CI005005.WI,7.5898,0.995,138.7825
2019-08-11,钢铁,CI005005.WI,7.2367,0.9459,162.2129
2019-08-18,钢铁,CI005005.WI,7.3519,0.9408,118.5757
2019-08-25,钢铁,CI005005.WI,7.6425,0.9409,129.2912
2019-09-01,钢铁,CI005005.WI,8.073,0.9398,158.3383
2019-09-08,钢铁,CI005005.WI,8.3817,0.9755,195.7816
2019-09-15,钢铁,CI005005.WI,8.5804,0.9986,166.5887
2019-09-22,钢铁,CI005005.WI,8.8933,1.0026,171.0229
2019-09-29,钢铁,CI005005.WI,8.5775,0.967,130.5683
2019-10-06,钢铁,CI005005.WI,8.5294,0.9616,19.8183
2019-10-13,钢铁,CI005005.WI,8.7069,0.9818,93.1306
2019-10-20,钢铁,CI005005.WI,8.6132,0.964,125.3834
2019-10-27,钢铁,CI005005.WI,8.9151,0.9691,97.0715
2019-11-03,钢铁,CI005005.WI,10.5519,0.9505,120.3811
2019-11-10,钢铁,CI005005.WI,10.5115,0.9469,124.4165
2019-11-17,钢铁,CI005005.WI,10.1996,0.9188,122.0547
2019-11-24,钢铁,CI005005.WI,10.5883,0.9538,212.06
2019-12-01,钢铁,CI005005.WI,9.4584,0.8147,300.3127
2019-12-08,钢铁,CI005005.WI,10.4061,0.9932,164.3162
2019-12-15,钢铁,CI005005.WI,10.7107,1.0223,255.3467
2019-12-22,钢铁,CI005005.WI,10.6735,1.0187,272.8556
2019-12-29,钢铁,CI005005.WI,10.687,1.02,229.3449
2020-01-05,钢铁,CI005005.WI,10.9162,1.0419,244.1804
2020-01-12,钢铁,CI005005.WI,10.8622,1.0367,306.2625
2020-01-19,钢铁,CI005005.WI,10.7256,1.0237,209.6881
2020-01-26,钢铁,CI005005.WI,10.1791,0.9715,163.1957
2020-02-09,钢铁,CI005005.WI,9.5361,0.9134,239.9404
2020-02-16,钢铁,CI005005.WI,9.9328,0.9408,249.8148
2020-02-23,钢铁,CI005005.WI,10.2931,0.9749,297.8401
2020-03-01,钢铁,CI005005.WI,10.1182,0.9457,375.7636
2020-03-08,钢铁,CI005005.WI,10.5812,1.0096,441.0647
2020-03-15,钢铁,CI005005.WI,10.0378,0.9578,402.2954
2020-03-22,钢铁,CI005005.WI,9.7083,0.9286,317.8569
2020-03-29,钢铁,CI005005.WI,9.8263,0.9254,235.9754
2020-04-05,钢铁,CI005005.WI,10.3296,0.9206,199.1437
2020-04-12,钢铁,CI005005.WI,10.5837,0.9401,204.9563
2020-04-19,钢铁,CI005005.WI,10.9846,0.9433,225.0656
2020-04-26,钢铁,CI005005.WI,11.3268,0.9245,205.0005
2020-05-03,钢铁,CI005005.WI,12.6317,0.9189,152.4925
2020-05-10,钢铁,CI005005.WI,12.7865,0.9302,151.3003
2020-05-17,钢铁,CI005005.WI,12.5324,0.9132,249.4684
2020-05-24,钢铁,CI005005.WI,12.3831,0.9041,265.137
2020-05-31,钢铁,CI005005.WI,12.6953,0.93,313.2128
2020-06-07,钢铁,CI005005.WI,12.4082,0.9296,304.1661
2020-06-14,钢铁,CI005005.WI,12.5179,0.9399,263.8218
2020-06-21,钢铁,CI005005.WI,13.1634,0.9883,491.1813
2020-06-28,钢铁,CI005005.WI,12.8944,0.9684,209.2182
2020-07-05,钢铁,CI005005.WI,13.2547,0.9961,350.7601
2020-07-12,钢铁,CI005005.WI,14.1969,1.0609,797.0263
2020-07-19,钢铁,CI005005.WI,13.4368,1.0051,579.132
2020-07-26,钢铁,CI005005.WI,13.4955,1.0095,424.8244
2020-08-02,钢铁,CI005005.WI,13.8253,1.0358,288.6458
2020-08-09,钢铁,CI005005.WI,14.0622,1.0536,478.7108
2020-08-16,钢铁,CI005005.WI,14.0449,1.0464,360.6619
2020-08-23,钢铁,CI005005.WI,14.3411,1.056,406.6617
2020-08-30,钢铁,CI005005.WI,15.4026,1.0144,278.2382
2020-09-06,钢铁,CI005005.WI,15.2438,1.0131,268.6481
2020-09-13,钢铁,CI005005.WI,15.1405,1.0062,363.3896
2020-09-20,钢铁,CI005005.WI,15.2852,1.0158,251.8076
2020-09-27,钢铁,CI005005.WI,14.6519,0.9737,191.1664
2020-10-04,钢铁,CI005005.WI,14.5402,0.9663,90.9004
2020-10-11,钢铁,CI005005.WI,14.8713,0.9883,37.6928
2020-10-18,钢铁,CI005005.WI,15.5606,0.9972,216.3626
2020-10-25,钢铁,CI005005.WI,14.9479,0.9801,201.6462
2020-11-01,钢铁,CI005005.WI,13.6825,0.9529,230.5442
2020-11-08,钢铁,CI005005.WI,14.7712,1.0294,322.7126
2020-11-15,钢铁,CI005005.WI,15.3431,1.0692,437.3482
2020-11-22,钢铁,CI005005.WI,16.0507,1.1186,500.0008
2020-11-29,钢铁,CI005005.WI,15.8754,1.1069,570.9248
2020-12-06,钢铁,CI005005.WI,15.6947,1.0943,468.8569
2020-12-13,钢铁,CI005005.WI,15.532,1.0817,426.9041
2020-12-20,钢铁,CI005005.WI,15.8741,1.1052,374.9784
2020-12-27,钢铁,CI005005.WI,15.8354,1.1023,429.834
2021-01-03,钢铁,CI005005.WI,15.6433,1.089,300.9235
2021-01-10,钢铁,CI005005.WI,16.4813,1.1484,546.9654
2021-01-17,钢铁,CI005005.WI,16.2304,1.1309,468.1662
2021-01-24,钢铁,CI005005.WI,16.5959,1.1562,521.7624
2021-01-31,钢铁,CI005005.WI,16.027,1.1164,547.2473
2021-02-07,钢铁,CI005005.WI,16.2353,1.1277,390.9125
2021-02-14,钢铁,CI005005.WI,16.5592,1.1499,187.9218
2021-02-21,钢铁,CI005005.WI,17.4492,1.2117,208.4947
2021-02-28,钢铁,CI005005.WI,17.4639,1.2146,824.6483
2021-03-07,钢铁,CI005005.WI,18.842,1.3072,1243.2567
2021-03-14,钢铁,CI005005.WI,19.3951,1.3572,1255.4951
2021-03-21,钢铁,CI005005.WI,19.1441,1.3411,1066.5364
2021-03-28,钢铁,CI005005.WI,17.7863,1.2625,771.4062
2021-04-04,钢铁,CI005005.WI,17.7534,1.3081,673.8655
2021-04-11,钢铁,CI005005.WI,18.7072,1.3991,844.8419
2021-04-18,钢铁,CI005005.WI,18.1302,1.3758,1029.3522
2021-04-25,钢铁,CI005005.WI,17.743,1.4093,850.278
2021-05-02,钢铁,CI005005.WI,13.4443,1.3311,751.1489
2021-05-09,钢铁,CI005005.WI,14.4195,1.4276,514.4719
2021-05-16,钢铁,CI005005.WI,13.8066,1.372,1388.6022
2021-05-23,钢铁,CI005005.WI,13.4052,1.324,844.831
2021-05-30,钢铁,CI005005.WI,13.3517,1.3194,667.4699
2021-06-06,钢铁,CI005005.WI,13.2469,1.3152,717.3793
2021-06-13,钢铁,CI005005.WI,13.6132,1.3541,627.2706
2021-06-20,钢铁,CI005005.WI,12.7343,1.2798,445.6524
2021-06-27,钢铁,CI005005.WI,13.3736,1.348,675.2436
2021-07-04,钢铁,CI005005.WI,13.0297,1.3118,579.5278
2021-07-11,钢铁,CI005005.WI,13.622,1.359,755.0655
2021-07-18,钢铁,CI005005.WI,14.5306,1.4486,1252.0718
2021-07-25,钢铁,CI005005.WI,15.3688,1.5303,1226.872
2021-08-01,钢铁,CI005005.WI,15.379,1.5469,1309.905
2021-08-08,钢铁,CI005005.WI,14.9904,1.509,1206.9579
2021-08-15,钢铁,CI005005.WI,15.7254,1.6067,1155.1444
2021-08-22,钢铁,CI005005.WI,14.2711,1.5708,1152.9054
2021-08-29,钢铁,CI005005.WI,12.3904,1.6416,1630.5425
2021-09-05,钢铁,CI005005.WI,12.9029,1.7461,2218.2866
2021-09-12,钢铁,CI005005.WI,13.9388,1.8863,2108.7448
2021-09-19,钢铁,CI005005.WI,13.01,1.7606,1946.8495
2021-09-26,钢铁,CI005005.WI,12.5006,1.6917,961.5846
2021-10-03,钢铁,CI005005.WI,11.4234,1.545,935.8723
2021-10-10,钢铁,CI005005.WI,11.258,1.5227,182.8621
2021-10-17,钢铁,CI005005.WI,10.6182,1.4516,846.8691
2021-10-24,钢铁,CI005005.WI,10.2772,1.4282,958.3187
2021-10-31,钢铁,CI005005.WI,8.9346,1.3402,893.956
2021-11-07,钢铁,CI005005.WI,8.295,1.246,839.3287
2021-11-14,钢铁,CI005005.WI,8.4796,1.2737,799.3623
2021-11-21,钢铁,CI005005.WI,8.7202,1.3098,676.5785
2021-11-28,钢铁,CI005005.WI,9.0799,1.3688,1110.7151
2021-12-05,钢铁,CI005005.WI,9.128,1.376,929.4475
2021-12-12,钢铁,CI005005.WI,9.1538,1.3799,998.3886
2021-12-19,钢铁,CI005005.WI,9.2872,1.4,981.2045
2021-12-26,钢铁,CI005005.WI,8.8761,1.3377,782.2313
2022-01-02,钢铁,CI005005.WI,9.0506,1.364,610.3536
2022-01-09,钢铁,CI005005.WI,9.3346,1.4068,752.2999
2022-01-16,钢铁,CI005005.WI,8.938,1.3466,903.5841
2022-01-23,钢铁,CI005005.WI,8.9502,1.3484,829.5267
2022-01-30,钢铁,CI005005.WI,8.5047,1.2827,615.2468
2022-02-13,钢铁,CI005005.WI,9.1566,1.3809,812.7318
2022-02-20,钢铁,CI005005.WI,9.3344,1.4082,717.9716
2022-02-27,钢铁,CI005005.WI,9.1254,1.3759,890.1983
2022-03-06,钢铁,CI005005.WI,9.0985,1.381,827.1676
2022-03-13,钢铁,CI005005.WI,8.6094,1.2943,890.9651
2022-03-20,钢铁,CI005005.WI,8.2188,1.229,707.2099
2022-03-27,钢铁,CI005005.WI,8.3988,1.2232,546.8995
2022-04-03,钢铁,CI005005.WI,8.7576,1.264,520.9955
2022-04-10,钢铁,CI005005.WI,9.1542,1.3215,631.1266
2022-04-17,钢铁,CI005005.WI,9.2715,1.3231,869.4306
2022-04-24,钢铁,CI005005.WI,8.6744,1.2042,696.5208
2022-05-01,钢铁,CI005005.WI,9.0937,1.1197,620.9386
2022-05-08,钢铁,CI005005.WI,8.8086,1.0846,209.3868
2022-05-15,钢铁,CI005005.WI,8.9302,1.1006,481.7754
2022-05-22,钢铁,CI005005.WI,9.2177,1.1363,421.7513
2022-05-29,钢铁,CI005005.WI,9.3067,1.1483,570.4595
2022-06-05,钢铁,CI005005.WI,9.6423,1.1925,412.2047
2022-06-12,钢铁,CI005005.WI,9.8649,1.2235,749.882
2022-06-19,钢铁,CI005005.WI,9.5843,1.2004,736.5459
2022-06-26,钢铁,CI005005.WI,9.7721,1.2294,779.3896
2022-07-03,钢铁,CI005005.WI,9.7335,1.2318,675.6714
2022-07-10,钢铁,CI005005.WI,9.8158,1.2421,764.4488
2022-07-17,钢铁,CI005005.WI,9.4171,1.1917,783.7661
2022-07-24,钢铁,CI005005.WI,9.6243,1.2248,819.9132
2022-07-31,钢铁,CI005005.WI,9.6125,1.2233,604.7459
2022-08-07,钢铁,CI005005.WI,9.2556,1.1779,572.8265
2022-08-14,钢铁,CI005005.WI,9.3439,1.2004,467.2629
2022-08-21,钢铁,CI005005.WI,9.7825,1.1832,545.4894
2022-08-28,钢铁,CI005005.WI,11.1009,1.1529,509.1369
2022-09-04,钢铁,CI005005.WI,12.7188,1.1217,368.494
2022-09-11,钢铁,CI005005.WI,13.2016,1.1643,422.6887
2022-09-18,钢铁,CI005005.WI,12.5375,1.1057,350.6813
2022-09-25,钢铁,CI005005.WI,12.4713,1.0999,397.4317
2022-10-02,钢铁,CI005005.WI,11.7613,1.0379,328.8967
2022-10-16,钢铁,CI005005.WI,12.035,1.0666,322.0687
2022-10-23,钢铁,CI005005.WI,11.9393,1.0595,341.225
2022-10-30,钢铁,CI005005.WI,20.8818,1.0121,430.0612
2022-11-06,钢铁,CI005005.WI,22.7423,1.0735,420.1985
2022-11-13,钢铁,CI005005.WI,23.4307,1.106,555.4292
2022-11-20,钢铁,CI005005.WI,23.0049,1.0859,382.9791
2022-11-27,钢铁,CI005005.WI,23.4868,1.1087,377.3543
2022-12-04,钢铁,CI005005.WI,23.4912,1.1089,416.9797
2022-12-11,钢铁,CI005005.WI,23.9779,1.1329,534.0211
2022-12-18,钢铁,CI005005.WI,23.4614,1.1085,364.7573
2022-12-25,钢铁,CI005005.WI,22.1001,1.0445,243.2072
2023-01-01,钢铁,CI005005.WI,21.9957,1.0413,257.722
2023-01-08,钢铁,CI005005.WI,23.7776,1.0256,179.4927
2023-01-15,钢铁,CI005005.WI,23.6485,1.0219,211.9435
2023-01-22,钢铁,CI005005.WI,24.5323,1.0604,226.9078
2023-02-05,钢铁,CI005005.WI,24.9024,1.0777,380.3727
2023-02-12,钢铁,CI005005.WI,24.885,1.0769,275.6616
2023-02-19,钢铁,CI005005.WI,24.9212,1.0785,351.624
2023-02-26,钢铁,CI005005.WI,26.181,1.133,425.4402
2023-03-05,钢铁,CI005005.WI,26.4486,1.1454,349.5789
2023-03-12,钢铁,CI005005.WI,25.2368,1.0983,318.4304
2023-03-19,钢铁,CI005005.WI,25.614,1.0882,309.2494
2023-03-26,钢铁,CI005005.WI,25.0292,1.053,312.8259
2023-04-02,钢铁,CI005005.WI,24.1524,1.0463,265.5837
2023-04-09,钢铁,CI005005.WI,24.3998,1.0523,200.9346
2023-04-16,钢铁,CI005005.WI,26.4182,1.0731,269.4173
2023-04-23,钢铁,CI005005.WI,30.9184,1.0464,290.8464
2023-04-30,钢铁,CI005005.WI,46.9171,1.0193,304.5407
2023-05-07,钢铁,CI005005.WI,46.9449,1.0199,136.5545
2023-05-14,钢铁,CI005005.WI,46.9588,1.0223,339.7552
2023-05-21,钢铁,CI005005.WI,46.3405,1.0097,210.4685
2023-05-28,钢铁,CI005005.WI,45.3306,0.9882,194.5385
2023-06-04,钢铁,CI005005.WI,45.3218,0.9882,208.226
2023-06-11,钢铁,CI005005.WI,44.6747,0.9744,179.2392
2023-06-18,钢铁,CI005005.WI,44.84,0.981,178.9614
2023-06-25,钢铁,CI005005.WI,43.4622,0.951,107.6025
2023-07-02,钢铁,CI005005.WI,44.1453,0.9704,176.8223
2023-07-09,钢铁,CI005005.WI,44.5958,0.9874,241.4979
2023-07-16,钢铁,CI005005.WI,44.69,0.9898,162.8892
2023-07-23,钢铁,CI005005.WI,44.72,0.9831,160.6819
2023-07-30,钢铁,CI005005.WI,47.9912,1.0551,388.4428
2023-08-06,钢铁,CI005005.WI,45.4596,1.0887,481.6019
2023-08-13,钢铁,CI005005.WI,44.0612,1.0459,235.9396
2023-08-20,钢铁,CI005005.WI,44.3559,1.0378,218.0155
2023-08-27,钢铁,CI005005.WI,46.9667,0.9981,232.2452
2023-09-03,钢铁,CI005005.WI,99.9498,1.0228,307.465
2023-09-10,钢铁,CI005005.WI,98.8032,1.0111,312.2785
2023-09-17,钢铁,CI005005.WI,100.2259,1.0256,247.1971
2023-09-24,钢铁,CI005005.WI,99.6355,1.0197,227.9636
2023-10-01,钢铁,CI005005.WI,97.9789,1.0027,161.7062
2023-10-15,钢铁,CI005005.WI,96.9155,0.9918,205.2989
2023-10-22,钢铁,CI005005.WI,91.9622,0.9618,213.1252
2023-10-29,钢铁,CI005005.WI,43.3586,0.9904,294.9919
2023-11-05,钢铁,CI005005.WI,37.2302,0.9735,235.4648
2023-11-12,钢铁,CI005005.WI,36.7821,0.9624,231.6949
2023-11-19,钢铁,CI005005.WI,37.6251,0.9844,296.828
2023-11-26,钢铁,CI005005.WI,37.6481,0.985,229.306
2023-12-03,钢铁,CI005005.WI,37.8807,0.9801,194.7357
2023-12-10,钢铁,CI005005.WI,37.5169,0.9708,227.3762
2023-12-17,钢铁,CI005005.WI,36.8313,0.953,230.1217
2023-12-24,钢铁,CI005005.WI,36.2127,0.9371,184.0328
2023-12-31,钢铁,CI005005.WI,36.5861,0.9467,185.1048
2024-01-14,钢铁,CI005005.WI,36.0533,0.9329,179.1041
2024-01-21,钢铁,CI005005.WI,34.3946,0.89,222.4428
2024-01-28,钢铁,CI005005.WI,35.9472,0.9302,274.8082
2024-02-04,钢铁,CI005005.WI,32.5882,0.8708,299.055
2024-02-11,钢铁,CI005005.WI,34.2751,0.9159,356.8564
2024-02-25,钢铁,CI005005.WI,35.3491,0.944,300.202
2024-03-03,钢铁,CI005005.WI,35.482,0.9465,312.8903
2024-03-10,钢铁,CI005005.WI,35.6194,0.9636,303.8544
2024-03-17,钢铁,CI005005.WI,35.4808,0.9602,342.1724
2024-03-24,钢铁,CI005005.WI,30.6585,0.9376,356.4789
2024-03-31,钢铁,CI005005.WI,30.0968,0.9392,272.1494
2024-04-07,钢铁,CI005005.WI,31.5239,0.9729,244.0426
2024-04-14,钢铁,CI005005.WI,31.3704,0.9705,424.2935
2024-04-21,钢铁,CI005005.WI,31.9559,1.0039,437.5844
2024-04-28,钢铁,CI005005.WI,31.6635,0.9715,340.2386
2024-05-05,钢铁,CI005005.WI,35.4143,0.9673,163.1988
2024-05-12,钢铁,CI005005.WI,35.8332,0.9834,356.1878
2024-05-19,钢铁,CI005005.WI,35.7707,0.9817,299.5619
2024-05-26,钢铁,CI005005.WI,34.6637,0.9519,296.5597
2024-06-02,钢铁,CI005005.WI,34.6051,0.9511,259.5948
2024-06-09,钢铁,CI005005.WI,33.4227,0.9193,269.9615
2024-06-16,钢铁,CI005005.WI,32.7127,0.9055,164.5368
2024-06-23,钢铁,CI005005.WI,31.8191,0.8812,185.5483
2024-06-30,钢铁,CI005005.WI,31.2295,0.8673,193.9269
2024-07-07,钢铁,CI005005.WI,31.8212,0.8842,178.1838
2024-07-14,钢铁,CI005005.WI,31.6129,0.8797,215.0144
2024-07-21,钢铁,CI005005.WI,31.2548,0.8699,171.5573
2024-07-28,钢铁,CI005005.WI,30.4249,0.8475,163.0501
2024-08-04,钢铁,CI005005.WI,30.7057,0.8553,191.7818
2024-08-11,钢铁,CI005005.WI,29.9132,0.8389,159.3195
2024-08-18,钢铁,CI005005.WI,29.1805,0.8185,160.7934
2024-08-25,钢铁,CI005005.WI,29.1087,0.7945,146.1581
2024-09-01,钢铁,CI005005.WI,29.3578,0.7999,152.2084
2024-09-08,钢铁,CI005005.WI,28.5886,0.7797,151.1389
2024-09-15,钢铁,CI005005.WI,27.7211,0.7561,152.109
2024-09-22,钢铁,CI005005.WI,27.922,0.7616,102.7844
2024-09-29,钢铁,CI005005.WI,32.537,0.8903,444.5365
2024-10-06,钢铁,CI005005.WI,35.465,0.9704,215.9496
2024-10-13,钢铁,CI005005.WI,33.5509,0.918,718.387
2024-10-20,钢铁,CI005005.WI,34.0376,0.9229,499.0511
2024-10-27,钢铁,CI005005.WI,35.108,0.9284,438.5321
2024-11-03,钢铁,CI005005.WI,134.7619,0.9754,754.8395
2024-11-10,钢铁,CI005005.WI,140.5273,1.0172,866.7386
2024-11-17,钢铁,CI005005.WI,132.2913,0.9576,569.3771
2024-11-24,钢铁,CI005005.WI,131.059,0.9487,537.9042
2024-12-01,钢铁,CI005005.WI,132.8126,0.9613,363.9902
2024-12-08,钢铁,CI005005.WI,139.6682,1.011,533.9583
2024-12-15,钢铁,CI005005.WI,138.237,1.0006,753.8652
2024-12-22,钢铁,CI005005.WI,135.0239,0.9774,516.4904
2024-12-29,钢铁,CI005005.WI,134.3989,0.9729,380.4518
2025-01-05,钢铁,CI005005.WI,126.5933,0.9164,317.9595
2025-01-12,钢铁,CI005005.WI,123.4732,0.8939,312.4469
2025-01-19,钢铁,CI005005.WI,127.3878,0.9223,307.2121
2025-01-26,钢铁,CI005005.WI,129.7222,0.9279,299.8679
2025-02-02,钢铁,CI005005.WI,131.3352,0.9394,88.838
2025-02-09,钢铁,CI005005.WI,134.3606,0.961,220.8861
2025-02-16,钢铁,CI005005.WI,134.7241,0.9636,425.633
2025-02-23,钢铁,CI005005.WI,134.3171,0.9667,613.2147
2025-03-02,钢铁,CI005005.WI,140.0243,0.9992,850.9604
2025-03-09,钢铁,CI005005.WI,143.6933,1.0256,697.5409
2025-03-16,钢铁,CI005005.WI,146.0532,1.0358,660.2995
2025-03-23,钢铁,CI005005.WI,163.693,1.0328,571.6677
2025-03-30,钢铁,CI005005.WI,363.6358,1.0052,570.2756
2025-04-06,钢铁,CI005005.WI,1755.8735,1.0115,397.6646
2025-04-13,钢铁,CI005005.WI,,0.9489,655.1336
2025-04-20,钢铁,CI005005.WI,,0.9503,392.1241
2025-04-27,钢铁,CI005005.WI,,0.9606,414.8254
2025-05-04,钢铁,CI005005.WI,,0.9606,286.9153
2025-05-11,钢铁,CI005005.WI,,0.9786,364.324
2025-05-18,钢铁,CI005005.WI,,0.9774,361.0414
2025-05-25,钢铁,CI005005.WI,,0.9723,352.0382
2025-06-01,钢铁,CI005005.WI,,0.9646,277.9409
2025-06-08,钢铁,CI005005.WI,,0.9643,262.8059
2025-06-15,钢铁,CI005005.WI,,0.9694,360.0227
2025-06-22,钢铁,CI005005.WI,,0.9503,323.968
2025-06-29,钢铁,CI005005.WI,,0.9663,384.1411
2025-07-06,钢铁,CI005005.WI,,1.0211,628.4642
2025-07-13,钢铁,CI005005.WI,,1.0596,723.6555
2025-07-20,钢铁,CI005005.WI,,1.0653,754.1687
2025-07-27,钢铁,CI005005.WI,,1.1443,1301.9502
2025-08-03,钢铁,CI005005.WI,,1.1124,1142.8627
2025-08-10,钢铁,CI005005.WI,,1.1428,797.6126
2025-08-17,钢铁,CI005005.WI,,1.1199,786.1717
2025-08-24,钢铁,CI005005.WI,,1.1333,875.8324
2025-08-31,钢铁,CI005005.WI,412.4029,1.1272,1162.1292
2025-09-07,钢铁,CI005005.WI,401.6668,1.0977,744.7164
2025-09-14,钢铁,CI005005.WI,416.8809,1.1402,725.2305
2025-09-21,钢铁,CI005005.WI,404.5236,1.1064,747.9277
2025-09-28,钢铁,CI005005.WI,401.3443,1.101,619.1026
2025-10-05,钢铁,CI005005.WI,414.4083,1.1368,283.6604
2025-10-12,钢铁,CI005005.WI,430.1719,1.18,446.3355
2025-10-19,钢铁,CI005005.WI,425.6726,1.1523,1099.5277
2025-10-26,钢铁,CI005005.WI,207.3664,1.1616,676.4257
2025-11-02,钢铁,CI005005.WI,56.3063,1.1831,930.3288
2025-11-09,钢铁,CI005005.WI,59.6446,1.2532,1058.638
2025-11-16,钢铁,CI005005.WI,60.5171,1.2715,958.6944
2025-11-23,钢铁,CI005005.WI,56.3788,1.1846,862.6202
2025-11-30,钢铁,CI005005.WI,56.7548,1.1925,589.4428
2025-12-07,钢铁,CI005005.WI,57.0484,1.1987,593.8929
2025-12-14,钢铁,CI005005.WI,55.3915,1.1639,603.4079
2025-12-21,钢铁,CI005005.WI,56.6718,1.1904,635.6241
2025-12-28,钢铁,CI005005.WI,58.7522,1.2341,686.2416
2026-01-04,钢铁,CI005005.WI,58.5102,1.2291,416.8204
2026-01-11,钢铁,CI005005.WI,60.3326,1.2672,943.2971
2026-01-18,钢铁,CI005005.WI,59.3157,1.2458,1153.9823
2026-01-25,钢铁,CI005005.WI,63.3548,1.3313,1143.4198
2026-02-01,钢铁,CI005005.WI,62.1479,1.3067,1391.9191
2026-02-08,钢铁,CI005005.WI,60.0244,1.2622,878.1322
2026-02-15,钢铁,CI005005.WI,60.6571,1.2747,835.8281
2026-03-01,钢铁,CI005005.WI,68.2141,1.4239,1224.1326
2026-03-08,钢铁,CI005005.WI,65.4713,1.3666,1421.6018
2026-03-15,钢铁,CI005005.WI,64.507,1.3466,1134.6629
2026-03-22,钢铁,CI005005.WI,56.311,1.2075,990.9309
2026-03-29,钢铁,CI005005.WI,52.3951,1.2128,762.8179
2026-04-05,钢铁,CI005005.WI,57.3453,1.1995,614.1038
2026-04-12,钢铁,CI005005.WI,57.7243,1.2371,573.4757
2026-04-19,钢铁,CI005005.WI,59.8112,1.264,828.534
2026-04-26,钢铁,CI005005.WI,61.7377,1.2464,954.3281
2026-05-03,钢铁,CI005005.WI,71.6911,1.243,798.8107
2026-05-10,钢铁,CI005005.WI,72.617,1.2591,631.8474
2026-05-17,钢铁,CI005005.WI,68.2303,1.1843,952.1173
2026-05-24,钢铁,CI005005.WI,65.3707,1.1374,744.6383
2026-05-31,钢铁,CI005005.WI,63.6625,1.1096,676.2511
2026-06-07,钢铁,CI005005.WI,62.02,1.0821,600.9182
2026-06-14,钢铁,CI005005.WI,61.9512,1.081,681.3999
2026-06-21,钢铁,CI005005.WI,60.5312,1.059,636.8654
2026-06-28,钢铁,CI005005.WI,56.7534,0.9976,838.9517
2026-07-05,钢铁,CI005005.WI,58.4167,1.0272,671.2551
2026-07-12,钢铁,CI005005.WI,56.2546,0.99,535.4152
2026-07-19,钢铁,CI005005.WI,55.9067,0.9844,503.9787
2026-07-26,钢铁,CI005005.WI,56.8999,1.0024,527.6742
2026-08-02,钢铁,CI005005.WI,59.565,1.0493,443.0755
2026-08-09,钢铁,CI005005.WI,57.9932,1.0381,509.2264
2016-01-10,银行,CI005021.WI,6.2662,1.0028,525.8586
2016-01-17,银行,CI005021.WI,5.8853,0.9405,529.4132
2016-01-24,银行,CI005021.WI,5.8713,0.9357,402.9099
2016-01-31,银行,CI005021.WI,5.637,0.8978,396.262
2016-02-07,银行,CI005021.WI,5.563,0.8861,271.7056
2016-02-21,银行,CI005021.WI,5.5995,0.8898,288.036
2016-02-28,银行,CI005021.WI,5.5398,0.8815,341.0019
2016-03-06,银行,CI005021.WI,5.9384,0.9449,643.7663
2016-03-13,银行,CI005021.WI,5.876,0.9345,460.0731
2016-03-20,银行,CI005021.WI,5.9517,0.9465,709.7074
2016-03-27,银行,CI005021.WI,5.9086,0.9381,420.5957
2016-04-03,银行,CI005021.WI,5.9653,0.9212,364.551
2016-04-10,银行,CI005021.WI,5.8789,0.9062,271.9287
2016-04-17,银行,CI005021.WI,5.9792,0.9216,362.8643
2016-04-24,银行,CI005021.WI,5.9211,0.9123,414.7675
2016-05-01,银行,CI005021.WI,5.8562,0.8571,280.7405
2016-05-08,银行,CI005021.WI,5.823,0.8522,232.6889
2016-05-15,银行,CI005021.WI,5.758,0.8427,268.2302
2016-05-22,银行,CI005021.WI,5.781,0.8623,231.2604
2016-05-29,银行,CI005021.WI,5.8069,0.8661,187.2993
2016-06-05,银行,CI005021.WI,5.9535,0.888,312.4281
2016-06-12,银行,CI005021.WI,5.9459,0.8877,128.6925
2016-06-19,银行,CI005021.WI,5.9022,0.8814,247.8273
2016-06-26,银行,CI005021.WI,5.8585,0.8655,216.4761
2016-07-03,银行,CI005021.WI,5.9101,0.8801,259.6905
2016-07-10,银行,CI005021.WI,5.8194,0.8811,271.7837
2016-07-17,银行,CI005021.WI,5.9522,0.9067,338.5524
2016-07-24,银行,CI005021.WI,5.906,0.8996,283.0676
2016-07-31,银行,CI005021.WI,5.9362,0.9053,274.3702
2016-08-07,银行,CI005021.WI,5.9386,0.9067,277.1546
2016-08-14,银行,CI005021.WI,6.2086,0.9481,432.0755
2016-08-21,银行,CI005021.WI,6.1527,0.9396,691.6236
2016-08-28,银行,CI005021.WI,6.1579,0.9369,318.5276
2016-09-04,银行,CI005021.WI,6.1593,0.9345,294.4146
2016-09-11,银行,CI005021.WI,6.1089,0.9269,262.3675
2016-09-18,银行,CI005021.WI,5.9507,0.9029,197.9362
2016-09-25,银行,CI005021.WI,6.043,0.9169,206.8012
2016-10-02,银行,CI005021.WI,6.0115,0.9125,187.1509
2016-10-16,银行,CI005021.WI,6.014,0.9129,211.0102
2016-10-23,银行,CI005021.WI,6.0352,0.9156,204.2677
2016-10-30,银行,CI005021.WI,6.0404,0.8692,287.2597
2016-11-06,银行,CI005021.WI,6.016,0.8628,279.6101
2016-11-13,银行,CI005021.WI,6.0616,0.8693,361.8136
2016-11-20,银行,CI005021.WI,6.0491,0.8675,295.556
2016-11-27,银行,CI005021.WI,6.2868,0.9016,596.3115
2016-12-04,银行,CI005021.WI,6.2857,0.9015,665.6075
2016-12-11,银行,CI005021.WI,6.4248,0.9214,544.7573
2016-12-18,银行,CI005021.WI,6.1314,0.8793,609.004
2016-12-25,银行,CI005021.WI,6.0466,0.8672,296.4453
2017-01-01,银行,CI005021.WI,6.0682,0.8703,246.9541
2017-01-08,银行,CI005021.WI,6.1191,0.8761,252.8664
2017-01-15,银行,CI005021.WI,6.1668,0.8821,229.7618
2017-01-22,银行,CI005021.WI,6.2625,0.8958,385.0142
2017-01-29,银行,CI005021.WI,6.3615,0.9098,206.1864
2017-02-05,银行,CI005021.WI,6.2973,0.9006,40.0231
2017-02-12,银行,CI005021.WI,6.4986,0.9248,355.3454
2017-02-19,银行,CI005021.WI,6.5947,0.9385,730.1486
2017-02-26,银行,CI005021.WI,6.6937,0.9618,785.2941
2017-03-05,银行,CI005021.WI,6.6183,0.951,691.5229
2017-03-12,银行,CI005021.WI,6.6125,0.9502,545.0391
2017-03-19,银行,CI005021.WI,6.6185,0.9505,561.39
2017-03-26,银行,CI005021.WI,6.5741,0.9442,496.92
2017-04-02,银行,CI005021.WI,6.7159,0.9513,558.3103
2017-04-09,银行,CI005021.WI,6.7204,0.9519,408.093
2017-04-16,银行,CI005021.WI,6.6127,0.934,578.6834
2017-04-23,银行,CI005021.WI,6.5394,0.9233,545.0631
2017-04-30,银行,CI005021.WI,6.5473,0.8978,570.2298
2017-05-07,银行,CI005021.WI,6.4636,0.8875,456.921
2017-05-14,银行,CI005021.WI,6.7253,0.9235,759.1845
2017-05-21,银行,CI005021.WI,6.5904,0.905,633.7984
2017-05-28,银行,CI005021.WI,6.8778,0.9449,937.3601
2017-06-04,银行,CI005021.WI,6.9143,0.9499,490.7043
2017-06-11,银行,CI005021.WI,6.8402,0.94,730.6738
2017-06-18,银行,CI005021.WI,6.682,0.921,521.3203
2017-06-25,银行,CI005021.WI,6.8565,0.9451,699.4244
2017-07-02,银行,CI005021.WI,6.904,0.9587,763.8546
2017-07-09,银行,CI005021.WI,6.8536,0.9547,563.2411
2017-07-16,银行,CI005021.WI,7.0323,0.9997,991.5636
2017-07-23,银行,CI005021.WI,7.1542,1.0179,1112.8812
2017-07-30,银行,CI005021.WI,7.3156,1.042,780.7912
2017-08-06,银行,CI005021.WI,7.3694,1.0497,801.1347
2017-08-13,银行,CI005021.WI,7.1471,1.0168,611.955
2017-08-20,银行,CI005021.WI,7.2194,1.0274,524.6078
2017-08-27,银行,CI005021.WI,7.6557,1.0884,689.5316
2017-09-03,银行,CI005021.WI,7.3093,1.0265,884.8232
2017-09-10,银行,CI005021.WI,7.3934,1.0367,548.9193
2017-09-17,银行,CI005021.WI,7.2504,1.0166,503.7025
2017-09-24,银行,CI005021.WI,7.374,1.034,491.2048
2017-10-01,银行,CI005021.WI,7.3214,1.0271,460.6233
2017-10-15,银行,CI005021.WI,7.3955,1.0337,646.8531
2017-10-22,银行,CI005021.WI,7.4832,1.0454,519.0938
2017-10-29,银行,CI005021.WI,7.3822,1.0212,597.4773
2017-11-05,银行,CI005021.WI,7.212,0.987,692.2954
2017-11-12,银行,CI005021.WI,7.079,0.9655,732.9126
2017-11-19,银行,CI005021.WI,7.2537,0.9893,987.0889
2017-11-26,银行,CI005021.WI,7.4507,1.0162,1395.0676
2017-12-03,银行,CI005021.WI,7.2443,0.988,825.5384
2017-12-10,银行,CI005021.WI,7.237,0.9871,764.4714
2017-12-17,银行,CI005021.WI,7.127,0.972,552.3937
2017-12-24,银行,CI005021.WI,7.2562,0.9861,535.3928
2017-12-31,银行,CI005021.WI,7.4648,1.0134,622.6576
2018-01-14,银行,CI005021.WI,7.72,1.0473,913.9011
2018-01-21,银行,CI005021.WI,8.475,1.1457,1981.1161
2018-01-28,银行,CI005021.WI,8.7403,1.1783,2406.9027
2018-02-04,银行,CI005021.WI,8.758,1.1838,1635.9024
2018-02-11,银行,CI005021.WI,7.9491,1.0775,2448.0113
2018-02-18,银行,CI005021.WI,8.0232,1.0875,629.3919
2018-02-25,银行,CI005021.WI,8.2608,1.1197,370.504
2018-03-04,银行,CI005021.WI,7.8611,1.0655,897.2808
2018-03-11,银行,CI005021.WI,7.8503,1.0641,839.5582
2018-03-18,银行,CI005021.WI,7.6489,1.0288,746.4958
2018-03-25,银行,CI005021.WI,7.5292,1.016,716.2655
2018-04-01,银行,CI005021.WI,7.3396,0.9896,827.1995
2018-04-08,银行,CI005021.WI,7.1428,0.9659,356.1503
2018-04-15,银行,CI005021.WI,7.3019,0.9874,661.5527
2018-04-22,银行,CI005021.WI,7.0979,0.9598,659.7943
2018-04-29,银行,CI005021.WI,7.0845,0.9522,587.7658
2018-05-06,银行,CI005021.WI,7.001,0.9381,306.7542
2018-05-13,银行,CI005021.WI,7.213,0.9666,503.3088
2018-05-20,银行,CI005021.WI,7.2142,0.9668,480.9853
2018-05-27,银行,CI005021.WI,6.9319,0.9341,489.0128
2018-06-03,银行,CI005021.WI,6.7937,0.9155,502.6014
2018-06-10,银行,CI005021.WI,6.7219,0.9059,488.8663
2018-06-17,银行,CI005021.WI,6.803,0.9206,423.9525
2018-06-24,银行,CI005021.WI,6.7004,0.9068,480.3681
2018-07-01,银行,CI005021.WI,6.3653,0.8616,461.1444
2018-07-08,银行,CI005021.WI,6.3256,0.8492,456.9194
2018-07-15,银行,CI005021.WI,6.5005,0.8874,422.6014
2018-07-22,银行,CI005021.WI,6.5339,0.9005,422.2071
2018-07-29,银行,CI005021.WI,6.5934,0.9123,626.6484
2018-08-05,银行,CI005021.WI,6.4781,0.8965,482.0314
2018-08-12,银行,CI005021.WI,6.5742,0.9101,403.7756
2018-08-19,银行,CI005021.WI,6.3094,0.8731,346.3779
2018-08-26,银行,CI005021.WI,6.5525,0.9053,398.2922
2018-09-02,银行,CI005021.WI,6.4828,0.8868,450.3615
2018-09-09,银行,CI005021.WI,6.3795,0.8727,356.3686
2018-09-16,银行,CI005021.WI,6.3928,0.8728,295.1932
2018-09-23,银行,CI005021.WI,6.81,0.9297,478.3795
2018-09-30,银行,CI005021.WI,6.8467,0.9302,494.8628
2018-10-14,银行,CI005021.WI,6.539,0.8925,557.6661
2018-10-21,银行,CI005021.WI,6.5924,0.8998,506.1107
2018-10-28,银行,CI005021.WI,6.7787,0.9051,771.6048
2018-11-04,银行,CI005021.WI,6.6984,0.8841,822.4224
2018-11-11,银行,CI005021.WI,6.3669,0.8404,594.4371
2018-11-18,银行,CI005021.WI,6.3618,0.8397,538.7823
2018-11-25,银行,CI005021.WI,6.2998,0.8315,450.6791
2018-12-02,银行,CI005021.WI,6.3307,0.8356,312.1207
2018-12-09,银行,CI005021.WI,6.3345,0.8372,387.5744
2018-12-16,银行,CI005021.WI,6.2912,0.8315,314.4586
2018-12-23,银行,CI005021.WI,6.0661,0.8017,419.0729
2018-12-30,银行,CI005021.WI,6.1286,0.81,400.0524
2019-01-06,银行,CI005021.WI,6.1468,0.8113,241.4366
2019-01-13,银行,CI005021.WI,6.1562,0.8094,392.933
2019-01-20,银行,CI005021.WI,6.3095,0.8281,402.1525
2019-01-27,银行,CI005021.WI,6.4369,0.8421,423.115
2019-02-03,银行,CI005021.WI,6.5975,0.8605,484.9008
2019-02-17,银行,CI005021.WI,6.4838,0.8456,544.518
2019-02-24,银行,CI005021.WI,6.6126,0.8625,649.3026
2019-03-03,银行,CI005021.WI,7.0868,0.9245,1704.5946
2019-03-10,银行,CI005021.WI,6.7483,0.8807,1683.4298
2019-03-17,银行,CI005021.WI,6.8349,0.8912,1048.2608
2019-03-24,银行,CI005021.WI,6.8606,0.8972,995.9342
2019-03-31,银行,CI005021.WI,6.862,0.8793,884.2259
2019-04-07,银行,CI005021.WI,7.1574,0.9172,1155.8524
2019-04-14,银行,CI005021.WI,7.034,0.9013,1037.8962
2019-04-21,银行,CI005021.WI,7.3217,0.9376,1321.2443
2019-04-28,银行,CI005021.WI,6.964,0.8868,901.8258
2019-05-05,银行,CI005021.WI,6.9945,0.878,392.9445
2019-05-12,银行,CI005021.WI,6.7074,0.8419,1029.2042
2019-05-19,银行,CI005021.WI,6.6256,0.8316,645.9448
2019-05-26,银行,CI005021.WI,6.7022,0.8412,571.6896
2019-06-02,银行,CI005021.WI,6.6883,0.8395,639.3241
2019-06-09,银行,CI005021.WI,6.7388,0.8469,428.6639
2019-06-16,银行,CI005021.WI,6.8118,0.8568,595.072
2019-06-23,银行,CI005021.WI,6.9513,0.88,823.5849
2019-06-30,银行,CI005021.WI,6.8815,0.8718,711.846
2019-07-07,银行,CI005021.WI,6.8725,0.8781,641.7996
2019-07-14,银行,CI005021.WI,6.7132,0.8679,499.6922
2019-07-21,银行,CI005021.WI,6.7154,0.8692,421.0378
2019-07-28,银行,CI005021.WI,6.7876,0.8818,506.8179
2019-08-04,银行,CI005021.WI,6.6402,0.8631,529.2563
2019-08-11,银行,CI005021.WI,6.5174,0.8475,602.0245
2019-08-18,银行,CI005021.WI,6.4986,0.8451,509.9694
2019-08-25,银行,CI005021.WI,6.4996,0.8412,655.6951
2019-09-01,银行,CI005021.WI,6.3153,0.82,640.0193
2019-09-08,银行,CI005021.WI,6.5316,0.8481,729.9481
2019-09-15,银行,CI005021.WI,6.5702,0.8531,532.2838
2019-09-22,银行,CI005021.WI,6.5156,0.8446,533.9859
2019-09-29,银行,CI005021.WI,6.5439,0.8478,663.2735
2019-10-06,银行,CI005021.WI,6.486,0.8403,112.2881
2019-10-13,银行,CI005021.WI,6.7067,0.8689,670.2388
2019-10-20,银行,CI005021.WI,6.7254,0.8703,957.7065
2019-10-27,银行,CI005021.WI,6.8507,0.8707,663.293
2019-11-03,银行,CI005021.WI,6.7373,0.843,658.673
2019-11-10,银行,CI005021.WI,6.7347,0.8427,779.5136
2019-11-17,银行,CI005021.WI,6.5895,0.8245,494.6985
2019-11-24,银行,CI005021.WI,6.5385,0.8182,501.6333
2019-12-01,银行,CI005021.WI,6.4769,0.808,460.6718
2019-12-08,银行,CI005021.WI,6.5537,0.8201,354.2044
2019-12-15,银行,CI005021.WI,6.6597,0.8333,503.8232
2019-12-22,银行,CI005021.WI,6.7571,0.8455,768.9428
2019-12-29,银行,CI005021.WI,6.7465,0.8442,520.9306
2020-01-05,银行,CI005021.WI,6.8318,0.8549,281.6618
2020-01-12,银行,CI005021.WI,6.7389,0.8424,624.9092
2020-01-19,银行,CI005021.WI,6.6188,0.8249,566.0246
2020-01-26,银行,CI005021.WI,6.4569,0.8028,523.1236
2020-02-09,银行,CI005021.WI,6.176,0.7678,969.5136
2020-02-16,银行,CI005021.WI,6.2145,0.7731,594.1092
2020-02-23,银行,CI005021.WI,6.3179,0.7859,745.421
2020-03-01,银行,CI005021.WI,6.0909,0.758,823.0093
2020-03-08,银行,CI005021.WI,6.2628,0.779,901.651
2020-03-15,银行,CI005021.WI,6.0655,0.7507,881.0539
2020-03-22,银行,CI005021.WI,5.8209,0.7224,906.5386
2020-03-29,银行,CI005021.WI,5.9375,0.7327,639.3005
2020-04-05,银行,CI005021.WI,5.92,0.7266,441.7545
2020-04-12,银行,CI005021.WI,5.9235,0.7271,345.1472
2020-04-19,银行,CI005021.WI,5.961,0.7348,406.3557
2020-04-26,银行,CI005021.WI,5.8393,0.7171,409.0543
2020-05-03,银行,CI005021.WI,5.9633,0.7158,530.2504
2020-05-10,银行,CI005021.WI,5.9111,0.7095,317.013
2020-05-17,银行,CI005021.WI,5.8441,0.7011,394.9494
2020-05-24,银行,CI005021.WI,5.8067,0.6966,409.4413
2020-05-31,银行,CI005021.WI,5.8681,0.7021,427.837
2020-06-07,银行,CI005021.WI,5.9617,0.7158,479.398
2020-06-14,银行,CI005021.WI,5.8821,0.7072,568.6744
2020-06-21,银行,CI005021.WI,5.8373,0.7024,570.2898
2020-06-28,银行,CI005021.WI,5.8424,0.7038,369.8479
2020-07-05,银行,CI005021.WI,6.1263,0.7384,1156.1745
2020-07-12,银行,CI005021.WI,6.1875,0.756,2860.5544
2020-07-19,银行,CI005021.WI,5.8967,0.7274,1656.0396
2020-07-26,银行,CI005021.WI,5.7506,0.7148,1247.7345
2020-08-02,银行,CI005021.WI,5.7454,0.7142,800.2898
2020-08-09,银行,CI005021.WI,5.8135,0.7226,1155.5092
2020-08-16,银行,CI005021.WI,5.9127,0.7349,1088.6035
2020-08-23,银行,CI005021.WI,5.8986,0.733,1270.6366
2020-08-30,银行,CI005021.WI,6.0348,0.7342,755.9623
2020-09-06,银行,CI005021.WI,6.1907,0.7158,936.3522
2020-09-13,银行,CI005021.WI,6.1919,0.7159,752.211
2020-09-20,银行,CI005021.WI,6.3152,0.7302,668.9052
2020-09-27,银行,CI005021.WI,6.1454,0.7105,587.3122
2020-10-04,银行,CI005021.WI,6.1295,0.7087,345.3369
2020-10-11,银行,CI005021.WI,6.1366,0.7095,120.255
2020-10-18,银行,CI005021.WI,6.3822,0.7379,1022.3274
2020-10-25,银行,CI005021.WI,6.4822,0.7483,1084.2643
2020-11-01,银行,CI005021.WI,6.3408,0.6972,811.7958
2020-11-08,银行,CI005021.WI,6.4549,0.7095,822.8875
2020-11-15,银行,CI005021.WI,6.4284,0.7066,830.7
2020-11-22,银行,CI005021.WI,6.6049,0.726,870.0268
2020-11-29,银行,CI005021.WI,6.9479,0.7634,1044.99
2020-12-06,银行,CI005021.WI,6.912,0.7595,1820.1682
2020-12-13,银行,CI005021.WI,6.5862,0.7237,1044.1277
2020-12-20,银行,CI005021.WI,6.5385,0.7184,867.9019
2020-12-27,银行,CI005021.WI,6.4677,0.7106,785.4684
2021-01-03,银行,CI005021.WI,6.5473,0.7194,810.9791
2021-01-10,银行,CI005021.WI,6.5861,0.7243,1371.7738
2021-01-17,银行,CI005021.WI,6.846,0.75,1549.667
2021-01-24,银行,CI005021.WI,6.7438,0.7423,1407.5093
2021-01-31,银行,CI005021.WI,6.7868,0.7483,1093.7294
2021-02-07,银行,CI005021.WI,7.0877,0.7816,1572.5517
2021-02-14,银行,CI005021.WI,7.1192,0.7855,949.7237
2021-02-21,银行,CI005021.WI,7.1595,0.7899,633.5039
2021-02-28,银行,CI005021.WI,7.0445,0.7764,1711.373
2021-03-07,银行,CI005021.WI,7.2048,0.7942,1494.936
2021-03-14,银行,CI005021.WI,7.1729,0.7906,1373.9924
2021-03-21,银行,CI005021.WI,7.0402,0.7806,1176.3948
2021-03-28,银行,CI005021.WI,6.7938,0.7647,926.7408
2021-04-04,银行,CI005021.WI,6.6913,0.7655,933.389
2021-04-11,银行,CI005021.WI,6.6665,0.7627,490.2465
2021-04-18,银行,CI005021.WI,6.6053,0.7557,758.9862
2021-04-25,银行,CI005021.WI,6.6096,0.7568,825.1632
2021-05-02,银行,CI005021.WI,6.3918,0.7185,903.5776
2021-05-09,银行,CI005021.WI,6.5106,0.7319,405.1157
2021-05-16,银行,CI005021.WI,6.5871,0.7382,792.949
2021-05-23,银行,CI005021.WI,6.4773,0.7281,730.7684
2021-05-30,银行,CI005021.WI,6.6858,0.7517,1030.8963
2021-06-06,银行,CI005021.WI,6.587,0.7436,900.3213
2021-06-13,银行,CI005021.WI,6.4914,0.7328,854.6077
2021-06-20,银行,CI005021.WI,6.3399,0.7078,622.8897
2021-06-27,银行,CI005021.WI,6.416,0.7149,798.478
2021-07-04,银行,CI005021.WI,6.2966,0.7045,877.0813
2021-07-11,银行,CI005021.WI,6.0757,0.6827,916.9005
2021-07-18,银行,CI005021.WI,5.9906,0.6865,966.5391
2021-07-25,银行,CI005021.WI,5.8895,0.6834,691.7731
2021-08-01,银行,CI005021.WI,5.6165,0.6524,897.6949
2021-08-08,银行,CI005021.WI,5.6137,0.6515,675.0275
2021-08-15,银行,CI005021.WI,5.8033,0.6767,830.5143
2021-08-22,银行,CI005021.WI,5.7849,0.6737,888.2799
2021-08-29,银行,CI005021.WI,5.5577,0.6545,688.5659
2021-09-05,银行,CI005021.WI,5.6272,0.667,1093.4414
2021-09-12,银行,CI005021.WI,5.7856,0.6858,1068.8451
2021-09-19,银行,CI005021.WI,5.5884,0.6624,913.3891
2021-09-26,银行,CI005021.WI,5.4572,0.6469,528.3477
2021-10-03,银行,CI005021.WI,5.5152,0.6538,676.3726
2021-10-10,银行,CI005021.WI,5.5938,0.6628,167.4087
2021-10-17,银行,CI005021.WI,5.6553,0.6701,794.3923
2021-10-24,银行,CI005021.WI,5.6848,0.6748,786.5798
2021-10-31,银行,CI005021.WI,5.4346,0.6445,745.4324
2021-11-07,银行,CI005021.WI,5.3329,0.6325,858.9818
2021-11-14,银行,CI005021.WI,5.3796,0.638,691.5212
2021-11-21,银行,CI005021.WI,5.3712,0.637,520.412
2021-11-28,银行,CI005021.WI,5.2961,0.6281,564.2979
2021-12-05,银行,CI005021.WI,5.3491,0.6339,640.2197
2021-12-12,银行,CI005021.WI,5.4342,0.644,1029.659
2021-12-19,银行,CI005021.WI,5.3489,0.6329,776.6554
2021-12-26,银行,CI005021.WI,5.3463,0.6325,649.1559
2022-01-02,银行,CI005021.WI,5.3049,0.6276,713.5964
2022-01-09,银行,CI005021.WI,5.4676,0.6479,880.0075
2022-01-16,银行,CI005021.WI,5.362,0.6354,1132.1038
2022-01-23,银行,CI005021.WI,5.4988,0.6567,1124.417
2022-01-30,银行,CI005021.WI,5.3627,0.6404,876.7177
2022-02-13,银行,CI005021.WI,5.6586,0.6713,1155.6534
2022-02-20,银行,CI005021.WI,5.5942,0.6626,844.054
2022-02-27,银行,CI005021.WI,5.3923,0.6384,803.1439
2022-03-06,银行,CI005021.WI,5.4395,0.6445,749.9103
2022-03-13,银行,CI005021.WI,5.2499,0.6223,1037.0799
2022-03-20,银行,CI005021.WI,5.2268,0.6206,1248.8402
2022-03-27,银行,CI005021.WI,5.2659,0.6238,823.7857
2022-04-03,银行,CI005021.WI,5.4389,0.6422,985.3139
2022-04-10,银行,CI005021.WI,5.4746,0.6464,768.6248
2022-04-17,银行,CI005021.WI,5.442,0.6426,957.3397
2022-04-24,银行,CI005021.WI,5.3578,0.6324,1147.3363
2022-05-01,银行,CI005021.WI,5.1135,0.5986,1351.3195
2022-05-08,银行,CI005021.WI,5.0321,0.5886,396.4468
2022-05-15,银行,CI005021.WI,5.0089,0.5859,834.9864
2022-05-22,银行,CI005021.WI,5.0156,0.5866,837.4616
2022-05-29,银行,CI005021.WI,5.0129,0.5865,683.2701
2022-06-05,银行,CI005021.WI,4.9614,0.5805,547.7642
2022-06-12,银行,CI005021.WI,5.0543,0.5916,1018.9726
2022-06-19,银行,CI005021.WI,5.0466,0.5916,1153.9507
2022-06-26,银行,CI005021.WI,5.0315,0.5903,785.8782
2022-07-03,银行,CI005021.WI,5.0957,0.5985,906.6183
2022-07-10,银行,CI005021.WI,4.9991,0.5911,729.3146
2022-07-17,银行,CI005021.WI,4.6195,0.5582,1158.6439
2022-07-24,银行,CI005021.WI,4.6925,0.5659,680.5204
2022-07-31,银行,CI005021.WI,4.6611,0.5644,523.8503
2022-08-07,银行,CI005021.WI,4.61,0.5583,637.7042
2022-08-14,银行,CI005021.WI,4.6127,0.5585,488.6295
2022-08-21,银行,CI005021.WI,4.5644,0.5537,543.0397
2022-08-28,银行,CI005021.WI,4.5494,0.5503,551.7485
2022-09-04,银行,CI005021.WI,4.5411,0.5407,704.894
2022-09-11,银行,CI005021.WI,4.5926,0.5468,642.1902
2022-09-18,银行,CI005021.WI,4.5677,0.5439,685.4438
2022-09-25,银行,CI005021.WI,4.598,0.5475,525.3955
2022-10-02,银行,CI005021.WI,4.5297,0.5393,574.9264
2022-10-16,银行,CI005021.WI,4.4667,0.532,713.4305
2022-10-23,银行,CI005021.WI,4.426,0.5271,532.3969
2022-10-30,银行,CI005021.WI,4.1898,0.4938,777.7877
2022-11-06,银行,CI005021.WI,4.1803,0.4926,760.4386
2022-11-13,银行,CI005021.WI,4.2882,0.5054,638.9623
2022-11-20,银行,CI005021.WI,4.297,0.5064,810.6227
2022-11-27,银行,CI005021.WI,4.4635,0.526,754.6856
2022-12-04,银行,CI005021.WI,4.451,0.5245,1118.4304
2022-12-11,银行,CI005021.WI,4.5791,0.5396,867.3989
2022-12-18,银行,CI005021.WI,4.5704,0.5386,607.9552
2022-12-25,银行,CI005021.WI,4.4743,0.5273,471.2355
2023-01-01,银行,CI005021.WI,4.5652,0.538,536.218
2023-01-08,银行,CI005021.WI,4.6311,0.5457,640.333
2023-01-15,银行,CI005021.WI,4.6537,0.549,550.5347
2023-01-22,银行,CI005021.WI,4.6579,0.5497,669.8929
2023-02-05,银行,CI005021.WI,4.5716,0.5401,777.2912
2023-02-12,银行,CI005021.WI,4.5591,0.5386,545.301
2023-02-19,银行,CI005021.WI,4.4921,0.5309,705.3938
2023-02-26,银行,CI005021.WI,4.5246,0.5341,646.0868
2023-03-05,银行,CI005021.WI,4.6456,0.5484,622.3195
2023-03-12,银行,CI005021.WI,4.5363,0.5355,957.5003
2023-03-19,银行,CI005021.WI,4.6574,0.5492,812.9697
2023-03-26,银行,CI005021.WI,4.6344,0.5462,710.9596
2023-04-02,银行,CI005021.WI,4.5935,0.535,633.0125
2023-04-09,银行,CI005021.WI,4.6426,0.5411,469.4731
2023-04-16,银行,CI005021.WI,4.7413,0.5526,695.4649
2023-04-23,银行,CI005021.WI,4.8286,0.5626,1042.2422
2023-04-30,银行,CI005021.WI,4.8711,0.5535,1127.0746
2023-05-07,银行,CI005021.WI,5.1362,0.5834,791.5467
2023-05-14,银行,CI005021.WI,5.072,0.5761,2061.9596
2023-05-21,银行,CI005021.WI,5.0958,0.5789,1028.498
2023-05-28,银行,CI005021.WI,4.8916,0.5557,828.8692
2023-06-04,银行,CI005021.WI,4.8997,0.5567,705.8557
2023-06-11,银行,CI005021.WI,5.0876,0.5781,726.652
2023-06-18,银行,CI005021.WI,4.9173,0.559,696.406
2023-06-25,银行,CI005021.WI,4.8242,0.5495,374.9733
2023-07-02,银行,CI005021.WI,4.8151,0.5492,529.191
2023-07-09,银行,CI005021.WI,4.7776,0.5446,529.6837
2023-07-16,银行,CI005021.WI,4.8144,0.555,550.6262
2023-07-23,银行,CI005021.WI,4.6551,0.5457,456.4745
2023-07-30,银行,CI005021.WI,4.9251,0.5774,831.2316
2023-08-06,银行,CI005021.WI,4.8787,0.5725,1108.9129
2023-08-13,银行,CI005021.WI,4.7451,0.5559,597.6447
2023-08-20,银行,CI005021.WI,4.7283,0.5543,678.7342
2023-08-27,银行,CI005021.WI,4.6974,0.5505,670.1183
2023-09-03,银行,CI005021.WI,4.6417,0.5355,995.4298
2023-09-10,银行,CI005021.WI,4.6622,0.5379,662.5822
2023-09-17,银行,CI005021.WI,4.6979,0.542,629.9506
2023-09-24,银行,CI005021.WI,4.7963,0.5534,698.1248
2023-10-01,银行,CI005021.WI,4.7668,0.55,476.8313
2023-10-15,银行,CI005021.WI,4.9069,0.5628,793.424
2023-10-22,银行,CI005021.WI,4.7983,0.5504,674.3671
2023-10-29,银行,CI005021.WI,4.7457,0.5353,698.1507
2023-11-05,银行,CI005021.WI,4.6942,0.5261,758.0654
2023-11-12,银行,CI005021.WI,4.7021,0.527,636.7606
2023-11-19,银行,CI005021.WI,4.6882,0.5254,542.5596
2023-11-26,银行,CI005021.WI,4.7103,0.5279,484.1601
2023-12-03,银行,CI005021.WI,4.6682,0.5231,649.6531
2023-12-10,银行,CI005021.WI,4.5833,0.5136,667.6189
2023-12-17,银行,CI005021.WI,4.572,0.5124,639.3403
2023-12-24,银行,CI005021.WI,4.6065,0.5162,568.1374
2023-12-31,银行,CI005021.WI,4.6522,0.5214,586.7165
2024-01-14,银行,CI005021.WI,4.6922,0.5259,724.4306
2024-01-21,银行,CI005021.WI,4.7104,0.5266,988.809
2024-01-28,银行,CI005021.WI,4.9489,0.553,1178.8344
2024-02-04,银行,CI005021.WI,4.9744,0.5556,1143.7939
2024-02-11,银行,CI005021.WI,4.9852,0.5568,1331.4887
2024-02-25,银行,CI005021.WI,5.3026,0.592,1297.563
2024-03-03,银行,CI005021.WI,5.185,0.5789,986.2577
2024-03-10,银行,CI005021.WI,5.2201,0.5829,870.7185
2024-03-17,银行,CI005021.WI,5.0892,0.5675,844.4669
2024-03-24,银行,CI005021.WI,5.1098,0.5693,713.005
2024-03-31,银行,CI005021.WI,5.1689,0.5632,947.4256
2024-04-07,银行,CI005021.WI,5.2287,0.5686,504.6223
2024-04-14,银行,CI005021.WI,5.2249,0.568,774.484
2024-04-21,银行,CI005021.WI,5.4831,0.5959,1220.9602
2024-04-28,银行,CI005021.WI,5.3718,0.5799,1076.783
2024-05-05,银行,CI005021.WI,5.421,0.569,540.5528
2024-05-12,银行,CI005021.WI,5.4389,0.5708,1040.9535
2024-05-19,银行,CI005021.WI,5.5286,0.5803,1063.0355
2024-05-26,银行,CI005021.WI,5.4984,0.5771,1093.2407
2024-06-02,银行,CI005021.WI,5.4755,0.5747,895.4539
2024-06-09,银行,CI005021.WI,5.4738,0.5769,956.3333
2024-06-16,银行,CI005021.WI,5.3695,0.5668,851.3721
2024-06-23,银行,CI005021.WI,5.3776,0.5679,769.8765
2024-06-30,银行,CI005021.WI,5.5258,0.584,879.9346
2024-07-07,银行,CI005021.WI,5.5748,0.5894,987.395
2024-07-14,银行,CI005021.WI,5.6389,0.6043,934.388
2024-07-21,银行,CI005021.WI,5.6466,0.6111,926.1718
2024-07-28,银行,CI005021.WI,5.5267,0.5987,1004.7797
2024-08-04,银行,CI005021.WI,5.5526,0.6015,826.9997
2024-08-11,银行,CI005021.WI,5.5103,0.5976,703.3476
2024-08-18,银行,CI005021.WI,5.7047,0.618,667.3807
2024-08-25,银行,CI005021.WI,5.9181,0.6416,974.5589
2024-09-01,银行,CI005021.WI,5.5031,0.6004,1110.7665
2024-09-08,银行,CI005021.WI,5.3597,0.569,984.4067
2024-09-15,银行,CI005021.WI,5.2418,0.5561,815.5359
2024-09-22,银行,CI005021.WI,5.3368,0.5661,425.4357
2024-09-29,银行,CI005021.WI,5.758,0.6109,1632.6583
2024-10-06,银行,CI005021.WI,5.9715,0.6335,851.3924
2024-10-13,银行,CI005021.WI,6.0026,0.6369,2550.6695
2024-10-20,银行,CI005021.WI,6.1212,0.6494,1984.0082
2024-10-27,银行,CI005021.WI,5.9791,0.634,1167.362
2024-11-03,银行,CI005021.WI,5.8665,0.6085,1214.6351
2024-11-10,银行,CI005021.WI,5.8851,0.6105,1315.6974
2024-11-17,银行,CI005021.WI,5.8033,0.6021,1298.3981
2024-11-24,银行,CI005021.WI,5.7711,0.5988,1575.0002
2024-12-01,银行,CI005021.WI,5.8835,0.6105,1104.8245
2024-12-08,银行,CI005021.WI,6.0494,0.6277,1246.9352
2024-12-15,银行,CI005021.WI,6.0507,0.6281,1482.3779
2024-12-22,银行,CI005021.WI,6.1266,0.636,1266.6179
2024-12-29,银行,CI005021.WI,6.3888,0.6631,1482.2243
2025-01-05,银行,CI005021.WI,6.2097,0.6444,1285.3566
2025-01-12,银行,CI005021.WI,6.2101,0.6496,1204.4411
2025-01-19,银行,CI005021.WI,6.1891,0.6472,1125.5794
2025-01-26,银行,CI005021.WI,6.1864,0.6497,1173.3078
2025-02-02,银行,CI005021.WI,6.2956,0.6613,256.938
2025-02-09,银行,CI005021.WI,6.1488,0.6457,699.0644
2025-02-16,银行,CI005021.WI,6.3465,0.6664,1100.651
2025-02-23,银行,CI005021.WI,6.3075,0.6623,1232.823
2025-03-02,银行,CI005021.WI,6.2673,0.658,1196.3275
2025-03-09,银行,CI005021.WI,6.2836,0.6597,1140.5387
2025-03-16,银行,CI005021.WI,6.3158,0.6624,1152.2497
2025-03-23,银行,CI005021.WI,6.3104,0.6611,1171.1173
2025-03-30,银行,CI005021.WI,6.293,0.6602,1034.9556
2025-04-06,银行,CI005021.WI,6.4033,0.661,1007.9109
2025-04-13,银行,CI005021.WI,6.2423,0.6444,1890.509
2025-04-20,银行,CI005021.WI,6.5335,0.6737,1189.398
2025-04-27,银行,CI005021.WI,6.5387,0.6737,1055.2843
2025-05-04,银行,CI005021.WI,6.4329,0.6497,820.6266
2025-05-11,银行,CI005021.WI,6.6181,0.6699,1119.6587
2025-05-18,银行,CI005021.WI,6.6622,0.6744,1420.8238
2025-05-25,银行,CI005021.WI,6.6499,0.6732,1152.7921
2025-06-01,银行,CI005021.WI,6.6372,0.6719,1180.4278
2025-06-08,银行,CI005021.WI,6.6948,0.6778,1135.3561
2025-06-15,银行,CI005021.WI,6.6821,0.6765,1494.5556
2025-06-22,银行,CI005021.WI,7.1045,0.7059,1383.7892
2025-06-29,银行,CI005021.WI,7.2098,0.7134,2055.6301
2025-07-06,银行,CI005021.WI,7.4662,0.7382,1500.5671
2025-07-13,银行,CI005021.WI,7.4947,0.7434,2000.8791
2025-07-20,银行,CI005021.WI,7.4033,0.7388,1570.4453
2025-07-27,银行,CI005021.WI,7.1969,0.7188,1807.4608
2025-08-03,银行,CI005021.WI,7.2235,0.7216,1664.3215
2025-08-10,银行,CI005021.WI,7.4212,0.7422,1442.6918
2025-08-17,银行,CI005021.WI,7.2222,0.7221,1687.2452
2025-08-24,银行,CI005021.WI,7.3758,0.7372,1671.4241
2025-08-31,银行,CI005021.WI,7.1515,0.71,2019.0007
2025-09-07,银行,CI005021.WI,7.19,0.7074,2150.7244
2025-09-14,银行,CI005021.WI,7.1705,0.7055,1569.8418
2025-09-21,银行,CI005021.WI,6.8591,0.675,1760.0293
2025-09-28,银行,CI005021.WI,6.8316,0.6724,1576.4701
2025-10-05,银行,CI005021.WI,6.7619,0.6656,641.5521
2025-10-12,银行,CI005021.WI,6.8098,0.6699,737.5099
2025-10-19,银行,CI005021.WI,7.1928,0.7074,2231.1043
2025-10-26,银行,CI005021.WI,7.3758,0.7251,1844.6495
2025-11-02,银行,CI005021.WI,7.2088,0.6976,1883.228
2025-11-09,银行,CI005021.WI,7.3841,0.7146,1715.0163
2025-11-16,银行,CI005021.WI,7.5626,0.7319,1468.5917
2025-11-23,银行,CI005021.WI,7.5642,0.7326,1668.0835
2025-11-30,银行,CI005021.WI,7.4747,0.7239,1445.8334
2025-12-07,银行,CI005021.WI,7.3139,0.7073,1292.3567
2025-12-14,银行,CI005021.WI,7.159,0.695,1431.8505
2025-12-21,银行,CI005021.WI,7.1923,0.7012,1205.7976
2025-12-28,银行,CI005021.WI,7.1281,0.6953,959.4274
2026-01-04,银行,CI005021.WI,7.2446,0.7067,711.931
2026-01-11,银行,CI005021.WI,7.0524,0.688,1463.2348
2026-01-18,银行,CI005021.WI,6.8857,0.6728,1761.0792
2026-01-25,银行,CI005021.WI,6.624,0.6476,1677.6205
2026-02-01,银行,CI005021.WI,6.662,0.6513,2176.0963
2026-02-08,银行,CI005021.WI,6.7237,0.6579,1708.4664
2026-02-15,银行,CI005021.WI,6.6167,0.6475,1150.6415
2026-03-01,银行,CI005021.WI,6.525,0.6385,893.1513
2026-03-08,银行,CI005021.WI,6.6985,0.6555,1584.2557
2026-03-15,银行,CI005021.WI,6.7687,0.6624,1268.5224
2026-03-22,银行,CI005021.WI,6.9678,0.6739,1357.2299
2026-03-29,银行,CI005021.WI,6.8225,0.6628,1367.6921
2026-04-05,银行,CI005021.WI,6.9273,0.6686,1262.5181
2026-04-12,银行,CI005021.WI,6.7864,0.655,815.9473
2026-04-19,银行,CI005021.WI,6.939,0.6697,984.6889
2026-04-26,银行,CI005021.WI,7.0165,0.6757,1155.8388
2026-05-03,银行,CI005021.WI,6.9365,0.6566,1174.0537
2026-05-10,银行,CI005021.WI,6.8571,0.6491,785.9166
2026-05-17,银行,CI005021.WI,6.7956,0.6462,1267.6723
2026-05-24,银行,CI005021.WI,6.7546,0.6423,1134.4962
2026-05-31,银行,CI005021.WI,6.7465,0.6416,1246.4972
2026-06-07,银行,CI005021.WI,6.8511,0.6515,1344.302
2026-06-14,银行,CI005021.WI,7.1691,0.6827,1620.4316
2026-06-21,银行,CI005021.WI,6.6747,0.6358,1166.3713
2026-06-28,银行,CI005021.WI,6.5657,0.6256,1573.5666
2026-07-05,银行,CI005021.WI,6.4453,0.6142,1373.3052
2026-07-12,银行,CI005021.WI,6.6763,0.6388,1303.7487
2026-07-19,银行,CI005021.WI,6.8422,0.6572,1657.3234
2026-07-26,银行,CI005021.WI,6.9839,0.6708,1750.9465
2026-08-02,银行,CI005021.WI,7.1997,0.6918,1938.4844
2026-08-09,银行,CI005021.WI,6.8326,0.6568,1688.7907
2016-01-10,非银行金融,CI005022.WI,13.8856,2.1937,1468.6426
2016-01-17,非银行金融,CI005022.WI,12.5828,2.0085,1552.1329
2016-01-24,非银行金融,CI005022.WI,12.3576,1.952,1177.9482
2016-01-31,非银行金融,CI005022.WI,11.4752,1.8131,1113.3494
2016-02-07,非银行金融,CI005022.WI,11.3746,1.7861,836.3436
2016-02-21,非银行金融,CI005022.WI,11.713,1.8393,904.4488
2016-02-28,非银行金融,CI005022.WI,11.3544,1.7851,1152.5302
2016-03-06,非银行金融,CI005022.WI,12.1005,1.8968,1460.0889
2016-03-13,非银行金融,CI005022.WI,11.7556,1.8423,948.6492
2016-03-20,非银行金融,CI005022.WI,12.6477,1.9667,1497.6486
2016-03-27,非银行金融,CI005022.WI,13.2573,2.0115,2784.256
2016-04-03,非银行金融,CI005022.WI,13.2444,1.9976,1694.5195
2016-04-10,非银行金融,CI005022.WI,12.8369,1.9362,1141.458
2016-04-17,非银行金融,CI005022.WI,13.5863,2.0209,1457.1374
2016-04-24,非银行金融,CI005022.WI,13.3119,1.9506,1207.283
2016-05-01,非银行金融,CI005022.WI,14.1389,1.9156,783.5334
2016-05-08,非银行金融,CI005022.WI,13.8046,1.8701,821.4693
2016-05-15,非银行金融,CI005022.WI,13.4747,1.8254,719.574
2016-05-22,非银行金融,CI005022.WI,13.6272,1.8715,702.4655
2016-05-29,非银行金融,CI005022.WI,13.521,1.8576,569.2979
2016-06-05,非银行金融,CI005022.WI,14.5329,1.9949,1394.2092
2016-06-12,非银行金融,CI005022.WI,14.4569,1.9785,602.0477
2016-06-19,非银行金融,CI005022.WI,14.0848,1.9367,1005.6589
2016-06-26,非银行金融,CI005022.WI,14.1138,1.9411,1090.6962
2016-07-03,非银行金融,CI005022.WI,14.4994,1.9953,1286.9459
2016-07-10,非银行金融,CI005022.WI,14.9599,2.0341,1212.5223
2016-07-17,非银行金融,CI005022.WI,15.4432,2.0731,1407.0016
2016-07-24,非银行金融,CI005022.WI,15.6476,2.0337,803.9849
2016-07-31,非银行金融,CI005022.WI,16.2325,1.9828,905.2604
2016-08-07,非银行金融,CI005022.WI,16.2044,1.9747,613.7487
2016-08-14,非银行金融,CI005022.WI,16.8466,2.0631,1022.0704
2016-08-21,非银行金融,CI005022.WI,17.3221,2.1023,2228.9836
2016-08-28,非银行金融,CI005022.WI,18.8925,2.0547,938.2514
2016-09-04,非银行金融,CI005022.WI,19.9614,2.0743,828.699
2016-09-11,非银行金融,CI005022.WI,20.0314,2.0855,848.0185
2016-09-18,非银行金融,CI005022.WI,19.3473,2.0143,476.7992
2016-09-25,非银行金融,CI005022.WI,19.5677,2.0376,514.74
2016-10-02,非银行金融,CI005022.WI,19.402,2.0213,563.369
2016-10-16,非银行金融,CI005022.WI,19.6274,2.0483,662.8689
2016-10-23,非银行金融,CI005022.WI,19.7426,2.0489,685.6369
2016-10-30,非银行金融,CI005022.WI,19.6953,2.0069,1182.1715
2016-11-06,非银行金融,CI005022.WI,20.0003,2.0397,1248.2172
2016-11-13,非银行金融,CI005022.WI,20.6462,2.1064,1527.5249
2016-11-20,非银行金融,CI005022.WI,20.4865,2.0901,1651.1143
2016-11-27,非银行金融,CI005022.WI,21.3975,2.1831,1509.5466
2016-12-04,非银行金融,CI005022.WI,20.9076,2.1331,1510.1593
2016-12-11,非银行金融,CI005022.WI,20.6474,2.1065,949.0809
2016-12-18,非银行金融,CI005022.WI,19.5818,1.9978,904.2066
2016-12-25,非银行金融,CI005022.WI,19.2911,1.9682,556.1006
2017-01-01,非银行金融,CI005022.WI,19.4844,1.9829,445.0351
2017-01-08,非银行金融,CI005022.WI,19.6377,1.9985,401.2758
2017-01-15,非银行金融,CI005022.WI,19.7271,2.0049,438.9757
2017-01-22,非银行金融,CI005022.WI,19.8954,2.0043,617.6753
2017-01-29,非银行金融,CI005022.WI,20.7808,2.0108,337.8848
2017-02-05,非银行金融,CI005022.WI,20.682,1.9798,86.4932
2017-02-12,非银行金融,CI005022.WI,21.2884,2.0398,876.5092
2017-02-19,非银行金融,CI005022.WI,21.5815,2.0715,1351.043
2017-02-26,非银行金融,CI005022.WI,21.5256,2.0568,1025.6251
2017-03-05,非银行金融,CI005022.WI,22.139,2.0274,881.4652
2017-03-12,非银行金融,CI005022.WI,21.8954,2.0065,730.3087
2017-03-19,非银行金融,CI005022.WI,22.122,2.0265,987.4828
2017-03-26,非银行金融,CI005022.WI,21.5305,2.0079,1008.8233
2017-04-02,非银行金融,CI005022.WI,21.8235,1.976,884.7511
2017-04-09,非银行金融,CI005022.WI,21.9721,1.9895,483.2456
2017-04-16,非银行金融,CI005022.WI,21.2067,1.9488,828.8984
2017-04-23,非银行金融,CI005022.WI,20.8752,1.9113,619.1932
2017-04-30,非银行金融,CI005022.WI,20.4211,1.9109,738.2814
2017-05-07,非银行金融,CI005022.WI,19.8862,1.8609,563.2034
2017-05-14,非银行金融,CI005022.WI,20.4377,1.9119,883.6816
2017-05-21,非银行金融,CI005022.WI,20.1013,1.881,663.8354
2017-05-28,非银行金融,CI005022.WI,21.1042,1.9754,1052.0398
2017-06-04,非银行金融,CI005022.WI,20.9951,1.9652,595.3733
2017-06-11,非银行金融,CI005022.WI,21.5015,2.0152,831.7411
2017-06-18,非银行金融,CI005022.WI,21.0856,1.985,769.0369
2017-06-25,非银行金融,CI005022.WI,21.7726,2.0499,1085.2353
2017-07-02,非银行金融,CI005022.WI,21.79,2.0519,886.6011
2017-07-09,非银行金融,CI005022.WI,22.2078,2.0957,926.2742
2017-07-16,非银行金融,CI005022.WI,23.1039,2.1813,1334.1523
2017-07-23,非银行金融,CI005022.WI,23.1928,2.1848,1751.9134
2017-07-30,非银行金融,CI005022.WI,23.0371,2.1657,1261.6769
2017-08-06,非银行金融,CI005022.WI,23.2983,2.193,1774.0254
2017-08-13,非银行金融,CI005022.WI,22.4432,2.1171,1157.7764
2017-08-20,非银行金融,CI005022.WI,23.2091,2.1538,881.4981
2017-08-27,非银行金融,CI005022.WI,23.9873,2.2175,1112.2345
2017-09-03,非银行金融,CI005022.WI,24.523,2.2736,2380.7036
2017-09-10,非银行金融,CI005022.WI,24.0589,2.2395,1235.7333
2017-09-17,非银行金融,CI005022.WI,23.8706,2.2219,1287.7349
2017-09-24,非银行金融,CI005022.WI,23.8022,2.2156,1341.4025
2017-10-01,非银行金融,CI005022.WI,23.7605,2.2117,842.8256
2017-10-15,非银行金融,CI005022.WI,23.9395,2.2302,1051.1938
2017-10-22,非银行金融,CI005022.WI,23.7218,2.1976,960.4446
2017-10-29,非银行金融,CI005022.WI,22.2501,2.2007,884.2336
2017-11-05,非银行金融,CI005022.WI,22.4726,2.1946,1082.025
2017-11-12,非银行金融,CI005022.WI,23.4317,2.2883,1276.8337
2017-11-19,非银行金融,CI005022.WI,23.8702,2.3277,1363.3925
2017-11-26,非银行金融,CI005022.WI,23.2808,2.2703,1811.0858
2017-12-03,非银行金融,CI005022.WI,22.3425,2.1788,1169.5356
2017-12-10,非银行金融,CI005022.WI,22.5891,2.2029,1189.7916
2017-12-17,非银行金融,CI005022.WI,21.9008,2.1358,846.0506
2017-12-24,非银行金融,CI005022.WI,22.3506,2.1796,867.1714
2017-12-31,非银行金融,CI005022.WI,21.8135,2.1178,992.7282
2018-01-14,非银行金融,CI005022.WI,22.3497,2.1651,1288.715
2018-01-21,非银行金融,CI005022.WI,23.4499,2.2765,2343.0391
2018-01-28,非银行金融,CI005022.WI,23.1875,2.2623,2220.8836
2018-02-04,非银行金融,CI005022.WI,22.5229,2.1947,1587.4954
2018-02-11,非银行金融,CI005022.WI,19.6164,1.914,1738.9765
2018-02-18,非银行金融,CI005022.WI,19.6808,1.9459,589.7557
2018-02-25,非银行金融,CI005022.WI,20.2078,1.998,343.5671
2018-03-04,非银行金融,CI005022.WI,19.9551,1.9622,915.1321
2018-03-11,非银行金融,CI005022.WI,20.7015,2.0357,914.7727
2018-03-18,非银行金融,CI005022.WI,20.3615,2.0028,929.937
2018-03-25,非银行金融,CI005022.WI,18.4941,1.9223,1149.2276
2018-04-01,非银行金融,CI005022.WI,18.1283,1.8766,1074.5304
2018-04-08,非银行金融,CI005022.WI,17.957,1.8585,585.9433
2018-04-15,非银行金融,CI005022.WI,18.4466,1.8747,893.9278
2018-04-22,非银行金融,CI005022.WI,17.7311,1.8005,838.8586
2018-04-29,非银行金融,CI005022.WI,17.1864,1.7552,858.9449
2018-05-06,非银行金融,CI005022.WI,17.3469,1.7731,487.3099
2018-05-13,非银行金融,CI005022.WI,17.7163,1.8112,765.6136
2018-05-20,非银行金融,CI005022.WI,17.6783,1.8073,623.1291
2018-05-27,非银行金融,CI005022.WI,17.1866,1.7572,592.714
2018-06-03,非银行金融,CI005022.WI,16.7979,1.7178,622.9168
2018-06-10,非银行金融,CI005022.WI,16.8467,1.717,701.6188
2018-06-17,非银行金融,CI005022.WI,16.9472,1.7286,627.0052
2018-06-24,非银行金融,CI005022.WI,15.7081,1.6095,666.2109
2018-07-01,非银行金融,CI005022.WI,15.5663,1.5979,622.6604
2018-07-08,非银行金融,CI005022.WI,15.1843,1.5617,616.6811
2018-07-15,非银行金融,CI005022.WI,15.4861,1.5929,524.5213
2018-07-22,非银行金融,CI005022.WI,16.0426,1.6401,658.707
2018-07-29,非银行金融,CI005022.WI,16.1748,1.6473,866.8166
2018-08-05,非银行金融,CI005022.WI,15.2946,1.5433,547.0224
2018-08-12,非银行金融,CI005022.WI,15.7168,1.5917,543.2664
2018-08-19,非银行金融,CI005022.WI,15.0877,1.5296,472.9093
2018-08-26,非银行金融,CI005022.WI,15.4638,1.5862,582.2977
2018-09-02,非银行金融,CI005022.WI,15.4367,1.5813,489.2333
2018-09-09,非银行金融,CI005022.WI,15.2917,1.573,450.3421
2018-09-16,非银行金融,CI005022.WI,15.1561,1.5591,420.9947
2018-09-23,非银行金融,CI005022.WI,15.9293,1.6387,597.9464
2018-09-30,非银行金融,CI005022.WI,16.0639,1.6525,519.5651
2018-10-14,非银行金融,CI005022.WI,14.6108,1.5018,657.2848
2018-10-21,非银行金融,CI005022.WI,14.8795,1.5173,613.4836
2018-10-28,非银行金融,CI005022.WI,16.6177,1.5951,1699.127
2018-11-04,非银行金融,CI005022.WI,18.5422,1.635,1663.6685
2018-11-11,非银行金融,CI005022.WI,17.7778,1.5676,1175.9861
2018-11-18,非银行金融,CI005022.WI,18.655,1.6464,1526.1637
2018-11-25,非银行金融,CI005022.WI,17.6637,1.5589,1400.8962
2018-12-02,非银行金融,CI005022.WI,17.8981,1.5852,906.7705
2018-12-09,非银行金融,CI005022.WI,17.8294,1.5955,947.2702
2018-12-16,非银行金融,CI005022.WI,17.4884,1.565,708.2742
2018-12-23,非银行金融,CI005022.WI,16.9151,1.5137,721.8842
2018-12-30,非银行金融,CI005022.WI,16.3799,1.466,664.5679
2019-01-06,非银行金融,CI005022.WI,17.1468,1.5349,674.2689
2019-01-13,非银行金融,CI005022.WI,17.1158,1.5325,1279.3775
2019-01-20,非银行金融,CI005022.WI,17.6417,1.5739,957.9264
2019-01-27,非银行金融,CI005022.WI,17.8623,1.5796,815.1896
2019-02-03,非银行金融,CI005022.WI,18.3426,1.6107,775.1101
2019-02-17,非银行金融,CI005022.WI,18.6375,1.6366,1108.8876
2019-02-24,非银行金融,CI005022.WI,21.3182,1.8688,2352.7509
2019-03-03,非银行金融,CI005022.WI,23.7778,2.0769,4583.7595
2019-03-10,非银行金融,CI005022.WI,23.8162,2.0813,5265.5654
2019-03-17,非银行金融,CI005022.WI,23.3913,2.0626,3559.1606
2019-03-24,非银行金融,CI005022.WI,23.9847,2.1203,3141.8188
2019-03-31,非银行金融,CI005022.WI,26.068,2.13,2580.2592
2019-04-07,非银行金融,CI005022.WI,27.5781,2.2424,3275.8175
2019-04-14,非银行金融,CI005022.WI,26.7038,2.172,2683.4733
2019-04-21,非银行金融,CI005022.WI,27.6139,2.2602,2250.6503
2019-04-28,非银行金融,CI005022.WI,24.0431,2.092,2154.4901
2019-05-05,非银行金融,CI005022.WI,21.4964,2.0012,796.6836
2019-05-12,非银行金融,CI005022.WI,20.126,1.8736,2047.3513
2019-05-19,非银行金融,CI005022.WI,19.1867,1.7868,1344.4848
2019-05-26,非银行金融,CI005022.WI,19.2338,1.804,1117.8879
2019-06-02,非银行金融,CI005022.WI,19.7585,1.8532,1373.5076
2019-06-09,非银行金融,CI005022.WI,19.4291,1.8223,910.9358
2019-06-16,非银行金融,CI005022.WI,19.8187,1.857,1511.1337
2019-06-23,非银行金融,CI005022.WI,21.8402,2.0399,2234.9965
2019-06-30,非银行金融,CI005022.WI,21.5741,2.0157,1953.168
2019-07-07,非银行金融,CI005022.WI,21.7396,2.0327,1626.937
2019-07-14,非银行金融,CI005022.WI,21.55,2.0121,1341.2182
2019-07-21,非银行金融,CI005022.WI,21.7612,2.0282,1283.8703
2019-07-28,非银行金融,CI005022.WI,21.8002,2.0277,1196.2353
2019-08-04,非银行金融,CI005022.WI,20.811,1.9344,1264.3523
2019-08-11,非银行金融,CI005022.WI,20.0188,1.865,1346.5534
2019-08-18,非银行金融,CI005022.WI,19.0241,1.8776,1084.0028
2019-08-25,非银行金融,CI005022.WI,19.0352,1.9545,1584.4602
2019-09-01,非银行金融,CI005022.WI,18.1012,1.9085,1373.0882
2019-09-08,非银行金融,CI005022.WI,19.262,2.0405,2193.7066
2019-09-15,非银行金融,CI005022.WI,19.7699,2.0943,1985.0362
2019-09-22,非银行金融,CI005022.WI,19.3358,2.0421,1771.1176
2019-09-29,非银行金融,CI005022.WI,18.7374,1.9794,1453.9847
2019-10-06,非银行金融,CI005022.WI,18.3807,1.9416,225.6966
2019-10-13,非银行金融,CI005022.WI,18.9393,2.0006,980.1818
2019-10-20,非银行金融,CI005022.WI,18.6464,1.9708,1512.152
2019-10-27,非银行金融,CI005022.WI,18.017,1.9463,1171.7902
2019-11-03,非银行金融,CI005022.WI,16.7212,1.9287,1362.8207
2019-11-10,非银行金融,CI005022.WI,16.7772,1.9352,1459.3511
2019-11-17,非银行金融,CI005022.WI,16.2803,1.8781,1080.1835
2019-11-24,非银行金融,CI005022.WI,15.9026,1.8345,1164.0764
2019-12-01,非银行金融,CI005022.WI,15.4588,1.8071,947.2374
2019-12-08,非银行金融,CI005022.WI,15.781,1.8326,917.4929
2019-12-15,非银行金融,CI005022.WI,16.4071,1.9062,1256.1437
2019-12-22,非银行金融,CI005022.WI,16.7236,1.9431,2746.0765
2019-12-29,非银行金融,CI005022.WI,16.5447,1.9223,2119.8042
2020-01-05,非银行金融,CI005022.WI,17.3059,2.0104,2532.374
2020-01-12,非银行金融,CI005022.WI,17.1003,1.9865,2094.6991
2020-01-19,非银行金融,CI005022.WI,16.9226,1.9633,1636.8649
2020-01-26,非银行金融,CI005022.WI,16.3501,1.8999,1653.6247
2020-02-09,非银行金融,CI005022.WI,15.4536,1.7958,2134.2811
2020-02-16,非银行金融,CI005022.WI,15.6608,1.8211,1800.4196
2020-02-23,非银行金融,CI005022.WI,17.0552,1.9189,3299.6873
2020-03-01,非银行金融,CI005022.WI,15.8476,1.7811,3394.1524
2020-03-08,非银行金融,CI005022.WI,16.8347,1.8923,3486.7104
2020-03-15,非银行金融,CI005022.WI,15.8389,1.7705,2923.3915
2020-03-22,非银行金融,CI005022.WI,14.6846,1.6428,2110.118
2020-03-29,非银行金融,CI005022.WI,14.3827,1.6505,1414.5808
2020-04-05,非银行金融,CI005022.WI,14.0728,1.6178,1102.1717
2020-04-12,非银行金融,CI005022.WI,14.2828,1.6411,1143.4631
2020-04-19,非银行金融,CI005022.WI,14.6141,1.6806,1334.5696
2020-04-26,非银行金融,CI005022.WI,15.2257,1.6137,1025.5595
2020-05-03,非银行金融,CI005022.WI,16.0385,1.6541,923.381
2020-05-10,非银行金融,CI005022.WI,16.0406,1.6655,867.6717
2020-05-17,非银行金融,CI005022.WI,15.7147,1.632,973.9006
2020-05-24,非银行金融,CI005022.WI,15.2005,1.579,935.1876
2020-05-31,非银行金融,CI005022.WI,15.2162,1.5834,800.0785
2020-06-07,非银行金融,CI005022.WI,16.0871,1.671,1514.7461
2020-06-14,非银行金融,CI005022.WI,15.8483,1.652,1251.2596
2020-06-21,非银行金融,CI005022.WI,16.2598,1.6651,1487.6393
2020-06-28,非银行金融,CI005022.WI,16.4806,1.688,1481.1118
2020-07-05,非银行金融,CI005022.WI,18.9524,1.9375,3943.4286
2020-07-12,非银行金融,CI005022.WI,21.0261,2.1562,8769.6746
2020-07-19,非银行金融,CI005022.WI,19.1293,1.977,6498.7565
2020-07-26,非银行金融,CI005022.WI,18.7875,1.9495,4905.5396
2020-08-02,非银行金融,CI005022.WI,19.1201,1.9818,3149.9197
2020-08-09,非银行金融,CI005022.WI,19.5591,2.0245,4086.8473
2020-08-16,非银行金融,CI005022.WI,20.0029,2.072,3190.9359
2020-08-23,非银行金融,CI005022.WI,20.5301,2.1137,3698.2157
2020-08-30,非银行金融,CI005022.WI,21.865,2.0883,2269.1948
2020-09-06,非银行金融,CI005022.WI,21.6472,2.0399,2297.4037
2020-09-13,非银行金融,CI005022.WI,21.3829,2.015,2023.899
2020-09-20,非银行金融,CI005022.WI,22.4975,2.1286,1928.0782
2020-09-27,非银行金融,CI005022.WI,21.8266,2.0651,2509.4286
2020-10-04,非银行金融,CI005022.WI,21.5084,2.0352,964.5562
2020-10-11,非银行金融,CI005022.WI,21.8364,2.0662,335.4678
2020-10-18,非银行金融,CI005022.WI,22.6362,2.1434,2078.2182
2020-10-25,非银行金融,CI005022.WI,22.2161,2.1144,1672.4484
2020-11-01,非银行金融,CI005022.WI,19.0991,1.9286,1655.157
2020-11-08,非银行金融,CI005022.WI,19.1748,1.9334,1858.2053
2020-11-15,非银行金融,CI005022.WI,18.9639,1.91,2117.415
2020-11-22,非银行金融,CI005022.WI,19.5626,1.9703,1631.4055
2020-11-29,非银行金融,CI005022.WI,20.1889,2.0354,2238.6959
2020-12-06,非银行金融,CI005022.WI,20.456,2.0623,3716.1874
2020-12-13,非银行金融,CI005022.WI,19.2501,1.943,2184.18
2020-12-20,非银行金融,CI005022.WI,19.3112,1.9492,1739.695
2020-12-27,非银行金融,CI005022.WI,18.6536,1.8828,1872.9689
2021-01-03,非银行金融,CI005022.WI,19.5457,1.9657,2005.2695
2021-01-10,非银行金融,CI005022.WI,19.4575,1.9568,3401.5403
2021-01-17,非银行金融,CI005022.WI,19.5024,1.9613,3472.8312
2021-01-24,非银行金融,CI005022.WI,18.8051,1.8891,2657.8511
2021-01-31,非银行金融,CI005022.WI,17.8382,1.7909,2069.6563
2021-02-07,非银行金融,CI005022.WI,16.8513,1.746,1822.3319
2021-02-14,非银行金融,CI005022.WI,17.0366,1.7654,1028.1129
2021-02-21,非银行金融,CI005022.WI,17.8109,1.8456,881.2013
2021-02-28,非银行金融,CI005022.WI,17.3834,1.8019,2160.5409
2021-03-07,非银行金融,CI005022.WI,17.3729,1.7923,1854.4824
2021-03-14,非银行金融,CI005022.WI,16.9164,1.7426,1777.252
2021-03-21,非银行金融,CI005022.WI,16.2849,1.6787,1391.4694
2021-03-28,非银行金融,CI005022.WI,16.4135,1.6962,1650.565
2021-04-04,非银行金融,CI005022.WI,16.1315,1.6794,1185.8303
2021-04-11,非银行金融,CI005022.WI,15.8414,1.6501,1031.8226
2021-04-18,非银行金融,CI005022.WI,15.7043,1.6195,1103.9951
2021-04-25,非银行金融,CI005022.WI,15.714,1.6345,1233.9254
2021-05-02,非银行金融,CI005022.WI,14.7397,1.5835,1466.4156
2021-05-09,非银行金融,CI005022.WI,14.3611,1.5428,585.7817
2021-05-16,非银行金融,CI005022.WI,15.1842,1.6321,1479.8302
2021-05-23,非银行金融,CI005022.WI,14.9207,1.6031,1687.0566
2021-05-30,非银行金融,CI005022.WI,15.8785,1.7059,2820.879
2021-06-06,非银行金融,CI005022.WI,15.4438,1.6593,2041.0137
2021-06-13,非银行金融,CI005022.WI,15.036,1.6155,1704.4594
2021-06-20,非银行金融,CI005022.WI,14.7646,1.5836,1147.1794
2021-06-27,非银行金融,CI005022.WI,15.1878,1.6281,1590.5937
2021-07-04,非银行金融,CI005022.WI,14.1598,1.5304,1614.8629
2021-07-11,非银行金融,CI005022.WI,14.0788,1.5254,1106.6709
2021-07-18,非银行金融,CI005022.WI,14.02,1.5291,1488.7683
2021-07-25,非银行金融,CI005022.WI,14.1269,1.5427,1626.2235
2021-08-01,非银行金融,CI005022.WI,12.8391,1.4138,1810.3502
2021-08-08,非银行金融,CI005022.WI,13.0684,1.4401,1653.8267
2021-08-15,非银行金融,CI005022.WI,12.5999,1.4791,1664.2016
2021-08-22,非银行金融,CI005022.WI,12.9691,1.5308,3351.4928
2021-08-29,非银行金融,CI005022.WI,12.971,1.4656,2623.1034
2021-09-05,非银行金融,CI005022.WI,13.3932,1.5269,3890.5252
2021-09-12,非银行金融,CI005022.WI,13.8255,1.5761,3826.1089
2021-09-19,非银行金融,CI005022.WI,13.2631,1.512,2556.1896
2021-09-26,非银行金融,CI005022.WI,13.1,1.4934,1109.2547
2021-10-03,非银行金融,CI005022.WI,12.8712,1.4678,1394.4829
2021-10-10,非银行金融,CI005022.WI,13.2635,1.5125,394.1854
2021-10-17,非银行金融,CI005022.WI,12.8724,1.4677,1324.7018
2021-10-24,非银行金融,CI005022.WI,13.2015,1.5028,1331.3099
2021-10-31,非银行金融,CI005022.WI,13.541,1.4054,1554.0855
2021-11-07,非银行金融,CI005022.WI,13.354,1.3858,1175.3113
2021-11-14,非银行金融,CI005022.WI,13.6875,1.4204,1356.5129
2021-11-21,非银行金融,CI005022.WI,13.5973,1.4112,1151.2891
2021-11-28,非银行金融,CI005022.WI,13.4504,1.396,1286.4678
2021-12-05,非银行金融,CI005022.WI,13.662,1.418,1269.8584
2021-12-12,非银行金融,CI005022.WI,14.1201,1.4658,2576.1742
2021-12-19,非银行金融,CI005022.WI,14.02,1.4554,1849.3078
2021-12-26,非银行金融,CI005022.WI,13.8298,1.4356,1420.2603
2022-01-02,非银行金融,CI005022.WI,13.9896,1.4495,1262.6033
2022-01-09,非银行金融,CI005022.WI,13.982,1.4487,1306.2085
2022-01-16,非银行金融,CI005022.WI,13.4683,1.4036,1341.4126
2022-01-23,非银行金融,CI005022.WI,13.7072,1.435,1521.247
2022-01-30,非银行金融,CI005022.WI,12.9968,1.3628,1340.5025
2022-02-13,非银行金融,CI005022.WI,13.8391,1.4554,1430.1879
2022-02-20,非银行金融,CI005022.WI,13.4458,1.4091,1050.2308
2022-02-27,非银行金融,CI005022.WI,12.8876,1.3515,1153.9444
2022-03-06,非银行金融,CI005022.WI,12.7628,1.3357,925.3436
2022-03-13,非银行金融,CI005022.WI,11.9834,1.2583,1312.1636
2022-03-20,非银行金融,CI005022.WI,12.7397,1.261,1827.873
2022-03-27,非银行金融,CI005022.WI,12.3577,1.2182,1027.0742
2022-04-03,非银行金融,CI005022.WI,12.8155,1.2601,1126.2088
2022-04-10,非银行金融,CI005022.WI,12.7864,1.2572,747.3098
2022-04-17,非银行金融,CI005022.WI,12.6998,1.2467,1365.9255
2022-04-24,非银行金融,CI005022.WI,12.1689,1.1967,1107.2593
2022-05-01,非银行金融,CI005022.WI,12.8664,1.1301,1454.5016
2022-05-08,非银行金融,CI005022.WI,12.5369,1.1012,392.0648
2022-05-15,非银行金融,CI005022.WI,12.7919,1.1176,866.4651
2022-05-22,非银行金融,CI005022.WI,12.8819,1.1257,827.7219
2022-05-29,非银行金融,CI005022.WI,12.7722,1.1163,869.7483
2022-06-05,非银行金融,CI005022.WI,12.9221,1.1298,646.7232
2022-06-12,非银行金融,CI005022.WI,13.5902,1.1896,1663.9288
2022-06-19,非银行金融,CI005022.WI,14.2202,1.2453,3320.1121
2022-06-26,非银行金融,CI005022.WI,14.5282,1.2828,1903.7283
2022-07-03,非银行金融,CI005022.WI,14.2788,1.2611,1551.611
2022-07-10,非银行金融,CI005022.WI,13.9742,1.2355,1020.9638
2022-07-17,非银行金融,CI005022.WI,13.1881,1.1783,962.4833
2022-07-24,非银行金融,CI005022.WI,13.42,1.1993,725.9792
2022-07-31,非银行金融,CI005022.WI,13.2347,1.1866,632.7038
2022-08-07,非银行金融,CI005022.WI,12.9922,1.1672,753.2203
2022-08-14,非银行金融,CI005022.WI,13.3984,1.2081,1031.0142
2022-08-21,非银行金融,CI005022.WI,13.2723,1.1959,1057.9713
2022-08-28,非银行金融,CI005022.WI,13.3938,1.1971,1292.5874
2022-09-04,非银行金融,CI005022.WI,13.6101,1.1755,1058.0307
2022-09-11,非银行金融,CI005022.WI,14.0301,1.2118,913.3038
2022-09-18,非银行金融,CI005022.WI,13.3499,1.1531,970.1649
2022-09-25,非银行金融,CI005022.WI,13.2297,1.1427,663.4885
2022-10-02,非银行金融,CI005022.WI,12.8485,1.1099,615.5896
2022-10-16,非银行金融,CI005022.WI,13.1122,1.1326,656.6873
2022-10-23,非银行金融,CI005022.WI,12.8187,1.1114,697.7099
2022-10-30,非银行金融,CI005022.WI,13.1992,1.057,871.4072
2022-11-06,非银行金融,CI005022.WI,14.2935,1.1534,994.1495
2022-11-13,非银行金融,CI005022.WI,14.7768,1.1924,1078.9632
2022-11-20,非银行金融,CI005022.WI,15.1094,1.2185,1764.7206
2022-11-27,非银行金融,CI005022.WI,15.3081,1.2345,1007.4515
2022-12-04,非银行金融,CI005022.WI,15.7772,1.272,1805.3886
2022-12-11,非银行金融,CI005022.WI,16.3084,1.3148,1880.7363
2022-12-18,非银行金融,CI005022.WI,15.9244,1.2839,1014.2935
2022-12-25,非银行金融,CI005022.WI,15.5211,1.2513,787.8013
2023-01-01,非银行金融,CI005022.WI,15.718,1.2667,762.0175
2023-01-08,非银行金融,CI005022.WI,15.9777,1.2957,994.5761
2023-01-15,非银行金融,CI005022.WI,16.6232,1.344,1437.527
2023-01-22,非银行金融,CI005022.WI,16.9742,1.3724,2215.9121
2023-02-05,非银行金融,CI005022.WI,16.478,1.3322,2111.7857
2023-02-12,非银行金融,CI005022.WI,16.3847,1.3227,1191.2993
2023-02-19,非银行金融,CI005022.WI,16.1257,1.3001,1244.7846
2023-02-26,非银行金融,CI005022.WI,16.4926,1.3296,1516.8455
2023-03-05,非银行金融,CI005022.WI,16.8956,1.3633,1138.4675
2023-03-12,非银行金融,CI005022.WI,15.915,1.2843,1155.4094
2023-03-19,非银行金融,CI005022.WI,16.7721,1.2869,1175.5533
2023-03-26,非银行金融,CI005022.WI,16.7999,1.2832,1267.7696
2023-04-02,非银行金融,CI005022.WI,17.1288,1.2703,1159.9814
2023-04-09,非银行金融,CI005022.WI,17.7177,1.3131,1629.3
2023-04-16,非银行金融,CI005022.WI,17.5318,1.3092,1527.7538
2023-04-23,非银行金融,CI005022.WI,17.5519,1.3111,2024.6212
2023-04-30,非银行金融,CI005022.WI,16.1432,1.3244,1798.1839
2023-05-07,非银行金融,CI005022.WI,16.7261,1.372,1153.3688
2023-05-14,非银行金融,CI005022.WI,16.5011,1.353,3595.5332
2023-05-21,非银行金融,CI005022.WI,16.5129,1.3539,1782.2744
2023-05-28,非银行金融,CI005022.WI,15.7354,1.2904,1235.7338
2023-06-04,非银行金融,CI005022.WI,15.7958,1.2957,1283.5513
2023-06-11,非银行金融,CI005022.WI,15.7209,1.2896,1137.7926
2023-06-18,非银行金融,CI005022.WI,15.7853,1.3042,1275.282
2023-06-25,非银行金融,CI005022.WI,15.0973,1.2484,682.4086
2023-07-02,非银行金融,CI005022.WI,15.0185,1.2468,863.2172
2023-07-09,非银行金融,CI005022.WI,15.212,1.263,897.9446
2023-07-16,非银行金融,CI005022.WI,15.397,1.281,925.9189
2023-07-23,非银行金融,CI005022.WI,15.024,1.2507,771.7251
2023-07-30,非银行金融,CI005022.WI,16.8309,1.4016,2924.393
2023-08-06,非银行金融,CI005022.WI,17.5122,1.4581,5885.4845
2023-08-13,非银行金融,CI005022.WI,16.7518,1.3968,4357.3582
2023-08-20,非银行金融,CI005022.WI,16.6199,1.3852,3556.9444
2023-08-27,非银行金融,CI005022.WI,16.8142,1.3473,2667.4028
2023-09-03,非银行金融,CI005022.WI,17.8238,1.3326,3838.7772
2023-09-10,非银行金融,CI005022.WI,17.7399,1.3263,1677.3543
2023-09-17,非银行金融,CI005022.WI,17.431,1.3032,1423.7488
2023-09-24,非银行金融,CI005022.WI,17.8166,1.332,1279.5457
2023-10-01,非银行金融,CI005022.WI,17.29,1.2927,989.0195
2023-10-15,非银行金融,CI005022.WI,17.2347,1.2887,1045.1045
2023-10-22,非银行金融,CI005022.WI,16.8791,1.2626,1476.2722
2023-10-29,非银行金融,CI005022.WI,17.1825,1.2678,1769.3295
2023-11-05,非银行金融,CI005022.WI,17.4206,1.2546,1338.3396
2023-11-12,非银行金融,CI005022.WI,17.3731,1.2512,2420.6373
2023-11-19,非银行金融,CI005022.WI,17.5831,1.2654,1902.4223
2023-11-26,非银行金融,CI005022.WI,17.3138,1.246,1386.0887
2023-12-03,非银行金融,CI005022.WI,16.9629,1.2208,1134.0281
2023-12-10,非银行金融,CI005022.WI,16.4806,1.1855,1190.4759
2023-12-17,非银行金融,CI005022.WI,16.3628,1.1771,1241.2561
2023-12-24,非银行金融,CI005022.WI,15.9327,1.1458,1151.1305
2023-12-31,非银行金融,CI005022.WI,16.2397,1.1678,1075.2739
2024-01-14,非银行金融,CI005022.WI,15.2473,1.096,899.7146
2024-01-21,非银行金融,CI005022.WI,15.2606,1.0969,1174.2346
2024-01-28,非银行金融,CI005022.WI,16.4303,1.171,2183.6407
2024-02-04,非银行金融,CI005022.WI,15.5321,1.107,1815.4419
2024-02-11,非银行金融,CI005022.WI,16.5127,1.1769,1734.8709
2024-02-25,非银行金融,CI005022.WI,16.9731,1.2111,1991.1183
2024-03-03,非银行金融,CI005022.WI,16.9158,1.2061,2224.4585
2024-03-10,非银行金融,CI005022.WI,16.4942,1.1759,1465.9823
2024-03-17,非银行金融,CI005022.WI,16.4122,1.1697,1428.6485
2024-03-24,非银行金融,CI005022.WI,16.6626,1.1519,1659.0665
2024-03-31,非银行金融,CI005022.WI,16.7325,1.1228,1221.6979
2024-04-07,非银行金融,CI005022.WI,16.6574,1.1266,700.5585
2024-04-14,非银行金融,CI005022.WI,15.6476,1.0593,991.6193
2024-04-21,非银行金融,CI005022.WI,16.3369,1.1017,1545.2366
2024-04-28,非银行金融,CI005022.WI,17.3035,1.1449,1402.0323
2024-05-05,非银行金融,CI005022.WI,18.3048,1.1435,1117.0752
2024-05-12,非银行金融,CI005022.WI,18.6326,1.164,1595.4612
2024-05-19,非银行金融,CI005022.WI,18.9001,1.1808,1712.2506
2024-05-26,非银行金融,CI005022.WI,18.288,1.1426,1298.1598
2024-06-02,非银行金融,CI005022.WI,18.1238,1.1328,854.1184
2024-06-09,非银行金融,CI005022.WI,17.7338,1.1093,1028.2073
2024-06-16,非银行金融,CI005022.WI,17.9709,1.1247,902.661
2024-06-23,非银行金融,CI005022.WI,17.7636,1.1124,951.2441
2024-06-30,非银行金融,CI005022.WI,17.2103,1.0792,949.5818
2024-07-07,非银行金融,CI005022.WI,16.9091,1.0609,819.2389
2024-07-14,非银行金融,CI005022.WI,17.184,1.0842,846.3736
2024-07-21,非银行金融,CI005022.WI,17.6137,1.1128,858.1215
2024-07-28,非银行金融,CI005022.WI,17.2985,1.0991,1078.2874
2024-08-04,非银行金融,CI005022.WI,17.7688,1.129,1429.878
2024-08-11,非银行金融,CI005022.WI,17.2039,1.095,1079.3821
2024-08-18,非银行金融,CI005022.WI,17.4561,1.1126,889.5063
2024-08-25,非银行金融,CI005022.WI,17.1571,1.1094,793.2628
2024-09-01,非银行金融,CI005022.WI,16.0453,1.1269,940.9174
2024-09-08,非银行金融,CI005022.WI,16.0781,1.1264,1087.1982
2024-09-15,非银行金融,CI005022.WI,15.9466,1.1172,998.023
2024-09-22,非银行金融,CI005022.WI,16.2589,1.1392,721.3115
2024-09-29,非银行金融,CI005022.WI,19.5682,1.3702,3808.5068
2024-10-06,非银行金融,CI005022.WI,21.5237,1.5071,1767.4398
2024-10-13,非银行金融,CI005022.WI,21.2598,1.4887,8768.4007
2024-10-20,非银行金融,CI005022.WI,21.6023,1.5183,6783.4963
2024-10-27,非银行金融,CI005022.WI,19.9264,1.5129,5577.6649
2024-11-03,非银行金融,CI005022.WI,15.1244,1.4479,5791.139
2024-11-10,非银行金融,CI005022.WI,16.9626,1.623,10161.3436
2024-11-17,非银行金融,CI005022.WI,15.7008,1.5039,5933.4986
2024-11-24,非银行金融,CI005022.WI,15.0324,1.4391,4270.299
2024-12-01,非银行金融,CI005022.WI,15.3597,1.4711,3723.735
2024-12-08,非银行金融,CI005022.WI,15.8424,1.5173,3871.7778
2024-12-15,非银行金融,CI005022.WI,15.4808,1.4834,4493.6092
2024-12-22,非银行金融,CI005022.WI,15.2129,1.459,2576.5702
2024-12-29,非银行金融,CI005022.WI,15.4311,1.4804,2565.8116
2025-01-05,非银行金融,CI005022.WI,13.9684,1.3401,2654.9895
2025-01-12,非银行金融,CI005022.WI,13.6508,1.3032,1850.432
2025-01-19,非银行金融,CI005022.WI,13.9966,1.3404,2031.6502
2025-01-26,非银行金融,CI005022.WI,14.2203,1.373,2361.1275
2025-02-02,非银行金融,CI005022.WI,13.9774,1.35,416.9928
2025-02-09,非银行金融,CI005022.WI,14.2716,1.3784,1514.9113
2025-02-16,非银行金融,CI005022.WI,14.3641,1.3879,2498.9471
2025-02-23,非银行金融,CI005022.WI,14.3445,1.3859,2614.1656
2025-03-02,非银行金融,CI005022.WI,13.9783,1.3516,2954.0252
2025-03-09,非银行金融,CI005022.WI,13.6853,1.3783,2283.8709
2025-03-16,非银行金融,CI005022.WI,14.374,1.4471,2637.6678
2025-03-23,非银行金融,CI005022.WI,13.6461,1.3676,2143.2293
2025-03-30,非银行金融,CI005022.WI,13.1838,1.3726,1461.4056
2025-04-06,非银行金融,CI005022.WI,13.0324,1.3553,1356.7735
2025-04-13,非银行金融,CI005022.WI,12.3592,1.2873,2783.5298
2025-04-20,非银行金融,CI005022.WI,12.484,1.3026,1289.6437
2025-04-27,非银行金融,CI005022.WI,12.8041,1.3154,1386.7683
2025-05-04,非银行金融,CI005022.WI,11.8215,1.2714,752.0819
2025-05-11,非银行金融,CI005022.WI,12.0874,1.3,1457.1538
2025-05-18,非银行金融,CI005022.WI,12.4396,1.3381,2463.3821
2025-05-25,非银行金融,CI005022.WI,12.2366,1.3162,1223.7661
2025-06-01,非银行金融,CI005022.WI,12.2247,1.3242,997.6421
2025-06-08,非银行金融,CI005022.WI,12.5137,1.3556,1286.6784
2025-06-15,非银行金融,CI005022.WI,12.6769,1.3743,2269.3571
2025-06-22,非银行金融,CI005022.WI,12.542,1.3607,1659.4421
2025-06-29,非银行金融,CI005022.WI,13.2518,1.437,4106.7739
2025-07-06,非银行金融,CI005022.WI,13.1908,1.4402,2431.9913
2025-07-13,非银行金融,CI005022.WI,13.5897,1.4878,3722.8607
2025-07-20,非银行金融,CI005022.WI,13.4466,1.4774,2909.9032
2025-07-27,非银行金融,CI005022.WI,13.8833,1.5264,4248.4511
2025-08-03,非银行金融,CI005022.WI,13.5526,1.4916,3585.4694
2025-08-10,非银行金融,CI005022.WI,13.6295,1.5048,2174.3028
2025-08-17,非银行金融,CI005022.WI,14.3982,1.5938,5036.361
2025-08-24,非银行金融,CI005022.WI,14.7915,1.6391,5806.7879
2025-08-31,非银行金融,CI005022.WI,14.1623,1.597,5678.2632
2025-09-07,非银行金融,CI005022.WI,13.4188,1.5085,4397.1604
2025-09-14,非银行金融,CI005022.WI,13.4063,1.5055,3219.1804
2025-09-21,非银行金融,CI005022.WI,12.9106,1.4502,4008.5277
2025-09-28,非银行金融,CI005022.WI,12.9261,1.452,2586.4862
2025-10-05,非银行金融,CI005022.WI,13.2398,1.4957,2367.696
2025-10-12,非银行金融,CI005022.WI,13.3596,1.5092,1854.0946
2025-10-19,非银行金融,CI005022.WI,13.3424,1.5096,3562.381
2025-10-26,非银行金融,CI005022.WI,13.5951,1.5532,2715.9959
2025-11-02,非银行金融,CI005022.WI,11.0909,1.4603,3893.6787
2025-11-09,非银行金融,CI005022.WI,11.0467,1.4545,2137.7986
2025-11-16,非银行金融,CI005022.WI,11.0738,1.4584,2283.1821
2025-11-23,非银行金融,CI005022.WI,10.6496,1.4029,2109.3426
2025-11-30,非银行金融,CI005022.WI,10.7057,1.4104,1441.9585
2025-12-07,非银行金融,CI005022.WI,10.996,1.4469,1847.6202
2025-12-14,非银行金融,CI005022.WI,11.0439,1.4553,2522.5145
2025-12-21,非银行金融,CI005022.WI,11.3772,1.4995,2414.298
2025-12-28,非银行金融,CI005022.WI,11.5546,1.5229,2125.5636
2026-01-04,非银行金融,CI005022.WI,11.3441,1.4939,1218.8917
2026-01-11,非银行金融,CI005022.WI,11.7943,1.5536,4233.0834
2026-01-18,非银行金融,CI005022.WI,11.435,1.508,4336.0129
2026-01-25,非银行金融,CI005022.WI,11.2138,1.4774,2512.6513
2026-02-01,非银行金融,CI005022.WI,11.4847,1.5119,3724.5843
2026-02-08,非银行金融,CI005022.WI,11.3306,1.4917,2497.169
2026-02-15,非银行金融,CI005022.WI,11.1625,1.4724,1705.5676
2026-03-01,非银行金融,CI005022.WI,10.9189,1.4417,1612.4123
2026-03-08,非银行金融,CI005022.WI,10.6373,1.4044,2322.8921
2026-03-15,非银行金融,CI005022.WI,10.4535,1.3798,1655.2203
2026-03-22,非银行金融,CI005022.WI,10.2665,1.3533,2253.7243
2026-03-29,非银行金融,CI005022.WI,10.1358,1.2712,2102.8438
2026-04-05,非银行金融,CI005022.WI,9.9669,1.2456,1605.8193
2026-04-12,非银行金融,CI005022.WI,10.2898,1.2891,1972.8319
2026-04-19,非银行金融,CI005022.WI,10.2947,1.2875,1890.2376
2026-04-26,非银行金融,CI005022.WI,10.202,1.2625,1741.7143
2026-05-03,非银行金融,CI005022.WI,10.385,1.2564,1974.3561
2026-05-10,非银行金融,CI005022.WI,10.4539,1.2647,1559.3497
2026-05-17,非银行金融,CI005022.WI,9.9949,1.2092,2878.6601
2026-05-24,非银行金融,CI005022.WI,9.7534,1.18,2379.6224
2026-05-31,非银行金融,CI005022.WI,9.725,1.1768,2418.891
2026-06-07,非银行金融,CI005022.WI,9.5245,1.1526,2126.6218
2026-06-14,非银行金融,CI005022.WI,9.8813,1.2039,2320.1014
2026-06-21,非银行金融,CI005022.WI,9.5932,1.1694,2524.7535
2026-06-28,非银行金融,CI005022.WI,9.8637,1.2048,5239.2073
2026-07-05,非银行金融,CI005022.WI,10.3482,1.2645,3986.9395
2026-07-12,非银行金融,CI005022.WI,10.0697,1.2345,2727.296
2026-07-19,非银行金融,CI005022.WI,10.099,1.2426,2728.8908
2026-07-26,非银行金融,CI005022.WI,10.2832,1.2675,2726.5314
2026-08-02,非银行金融,CI005022.WI,10.318,1.2746,2151.1096
2026-08-09,非银行金融,CI005022.WI,10.1674,1.255,1902.7254
2016-01-10,食品饮料,CI005019.WI,28.2369,4.4041,723.9027
2016-01-17,食品饮料,CI005019.WI,26.1979,4.0736,649.3663
2016-01-24,食品饮料,CI005019.WI,25.9366,4.0201,535.9754
2016-01-31,食品饮料,CI005019.WI,24.9161,3.8615,479.9512
2016-02-07,食品饮料,CI005019.WI,25.3516,3.8867,424.6344
2016-02-21,食品饮料,CI005019.WI,25.9043,3.9725,524.2205
2016-02-28,食品饮料,CI005019.WI,25.6025,3.8924,646.3207
2016-03-06,食品饮料,CI005019.WI,26.7346,4.0677,645.5817
2016-03-13,食品饮料,CI005019.WI,26.2186,3.9897,437.5731
2016-03-20,食品饮料,CI005019.WI,27.3293,4.1589,565.5527
2016-03-27,食品饮料,CI005019.WI,28.6237,4.2654,721.1935
2016-04-03,食品饮料,CI005019.WI,28.3045,4.2528,675.7973
2016-04-10,食品饮料,CI005019.WI,28.4047,4.2603,574.5997
2016-04-17,食品饮料,CI005019.WI,28.4591,4.2536,701.6534
2016-04-24,食品饮料,CI005019.WI,26.3909,4.0389,597.8858
2016-05-01,食品饮料,CI005019.WI,25.6338,4.0136,569.3348
2016-05-08,食品饮料,CI005019.WI,26.8643,3.9117,756.007
2016-05-15,食品饮料,CI005019.WI,27.0004,3.9338,889.7972
2016-05-22,食品饮料,CI005019.WI,26.7423,3.8989,597.5756
2016-05-29,食品饮料,CI005019.WI,26.7067,3.8254,492.7295
2016-06-05,食品饮料,CI005019.WI,28.895,4.1366,826.5248
2016-06-12,食品饮料,CI005019.WI,28.4795,4.0775,444.6346
2016-06-19,食品饮料,CI005019.WI,28.8749,4.165,775.5563
2016-06-26,食品饮料,CI005019.WI,28.1075,4.0604,652.7628
2016-07-03,食品饮料,CI005019.WI,29.1429,4.3017,759.4245
2016-07-10,食品饮料,CI005019.WI,30.8949,4.5698,1049.2463
2016-07-17,食品饮料,CI005019.WI,31.6833,4.6947,1178.2657
2016-07-24,食品饮料,CI005019.WI,30.4732,4.5228,808.1887
2016-07-31,食品饮料,CI005019.WI,30.7731,4.6003,844.463
2016-08-07,食品饮料,CI005019.WI,30.5775,4.5052,638.4981
2016-08-14,食品饮料,CI005019.WI,31.2539,4.625,711.5964
2016-08-21,食品饮料,CI005019.WI,31.3151,4.6077,997.9732
2016-08-28,食品饮料,CI005019.WI,30.0448,4.503,765.432
2016-09-04,食品饮料,CI005019.WI,29.9839,4.3907,711.6017
2016-09-11,食品饮料,CI005019.WI,29.8738,4.3595,629.0094
2016-09-18,食品饮料,CI005019.WI,29.2054,4.262,336.3869
2016-09-25,食品饮料,CI005019.WI,29.5816,4.317,555.0427
2016-10-02,食品饮料,CI005019.WI,29.477,4.4219,484.3838
2016-10-16,食品饮料,CI005019.WI,30.0917,4.502,624.9973
2016-10-23,食品饮料,CI005019.WI,29.9977,4.5116,695.7459
2016-10-30,食品饮料,CI005019.WI,30.3229,4.4105,995.4581
2016-11-06,食品饮料,CI005019.WI,30.2129,4.411,808.9158
2016-11-13,食品饮料,CI005019.WI,30.4465,4.4452,868.9113
2016-11-20,食品饮料,CI005019.WI,30.1038,4.3949,797.1305
2016-11-27,食品饮料,CI005019.WI,30.55,4.46,804.5504
2016-12-04,食品饮料,CI005019.WI,30.3186,4.4263,1085.8615
2016-12-11,食品饮料,CI005019.WI,30.8243,4.5001,766.6735
2016-12-18,食品饮料,CI005019.WI,29.9416,4.3628,831.613
2016-12-25,食品饮料,CI005019.WI,29.3808,4.2806,593.9378
2017-01-01,食品饮料,CI005019.WI,29.9266,4.3559,464.2672
2017-01-08,食品饮料,CI005019.WI,30.6167,4.4563,522.6624
2017-01-15,食品饮料,CI005019.WI,29.9374,4.3575,495.6922
2017-01-22,食品饮料,CI005019.WI,30.2327,4.4004,462.2023
2017-01-29,食品饮料,CI005019.WI,30.2335,4.3995,324.1978
2017-02-05,食品饮料,CI005019.WI,30.1186,4.3828,58.0525
2017-02-12,食品饮料,CI005019.WI,30.8765,4.4662,522.3073
2017-02-19,食品饮料,CI005019.WI,31.3284,4.5386,671.4373
2017-02-26,食品饮料,CI005019.WI,31.8453,4.6644,733.4816
2017-03-05,食品饮料,CI005019.WI,31.653,4.606,566.6255
2017-03-12,食品饮料,CI005019.WI,32.1864,4.7141,753.8066
2017-03-19,食品饮料,CI005019.WI,32.3682,4.7461,774.531
2017-03-26,食品饮料,CI005019.WI,33.2225,4.8594,909.0412
2017-04-02,食品饮料,CI005019.WI,32.589,4.7228,660.8581
2017-04-09,食品饮料,CI005019.WI,32.8413,4.7635,371.315
2017-04-16,食品饮料,CI005019.WI,32.2772,4.6845,625.1097
2017-04-23,食品饮料,CI005019.WI,32.4566,4.74,677.8693
2017-04-30,食品饮料,CI005019.WI,30.4217,4.4863,643.1768
2017-05-07,食品饮料,CI005019.WI,30.0966,4.4432,371.3729
2017-05-14,食品饮料,CI005019.WI,29.5612,4.4809,461.5544
2017-05-21,食品饮料,CI005019.WI,30.6985,4.6576,474.6458
2017-05-28,食品饮料,CI005019.WI,30.82,4.6819,535.9266
2017-06-04,食品饮料,CI005019.WI,30.5934,4.6482,284.6631
2017-06-11,食品饮料,CI005019.WI,32.1993,4.8963,572.1698
2017-06-18,食品饮料,CI005019.WI,31.8744,4.8916,660.9036
2017-06-25,食品饮料,CI005019.WI,32.4396,4.9973,659.7228
2017-07-02,食品饮料,CI005019.WI,32.8015,5.0588,635.4607
2017-07-09,食品饮料,CI005019.WI,31.5718,4.9752,624.5568
2017-07-16,食品饮料,CI005019.WI,31.6831,5.0056,623.3496
2017-07-23,食品饮料,CI005019.WI,32.0981,5.0748,656.4226
2017-07-30,食品饮料,CI005019.WI,32.2265,5.1324,671.7298
2017-08-06,食品饮料,CI005019.WI,31.6002,4.3276,689.843
2017-08-13,食品饮料,CI005019.WI,32.5834,4.4594,833.0468
2017-08-20,食品饮料,CI005019.WI,32.812,4.4806,650.3457
2017-08-27,食品饮料,CI005019.WI,32.448,5.1555,576.869
2017-09-03,食品饮料,CI005019.WI,32.4748,5.1434,666.8037
2017-09-10,食品饮料,CI005019.WI,31.64,5.0113,596.0226
2017-09-17,食品饮料,CI005019.WI,32.6855,5.1343,732.0463
2017-09-24,食品饮料,CI005019.WI,33.4749,5.2583,664.5928
2017-10-01,食品饮料,CI005019.WI,34.5189,5.4156,625.4439
2017-10-15,食品饮料,CI005019.WI,36.0903,5.6632,801.6055
2017-10-22,食品饮料,CI005019.WI,36.7672,5.7448,705.5665
2017-10-29,食品饮料,CI005019.WI,35.1476,5.8598,878.6881
2017-11-05,食品饮料,CI005019.WI,34.6068,5.7534,935.4989
2017-11-12,食品饮料,CI005019.WI,36.406,6.0535,1004.4834
2017-11-19,食品饮料,CI005019.WI,36.0413,5.9769,1158.6639
2017-11-26,食品饮料,CI005019.WI,33.8133,5.6074,1242.7127
2017-12-03,食品饮料,CI005019.WI,32.9925,5.4713,705.1367
2017-12-10,食品饮料,CI005019.WI,33.439,5.5349,714.7339
2017-12-17,食品饮料,CI005019.WI,34.871,5.7712,739.3567
2017-12-24,食品饮料,CI005019.WI,36.2215,5.9947,816.0473
2017-12-31,食品饮料,CI005019.WI,36.2645,6.002,864.6698
2018-01-14,食品饮料,CI005019.WI,39.6316,6.5632,950.7394
2018-01-21,食品饮料,CI005019.WI,38.4924,6.3673,1181.3649
2018-01-28,食品饮料,CI005019.WI,39.1778,6.4811,928.3199
2018-02-04,食品饮料,CI005019.WI,37.3132,6.1747,969.3534
2018-02-11,食品饮料,CI005019.WI,34.1189,5.6448,1183.7324
2018-02-18,食品饮料,CI005019.WI,35.6602,5.8801,390.1594
2018-02-25,食品饮料,CI005019.WI,36.749,6.0588,240.8292
2018-03-04,食品饮料,CI005019.WI,36.0046,5.9163,661.5948
2018-03-11,食品饮料,CI005019.WI,35.951,5.7672,759.6783
2018-03-18,食品饮料,CI005019.WI,35.9648,5.7661,762.3442
2018-03-25,食品饮料,CI005019.WI,34.0019,5.4567,709.2253
2018-04-01,食品饮料,CI005019.WI,32.316,5.2959,928.6182
2018-04-08,食品饮料,CI005019.WI,33.2247,5.4352,514.9395
2018-04-15,食品饮料,CI005019.WI,32.904,5.3684,688.3659
2018-04-22,食品饮料,CI005019.WI,32.5708,5.2897,733.8874
2018-04-29,食品饮料,CI005019.WI,29.4044,4.936,757.6942
2018-05-06,食品饮料,CI005019.WI,30.0911,5.0548,498.8446
2018-05-13,食品饮料,CI005019.WI,32.0512,5.4014,985.5428
2018-05-20,食品饮料,CI005019.WI,32.9474,5.555,1041.0679
2018-05-27,食品饮料,CI005019.WI,32.4041,5.4694,909.5713
2018-06-03,食品饮料,CI005019.WI,33.9662,5.7358,1468.3261
2018-06-10,食品饮料,CI005019.WI,34.5137,5.9218,1191.7292
2018-06-17,食品饮料,CI005019.WI,33.8903,6.0381,1102.4264
2018-06-24,食品饮料,CI005019.WI,33.049,5.9327,805.7986
2018-07-01,食品饮料,CI005019.WI,31.9287,5.7374,929.015
2018-07-08,食品饮料,CI005019.WI,30.6622,5.5651,899.8775
2018-07-15,食品饮料,CI005019.WI,32.5008,5.911,817.7244
2018-07-22,食品饮料,CI005019.WI,31.8189,5.8118,713.3929
2018-07-29,食品饮料,CI005019.WI,31.8535,5.821,800.8162
2018-08-05,食品饮料,CI005019.WI,28.3735,5.252,842.0319
2018-08-12,食品饮料,CI005019.WI,28.5702,5.2897,776.737
2018-08-19,食品饮料,CI005019.WI,26.3161,4.8889,688.2823
2018-08-26,食品饮料,CI005019.WI,26.9292,5.0207,621.999
2018-09-02,食品饮料,CI005019.WI,26.4063,4.9195,681.382
2018-09-09,食品饮料,CI005019.WI,25.9117,4.8273,581.5105
2018-09-16,食品饮料,CI005019.WI,25.7366,4.7947,553.5386
2018-09-23,食品饮料,CI005019.WI,27.8649,5.1912,679.1253
2018-09-30,食品饮料,CI005019.WI,28.6913,5.3459,595.3934
2018-10-14,食品饮料,CI005019.WI,26.2288,4.8865,850.4756
2018-10-21,食品饮料,CI005019.WI,25.7875,4.8075,630.8476
2018-10-28,食品饮料,CI005019.WI,23.5572,4.3662,974.8153
2018-11-04,食品饮料,CI005019.WI,23.6286,4.2716,1030.0931
2018-11-11,食品饮料,CI005019.WI,22.6728,4.0989,601.5491
2018-11-18,食品饮料,CI005019.WI,23.0619,4.1252,641.8103
2018-11-25,食品饮料,CI005019.WI,22.537,4.0319,485.7877
2018-12-02,食品饮料,CI005019.WI,22.9912,4.1132,429.8156
2018-12-09,食品饮料,CI005019.WI,23.5326,4.2415,660.6656
2018-12-16,食品饮料,CI005019.WI,23.8092,4.2893,459.1611
2018-12-23,食品饮料,CI005019.WI,22.7575,4.1007,431.432
2018-12-30,食品饮料,CI005019.WI,23.1616,4.1736,414.1167
2019-01-06,食品饮料,CI005019.WI,22.9834,4.1415,301.9619
2019-01-13,食品饮料,CI005019.WI,23.81,4.2905,500.6053
2019-01-20,食品饮料,CI005019.WI,25.109,4.5258,663.3241
2019-01-27,食品饮料,CI005019.WI,25.2324,4.5492,574.6122
2019-02-03,食品饮料,CI005019.WI,25.6552,4.6204,632.4871
2019-02-17,食品饮料,CI005019.WI,26.9794,4.846,812.4693
2019-02-24,食品饮料,CI005019.WI,27.2857,4.9009,808.0755
2019-03-03,食品饮料,CI005019.WI,29.184,5.2363,1317.4963
2019-03-10,食品饮料,CI005019.WI,27.9479,5.0143,1351.1419
2019-03-17,食品饮料,CI005019.WI,29.5695,5.2788,1260.9715
2019-03-24,食品饮料,CI005019.WI,30.8547,5.5264,1495.2507
2019-03-31,食品饮料,CI005019.WI,31.2597,5.7102,1443.8822
2019-04-07,食品饮料,CI005019.WI,31.9797,5.8477,1251.5211
2019-04-14,食品饮料,CI005019.WI,32.0197,5.9528,1681.9051
2019-04-21,食品饮料,CI005019.WI,32.8884,6.1151,1165.8292
2019-04-28,食品饮料,CI005019.WI,30.9693,5.798,1343.2344
2019-05-05,食品饮料,CI005019.WI,30.8235,5.7552,565.3246
2019-05-12,食品饮料,CI005019.WI,29.5921,5.567,1772.4661
2019-05-19,食品饮料,CI005019.WI,30.2058,5.688,1560.6956
2019-05-26,食品饮料,CI005019.WI,29.0438,5.4694,1122.3367
2019-06-02,食品饮料,CI005019.WI,29.5129,5.5731,1086.5274
2019-06-09,食品饮料,CI005019.WI,28.514,5.4568,752.9789
2019-06-16,食品饮料,CI005019.WI,29.9169,5.7281,1193.7572
2019-06-23,食品饮料,CI005019.WI,31.4614,6.0352,1204.2826
2019-06-30,食品饮料,CI005019.WI,32.2576,6.4442,1241.6727
2019-07-07,食品饮料,CI005019.WI,33.1918,6.6383,1749.7146
2019-07-14,食品饮料,CI005019.WI,32.621,6.5303,1179.7841
2019-07-21,食品饮料,CI005019.WI,31.2617,6.2383,1027.0761
2019-07-28,食品饮料,CI005019.WI,31.2297,6.2606,980.4508
2019-08-04,食品饮料,CI005019.WI,30.3443,6.0748,902.7948
2019-08-11,食品饮料,CI005019.WI,29.8992,5.9909,1035.2413
2019-08-18,食品饮料,CI005019.WI,31.6861,6.3523,1073.3292
2019-08-25,食品饮料,CI005019.WI,32.9811,6.6279,1091.27
2019-09-01,食品饮料,CI005019.WI,33.4164,6.7433,1304.4772
2019-09-08,食品饮料,CI005019.WI,33.3317,6.7197,1257.811
2019-09-15,食品饮料,CI005019.WI,32.4843,6.5488,1102.8563
2019-09-22,食品饮料,CI005019.WI,33.4934,6.7502,1211.6166
2019-09-29,食品饮料,CI005019.WI,33.235,6.281,1081.7992
2019-10-06,食品饮料,CI005019.WI,32.7982,6.1985,184.4454
2019-10-13,食品饮料,CI005019.WI,33.2158,6.274,779.2193
2019-10-20,食品饮料,CI005019.WI,32.5374,6.1219,1078.0955
2019-10-27,食品饮料,CI005019.WI,32.206,6.4073,917.0428
2019-11-03,食品饮料,CI005019.WI,32.5921,6.466,1159.5567
2019-11-10,食品饮料,CI005019.WI,33.0015,6.5473,1026.9141
2019-11-17,食品饮料,CI005019.WI,33.0786,6.5627,927.4815
2019-11-24,食品饮料,CI005019.WI,32.3827,6.4167,880.0239
2019-12-01,食品饮料,CI005019.WI,30.9424,7.495,877.6789
2019-12-08,食品饮料,CI005019.WI,32.6011,6.6649,799.1708
2019-12-15,食品饮料,CI005019.WI,32.4033,6.6245,737.5269
2019-12-22,食品饮料,CI005019.WI,32.2269,6.5884,918.7884
2019-12-29,食品饮料,CI005019.WI,32.438,6.6315,760.2675
2020-01-05,食品饮料,CI005019.WI,31.9688,6.5257,444.8348
2020-01-12,食品饮料,CI005019.WI,33.0107,6.7331,1227.2247
2020-01-19,食品饮料,CI005019.WI,33.1547,6.7626,1071.1247
2020-01-26,食品饮料,CI005019.WI,31.1496,6.3482,902.5112
2020-02-09,食品饮料,CI005019.WI,30.6401,6.2504,1435.877
2020-02-16,食品饮料,CI005019.WI,30.8968,6.3042,967.9661
2020-02-23,食品饮料,CI005019.WI,32.0749,6.5468,1180.9441
2020-03-01,食品饮料,CI005019.WI,30.8641,6.2174,1343.7922
2020-03-08,食品饮料,CI005019.WI,33.35,6.7169,1557.2641
2020-03-15,食品饮料,CI005019.WI,31.7845,6.4016,1341.1918
2020-03-22,食品饮料,CI005019.WI,29.8032,6.0026,1451.3165
2020-03-29,食品饮料,CI005019.WI,31.5047,6.3289,1265.2049
2020-04-05,食品饮料,CI005019.WI,32.6572,6.5704,1264.5462
2020-04-12,食品饮料,CI005019.WI,33.6539,6.771,1081.8906
2020-04-19,食品饮料,CI005019.WI,34.3475,6.8887,1093.4763
2020-04-26,食品饮料,CI005019.WI,35.1465,6.8864,1368.6911
2020-05-03,食品饮料,CI005019.WI,35.3359,6.4911,1233.9613
2020-05-10,食品饮料,CI005019.WI,36.8258,6.7957,906.47
2020-05-17,食品饮料,CI005019.WI,37.3161,6.8943,1423.7735
2020-05-24,食品饮料,CI005019.WI,37.3191,6.9194,1552.6311
2020-05-31,食品饮料,CI005019.WI,38.8258,7.2161,1480.5982
2020-06-07,食品饮料,CI005019.WI,40.1644,7.4732,1725.4765
2020-06-14,食品饮料,CI005019.WI,40.1509,7.5884,1517.8066
2020-06-21,食品饮料,CI005019.WI,41.0997,7.7851,1577.4809
2020-06-28,食品饮料,CI005019.WI,41.7099,8.3764,1008.254
2020-07-05,食品饮料,CI005019.WI,44.4054,8.9263,2232.1284
2020-07-12,食品饮料,CI005019.WI,48.4489,9.7817,2833.7119
2020-07-19,食品饮料,CI005019.WI,47.645,9.6199,3368.9616
2020-07-26,食品饮料,CI005019.WI,46.9137,9.4725,2534.0592
2020-08-02,食品饮料,CI005019.WI,49.6741,9.9015,2343.9377
2020-08-09,食品饮料,CI005019.WI,47.5902,9.6251,2135.4348
2020-08-16,食品饮料,CI005019.WI,47.9819,9.7378,1842.2321
2020-08-23,食品饮料,CI005019.WI,49.4711,10.04,2300.3973
2020-08-30,食品饮料,CI005019.WI,52.1754,10.561,2558.0149
2020-09-06,食品饮料,CI005019.WI,50.7366,10.2764,2746.1757
2020-09-13,食品饮料,CI005019.WI,48.8405,9.8921,2030.7192
2020-09-20,食品饮料,CI005019.WI,48.3397,9.7751,1665.2178
2020-09-27,食品饮料,CI005019.WI,46.7501,9.4536,1254.6884
2020-10-04,食品饮料,CI005019.WI,47.6027,9.626,724.0776
2020-10-11,食品饮料,CI005019.WI,48.4777,9.8029,312.6802
2020-10-18,食品饮料,CI005019.WI,49.6971,10.0506,1586.0884
2020-10-25,食品饮料,CI005019.WI,49.0711,9.8302,1512.5202
2020-11-01,食品饮料,CI005019.WI,47.1835,9.3623,2042.2544
2020-11-08,食品饮料,CI005019.WI,48.6038,9.6322,1919.2442
2020-11-15,食品饮料,CI005019.WI,48.9239,9.6956,2332.0335
2020-11-22,食品饮料,CI005019.WI,49.9686,9.9027,2197.4554
2020-11-29,食品饮料,CI005019.WI,49.2494,9.7791,2167.1238
2020-12-06,食品饮料,CI005019.WI,51.2607,10.1392,2025.7339
2020-12-13,食品饮料,CI005019.WI,51.9738,10.2804,2560.5173
2020-12-20,食品饮料,CI005019.WI,53.8814,10.6631,3061.1261
2020-12-27,食品饮料,CI005019.WI,53.5785,10.5973,3255.9659
2021-01-03,食品饮料,CI005019.WI,57.0136,11.2764,2347.9001
2021-01-10,食品饮料,CI005019.WI,60.4273,11.9096,4182.035
2021-01-17,食品饮料,CI005019.WI,57.3918,11.3096,3598.1577
2021-01-24,食品饮料,CI005019.WI,57.6497,11.3562,3132.8836
2021-01-31,食品饮料,CI005019.WI,57.5085,11.3238,3084.1747
2021-02-07,食品饮料,CI005019.WI,60.7958,12.0092,2996.3019
2021-02-14,食品饮料,CI005019.WI,65.731,12.9841,1878.1448
2021-02-21,食品饮料,CI005019.WI,63.4169,12.527,1537.6911
2021-02-28,食品饮料,CI005019.WI,54.3624,10.751,3281.7261
2021-03-07,食品饮料,CI005019.WI,52.2011,10.3767,2558.1463
2021-03-14,食品饮料,CI005019.WI,50.4907,10.0522,2689.8889
2021-03-21,食品饮料,CI005019.WI,50.1208,9.9726,1918.915
2021-03-28,食品饮料,CI005019.WI,51.0375,10.176,1870.2119
2021-04-04,食品饮料,CI005019.WI,53.2851,10.5497,2073.8577
2021-04-11,食品饮料,CI005019.WI,50.703,10.0543,1662.4956
2021-04-18,食品饮料,CI005019.WI,51.1754,10.1675,1959.5306
2021-04-25,食品饮料,CI005019.WI,52.8317,10.5766,2744.737
2021-05-02,食品饮料,CI005019.WI,48.9625,9.7414,2750.8508
2021-05-09,食品饮料,CI005019.WI,46.7645,9.2957,1025.6866
2021-05-16,食品饮料,CI005019.WI,49.3512,9.8194,2355.0933
2021-05-23,食品饮料,CI005019.WI,50.4884,10.0961,2486.9514
2021-05-30,食品饮料,CI005019.WI,53.4939,10.7038,3220.9232
2021-06-06,食品饮料,CI005019.WI,54.2285,10.8862,3322.4162
2021-06-13,食品饮料,CI005019.WI,51.9103,10.527,3724.6949
2021-06-20,食品饮料,CI005019.WI,50.7219,10.301,2403.4845
2021-06-27,食品饮料,CI005019.WI,50.7838,10.6854,2989.7775
2021-07-04,食品饮料,CI005019.WI,49.176,10.3571,2496.899
2021-07-11,食品饮料,CI005019.WI,46.9984,10.1537,2676.3878
2021-07-18,食品饮料,CI005019.WI,48.5555,10.4624,2752.4915
2021-07-25,食品饮料,CI005019.WI,46.9308,10.0334,2556.6195
2021-08-01,食品饮料,CI005019.WI,40.5165,8.6016,3346.1301
2021-08-08,食品饮料,CI005019.WI,41.2512,8.7231,2753.7463
2021-08-15,食品饮料,CI005019.WI,42.9876,9.0378,2782.9594
2021-08-22,食品饮料,CI005019.WI,39.357,8.1646,2486.6007
2021-08-29,食品饮料,CI005019.WI,39.4612,8.2049,2447.2023
2021-09-05,食品饮料,CI005019.WI,39.9138,8.1849,2685.4432
2021-09-12,食品饮料,CI005019.WI,40.823,8.3713,2286.702
2021-09-19,食品饮料,CI005019.WI,40.5676,8.3194,2172.8323
2021-09-26,食品饮料,CI005019.WI,41.1997,8.449,1449.4355
2021-10-03,食品饮料,CI005019.WI,43.5429,8.9295,2832.3189
2021-10-10,食品饮料,CI005019.WI,44.4796,9.1216,674.237
2021-10-17,食品饮料,CI005019.WI,45.4516,9.3142,2732.0603
2021-10-24,食品饮料,CI005019.WI,44.4983,9.0294,2394.0627
2021-10-31,食品饮料,CI005019.WI,43.9786,8.622,2364.6655
2021-11-07,食品饮料,CI005019.WI,44.3378,8.6897,2916.2434
2021-11-14,食品饮料,CI005019.WI,42.7657,8.3739,1841.6278
2021-11-21,食品饮料,CI005019.WI,44.2127,8.6572,2013.4282
2021-11-28,食品饮料,CI005019.WI,45.3788,8.8859,2581.938
2021-12-05,食品饮料,CI005019.WI,46.1407,9.0351,2157.6005
2021-12-12,食品饮料,CI005019.WI,48.6156,9.3774,3458.288
2021-12-19,食品饮料,CI005019.WI,46.9488,9.0553,2986.3611
2021-12-26,食品饮料,CI005019.WI,48.7216,9.375,2343.0893
2022-01-02,食品饮料,CI005019.WI,46.4817,8.944,2374.3916
2022-01-09,食品饮料,CI005019.WI,44.8125,8.6103,1963.1739
2022-01-16,食品饮料,CI005019.WI,42.8177,8.2247,2173.3986
2022-01-23,食品饮料,CI005019.WI,44.4763,8.5431,2054.3772
2022-01-30,食品饮料,CI005019.WI,41.6117,7.9983,1805.5928
2022-02-13,食品饮料,CI005019.WI,41.7461,7.9867,1824.2408
2022-02-20,食品饮料,CI005019.WI,42.9794,8.2228,1375.1997
2022-02-27,食品饮料,CI005019.WI,41.2585,7.8766,1713.3673
2022-03-06,食品饮料,CI005019.WI,40.5986,7.7476,1662.5624
2022-03-13,食品饮料,CI005019.WI,39.5278,7.506,2283.1762
2022-03-20,食品饮料,CI005019.WI,38.0511,7.2179,2375.2248
2022-03-27,食品饮料,CI005019.WI,36.8029,6.9607,1606.8887
2022-04-03,食品饮料,CI005019.WI,37.2185,7.0191,1732.1698
2022-04-10,食品饮料,CI005019.WI,36.6735,6.9213,825.3033
2022-04-17,食品饮料,CI005019.WI,38.3451,7.2284,2190.553
2022-04-24,食品饮料,CI005019.WI,38.0447,7.0985,2007.4704
2022-05-01,食品饮料,CI005019.WI,36.5027,6.7146,2414.7681
2022-05-08,食品饮料,CI005019.WI,35.5376,6.5196,824.3911
2022-05-15,食品饮料,CI005019.WI,35.8942,6.5885,1762.0774
2022-05-22,食品饮料,CI005019.WI,36.3832,6.6829,1670.7542
2022-05-29,食品饮料,CI005019.WI,35.4085,6.5078,1749.2217
2022-06-05,食品饮料,CI005019.WI,36.6301,6.8104,1758.1073
2022-06-12,食品饮料,CI005019.WI,38.3311,7.13,2112.8719
2022-06-19,食品饮料,CI005019.WI,39.3351,7.3474,2061.6888
2022-06-26,食品饮料,CI005019.WI,40.274,7.5626,1950.8139
2022-07-03,食品饮料,CI005019.WI,41.8777,8.2551,2459.4488
2022-07-10,食品饮料,CI005019.WI,40.6564,8.0153,1934.7128
2022-07-17,食品饮料,CI005019.WI,39.4546,7.787,1557.2581
2022-07-24,食品饮料,CI005019.WI,39.2825,7.7695,1391.101
2022-07-31,食品饮料,CI005019.WI,38.0654,7.5438,1428.8489
2022-08-07,食品饮料,CI005019.WI,38.2616,7.5273,1432.1244
2022-08-14,食品饮料,CI005019.WI,38.3776,7.5515,1235.4259
2022-08-21,食品饮料,CI005019.WI,37.5443,7.3391,1335.1885
2022-08-28,食品饮料,CI005019.WI,37.7756,7.3575,1557.4102
2022-09-04,食品饮料,CI005019.WI,36.8819,7.1215,1899.9778
2022-09-11,食品饮料,CI005019.WI,36.3512,7.0194,1480.8433
2022-09-18,食品饮料,CI005019.WI,36.1454,6.9964,1145.8948
2022-09-25,食品饮料,CI005019.WI,35.8476,6.9387,1210.5145
2022-10-02,食品饮料,CI005019.WI,37.0612,7.1734,1578.1583
2022-10-16,食品饮料,CI005019.WI,35.1452,6.8016,1740.7946
2022-10-23,食品饮料,CI005019.WI,32.7119,6.303,1518.7956
2022-10-30,食品饮料,CI005019.WI,28.552,5.4073,2201.0281
2022-11-06,食品饮料,CI005019.WI,31.7391,6.006,2299.0467
2022-11-13,食品饮料,CI005019.WI,32.0925,6.0736,1681.4723
2022-11-20,食品饮料,CI005019.WI,32.6749,6.1846,1681.7086
2022-11-27,食品饮料,CI005019.WI,31.5086,5.9638,1187.1972
2022-12-04,食品饮料,CI005019.WI,33.914,6.4128,2113.7663
2022-12-11,食品饮料,CI005019.WI,36.301,6.8641,2513.2522
2022-12-18,食品饮料,CI005019.WI,36.9622,6.989,2288.8338
2022-12-25,食品饮料,CI005019.WI,36.5941,6.9194,2050.8265
2023-01-01,食品饮料,CI005019.WI,36.2825,7.0743,1870.8821
2023-01-08,食品饮料,CI005019.WI,37.2829,7.3218,1826.2285
2023-01-15,食品饮料,CI005019.WI,38.8184,7.6102,2096.7725
2023-01-22,食品饮料,CI005019.WI,38.438,7.5297,1955.5527
2023-02-05,食品饮料,CI005019.WI,38.1166,7.4654,2232.0447
2023-02-12,食品饮料,CI005019.WI,38.1206,7.4634,1733.5874
2023-02-19,食品饮料,CI005019.WI,38.7417,7.585,2359.5503
2023-02-26,食品饮料,CI005019.WI,38.0804,7.451,1831.3874
2023-03-05,食品饮料,CI005019.WI,38.5814,7.5447,1451.9134
2023-03-12,食品饮料,CI005019.WI,36.8603,7.2067,1392.8252
2023-03-19,食品饮料,CI005019.WI,36.3849,7.1033,1301.8115
2023-03-26,食品饮料,CI005019.WI,37.5386,7.2601,1347.6069
2023-04-02,食品饮料,CI005019.WI,37.7062,7.2644,1329.5317
2023-04-09,食品饮料,CI005019.WI,36.9358,7.1206,1112.7651
2023-04-16,食品饮料,CI005019.WI,35.0687,6.766,1650.5357
2023-04-23,食品饮料,CI005019.WI,34.7986,6.7183,1351.3963
2023-04-30,食品饮料,CI005019.WI,33.0071,6.2672,1597.4613
2023-05-07,食品饮料,CI005019.WI,32.9376,6.2517,693.1175
2023-05-14,食品饮料,CI005019.WI,31.9428,6.0638,1185.7853
2023-05-21,食品饮料,CI005019.WI,31.8571,6.045,1069.4299
2023-05-28,食品饮料,CI005019.WI,31.4299,5.9703,1266.5918
2023-06-04,食品饮料,CI005019.WI,31.0235,5.9391,1232.2281
2023-06-11,食品饮料,CI005019.WI,30.4409,5.8416,1112.5347
2023-06-18,食品饮料,CI005019.WI,32.7667,6.3667,1654.2693
2023-06-25,食品饮料,CI005019.WI,31.4117,6.1482,759.593
2023-07-02,食品饮料,CI005019.WI,30.4422,6.3015,1130.1135
2023-07-09,食品饮料,CI005019.WI,30.3962,6.2941,1089.0394
2023-07-16,食品饮料,CI005019.WI,31.3268,6.5079,1116.1702
2023-07-23,食品饮料,CI005019.WI,31.4311,6.53,1122.1997
2023-07-30,食品饮料,CI005019.WI,33.2679,6.9176,1822.9564
2023-08-06,食品饮料,CI005019.WI,32.659,6.7772,1775.1158
2023-08-13,食品饮料,CI005019.WI,31.543,6.5509,1219.4499
2023-08-20,食品饮料,CI005019.WI,30.7496,6.3843,1149.9967
2023-08-27,食品饮料,CI005019.WI,30.5825,6.3062,1167.9225
2023-09-03,食品饮料,CI005019.WI,31.2788,6.3633,1572.0625
2023-09-10,食品饮料,CI005019.WI,30.9367,6.2937,1299.1894
2023-09-17,食品饮料,CI005019.WI,30.5363,6.2297,1058.7349
2023-09-24,食品饮料,CI005019.WI,30.9087,6.3059,1082.3589
2023-10-01,食品饮料,CI005019.WI,30.1353,6.1481,748.2739
2023-10-15,食品饮料,CI005019.WI,29.3967,5.9961,1095.5025
2023-10-22,食品饮料,CI005019.WI,27.4345,5.5629,1129.7386
2023-10-29,食品饮料,CI005019.WI,28.2113,5.682,1258.5753
2023-11-05,食品饮料,CI005019.WI,29.0272,5.8541,1540.3522
2023-11-12,食品饮料,CI005019.WI,28.5426,5.7564,1005.7182
2023-11-19,食品饮料,CI005019.WI,28.1529,5.6778,879.8967
2023-11-26,食品饮料,CI005019.WI,28.4523,5.7383,981.2213
2023-12-03,食品饮料,CI005019.WI,27.9834,5.6415,1106.5786
2023-12-10,食品饮料,CI005019.WI,27.0893,5.4613,1428.576
2023-12-17,食品饮料,CI005019.WI,25.9139,5.2243,1468.7464
2023-12-24,食品饮料,CI005019.WI,25.977,5.3681,1047.2668
2023-12-31,食品饮料,CI005019.WI,26.9882,5.577,1206.6906
2024-01-14,食品饮料,CI005019.WI,25.4978,5.2689,1068.2625
2024-01-21,食品饮料,CI005019.WI,25.2141,5.2072,1315.0411
2024-01-28,食品饮料,CI005019.WI,25.1292,5.1897,1326.4623
2024-02-04,食品饮料,CI005019.WI,24.0792,4.9704,1283.9027
2024-02-11,食品饮料,CI005019.WI,25.6882,5.303,1506.5546
2024-02-25,食品饮料,CI005019.WI,26.5607,5.4818,1507.5943
2024-03-03,食品饮料,CI005019.WI,26.3523,5.4365,1275.208
2024-03-10,食品饮料,CI005019.WI,25.901,5.3441,1073.9565
2024-03-17,食品饮料,CI005019.WI,27.189,5.611,1472.868
2024-03-24,食品饮料,CI005019.WI,26.9921,5.5662,1237.0838
2024-03-31,食品饮料,CI005019.WI,26.448,5.5238,1081.2798
2024-04-07,食品饮料,CI005019.WI,26.2306,5.4723,763.4759
2024-04-14,食品饮料,CI005019.WI,24.7414,5.1678,1247.1329
2024-04-21,食品饮料,CI005019.WI,25.0137,5.2064,1199.0671
2024-04-28,食品饮料,CI005019.WI,24.9696,5.1257,1103.4753
2024-05-05,食品饮料,CI005019.WI,24.5265,4.9903,721.6064
2024-05-12,食品饮料,CI005019.WI,25.0088,5.0889,1492.8284
2024-05-19,食品饮料,CI005019.WI,24.8343,5.0539,1231.4523
2024-05-26,食品饮料,CI005019.WI,24.0924,4.9127,1196.0822
2024-06-02,食品饮料,CI005019.WI,23.5453,4.8104,925.2384
2024-06-09,食品饮料,CI005019.WI,22.9718,4.7478,1020.7457
2024-06-16,食品饮料,CI005019.WI,22.3096,4.6293,1000.1633
2024-06-23,食品饮料,CI005019.WI,21.1812,4.6058,1070.3454
2024-06-30,食品饮料,CI005019.WI,20.8276,4.564,1040.2585
2024-07-07,食品饮料,CI005019.WI,20.4341,4.5069,965.9531
2024-07-14,食品饮料,CI005019.WI,20.731,4.6593,1023.7006
2024-07-21,食品饮料,CI005019.WI,21.4131,4.8262,938.3699
2024-07-28,食品饮料,CI005019.WI,20.0324,4.5186,871.8425
2024-08-04,食品饮料,CI005019.WI,19.7379,4.4524,994.1525
2024-08-11,食品饮料,CI005019.WI,20.0429,4.515,1057.6644
2024-08-18,食品饮料,CI005019.WI,19.6691,4.4138,658.742
2024-08-25,食品饮料,CI005019.WI,19.1714,4.3239,697.9307
2024-09-01,食品饮料,CI005019.WI,19.4399,4.319,991.7818
2024-09-08,食品饮料,CI005019.WI,18.7438,4.1515,733.06
2024-09-15,食品饮料,CI005019.WI,17.6956,3.9295,805.6136
2024-09-22,食品饮料,CI005019.WI,17.7051,3.9316,658.4039
2024-09-29,食品饮料,CI005019.WI,22.2847,4.9511,2310.2492
2024-10-06,食品饮料,CI005019.WI,24.1634,5.3685,1042.6481
2024-10-13,食品饮料,CI005019.WI,22.3283,4.9661,3405.5121
2024-10-20,食品饮料,CI005019.WI,21.6025,4.8055,1863.7012
2024-10-27,食品饮料,CI005019.WI,21.891,4.8058,1805.0479
2024-11-03,食品饮料,CI005019.WI,21.821,4.6446,2105.0694
2024-11-10,食品饮料,CI005019.WI,23.3744,4.9761,3003.2545
2024-11-17,食品饮料,CI005019.WI,22.551,4.8014,2125.9058
2024-11-24,食品饮料,CI005019.WI,21.6051,4.6,1479.18
2024-12-01,食品饮料,CI005019.WI,22.1824,4.7229,1674.148
2024-12-08,食品饮料,CI005019.WI,22.2288,4.733,1878.0186
2024-12-15,食品饮料,CI005019.WI,22.6886,4.8309,3214.4324
2024-12-22,食品饮料,CI005019.WI,22.1895,4.8672,1949.6693
2024-12-29,食品饮料,CI005019.WI,22.1204,4.8524,1414.1374
2025-01-05,食品饮料,CI005019.WI,21.2157,4.6543,1527.6169
2025-01-12,食品饮料,CI005019.WI,20.5199,4.5017,1419.3629
2025-01-19,食品饮料,CI005019.WI,20.9286,4.594,1362.7754
2025-01-26,食品饮料,CI005019.WI,20.4739,4.5657,1372.5817
2025-02-02,食品饮料,CI005019.WI,20.4302,4.572,235.8977
2025-02-09,食品饮料,CI005019.WI,20.4026,4.5646,862.3002
2025-02-16,食品饮料,CI005019.WI,20.8895,4.6747,1652.3936
2025-02-23,食品饮料,CI005019.WI,20.9008,4.6777,1414.3374
2025-03-02,食品饮料,CI005019.WI,21.2862,4.7615,1914.6921
2025-03-09,食品饮料,CI005019.WI,21.4516,4.7964,1620.7481
2025-03-16,食品饮料,CI005019.WI,22.7627,5.0881,2029.8138
2025-03-23,食品饮料,CI005019.WI,21.9818,4.8948,1938.8807
2025-03-30,食品饮料,CI005019.WI,22.0532,4.9092,1304.7401
2025-04-06,食品饮料,CI005019.WI,21.7252,4.7922,959.9091
2025-04-13,食品饮料,CI005019.WI,22.0164,4.7929,2712.9633
2025-04-20,食品饮料,CI005019.WI,22.0334,4.7994,2016.7371
2025-04-27,食品饮料,CI005019.WI,21.7815,4.6186,1676.1629
2025-05-04,食品饮料,CI005019.WI,22.2342,4.338,954.8768
2025-05-11,食品饮料,CI005019.WI,22.6615,4.4216,1145.6569
2025-05-18,食品饮料,CI005019.WI,22.7613,4.4448,1380.0765
2025-05-25,食品饮料,CI005019.WI,22.4337,4.3882,1575.8442
2025-06-01,食品饮料,CI005019.WI,22.2039,4.3488,1651.466
2025-06-08,食品饮料,CI005019.WI,21.991,4.3751,1355.2622
2025-06-15,食品饮料,CI005019.WI,20.972,4.1785,1701.3095
2025-06-22,食品饮料,CI005019.WI,21.0053,4.1598,1424.4571
2025-06-29,食品饮料,CI005019.WI,20.7828,4.2946,1294.4644
2025-07-06,食品饮料,CI005019.WI,20.9376,4.3198,1195.3189
2025-07-13,食品饮料,CI005019.WI,21.0918,4.3766,1347.8196
2025-07-20,食品饮料,CI005019.WI,21.2461,4.4615,1332.8905
2025-07-27,食品饮料,CI005019.WI,21.4328,4.4933,1606.1824
2025-08-03,食品饮料,CI005019.WI,20.9169,4.3981,1670.6135
2025-08-10,食品饮料,CI005019.WI,21.045,4.4557,1185.8049
2025-08-17,食品饮料,CI005019.WI,21.0436,4.4046,1705.4039
2025-08-24,食品饮料,CI005019.WI,21.8847,4.5527,2339.3615
2025-08-31,食品饮料,CI005019.WI,22.46,4.562,2766.2422
2025-09-07,食品饮料,CI005019.WI,22.2183,4.5527,2129.025
2025-09-14,食品饮料,CI005019.WI,22.4839,4.6077,1886.2057
2025-09-21,食品饮料,CI005019.WI,21.9024,4.4909,1579.862
2025-09-28,食品饮料,CI005019.WI,21.3402,4.3847,1346.6746
2025-10-05,食品饮料,CI005019.WI,21.518,4.4212,594.7114
2025-10-12,食品饮料,CI005019.WI,21.4608,4.4095,624.4914
2025-10-19,食品饮料,CI005019.WI,21.6642,4.4517,1603.0748
2025-10-26,食品饮料,CI005019.WI,21.4218,4.3925,1134.8845
2025-11-02,食品饮料,CI005019.WI,22.1772,4.1775,1461.1334
2025-11-09,食品饮料,CI005019.WI,22.0564,4.1548,1262.9281
2025-11-16,食品饮料,CI005019.WI,22.6544,4.2675,1999.2424
2025-11-23,食品饮料,CI005019.WI,22.3259,4.2067,1375.7343
2025-11-30,食品饮料,CI005019.WI,22.3006,4.2021,1124.6221
2025-12-07,食品饮料,CI005019.WI,21.8683,4.1211,1337.6946
2025-12-14,食品饮料,CI005019.WI,21.5116,4.0546,1537.9184
2025-12-21,食品饮料,CI005019.WI,21.7208,4.2632,1575.0356
2025-12-28,食品饮料,CI005019.WI,21.5828,4.2361,1330.7851
2026-01-04,食品饮料,CI005019.WI,21.0882,4.1403,727.9248
2026-01-11,食品饮料,CI005019.WI,21.5998,4.241,1500.8002
2026-01-18,食品饮料,CI005019.WI,21.1581,4.1554,1716.5725
2026-01-25,食品饮料,CI005019.WI,20.7835,4.0818,1618.3277
2026-02-01,食品饮料,CI005019.WI,21.1568,4.1633,2602.475
2026-02-08,食品饮料,CI005019.WI,22.1685,4.3369,2579.9654
2026-02-15,食品饮料,CI005019.WI,21.5884,4.2259,1402.6387
2026-03-01,食品饮料,CI005019.WI,21.2581,4.1597,973.1599
2026-03-08,食品饮料,CI005019.WI,20.7537,4.0577,1315.4966
2026-03-15,食品饮料,CI005019.WI,20.8068,4.0664,1083.1259
2026-03-22,食品饮料,CI005019.WI,20.7232,4.0544,1252.156
2026-03-29,食品饮料,CI005019.WI,20.5223,4.0056,1121.2866
2026-04-05,食品饮料,CI005019.WI,20.8109,4.0429,1236.5112
2026-04-12,食品饮料,CI005019.WI,20.7991,4.0388,869.5875
2026-04-19,食品饮料,CI005019.WI,21.2866,3.9041,1319.1997
2026-04-26,食品饮料,CI005019.WI,21.8672,3.8718,1435.7764
2026-05-03,食品饮料,CI005019.WI,23.554,3.7211,1510.6975
2026-05-10,食品饮料,CI005019.WI,23.2812,3.6783,1151.0657
2026-05-17,食品饮料,CI005019.WI,22.5291,3.562,1837.3411
2026-05-24,食品饮料,CI005019.WI,21.8588,3.4617,1646.7652
2026-05-31,食品饮料,CI005019.WI,22.2143,3.5316,1985.1533
2026-06-07,食品饮料,CI005019.WI,21.2117,3.405,1613.9551
2026-06-14,食品饮料,CI005019.WI,21.2975,3.4278,1476.1532
2026-06-21,食品饮料,CI005019.WI,20.1464,3.2596,1265.8543
2026-06-28,食品饮料,CI005019.WI,19.4206,3.2484,1735.7283
2026-07-05,食品饮料,CI005019.WI,19.8365,3.3309,1581.8069
2026-07-12,食品饮料,CI005019.WI,19.8437,3.3336,1261.9769
2026-07-19,食品饮料,CI005019.WI,20.4011,3.4754,1696.6685
2026-07-26,食品饮料,CI005019.WI,20.6924,3.5277,1822.0853
2026-08-02,食品饮料,CI005019.WI,21.9004,3.7654,1958.3952
2026-08-09,食品饮料,CI005019.WI,21.2701,3.6553,1630.4067
