date,close,pe_ttm,yield_10y,free_turn,amt,pct_chg,fund_eq,fund_all
1990-12-19,100.0,,,,,,,
1990-12-20,104.39,,,,,,,
1990-12-21,109.13,,,,,,,
1990-12-24,114.55,,,,,,,
1990-12-25,120.25,,,,,,,
1990-12-26,125.27,,,,,,,
1990-12-27,125.28,,,,,,,
1990-12-28,126.45,,,,,,,
1990-12-31,127.61,,,,,,,
1991-01-02,128.84,,,,,,,
1991-01-03,130.14,,,,,,,
1991-01-04,131.44,,,,,,,
1991-01-07,132.06,,,,,,,
1991-01-08,132.68,,,,,,,
1991-01-09,133.34,,,,,,,
1991-01-10,133.97,,,,,,,
1991-01-11,134.6,,,,,,,
1991-01-14,134.67,,,,,,,
1991-01-15,134.74,,,,,,,
1991-01-16,134.24,,,,,,,
1991-01-17,134.25,,,,,,,
1991-01-18,134.24,,,,,,,
1991-01-21,134.24,,,,,,,
1991-01-22,133.72,,,,,,,
1991-01-23,133.17,,,,,,,
1991-01-24,132.61,,,,,,,
1991-01-25,132.05,,,,,,,
1991-01-28,131.46,,,,,,,
1991-01-29,130.95,,,,,,,
1991-01-30,130.44,,,,,,,
1991-01-31,129.97,,,,,,,
1991-02-01,129.51,,,,,,,
1991-02-04,129.05,,,,,,,
1991-02-05,128.58,,,,,,,
1991-02-06,129.14,,,,,,,
1991-02-07,129.79,,,,,,,
1991-02-08,130.38,,,,,,,
1991-02-11,130.97,,,,,,,
1991-02-12,131.35,,,,,,,
1991-02-13,131.92,,,,,,,
1991-02-14,132.53,,,,,,,
1991-02-19,133.13,,,,,,,
1991-02-20,133.67,,,,,,,
1991-02-21,134.28,,,,,,,
1991-02-22,134.87,,,,,,,
1991-02-25,134.4,,,,,,,
1991-02-26,133.93,,,,,,,
1991-02-27,133.47,,,,,,,
1991-02-28,133.01,,,,,,,
1991-03-01,132.53,,,,,,,
1991-03-04,131.99,,,,,,,
1991-03-05,131.46,,,,,,,
1991-03-06,130.94,,,,,,,
1991-03-07,130.41,,,,,,,
1991-03-08,129.89,,,,,,,
1991-03-11,129.31,,,,,,,
1991-03-12,128.77,,,,,,,
1991-03-13,126.15,,,,,,,
1991-03-14,125.63,,,,,,,
1991-03-15,125.17,,,,,,,
1991-03-18,124.71,,,,,,,
1991-03-19,124.22,,,,,,,
1991-03-20,123.66,,,,,,,
1991-03-21,123.12,,,,,,,
1991-03-22,122.62,,,,,,,
1991-03-25,122.12,,,,,,,
1991-03-26,121.62,,,,,,,
1991-03-27,121.12,,,,,,,
1991-03-28,120.61,,,,,,,
1991-03-29,120.19,,,,,,,
1991-04-01,120.73,,,,,,,
1991-04-02,121.21,,,,,,,
1991-04-03,121.71,,,,,,,
1991-04-04,121.72,,,,,,,
1991-04-05,121.54,,,,,,,
1991-04-08,121.09,,,,,,,
1991-04-09,120.62,,,,,,,
1991-04-10,120.16,,,,,,,
1991-04-11,119.64,,,,,,,
1991-04-12,119.21,,,,,,,
1991-04-15,118.77,,,,,,,
1991-04-16,118.34,,,,,,,
1991-04-17,117.9,,,,,,,
1991-04-18,117.45,,,,,,,
1991-04-19,117.08,,,,,,,
1991-04-22,116.63,,,,,,,
1991-04-23,116.19,,,,,,,
1991-04-24,115.79,,,,,,,
1991-04-25,115.36,,,,,,,
1991-04-26,115.56,,,,,,,
1991-04-29,114.75,,,,,,,
1991-04-30,113.94,,,,,,,
1991-05-02,113.16,,,,,,,
1991-05-03,112.41,,,,,,,
1991-05-06,111.61,,,,,,,
1991-05-07,110.82,,,,,,,
1991-05-08,110.03,,,,,,,
1991-05-09,109.29,,,,,,,
1991-05-10,108.53,,,,,,,
1991-05-13,107.84,,,,,,,
1991-05-14,107.19,,,,,,,
1991-05-15,106.57,,,,,,,
1991-05-16,105.77,,,,,,,
1991-05-17,106.75,,,,,,,
1991-05-20,107.82,,,,,,,
1991-05-21,108.81,,,,,,,
1991-05-22,108.25,,,,,,,
1991-05-23,109.08,,,,,,,
1991-05-24,110.08,,,,,,,
1991-05-27,110.66,,,,,,,
1991-05-28,111.68,,,,,,,
1991-05-29,112.75,,,,,,,
1991-05-30,113.82,,,,,,,
1991-05-31,114.83,,,,,,,
1991-06-03,115.97,,,,,,,
1991-06-04,117.12,,,,,,,
1991-06-05,118.17,,,,,,,
1991-06-06,119.35,,,,,,,
1991-06-07,120.47,,,,,,,
1991-06-10,121.67,,,,,,,
1991-06-11,122.89,,,,,,,
1991-06-12,124.11,,,,,,,
1991-06-13,125.34,,,,,,,
1991-06-14,124.53,,,,,,,
1991-06-17,125.77,,,,,,,
1991-06-18,127.03,,,,,,,
1991-06-19,128.29,,,,,,,
1991-06-20,129.57,,,,,,,
1991-06-21,130.86,,,,,,,
1991-06-24,132.17,,,,,,,
1991-06-25,133.49,,,,,,,
1991-06-26,134.83,,,,,,,
1991-06-27,136.19,,,,,,,
1991-06-28,137.56,,,,,,,
1991-07-01,136.85,,,,,,,
1991-07-02,135.96,,,,,,,
1991-07-03,135.27,,,,,,,
1991-07-04,136.63,,,,,,,
1991-07-05,135.96,,,,,,,
1991-07-08,135.28,,,,,,,
1991-07-09,134.64,,,,,,,
1991-07-10,133.99,,,,,,,
1991-07-11,133.38,,,,,,,
1991-07-12,132.8,,,,,,,
1991-07-15,133.14,,,,,,,
1991-07-16,134.47,,,,,,,
1991-07-17,135.81,,,,,,,
1991-07-18,137.17,,,,,,,
1991-07-19,136.7,,,,,,,
1991-07-22,138.07,,,,,,,
1991-07-23,139.39,,,,,,,
1991-07-24,140.68,,,,,,,
1991-07-25,140.19,,,,,,,
1991-07-26,140.66,,,,,,,
1991-07-29,141.52,,,,,,,
1991-07-30,142.39,,,,,,,
1991-07-31,143.8,,,,,,,
1991-08-01,145.24,,,,,,,
1991-08-02,146.68,,,,,,,
1991-08-05,148.15,,,,,,,
1991-08-06,149.62,,,,,,,
1991-08-07,151.12,,,,,,,
1991-08-08,152.61,,,,,,,
1991-08-09,154.1,,,,,,,
1991-08-12,155.54,,,,,,,
1991-08-13,157.07,,,,,,,
1991-08-14,158.63,,,,,,,
1991-08-15,160.21,,,,,,,
1991-08-16,161.6,,,,,,,
1991-08-19,163.21,,,,,,,
1991-08-20,164.84,,,,,,,
1991-08-21,166.49,,,,,,,
1991-08-22,168.16,,,,,,,
1991-08-23,169.81,,,,,,,
1991-08-26,171.51,,,,,,,
1991-08-27,173.19,,,,,,,
1991-08-28,174.92,,,,,,,
1991-08-29,176.66,,,,,,,
1991-08-30,178.43,,,,,,,
1991-09-02,180.22,,,,,,,
1991-09-03,181.97,,,,,,,
1991-09-04,183.69,,,,,,,
1991-09-05,185.51,,,,,,,
1991-09-06,187.36,,,,,,,
1991-09-09,189.24,,,,,,,
1991-09-10,188.33,,,,,,,
1991-09-11,187.22,,,,,,,
1991-09-12,186.22,,,,,,,
1991-09-13,187.79,,,,,,,
1991-09-16,189.66,,,,,,,
1991-09-17,188.65,,,,,,,
1991-09-18,187.63,,,,,,,
1991-09-19,186.88,,,,,,,
1991-09-20,185.92,,,,,,,
1991-09-23,185.0,,,,,,,
1991-09-24,184.08,,,,,,,
1991-09-25,183.19,,,,,,,
1991-09-26,182.33,,,,,,,
1991-09-27,181.82,,,,,,,
1991-09-30,180.92,,,,,,,
1991-10-03,182.48,,,,,,,
1991-10-04,184.29,,,,,,,
1991-10-07,186.0,,,,,,,
1991-10-08,187.49,,,,,,,
1991-10-09,189.12,,,,,,,
1991-10-10,191.01,,,,,,,
1991-10-11,192.85,,,,,,,
1991-10-14,194.67,,,,,,,
1991-10-15,196.61,,,,,,,
1991-10-16,198.57,,,,,,,
1991-10-17,200.51,,,,,,,
1991-10-18,202.51,,,,,,,
1991-10-21,204.53,,,,,,,
1991-10-22,206.53,,,,,,,
1991-10-23,208.25,,,,,,,
1991-10-24,210.07,,,,,,,
1991-10-25,211.86,,,,,,,
1991-10-28,213.98,,,,,,,
1991-10-29,215.78,,,,,,,
1991-10-30,216.43,,,,,,,
1991-10-31,218.6,,,,,,,
1991-11-01,220.72,,,,,,,
1991-11-04,222.77,,,,,,,
1991-11-05,224.65,,,,,,,
1991-11-06,226.88,,,,,,,
1991-11-07,228.93,,,,,,,
1991-11-08,231.22,,,,,,,
1991-11-11,233.55,,,,,,,
1991-11-12,235.8,,,,,,,
1991-11-13,236.67,,,,,,,
1991-11-14,237.45,,,,,,,
1991-11-15,238.25,,,,,,,
1991-11-18,240.62,,,,,,,
1991-11-19,242.24,,,,,,,
1991-11-20,244.5,,,,,,,
1991-11-21,246.31,,,,,,,
1991-11-22,248.53,,,,,,,
1991-11-25,250.85,,,,,,,
1991-11-26,252.97,,,,,,,
1991-11-27,255.45,,,,,,,
1991-11-28,257.35,,,,,,,
1991-11-29,259.6,,,,,,,
1991-12-02,262.19,,,,,,,
1991-12-03,264.81,,,,,,,
1991-12-04,265.77,,,,,,,
1991-12-05,266.66,,,,,,,
1991-12-06,269.35,,,,,,,
1991-12-09,270.27,,,,,,,
1991-12-10,272.91,,,,,,,
1991-12-11,273.71,,,,,,,
1991-12-12,274.41,,,,,,,
1991-12-13,277.0,,,,,,,
1991-12-16,277.85,,,,,,,
1991-12-17,278.68,,,,,,,
1991-12-18,279.51,,,,,,,
1991-12-19,280.17,,,,,,,
1991-12-20,282.83,,,,,,,
1991-12-23,285.65,,,,,,,
1991-12-24,286.22,,,,,,,
1991-12-25,287.15,,,,,,,
1991-12-26,288.03,,,,,,,
1991-12-27,290.85,,,,,,,
1991-12-30,291.71,,,,,,,
1991-12-31,292.75,,,,,,,
1992-01-02,293.75,,,,,,,
1992-01-03,296.52,,,,,,,
1992-01-06,297.68,,,,,,,
1992-01-07,298.77,,,,,,,
1992-01-08,299.66,,,,,,,
1992-01-09,300.62,,,,,,,
1992-01-10,301.83,,,,,,,
1992-01-13,303.06,,,,,,,
1992-01-14,305.74,,,,,,,
1992-01-15,306.63,,,,,,,
1992-01-16,306.85,,,,,,,
1992-01-17,307.38,,,,,,,
1992-01-20,307.39,,,,,,,
1992-01-21,307.87,,,,,,,
1992-01-22,307.95,,,,,,,
1992-01-23,308.53,,,,,,,
1992-01-24,309.05,,,,,,,
1992-01-27,311.61,,,,,,,
1992-01-28,311.84,,,,,,,
1992-01-29,312.42,,,,,,,
1992-01-30,312.73,,,,,,,
1992-01-31,313.24,,,,,,,
1992-02-03,314.18,,,,,,,
1992-02-07,314.72,,,,,,,
1992-02-10,315.56,,,,,,,
1992-02-11,316.43,,,,,,,
1992-02-12,316.44,,,,,,,
1992-02-13,317.04,,,,,,,
1992-02-14,319.68,,,,,,,
1992-02-17,319.77,,,,,,,
1992-02-18,337.11,,,,,,,
1992-02-19,342.41,,,,,,,
1992-02-20,347.99,,,,,,,
1992-02-21,359.59,,,,,,,
1992-02-24,360.5,,,,,,,
1992-02-25,360.37,,,,,,,
1992-02-26,360.1,,,,,,,
1992-02-27,362.45,,,,,,,
1992-02-28,364.66,,,,,,,
1992-03-02,365.39,,,,,,,
1992-03-03,367.0,,,,,,,
1992-03-04,368.32,,,,,,,
1992-03-05,369.76,,,,,,,
1992-03-06,371.76,,,,,,,
1992-03-09,373.53,,,,,,,
1992-03-10,375.23,,,,,,,
1992-03-11,376.14,,,,,,,
1992-03-12,376.92,,,,,,,
1992-03-13,376.38,,,,,,,
1992-03-16,377.05,,,,,,,
1992-03-17,377.49,,,,,,,
1992-03-18,377.66,,,,,,,
1992-03-19,377.31,,,,,,,
1992-03-20,377.99,,,,,,,
1992-03-23,378.89,,,,,,,
1992-03-24,378.69,,,,,,,
1992-03-25,378.12,,,,,,,
1992-03-26,379.13,,,,,,,
1992-03-27,380.77,,,,,,,
1992-03-30,381.44,,,,,,,
1992-03-31,381.24,,,,,,,
1992-04-01,381.01,,,,,,,
1992-04-02,381.12,,,,,,,
1992-04-03,381.33,,,,,,,
1992-04-06,381.47,,,,,,,
1992-04-07,381.93,,,,,,,
1992-04-08,382.43,,,,,,,
1992-04-09,381.65,,,,,,,
1992-04-10,382.03,,,,,,,
1992-04-13,391.11,,,,,,,
1992-04-14,400.61,,,,,,,
1992-04-15,406.72,,,,,,,
1992-04-16,410.55,,,,,,,
1992-04-17,414.42,,,,,,,
1992-04-20,413.85,,,,,,,
1992-04-21,410.06,,,,,,,
1992-04-22,399.88,,,,,,,
1992-04-23,407.25,,,,,,,
1992-04-24,414.4,,,,,,,
1992-04-27,424.58,,,,,,,
1992-04-28,436.09,,,,,,,
1992-04-29,444.16,,,,,,,
1992-04-30,445.38,,,,,,,
1992-05-04,453.62,,,,,,,
1992-05-05,449.21,,,,,,,
1992-05-06,449.96,,,,,,,
1992-05-07,454.65,,,,,,,
1992-05-08,468.11,,,,,,,
1992-05-11,491.5,,,,,,,
1992-05-12,506.53,,,,,,,
1992-05-13,514.04,,,,,,,
1992-05-14,523.36,,,,,,,
1992-05-15,544.35,,,,,,,
1992-05-18,571.82,,,,,,,
1992-05-19,598.11,,,,,,,
1992-05-20,616.99,,,,,,,
1992-05-21,1266.49,,,,,,,
1992-05-22,1339.99,,,,,,,
1992-05-25,1421.57,,,,,,,
1992-05-26,1301.35,,,,,,,
1992-05-27,1193.17,,,,,,,
1992-05-28,1160.17,,,,,,,
1992-05-29,1234.71,,,,,,,
1992-06-01,1183.24,,,,,,,
1992-06-02,1141.02,,,,,,,
1992-06-03,1059.07,,,,,,,
1992-06-04,1104.46,,,,,,,
1992-06-05,1105.76,,,,,,,
1992-06-08,1093.46,,,,,,,
1992-06-09,1126.62,,,,,,,
1992-06-10,1187.02,,,,,,,
1992-06-11,1178.3,,,,,,,
1992-06-12,1171.71,,,,,,,
1992-06-15,1171.85,,,,,,,
1992-06-16,1166.7,,,,,,,
1992-06-17,1169.57,,,,,,,
1992-06-18,1168.43,,,,,,,
1992-06-19,1171.94,,,,,,,
1992-06-22,1169.9,,,,,,,
1992-06-23,1158.17,,,,,,,
1992-06-24,1151.06,,,,,,,
1992-06-25,1160.23,,,,,,,
1992-06-26,1164.67,,,,,,,
1992-06-29,1169.51,,,,,,,
1992-06-30,1191.19,,,,,,,
1992-07-01,1194.18,,,,,,,
1992-07-02,1187.48,,,,,,,
1992-07-03,1189.16,,,,,,,
1992-07-06,1201.01,,,,,,,
1992-07-07,1206.46,,,,,,,
1992-07-08,1185.5,,,,,,,
1992-07-09,1178.53,,,,,,,
1992-07-10,1188.62,,,,,,,
1992-07-13,1136.33,,,,,,,
1992-07-14,1114.05,,,,,,,
1992-07-15,1107.69,,,,,,,
1992-07-16,1124.64,,,,,,,
1992-07-17,1125.56,,,,,,,
1992-07-20,1098.82,,,,,,,
1992-07-21,1082.39,,,,,,,
1992-07-22,1035.66,,,,,,,
1992-07-23,1014.57,,,,,,,
1992-07-24,1142.02,,,,,,,
1992-07-27,1149.33,,,,,,,
1992-07-28,1105.95,,,,,,,
1992-07-29,1087.12,,,,,,,
1992-07-30,1057.4,,,,,,,
1992-07-31,1052.07,,,,,,,
1992-08-03,1031.55,,,,,,,
1992-08-04,1035.63,,,,,,,
1992-08-05,1012.55,,,,,,,
1992-08-06,1002.17,,,,,,,
1992-08-07,1005.23,,,,,,,
1992-08-10,964.09,,,,,,,
1992-08-11,863.41,,,,,,,
1992-08-12,781.21,,,,,,,
1992-08-13,850.94,,,,,,,
1992-08-14,858.38,,,,,,,
1992-08-17,939.46,,,,,,,
1992-08-18,933.44,,,,,,,
1992-08-19,939.51,,,,,,,
1992-08-20,932.32,,,,,,,
1992-08-21,916.25,,,,,,,
1992-08-24,884.1,,,,,,,
1992-08-25,849.57,,,,,,,
1992-08-26,877.25,,,,,,,
1992-08-27,863.77,,,,,,,
1992-08-28,848.2,,,,,,,
1992-08-31,823.27,,,,,,,
1992-09-01,824.96,,,,,,,
1992-09-02,787.67,,,,,,,
1992-09-03,764.11,,,,,,,
1992-09-04,753.58,,,,,,,
1992-09-07,702.83,,,,,,,
1992-09-08,640.12,,,,,,,
1992-09-09,635.74,,,,,,,
1992-09-10,692.78,,,,,,,
1992-09-11,776.29,,,,,,,
1992-09-14,734.98,,,,,,,
1992-09-15,738.16,,,,,,,
1992-09-16,769.04,,,,,,,
1992-09-17,761.72,,,,,,,
1992-09-18,754.4,,,,,,,
1992-09-21,733.44,,,,,,,
1992-09-22,722.7,,,,,,,
1992-09-23,712.37,,,,,,,
1992-09-24,730.57,,,,,,,
1992-09-25,729.79,,,,,,,
1992-09-28,724.7,,,,,,,
1992-09-29,710.63,,,,,,,
1992-09-30,702.32,,,,,,,
1992-10-05,679.62,,,,,,,
1992-10-06,674.24,,,,,,,
1992-10-07,665.26,,,,,,,
1992-10-08,643.69,,,,,,,
1992-10-09,660.29,,,,,,,
1992-10-12,690.57,,,,,,,
1992-10-13,673.99,,,,,,,
1992-10-14,663.75,,,,,,,
1992-10-15,663.53,,,,,,,
1992-10-16,664.75,,,,,,,
1992-10-19,632.4,,,,,,,
1992-10-20,616.29,,,,,,,
1992-10-21,585.7,,,,,,,
1992-10-22,539.8,,,,,,,
1992-10-23,559.73,,,,,,,
1992-10-26,506.94,,,,,,,
1992-10-27,450.28,,,,,,,
1992-10-28,463.21,,,,,,,
1992-10-29,484.25,,,,,,,
1992-10-30,507.25,,,,,,,
1992-11-02,477.61,,,,,,,
1992-11-03,479.81,,,,,,,
1992-11-04,469.9,,,,,,,
1992-11-05,462.63,,,,,,,
1992-11-06,457.05,,,,,,,
1992-11-09,428.61,,,,,,,
1992-11-10,400.53,,,,,,,
1992-11-11,410.16,,,,,,,
1992-11-12,415.79,,,,,,,
1992-11-13,414.09,,,,,,,
1992-11-16,399.32,,,,,,,
1992-11-17,393.52,,,,,,,
1992-11-18,407.61,,,,,,,
1992-11-19,398.95,,,,,,,
1992-11-20,401.44,,,,,,,
1992-11-23,410.39,,,,,,,
1992-11-24,440.04,,,,,,,
1992-11-25,571.63,,,,,,,
1992-11-26,562.01,,,,,,,
1992-11-27,637.67,,,,,,,
1992-11-30,724.6,,,,,,,
1992-12-01,716.74,,,,,,,
1992-12-02,722.2,,,,,,,
1992-12-03,808.2,,,,,,,
1992-12-04,807.02,,,,,,,
1992-12-07,793.25,,,,,,,
1992-12-08,753.94,,,,,,,
1992-12-09,676.45,,,,,,,
1992-12-10,625.23,,,,,,,
1992-12-11,722.28,,,,,,,
1992-12-14,705.07,,,,,,,
1992-12-15,682.24,,,,,,,
1992-12-16,685.82,,,,,,,
1992-12-17,707.82,,,,,,,
1992-12-18,698.13,,,,,,,
1992-12-21,731.68,,,,,,,
1992-12-22,725.78,,,,,,,
1992-12-23,732.05,,,,,,,
1992-12-24,758.59,,,,,,,
1992-12-25,764.28,,,,,,,
1992-12-28,757.31,,,,,,,
1992-12-29,768.91,,,,,,,
1992-12-30,767.52,,,,,,,
1992-12-31,780.39,,,,,,,
1993-01-04,814.04,,,,,,,
1993-01-05,858.72,,,,,,,
1993-01-06,847.44,,,,,,,
1993-01-07,868.97,,,,,,,
1993-01-08,889.47,,,,,,,
1993-01-11,977.42,,,,,,,
1993-01-12,987.26,,,,,,,
1993-01-13,1024.05,,,,,,,
1993-01-14,1086.43,,,,,,,
1993-01-15,1063.76,,,,,,,
1993-01-18,1055.32,,,,,,,
1993-01-19,991.83,,,,,,,
1993-01-20,1043.31,,,,,,,
1993-01-21,1074.26,,,,,,,
1993-01-22,1100.31,,,,,,,
1993-01-27,1162.44,,,,,,,
1993-01-28,1150.37,,,,,,,
1993-01-29,1198.48,,,,,,,
1993-02-01,1278.5,,,,,,,
1993-02-02,1310.58,,,,,,,
1993-02-03,1300.56,,,,,,,
1993-02-04,1371.58,,,,,,,
1993-02-05,1332.96,,,,,,,
1993-02-08,1393.17,,,,,,,
1993-02-09,1474.92,,,,,,,
1993-02-10,1454.46,,,,,,,
1993-02-11,1397.38,,,,,,,
1993-02-12,1458.76,,,,,,,
1993-02-15,1536.82,,,,,,,
1993-02-16,1513.48,,,,,,,
1993-02-17,1504.0,,,,,,,
1993-02-18,1508.22,,,,,,,
1993-02-19,1499.74,,,,,,,
1993-02-22,1456.29,,,,,,,
1993-02-23,1367.36,,,,,,,
1993-02-24,1264.96,,,,,,,
1993-02-25,1410.36,,,,,,,
1993-02-26,1339.88,,,,,,,
1993-03-01,1199.73,,,,,,,
1993-03-02,1245.11,,,,,,,
1993-03-03,1231.77,,,,,,,
1993-03-04,1159.13,,,,,,,
1993-03-05,1109.54,,,,,,,
1993-03-08,1209.65,,,,,,,
1993-03-09,1137.79,,,,,,,
1993-03-10,1188.97,,,,,,,
1993-03-11,1261.8,,,,,,,
1993-03-12,1236.37,,,,,,,
1993-03-15,1171.73,,,,,,,
1993-03-16,1222.55,,,,,,,
1993-03-17,1202.85,,,,,,,
1993-03-18,1184.48,,,,,,,
1993-03-19,1174.99,,,,,,,
1993-03-22,1036.92,,,,,,,
1993-03-23,971.25,,,,,,,
1993-03-24,956.97,,,,,,,
1993-03-25,945.42,,,,,,,
1993-03-26,1039.76,,,,,,,
1993-03-29,970.45,,,,,,,
1993-03-30,958.05,,,,,,,
1993-03-31,925.91,,,,,,,
1993-04-01,947.23,,,,,,,
1993-04-02,944.01,,,,,,,
1993-04-05,947.87,,,,,,,
1993-04-06,1059.62,,,,,,,
1993-04-07,1099.62,,,,,,,
1993-04-08,1238.87,,,,,,,
1993-04-09,1243.02,,,,,,,
1993-04-12,1203.54,,,,,,,
1993-04-13,1297.36,,,,,,,
1993-04-14,1272.39,,,,,,,
1993-04-15,1278.84,,,,,,,
1993-04-16,1214.75,,,,,,,
1993-04-19,1223.22,,,,,,,
1993-04-20,1235.52,,,,,,,
1993-04-21,1222.56,,,,,,,
1993-04-22,1267.35,,,,,,,
1993-04-23,1260.25,,,,,,,
1993-04-26,1345.61,,,,,,,
1993-04-27,1363.44,,,,,,,
1993-04-28,1372.5,,,,,,,
1993-04-29,1349.68,,,,,,,
1993-04-30,1358.78,,,,,,,
1993-05-03,1352.24,,,,,,,
1993-05-04,1241.16,,,,,,,
1993-05-05,1246.82,,,,,,,
1993-05-06,1162.92,,,,,,,
1993-05-07,1199.81,,,,,,,
1993-05-10,1128.29,,,,,,,
1993-05-11,1136.74,,,,,,,
1993-05-12,1140.19,,,,,,,
1993-05-13,1177.28,,,,,,,
1993-05-14,1167.47,,,,,,,
1993-05-17,1140.04,,,,,,,
1993-05-18,1130.26,,,,,,,
1993-05-19,1147.22,,,,,,,
1993-05-20,1165.4,,,,,,,
1993-05-21,1143.97,,,,,,,
1993-05-24,1026.13,,,,,,,
1993-05-25,997.95,,,,,,,
1993-05-26,995.45,,,,,,,
1993-05-27,963.61,,,,,,,
1993-05-28,972.77,,,,,,,
1993-05-31,935.48,,,,,,,
1993-06-01,928.58,,,,,,,
1993-06-02,1081.2,,,,,,,
1993-06-03,1018.29,,,,,,,
1993-06-04,1004.3,,,,,,,
1993-06-07,1064.98,,,,,,,
1993-06-08,1074.58,,,,,,,
1993-06-09,1065.19,,,,,,,
1993-06-10,1044.44,,,,,,,
1993-06-11,1047.0,,,,,,,
1993-06-14,1000.43,,,,,,,
1993-06-15,1001.61,,,,,,,
1993-06-16,1004.24,,,,,,,
1993-06-17,998.0,,,,,,,
1993-06-18,1005.98,,,,,,,
1993-06-21,977.61,,,,,,,
1993-06-22,981.13,,,,,,,
1993-06-23,986.02,,,,,,,
1993-06-24,980.17,,,,,,,
1993-06-25,1006.64,,,,,,,
1993-06-28,1002.42,,,,,,,
1993-06-29,1028.44,,,,,,,
1993-06-30,1007.05,,,,,,,
1993-07-01,997.53,,,,,,,
1993-07-02,986.98,,,,,,,
1993-07-05,952.31,,,,,,,
1993-07-06,897.64,,,,,,,
1993-07-07,903.79,,,,,,,
1993-07-08,896.16,,,,,,,
1993-07-09,868.57,,,,,,,
1993-07-12,845.52,,,,,,,
1993-07-13,870.05,,,,,,,
1993-07-14,836.39,,,,,,,
1993-07-15,838.7,,,,,,,
1993-07-16,846.87,,,,,,,
1993-07-19,836.98,,,,,,,
1993-07-20,808.21,,,,,,,
1993-07-21,811.74,,,,,,,
1993-07-22,815.53,,,,,,,
1993-07-23,813.54,,,,,,,
1993-07-26,787.81,,,,,,,
1993-07-27,791.62,,,,,,,
1993-07-28,798.33,,,,,,,
1993-07-29,806.67,,,,,,,
1993-07-30,881.07,,,,,,,
1993-08-02,843.27,,,,,,,
1993-08-03,832.72,,,,,,,
1993-08-04,850.54,,,,,,,
1993-08-05,849.3,,,,,,,
1993-08-06,855.52,,,,,,,
1993-08-09,885.27,,,,,,,
1993-08-10,862.08,,,,,,,
1993-08-11,883.02,,,,,,,
1993-08-12,917.04,,,,,,,
1993-08-13,947.26,,,,,,,
1993-08-16,1023.87,,,,,,,
1993-08-17,974.11,,,,,,,
1993-08-18,947.93,,,,,,,
1993-08-19,968.51,,,,,,,
1993-08-20,946.54,,,,,,,
1993-08-23,893.23,,,,,,,
1993-08-24,894.44,,,,,,,
1993-08-25,911.4,,,,,,,
1993-08-26,903.91,,,,,,,
1993-08-27,894.59,,,,,,,
1993-08-30,899.27,,,,,,,
1993-08-31,895.68,,,,,,,
1993-09-01,893.97,,,,,,,
1993-09-02,901.39,,,,,,,
1993-09-03,922.69,,,,,,,
1993-09-06,947.53,,,,,,,
1993-09-07,909.04,,,,,,,
1993-09-08,909.13,,,,,,,
1993-09-09,901.66,,,,,,,
1993-09-10,903.56,,,,,,,
1993-09-13,879.24,,,,,,,
1993-09-14,876.62,,,,,,,
1993-09-15,880.78,,,,,,,
1993-09-16,875.08,,,,,,,
1993-09-17,881.41,,,,,,,
1993-09-20,875.0,,,,,,,
1993-09-21,890.23,,,,,,,
1993-09-22,881.24,,,,,,,
1993-09-23,884.02,,,,,,,
1993-09-24,875.81,,,,,,,
1993-09-27,880.98,,,,,,,
1993-09-28,898.15,,,,,,,
1993-09-29,886.12,,,,,,,
1993-09-30,890.27,,,,,,,
1993-10-04,892.55,,,,,,,
1993-10-05,885.86,,,,,,,
1993-10-06,885.04,,,,,,,
1993-10-07,887.62,,,,,,,
1993-10-08,874.76,,,,,,,
1993-10-11,868.38,,,,,,,
1993-10-12,871.42,,,,,,,
1993-10-13,859.7,,,,,,,
1993-10-14,855.04,,,,,,,
1993-10-15,856.92,,,,,,,
1993-10-18,835.25,,,,,,,
1993-10-19,839.6,,,,,,,
1993-10-20,843.85,,,,,,,
1993-10-21,832.25,,,,,,,
1993-10-22,818.81,,,,,,,
1993-10-25,784.97,,,,,,,
1993-10-26,783.23,,,,,,,
1993-10-27,778.38,,,,,,,
1993-10-28,824.66,,,,,,,
1993-10-29,814.82,,,,,,,
1993-11-01,816.71,,,,,,,
1993-11-02,812.67,,,,,,,
1993-11-03,805.71,,,,,,,
1993-11-04,804.26,,,,,,,
1993-11-05,814.39,,,,,,,
1993-11-08,836.99,,,,,,,
1993-11-09,846.15,,,,,,,
1993-11-10,833.17,,,,,,,
1993-11-11,848.27,,,,,,,
1993-11-12,865.97,,,,,,,
1993-11-15,890.46,,,,,,,
1993-11-16,880.33,,,,,,,
1993-11-17,887.65,,,,,,,
1993-11-18,903.07,,,,,,,
1993-11-19,924.67,,,,,,,
1993-11-22,949.77,,,,,,,
1993-11-23,957.95,,,,,,,
1993-11-24,953.23,,,,,,,
1993-11-25,986.69,,,,,,,
1993-11-26,965.39,,,,,,,
1993-11-29,972.96,,,,,,,
1993-11-30,984.93,,,,,,,
1993-12-01,974.8,,,,,,,
1993-12-02,972.8,,,,,,,
1993-12-03,980.67,,,,,,,
1993-12-06,995.72,,,,,,,
1993-12-07,1022.34,,,,,,,
1993-12-08,1009.67,,,,,,,
1993-12-09,984.9,,,,,,,
1993-12-10,978.57,,,,,,,
1993-12-13,950.77,,,,,,,
1993-12-14,925.2,,,,,,,
1993-12-15,940.61,,,,,,,
1993-12-16,908.08,,,,,,,
1993-12-17,901.7,,,,,,,
1993-12-20,783.79,,,,,,,
1993-12-21,840.34,,,,,,,
1993-12-22,821.19,,,,,,,
1993-12-23,833.77,,,,,,,
1993-12-24,834.39,,,,,,,
1993-12-27,839.9,,,,,,,
1993-12-28,839.57,,,,,,,
1993-12-29,821.16,,,,,,,
1993-12-30,826.23,,,,,,,
1993-12-31,833.8,,,,,,,
1994-01-03,833.9,,,,,,,
1994-01-04,832.69,,,,,,,
1994-01-05,846.98,,,,,,,
1994-01-06,869.33,,,,,,,
1994-01-07,879.64,,,,,,,
1994-01-10,900.3,,,,,,,
1994-01-11,891.79,,,,,,,
1994-01-12,888.04,,,,,,,
1994-01-13,897.46,,,,,,,
1994-01-14,849.23,,,,,,,
1994-01-17,859.28,,,,,,,
1994-01-18,835.06,,,,,,,
1994-01-19,807.5,,,,,,,
1994-01-20,802.61,,,,,,,
1994-01-21,812.88,,,,,,,
1994-01-24,839.2,,,,,,,
1994-01-25,815.89,,,,,,,
1994-01-26,812.41,,,,,,,
1994-01-27,818.6,,,,,,,
1994-01-28,799.26,,,,,,,
1994-01-31,770.25,,,,,,,
1994-02-01,755.15,,,,,,,
1994-02-02,772.2,,,,,,,
1994-02-03,780.17,,,,,,,
1994-02-04,797.86,,,,,,,
1994-02-14,779.91,,,,,,,
1994-02-15,772.76,,,,,,,
1994-02-16,776.1,,,,,,,
1994-02-17,768.57,,,,,,,
1994-02-18,769.18,,,,,,,
1994-02-21,754.41,,,,,,,
1994-02-22,768.17,,,,,,,
1994-02-23,759.71,,,,,,,
1994-02-24,758.84,,,,,,,
1994-02-25,787.42,,,,,,,
1994-02-28,770.98,,,,,,,
1994-03-01,757.29,,,,,,,
1994-03-02,742.06,,,,,,,
1994-03-03,734.45,,,,,,,
1994-03-04,726.3,,,,,,,
1994-03-07,718.4,,,,,,,
1994-03-08,711.27,,,,,,,
1994-03-09,716.11,,,,,,,
1994-03-10,698.89,,,,,,,
1994-03-11,717.38,,,,,,,
1994-03-14,788.42,,,,,,,
1994-03-15,772.76,,,,,,,
1994-03-16,793.87,,,,,,,
1994-03-17,776.04,,,,,,,
1994-03-18,765.22,,,,,,,
1994-03-21,731.62,,,,,,,
1994-03-22,739.31,,,,,,,
1994-03-23,725.21,,,,,,,
1994-03-24,724.3,,,,,,,
1994-03-25,719.05,,,,,,,
1994-03-28,702.23,,,,,,,
1994-03-29,706.91,,,,,,,
1994-03-30,706.34,,,,,,,
1994-03-31,704.46,,,,,,,
1994-04-01,698.84,,,,,,,
1994-04-04,694.38,,,,,,,
1994-04-05,682.75,,,,,,,
1994-04-06,679.74,,,,,,,
1994-04-07,677.31,,,,,,,
1994-04-08,678.85,,,,,,,
1994-04-11,659.05,,,,,,,
1994-04-12,665.61,,,,,,,
1994-04-13,656.79,,,,,,,
1994-04-14,636.08,,,,,,,
1994-04-15,626.79,,,,,,,
1994-04-18,604.15,,,,,,,
1994-04-19,572.73,,,,,,,
1994-04-20,540.24,,,,,,,
1994-04-21,582.43,,,,,,,
1994-04-22,566.07,,,,,,,
1994-04-25,560.8,,,,,,,
1994-04-26,579.72,,,,,,,
1994-04-27,598.5,,,,,,,
1994-04-28,599.63,,,,,,,
1994-04-29,592.56,,,,,,,
1994-05-03,605.77,,,,,,,
1994-05-04,619.58,,,,,,,
1994-05-05,590.87,,,,,,,
1994-05-06,585.8,,,,,,,
1994-05-09,581.7,,,,,,,
1994-05-10,595.38,,,,,,,
1994-05-11,591.18,,,,,,,
1994-05-12,582.16,,,,,,,
1994-05-13,590.39,,,,,,,
1994-05-16,592.57,,,,,,,
1994-05-17,592.02,,,,,,,
1994-05-18,583.32,,,,,,,
1994-05-19,590.54,,,,,,,
1994-05-20,594.22,,,,,,,
1994-05-23,587.65,,,,,,,
1994-05-24,590.46,,,,,,,
1994-05-25,586.76,,,,,,,
1994-05-26,577.46,,,,,,,
1994-05-27,573.36,,,,,,,
1994-05-30,544.26,,,,,,,
1994-05-31,556.26,,,,,,,
1994-06-01,545.05,,,,,,,
1994-06-02,546.58,,,,,,,
1994-06-03,548.75,,,,,,,
1994-06-06,542.97,,,,,,,
1994-06-07,529.76,,,,,,,
1994-06-08,533.56,,,,,,,
1994-06-09,523.0,,,,,,,
1994-06-10,514.54,,,,,,,
1994-06-13,492.03,,,,,,,
1994-06-14,490.75,,,,,,,
1994-06-15,496.11,,,,,,,
1994-06-16,506.36,,,,,,,
1994-06-17,527.85,,,,,,,
1994-06-20,502.43,,,,,,,
1994-06-21,498.07,,,,,,,
1994-06-22,505.18,,,,,,,
1994-06-23,500.39,,,,,,,
1994-06-24,492.33,,,,,,,
1994-06-27,472.1,,,,,,,
1994-06-28,469.95,,,,,,,
1994-06-29,468.2,,,,,,,
1994-06-30,469.29,,,,,,,
1994-07-01,458.37,,,,,,,
1994-07-04,438.58,,,,,,,
1994-07-05,443.61,,,,,,,
1994-07-06,431.71,,,,,,,
1994-07-07,425.98,,,,,,,
1994-07-08,437.75,,,,,,,
1994-07-11,428.15,,,,,,,
1994-07-12,429.21,,,,,,,
1994-07-13,437.62,,,,,,,
1994-07-14,431.8,,,,,,,
1994-07-15,413.93,,,,,,,
1994-07-18,398.96,,,,,,,
1994-07-19,400.48,,,,,,,
1994-07-20,393.87,,,,,,,
1994-07-21,380.9,,,,,,,
1994-07-22,363.73,,,,,,,
1994-07-25,375.39,,,,,,,
1994-07-26,388.75,,,,,,,
1994-07-27,371.1,,,,,,,
1994-07-28,339.81,,,,,,,
1994-07-29,333.92,,,,,,,
1994-08-01,445.64,,,,,,,
1994-08-02,432.61,,,,,,,
1994-08-03,522.98,,,,,,,
1994-08-04,562.77,,,,,,,
1994-08-05,683.04,,,,,,,
1994-08-08,711.8,,,,,,,
1994-08-09,621.58,,,,,,,
1994-08-10,739.66,,,,,,,
1994-08-11,689.31,,,,,,,
1994-08-12,689.66,,,,,,,
1994-08-15,665.88,,,,,,,
1994-08-16,693.01,,,,,,,
1994-08-17,725.04,,,,,,,
1994-08-18,748.56,,,,,,,
1994-08-19,713.85,,,,,,,
1994-08-22,681.8,,,,,,,
1994-08-23,714.61,,,,,,,
1994-08-24,705.71,,,,,,,
1994-08-25,722.23,,,,,,,
1994-08-26,707.41,,,,,,,
1994-08-29,710.68,,,,,,,
1994-08-30,756.2,,,,,,,
1994-08-31,785.33,,,,,,,
1994-09-01,790.19,,,,,,,
1994-09-02,830.18,,,,,,,
1994-09-05,940.61,,,,,,,
1994-09-06,1004.92,,,,,,,
1994-09-07,931.57,,,,,,,
1994-09-08,972.84,,,,,,,
1994-09-09,962.52,,,,,,,
1994-09-12,1019.97,,,,,,,
1994-09-13,1033.47,,,,,,,
1994-09-14,974.86,,,,,,,
1994-09-15,972.54,,,,,,,
1994-09-16,978.99,,,,,,,
1994-09-19,927.62,,,,,,,
1994-09-20,914.39,,,,,,,
1994-09-21,969.03,,,,,,,
1994-09-22,918.44,,,,,,,
1994-09-23,867.65,,,,,,,
1994-09-26,880.6,,,,,,,
1994-09-27,870.15,,,,,,,
1994-09-28,912.38,,,,,,,
1994-09-29,839.37,,,,,,,
1994-09-30,791.15,,,,,,,
1994-10-05,706.42,,,,,,,
1994-10-06,660.5,,,,,,,
1994-10-07,738.03,,,,,,,
1994-10-10,698.93,,,,,,,
1994-10-11,705.07,,,,,,,
1994-10-12,711.01,,,,,,,
1994-10-13,635.38,,,,,,,
1994-10-14,663.75,,,,,,,
1994-10-17,616.34,,,,,,,
1994-10-18,624.52,,,,,,,
1994-10-19,652.89,,,,,,,
1994-10-20,718.99,,,,,,,
1994-10-21,712.71,,,,,,,
1994-10-24,785.85,,,,,,,
1994-10-25,744.52,,,,,,,
1994-10-26,686.31,,,,,,,
1994-10-27,703.62,,,,,,,
1994-10-28,677.45,,,,,,,
1994-10-31,654.98,,,,,,,
1994-11-01,673.79,,,,,,,
1994-11-02,667.86,,,,,,,
1994-11-03,717.36,,,,,,,
1994-11-04,666.77,,,,,,,
1994-11-07,674.67,,,,,,,
1994-11-08,709.69,,,,,,,
1994-11-09,723.91,,,,,,,
1994-11-10,711.68,,,,,,,
1994-11-11,731.16,,,,,,,
1994-11-14,733.39,,,,,,,
1994-11-15,705.43,,,,,,,
1994-11-16,706.63,,,,,,,
1994-11-17,697.17,,,,,,,
1994-11-18,698.81,,,,,,,
1994-11-21,699.1,,,,,,,
1994-11-22,692.39,,,,,,,
1994-11-23,679.61,,,,,,,
1994-11-24,678.02,,,,,,,
1994-11-25,685.33,,,,,,,
1994-11-28,681.49,,,,,,,
1994-11-29,687.56,,,,,,,
1994-11-30,683.59,,,,,,,
1994-12-01,682.3,,,,,,,
1994-12-02,677.91,,,,,,,
1994-12-05,663.13,,,,,,,
1994-12-06,653.98,,,,,,,
1994-12-07,652.85,,,,,,,
1994-12-08,643.86,,,,,,,
1994-12-09,640.67,,,,,,,
1994-12-12,620.47,,,,,,,
1994-12-13,636.68,,,,,,,
1994-12-14,625.21,,,,,,,
1994-12-15,666.68,,,,,,,
1994-12-16,680.23,,,,,,,
1994-12-19,653.37,,,,,,,
1994-12-20,667.94,,,,,,,
1994-12-21,672.47,,,,,,,
1994-12-22,673.48,,,,,,,
1994-12-23,677.84,,,,,,,
1994-12-26,675.88,,,,,,,
1994-12-27,660.88,,,,,,,
1994-12-28,649.59,,,,,,,
1994-12-29,645.06,,,,,,,
1994-12-30,647.87,,,,,,,
1995-01-03,639.88,,,,,,,
1995-01-04,653.81,,,,,,,
1995-01-05,646.89,,,,,,,
1995-01-06,640.76,,,,,,,
1995-01-09,625.97,,,,,,,
1995-01-10,610.3,,,,,,,
1995-01-11,613.13,,,,,,,
1995-01-12,602.12,,,,,,,
1995-01-13,597.84,,,,,,,
1995-01-16,588.81,,,,,,,
1995-01-17,587.94,,,,,,,
1995-01-18,593.64,,,,,,,
1995-01-19,571.72,,,,,,,
1995-01-20,571.24,,,,,,,
1995-01-23,553.44,,,,,,,
1995-01-24,547.57,,,,,,,
1995-01-25,555.77,,,,,,,
1995-01-26,553.1,,,,,,,
1995-01-27,562.59,,,,,,,
1995-02-06,533.72,,,,,,,
1995-02-07,532.49,,,,,,,
1995-02-08,533.75,,,,,,,
1995-02-09,553.35,,,,,,,
1995-02-10,541.38,,,,,,,
1995-02-13,548.84,,,,,,,
1995-02-14,548.11,,,,,,,
1995-02-15,542.84,,,,,,,
1995-02-16,538.37,,,,,,,
1995-02-17,533.76,,,,,,,
1995-02-20,534.96,,,,,,,
1995-02-21,541.14,,,,,,,
1995-02-22,594.64,,,,,,,
1995-02-23,589.12,,,,,,,
1995-02-24,558.43,,,,,,,
1995-02-27,561.27,,,,,,,
1995-02-28,549.26,,,,,,,
1995-03-01,556.95,,,,,,,
1995-03-02,560.85,,,,,,,
1995-03-03,577.22,,,,,,,
1995-03-06,616.3,,,,,,,
1995-03-07,632.96,,,,,,,
1995-03-08,620.8,,,,,,,
1995-03-09,605.59,,,,,,,
1995-03-10,586.29,,,,,,,
1995-03-13,586.23,,,,,,,
1995-03-14,588.24,,,,,,,
1995-03-15,572.6,,,,,,,
1995-03-16,579.88,,,,,,,
1995-03-17,593.52,,,,,,,
1995-03-20,585.45,,,,,,,
1995-03-21,591.95,,,,,,,
1995-03-22,613.7,,,,,,,
1995-03-23,611.13,,,,,,,
1995-03-24,611.77,,,,,,,
1995-03-27,629.36,,,,,,,
1995-03-28,626.55,,,,,,,
1995-03-29,637.15,,,,,,,
1995-03-30,630.93,,,,,,,
1995-03-31,646.92,,,,,,,
1995-04-03,656.88,,,,,,,
1995-04-04,660.16,,,,,,,
1995-04-05,649.7,,,,,,,
1995-04-06,659.06,,,,,,,
1995-04-07,673.72,,,,,,,
1995-04-10,667.39,,,,,,,
1995-04-11,641.08,,,,,,,
1995-04-12,644.74,,,,,,,
1995-04-13,632.76,,,,,,,
1995-04-14,640.04,,,,,,,
1995-04-17,631.26,,,,,,,
1995-04-18,625.52,,,,,,,
1995-04-19,631.51,,,,,,,
1995-04-20,645.2,,,,,,,
1995-04-21,635.99,,,,,,,
1995-04-24,619.73,,,,,,,
1995-04-25,619.84,,,,,,,
1995-04-26,601.83,,,,,,,
1995-04-27,573.31,,,,,,,
1995-04-28,579.93,,,,,,,
1995-05-02,579.04,,,,,,,
1995-05-03,580.38,,,,,,,
1995-05-04,571.2,,,,,,,
1995-05-05,574.17,,,,,,,
1995-05-08,571.51,,,,,,,
1995-05-09,578.5,,,,,,,
1995-05-10,565.14,,,,,,,
1995-05-11,568.06,,,,,,,
1995-05-12,584.84,,,,,,,
1995-05-15,582.04,,,,,,,
1995-05-16,578.85,,,,,,,
1995-05-17,582.89,,,,,,,
1995-05-18,763.51,,,,,,,
1995-05-19,855.81,,,,,,,
1995-05-22,897.42,,,,,,,
1995-05-23,750.3,,,,,,,
1995-05-24,741.93,,,,,,,
1995-05-25,696.85,,,,,,,
1995-05-26,727.62,,,,,,,
1995-05-29,710.59,,,,,,,
1995-05-30,711.0,,,,,,,
1995-05-31,700.51,,,,,,,
1995-06-01,708.67,,,,,,,
1995-06-02,716.82,,,,,,,
1995-06-05,691.64,,,,,,,
1995-06-06,689.13,,,,,,,
1995-06-07,716.45,,,,,,,
1995-06-08,695.93,,,,,,,
1995-06-09,702.62,,,,,,,
1995-06-12,698.72,,,,,,,
1995-06-13,698.95,,,,,,,
1995-06-14,689.22,,,,,,,
1995-06-15,646.85,,,,,,,
1995-06-16,646.54,,,,,,,
1995-06-19,638.96,,,,,,,
1995-06-20,640.66,,,,,,,
1995-06-21,651.81,,,,,,,
1995-06-22,644.47,,,,,,,
1995-06-23,650.14,,,,,,,
1995-06-26,653.4,,,,,,,
1995-06-27,649.93,,,,,,,
1995-06-28,647.64,,,,,,,
1995-06-29,643.92,,,,,,,
1995-06-30,630.58,,,,,,,
1995-07-03,613.18,,,,,,,
1995-07-04,620.62,,,,,,,
1995-07-05,636.03,,,,,,,
1995-07-06,637.77,,,,,,,
1995-07-07,666.78,,,,,,,
1995-07-10,666.24,,,,,,,
1995-07-11,649.19,,,,,,,
1995-07-12,648.91,,,,,,,
1995-07-13,656.15,,,,,,,
1995-07-14,652.8,,,,,,,
1995-07-17,695.45,,,,,,,
1995-07-18,715.47,,,,,,,
1995-07-19,690.98,,,,,,,
1995-07-20,690.3,,,,,,,
1995-07-21,693.56,,,,,,,
1995-07-24,709.92,,,,,,,
1995-07-25,703.58,,,,,,,
1995-07-26,691.12,,,,,,,
1995-07-27,697.72,,,,,,,
1995-07-28,695.42,,,,,,,
1995-07-31,695.55,,,,,,,
1995-08-01,715.4,,,,,,,
1995-08-02,699.99,,,,,,,
1995-08-03,703.44,,,,,,,
1995-08-04,709.88,,,,,,,
1995-08-07,718.08,,,,,,,
1995-08-08,712.53,,,,,,,
1995-08-09,717.46,,,,,,,
1995-08-10,735.15,,,,,,,
1995-08-11,744.99,,,,,,,
1995-08-14,776.13,,,,,,,
1995-08-15,751.48,,,,,,,
1995-08-16,767.66,,,,,,,
1995-08-17,769.45,,,,,,,
1995-08-18,757.43,,,,,,,
1995-08-21,739.06,,,,,,,
1995-08-22,739.86,,,,,,,
1995-08-23,729.89,,,,,,,
1995-08-24,733.85,,,,,,,
1995-08-25,727.58,,,,,,,
1995-08-28,725.62,,,,,,,
1995-08-29,722.08,,,,,,,
1995-08-30,715.73,,,,,,,
1995-08-31,723.87,,,,,,,
1995-09-01,728.84,,,,,,,
1995-09-04,737.89,,,,,,,
1995-09-05,739.53,,,,,,,
1995-09-06,753.75,,,,,,,
1995-09-07,753.84,,,,,,,
1995-09-08,751.08,,,,,,,
1995-09-11,775.45,,,,,,,
1995-09-12,763.69,,,,,,,
1995-09-13,763.18,,,,,,,
1995-09-14,758.13,,,,,,,
1995-09-15,755.93,,,,,,,
1995-09-18,757.4,,,,,,,
1995-09-19,736.74,,,,,,,
1995-09-20,726.14,,,,,,,
1995-09-21,731.17,,,,,,,
1995-09-22,730.01,,,,,,,
1995-09-25,723.35,,,,,,,
1995-09-26,728.86,,,,,,,
1995-09-27,708.46,,,,,,,
1995-09-28,711.19,,,,,,,
1995-09-29,722.43,,,,,,,
1995-10-04,717.79,,,,,,,
1995-10-05,724.88,,,,,,,
1995-10-06,719.96,,,,,,,
1995-10-09,706.29,,,,,,,
1995-10-10,708.63,,,,,,,
1995-10-11,710.89,,,,,,,
1995-10-12,704.4,,,,,,,
1995-10-13,702.98,,,,,,,
1995-10-16,701.34,,,,,,,
1995-10-17,702.4,,,,,,,
1995-10-18,716.83,,,,,,,
1995-10-19,702.79,,,,,,,
1995-10-20,726.29,,,,,,,
1995-10-23,723.09,,,,,,,
1995-10-24,723.57,,,,,,,
1995-10-25,760.41,,,,,,,
1995-10-26,731.47,,,,,,,
1995-10-27,722.37,,,,,,,
1995-10-30,722.78,,,,,,,
1995-10-31,717.32,,,,,,,
1995-11-01,723.39,,,,,,,
1995-11-02,721.7,,,,,,,
1995-11-03,727.78,,,,,,,
1995-11-06,736.15,,,,,,,
1995-11-07,729.69,,,,,,,
1995-11-08,711.61,,,,,,,
1995-11-09,711.2,,,,,,,
1995-11-10,708.76,,,,,,,
1995-11-13,688.7,,,,,,,
1995-11-14,688.87,,,,,,,
1995-11-15,692.2,,,,,,,
1995-11-16,682.44,,,,,,,
1995-11-17,676.19,,,,,,,
1995-11-20,674.74,,,,,,,
1995-11-21,678.42,,,,,,,
1995-11-22,663.32,,,,,,,
1995-11-23,658.37,,,,,,,
1995-11-24,659.37,,,,,,,
1995-11-27,645.03,,,,,,,
1995-11-28,652.57,,,,,,,
1995-11-29,641.59,,,,,,,
1995-11-30,641.14,,,,,,,
1995-12-01,633.81,,,,,,,
1995-12-04,634.92,,,,,,,
1995-12-05,637.22,,,,,,,
1995-12-06,628.43,,,,,,,
1995-12-07,631.84,,,,,,,
1995-12-08,636.78,,,,,,,
1995-12-11,619.26,,,,,,,
1995-12-12,629.45,,,,,,,
1995-12-13,613.8,,,,,,,
1995-12-14,614.75,,,,,,,
1995-12-15,603.89,,,,,,,
1995-12-18,592.14,,,,,,,
1995-12-19,592.06,,,,,,,
1995-12-20,601.04,,,,,,,
1995-12-21,597.43,,,,,,,
1995-12-22,594.24,,,,,,,
1995-12-25,580.03,,,,,,,
1995-12-26,572.22,,,,,,,
1995-12-27,570.4,,,,,,,
1995-12-28,556.82,,,,,,,
1995-12-29,555.29,,,,,,,
1996-01-02,537.87,,,,,,,
1996-01-03,542.42,,,,,,,
1996-01-04,558.76,,,,,,,
1996-01-05,536.37,,,,,,,
1996-01-08,539.17,,,,,,,
1996-01-09,558.62,,,,,,,
1996-01-10,547.62,,,,,,,
1996-01-11,545.64,,,,,,,
1996-01-12,547.11,,,,,,,
1996-01-15,551.04,,,,,,,
1996-01-16,547.76,,,,,,,
1996-01-17,537.31,,,,,,,
1996-01-18,517.63,,,,,,,
1996-01-19,523.51,,,,,,,
1996-01-22,516.46,,,,,,,
1996-01-23,519.6,,,,,,,
1996-01-24,522.63,,,,,,,
1996-01-25,521.37,,,,,,,
1996-01-26,525.57,,,,,,,
1996-01-29,529.14,,,,,,,
1996-01-30,532.57,,,,,,,
1996-01-31,537.35,,,,,,,
1996-02-01,536.68,,,,,,,
1996-02-02,536.04,,,,,,,
1996-02-05,522.85,,,,,,,
1996-02-06,520.69,,,,,,,
1996-02-07,524.3,,,,,,,
1996-02-08,521.86,,,,,,,
1996-02-09,525.41,,,,,,,
1996-02-12,523.85,,,,,,,
1996-02-13,529.58,,,,,,,
1996-02-14,529.25,,,,,,,
1996-02-15,536.98,,,,,,,
1996-02-16,552.94,,,,,,,
1996-03-04,601.98,,,,,,,
1996-03-05,587.06,,,,,,,
1996-03-06,559.7,,,,,,,
1996-03-07,569.33,,,,,,,
1996-03-08,573.13,,,,,,,
1996-03-11,568.12,,,,,,,
1996-03-12,563.88,,,,,,,
1996-03-13,563.2,,,,,,,
1996-03-14,562.3,,,,,,,
1996-03-15,562.39,,,,,,,
1996-03-18,567.87,,,,,,,
1996-03-19,566.55,,,,,,,
1996-03-20,569.67,,,,,,,
1996-03-21,569.76,,,,,,,
1996-03-22,570.18,,,,,,,
1996-03-25,570.24,,,,,,,
1996-03-26,563.52,,,,,,,
1996-03-27,562.35,,,,,,,
1996-03-28,554.04,,,,,,,
1996-03-29,556.39,,,,,,,
1996-04-01,566.19,,,,,,,
1996-04-02,557.21,,,,,,,
1996-04-03,560.98,,,,,,,
1996-04-04,563.19,,,,,,,
1996-04-05,582.53,,,,,,,
1996-04-08,581.38,,,,,,,
1996-04-09,578.07,,,,,,,
1996-04-10,579.82,,,,,,,
1996-04-11,583.38,,,,,,,
1996-04-12,586.96,,,,,,,
1996-04-15,584.67,,,,,,,
1996-04-16,590.85,,,,,,,
1996-04-17,593.38,,,,,,,
1996-04-18,600.28,,,,,,,
1996-04-19,618.12,,,,,,,
1996-04-22,613.97,,,,,,,
1996-04-23,623.77,,,,,,,
1996-04-24,664.65,,,,,,,
1996-04-25,652.67,,,,,,,
1996-04-26,707.61,,,,,,,
1996-04-29,738.62,,,,,,,
1996-04-30,681.16,,,,,,,
1996-05-02,654.43,,,,,,,
1996-05-03,650.04,,,,,,,
1996-05-06,671.28,,,,,,,
1996-05-07,661.16,,,,,,,
1996-05-08,661.27,,,,,,,
1996-05-09,656.9,,,,,,,
1996-05-10,661.47,,,,,,,
1996-05-13,666.1,,,,,,,
1996-05-14,665.41,,,,,,,
1996-05-15,682.05,,,,,,,
1996-05-16,683.07,,,,,,,
1996-05-17,711.93,,,,,,,
1996-05-20,703.084,,,,,,,
1996-05-21,661.852,,,,,,,
1996-05-22,668.621,,,,,,,
1996-05-23,642.673,,,,,,,
1996-05-24,639.802,,,,,,,
1996-05-27,637.959,,,,,,,
1996-05-28,646.912,,,,,,,
1996-05-29,650.555,,,,,,,
1996-05-30,636.364,,,,,,,
1996-05-31,643.65,,,,,,,
1996-06-03,641.092,,,,,,,
1996-06-04,651.511,,,,,,,
1996-06-05,696.97,,,,,,,
1996-06-06,702.637,,,,,,,
1996-06-07,727.341,,,,,,,
1996-06-10,764.386,,,,,,,
1996-06-11,752.26,,,,,,,
1996-06-12,755.772,,,,,,,
1996-06-13,768.681,,,,,,,
1996-06-14,777.275,,,,,,,
1996-06-17,751.996,,,,,,,
1996-06-18,793.564,,,,,,,
1996-06-19,796.911,,,,,,,
1996-06-20,793.585,,,,,,,
1996-06-21,796.108,,,,,,,
1996-06-24,793.339,,,,,,,
1996-06-25,780.65,,,,,,,
1996-06-26,801.463,,,,,,,
1996-06-27,806.461,,,,,,,
1996-06-28,804.251,,,,,,,
1996-07-01,761.115,,,,,,,
1996-07-02,759.713,,,,,,,
1996-07-03,786.134,,,,,,,
1996-07-04,785.429,,,,,,,
1996-07-05,785.379,,,,,,,
1996-07-08,807.339,,,,,,,
1996-07-09,817.612,,,,,,,
1996-07-10,820.046,,,,,,,
1996-07-11,792.068,,,,,,,
1996-07-12,796.41,,,,,,,
1996-07-15,789.158,,,,,,,
1996-07-16,823.08,,,,,,,
1996-07-17,808.99,,,,,,,
1996-07-18,818.044,,,,,,,
1996-07-19,856.928,,,,,,,
1996-07-22,884.939,,,,,,,
1996-07-23,871.487,,,,,,,
1996-07-24,887.596,,,,,,,
1996-07-25,868.159,,,,,,,
1996-07-26,845.123,,,,,,,
1996-07-29,855.421,,,,,,,
1996-07-30,836.932,,,,,,,
1996-07-31,822.477,,,,,,,
1996-08-01,835.105,,,,,,,
1996-08-02,838.875,,,,,,,
1996-08-05,853.193,,,,,,,
1996-08-06,862.223,,,,,,,
1996-08-07,867.267,,,,,,,
1996-08-08,875.999,,,,,,,
1996-08-09,871.604,,,,,,,
1996-08-12,886.046,,,,,,,
1996-08-13,874.805,,,,,,,
1996-08-14,871.645,,,,,,,
1996-08-15,865.827,,,,,,,
1996-08-16,853.87,,,,,,,
1996-08-19,835.209,,,,,,,
1996-08-20,822.442,,,,,,,
1996-08-21,833.606,,,,,,,
1996-08-22,818.196,,,,,,,
1996-08-23,803.693,,,,,,,
1996-08-26,773.068,,,,,,,
1996-08-27,787.467,,,,,,,
1996-08-28,796.839,,,,,,,
1996-08-29,788.734,,,,,,,
1996-08-30,809.938,,,,,,,
1996-09-02,804.778,,,,,,,
1996-09-03,800.223,,,,,,,
1996-09-04,812.015,,,,,,,
1996-09-05,814.383,,,,,,,
1996-09-06,801.234,,,,,,,
1996-09-09,793.586,,,,,,,
1996-09-10,764.449,,,,,,,
1996-09-11,769.245,,,,,,,
1996-09-12,757.087,,,,,,,
1996-09-13,779.069,,,,,,,
1996-09-16,778.293,,,,,,,
1996-09-17,776.479,,,,,,,
1996-09-18,760.756,,,,,,,
1996-09-19,769.099,,,,,,,
1996-09-20,805.538,,,,,,,
1996-09-23,851.986,,,,,,,
1996-09-24,849.924,,,,,,,
1996-09-25,835.181,,,,,,,
1996-09-26,854.664,,,,,,,
1996-09-27,875.525,,,,,,,
1996-10-03,865.486,,,,,,,
1996-10-04,863.459,,,,,,,
1996-10-07,864.663,,,,,,,
1996-10-08,877.607,,,,,,,
1996-10-09,874.011,,,,,,,
1996-10-10,904.095,,,,,,,
1996-10-11,909.894,,,,,,,
1996-10-14,940.786,,,,,,,
1996-10-15,937.293,,,,,,,
1996-10-16,933.883,,,,,,,
1996-10-17,952.322,,,,,,,
1996-10-18,939.932,,,,,,,
1996-10-21,964.392,,,,,,,
1996-10-22,976.471,,,,,,,
1996-10-23,1010.834,,,,,,,
1996-10-24,1007.914,,,,,,,
1996-10-25,1012.672,,,,,,,
1996-10-28,1022.864,,,,,,,
1996-10-29,1017.518,,,,,,,
1996-10-30,958.939,,,,,,,
1996-10-31,976.71,,,,,,,
1996-11-01,930.789,,,,,,,
1996-11-04,945.117,,,,,,,
1996-11-05,928.029,,,,,,,
1996-11-06,915.051,,,,,,,
1996-11-07,928.141,,,,,,,
1996-11-08,919.674,,,,,,,
1996-11-11,933.969,,,,,,,
1996-11-12,943.003,,,,,,,
1996-11-13,940.522,,,,,,,
1996-11-14,953.19,,,,,,,
1996-11-15,950.827,,,,,,,
1996-11-18,1004.689,,,,,,,
1996-11-19,1015.958,,,,,,,
1996-11-20,1014.925,,,,,,,
1996-11-21,940.773,,,,,,,
1996-11-22,951.832,,,,,,,
1996-11-25,976.55,,,,,,,
1996-11-26,967.589,,,,,,,
1996-11-27,980.381,,,,,,,
1996-11-28,992.639,,,,,,,
1996-11-29,1032.947,,,,,,,
1996-12-02,1134.523,,,,,,,
1996-12-03,1122.989,,,,,,,
1996-12-04,1169.92,,,,,,,
1996-12-05,1212.081,,,,,,,
1996-12-06,1212.889,,,,,,,
1996-12-09,1247.658,,,,,,,
1996-12-10,1230.254,,,,,,,
1996-12-11,1244.9,,,,,,,
1996-12-12,1177.136,,,,,,,
1996-12-13,1110.038,,,,,,,
1996-12-16,1000.022,,,,,,,
1996-12-17,905.579,,,,,,,
1996-12-18,972.73,,,,,,,
1996-12-19,902.423,,,,,,,
1996-12-20,885.238,,,,,,,
1996-12-23,902.014,,,,,,,
1996-12-24,865.577,,,,,,,
1996-12-25,895.177,,,,,,,
1996-12-26,924.235,,,,,,,
1996-12-27,922.348,,,,,,,
1996-12-30,934.213,,,,,,,
1996-12-31,917.018,,,,,,,
1997-01-02,919.435,,,,,,,
1997-01-03,899.613,,,,,,,
1997-01-06,876.495,,,,,,,
1997-01-07,898.171,,,,,,,
1997-01-08,896.408,,,,,,,
1997-01-09,906.975,,,,,,,
1997-01-10,918.401,,,,,,,
1997-01-13,929.521,,,,,,,
1997-01-14,907.85,,,,,,,
1997-01-15,916.718,,,,,,,
1997-01-16,915.006,,,,,,,
1997-01-17,919.851,,,,,,,
1997-01-20,933.28,,,,,,,
1997-01-21,929.113,,,,,,,
1997-01-22,942.436,,,,,,,
1997-01-23,945.8,,,,,,,
1997-01-24,953.918,,,,,,,
1997-01-27,959.057,,,,,,,
1997-01-28,956.311,,,,,,,
1997-01-29,962.102,,,,,,,
1997-01-30,960.171,,,,,,,
1997-01-31,964.742,,,,,,,
1997-02-17,982.404,,,,,,,
1997-02-18,894.847,,,,,,,
1997-02-19,962.691,,,,,,,
1997-02-20,965.082,,,,,,,
1997-02-21,1017.131,,,,,,,
1997-02-24,1009.564,,,,,,,
1997-02-25,1017.958,,,,,,,
1997-02-26,1031.514,,,,,,,
1997-02-27,1025.3,,,,,,,
1997-02-28,1040.273,,,,,,,
1997-03-03,1063.045,,,,,,,
1997-03-04,1068.163,,,,,,,
1997-03-05,1052.147,,,,,,,
1997-03-06,1079.134,,,,,,,
1997-03-07,1077.72,,,,,,,
1997-03-10,1099.679,,,,,,,
1997-03-11,1109.733,,,,,,,
1997-03-12,1126.162,,,,,,,
1997-03-13,1117.281,,,,,,,
1997-03-14,1125.8,,,,,,,
1997-03-17,1158.476,,,,,,,
1997-03-18,1162.634,,,,,,,
1997-03-19,1161.265,,,,,,,
1997-03-20,1120.719,,,,,,,
1997-03-21,1167.168,,,,,,,
1997-03-24,1191.732,,,,,,,
1997-03-25,1197.844,,,,,,,
1997-03-26,1215.308,,,,,,,
1997-03-27,1214.257,,,,,,,
1997-03-28,1202.668,,,,,,,
1997-03-31,1234.617,,,,,,,
1997-04-01,1241.028,,,,,,,
1997-04-02,1233.847,,,,,,,
1997-04-03,1246.03,,,,,,,
1997-04-04,1260.963,,,,,,,
1997-04-07,1276.409,,,,,,,
1997-04-08,1247.264,,,,,,,
1997-04-09,1286.849,,,,,,,
1997-04-10,1281.891,,,,,,,
1997-04-11,1278.525,,,,,,,
1997-04-14,1316.92,,,,,,,
1997-04-15,1324.956,,,,,,,
1997-04-16,1327.784,,,,,,,
1997-04-17,1323.369,,,,,,,
1997-04-18,1338.033,,,,,,,
1997-04-21,1362.075,,,,,,,
1997-04-22,1365.497,,,,,,,
1997-04-23,1378.842,,,,,,,
1997-04-24,1380.281,,,,,,,
1997-04-25,1364.975,,,,,,,
1997-04-28,1351.997,,,,,,,
1997-04-29,1376.77,,,,,,,
1997-04-30,1393.749,,,,,,,
1997-05-05,1448.926,,,,,,,
1997-05-06,1482.993,,,,,,,
1997-05-07,1495.457,,,,,,,
1997-05-08,1405.184,,,,,,,
1997-05-09,1467.227,,,,,,,
1997-05-12,1500.398,,,,,,,
1997-05-13,1464.282,,,,,,,
1997-05-14,1379.22,,,,,,,
1997-05-15,1417.674,,,,,,,
1997-05-16,1315.921,,,,,,,
1997-05-19,1344.611,,,,,,,
1997-05-20,1381.115,,,,,,,
1997-05-21,1354.882,,,,,,,
1997-05-22,1235.223,,,,,,,
1997-05-23,1254.266,,,,,,,
1997-05-26,1251.551,,,,,,,
1997-05-27,1281.744,,,,,,,
1997-05-28,1270.351,,,,,,,
1997-05-29,1263.349,,,,,,,
1997-05-30,1285.182,,,,,,,
1997-06-02,1336.283,,,,,,,
1997-06-03,1338.756,,,,,,,
1997-06-04,1361.186,,,,,,,
1997-06-05,1360.232,,,,,,,
1997-06-06,1275.304,,,,,,,
1997-06-09,1274.92,,,,,,,
1997-06-10,1241.742,,,,,,,
1997-06-11,1220.395,,,,,,,
1997-06-12,1212.766,,,,,,,
1997-06-13,1243.979,,,,,,,
1997-06-16,1261.466,,,,,,,
1997-06-17,1245.934,,,,,,,
1997-06-18,1232.68,,,,,,,
1997-06-19,1230.74,,,,,,,
1997-06-20,1291.199,,,,,,,
1997-06-23,1283.495,,,,,,,
1997-06-24,1303.928,,,,,,,
1997-06-25,1297.592,,,,,,,
1997-06-26,1284.459,,,,,,,
1997-06-27,1250.272,,,,,,,
1997-07-02,1199.061,,,,,,,
1997-07-03,1150.623,,,,,,,
1997-07-04,1159.342,,,,,,,
1997-07-07,1096.819,,,,,,,
1997-07-08,1109.666,,,,,,,
1997-07-09,1120.841,,,,,,,
1997-07-10,1120.154,,,,,,,
1997-07-11,1154.794,,,,,,,
1997-07-14,1185.72,,,,,,,
1997-07-15,1200.114,,,,,,,
1997-07-16,1190.826,,,,,,,
1997-07-17,1197.226,,,,,,,
1997-07-18,1209.857,,,,,,,
1997-07-21,1193.525,,,,,,,
1997-07-22,1208.248,,,,,,,
1997-07-23,1198.861,,,,,,,
1997-07-24,1174.217,,,,,,,
1997-07-25,1170.862,,,,,,,
1997-07-28,1141.777,,,,,,,
1997-07-29,1153.229,,,,,,,
1997-07-30,1179.421,,,,,,,
1997-07-31,1189.76,,,,,,,
1997-08-01,1192.828,,,,,,,
1997-08-04,1200.333,,,,,,,
1997-08-05,1196.274,,,,,,,
1997-08-06,1171.941,,,,,,,
1997-08-07,1199.24,,,,,,,
1997-08-08,1206.053,,,,,,,
1997-08-11,1184.083,,,,,,,
1997-08-12,1146.809,,,,,,,
1997-08-13,1120.127,,,,,,,
1997-08-14,1168.113,,,,,,,
1997-08-15,1143.064,,,,,,,
1997-08-18,1134.634,,,,,,,
1997-08-19,1132.905,,,,,,,
1997-08-20,1144.639,,,,,,,
1997-08-21,1164.545,,,,,,,
1997-08-22,1171.833,,,,,,,
1997-08-25,1184.096,,,,,,,
1997-08-26,1194.043,,,,,,,
1997-08-27,1198.513,,,,,,,
1997-08-28,1213.892,,,,,,,
1997-08-29,1221.064,,,,,,,
1997-09-01,1229.865,,,,,,,
1997-09-02,1226.303,,,,,,,
1997-09-03,1240.82,,,,,,,
1997-09-04,1251.298,,,,,,,
1997-09-05,1251.55,,,,,,,
1997-09-08,1255.229,,,,,,,
1997-09-09,1231.027,,,,,,,
1997-09-10,1256.041,,,,,,,
1997-09-11,1242.713,,,,,,,
1997-09-12,1208.697,,,,,,,
1997-09-15,1179.286,,,,,,,
1997-09-16,1187.22,,,,,,,
1997-09-17,1167.557,,,,,,,
1997-09-18,1172.366,,,,,,,
1997-09-19,1184.521,,,,,,,
1997-09-22,1103.974,,,,,,,
1997-09-23,1041.965,,,,,,,
1997-09-24,1110.012,,,,,,,
1997-09-25,1117.01,,,,,,,
1997-09-26,1109.634,,,,,,,
1997-09-29,1084.072,,,,,,,
1997-09-30,1097.383,,,,,,,
1997-10-06,1098.903,,,,,,,
1997-10-07,1102.573,,,,,,,
1997-10-08,1134.868,,,,,,,
1997-10-09,1122.466,,,,,,,
1997-10-10,1130.785,,,,,,,
1997-10-13,1119.817,,,,,,,
1997-10-14,1117.928,,,,,,,
1997-10-15,1125.782,,,,,,,
1997-10-16,1150.307,,,,,,,
1997-10-17,1176.489,,,,,,,
1997-10-20,1187.368,,,,,,,
1997-10-21,1191.87,,,,,,,
1997-10-22,1177.52,,,,,,,
1997-10-23,1173.364,,,,,,,
1997-10-24,1178.306,,,,,,,
1997-10-27,1235.827,,,,,,,
1997-10-28,1177.924,,,,,,,
1997-10-29,1184.086,,,,,,,
1997-10-30,1174.846,,,,,,,
1997-10-31,1180.393,,,,,,,
1997-11-03,1180.854,,,,,,,
1997-11-04,1184.7,,,,,,,
1997-11-05,1194.038,,,,,,,
1997-11-06,1181.123,,,,,,,
1997-11-07,1195.141,,,,,,,
1997-11-10,1185.784,,,,,,,
1997-11-11,1186.634,,,,,,,
1997-11-12,1174.189,,,,,,,
1997-11-13,1185.024,,,,,,,
1997-11-14,1197.832,,,,,,,
1997-11-17,1191.333,,,,,,,
1997-11-18,1183.349,,,,,,,
1997-11-19,1181.627,,,,,,,
1997-11-20,1172.427,,,,,,,
1997-11-21,1158.555,,,,,,,
1997-11-24,1124.941,,,,,,,
1997-11-25,1125.528,,,,,,,
1997-11-26,1143.818,,,,,,,
1997-11-27,1122.516,,,,,,,
1997-11-28,1139.628,,,,,,,
1997-12-01,1133.087,,,,,,,
1997-12-02,1130.167,,,,,,,
1997-12-03,1122.546,,,,,,,
1997-12-04,1135.873,,,,,,,
1997-12-05,1136.204,,,,,,,
1997-12-08,1139.364,,,,,,,
1997-12-09,1148.171,,,,,,,
1997-12-10,1157.842,,,,,,,
1997-12-11,1159.169,,,,,,,
1997-12-12,1153.84,,,,,,,
1997-12-15,1168.026,,,,,,,
1997-12-16,1174.802,,,,,,,
1997-12-17,1146.522,,,,,,,
1997-12-18,1154.166,,,,,,,
1997-12-19,1160.768,,,,,,,
1997-12-22,1169.007,,,,,,,
1997-12-23,1171.254,,,,,,,
1997-12-24,1169.664,,,,,,,
1997-12-25,1181.278,,,,,,,
1997-12-26,1191.919,,,,,,,
1997-12-29,1186.606,,,,,,,
1997-12-30,1181.143,,,,,,,
1997-12-31,1194.102,,,,,,,
1998-01-05,1220.473,,,,,,,
1998-01-06,1233.62,,,,,,,
1998-01-07,1244.07,,,,,,,
1998-01-08,1237.164,,,,,,,
1998-01-09,1239.901,,,,,,,
1998-01-12,1226.966,,,,,,,
1998-01-13,1167.647,,,,,,,
1998-01-14,1202.215,,,,,,,
1998-01-15,1215.431,,,,,,,
1998-01-16,1213.962,,,,,,,
1998-01-19,1213.129,,,,,,,
1998-01-20,1203.715,,,,,,,
1998-01-21,1200.203,,,,,,,
1998-01-22,1204.43,,,,,,,
1998-01-23,1222.913,,,,,,,
1998-02-09,1248.04,,,,,,,
1998-02-10,1236.513,,,,,,,
1998-02-11,1250.238,,,,,,,
1998-02-12,1246.295,,,,,,,
1998-02-13,1245.911,,,,,,,
1998-02-16,1236.236,,,,,,,
1998-02-17,1238.5,,,,,,,
1998-02-18,1229.831,,,,,,,
1998-02-19,1232.584,,,,,,,
1998-02-20,1226.02,,,,,,,
1998-02-23,1208.603,,,,,,,
1998-02-24,1208.218,,,,,,,
1998-02-25,1194.673,,,,,,,
1998-02-26,1206.674,,,,,,,
1998-02-27,1206.53,,,,,,,
1998-03-02,1188.306,,,,,,,
1998-03-03,1201.789,,,,,,,
1998-03-04,1213.253,,,,,,,
1998-03-05,1207.541,,,,,,,
1998-03-06,1206.452,,,,,,,
1998-03-09,1200.834,,,,,,,
1998-03-10,1199.832,,,,,,,
1998-03-11,1190.037,,,,,,,
1998-03-12,1178.97,,,,,,,
1998-03-13,1184.961,,,,,,,
1998-03-16,1188.482,,,,,,,
1998-03-17,1202.835,,,,,,,
1998-03-18,1193.909,,,,,,,
1998-03-19,1188.715,,,,,,,
1998-03-20,1187.501,,,,,,,
1998-03-23,1179.869,,,,,,,
1998-03-24,1194.017,,,,,,,
1998-03-25,1191.553,,,,,,,
1998-03-26,1188.865,,,,,,,
1998-03-27,1223.565,,,,,,40.0,40.0
1998-03-30,1249.435,,,,,,,
1998-03-31,1243.016,,,,,,,
1998-04-01,1254.965,,,,,,,
1998-04-02,1269.015,,,,,,,
1998-04-03,1286.084,,,,,,,
1998-04-06,1306.378,,,,,,,
1998-04-07,1303.14,,,,,,,
1998-04-08,1322.793,,,,,,,
1998-04-09,1297.225,,,,,,,
1998-04-10,1311.514,,,,,,,
1998-04-13,1318.748,,,,,,,
1998-04-14,1313.721,,,,,,,
1998-04-15,1324.707,,,,,,,
1998-04-16,1316.246,,,,,,,
1998-04-17,1298.107,,,,,,,
1998-04-20,1296.005,,,,,,,
1998-04-21,1305.223,,,,,,,
1998-04-22,1332.182,,,,,,,
1998-04-23,1324.559,,,,,,,
1998-04-24,1315.167,,,,,,,
1998-04-27,1310.378,,,,,,,
1998-04-28,1332.99,,,,,,20.0,20.0
1998-04-29,1332.499,,,,,,,
1998-04-30,1343.448,,,,,,,
1998-05-04,1352.926,,,,,,,
1998-05-05,1352.52,,,,,,,
1998-05-06,1348.412,,,,,,,
1998-05-07,1327.873,,,,,,,
1998-05-08,1357.595,,,,,,,
1998-05-11,1354.606,,,,,,,
1998-05-12,1349.649,,,,,,,
1998-05-13,1369.262,,,,,,,
1998-05-14,1367.127,,,,,,,
1998-05-15,1368.087,,,,,,,
1998-05-18,1368.183,,,,,,,
1998-05-19,1362.292,,,,,,,
1998-05-20,1357.431,,,,,,,
1998-05-21,1366.656,,,,,,,
1998-05-22,1375.817,,,,,,,
1998-05-25,1389.366,,,,,,,
1998-05-26,1390.416,,,,,,,
1998-05-27,1399.542,,,,,,,
1998-05-28,1397.895,,,,,,,
1998-05-29,1411.206,,,,,,,
1998-06-01,1415.575,,,,,,,
1998-06-02,1413.08,,,,,,,
1998-06-03,1420.0,,,,,,,
1998-06-04,1406.303,,,,,,,
1998-06-05,1408.614,,,,,,,
1998-06-08,1403.73,,,,,,,
1998-06-09,1369.65,,,,,,,
1998-06-10,1368.297,,,,,,,
1998-06-11,1347.677,,,,,,,
1998-06-12,1383.388,,,,,,,
1998-06-15,1365.341,,,,,,,
1998-06-16,1348.588,,,,,,,
1998-06-17,1348.942,,,,,,,
1998-06-18,1370.685,,,,,,,
1998-06-19,1392.878,,,,,,,
1998-06-22,1399.356,,,,,,20.0,20.0
1998-06-23,1397.956,,,,,,,
1998-06-24,1401.742,,,,,,,
1998-06-25,1382.036,,,,,,,
1998-06-26,1385.618,,,,,,,
1998-06-29,1361.432,,,,,,,
1998-06-30,1339.202,,,,,,,
1998-07-01,1316.441,,,,,,,
1998-07-02,1331.65,,,,,,,
1998-07-03,1335.125,,,,,,,
1998-07-06,1315.283,,,,,,,
1998-07-07,1324.4,,,,,,,
1998-07-08,1338.984,,,,,,,
1998-07-09,1343.232,,,,,,,
1998-07-10,1360.619,,,,,,,
1998-07-13,1358.813,,,,,,,
1998-07-14,1336.558,,,,,,,
1998-07-15,1335.466,,,,,,,
1998-07-16,1325.633,,,,,,,
1998-07-17,1314.715,,,,,,,
1998-07-20,1287.073,,,,,,,
1998-07-21,1313.01,,,,,,,
1998-07-22,1299.148,,,,,,,
1998-07-23,1316.271,,,,,,,
1998-07-24,1326.821,,,,,,,
1998-07-27,1321.899,,,,,,,
1998-07-28,1317.946,,,,,,,
1998-07-29,1311.94,,,,,,,
1998-07-30,1315.302,,,,,,,
1998-07-31,1316.919,,,,,,,
1998-08-03,1302.102,,,,,,,
1998-08-04,1293.457,,,,,,,
1998-08-05,1307.44,,,,,,,
1998-08-06,1294.162,,,,,,,
1998-08-07,1271.069,,,,,,,
1998-08-10,1234.581,,,,,,,
1998-08-11,1207.672,,,,,,,
1998-08-12,1190.554,,,,,,,
1998-08-13,1204.18,,,,,,,
1998-08-14,1168.026,,,,,,,
1998-08-17,1070.41,,,,,,,
1998-08-18,1071.3,,,,,,,
1998-08-19,1126.081,,,,,,,
1998-08-20,1149.907,,,,,,,
1998-08-21,1177.623,,,,,,,
1998-08-24,1178.554,,,,,,,
1998-08-25,1179.066,,,,,,,
1998-08-26,1160.288,,,,,,,
1998-08-27,1145.216,,,,,,,
1998-08-28,1129.722,,,,,,,
1998-08-31,1150.223,,,,,,,
1998-09-01,1143.125,,,,,,,
1998-09-02,1136.89,,,,,,,
1998-09-03,1147.197,,,,,,,
1998-09-04,1163.527,,,,,,,
1998-09-07,1178.375,,,,,,,
1998-09-08,1167.597,,,,,,,
1998-09-09,1190.683,,,,,,,
1998-09-10,1213.674,,,,,,,
1998-09-11,1218.005,,,,,,,
1998-09-14,1239.605,,,,,,,
1998-09-15,1230.126,,,,,,,
1998-09-16,1252.138,,,,,,,
1998-09-17,1233.703,,,,,,,
1998-09-18,1207.001,,,,,,,
1998-09-21,1222.379,,,,,,,
1998-09-22,1222.634,,,,,,,
1998-09-23,1229.862,,,,,,,
1998-09-24,1199.061,,,,,,,
1998-09-25,1221.578,,,,,,,
1998-09-28,1230.211,,,,,,,
1998-09-29,1231.747,,,,,,,
1998-09-30,1242.896,,,,,,,
1998-10-05,1234.779,,,,,,,
1998-10-06,1217.457,,,,,,,
1998-10-07,1213.785,,,,,,,
1998-10-08,1228.71,,,,,,,
1998-10-09,1236.932,,,,,,,
1998-10-12,1247.146,,,,,,,
1998-10-13,1244.068,,,,,,,
1998-10-14,1240.595,,,,,,,
1998-10-15,1254.814,,,,,,,
1998-10-16,1251.525,,,,,,,
1998-10-19,1246.236,,,,,,,
1998-10-20,1243.645,,,,,,,
1998-10-21,1207.825,,,,,,,
1998-10-22,1216.094,,,,,,,
1998-10-23,1217.429,,,,,,,
1998-10-26,1208.266,,,,,,,
1998-10-27,1216.788,,,,,,,
1998-10-28,1225.929,,,,,,,
1998-10-29,1216.76,,,,,,,
1998-10-30,1217.316,,,,,,,
1998-11-02,1223.478,,,,,,,
1998-11-03,1236.872,,,,,,,
1998-11-04,1235.804,,,,,,,
1998-11-05,1253.275,,,,,,,
1998-11-06,1259.765,,,,,,,
1998-11-09,1283.121,,,,,,,
1998-11-10,1286.559,,,,,,,
1998-11-11,1286.199,,,,,,,
1998-11-12,1282.988,,,,,,,
1998-11-13,1282.508,,,,,,,
1998-11-16,1293.743,,,,,,,
1998-11-17,1290.595,,,,,,,
1998-11-18,1285.503,,,,,,,
1998-11-19,1275.607,,,,,,,
1998-11-20,1275.374,,,,,,,
1998-11-23,1273.785,,,,,,,
1998-11-24,1278.916,,,,,,,
1998-11-25,1263.85,,,,,,,
1998-11-26,1252.818,,,,,,,
1998-11-27,1245.081,,,,,,,
1998-11-30,1247.417,,,,,,,
1998-12-01,1234.358,,,,,,,
1998-12-02,1236.969,,,,,,,
1998-12-03,1232.506,,,,,,,
1998-12-04,1219.196,,,,,,,
1998-12-07,1209.541,,,,,,,
1998-12-08,1223.258,,,,,,,
1998-12-09,1224.087,,,,,,,
1998-12-10,1204.635,,,,,,,
1998-12-11,1214.21,,,,,,,
1998-12-14,1196.296,,,,,,,
1998-12-15,1194.844,,,,,,,
1998-12-16,1183.062,,,,,,,
1998-12-17,1160.09,,,,,,,
1998-12-18,1155.92,,,,,,,
1998-12-21,1154.428,,,,,,,
1998-12-22,1185.966,,,,,,,
1998-12-23,1172.512,,,,,,,
1998-12-24,1168.981,,,,,,,
1998-12-25,1173.913,,,,,,,
1998-12-28,1159.937,,,,,,,
1998-12-29,1142.729,,,,,,,
1998-12-30,1148.264,,,,,,,
1998-12-31,1146.7,,,,,,,
1999-01-04,1125.819,,,,,,,
1999-01-05,1119.965,,,,,,,
1999-01-06,1132.59,,,,,,20.0,20.0
1999-01-07,1137.729,,,,,,,
1999-01-08,1168.814,,,,,,,
1999-01-11,1172.813,,,,,,,
1999-01-12,1158.868,,,,,,,
1999-01-13,1148.154,,,,,,,
1999-01-14,1148.655,,,,,,,
1999-01-15,1137.309,,,,,,,
1999-01-18,1153.119,,,,,,,
1999-01-19,1158.551,,,,,,,
1999-01-20,1151.374,,,,,,,
1999-01-21,1158.499,,,,,,,
1999-01-22,1162.35,,,,,,,
1999-01-25,1148.123,,,,,,,
1999-01-26,1138.21,,,,,,,
1999-01-27,1146.493,,,,,,,
1999-01-28,1140.975,,,,,,,
1999-01-29,1134.673,,,,,,,
1999-02-01,1120.531,,,,,,,
1999-02-02,1126.404,,,,,,,
1999-02-03,1116.865,,,,,,,
1999-02-04,1103.497,,,,,,,
1999-02-05,1081.442,,,,,,,
1999-02-08,1065.816,,,,,,,
1999-02-09,1090.087,,,,,,,
1999-03-01,1097.975,,,,,,,
1999-03-02,1100.919,,,,,,,
1999-03-03,1128.736,,,,,,,
1999-03-04,1128.954,,,,,,,
1999-03-05,1132.357,,,,,,,
1999-03-08,1142.107,,,,,,,
1999-03-09,1136.941,,,,,,,
1999-03-10,1132.736,,,,,,,
1999-03-11,1149.925,,,,,,,
1999-03-12,1158.702,,,,,,,
1999-03-15,1164.639,,,,,,,
1999-03-16,1166.93,,,,,,,
1999-03-17,1159.096,,,,,,,
1999-03-18,1151.991,,,,,,,
1999-03-19,1172.933,,,,,,,
1999-03-22,1172.743,,,,,,,
1999-03-23,1170.949,,,,,,,
1999-03-24,1169.034,,,,,,,
1999-03-25,1156.854,,,,,,,
1999-03-26,1161.12,,,,,,,
1999-03-29,1169.489,,,,,,,
1999-03-30,1157.507,,,,,,,
1999-03-31,1158.054,,,,,,,
1999-04-01,1168.504,,,,,,,
1999-04-02,1184.402,,,,,,,
1999-04-05,1194.469,,,,,,,
1999-04-06,1199.6,,,,,,,
1999-04-07,1201.634,,,,,,,
1999-04-08,1202.469,,,,,,40.0,40.0
1999-04-09,1205.139,,,,,,,
1999-04-12,1195.337,,,,,,,
1999-04-13,1178.192,,,,,,,
1999-04-14,1181.517,,,,,,,
1999-04-15,1170.616,,,,,,,
1999-04-16,1166.237,,,,,,,
1999-04-19,1159.473,,,,,,,
1999-04-20,1171.603,,,,,,,
1999-04-21,1144.065,,,,,,,
1999-04-22,1137.162,,,,,,,
1999-04-23,1139.997,,,,,,,
1999-04-26,1112.791,,,,,,,
1999-04-27,1091.695,,,,,,,
1999-04-28,1091.089,,,,,,,
1999-04-29,1116.405,,,,,,,
1999-04-30,1120.927,,,,,,,
1999-05-04,1111.757,,,,,,20.0,20.0
1999-05-05,1116.932,,,,,,,
1999-05-06,1128.224,,,,,,,
1999-05-07,1120.738,,,,,,,
1999-05-10,1071.927,,,,,,20.0,20.0
1999-05-11,1095.402,,,,,,,
1999-05-12,1099.996,,,,,,,
1999-05-13,1088.863,,,,,,,
1999-05-14,1063.277,,,,,,,
1999-05-17,1065.557,,,,,,,
1999-05-18,1059.874,,,,,,,
1999-05-19,1109.089,,,,,,,
1999-05-20,1147.707,,,,,,,
1999-05-21,1168.72,,,,,,,
1999-05-24,1213.654,,,,,,,
1999-05-25,1202.885,,,,,,,
1999-05-26,1236.046,,,,,,,
1999-05-27,1283.02,,,,,,,
1999-05-28,1277.15,,,,,,,
1999-05-31,1279.326,,,,,,,
1999-06-01,1311.594,,,,,,,
1999-06-02,1287.931,,,,,,,
1999-06-03,1268.324,,,,,,,
1999-06-04,1285.579,,,,,,,
1999-06-07,1326.518,,,,,,,
1999-06-08,1333.644,,,,,,,
1999-06-09,1348.606,,,,,,,
1999-06-10,1364.345,,,,,,,
1999-06-11,1370.39,,,,,,,
1999-06-14,1427.707,,,,,,,
1999-06-15,1387.592,,,,,,60.0,60.0
1999-06-16,1460.168,,,,,,,
1999-06-17,1501.007,,,,,,,
1999-06-18,1498.915,,,,,,,
1999-06-21,1546.408,,,,,,,
1999-06-22,1564.444,,,,,,,
1999-06-23,1606.5,,,,,,,
1999-06-24,1654.11,,,,,,,
1999-06-25,1593.859,,,,,,,
1999-06-28,1693.16,,,,,,,
1999-06-29,1739.205,,,,,,,
1999-06-30,1689.428,,,,,,,
1999-07-01,1560.787,,,,,,,
1999-07-02,1613.533,,,,,,,
1999-07-05,1581.819,,,,,,,
1999-07-06,1517.253,,,,,,,
1999-07-07,1568.652,,,,,,,
1999-07-08,1577.987,,,,,,,
1999-07-09,1584.75,,,,,,,
1999-07-12,1559.732,,,,,,8.4209,8.4209
1999-07-13,1524.821,,,,,,,
1999-07-14,1559.52,,,,,,60.0,60.0
1999-07-15,1549.336,,,,,,,
1999-07-16,1519.741,,,,,,,
1999-07-19,1479.076,,,,,,,
1999-07-20,1574.603,,,,,,,
1999-07-21,1609.811,,,,,,,
1999-07-22,1550.73,,,,,,,
1999-07-23,1585.98,,,,,,,
1999-07-26,1602.031,,,,,,,
1999-07-27,1590.713,,,,,,,
1999-07-28,1597.199,,,,,,,
1999-07-29,1595.86,,,,,,,
1999-07-30,1601.459,,,,,,,
1999-08-02,1616.276,,,,,,,
1999-08-03,1626.841,,,,,,,
1999-08-04,1649.128,,,,,,,
1999-08-05,1653.537,,,,,,,
1999-08-06,1646.593,,,,,,,
1999-08-09,1628.836,,,,,,,
1999-08-10,1602.147,,,,,,,
1999-08-11,1583.401,,,,,,,
1999-08-12,1575.642,,,,,,,
1999-08-13,1571.901,,,,,,,
1999-08-16,1560.068,,,,,,,
1999-08-17,1576.405,,,,,,,
1999-08-18,1581.929,,,,,,,
1999-08-19,1637.743,,,,,,,
1999-08-20,1628.934,,,,,,,
1999-08-23,1644.999,,,,,,,
1999-08-24,1648.469,,,,,,,
1999-08-25,1625.765,,,,,,30.0,30.0
1999-08-26,1638.233,,,,,,,
1999-08-27,1633.9,,,,,,,
1999-08-30,1619.039,,,,,,,
1999-08-31,1627.116,,,,,,,
1999-09-01,1599.552,,,,,,,
1999-09-02,1611.958,,,,,,,
1999-09-03,1587.887,,,,,,,
1999-09-06,1560.678,,,,,,,
1999-09-07,1562.794,,,,,,,
1999-09-08,1571.598,,,,,,,
1999-09-09,1675.122,,,,,,,
1999-09-10,1659.929,,,,,,,
1999-09-13,1670.143,,,,,,,
1999-09-14,1672.892,,,,,,,
1999-09-15,1662.803,,,,,,,
1999-09-16,1645.511,,,,,,,
1999-09-17,1648.558,,,,,,,
1999-09-20,1633.835,,,,,,,
1999-09-21,1625.588,,,,,,,
1999-09-22,1617.057,,,,,,,
1999-09-23,1604.203,,,,,,,
1999-09-24,1619.326,,,,,,,
1999-09-27,1602.158,,,,,,,
1999-09-28,1591.432,,,,,,,
1999-09-29,1584.954,,,,,,,
1999-09-30,1570.702,,,,,,,
1999-10-08,1534.515,,,,,,,
1999-10-11,1522.48,,,,,,,
1999-10-12,1537.796,,,,,,,
1999-10-13,1507.422,,,,,,,
1999-10-14,1508.726,,,,,,,
1999-10-15,1543.798,,,,,,,
1999-10-18,1501.665,,,,,,,
1999-10-19,1470.9,,,,,,,
1999-10-20,1485.827,,,,,,,
1999-10-21,1458.53,,,,,,30.0,30.0
1999-10-22,1497.462,,,,,,,
1999-10-25,1468.266,,,,,,,
1999-10-26,1482.667,,,,,,,
1999-10-27,1536.821,,,,,,,
1999-10-28,1514.525,,,,,,,
1999-10-29,1504.563,,,,,,2.0,2.0
1999-11-01,1493.096,,,,,,,
1999-11-02,1487.469,,,,,,,
1999-11-03,1475.684,,,,,,,
1999-11-04,1464.828,,,,,,,
1999-11-05,1465.232,,,,,,30.0,30.0
1999-11-08,1471.375,,,,,,,
1999-11-09,1464.03,,,,,,,
1999-11-10,1450.152,,,,,,,
1999-11-11,1443.905,,,,,,,
1999-11-12,1450.327,,,,,,,
1999-11-15,1451.536,,,,,,,
1999-11-16,1431.319,,,,,,,
1999-11-17,1462.79,,,,,,,
1999-11-18,1482.452,,,,,,,
1999-11-19,1468.472,,,,,,,
1999-11-22,1464.588,,,,,,,
1999-11-23,1466.434,,,,,,,
1999-11-24,1454.578,,,,,,,
1999-11-25,1444.241,,,,,,,
1999-11-26,1444.513,,,,,,,
1999-11-29,1435.468,,,,,,,
1999-11-30,1434.973,,,,,,,
1999-12-01,1447.116,,,,,,,
1999-12-02,1435.837,,,,,,,
1999-12-03,1437.233,,,,,,,
1999-12-06,1426.995,,,,,,,
1999-12-07,1428.261,,,,,,,
1999-12-08,1424.848,,,,,,,
1999-12-09,1416.726,,,,,,,
1999-12-10,1428.939,,,,,,,
1999-12-13,1417.107,,,,,,,
1999-12-14,1422.263,,,,,,,
1999-12-15,1451.057,,,,,,,
1999-12-16,1434.867,,,,,,,
1999-12-17,1419.551,,,,,,,
1999-12-21,1395.497,,,,,,,
1999-12-22,1387.51,,,,,,,
1999-12-23,1369.461,,,,,,,
1999-12-24,1355.367,,,,,,,
1999-12-27,1345.352,,,,,,,
1999-12-28,1348.821,,,,,,,
1999-12-29,1356.926,,,,,,,
1999-12-30,1366.58,,,,,,60.0,60.0
2000-01-04,1406.371,48.782600402832,,,51.83897919,2.91172123,,
2000-01-05,1409.682,48.9393005371094,,,81.37326105,0.23542863,,
2000-01-06,1463.942,50.8162002563477,,,95.20842349,3.84909504,,
2000-01-07,1516.604,52.9230003356934,,,194.87194485,3.59727366,,
2000-01-10,1545.112,53.5964012145996,,,187.79112481,1.87972602,,
2000-01-11,1479.781,51.3026008605957,,,157.7174915,-4.22823718,,
2000-01-12,1438.02,49.855598449707,,,126.56691091,-2.82210678,,
2000-01-13,1424.442,49.4634017944336,,,74.68732839,-0.94421496,,
2000-01-14,1408.848,49.2033004760742,,,62.56399467,-1.09474447,,
2000-01-17,1433.33,49.747501373291,,,62.90278052,1.73773182,,
2000-01-18,1426.623,49.5041999816895,,,70.72430996,-0.46793132,,
2000-01-19,1440.724,49.9607009887695,,,64.93590019,0.9884181,,
2000-01-20,1466.863,50.8703002929688,,,88.75430174,1.81429615,,
2000-01-21,1465.085,51.0730018615723,,,137.43475501,-0.12121105,,
2000-01-24,1477.344,51.1599006652832,,,146.06044275,0.83674326,,
2000-01-25,1476.506,50.9748001098633,,,129.96698663,-0.05672342,,
2000-01-26,1481.117,51.0477981567383,,,95.77442403,0.31229131,,
2000-01-27,1506.767,51.8516998291016,,,159.92564469,1.73180107,,
2000-01-28,1534.997,52.9903984069824,,,207.09479516,1.8735478,,
2000-02-14,1673.943,57.4292984008789,,,231.57620808,9.05187437,,
2000-02-15,1670.67,57.1386985778809,,,349.25487573,-0.19552637,,
2000-02-16,1693.109,57.8152008056641,,,340.09003014,1.34311384,,
2000-02-17,1640.649,56.1050987243652,,,472.6217114,-3.09844198,,
2000-02-18,1668.091,57.2528991699219,,,258.42490034,1.67263077,,
2000-02-21,1677.136,57.2481002807617,,,326.15791398,0.5422366,,
2000-02-22,1632.294,55.6867980957031,,,261.78823206,-2.67372473,,
2000-02-23,1594.93,54.462100982666,,,185.77262975,-2.28904842,,
2000-02-24,1634.309,55.7234001159668,,,147.62155773,2.46901118,,
2000-02-25,1631.576,55.9197998046875,,,185.04670829,-0.16722664,,
2000-02-28,1704.855,57.9355010986328,,,244.22228681,4.49130166,,
2000-02-29,1714.578,58.0453987121582,,,321.96007876,0.57031243,,
2000-03-01,1697.744,57.4468002319336,,,238.73891116,-0.98181593,,
2000-03-02,1713.014,57.9194984436035,,,203.52633528,0.89942889,,
2000-03-03,1738.021,59.0895004272461,,,257.67592248,1.45982461,,
2000-03-06,1681.085,56.7024002075195,,,266.14912081,-3.27590978,,
2000-03-07,1694.798,57.2169990539551,,,164.39373751,0.81572318,,
2000-03-08,1726.033,58.2071990966797,,,172.18283311,1.8429925,,
2000-03-09,1732.346,58.2891998291016,,,186.04743122,0.36575199,,
2000-03-10,1705.049,57.5670013427734,,,163.9399137,-1.57572448,,
2000-03-13,1728.875,56.9665985107422,,,128.82605992,1.3973792,,
2000-03-14,1685.347,55.4897994995117,,,186.61145444,-2.5177066,,
2000-03-15,1681.471,55.5178985595703,,,156.95372102,-0.22998231,,
2000-03-16,1607.527,53.1048011779785,,,136.37411551,-4.39757807,,
2000-03-17,1658.601,54.9873008728027,,,138.9145757,3.17717836,,
2000-03-20,1699.248,56.1143989562988,,,172.19843223,2.45067982,,
2000-03-21,1710.324,56.5097999572754,,,176.35837072,0.65181775,,
2000-03-22,1720.446,56.668399810791,,,168.86303609,0.59181769,,
2000-03-23,1747.241,57.5293998718262,,,174.34438387,1.55744499,,
2000-03-24,1730.499,57.2990989685059,,,226.07366636,-0.95819638,,
2000-03-27,1775.914,57.839298248291,,,201.03074439,2.62438753,2.0,2.0
2000-03-28,1791.441,58.2317008972168,,,223.88465413,0.87431036,,
2000-03-29,1788.807,58.2683982849121,,,192.40343167,-0.14703247,,
2000-03-30,1810.984,59.0309982299805,,,180.11624777,1.23976483,,
2000-03-31,1800.225,59.0161018371582,,,185.52252287,-0.59409691,,
2000-04-03,1801.003,58.7839012145996,,,179.21349214,0.04321682,,
2000-04-04,1760.692,57.4398994445801,,,148.3291847,-2.2382528,,
2000-04-05,1771.199,57.8983993530273,,,121.64237566,0.596754,,
2000-04-06,1809.141,59.1771011352539,,,144.6755694,2.14216471,,
2000-04-07,1819.896,59.7037010192871,,,156.83968192,0.59448103,,
2000-04-10,1826.061,59.6316986083984,,,161.91766614,0.33875562,,
2000-04-11,1821.174,58.9775009155273,,,143.30834526,-0.26762523,,
2000-04-12,1807.328,59.1244010925293,,,126.73772436,-0.76027881,,
2000-04-13,1831.548,60.2484016418457,,,149.57163058,1.34009986,,
2000-04-14,1833.665,61.2974014282227,,,167.8906693,0.11558529,,
2000-04-17,1795.058,60.3031997680664,,,180.06789902,-2.10545547,,
2000-04-18,1813.495,61.0643005371094,,,125.63870583,1.02709773,,
2000-04-19,1828.71,61.6566009521484,,,133.17001781,0.8389877,,
2000-04-20,1847.027,64.4131011962891,,,164.62800462,1.00163503,,
2000-04-21,1841.064,64.504997253418,,,170.91940018,-0.32284314,,
2000-04-24,1837.398,64.0455017089844,,,156.28040159,-0.19912398,,
2000-04-25,1833.469,64.0351028442383,,,111.12366661,-0.213835,,
2000-04-26,1832.779,62.7402992248535,,,105.96524391,-0.03763358,2.3364,2.3364
2000-04-27,1806.83,60.5811996459961,,,122.26651955,-1.41582809,,
2000-04-28,1836.321,61.7792015075684,,,113.68103089,1.63219561,,
2000-05-08,1836.637,61.3007011413574,,,93.70446571,0.01720832,,
2000-05-09,1806.638,60.315299987793,,,94.42887821,-1.63336577,,
2000-05-10,1752.689,58.4687995910645,,,84.47192934,-2.98615439,,
2000-05-11,1724.048,57.4174995422363,,,81.41305897,-1.63411763,,
2000-05-12,1720.608,58.0834999084473,,,71.46073121,-0.19953041,,
2000-05-15,1704.587,55.7307014465332,,,66.42869064,-0.93112435,,
2000-05-16,1724.538,56.382999420166,,,53.11438709,1.17043014,,
2000-05-17,1725.398,56.3959999084473,,,53.81897611,0.04986843,,
2000-05-18,1758.537,57.4040985107422,,,78.87885857,1.92065831,,
2000-05-19,1777.828,59.8754997253418,,,101.86382594,1.09699142,,
2000-05-22,1824.736,59.5334014892578,,,152.93806571,2.63850046,,
2000-05-23,1832.075,59.8175010681152,,,125.72758659,0.40219517,,
2000-05-24,1855.493,60.540901184082,,,162.7950858,1.27822278,,
2000-05-25,1880.704,61.3813018798828,,,183.4995073,1.35872245,,
2000-05-26,1879.617,63.317798614502,,,183.1557583,-0.05779751,,
2000-05-29,1898.748,61.9415016174316,,,188.60832916,1.01781374,,
2000-05-30,1877.471,61.1674003601074,,,168.60800056,-1.12058051,,
2000-05-31,1894.554,61.7118988037109,,,162.47708354,0.90989421,,
2000-06-01,1903.488,61.9212989807129,,,154.2700554,0.47156217,,
2000-06-02,1916.25,64.4758987426758,,,174.80910338,0.6704534,,
2000-06-05,1899.092,61.7685012817383,,,214.94090822,-0.89539465,,
2000-06-06,1925.544,62.5971984863281,,,162.17410399,1.39287617,,
2000-06-07,1935.031,62.9025993347168,,,158.43602043,0.49269194,,
2000-06-08,1925.206,62.6096992492676,,,152.26676579,-0.5077438,,
2000-06-09,1900.787,63.9286994934082,,,143.53959653,-1.26838375,,
2000-06-12,1912.557,62.2136993408203,,,124.87747476,0.6192172,,
2000-06-13,1938.674,63.0848999023438,,,138.72238435,1.36555407,,
2000-06-14,1932.29,62.9113006591797,,,159.23456041,-0.32929724,,
2000-06-15,1942.285,63.2243995666504,,,140.26909881,0.5172619,,
2000-06-16,1926.944,64.7865982055664,,,145.88988165,-0.78984289,,
2000-06-19,1915.205,62.2690010070801,,,120.38242081,-0.60920297,,
2000-06-20,1895.348,61.6304016113281,,,97.52541966,-1.03680807,,
2000-06-21,1913.131,62.2005004882812,,,87.54411909,0.93824459,,
2000-06-22,1913.901,62.2444000244141,,,95.45648575,0.04024816,,
2000-06-23,1939.627,65.1595001220703,,,127.47644406,1.34416566,,
2000-06-26,1948.639,63.342399597168,,,141.3645222,0.46462542,,
2000-06-27,1942.898,63.173698425293,,,116.2869066,-0.29461588,,
2000-06-28,1947.481,63.3568992614746,,,121.12091755,0.23588475,,
2000-06-29,1937.261,63.0662002563477,,,122.64637833,-0.52478047,,
2000-06-30,1928.106,64.7944030761719,,,126.24403845,-0.47257442,,
2000-07-03,1895.637,61.6631011962891,,,119.83824358,-1.68398418,,
2000-07-04,1907.931,62.0712013244629,,,85.81330934,0.64854189,,
2000-07-05,1909.187,62.1016998291016,,,80.73743377,0.06583047,,
2000-07-06,1902.552,61.9860000610352,,,88.24960214,-0.34753013,,
2000-07-07,1932.792,65.0936965942383,,,107.42165498,1.58944407,,
2000-07-10,1948.021,63.5368003845215,,,140.7203163,0.78792752,,
2000-07-11,1960.541,63.8988990783691,,,143.91813845,0.64270354,,
2000-07-12,1973.374,64.3928985595703,,,149.06316252,0.65456422,,
2000-07-13,1979.201,64.5317993164062,,,193.50098901,0.29528108,,
2000-07-14,1987.192,66.966796875,,,163.34687399,0.40374879,,
2000-07-17,1982.479,64.402702331543,,,156.61437203,-0.23716883,,
2000-07-18,1993.986,64.6120986938477,,,110.80578748,0.5804349,,
2000-07-19,1998.426,64.5553970336914,,,126.85114022,0.22266957,,
2000-07-20,1991.56,64.2108001708984,,,129.97399525,-0.34357039,,
2000-07-21,1996.336,66.3134994506836,,,108.09192538,0.23981201,,
2000-07-24,1989.239,63.9757995605469,,,113.90178883,-0.35550128,,
2000-07-25,1996.577,64.1115036010742,,,110.50167962,0.36888478,,
2000-07-26,2012.319,64.3246002197266,,,116.79823681,0.78844943,,
2000-07-27,2012.35,64.2197036743164,,,146.63281244,0.00154051,,
2000-07-28,2012.793,65.9486999511719,,,133.27394014,0.02201406,,
2000-07-31,2023.539,64.4705963134766,,,153.28029544,0.533885,,
2000-08-01,2028.151,64.8657989501953,,,112.73846756,0.22791752,,
2000-08-02,2030.683,64.7696990966797,,,110.96046306,0.12484278,,
2000-08-03,2036.301,64.6710968017578,,,131.59629109,0.27665569,,
2000-08-04,2026.361,66.2192993164062,,,145.17949662,-0.48814001,,
2000-08-07,2039.419,65.0821990966797,,,131.94100193,0.6444064,,
2000-08-08,2049.916,65.4366989135742,,,134.89696737,0.51470541,,
2000-08-09,2061.18,66.1175994873047,,,157.74777618,0.54948593,,
2000-08-10,2065.943,65.0035018920898,,,179.66576839,0.23108123,,
2000-08-11,2062.666,66.2535018920898,,,154.06527866,-0.15862006,,
2000-08-14,2076.3,65.0765991210938,,,137.85725922,0.66098922,,
2000-08-15,2076.823,65.0062026977539,,,127.7611399,0.02518904,,
2000-08-16,2083.467,65.2155990600586,,,134.58292833,0.31991171,,
2000-08-17,2091.586,64.7679977416992,,,137.76078846,0.389687,,
2000-08-18,2090.183,66.2712020874023,,,129.14594476,-0.06707828,,
2000-08-21,2108.69,64.6961975097656,,,164.85780029,0.88542486,,
2000-08-22,2074.703,64.0326995849609,,,157.18825765,-1.61175896,,
2000-08-23,2057.919,63.4607009887695,,,230.07105523,-0.80898326,,
2000-08-24,2071.161,63.8632011413574,,,170.62325376,0.64346556,,
2000-08-25,2086.703,65.578498840332,,,134.63882545,0.75040038,,
2000-08-28,2100.585,64.3261032104492,,,145.0082832,0.66525998,,
2000-08-29,2105.476,64.2520980834961,,,133.38550026,0.2328399,,
2000-08-30,2076.143,63.3367004394531,,,137.96935152,-1.39317665,,
2000-08-31,2021.199,61.6730995178223,,,139.98246936,-2.64644584,,
2000-09-01,1999.859,62.4087982177734,,,119.09299071,-1.05580895,,
2000-09-04,2010.602,61.3632011413574,,,95.73130897,0.53718787,,
2000-09-05,1963.792,59.9108009338379,,,89.15757703,-2.32815843,,
2000-09-06,1925.907,58.7338981628418,,,88.66106842,-1.9291758,,
2000-09-07,1950.663,59.4747009277344,,,76.24529243,1.28542032,,
2000-09-08,1959.312,61.0802993774414,,,71.43496715,0.44338771,,
2000-09-11,1972.043,60.1441993713379,,,73.67591968,0.6497689,,
2000-09-12,1979.095,60.3627014160156,,,69.0609296,0.35759869,,
2000-09-13,1988.936,60.6808013916016,,,77.26368744,0.49724748,,
2000-09-14,1979.505,60.3876991271973,,,65.10989113,-0.47417313,,
2000-09-15,1978.434,61.7639007568359,,,61.03325893,-0.05410444,,
2000-09-18,1946.753,59.4553985595703,,,63.80457737,-1.601317,,
2000-09-19,1903.154,58.0289993286133,,,79.38020137,-2.23957533,,
2000-09-20,1922.289,58.6059989929199,,,65.35647098,1.00543624,,
2000-09-21,1907.306,58.1646995544434,,,64.1792497,-0.77943535,,
2000-09-22,1891.984,59.059700012207,,,64.47665327,-0.80333203,,
2000-09-25,1875.911,57.2546005249023,,,46.74524252,-0.8495315,,
2000-09-26,1887.829,57.625,,,46.29184949,0.63531799,,
2000-09-27,1914.086,58.437198638916,,,42.9188023,1.3908569,,
2000-09-28,1889.289,57.6623992919922,,,51.18582604,-1.29550083,,
2000-09-29,1910.161,59.6581993103027,,,51.01305167,1.10475422,,
2000-10-09,1915.35,58.5317993164062,,,57.24802256,0.27165249,,
2000-10-10,1942.149,59.3783988952637,,,70.10874613,1.39916986,,
2000-10-11,1933.726,59.1334991455078,,,76.63055501,-0.43369484,,
2000-10-12,1926.324,58.9080009460449,,,76.30467733,-0.38278432,,
2000-10-13,1918.157,60.0099983215332,,,73.31121311,-0.42396814,,
2000-10-16,1902.809,58.2349014282227,,,60.96268604,-0.80014305,,
2000-10-17,1909.49,58.451000213623,,,46.90517354,0.35111249,,
2000-10-18,1922.845,58.8796997070312,,,77.8199742,0.69940141,,
2000-10-19,1913.42,58.592601776123,,,59.38198755,-0.49015911,,
2000-10-20,1947.455,60.9630012512207,,,96.892642,1.77875218,,
2000-10-23,1958.938,59.9673004150391,,,96.38933905,0.58964135,,
2000-10-24,1956.344,59.8945999145508,,,73.42628845,-0.13241869,,
2000-10-25,1977.254,60.5238990783691,,,114.08579782,1.06883043,,
2000-10-26,1967.673,60.2262992858887,,,86.84369309,-0.48456091,,
2000-10-27,1967.405,61.6100997924805,,,77.86520725,-0.01362015,,
2000-10-30,1973.578,60.4436988830566,,,93.74286601,0.31376356,,
2000-10-31,1961.287,60.0523986816406,,,79.11979251,-0.62277751,,
2000-11-01,1977.363,60.554500579834,,,81.96133274,0.81966586,,
2000-11-02,1984.26,60.763599395752,,,88.41706387,0.34879787,,
2000-11-03,1981.631,62.076301574707,,,73.28831088,-0.13249272,,
2000-11-06,1991.173,61.013500213623,,,89.28639322,0.48152254,,
2000-11-07,1997.077,61.2153015136719,,,72.78831072,0.29650864,,
2000-11-08,2012.908,61.7056999206543,,,86.00386699,0.79270854,,
2000-11-09,2032.482,62.3796997070312,,,131.03294848,0.97242398,,
2000-11-10,2047.458,64.2636032104492,,,158.93170969,0.73683309,,
2000-11-13,2070.788,63.4945983886719,,,154.78739294,1.13946171,,
2000-11-14,2085.118,63.9328002929688,,,143.7682616,0.6920071,,
2000-11-15,2081.905,63.8293991088867,,,143.38161285,-0.154092,,
2000-11-16,2095.984,64.334602355957,,,149.83268999,0.67625564,,
2000-11-17,2093.235,65.7161026000977,,,130.8571137,-0.13115558,,
2000-11-20,2101.389,64.5852966308594,,,134.67538085,0.38954059,,
2000-11-21,2097.982,64.4694976806641,,,120.41539348,-0.16213086,,
2000-11-22,2113.303,64.9079971313477,,,120.51088792,0.73027319,,
2000-11-23,2119.439,65.1335983276367,,,142.88672069,0.29035117,,
2000-11-24,2053.37,64.5261001586914,,,166.02799282,-3.11728717,,
2000-11-27,2049.671,63.0136985778809,,,114.67955133,-0.18014289,,
2000-11-28,2079.396,63.9620018005371,,,92.61743752,1.45023274,,
2000-11-29,2067.495,63.6882019042969,,,107.54439872,-0.57232966,,
2000-11-30,2070.613,63.7925987243652,,,91.15262372,0.15081052,,
2000-12-01,2081.843,65.6320037841797,,,86.22493778,0.54235147,,
2000-12-04,2092.139,64.5042037963867,,,94.42143252,0.49456179,,
2000-12-05,2091.67,64.4916000366211,,,88.33567259,-0.02241725,,
2000-12-06,2075.627,64.0652008056641,,,107.94542961,-0.76699479,,
2000-12-07,2075.044,64.1455001831055,,,101.97656118,-0.0280879,,
2000-12-08,2073.163,65.4878005981445,,,103.05751083,-0.09064868,,
2000-12-11,2046.076,63.2384986877441,,,91.00692024,-1.30655428,,
2000-12-12,2059.053,62.051399230957,,,94.56604726,0.63423842,,
2000-12-13,2056.12,62.1674003601074,,,86.31890286,-0.14244412,,
2000-12-14,2051.079,62.0335006713867,,,68.74509928,-0.24517052,,
2000-12-15,2039.364,63.005298614502,,,79.22513796,-0.57116279,,
2000-12-18,2044.545,61.8377990722656,,,92.12166317,0.25404979,,
2000-12-19,2049.032,62.3907012939453,,,109.9497702,0.21946203,,
2000-12-20,2071.268,62.9627990722656,,,111.35318459,1.08519535,,
2000-12-21,2076.886,63.2266006469727,,,124.52922887,0.27123482,,
2000-12-22,2069.768,64.5156021118164,,,126.17511504,-0.34272464,,
2000-12-25,2068.174,63.190601348877,,,119.65238322,-0.07701346,,
2000-12-26,2076.266,63.480598449707,,,108.7250858,0.39126302,,
2000-12-27,2058.244,62.9711990356445,,,118.10701345,-0.86800054,,
2000-12-28,2053.704,62.7369003295898,,,113.52368203,-0.22057637,,
2000-12-29,2073.477,64.6634979248047,,,116.66403733,0.96279698,,
2001-01-02,2103.469,64.2916030883789,,,134.05094725,1.44645926,,
2001-01-03,2123.899,64.9235000610352,,,175.16832575,0.97125273,,
2001-01-04,2117.405,64.7744979858398,,,142.95245398,-0.30575842,,
2001-01-05,2125.3,66.4144973754883,,,148.44236253,0.37286206,,
2001-01-08,2102.064,64.4170989990234,,,158.87661764,-1.09330447,,
2001-01-09,2101.135,64.3732986450195,,,115.81766655,-0.04419466,,
2001-01-10,2125.615,65.1352996826172,,,130.2625342,1.16508459,,
2001-01-11,2119.141,64.9885025024414,,,146.15713425,-0.30457068,,
2001-01-12,2104.747,65.7633972167969,,,110.1728933,-0.67923748,,
2001-01-15,2032.443,62.2757987976074,,,134.12559204,-3.43528225,,
2001-01-16,2045.887,62.7192993164062,,,104.05910779,0.66146996,,
2001-01-17,2034.584,62.3830986022949,,,66.09475901,-0.55247431,,
2001-01-18,2043.11,62.6390991210938,,,83.81612881,0.41905372,,
2001-01-19,2065.606,64.6284027099609,,,86.01583114,1.10106651,,
2001-02-05,2008.032,61.8269004821777,,,74.00294453,-2.78726921,,
2001-02-06,1995.315,61.440601348877,,,79.74362139,-0.63330664,,
2001-02-07,1979.939,60.915901184082,,,51.71535537,-0.77060514,,
2001-02-08,1930.138,59.3633003234863,,,75.17260413,-2.51527951,,
2001-02-09,1956.97,61.4859008789062,,,77.48484063,1.39015967,,
2001-02-12,1961.221,60.398998260498,,,65.24706396,0.21722357,,
2001-02-13,1963.528,60.3671989440918,,,51.35049549,0.1176308,,
2001-02-14,1963.2,60.2430000305176,,,41.77529163,-0.01670463,,
2001-02-15,1946.479,59.4062995910645,,,42.62383222,-0.85172168,,
2001-02-16,1941.964,60.3530006408691,,,61.12809428,-0.23195729,,
2001-02-19,1967.55,59.923698425293,,,52.20087956,1.31753215,,
2001-02-20,1953.218,59.5710983276367,,,63.28305448,-0.72841859,,
2001-02-21,1909.326,57.9580993652344,,,74.02122577,-2.2471634,,
2001-02-22,1907.26,57.8790016174316,,,51.84099982,-0.10820572,,
2001-02-23,1936.346,60.0554008483887,,,55.55908953,1.52501494,,
2001-02-26,1953.341,59.211498260498,,,68.71463818,0.87768405,,
2001-02-27,1962.042,59.2984008789062,,,65.72695409,0.44544194,,
2001-02-28,1959.18,58.9090003967285,,,66.7484201,-0.14586844,,
2001-03-01,1965.121,59.0775985717773,,,79.58979704,0.30323911,,
2001-03-02,1985.111,60.6057014465332,,,79.11483388,1.01724016,,
2001-03-05,1984.2,59.4189987182617,,,74.17398265,-0.04589164,,
2001-03-06,1990.06,59.5018997192383,,,140.83043121,0.29533313,,
2001-03-07,1991.177,59.5278015136719,,,104.11173991,0.05612896,,
2001-03-08,2000.9,59.6165008544922,,,91.16276642,0.48830415,,
2001-03-09,2011.66,60.6996002197266,,,129.13043,0.53775801,,
2001-03-12,2012.552,59.2467002868652,,,106.96975765,0.04434149,,
2001-03-13,1998.699,58.7529983520508,,,106.81301501,-0.68833004,,
2001-03-14,2018.616,59.2313995361328,,,90.90213364,0.99649822,,
2001-03-15,2022.601,58.0778999328613,,,115.42905272,0.19741248,,
2001-03-16,2020.236,59.0223999023438,,,102.72257578,-0.11692865,,
2001-03-19,2036.617,57.9402008056641,,,116.01354731,0.81084586,,
2001-03-20,2045.793,57.5890007019043,,,115.86387452,0.45055109,,
2001-03-21,2066.39,58.2723007202148,,,129.63828235,1.00679785,,
2001-03-22,2087.532,58.6622009277344,,,176.76007273,1.02313697,,
2001-03-23,2053.539,58.6702995300293,,,185.8019597,-1.62838222,,
2001-03-26,2089.881,58.6300010681152,,,143.10990617,1.76972534,,
2001-03-27,2107.258,59.2291984558105,,,158.98231606,0.83148275,,
2001-03-28,2106.874,59.1157989501953,,,152.09667765,-0.01822273,,
2001-03-29,2101.658,59.0937004089355,,,152.83496688,-0.24757057,,
2001-03-30,2112.775,60.5513000488281,,,135.60668736,0.52896332,,
2001-04-02,2125.084,59.4160995483398,,,153.02089271,0.58259871,,
2001-04-03,2123.052,59.5415992736816,,,128.23849329,-0.09561975,,
2001-04-04,2090.719,58.6696014404297,,,147.66596329,-1.52294904,,
2001-04-05,2112.6,59.2495994567871,,,112.67333518,1.04657776,,
2001-04-06,2108.606,60.4101982116699,,,105.96703339,-0.18905614,,
2001-04-09,2117.367,59.4692001342773,,,117.80114412,0.41548777,,
2001-04-10,2128.479,60.1943016052246,,,108.66473107,0.52480274,,
2001-04-11,2131.397,59.8813018798828,,,115.60119546,0.1370932,,
2001-04-12,2134.798,59.7811012268066,,,176.50622902,0.15956671,,
2001-04-13,2145.4,61.2011985778809,,,136.52048108,0.49662778,,
2001-04-16,2168.059,60.782299041748,,,195.51496827,1.05616668,,
2001-04-17,2176.679,61.2041015625,,,206.71818346,0.39759066,,
2001-04-18,2172.564,60.9310989379883,,,185.18058145,-0.18904946,,
2001-04-19,2172.87,61.1493988037109,,,198.74416346,0.01408474,,
2001-04-20,2152.335,61.5065994262695,,,219.06310129,-0.94506344,5.2955,5.2955
2001-04-23,2150.426,61.961799621582,,,186.65045955,-0.08869437,,
2001-04-24,2166.174,62.4935989379883,,,142.66589779,0.73232001,,
2001-04-25,2119.18,61.1016998291016,,,177.11213174,-2.16944715,,
2001-04-26,2105.056,60.746898651123,,,134.82611315,-0.66648421,,
2001-04-27,2115.109,62.2103004455566,,,109.74030209,0.47756449,,
2001-04-30,2119.184,61.9553985595703,,,104.97143984,0.19266147,,
2001-05-08,2137.994,62.4948997497559,,,87.04695654,0.8876058,,
2001-05-09,2132.89,62.3465003967285,,,104.53425273,-0.23872845,,
2001-05-10,2147.283,62.790599822998,,,111.62464312,0.67481211,,
2001-05-11,2155.405,63.9263000488281,,,109.71413078,0.37824544,,
2001-05-14,2178.466,62.9463996887207,,,162.09586946,1.06991493,,
2001-05-15,2191.064,63.293399810791,,,173.46849869,0.57829684,,
2001-05-16,2199.505,63.5017013549805,,,175.6112755,0.38524662,,
2001-05-17,2194.647,63.3517990112305,,,168.80669737,-0.22086788,,
2001-05-18,2203.372,65.4563980102539,,,174.31723734,0.39755824,2.0,2.0
2001-05-21,2213.595,64.0802001953125,,,192.88406288,0.46397068,,
2001-05-22,2210.337,63.9651985168457,,,146.81261065,-0.14718139,,
2001-05-23,2197.595,63.6035003662109,,,174.38179134,-0.57647318,,
2001-05-24,2198.297,63.6207008361816,,,154.75624326,0.03194401,,
2001-05-25,2193.576,65.1523971557617,,,137.27022942,-0.21475715,,
2001-05-28,2179.699,62.9365997314453,,,152.9197229,-0.63261998,,
2001-05-29,2180.276,63.003101348877,,,132.21503246,0.02647154,,
2001-05-30,2211.201,63.8844985961914,,,144.02927451,1.4183984,,
2001-05-31,2214.257,63.9880981445312,,,168.55249843,0.13820544,,
2001-06-01,2219.591,65.9142990112305,,,174.20038843,0.24089345,,
2001-06-04,2226.779,64.5367965698242,,,182.97349027,0.32384345,,
2001-06-05,2234.987,64.7735977172852,,,168.45995608,0.36860416,,
2001-06-06,2238.501,64.9228973388672,,,170.74328596,0.15722687,,
2001-06-07,2229.812,64.6480026245117,,,143.76232021,-0.38816154,,
2001-06-08,2223.068,66.1940994262695,,,140.0778463,-0.30244702,,
2001-06-11,2214.623,64.3029022216797,,,136.00023648,-0.37988042,,
2001-06-12,2222.959,64.6257019042969,,,144.8001255,0.37640718,,
2001-06-13,2242.423,65.1753005981445,,,157.97215965,0.8755897,,
2001-06-14,2202.398,64.0410003662109,,,179.30530922,-1.78489964,,
2001-06-15,2210.97,66.0341033935547,,,154.46384897,0.38921212,,
2001-06-18,2167.647,63.1017990112305,,,159.57379623,-1.95945671,,
2001-06-19,2170.454,63.1944007873535,,,103.25506846,0.12949525,,
2001-06-20,2163.123,62.9826011657715,,,86.42624308,-0.33776344,,
2001-06-21,2189.145,63.7261009216309,,,80.41819766,1.20298291,,
2001-06-22,2206.067,65.9339981079102,,,103.75097659,0.77299585,,
2001-06-25,2230.197,64.9116973876953,,,144.82370495,1.09380177,,
2001-06-26,2233.591,65.0493011474609,,,162.15559194,0.15218387,,
2001-06-27,2229.828,64.918701171875,,,131.43927786,-0.1684731,,
2001-06-28,2219.25,64.6482009887695,,,130.77432494,-0.47438637,,
2001-06-29,2218.029,66.3236999511719,,,95.78770401,-0.05501859,,
2001-07-02,2205.985,64.3230972290039,,,97.34739585,-0.54300462,,
2001-07-03,2211.83,64.5095977783203,,,81.28678619,0.264961,,
2001-07-04,2202.058,64.2107009887695,,,70.9745049,-0.44180611,,
2001-07-05,2181.663,63.6016998291016,,,89.58141559,-0.92617906,,
2001-07-06,2170.521,64.9692001342773,,,86.16208191,-0.51071132,,
2001-07-09,2169.655,63.263500213623,,,73.44830804,-0.03989825,,
2001-07-10,2189.785,63.8386001586914,,,75.17806443,0.92779728,,
2001-07-11,2168.74,63.2317008972168,,,69.76560708,-0.96105325,,
2001-07-12,2165.491,63.1287994384766,,,68.25996506,-0.14981049,,
2001-07-13,2161.34,64.6586990356445,,,73.74971789,-0.19168863,,
2001-07-16,2146.236,62.535099029541,,,106.84817403,-0.69882573,,
2001-07-17,2140.981,62.3496017456055,,,83.89687026,-0.24484726,,
2001-07-18,2146.541,62.5164985656738,,,56.40054173,0.25969404,,
2001-07-19,2150.265,62.6613006591797,,,68.82558744,0.17348842,,
2001-07-20,2179.624,65.1013031005859,,,115.48355236,1.36536659,,
2001-07-23,2169.01,63.2130012512207,,,104.2914921,-0.48696472,,
2001-07-24,2136.45,62.1862983703613,,,102.55277499,-1.50114568,,
2001-07-25,2112.26,61.1623001098633,,,84.41631781,-1.1322521,,
2001-07-26,2094.01,60.4222984313965,,,76.73060804,-0.86400348,,
2001-07-27,2065.73,60.921199798584,,,78.81566812,-1.35051886,,
2001-07-30,1956.8,56.0074996948242,,,97.27669368,-5.2731964,,
2001-07-31,1920.32,54.7860984802246,,,87.69210669,-1.86426819,,
2001-08-01,1986.93,56.4883003234863,,,90.35162959,3.46869272,,
2001-08-02,1957.02,55.730899810791,,,78.82715918,-1.50533738,,
2001-08-03,1958.69,57.1924018859863,,,53.92849859,0.08533382,,
2001-08-06,1882.13,53.6544990539551,,,79.51114132,-3.90873492,,
2001-08-07,1903.93,54.1944999694824,,,85.06005927,1.15826218,,
2001-08-08,1895.17,46.8385009765625,,,80.3742748,-0.46010095,,
2001-08-09,1924.59,47.4541015625,,,77.77659774,1.55236733,,
2001-08-10,1955.036,48.9006996154785,,,107.67091674,1.58194732,,
2001-08-13,1955.1,47.8446998596191,,,76.01669262,0.0032736,,
2001-08-14,1939.542,47.401798248291,,,68.18213127,-0.79576492,,
2001-08-15,1947.359,47.5073013305664,,,49.84717018,0.40303329,,
2001-08-16,1919.645,47.086799621582,,,54.05537985,-1.42315824,,
2001-08-17,1924.003,48.1824989318848,,,49.45063738,0.22702114,,
2001-08-20,1934.489,47.2988014221191,,,63.49408612,0.54500955,,
2001-08-21,1938.871,47.2327003479004,,,58.34753841,0.22651977,,
2001-08-22,1903.446,46.3296012878418,,,75.31068053,-1.82709422,,
2001-08-23,1902.99,46.3683013916016,,,70.3979017,-0.02395655,,
2001-08-24,1886.8,47.1132011413574,,,66.26117193,-0.85076643,,
2001-08-27,1827.25,44.9415016174316,,,85.33415666,-3.15613738,,
2001-08-28,1843.385,45.3326988220215,,,71.95598859,0.88302093,,
2001-08-29,1847.536,45.6973991394043,,,64.35768523,0.22518356,20.0,20.0
2001-08-30,1839.631,45.4662017822266,,,41.67963515,-0.42786717,,
2001-08-31,1834.138,46.0847015380859,,,36.57216971,-0.29859249,,
2001-09-03,1817.19,44.9347991943359,,,45.66065371,-0.9240308,,
2001-09-04,1862.36,46.0438995361328,,,72.28937238,2.48570595,,
2001-09-05,1868.27,46.1931991577148,,,73.42648825,0.31733929,,
2001-09-06,1861.561,46.0453987121582,,,52.37039339,-0.35910227,,
2001-09-07,1808.844,45.464298248291,,,65.10054132,-2.83187067,,
2001-09-10,1856.529,45.9572982788086,,,75.7042033,2.63621407,,
2001-09-11,1863.78,46.1473999023438,,,65.64937593,0.39056756,,
2001-09-12,1852.604,45.9294013977051,,,98.52090612,-0.59964159,,
2001-09-13,1839.909,45.5836982727051,,,47.30889777,-0.68525168,,
2001-09-14,1818.382,45.7831993103027,,,55.05286687,-1.17000352,,
2001-09-17,1784.608,44.2593002319336,,,56.68955973,-1.8573655,,
2001-09-18,1798.622,44.5969009399414,,,44.88183676,0.78527049,,
2001-09-19,1822.695,45.1831016540527,,,48.32961256,1.33841352,,
2001-09-20,1818.419,45.0835990905762,,,58.20950887,-0.23459767,,
2001-09-21,1807.019,45.5084991455078,,,40.24930901,-0.62691822,50.0,50.000011
2001-09-24,1794.961,44.5101013183594,,,32.76990847,-0.66728684,,
2001-09-25,1793.884,44.4855995178223,,,33.95763491,-0.0600013,,
2001-09-26,1767.814,43.8424987792969,,,32.73619392,-1.45327123,,
2001-09-27,1764.932,43.7692985534668,,,37.70561929,-0.1630262,,
2001-09-28,1764.867,44.456600189209,,,40.4674286,-0.00368286,34.8894,34.889382
2001-10-08,1726.533,42.8174018859863,,,30.81936905,-2.17206169,,
2001-10-09,1744.64,43.2663993835449,,,31.51315983,1.04874914,,
2001-10-10,1686.612,41.8390998840332,,,46.75751398,-3.326073,,
2001-10-11,1638.326,40.6241989135742,,,49.37634568,-2.86289911,,
2001-10-12,1691.326,42.5960998535156,,,81.13369515,3.23500939,,
2001-10-15,1687.28,41.8322982788086,,,51.49456451,-0.23922059,,
2001-10-16,1655.902,41.0463981628418,,,37.69386293,-1.85967948,,
2001-10-17,1643.066,40.7411003112793,,,30.81268176,-0.77516665,,
2001-10-18,1615.579,40.073600769043,,,35.31477167,-1.67290906,,
2001-10-19,1572.453,39.6566009521484,,,61.62060926,-2.66938355,,
2001-10-22,1520.669,37.7509994506836,,,42.8226681,-3.29319859,,
2001-10-23,1670.562,41.4735984802246,,,151.08635558,9.85704318,,
2001-10-24,1718.06,42.628101348877,,,234.13280512,2.84323479,,
2001-10-25,1676.499,41.5894012451172,,,119.38461176,-2.41906569,,
2001-10-26,1677.878,42.3008003234863,,,74.50645223,0.08225475,,
2001-10-29,1700.477,42.1985015869141,,,63.26986213,1.34687981,,
2001-10-30,1682.769,41.7625999450684,,,45.70871643,-1.04135487,,
2001-10-31,1689.17,41.934398651123,,,45.21886953,0.38038495,,
2001-11-01,1707.754,42.4025001525879,,,69.50324291,1.1001853,,
2001-11-02,1691.351,42.6712989807129,,,46.2509221,-0.96050134,,
2001-11-05,1679.572,41.7318000793457,,,37.50232152,-0.69642552,,
2001-11-06,1671.278,41.5217018127441,,,38.71546142,-0.49381628,,
2001-11-07,1594.05,39.6099014282227,,,62.47016818,-4.62089491,,
2001-11-08,1605.871,39.896900177002,,,51.8476001,0.74157021,,
2001-11-09,1630.359,41.1786994934082,,,60.2315051,1.52490455,,
2001-11-12,1621.195,40.2961006164551,,,42.65992418,-0.56208479,,
2001-11-13,1615.931,40.1780014038086,,,35.07876781,-0.32469876,,
2001-11-14,1617.102,40.2098007202148,,,29.49790872,0.07246597,,
2001-11-15,1621.344,40.3109016418457,,,27.26782992,0.26232112,,
2001-11-16,1646.763,41.5912017822266,,,127.28561596,1.5677734,,
2001-11-19,1669.894,41.502498626709,,,50.61767176,1.40463443,,
2001-11-20,1699.732,42.2244987487793,,,100.1646293,1.78682,,
2001-11-21,1705.664,42.3681983947754,,,74.99879404,0.34899619,,
2001-11-22,1715.813,42.6178016662598,,,76.09640292,0.59501754,,
2001-11-23,1712.564,43.2207984924316,,,68.33086841,-0.1893563,,
2001-11-26,1705.885,42.3767013549805,,,50.98974892,-0.39000002,,
2001-11-27,1722.589,42.7803993225098,,,55.09311541,0.97919848,,
2001-11-28,1735.0,43.0772018432617,,,84.74959784,0.72048527,,
2001-11-29,1732.296,43.0253982543945,,,77.14605831,-0.15585014,,
2001-11-30,1747.993,44.0984001159668,,,78.41977626,0.90613844,,
2001-12-03,1762.562,43.7481002807617,,,95.75218978,0.83347016,,
2001-12-04,1769.681,43.915901184082,,,81.18587747,0.40390069,,
2001-12-05,1745.227,43.3017997741699,,,105.64741773,-1.38183096,,
2001-12-06,1751.182,42.9710998535156,,,88.38671072,0.34121636,,
2001-12-07,1745.407,43.4845008850098,,,67.93402524,-0.32977726,,
2001-12-10,1748.682,42.8830986022949,,,58.43792243,0.18763532,20.0,20.0
2001-12-11,1728.878,42.3973999023438,,,59.55297295,-1.13251008,,
2001-12-12,1715.172,42.0859985351562,,,63.0542054,-0.79276849,,
2001-12-13,1688.013,41.4315986633301,,,61.99525501,-1.58345635,,
2001-12-14,1675.514,41.768798828125,,,48.67165656,-0.74045638,,
2001-12-17,1665.938,40.8796997070312,,,39.49567372,-0.57152611,,
2001-12-18,1687.29,41.4001007080078,,,54.27693651,1.28168035,32.3683,32.368301
2001-12-19,1672.698,41.0381011962891,,,50.77227243,-0.86481873,,
2001-12-20,1631.537,40.0266990661621,,,62.30013193,-2.46075502,,
2001-12-21,1640.142,40.8796997070312,,,40.56996187,0.52741679,,
2001-12-24,1606.104,39.4058990478516,,,46.74129347,-2.07530811,,
2001-12-25,1611.17,39.5443000793457,,,44.90369147,0.31542167,,
2001-12-26,1633.643,40.1082992553711,,,50.77112201,1.39482488,,
2001-12-27,1627.923,39.9790000915527,,,59.46204863,-0.3501377,,
2001-12-28,1639.484,40.9040985107422,,,55.08550185,0.71016872,,
2001-12-31,1645.971,40.4285011291504,,,57.91001397,0.39567327,,
2002-01-04,1611.393,40.201301574707,3.2096,,32.11052868,-2.10076605,,
2002-01-07,1596.76,39.2206993103027,3.2003,,30.33084123,-0.90809629,,
2002-01-08,1583.461,38.9425010681152,3.5225,,37.52639861,-0.83287407,,
2002-01-09,1561.349,38.4164009094238,3.5896,,42.43771438,-1.39643477,,
2002-01-10,1576.437,38.785701751709,3.5784,,55.2977486,0.96634385,,
2002-01-11,1535.593,38.4915008544922,3.4532,,45.16165812,-2.59090595,,
2002-01-14,1485.108,36.6516990661621,3.5114,,54.21762981,-3.287655,,
2002-01-15,1459.653,36.018798828125,3.5023,,51.12330789,-1.71401676,,
2002-01-16,1479.619,36.524299621582,3.4414,,57.89750595,1.36785935,,
2002-01-17,1419.519,35.0563011169434,3.4511,,49.93908485,-4.06185646,,
2002-01-18,1415.438,35.4835014343262,3.2968,,68.55958176,-0.28749175,,
2002-01-21,1366.968,33.7556991577148,3.2563,,47.81876643,-3.42438171,,
2002-01-22,1358.691,33.5671005249023,3.3182,,58.72238787,-0.60550064,,
2002-01-23,1444.965,35.7027015686035,3.1897,,85.03139796,6.34978814,,
2002-01-24,1456.404,36.0060005187988,3.2581,,117.31684923,0.79164547,,
2002-01-25,1451.484,36.3643989562988,3.0795,,68.84379849,-0.33781835,,
2002-01-28,1359.549,33.5853004455566,3.1584,,86.73309241,-6.33386245,,
2002-01-29,1392.775,34.4160995483398,3.81,,58.78101151,2.44389868,,
2002-01-30,1396.605,34.4967002868652,3.2152,,47.21291132,0.27499058,,
2002-01-31,1491.665,36.8157997131348,3.2186,,171.1933948,6.80650578,,
2002-02-01,1485.77,37.2332992553711,3.2016,,124.98441289,-0.39519597,,
2002-02-04,1511.327,37.2902984619141,3.218,,77.97091372,1.72011819,,
2002-02-05,1518.28,37.4852981567383,3.1893,,89.41866551,0.46005927,,
2002-02-06,1485.802,36.7070999145508,3.1897,,76.8256396,-2.13913112,,
2002-02-07,1515.394,37.4309005737305,3.2491,,85.16296456,1.99165165,,
2002-02-08,1506.615,37.8469009399414,3.2085,,65.85952437,-0.57932129,,
2002-02-25,1530.284,37.8031997680664,3.1616,,79.340717,1.5710052,,
2002-02-26,1531.43,37.9837989807129,3.1512,,63.61964189,0.07488806,,
2002-02-27,1538.319,38.0987014770508,3.1481,,65.71922036,0.449841,,
2002-02-28,1524.701,37.7374992370605,3.1315,,62.4079499,-0.88525202,,
2002-03-01,1502.54,37.6288986206055,3.1155,,53.51310022,-1.4534653,,
2002-03-04,1526.804,37.8026008605957,3.0828,,53.70162205,1.61486549,,
2002-03-05,1560.079,38.5514984130859,3.085,,117.35387687,2.1793891,,
2002-03-06,1569.208,38.7711982727051,3.0864,,157.13024217,0.58516267,,
2002-03-07,1613.001,39.7440986633301,3.084,,161.03668806,2.79077089,,
2002-03-08,1640.256,41.0316009521484,3.0656,,228.06740264,1.68970757,,
2002-03-11,1664.094,41.6136016845703,3.073,,195.30693177,1.45330973,,
2002-03-12,1643.692,41.157299041748,3.0044,,212.637961,-1.22601247,30.0,30.0
2002-03-13,1623.432,40.140998840332,2.9872,,152.91987743,-1.23259102,,
2002-03-14,1665.151,41.2549018859863,2.9798,,123.91854541,2.56980274,,
2002-03-15,1620.976,40.5540008544922,3.0188,,149.1533752,-2.65291256,,
2002-03-18,1623.884,40.0755004882812,3.0232,,113.2778858,0.17939809,,
2002-03-19,1665.357,41.0918006896973,2.9442,,140.84853414,2.55393858,,
2002-03-20,1682.51,41.5458984375,3.0009,,194.62924505,1.02998937,,
2002-03-21,1685.017,41.6743011474609,2.9508,,142.29515988,0.14900357,,
2002-03-22,1669.694,41.8044013977051,2.9468,,107.74055487,-0.90936768,30.0,30.0
2002-03-25,1675.289,41.609001159668,2.9166,,94.26936068,0.33509134,,
2002-03-26,1649.484,40.9925003051758,2.9052,,98.15939286,-1.54033125,,
2002-03-27,1654.231,41.2043991088867,3.0714,,76.03145878,0.28778697,,
2002-03-28,1650.673,41.2346992492676,3.0536,,88.65473603,-0.21508483,,
2002-03-29,1603.905,40.4481010437012,2.8551,,117.72498074,-2.83326861,,
2002-04-01,1608.506,40.2751998901367,2.7433,,68.3893815,0.28686238,,
2002-04-02,1582.883,41.3669013977051,2.7048,,75.92751336,-1.59296888,,
2002-04-03,1594.508,41.7644996643066,2.9179,,64.21700262,0.73441941,,
2002-04-04,1641.699,43.0130996704102,2.7323,,91.08101678,2.95959631,,
2002-04-05,1634.643,43.2924003601074,3.2699,,98.48770314,-0.42979864,,
2002-04-08,1640.65,43.3732986450195,2.7346,,65.81735,0.36748085,,
2002-04-09,1667.522,43.8060989379883,2.7982,,166.60422233,1.63788742,,
2002-04-10,1677.658,44.288501739502,2.7158,,125.651683,0.60784805,,
2002-04-11,1649.53,43.5535011291504,2.6737,,97.59858993,-1.67662301,,
2002-04-12,1658.979,43.8979988098145,2.6736,,85.63896043,0.57282984,,
2002-04-15,1649.5,43.749698638916,2.6374,,72.05438537,-0.57137553,,
2002-04-16,1640.285,43.8763999938965,2.5653,,63.71564651,-0.55865414,,
2002-04-17,1644.395,44.3222007751465,2.6181,,59.79326993,0.25056621,,
2002-04-18,1628.137,44.0783996582031,2.5275,,74.6726724,-0.98869189,,
2002-04-19,1635.172,45.0908012390137,2.58,,83.58400636,0.43208895,,
2002-04-22,1627.48,44.4495010375977,2.5865,,55.3400567,-0.47040923,,
2002-04-23,1624.546,44.5312995910645,2.5637,,51.34076107,-0.18027871,,
2002-04-24,1611.051,44.1702003479004,2.605,,50.84855185,-0.83069362,,
2002-04-25,1615.919,44.3353004455566,2.5478,,49.51057353,0.302163,,
2002-04-26,1640.589,45.7156982421875,1.9775,,72.82960059,1.52668543,,
2002-04-29,1665.812,47.1155014038086,2.5363,,108.74351531,1.53743564,,
2002-04-30,1667.749,49.38330078125,2.5022,,106.82627577,0.11627963,,
2002-05-08,1652.368,48.9238014221191,2.5363,,51.79315429,-0.92226108,22.2637,22.263665
2002-05-09,1650.578,48.8791007995605,2.5192,,59.59699783,-0.10832938,,
2002-05-10,1638.198,48.5264015197754,2.4972,,64.06784976,-0.75004029,,
2002-05-13,1623.94,46.9710998535156,2.5072,,61.56730033,-0.87034656,,
2002-05-14,1616.231,46.7523002624512,2.5447,,61.08710641,-0.47470966,,
2002-05-15,1598.354,46.2302017211914,2.5035,,66.80824951,-1.10609189,,
2002-05-16,1549.501,44.8000984191895,2.4959,,82.13587303,-3.05645683,,
2002-05-17,1567.497,45.3462982177734,2.5423,,77.54365902,1.16140616,,
2002-05-20,1541.53,44.5858001708984,2.4837,,49.57018595,-1.65659009,,
2002-05-21,1588.108,45.9384002685547,2.4961,,101.68233638,3.02154353,,
2002-05-22,1564.489,45.3236999511719,2.5476,,59.36598836,-1.48724142,,
2002-05-23,1571.611,45.5124015808105,2.5547,,68.43172752,0.45522851,,
2002-05-24,1549.466,44.8656005859375,2.4983,,51.57363733,-1.40906369,39.7718,39.77178
2002-05-27,1555.048,45.0485000610352,2.4462,,37.08574843,0.36025315,,
2002-05-28,1558.524,45.1587982177734,2.4178,,40.05084974,0.22353008,,
2002-05-29,1524.806,44.1771011352539,2.4199,,49.43648861,-2.16345722,,
2002-05-30,1523.522,44.1484985351562,2.3924,,52.89912716,-0.08420743,,
2002-05-31,1515.733,43.9269981384277,2.381,,40.65236808,-0.51124959,,
2002-06-03,1483.348,42.9870986938477,2.3353,,50.6289626,-2.13659002,,
2002-06-04,1490.514,43.1837005615234,2.7385,,43.02623782,0.48309635,,
2002-06-05,1462.0,42.3638000488281,2.8028,,41.14143563,-1.91303134,,
2002-06-06,1521.263,44.0950012207031,2.4016,,84.54171955,4.05355677,,
2002-06-07,1529.507,44.3297996520996,2.6786,,91.91488779,0.54191813,,
2002-06-10,1517.23,43.9738006591797,2.4376,,42.6957556,-0.80267694,,
2002-06-11,1530.963,44.3857002258301,2.4831,,47.08529328,0.90513633,,
2002-06-12,1524.842,44.2214012145996,2.4339,,37.36411111,-0.39981371,,
2002-06-13,1511.711,43.8387985229492,2.4341,,37.01850442,-0.8611384,,
2002-06-14,1494.246,43.3362998962402,2.4564,,36.28483512,-1.15531342,,
2002-06-17,1496.242,43.415599822998,2.4467,,27.74209819,0.13357908,,
2002-06-18,1524.068,44.193000793457,2.3741,,52.09067897,1.8597259,,
2002-06-19,1507.668,43.7160987854004,2.4818,,29.0386713,-1.07606747,,
2002-06-20,1516.151,43.9641990661621,2.4517,,37.20233419,0.56265703,,
2002-06-21,1562.722,45.3078994750977,2.4606,,118.47838619,3.07165975,,
2002-06-24,1707.313,49.4771003723145,2.4936,,494.79880707,9.2525094,,
2002-06-25,1706.591,49.5551986694336,2.7081,,392.76720823,-0.04228867,,
2002-06-26,1712.91,49.7444000244141,2.6982,,228.50335907,0.37027032,,
2002-06-27,1723.545,50.1101989746094,2.5912,,195.27987712,0.62087325,,
2002-06-28,1732.755,50.4566993713379,2.5798,,273.1947528,0.53436377,,
2002-07-01,1713.705,49.8891983032227,2.5719,,144.10127985,-1.09940528,,
2002-07-02,1724.949,50.2005996704102,2.5258,,126.92810736,0.65612226,,
2002-07-03,1730.919,50.396598815918,2.6252,,132.62936584,0.34609719,,
2002-07-04,1713.135,49.8785018920898,2.5196,,128.56610506,-1.02743109,,
2002-07-05,1722.188,50.1445999145508,2.6093,,108.2271452,0.52844639,20.0,20.0
2002-07-08,1732.934,50.4548988342285,2.5264,,110.98899355,0.62397369,,
2002-07-09,1729.986,50.4104995727539,2.5154,,104.44746284,-0.17011612,,
2002-07-10,1701.824,49.6025009155273,2.5941,,119.49595803,-1.62787445,,
2002-07-11,1696.94,49.4410018920898,2.5707,,92.82337045,-0.2869862,,
2002-07-12,1698.298,49.4850997924805,2.5536,,83.90500372,0.0800264,,
2002-07-15,1687.945,49.1841011047363,2.8396,,80.25674109,-0.60961033,,
2002-07-16,1691.623,49.2873001098633,2.7022,,69.4580568,0.2178981,,
2002-07-17,1701.718,49.5777015686035,2.7554,,62.53292763,0.59676417,,
2002-07-18,1704.912,49.9502983093262,2.7564,,81.09548621,0.18769267,,
2002-07-19,1713.861,50.2256011962891,2.9312,,74.53637036,0.52489513,,
2002-07-22,1681.009,49.2044982910156,2.9691,,82.74087668,-1.91684156,,
2002-07-23,1673.861,48.9966011047363,2.8758,,66.93794115,-0.4252208,,
2002-07-24,1672.4,49.0017013549805,2.9785,,52.97384221,-0.08728323,,
2002-07-25,1665.109,48.839900970459,2.7816,,51.82105083,-0.4359603,,
2002-07-26,1657.499,48.5768013000488,2.8931,,48.61312682,-0.45702714,,
2002-07-29,1665.674,49.0614013671875,2.7962,,48.2413378,0.49321297,,
2002-07-30,1669.002,49.1649017333984,2.8115,,61.17257337,0.199799,,
2002-07-31,1651.594,48.7193984985352,2.869,,53.25009268,-1.04301852,,
2002-08-01,1653.008,48.7615013122559,2.9805,,46.98493544,0.08561426,,
2002-08-02,1661.871,49.0237007141113,3.0287,,40.6744446,0.53617405,,
2002-08-05,1653.957,49.0153999328613,3.0054,,40.85991622,-0.47621025,,
2002-08-06,1670.619,49.6627998352051,2.9415,,64.27125047,1.00740225,,
2002-08-07,1668.065,49.5780982971191,2.99,,36.10395781,-0.15287747,,
2002-08-08,1659.802,49.2337989807129,2.8753,,40.62433494,-0.49536439,,
2002-08-09,1647.046,48.8325996398926,3.1741,,48.56738027,-0.7685254,,
2002-08-12,1634.566,48.6127014160156,3.0804,,43.43152704,-0.75772019,,
2002-08-13,1636.632,48.9277000427246,2.9737,,31.57477263,0.12639441,,
2002-08-14,1646.722,49.423698425293,3.0038,,30.82671691,0.61651,,
2002-08-15,1634.366,49.2662010192871,2.988,,32.71647982,-0.75033916,30.0,30.0
2002-08-16,1646.792,49.7839012145996,3.3451,,53.668946,0.76029482,46.1691,46.169137
2002-08-19,1644.301,52.961498260498,3.3411,,35.15355061,-0.15126379,,
2002-08-20,1671.351,54.011100769043,3.3896,,74.29759687,1.64507593,,
2002-08-21,1673.549,54.451301574707,3.3991,,60.19225511,0.13151038,,
2002-08-22,1686.111,55.0130996704102,2.8007,,94.49429128,0.75062039,,
2002-08-23,1683.207,55.1371002197266,2.8007,,62.00475381,-0.17223065,46.7811,46.78107
2002-08-26,1670.685,55.4071006774902,3.3751,,53.6680956,-0.74393702,,
2002-08-27,1679.691,55.9401016235352,3.3321,,70.74299613,0.53906033,,
2002-08-28,1676.77,55.8647994995117,3.3262,,64.40210734,-0.17390103,,
2002-08-29,1667.318,55.5578002929688,3.0539,,44.72174793,-0.56370283,,
2002-08-30,1666.618,55.5224990844727,3.0595,,42.61461796,-0.04198359,,
2002-09-02,1668.774,55.6893005371094,3.1491,,37.20359891,0.12936378,,
2002-09-03,1674.07,55.9126014709473,2.8736,,42.61109004,0.31735873,,
2002-09-04,1663.972,55.5747985839844,2.9627,,41.01158749,-0.60320058,,
2002-09-05,1641.807,54.8516998291016,3.5311,,61.43667034,-1.33205366,,
2002-09-06,1631.384,54.4925003051758,3.4072,,52.70246945,-0.63484928,,
2002-09-09,1621.582,54.1657981872559,3.497,,41.52661736,-0.60083953,,
2002-09-10,1625.111,54.3073997497559,3.3954,,37.55117416,0.21762698,,
2002-09-11,1620.355,54.157901763916,2.9574,,42.20175143,-0.29265693,,
2002-09-12,1624.558,54.2896995544434,3.0011,,37.22187293,0.2593876,,
2002-09-13,1625.759,54.3328018188477,3.5097,,33.62246194,0.0739278,22.1886,22.188647
2002-09-16,1604.083,53.6291007995605,3.1667,,46.17856295,-1.33328495,,
2002-09-17,1604.881,53.6585006713867,3.2284,,42.13629446,0.04974805,,
2002-09-18,1594.584,53.3158988952637,2.9506,,36.83156238,-0.6416052,31.6689,31.66886
2002-09-19,1619.354,54.1665992736816,3.2036,,56.82547733,1.5533832,,
2002-09-20,1604.913,53.679500579834,3.2078,,38.91941013,-0.89177536,49.0266,49.02665
2002-09-23,1602.591,53.6110992431641,3.0333,,27.68257985,-0.14468074,,
2002-09-24,1596.732,53.4183006286621,3.0304,,33.27743462,-0.36559546,,
2002-09-25,1597.837,53.4636001586914,3.2877,,38.53787256,0.06920385,,
2002-09-26,1587.649,53.1058006286621,2.9575,,44.17021256,-0.63761197,,
2002-09-27,1581.618,52.9810981750488,3.1266,,41.8770185,-0.37986986,,
2002-10-08,1562.993,52.3549995422363,3.1328,,26.59837924,-1.17759155,14.4642,14.464157
2002-10-09,1535.366,50.6898002624512,3.1919,,75.73820065,-1.7675703,30.4698,30.469837
2002-10-10,1530.407,50.537899017334,3.0882,,35.87683527,-0.32298488,,
2002-10-11,1524.051,50.2793006896973,3.101,,46.44885919,-0.41531436,,
2002-10-14,1531.676,50.5233001708984,3.0843,,40.97420885,0.50031134,,
2002-10-15,1524.728,50.2731018066406,3.0876,,29.74364563,-0.45362074,,
2002-10-16,1537.388,50.6874008178711,3.0828,,40.12776856,0.83031203,,
2002-10-17,1513.097,49.8931999206543,3.0918,,34.06702678,-1.58001754,,
2002-10-18,1519.539,50.121898651123,2.969,,35.41925504,0.42574931,,
2002-10-21,1524.925,50.3133010864258,3.1401,,29.47387177,0.35444961,,
2002-10-22,1548.104,51.0797996520996,3.1594,,55.63652368,1.52000918,,
2002-10-23,1548.965,51.084400177002,3.0967,,41.65715359,0.05561642,,51.3279
2002-10-24,1536.52,50.6623992919922,2.9092,,42.08307248,-0.80343972,,
2002-10-25,1520.313,50.2336006164551,3.0202,,44.38120265,-1.05478614,,
2002-10-28,1502.716,49.5700988769531,2.8949,,40.87222648,-1.15745902,,
2002-10-29,1510.882,49.8529014587402,3.1323,,42.13726237,0.54341605,,
2002-10-30,1509.707,49.7391014099121,3.1979,,33.83481351,-0.07776914,,
2002-10-31,1507.496,49.6515998840332,2.9978,,31.54416254,-0.14645226,,
2002-11-01,1510.76,49.7678985595703,3.2675,,31.49422226,0.21651799,,
2002-11-04,1531.842,50.4497985839844,3.24,,43.42407878,1.39545659,,
2002-11-05,1558.239,51.3081016540527,3.3014,,105.2807365,1.7232195,20.0191,20.019149
2002-11-06,1552.561,51.1213989257812,3.3012,,61.51167798,-0.36438569,,
2002-11-07,1554.237,51.1596984863281,3.3167,,55.51289115,0.10795067,,
2002-11-08,1522.187,50.1199989318848,3.3773,,75.41349207,-2.06210507,30.94,30.940013
2002-11-11,1504.403,49.5330009460449,3.2947,,38.55845289,-1.168319,26.0366,26.036649
2002-11-12,1485.913,48.9533004760742,3.2886,,62.12785716,-1.22905897,,
2002-11-13,1490.464,49.1120986938477,3.302,,53.24174352,0.30627634,16.8228,16.822813
2002-11-14,1460.795,48.1200981140137,3.3067,,49.54007423,-1.99058817,,
2002-11-15,1463.691,48.2015991210938,3.2957,,52.75652459,0.19824821,,
2002-11-18,1451.29,47.774600982666,3.2822,,37.00765817,-0.84724167,,
2002-11-19,1462.174,48.1190986633301,3.2926,,37.10422808,0.74995349,,
2002-11-20,1425.843,46.9280014038086,3.2619,,48.12460552,-2.4847248,,
2002-11-21,1390.629,45.7640991210938,3.296,,54.83245242,-2.46969687,,
2002-11-22,1395.497,45.9271011352539,3.249,,54.03454271,0.35005742,,
2002-11-25,1398.438,46.0358009338379,3.2596,,34.16142871,0.21074929,,
2002-11-26,1371.167,45.1557006835938,3.2682,,41.7413137,-1.95010433,,
2002-11-27,1378.752,45.4160995483398,3.2826,,53.329748,0.55317842,,
2002-11-28,1417.525,46.6786003112793,3.3,,62.08716381,2.81218087,,
2002-11-29,1434.182,47.2215003967285,3.5248,,122.67849142,1.17507628,,
2002-12-02,1395.675,45.9597015380859,3.3229,,56.63038844,-2.68494515,,
2002-12-03,1408.843,46.3922004699707,3.3357,,42.18664747,0.94348613,,
2002-12-04,1414.454,46.5694007873535,3.3227,,65.04122259,0.39827007,,
2002-12-05,1404.88,46.2495002746582,3.2596,,39.77073506,-0.67686895,,
2002-12-06,1405.525,46.2747993469238,3.3433,,33.08794721,0.04591139,,
2002-12-09,1400.867,46.1152992248535,3.3361,,27.87268691,-0.33140641,,
2002-12-10,1383.84,45.5507011413574,3.1527,,43.419473,-1.21546157,,
2002-12-11,1379.195,45.399299621582,3.1962,,36.43224197,-0.33566019,,
2002-12-12,1383.91,45.5425987243652,3.3755,,37.91909429,0.34186609,,
2002-12-13,1396.898,45.9560012817383,3.2664,,46.21435005,0.93850034,,
2002-12-16,1408.515,46.3368988037109,3.3202,,52.47327365,0.83162837,,
2002-12-17,1416.096,46.5789985656738,3.3332,,47.65673085,0.53822643,,
2002-12-18,1411.719,46.4403991699219,2.9758,,52.86673451,-0.30908921,,
2002-12-19,1413.597,46.4999008178711,3.1929,,42.08861785,0.13302931,,
2002-12-20,1427.936,46.9637985229492,3.1941,,53.48770329,1.01436265,,
2002-12-23,1430.199,47.0416984558105,3.2778,,54.74167526,0.15848049,,
2002-12-24,1430.827,47.0671005249023,2.8596,,46.05115453,0.04390997,,
2002-12-25,1421.515,46.763599395752,3.1451,,46.80032385,-0.65081243,,
2002-12-26,1384.152,45.543098449707,3.232,,70.55430849,-2.62839295,,
2002-12-27,1382.971,45.5005989074707,3.5878,,56.90603823,-0.085323,,
2002-12-30,1366.362,44.9542999267578,3.4611,,53.27514632,-1.20096517,,
2002-12-31,1357.654,44.6674003601074,3.1776,,58.33557422,-0.63731281,,
2003-01-02,1320.63,43.4394989013672,3.0781,,38.83362087,-2.72705711,,
2003-01-03,1319.868,43.4160003662109,3.1402,,27.23884223,-0.05769973,,
2003-01-06,1334.679,43.6408996582031,3.2379,,39.74558319,1.12215767,,
2003-01-07,1332.061,43.8166999816895,3.1941,,44.12252213,-0.19615203,,
2003-01-08,1372.067,45.3694000244141,3.1692,,55.81740245,3.00331591,,
2003-01-09,1397.384,46.2113990783691,3.3369,,112.12998074,1.84517228,,
2003-01-10,1384.859,45.7928009033203,3.1219,,105.57969826,-0.89631769,,
2003-01-13,1386.314,45.7736015319824,3.0967,,58.73750483,0.10506485,,
2003-01-14,1466.851,48.4430999755859,3.1497,,227.89709603,5.80943423,,
2003-01-15,1459.92,48.2140998840332,3.1259,,213.34485658,-0.4725088,,
2003-01-16,1485.618,49.0404014587402,3.2081,,157.41847006,1.76023344,,
2003-01-17,1478.675,48.7233009338379,3.2389,,133.92218426,-0.4673476,,
2003-01-20,1482.681,48.9113006591797,3.1604,,106.70713928,0.27091822,,
2003-01-21,1454.891,48.0029983520508,3.2106,,99.55829856,-1.87430742,,
2003-01-22,1460.53,48.1772003173828,3.0718,,77.82394568,0.38758917,,
2003-01-23,1450.616,47.8306999206543,3.072,,73.81637371,-0.67879468,,
2003-01-24,1479.07,48.8143997192383,3.0137,,92.28928605,1.96151152,,
2003-01-27,1496.157,49.2673988342285,3.0528,,93.55492744,1.15525296,,
2003-01-28,1500.639,49.2484016418457,3.0326,,72.56385025,0.29956749,,
2003-01-29,1499.815,49.2247009277344,3.1265,,81.14116749,-0.05490994,,
2003-02-10,1480.169,47.1068992614746,3.1675,,50.42780439,-1.30989489,,
2003-02-11,1492.764,47.475700378418,3.0664,,43.80750123,0.85091635,,
2003-02-12,1510.671,48.0265998840332,3.1915,,75.0014805,1.19958681,,
2003-02-13,1504.338,47.8158988952637,3.198,,94.21266825,-0.41921769,,
2003-02-14,1510.95,48.0353012084961,3.2047,,69.95608971,0.43952888,,
2003-02-17,1496.523,47.5611000061035,3.1263,,77.49922195,-0.95482974,,
2003-02-18,1496.468,47.5082015991211,3.2831,,54.73906762,-0.00367519,,
2003-02-19,1510.803,47.9478988647461,3.2237,,65.96342042,0.95792225,,
2003-02-20,1509.486,47.7271003723145,3.1959,,69.9957261,-0.08717219,,
2003-02-21,1478.871,46.7435989379883,3.1681,,79.80211157,-2.02817383,,
2003-02-24,1481.936,46.8277015686035,2.9318,,56.41785124,0.20725269,,
2003-02-25,1511.275,47.3502998352051,3.4377,,84.77911375,1.9797751,,
2003-02-26,1513.175,47.3222999572754,3.2151,,63.0131929,0.12572166,,
2003-02-27,1513.704,47.282398223877,3.224,,66.62132602,0.0349596,,
2003-02-28,1511.932,47.3973007202148,3.1225,,59.63188604,-0.11706384,,
2003-03-03,1525.483,47.7770004272461,2.9806,,80.6416065,0.89627047,,
2003-03-04,1524.304,47.7713012695312,3.1687,,74.92838546,-0.077287,,
2003-03-05,1517.179,47.5102005004883,2.9242,,61.70288994,-0.46742645,,
2003-03-06,1498.343,46.8558006286621,3.0171,,71.79470287,-1.24151468,,
2003-03-07,1493.093,46.5382995605469,3.2311,,58.19913722,-0.35038706,,
2003-03-10,1468.919,45.7602005004883,2.9959,,62.20774432,-1.61905521,,
2003-03-11,1469.548,45.7276992797852,2.9064,,45.98943682,0.0428206,,
2003-03-12,1475.008,46.0306015014648,3.201,,45.74538832,0.37154281,,
2003-03-13,1464.649,45.3945999145508,3.4914,,46.67211703,-0.70230128,,
2003-03-14,1466.044,45.443000793457,3.0836,,42.76278167,0.09524466,,
2003-03-17,1469.274,45.5834999084473,3.1414,,51.1404334,0.22032081,,
2003-03-18,1459.892,45.1594009399414,3.0897,,51.63435846,-0.63854666,,
2003-03-19,1469.96,45.410099029541,3.1057,,56.47205271,0.68964006,,
2003-03-20,1464.54,45.1901016235352,3.1698,,56.79245072,-0.36871752,,
2003-03-21,1474.657,45.6022987365723,2.876,,48.60613083,0.69079711,,
2003-03-24,1477.766,45.6585998535156,3.1577,,43.34155289,0.21082869,,
2003-03-25,1462.4,44.8468017578125,3.1115,,49.74811847,-1.0398128,,
2003-03-26,1456.271,44.3844985961914,2.8754,,49.53536123,-0.41910558,,
2003-03-27,1499.347,44.8045997619629,3.2573,,109.67467874,2.95796593,,
2003-03-28,1491.941,44.5713996887207,3.018,,110.82297409,-0.49394837,,
2003-03-31,1510.578,42.7332000732422,2.9228,,89.13051962,1.24917808,,
2003-04-01,1522.546,43.1044998168945,2.8838,,116.06546833,0.79227951,,
2003-04-02,1521.32,42.7877006530762,2.9212,,77.78498412,-0.08052302,,
2003-04-03,1511.729,42.4253997802734,2.9597,,71.48891672,-0.63043936,,
2003-04-04,1521.128,42.6903991699219,2.9595,,76.26323359,0.62173842,,
2003-04-07,1515.132,42.5096015930176,2.9189,,96.53115369,-0.39418116,,
2003-04-08,1520.551,42.9380989074707,2.7718,,112.94889003,0.35765861,,
2003-04-09,1543.674,43.5569000244141,2.9295,,185.79366397,1.52069875,,
2003-04-10,1551.18,43.7734985351562,3.3455,,248.50131382,0.48624256,,
2003-04-11,1576.86,44.4994010925293,3.0019,,222.33282985,1.65551387,,
2003-04-14,1616.072,45.6049995422363,3.3415,,297.04321366,2.4867141,,
2003-04-15,1631.47,46.4653015136719,2.8954,,274.46242358,0.95280408,,
2003-04-16,1606.24,45.6755981445312,2.9654,,330.15484375,-1.5464581,25.8754,25.875417
2003-04-17,1613.604,45.7967987060547,3.3637,,229.97551977,0.458462,,
2003-04-18,1603.077,44.8359985351562,2.9659,,195.36118614,-0.65239055,,
2003-04-21,1571.714,43.9001998901367,2.8122,,173.99156346,-1.95642505,,
2003-04-22,1568.692,43.9662017822266,3.3122,,98.06972585,-0.19227417,,
2003-04-23,1541.96,42.9472999572754,2.8198,,126.25058377,-1.70409488,,
2003-04-24,1503.59,41.5121994018555,3.4933,,156.50425377,-2.4883914,,
2003-04-25,1487.147,43.1978988647461,2.8707,,98.95816612,-1.09358269,26.3012,26.301191
2003-04-28,1537.691,43.9164009094238,2.9733,,192.75407043,3.39872252,19.2817,45.137087
2003-04-29,1509.313,40.1016998291016,2.834,,156.53447087,-1.84549432,,
2003-04-30,1521.444,41.0369987487793,2.834,,155.06754892,0.80374316,,
2003-05-12,1531.867,41.3483009338379,2.7021,,130.76392196,0.68507286,,
2003-05-13,1485.307,40.1058006286621,2.9153,,176.09896858,-3.03942836,,
2003-05-14,1522.924,41.1557006835938,2.8497,,135.19935578,2.53260774,,
2003-05-15,1555.285,42.0075988769531,2.8648,,182.66327493,2.12492547,,
2003-05-16,1554.452,41.9844017028809,2.662,,136.74729205,-0.05355932,,
2003-05-19,1555.447,39.5638008117676,2.8939,,112.61229758,0.0640097,,
2003-05-20,1535.52,39.1181983947754,2.834,,91.69082115,-1.28111083,,
2003-05-21,1533.483,39.0511016845703,2.885,,75.94697437,-0.13265864,,
2003-05-22,1546.113,39.3723983764648,2.9155,,81.30460738,0.82361526,,
2003-05-23,1560.955,39.7536010742188,2.7987,,153.18020496,0.95995571,,
2003-05-26,1569.512,39.9785003662109,2.8539,,123.22333186,0.54819005,,
2003-05-27,1568.341,39.9314994812012,2.8527,,119.43883604,-0.07460918,,
2003-05-28,1551.811,39.5007019042969,2.8799,,123.2775476,-1.05397997,,
2003-05-29,1568.156,39.9011001586914,2.8693,,132.01451393,1.05328548,,
2003-05-30,1576.261,40.1029014587402,2.8717,,143.61624603,0.51684909,,
2003-06-02,1576.528,40.1067008972168,2.8461,,104.35779816,0.01693882,,
2003-06-03,1562.237,39.7370986938477,2.7828,,98.57029202,-0.90648564,,
2003-06-04,1574.111,40.0554008483887,2.8751,,113.58710261,0.76006393,,
2003-06-05,1556.249,39.6017990112305,2.8853,,93.7202283,-1.13473573,,
2003-06-06,1538.92,39.1559982299805,2.9811,,89.39566321,-1.11351076,,
2003-06-09,1530.215,38.9612007141113,2.8948,,76.75308826,-0.56565643,,
2003-06-10,1538.762,39.1867980957031,2.8086,,57.63121188,0.55854896,,
2003-06-11,1565.84,39.8793983459473,2.7466,,92.19856179,1.75972633,,
2003-06-12,1562.106,39.7882995605469,2.8471,,67.3185073,-0.23846625,,21.527767
2003-06-13,1566.766,39.8925018310547,2.9415,,77.73022472,0.29831522,,
2003-06-16,1559.705,39.6876983642578,2.9529,,67.85720363,-0.45067355,15.1653,15.165267
2003-06-17,1557.175,39.6403999328613,2.9917,,62.56299111,-0.16221016,,
2003-06-18,1553.877,39.5479011535645,2.8482,,69.60588641,-0.21179379,,
2003-06-19,1538.754,39.1525993347168,2.8482,,76.80199292,-0.97324306,,
2003-06-20,1529.47,38.9166984558105,2.9221,,54.97994821,-0.6033453,,
2003-06-23,1511.365,38.4436988830566,3.0084,,57.83695953,-1.18374339,,
2003-06-24,1512.429,38.4721984863281,2.9306,,51.43549617,0.07039994,,
2003-06-25,1502.077,38.2131004333496,2.8583,,55.21081396,-0.68446188,,
2003-06-26,1515.375,38.5588989257812,2.8538,,78.19104599,0.88530748,,
2003-06-27,1497.054,38.1467018127441,3.0098,,63.91161366,-1.20900767,,51.929831
2003-06-30,1486.024,37.8488998413086,3.0821,,47.0975525,-0.73678037,,
2003-07-01,1484.704,37.8129005432129,2.9856,,54.31241062,-0.08882764,,
2003-07-02,1499.682,38.2024993896484,2.9407,,56.00177196,1.00882061,,
2003-07-03,1504.436,38.2766990661621,3.2163,,58.84867259,0.31700054,,
2003-07-04,1502.349,38.2308006286621,2.9671,,55.11205834,-0.13872308,,
2003-07-07,1501.484,38.2097015380859,2.8642,,52.18392706,-0.0575765,,
2003-07-08,1512.019,38.4672012329102,2.9663,,55.18777312,0.70163918,,
2003-07-09,1503.314,38.2370986938477,3.1218,,46.68417802,-0.57572028,19.7559,25.621053
2003-07-10,1531.927,38.9015007019043,3.0194,,110.07500869,1.90332825,,
2003-07-11,1528.854,38.7192993164062,2.9361,,78.79258327,-0.20059703,,
2003-07-14,1521.414,38.5209999084473,2.9337,,55.30841381,-0.48663901,,
2003-07-15,1525.439,38.5817985534668,2.905,,62.79063097,0.26455652,26.0826,38.958496
2003-07-16,1529.491,38.6491012573242,2.8744,,60.59993758,0.26562845,,
2003-07-17,1539.358,38.875301361084,2.9423,,107.85932564,0.64511658,,
2003-07-18,1507.162,38.0583000183105,2.9065,,95.07637279,-2.09152127,,
2003-07-21,1495.885,37.801700592041,2.9592,,81.70413558,-0.74822746,,
2003-07-22,1498.485,37.271598815918,2.8903,,75.03321472,0.17381015,,
2003-07-23,1502.148,37.3133010864258,2.8749,,57.82129198,0.24444689,,
2003-07-24,1493.451,37.0780982971191,2.9626,,53.08249011,-0.57897091,,
2003-07-25,1477.651,36.5886993408203,2.9083,,91.6777418,-1.05795235,,
2003-07-28,1470.393,36.3468017578125,2.9299,,48.89320258,-0.491185,,
2003-07-29,1477.296,36.5934982299805,2.8954,,43.20293259,0.46946633,,
2003-07-30,1479.652,36.6403999328613,2.935,,47.99666056,0.15948056,,
2003-07-31,1476.742,36.4865989685059,2.9294,,44.21883089,-0.19666787,,
2003-08-01,1476.969,36.3004989624023,2.946,,51.62564778,0.01537168,,
2003-08-04,1494.365,36.8564987182617,2.9823,,61.53817171,1.17781754,29.889,29.889002
2003-08-05,1494.312,36.7811012268066,2.906,,46.65759245,-0.00354666,,
2003-08-06,1486.252,36.5121002197266,2.911,,44.48954468,-0.53937866,,
2003-08-07,1487.37,36.4522018432617,2.975,,45.94459639,0.07522278,,
2003-08-08,1471.272,35.932300567627,2.975,,55.93953356,-1.08231308,36.6612,36.661181
2003-08-11,1474.413,36.0446014404297,2.9402,,36.38653754,0.21348874,,
2003-08-12,1479.283,36.0833015441895,2.9035,,33.66786634,0.33030094,,
2003-08-13,1465.827,35.685001373291,2.8305,,38.32808678,-0.90962987,,
2003-08-14,1455.899,35.4935989379883,2.8604,,60.228369,-0.67729684,,
2003-08-15,1450.203,35.3508987426758,2.8604,,55.01424369,-0.39123593,,
2003-08-18,1445.089,35.132999420166,2.8604,,37.9483238,-0.35264029,,
2003-08-19,1449.712,35.2751007080078,2.8873,,37.40258096,0.31991109,,
2003-08-20,1441.664,34.8568992614746,2.8358,,42.74520614,-0.55514475,,
2003-08-21,1441.09,34.9287986755371,2.858,,44.59391164,-0.0398151,,
2003-08-22,1438.883,34.923999786377,2.8825,,42.31810067,-0.15314796,36.9843,36.984323
2003-08-25,1422.176,34.8354988098145,2.8483,,45.26771681,-1.161109,,
2003-08-26,1425.212,35.4035987854004,2.8856,,39.31834803,0.21347569,51.2278,51.227849
2003-08-27,1425.362,35.6642990112305,2.8531,,35.88760815,0.01052475,,
2003-08-28,1415.693,35.4147987365723,2.9125,,40.64544875,-0.67835399,,
2003-08-29,1421.983,35.787899017334,2.831,,46.51512159,0.44430537,,
2003-09-01,1449.816,37.1095008850098,2.8366,,75.21634486,1.95733704,,
2003-09-02,1446.512,37.0200996398926,2.9039,,82.53647539,-0.22789099,,
2003-09-03,1447.85,37.0540008544922,2.8351,,64.36390511,0.09249837,,
2003-09-04,1447.425,37.0521011352539,2.9013,,60.53828727,-0.02935387,,
2003-09-05,1431.533,36.6441993713379,2.9126,,68.68727894,-1.09794981,37.9689,37.968858
2003-09-08,1425.727,36.5144004821777,3.0028,,49.38644957,-0.40557919,,
2003-09-09,1420.074,36.3596992492676,2.9273,,49.10830023,-0.39649947,,
2003-09-10,1423.177,36.4376983642578,2.8804,,42.21440608,0.21850974,,
2003-09-11,1423.96,36.4584999084473,2.9241,,36.98296701,0.05501775,,
2003-09-12,1409.162,35.9803009033203,2.9758,,77.23812494,-1.03921458,,
2003-09-15,1397.54,35.6806983947754,2.7846,,54.90225177,-0.82474549,,
2003-09-16,1406.104,35.8986015319824,2.9086,,51.66490998,0.61279105,,
2003-09-17,1389.822,35.4870986938477,3.024,,46.89274264,-1.15795133,,
2003-09-18,1390.485,35.5010986328125,3.018,,44.6328194,0.04770395,,
2003-09-19,1391.37,35.5248985290527,3.0789,,42.0640066,0.06364686,,
2003-09-22,1381.443,35.2582015991211,3.1364,,38.98377918,-0.71346946,,
2003-09-23,1390.174,35.4907989501953,3.3278,,46.43057198,0.63202029,,
2003-09-24,1394.229,35.5914993286133,3.128,,45.75963839,0.2916901,,
2003-09-25,1376.291,35.1306991577148,3.2146,,37.90629057,-1.28658922,,
2003-09-26,1370.843,34.9964981079102,3.0704,,36.56181295,-0.39584652,,
2003-09-29,1355.335,34.6082000732422,3.5568,,37.54180507,-1.1312747,,
2003-09-30,1367.161,34.9141006469727,3.2369,,45.14469154,0.8725518,12.4376,21.172251
2003-10-08,1371.685,35.0429992675781,3.2024,,30.1561912,0.3309047,,
2003-10-09,1369.174,34.9846000671387,3.0988,,36.8724059,-0.18305952,,
2003-10-10,1404.008,35.890998840332,3.1277,,85.84679533,2.54416166,,
2003-10-13,1399.658,35.7163009643555,3.4612,,61.12852822,-0.30982729,,
2003-10-14,1388.172,35.3869018554688,3.4475,,45.39976675,-0.82062904,,
2003-10-15,1383.098,35.2551002502441,3.2226,,47.72950999,-0.36551667,,
2003-10-16,1365.505,34.7304992675781,3.3946,,44.63240874,-1.27199953,,
2003-10-17,1370.582,34.8536987304688,3.3422,,38.93038824,0.37180384,,
2003-10-20,1359.498,34.5475006103516,3.4005,,37.59461605,-0.80870754,,
2003-10-21,1364.301,34.4129981994629,3.1024,,47.87531285,0.35329217,,
2003-10-22,1398.01,34.8977012634277,3.2566,,103.7794829,2.47078907,,
2003-10-23,1386.653,34.4757995605469,3.5915,,71.22411367,-0.81236901,,
2003-10-24,1381.83,34.3935012817383,3.9011,,62.22542416,-0.34781593,13.6205,18.357826
2003-10-27,1369.463,33.8692016601562,3.1761,,57.8954893,-0.89497261,,
2003-10-28,1369.325,33.8036003112793,3.4101,,67.8975476,-0.01007694,,
2003-10-29,1361.487,33.1603012084961,3.441,,93.7846274,-0.57239881,,
2003-10-30,1344.633,32.3714981079102,3.4781,,59.85314885,-1.2379112,,
2003-10-31,1348.303,32.2985000610352,3.3235,,65.98744655,0.27293693,12.8413,12.841338
2003-11-03,1364.055,32.6811981201172,3.315,,67.5850983,1.16828339,,
2003-11-04,1389.545,33.307201385498,3.2792,,157.40351617,1.86869298,,
2003-11-05,1385.11,33.2248001098633,3.2197,,93.46963512,-0.31916922,,
2003-11-06,1356.79,32.5555000305176,3.2523,,107.78479931,-2.04460296,,
2003-11-07,1335.205,32.023998260498,3.423,,93.7041852,-1.59088731,,
2003-11-10,1340.097,32.1539001464844,3.531,,55.48321466,0.36638569,,
2003-11-11,1343.616,32.2342987060547,3.702,,59.06508379,0.26259293,,
2003-11-12,1317.792,31.6161994934082,3.2513,,62.0065157,-1.92197771,,
2003-11-13,1319.608,31.646900177002,3.627,,54.56608533,0.13780627,,
2003-11-14,1331.051,31.9197998046875,3.6561,,49.40258695,0.86715146,,
2003-11-17,1328.103,31.8514003753662,3.5571,,39.07009492,-0.22147912,,
2003-11-18,1316.562,31.7667007446289,3.7474,,93.85899847,-0.86898381,,
2003-11-19,1338.87,32.3064002990723,3.7764,,67.67137465,1.69441318,,
2003-11-20,1376.506,33.2086982727051,3.7358,,132.79890928,2.81102721,,
2003-11-21,1361.559,32.8586006164551,3.7608,,132.13181209,-1.08586523,,
2003-11-24,1404.008,33.8922004699707,3.7557,,123.367248,3.11767613,,
2003-11-25,1408.415,33.9910011291504,3.7882,,175.02878792,0.3138871,,
2003-11-26,1411.909,34.0775985717773,3.9439,,114.68125152,0.24808029,,
2003-11-27,1389.103,33.5293006896973,3.9439,,102.17130292,-1.61525991,,
2003-11-28,1397.225,33.7294998168945,3.933,,84.51705659,0.58469386,,
2003-12-01,1432.703,34.5989990234375,3.8123,,125.84203039,2.53917587,,
2003-12-02,1435.314,34.6773986816406,3.9896,,133.36005095,0.18224294,,22.946604
2003-12-03,1445.026,34.9247016906738,3.8603,,147.97767736,0.67664636,31.3191,31.31907
2003-12-04,1452.809,35.1064987182617,3.948,,133.68886968,0.53860623,,
2003-12-05,1451.118,35.252799987793,3.5479,,106.3374101,-0.1163952,6.8435,25.717235
2003-12-08,1436.663,34.9188003540039,3.8465,,91.8633078,-0.9961285,,
2003-12-09,1443.366,35.0842018127441,3.7795,,78.74664948,0.46656732,20.3505,20.35051
2003-12-10,1469.422,35.7359008789062,3.8946,,142.27133362,1.80522473,,
2003-12-11,1470.023,35.763500213623,3.6811,,137.53307727,0.04090044,,
2003-12-12,1470.792,35.7952995300293,3.8544,,108.09049651,0.05231211,,
2003-12-15,1470.357,35.7818984985352,3.8466,,82.11120001,-0.0295759,,
2003-12-16,1466.337,35.7083015441895,3.72,,113.6539599,-0.27340299,,
2003-12-17,1453.995,35.4028015136719,3.8502,,121.89970119,-0.84168919,,
2003-12-18,1457.301,35.5075988769531,3.6396,,104.24715509,0.22737355,,
2003-12-19,1446.285,35.2728004455566,3.796,,169.5831165,-0.75591796,,
2003-12-22,1492.963,36.4548988342285,3.739,,196.73211092,3.22744134,,
2003-12-23,1500.64,36.6520004272461,3.6918,,174.59588266,0.51421234,,
2003-12-24,1513.825,36.9651985168457,3.7619,,155.6622452,0.87862512,,
2003-12-25,1512.597,36.9565010070801,3.9065,,151.61349343,-0.08111902,,
2003-12-26,1514.775,37.0177001953125,3.7904,,121.43883685,0.14399077,,
2003-12-29,1496.427,36.5410003662109,3.8508,,104.47007003,-1.211269,,
2003-12-30,1511.691,36.9387016296387,3.7711,,115.47472687,1.02002971,,42.537455
2003-12-31,1497.044,36.5801010131836,3.3602,,111.49813605,-0.96891494,,
2004-01-02,1517.193,37.1133003234863,3.1524,,125.31961031,1.34591902,,
2004-01-05,1568.353,38.4564018249512,3.8984,,214.6433483,3.37201661,,
2004-01-06,1574.523,38.5887985229492,4.2513,,240.71373,0.39340633,,
2004-01-07,1587.204,38.8716011047363,3.7457,,230.81933933,0.80538677,,
2004-01-08,1610.126,39.4006004333496,3.8526,,221.09284268,1.44417479,,
2004-01-09,1581.466,38.6748008728027,3.8937,,250.29921845,-1.77998492,,
2004-01-12,1618.518,39.5830993652344,3.7339,,185.16250786,2.34288945,,
2004-01-13,1612.683,39.3886985778809,3.9283,,205.96110973,-0.36051499,,
2004-01-14,1592.423,38.8647994995117,3.6318,,156.58247615,-1.25629153,,46.445305
2004-01-15,1586.493,38.7345008850098,3.7471,,145.40641985,-0.37238849,,
2004-01-16,1600.425,39.1853981018066,3.7248,,161.90878965,0.87816335,,62.859209
2004-01-29,1628.837,39.8506011962891,3.7954,,149.18171729,1.77527844,,
2004-01-30,1590.729,38.8307991027832,3.8706,,190.61625544,-2.3395834,,
2004-02-02,1623.88,39.5612983703613,3.8742,,270.05597668,2.08401305,,
2004-02-03,1649.282,40.2086982727051,3.8597,,211.64115374,1.56427815,,
2004-02-04,1685.159,41.0861015319824,3.9247,,266.11897411,2.17531023,,
2004-02-05,1693.428,41.2667999267578,3.8131,,263.37210816,0.49069554,,
2004-02-06,1679.193,40.9262008666992,3.9176,,268.40607054,-0.84060261,,
2004-02-09,1703.529,41.5172996520996,3.8086,,213.66236545,1.44926759,,
2004-02-10,1691.009,41.2336006164551,3.8094,,222.58809465,-0.73494493,,60.233102
2004-02-11,1677.759,40.8247985839844,3.6915,,209.43277467,-0.78355585,,
2004-02-12,1663.832,40.4269981384277,3.8403,,217.18092966,-0.83009538,,
2004-02-13,1658.539,40.2318000793457,3.8469,,185.80437128,-0.31812106,,
2004-02-16,1696.827,41.1624984741211,3.7942,,194.20663809,2.30853782,,
2004-02-17,1703.774,41.2545013427734,3.8259,,258.84237639,0.40941121,,
2004-02-18,1717.096,41.4594993591309,3.8753,,254.88156805,0.78191122,,
2004-02-19,1717.015,41.4477996826172,3.8225,,236.40127896,-0.00471727,,
2004-02-20,1721.752,41.5269012451172,3.8289,,199.54141368,0.27588577,,
2004-02-23,1681.654,40.5666999816895,3.8481,,238.85964535,-2.32890683,,
2004-02-24,1682.297,40.4538993835449,3.7621,,219.55399418,0.03823617,,
2004-02-25,1647.381,39.5250015258789,3.8337,,202.21345452,-2.07549559,,
2004-02-26,1654.898,39.3917999267578,3.7724,,182.67056616,0.45630003,,
2004-02-27,1675.067,39.8506011962891,3.8105,,164.61930207,1.21874581,,
2004-03-01,1689.76,40.0386009216309,3.8553,,170.93334922,0.87715894,,
2004-03-02,1687.278,40.0833015441895,3.9244,,173.87185256,-0.14688476,,60.722088
2004-03-03,1661.812,39.5914993286133,3.9102,,159.50583165,-1.50929485,,
2004-03-04,1668.874,39.7561988830566,3.7857,,147.06938122,0.42495782,,
2004-03-05,1662.096,39.5811996459961,3.8959,,132.61255967,-0.40614211,,80.498501
2004-03-08,1637.144,39.0774993896484,3.7271,,128.39133241,-1.50123699,,
2004-03-09,1637.099,39.0533981323242,3.8364,,126.79282772,-0.00274869,,
2004-03-10,1678.073,39.896598815918,3.8651,,131.86223791,2.50284192,,
2004-03-11,1691.643,40.2261009216309,3.8973,,156.92468661,0.80866565,,
2004-03-12,1694.743,40.2812004089355,3.9098,,135.84364985,0.1832538,130.7367,130.736747
2004-03-15,1736.22,41.2557983398438,3.8422,,216.71367758,2.44739173,121.4937,121.493711
2004-03-16,1745.543,41.2890014648438,3.7146,,191.79496361,0.53697112,,
2004-03-17,1745.098,41.0629997253418,3.8129,,164.77156978,-0.0254935,,
2004-03-18,1717.26,40.1491012573242,3.8639,,176.6437523,-1.59521127,,
2004-03-19,1747.872,40.8632011413574,4.084,,148.78384795,1.78260718,,70.426309
2004-03-22,1755.685,40.986499786377,3.8717,,149.74710077,0.4470007,50.489,50.489023
2004-03-23,1741.695,40.6130981445312,3.8858,,158.77938081,-0.79683998,,
2004-03-24,1740.054,40.6053009033203,3.9508,,155.00502396,-0.09421856,,
2004-03-25,1736.477,40.589599609375,3.9207,,138.17952288,-0.20556833,,
2004-03-26,1734.047,40.0962982177734,3.8891,,145.93097295,-0.13993851,18.5489,18.548935
2004-03-29,1719.674,39.9640998840332,3.9486,,143.58914112,-0.82887027,,
2004-03-30,1724.277,39.6847991943359,3.918,,123.0017821,0.26766701,60.1322,60.13222
2004-03-31,1741.623,39.640998840332,3.9169,,141.87231889,1.00598686,,
2004-04-01,1758.147,40.0101013183594,3.9984,,160.84637838,0.9487702,90.3037,90.303726
2004-04-02,1768.645,40.2540016174316,3.9984,,189.00257026,0.59710593,,
2004-04-05,1766.483,40.1347999572754,3.9144,,216.4550389,-0.12224047,,
2004-04-06,1777.516,40.1734008789062,3.921,,207.84275542,0.62457437,,
2004-04-07,1774.552,40.0856018066406,4.0357,,204.73708013,-0.16674955,,64.261348
2004-04-08,1770.279,39.942699432373,3.9325,,206.56152813,-0.24079317,,
2004-04-09,1727.348,38.9721984863281,3.8125,,221.70520197,-2.42509796,68.0931,68.093106
2004-04-12,1722.986,38.8283996582031,4.2585,,163.1610534,-0.25252584,83.2497,83.249758
2004-04-13,1715.136,38.6668014526367,4.0871,,167.30360278,-0.4556044,,
2004-04-14,1697.156,37.7969017028809,4.0197,,168.34938135,-1.04831337,,
2004-04-15,1679.076,37.4095993041992,4.0298,,129.62215891,-1.06531162,,
2004-04-16,1693.861,37.2685012817383,4.1717,,144.67179283,0.88054382,,
2004-04-19,1675.885,36.5661010742188,4.3781,,116.94357481,-1.0612441,,
2004-04-20,1669.422,36.3269004821777,4.3421,,110.79449273,-0.38564699,,
2004-04-21,1651.577,35.573600769043,4.4034,,122.93836119,-1.06893284,,
2004-04-22,1657.785,35.4272003173828,4.3105,,102.4189406,0.37588317,,
2004-04-23,1635.501,35.0844993591309,4.3191,,98.02429154,-1.34420326,,
2004-04-26,1635.499,35.1631011962891,4.2202,,82.96342062,-0.00012229,,
2004-04-27,1611.86,34.6576995849609,4.1195,,104.12613734,-1.44536927,,
2004-04-28,1606.801,34.103199005127,4.1827,,101.6945496,-0.31386101,,
2004-04-29,1579.447,33.5014991760254,4.7672,,109.90144354,-1.70238878,47.4284,47.428576
2004-04-30,1595.587,33.2523994445801,4.2841,,99.50046172,1.02187664,,
2004-05-10,1560.215,32.5066986083984,4.4457,,63.20908281,-2.21686439,,
2004-05-11,1568.059,32.657600402832,4.4969,,61.1822448,0.50275122,85.1573,85.157432
2004-05-12,1603.768,33.3967018127441,4.4111,,86.83936914,2.27727401,24.4488,24.448823
2004-05-13,1597.57,33.2202987670898,4.394,,72.98789887,-0.38646488,,
2004-05-14,1562.688,32.2692985534668,4.2026,,73.40282201,-2.1834411,,
2004-05-17,1539.959,31.7089996337891,4.0394,,64.90719274,-1.454481,,
2004-05-18,1555.442,32.0169982910156,4.0367,,97.7175565,1.00541638,,
2004-05-19,1558.287,31.8812007904053,4.1587,,95.88837589,0.18290621,,
2004-05-20,1549.061,31.6961994171143,4.5566,,70.63731107,-0.59206038,,
2004-05-21,1558.33,31.8959999084473,4.417,,63.57027239,0.59836249,78.269,78.269171
2004-05-24,1550.348,31.7367992401123,4.3252,,59.81192678,-0.512215,,
2004-05-25,1518.045,31.0767993927002,4.0558,,70.48290558,-2.08359672,,
2004-05-26,1524.436,31.2166996002197,4.2675,,55.33020251,0.42100201,,
2004-05-27,1557.178,31.8892993927002,4.4654,,92.68049514,2.14781073,5.4581,5.458133
2004-05-28,1548.722,31.7191009521484,4.2909,,66.2851283,-0.54303362,,
2004-05-31,1555.906,31.8763008117676,4.6123,,55.86197146,0.46386634,,
2004-06-01,1579.658,32.3502006530762,4.212,,110.3532608,1.52657037,16.0469,16.046903
2004-06-02,1567.067,32.0728988647461,4.1946,,116.97217652,-0.79707126,,
2004-06-03,1543.527,31.5923004150391,4.1249,,92.16851626,-1.50216934,22.343,22.343075
2004-06-04,1542.086,31.5035991668701,4.1287,,81.51322965,-0.09335762,,
2004-06-07,1517.145,30.9803009033203,4.2625,,70.66976039,-1.61735467,,
2004-06-08,1493.814,30.4902000427246,4.3123,,77.70319393,-1.53782269,,
2004-06-09,1468.071,29.9640998840332,4.4238,,87.56699954,-1.72330692,,
2004-06-10,1468.344,29.9916000366211,4.4352,,77.39197766,0.01859583,,
2004-06-11,1472.072,30.0774993896484,4.4333,,77.72181828,0.25389146,,
2004-06-14,1438.736,29.3735008239746,4.6821,,75.93384407,-2.26456315,,
2004-06-15,1463.777,29.8815002441406,4.4172,,72.2372631,1.74048609,10.3371,10.33718
2004-06-16,1475.416,30.1357002258301,4.5856,,78.44605933,0.79513478,,
2004-06-17,1445.501,29.5270004272461,4.4614,,67.83634602,-2.02756375,,
2004-06-18,1427.301,29.1541996002197,4.2855,,73.43849399,-1.25907903,12.3116,12.311677
2004-06-21,1433.467,29.2597007751465,4.2874,,58.46250559,0.43200418,,
2004-06-22,1450.683,29.6124992370605,4.2854,,83.16544972,1.20100428,61.0258,61.025854
2004-06-23,1440.729,29.3927993774414,4.1158,,65.05749062,-0.68615955,,
2004-06-24,1427.754,29.1107006072998,4.1205,,69.3592626,-0.90058575,,
2004-06-25,1401.113,28.5851001739502,4.1599,,70.64110522,-1.86593769,25.2091,25.209132
2004-06-28,1385.181,28.2710990905762,4.4138,,56.21284297,-1.13709601,7.4884,7.488463
2004-06-29,1408.689,28.6676998138428,4.2664,,68.47560938,1.69710673,9.52,9.520048
2004-06-30,1399.162,28.4887008666992,4.348,,55.67715022,-0.67630258,,
2004-07-01,1441.068,29.3437004089355,4.4671,,93.8931262,2.99507848,,
2004-07-02,1441.19,29.3460006713867,4.5468,,72.59998538,0.00846594,,
2004-07-05,1444.59,29.5167999267578,4.4168,,54.22659493,0.23591615,,
2004-07-06,1450.501,29.6247005462646,4.4557,,82.69708723,0.40918184,,
2004-07-07,1438.398,29.3628997802734,4.6316,,53.35863487,-0.83440136,,
2004-07-08,1439.783,29.3871002197266,4.6531,,46.46707892,0.09628768,,
2004-07-09,1430.654,29.2012004852295,4.4895,,49.03993923,-0.63405388,20.1637,20.163729
2004-07-12,1397.148,28.5335006713867,4.6172,,56.51494123,-2.34200582,,
2004-07-13,1399.461,28.5762996673584,4.8227,,45.73022594,0.16555154,,
2004-07-14,1403.755,28.6853008270264,5.0474,,65.64523472,0.30683242,,
2004-07-15,1421.544,29.0762996673584,4.9666,,83.7932404,1.26724393,,
2004-07-16,1456.13,29.7513999938965,4.625,,145.21785999,2.43298836,,
2004-07-19,1457.537,29.7661991119385,4.6158,,89.18160473,0.09662599,,
2004-07-20,1447.941,29.5200996398926,4.6903,,82.67580364,-0.65837094,,
2004-07-21,1448.037,29.5217990875244,4.6153,,65.25011931,0.0066301,,
2004-07-22,1407.438,28.6634998321533,4.543,,87.37395883,-2.8037267,,
2004-07-23,1407.396,28.6352005004883,4.9046,,69.23956311,-0.00298415,,
2004-07-26,1387.67,28.2639999389648,4.7049,,53.00205791,-1.40159557,22.9704,22.970411
2004-07-27,1384.128,28.1749992370605,4.7444,,58.18165826,-0.25524801,,
2004-07-28,1388.81,27.9090995788574,4.5839,,61.77062919,0.33826351,,
2004-07-29,1407.331,28.3185997009277,4.5844,,71.27885183,1.33358775,,
2004-07-30,1386.202,27.8528995513916,4.6018,,58.71532035,-1.50135256,,
2004-08-02,1373.217,27.56369972229,4.5823,,47.35426653,-0.93673216,,
2004-08-03,1366.258,27.305700302124,4.6329,,54.36678598,-0.50676623,,
2004-08-04,1404.505,28.0571994781494,4.9229,,108.32307544,2.79939806,,
2004-08-05,1389.039,27.7530002593994,4.4481,,68.00556526,-1.10117088,,
2004-08-06,1390.461,27.682300567627,4.48,,58.98388495,0.10237294,,
2004-08-09,1395.848,27.8679008483887,4.6375,,50.68288351,0.38742547,,
2004-08-10,1400.769,27.8129997253418,4.6546,,45.07090946,0.35254555,,
2004-08-11,1384.964,27.4951992034912,4.9325,,48.06191756,-1.12830881,30.1356,30.135706
2004-08-12,1368.196,27.0587997436523,4.7544,,51.37067865,-1.21071739,,
2004-08-13,1368.45,27.0743007659912,4.7084,,53.53425173,0.01856459,,
2004-08-16,1354.511,26.762300491333,4.761,,46.73419134,-1.01859768,,
2004-08-17,1360.2,26.8215007781982,4.8876,,46.98175326,0.42000397,,
2004-08-18,1358.216,26.7406005859375,4.9165,,51.02229549,-0.1458609,,
2004-08-19,1340.45,26.2040996551514,4.9514,,50.98505761,-1.30803937,,
2004-08-20,1341.738,26.1784000396729,4.9654,,49.26799142,0.09608713,,
2004-08-23,1325.413,25.6991996765137,4.8886,,39.22718576,-1.2167055,,
2004-08-24,1344.626,26.0797004699707,4.925,,54.3290912,1.4495859,11.3048,11.304808
2004-08-25,1339.784,26.0233001708984,5.0239,,38.10560527,-0.36010013,,
2004-08-26,1334.422,25.5557994842529,5.0648,,34.97269063,-0.40021377,,
2004-08-27,1320.614,24.8115005493164,5.1082,,40.34196633,-1.03475512,25.4428,25.442872
2004-08-30,1319.407,23.7252998352051,4.9779,,34.10187724,-0.09139688,,
2004-08-31,1342.062,24.027099609375,5.1676,,68.73347921,1.71705925,,
2004-09-01,1321.462,23.6599006652832,5.0037,,36.39041082,-1.53495144,,
2004-09-02,1327.927,23.7632007598877,5.0886,,48.12775026,0.48923087,,
2004-09-03,1327.116,23.7485008239746,5.1487,,40.56540453,-0.06107263,,
2004-09-06,1321.465,23.6462001800537,5.1459,,31.9421747,-0.42581055,,
2004-09-07,1324.294,23.6940002441406,5.1358,,31.66533856,0.21408058,,
2004-09-08,1309.333,23.4160003662109,5.1422,,40.48421727,-1.12973403,,
2004-09-09,1284.307,22.9666996002197,5.1501,,44.21933714,-1.91135487,11.5845,11.584598
2004-09-10,1287.081,23.0172996520996,5.3727,,33.69487186,0.21599197,,
2004-09-13,1260.316,22.546199798584,5.2062,,38.13116127,-2.0795117,,
2004-09-14,1300.357,23.2618999481201,5.2588,,69.65915592,3.17706036,,
2004-09-15,1355.226,24.2376003265381,5.2149,,170.22337044,4.21953356,16.693,16.69305
2004-09-16,1371.201,24.5258007049561,5.1743,,134.89356437,1.17877018,,
2004-09-17,1414.702,25.30419921875,5.1718,,188.42047946,3.17247435,,
2004-09-20,1463.221,26.1616992950439,5.2687,,262.90815247,3.42962688,,
2004-09-21,1448.562,25.8829002380371,5.0207,,223.92127826,-1.00183089,,
2004-09-22,1420.148,25.3754997253418,5.2731,,194.968349,-1.96153151,,
2004-09-23,1464.779,26.1793994903564,5.1776,,147.005793,3.14270062,,
2004-09-24,1435.563,25.6625003814697,5.1429,,286.67519246,-1.9945671,,
2004-09-27,1427.398,25.5375995635986,5.1556,,129.04648806,-0.5687664,,
2004-09-28,1435.589,25.6879005432129,5.1374,,92.54854536,0.57384135,10.1761,32.114103
2004-09-29,1420.009,25.4044990539551,5.1657,,86.76821392,-1.08526883,,
2004-09-30,1396.7,24.9801006317139,5.1266,,82.34662308,-1.64146847,,
2004-10-08,1422.929,25.4472999572754,5.3191,,93.85252721,1.87792654,,
2004-10-11,1413.154,25.2520008087158,5.0682,,164.34170579,-0.6869633,,
2004-10-12,1384.439,24.7322006225586,5.0575,,115.7250641,-2.03197953,,
2004-10-13,1386.721,24.7667007446289,4.965,,97.90164989,0.16483211,,
2004-10-14,1332.938,23.8169994354248,4.9812,,116.61332772,-3.87842976,35.3558,35.355796
2004-10-15,1330.518,23.7558994293213,5.0177,,89.60323339,-0.18155383,,
2004-10-18,1335.394,23.841100692749,4.976,,68.04062933,0.36647381,,
2004-10-19,1337.618,23.8700008392334,5.0155,,84.44424482,0.16654261,,
2004-10-20,1330.584,23.6909008026123,4.9828,,76.05659709,-0.52586015,,
2004-10-21,1310.545,23.3491992950439,4.9709,,106.73486243,-1.50603043,,
2004-10-22,1329.355,23.6574001312256,5.0224,,116.19270416,1.43528074,,
2004-10-25,1311.151,23.0969009399414,4.9166,,118.08958271,-1.36938591,,
2004-10-26,1324.783,23.0400009155273,4.9979,,109.65410247,1.03969718,,
2004-10-27,1342.799,23.3826007843018,4.9144,,129.61626999,1.35992083,,
2004-10-28,1341.737,23.3330001831055,5.1274,,122.44172796,-0.07908853,,
2004-10-29,1320.536,22.3663005828857,4.8246,,112.15927886,-1.58011592,,
2004-11-01,1305.291,21.9640998840332,5.073,,72.18346789,-1.15445546,,
2004-11-02,1301.528,21.8859996795654,5.1175,,67.11524382,-0.28828821,,
2004-11-03,1326.749,22.3013000488281,5.1649,,84.11264149,1.93779926,,
2004-11-04,1304.776,21.9459991455078,5.1333,,87.53620424,-1.6561535,,
2004-11-05,1305.128,21.94700050354,5.1609,,62.57655777,0.02697781,,
2004-11-08,1304.229,21.9279003143311,5.1915,,43.98204289,-0.06888213,,
2004-11-09,1307.429,21.9829998016357,5.1584,,42.70396183,0.24535569,,
2004-11-10,1354.386,22.7686996459961,5.1843,,141.02138217,3.59155258,,8.034899
2004-11-11,1347.07,22.6394004821777,5.2714,,168.03175478,-0.54017097,,
2004-11-12,1352.217,22.7297992706299,5.2956,,94.90677855,0.38208853,,
2004-11-15,1370.046,23.0401992797852,5.2664,,89.29425601,1.31850139,,
2004-11-16,1370.389,23.0524997711182,5.1902,,86.16093065,0.02503566,,
2004-11-17,1356.138,22.8169994354248,5.2479,,75.93392537,-1.0399237,,
2004-11-18,1367.828,22.9899997711182,5.2584,,73.15559035,0.86200667,,
2004-11-19,1379.96,23.1989002227783,5.2413,,86.70276964,0.88695362,,
2004-11-22,1383.02,23.233699798584,5.359,,102.73902386,0.22174556,,
2004-11-23,1371.244,23.0256996154785,5.3341,,100.3911898,-0.85146997,,
2004-11-24,1359.125,22.82200050354,5.274,,97.64012712,-0.88379603,,
2004-11-25,1358.333,22.8220996856689,5.3029,,77.58391041,-0.05827279,11.3072,11.307277
2004-11-26,1356.727,22.8617992401123,5.4071,,61.21805795,-0.11823316,,
2004-11-29,1337.434,22.5356998443604,5.3187,,60.80041482,-1.42202521,6.9046,6.904623
2004-11-30,1340.771,22.591100692749,5.3419,,54.75046413,0.24950764,,
2004-12-01,1334.944,22.4883003234863,5.2554,,57.97059464,-0.43460069,,12.963613
2004-12-02,1333.09,22.4489002227783,5.3109,,77.14799602,-0.13888223,,
2004-12-03,1337.197,22.5069007873535,5.3427,,82.01369595,0.30808122,,
2004-12-06,1339.644,22.5520000457764,5.4127,,63.26780448,0.18299473,,15.73598
2004-12-07,1323.752,22.2889995574951,5.3266,,59.60762587,-1.18628531,,
2004-12-08,1326.438,22.3306007385254,5.3685,,49.29900994,0.2029081,,
2004-12-09,1338.81,22.5438995361328,5.2732,,83.34090719,0.93272358,,
2004-12-10,1317.717,22.2012004852295,5.1744,,62.80950511,-1.57550362,,
2004-12-13,1309.695,22.0781993865967,5.2915,,48.59194761,-0.60878019,,
2004-12-14,1307.553,22.0443992614746,5.2528,,46.52200396,-0.16354953,,
2004-12-15,1313.045,22.1508007049561,5.2611,,65.14900009,0.42002122,13.3645,13.364508
2004-12-16,1305.018,22.0403995513916,5.2419,,50.60280877,-0.61132711,,
2004-12-17,1290.49,21.7880992889404,5.2252,,42.2959515,-1.11324135,,
2004-12-20,1275.459,21.5347003936768,5.1804,,46.03037838,-1.16475137,,19.379759
2004-12-21,1275.17,21.5830001831055,5.317,,37.34396474,-0.02265851,,
2004-12-22,1307.57,22.1236991882324,5.2851,,73.70728966,2.54083769,,
2004-12-23,1282.719,21.7008991241455,5.3439,,49.17096437,-1.90054835,,
2004-12-24,1285.036,21.7423992156982,5.272,,42.82648411,0.18063192,,
2004-12-27,1280.272,21.6602993011475,5.2118,,41.72827444,-0.37072891,,
2004-12-28,1278.943,21.6875,4.4611,,43.18210151,-0.10380607,,
2004-12-29,1274.313,21.6084003448486,4.7165,,47.67536618,-0.3620177,,
2004-12-30,1273.709,21.6077995300293,5.2506,,50.14102767,-0.04739809,54.3533,54.353313
2004-12-31,1266.496,21.4855003356934,4.7332,,46.95701391,-0.5662989,,
2005-01-04,1242.774,21.0688991546631,5.2221,0.6608,44.18452072,-1.87304184,10.6341,20.279258
2005-01-05,1251.937,21.2047004699707,5.0084,0.6988,49.16589345,0.7373022,,
2005-01-06,1239.43,20.9930992126465,5.1707,0.64,43.81370373,-0.99901193,12.0964,12.096417
2005-01-07,1244.746,21.084400177002,5.1533,0.7198,50.40041961,0.42890684,,
2005-01-10,1252.401,21.1622009277344,5.1988,0.5862,41.182918,0.6149849,,
2005-01-11,1257.462,21.2490997314453,5.1536,0.6249,43.68276204,0.4041038,,
2005-01-12,1256.923,21.2411003112793,5.1645,0.549,37.9986297,-0.04286412,12.1257,12.125692
2005-01-13,1256.314,21.2285003662109,5.2205,0.7105,50.03680905,-0.04845166,,
2005-01-14,1245.62,21.047700881958,4.9943,0.8039,52.72487548,-0.85122032,,
2005-01-17,1216.652,20.55419921875,4.9739,0.8117,54.34886372,-2.32558886,11.8253,11.825301
2005-01-18,1225.454,20.690299987793,5.0648,0.8285,52.94355403,0.72346078,,
2005-01-19,1218.108,20.5659008026123,5.0085,0.7561,46.77974261,-0.59945131,,
2005-01-20,1204.394,20.307300567627,4.9256,0.836,53.83794433,-1.12584434,,
2005-01-21,1234.476,20.8111000061035,4.9313,1.3765,90.01891166,2.49768763,,
2005-01-24,1255.777,21.1700992584229,4.9654,1.4586,97.86782745,1.72550945,,
2005-01-25,1254.234,21.1585006713867,5.0338,0.9576,64.39329735,-0.12287213,,
2005-01-26,1241.958,20.9466991424561,5.0081,0.781,53.51521371,-0.97876473,,
2005-01-27,1225.891,20.684700012207,4.9684,0.7648,49.55027563,-1.29368304,,
2005-01-28,1213.673,20.4705009460449,4.9038,0.6633,41.999375,-0.99666284,,
2005-01-31,1191.823,20.0217990875244,4.8982,0.733,46.6800966,-1.80032019,,5.910357
2005-02-01,1188.931,19.968599319458,4.8877,0.751,49.07930798,-0.24265348,10.2935,10.293528
2005-02-02,1252.5,21.0445995330811,4.9248,1.5377,103.97266982,5.34673585,11.7543,47.976554
2005-02-03,1242.307,20.8546009063721,4.9044,1.6499,108.97290918,-0.81381238,,
2005-02-04,1269.004,21.136100769043,4.939,1.3709,96.64344696,2.14898572,,
2005-02-16,1278.88,21.2942008972168,4.7565,1.1625,79.80113941,0.77824814,,
2005-02-17,1276.134,21.2201995849609,4.8378,0.9056,61.03111167,-0.21471913,,
2005-02-18,1258.969,20.9197006225586,4.8342,0.8647,57.85501675,-1.34507818,,
2005-02-21,1284.48,21.324800491333,4.845,1.0109,69.30691909,2.0263406,,
2005-02-22,1309.277,21.6242008209229,4.6593,1.8122,127.73513597,1.93050884,,
2005-02-23,1309.475,21.6061000823975,4.7866,1.9497,136.99232356,0.01512285,,
2005-02-24,1309.949,21.5946998596191,4.713,1.6274,113.56347725,0.03619771,,
2005-02-25,1312.445,21.6529006958008,4.6127,1.9284,139.78978613,0.19054177,,
2005-02-28,1306.003,21.5270004272461,4.8334,1.4153,102.44600574,-0.49083962,,
2005-03-01,1303.412,21.4365005493164,4.7203,1.1241,79.81055189,-0.19839158,,
2005-03-02,1287.45,21.1338996887207,4.7212,1.4986,107.49393269,-1.22463197,6.011,6.011069
2005-03-03,1294.339,21.2395000457764,4.6723,1.0241,69.81237947,0.53508874,,
2005-03-04,1287.714,21.1184997558594,4.7638,0.8852,62.69241735,-0.51184427,,
2005-03-07,1293.739,21.1816005706787,4.7254,0.8637,62.83006028,0.4678834,,
2005-03-08,1318.271,21.538200378418,4.7335,1.4431,111.59503133,1.89620936,4.0205,4.020502
2005-03-09,1316.791,21.5093002319336,4.6366,1.6515,122.24773524,-0.11226827,,
2005-03-10,1286.233,21.0062999725342,4.6433,1.4336,105.37289293,-2.32064162,,
2005-03-11,1289.941,21.0433006286621,4.6187,1.2048,90.39329504,0.28828369,,
2005-03-14,1293.5,21.0914001464844,4.5979,1.4973,119.68377532,0.27590409,,
2005-03-15,1269.144,20.6196994781494,4.5642,1.255,96.78243188,-1.88295323,,
2005-03-16,1255.589,20.3953990936279,4.5725,1.0964,83.3051379,-1.06804271,4.4562,4.456273
2005-03-17,1243.475,20.1690998077393,4.4573,1.0269,78.13701039,-0.96480616,,
2005-03-18,1227.403,19.8756008148193,4.4315,0.9933,73.41657969,-1.29250689,,29.472084
2005-03-21,1231.046,19.9783992767334,4.4033,0.7903,58.15375672,0.29680553,,
2005-03-22,1206.922,19.581600189209,4.4321,1.1652,81.48375066,-1.95963433,,
2005-03-23,1201.649,19.5186004638672,4.5281,1.0737,78.51213159,-0.4368965,,
2005-03-24,1208.192,19.4897003173828,4.4631,0.9142,67.0015074,0.54450176,,
2005-03-25,1205.634,19.5219993591309,4.4635,0.7616,50.76361298,-0.21172132,,
2005-03-28,1200.113,19.4225997924805,4.3783,0.7196,49.09950998,-0.45793334,,
2005-03-29,1195.018,18.6788005828857,4.3433,0.7276,51.91811889,-0.42454336,,
2005-03-30,1172.574,18.3181991577148,4.1636,0.898,61.53729584,-1.87813071,,
2005-03-31,1181.236,18.3978004455566,4.1203,0.8206,53.71672163,0.7387167,,23.144444
2005-04-01,1223.566,19.0506000518799,4.2679,1.5435,107.9248711,3.58353454,,
2005-04-04,1202.967,18.7082004547119,4.1076,1.0867,79.47332083,-1.68352177,,
2005-04-05,1191.745,18.5445995330811,4.1051,0.9113,64.4863691,-0.93286017,21.8453,21.845425
2005-04-06,1214.868,18.9234008789062,4.1641,1.3115,99.20447927,1.94026407,,
2005-04-07,1225.487,19.082799911499,4.0798,1.9028,141.24443309,0.87408673,,
2005-04-08,1248.521,19.3707008361816,4.0903,1.3992,100.84950522,1.8795793,,
2005-04-11,1240.972,19.2628993988037,4.16,1.5179,110.32464824,-0.6046354,,
2005-04-12,1219.511,18.9563007354736,4.0229,1.0278,76.00585414,-1.7293702,,33.537436
2005-04-13,1248.203,19.4923000335693,4.0652,1.537,110.64208879,2.35274631,,9.913605
2005-04-14,1234.332,19.2390003204346,4.0287,1.2322,86.14317312,-1.11127757,,
2005-04-15,1216.962,18.9431991577148,4.0379,1.1221,78.01305409,-1.4072389,,
2005-04-18,1197.735,19.2672004699707,3.9734,0.9185,62.96262278,-1.57991786,,
2005-04-19,1199.902,19.246000289917,3.9847,0.864,61.08772736,0.18092483,,
2005-04-20,1184.193,19.0146007537842,4.0468,0.8823,59.38905962,-1.30919025,,24.32607
2005-04-21,1172.556,18.8535003662109,3.9981,1.0463,70.7008623,-0.98269454,,
2005-04-22,1169.187,18.7703990936279,4.0433,1.0666,72.66510541,-0.28732103,,
2005-04-25,1157.971,18.6707000732422,3.955,1.0661,69.08598457,-0.95929907,,
2005-04-26,1165.335,18.8661003112793,4.0442,1.0988,72.07425092,0.63593993,,
2005-04-27,1148.757,18.6324005126953,4.0537,1.0599,70.82585055,-1.42259522,9.0052,9.005198
2005-04-28,1169.118,19.0538005828857,4.0137,1.3624,90.44192189,1.77243751,,
2005-04-29,1159.146,19.0275993347168,4.0665,1.0963,73.738381826,-0.85295069,,
2005-05-09,1130.835,18.8974990844727,4.0161,0.8468,55.51480636,-2.44240156,,
2005-05-10,1135.561,18.9850997924805,3.9652,1.0289,67.68361146,0.41792127,,
2005-05-11,1124.271,18.7924003601074,3.9218,0.8618,56.33261057,-0.99422224,,
2005-05-12,1103.993,18.4456005096436,3.9595,0.9726,65.06232891,-1.80365766,5.1353,5.135272
2005-05-13,1107.627,18.4985008239746,3.8822,1.0599,65.67864569,0.32916875,,
2005-05-16,1095.468,18.1574993133545,3.9832,0.8075,50.58195545,-1.09775222,,
2005-05-17,1099.64,18.2061004638672,3.935,0.9083,53.53712665,0.3808418,,
2005-05-18,1102.965,18.205099105835,3.8757,0.8159,50.61369144,0.30237169,,
2005-05-19,1103.475,18.2122993469238,3.843,0.8429,51.20491791,0.046239,,
2005-05-20,1099.269,17.970100402832,3.7997,0.7613,45.20424485,-0.38115952,,26.366309
2005-05-23,1070.844,17.5049991607666,3.693,0.7532,43.056391,-2.5858093,,
2005-05-24,1073.847,17.5389003753662,3.7293,0.8709,50.65246179,0.280433,,
2005-05-25,1072.137,17.5041999816895,3.681,0.778,44.89152101,-0.15924056,,
2005-05-26,1058.867,17.2870006561279,3.7374,0.7537,44.54779135,-1.23771496,,
2005-05-27,1051.946,17.1811008453369,3.7519,0.803,49.02913667,-0.65362317,,
2005-05-30,1060.162,17.3145999908447,3.8097,0.6809,40.83244342,0.78102868,,29.348871
2005-05-31,1060.738,17.3206005096436,3.8469,0.7302,42.41957029,0.05433132,,
2005-06-01,1039.187,16.9596004486084,3.8036,0.7987,46.95648687,-2.03169869,6.7166,6.716581
2005-06-02,1016.063,16.5818004608154,3.7773,0.9008,55.5780742,-2.22520105,,
2005-06-03,1013.637,16.5352993011475,3.7774,0.7846,45.02218705,-0.23876472,,36.365029
2005-06-06,1034.378,16.87619972229,3.715,0.872,50.27262822,2.04619602,,
2005-06-07,1030.941,16.8129997253418,3.7696,1.2407,74.66015923,-0.33227698,,12.488691
2005-06-08,1115.582,18.198600769043,3.7747,3.1826,190.11909836,8.21007216,,
2005-06-09,1131.052,18.4627990722656,3.7642,3.228,195.95252137,1.38672012,,14.396431
2005-06-10,1108.286,18.0767002105713,3.7272,2.2559,136.13185614,-2.01281639,,
2005-06-13,1106.291,18.0466003417969,3.7023,1.5233,89.42352961,-0.18000769,,
2005-06-14,1093.464,17.841100692749,3.7634,1.4577,87.45408898,-1.15945985,,
2005-06-15,1072.836,17.5025005340576,3.5681,1.2088,73.53765093,-1.88648186,,
2005-06-16,1086.01,17.7047996520996,3.4959,1.1495,70.28492935,1.22796028,6.0341,6.034055
2005-06-17,1085.61,17.6709995269775,3.4813,1.3307,84.20848172,-0.03683207,,
2005-06-20,1115.62,18.1574001312256,3.5217,1.7051,101.48733469,2.76434447,,
2005-06-21,1101.486,17.9143009185791,3.5434,1.2283,73.35782337,-1.26691884,,44.449374
2005-06-22,1102.033,17.9081001281738,3.5291,0.9829,59.01879107,0.04966019,,
2005-06-23,1093.702,17.7798004150391,3.421,0.9112,54.72687556,-0.75596647,,
2005-06-24,1101.882,17.923900604248,3.5004,0.8828,50.84831452,0.74791854,,
2005-06-27,1124.64,18.2956008911133,3.7683,1.7312,105.30160555,2.06537542,,
2005-06-28,1108.588,18.0291996002197,3.6306,1.0692,63.117977,-1.42730118,,
2005-06-29,1104.992,17.9706001281738,3.5861,1.0712,65.42253133,-0.32437659,,
2005-06-30,1080.938,17.5874996185303,3.653,1.0955,64.06963223,-2.17684834,7.702,7.701952
2005-07-01,1055.594,17.1744995117188,3.5783,1.0782,61.37893182,-2.34463031,,
2005-07-04,1047.278,17.0426006317139,3.5905,0.9701,50.92031935,-0.78780289,,
2005-07-05,1039.043,16.9022006988525,3.5329,0.8321,51.46902404,-0.78632417,,
2005-07-06,1033.545,16.8173999786377,3.536,0.7292,42.59548351,-0.52914076,,
2005-07-07,1038.597,16.8999004364014,3.3891,0.6763,36.75447775,0.4888031,,
2005-07-08,1017.983,16.5618991851807,3.3102,0.8174,43.39924399,-1.98479295,,
2005-07-11,1011.499,16.452299118042,3.3298,0.8973,47.8390933,-0.6369458,,
2005-07-12,1046.161,17.0042991638184,3.2836,1.4637,81.82997673,3.42679528,,
2005-07-13,1037.394,16.8609008789062,3.2273,1.0183,56.22988112,-0.83801633,16.8593,16.859256
2005-07-14,1040.416,16.9123992919922,3.2041,0.994,55.31865017,0.29130687,,
2005-07-15,1026.115,16.6560001373291,3.2849,0.9936,52.38358924,-1.37454634,3.0996,7.836862
2005-07-18,1012.097,16.4598999023438,3.3014,0.8545,42.63923135,-1.36612368,,
2005-07-19,1014.355,16.483699798584,3.3426,0.7666,39.87357582,0.22310115,,
2005-07-20,1021.052,16.5909004211426,3.3833,0.8327,44.43606946,0.66022251,,
2005-07-21,1020.632,16.5965003967285,3.3861,0.8709,48.28597724,-0.04113405,,
2005-07-22,1046.321,17.0146007537842,3.3633,2.0026,109.88269743,2.51696988,,
2005-07-25,1045.4,16.9897994995117,3.4366,1.1121,61.33576328,-0.0880227,,
2005-07-26,1072.807,17.4284992218018,3.4747,2.0162,109.88613288,2.62167591,,
2005-07-27,1089.909,17.6625003814697,3.5569,1.8682,101.51048355,1.59413576,,
2005-07-28,1086.548,17.6079006195068,3.3667,1.934,106.44640222,-0.30837437,,
2005-07-29,1083.033,17.4986000061035,3.3874,1.3894,72.14533114,-0.32350158,4.1961,4.196122
2005-08-01,1088.948,17.5935001373291,3.2113,1.159,61.57191029,0.54615141,,
2005-08-02,1104.038,17.8208999633789,3.2981,1.4865,76.92844552,1.3857411,,
2005-08-03,1107.699,17.8761005401611,3.2242,2.4615,127.76479107,0.33160091,,
2005-08-04,1102.589,17.8062000274658,3.1522,1.5252,78.68619836,-0.46131666,,
2005-08-05,1128.743,18.2049007415771,3.1511,2.1258,124.20792624,2.37205341,,
2005-08-08,1138.882,18.3896007537842,3.1784,2.3716,138.02876367,0.89825585,,
2005-08-09,1152.534,18.5879993438721,3.2738,2.124,120.46498219,1.19871945,,
2005-08-10,1165.033,18.7926006317139,3.2313,2.4472,135.34191976,1.08447994,,
2005-08-11,1183.579,19.0174999237061,3.2997,2.8891,168.87079955,1.59188624,,
2005-08-12,1167.915,18.7693996429443,3.2928,3.1335,180.50448553,-1.32344356,,
2005-08-15,1187.006,19.0018005371094,3.3398,2.3563,147.89329129,1.63462238,,
2005-08-16,1177.278,18.6525993347168,3.3064,2.5659,159.05673664,-0.81954093,,
2005-08-17,1192.834,18.8733997344971,3.3434,2.5032,147.50159864,1.32135316,,
2005-08-18,1148.035,18.0881996154785,3.2974,3.8133,221.57494652,-3.75567766,,
2005-08-19,1150.184,18.0941009521484,3.3922,2.4226,136.43291197,0.18718941,,
2005-08-22,1158.597,18.2127990722656,3.3074,1.8528,105.41833548,0.73144819,,
2005-08-23,1149.957,18.0704002380371,3.2609,1.6789,95.4176287,-0.74572953,,
2005-08-24,1167.137,18.3673992156982,3.3213,1.7359,99.8817112,1.4939689,,45.801987
2005-08-25,1172.475,18.5100002288818,3.4579,1.8522,105.24238072,0.45735848,10.2511,10.251068
2005-08-26,1171.86,18.6420001983643,3.4414,1.8484,104.35816288,-0.05245314,,
2005-08-29,1154.428,18.3955001831055,3.4528,1.8564,100.38648681,-1.48754971,8.6713,8.671269
2005-08-30,1146.385,18.3568000793457,3.5014,1.4129,81.43989899,-0.69670867,,
2005-08-31,1162.798,18.4323997497559,3.5608,1.6281,96.02700092,1.43171797,43.4663,43.466289
2005-09-01,1184.933,18.7835998535156,3.511,2.5288,150.61854164,1.90359805,,
2005-09-02,1188.848,18.8390007019043,3.5395,2.1683,128.59547741,0.33039843,,
2005-09-05,1196.224,18.9601993560791,3.5278,1.9968,117.48627445,0.62043255,,
2005-09-06,1173.322,18.596700668335,3.4421,2.5135,153.05132545,-1.91452437,,
2005-09-07,1194.309,18.9234008789062,3.4427,2.1443,131.960576,1.78868205,,
2005-09-08,1194.411,18.9151000976562,3.3796,2.2956,145.0946012,0.0085405,,
2005-09-09,1189.625,18.8467998504639,3.3622,1.6601,101.45676786,-0.40069959,,
2005-09-12,1188.212,18.8118000030518,3.3343,1.2793,77.40564009,-0.11877693,,
2005-09-13,1207.164,19.111499786377,3.2859,1.9427,117.17912658,1.59500157,,
2005-09-14,1217.261,19.2726001739502,3.3046,2.426,149.81766063,0.83642322,,
2005-09-15,1217.281,19.2707996368408,3.3103,2.0455,128.9708036,0.00164303,,
2005-09-16,1212.947,19.1975994110107,3.1838,1.6831,104.62806795,-0.3560394,6.1882,6.188181
2005-09-19,1220.627,19.31369972229,3.2322,1.8517,116.3569241,0.63316864,,114.567987
2005-09-20,1212.617,19.1868000030518,3.3878,2.4208,151.30012466,-0.65622012,,
2005-09-21,1187.988,18.7866992950439,3.3698,2.3896,142.5699291,-2.03106174,,
2005-09-22,1159.96,18.3418006896973,3.208,2.1431,131.84536855,-2.35928309,,
2005-09-23,1151.98,18.2192001342773,3.2703,1.4098,85.82252844,-0.68795476,,
2005-09-26,1155.042,18.2649993896484,3.3604,1.0938,68.63233455,0.26580323,,
2005-09-27,1133.237,17.9088001251221,3.3999,1.3546,85.30863429,-1.88781014,8.2864,8.286391
2005-09-28,1131.774,17.8887996673584,3.206,1.1053,68.30650114,-0.12909921,,
2005-09-29,1155.485,18.281400680542,3.1869,1.3858,86.33593132,2.09502957,48.7488,48.748826
2005-09-30,1155.614,18.283899307251,3.2404,1.0819,69.59506626,0.01116414,,
2005-10-10,1138.95,18.023099899292,3.1841,0.8698,54.61397816,-1.44200399,,
2005-10-11,1157.192,18.3150005340576,2.9987,1.0022,63.99253879,1.60165064,7.6762,7.676201
2005-10-12,1161.853,18.3775005340576,3.0104,1.3783,93.35207474,0.40278536,,
2005-10-13,1152.607,18.2236995697021,2.9959,1.2688,86.00493489,-0.79579775,,
2005-10-14,1139.547,18.017599105835,3.0171,1.1355,77.40778309,-1.13308352,,
2005-10-17,1131.375,17.8798007965088,2.9694,1.1371,74.21971675,-0.71712707,,
2005-10-18,1141.201,18.048999786377,2.9479,1.414,92.64639158,0.86850072,,
2005-10-19,1134.608,17.930700302124,2.9127,1.4163,90.88381829,-0.5777247,,
2005-10-20,1135.949,17.9554996490479,2.8718,1.3037,84.98979297,0.1181906,,
2005-10-21,1141.318,18.0414009094238,2.8919,1.3507,86.53627178,0.47264446,,
2005-10-24,1141.171,18.0510997772217,2.7938,1.29,81.18828995,-0.01287985,,
2005-10-25,1121.918,17.7397994995117,2.922,1.2573,80.50067365,-1.68712664,,
2005-10-26,1097.161,17.2409000396729,2.8096,1.4229,87.06265923,-2.20666751,,
2005-10-27,1097.782,17.3820991516113,2.8717,1.2725,80.81971125,0.05660063,,
2005-10-28,1080.867,17.0132999420166,2.9417,1.3141,80.18876001,-1.54083415,,
2005-10-31,1092.817,17.2910995483398,3.0613,1.0698,65.16479257,1.10559394,,
2005-11-01,1089.95,17.2490997314453,2.98,1.0096,63.25525558,-0.26234951,,
2005-11-02,1104.792,17.468599319458,2.979,1.353,81.57757378,1.36171384,,
2005-11-03,1095.273,17.3166999816895,3.0094,1.2208,75.10888331,-0.86161015,9.2765,9.276451
2005-11-04,1100.045,17.3880004882812,3.171,0.9255,59.50850849,0.43569046,,
2005-11-07,1100.65,17.3889007568359,3.0234,0.8741,54.64935483,0.05499775,,
2005-11-08,1110.147,17.5317001342773,3.1039,1.1061,67.23296345,0.86285377,,
2005-11-09,1108.153,17.4978008270264,3.1317,1.2067,75.03735587,-0.17961585,,
2005-11-10,1088.301,17.18630027771,3.1441,1.1695,71.12323839,-1.79144938,6.696,53.128685
2005-11-11,1090.195,17.2143993377686,3.1598,0.9077,53.78455755,0.17403274,,
2005-11-14,1088.653,17.1819000244141,3.1996,0.6648,38.94572852,-0.14144259,,
2005-11-15,1087.508,17.1749000549316,3.192,0.882,53.51842125,-0.10517585,,
2005-11-16,1095.89,17.3075008392334,3.5099,0.913,53.63158693,0.77075295,5.8431,5.843126
2005-11-17,1095.31,17.2992992401123,3.4509,0.8666,51.35462852,-0.05292502,17.324,17.323945
2005-11-18,1116.999,17.6462993621826,3.4946,1.6197,97.6097909,1.98017,,
2005-11-21,1119.936,17.6422996520996,3.4832,1.1193,64.96171948,0.26293667,,
2005-11-22,1098.655,17.2968006134033,3.3614,1.0588,59.58941167,-1.90019787,,
2005-11-23,1105.746,17.4009990692139,3.3553,0.9117,49.88739538,0.64542554,,
2005-11-24,1113.374,17.5130996704102,3.4622,1.2421,70.54042702,0.68985101,,
2005-11-25,1114.916,17.5217990875244,3.4343,1.1221,62.407167105,0.13849794,,
2005-11-28,1110.823,17.4591999053955,3.4318,0.9301,54.10846145,-0.36711286,,
2005-11-29,1096.986,17.2406005859375,3.3613,0.8603,48.50380719,-1.245653,,
2005-11-30,1099.261,17.2537994384766,3.3255,0.7876,46.17599465,0.20738642,,
2005-12-01,1098.747,17.234899520874,3.3169,0.6448,40.50471445,-0.04675869,62.0186,62.018627
2005-12-02,1094.287,17.1713008880615,3.2544,0.7648,46.72796781,-0.40591692,,
2005-12-05,1079.197,16.9356994628906,3.3185,0.808,48.17780031,-1.3789801,,
2005-12-06,1087.794,17.07200050354,3.2601,0.7984,48.77157991,0.79661081,,
2005-12-07,1099.615,17.2569999694824,3.269,0.7506,45.9416327,1.08669472,,
2005-12-08,1098.323,17.2366008758545,3.2844,0.7511,46.71671041,-0.11749567,,
2005-12-09,1113.477,17.4585990905762,3.3271,0.9733,60.71546996,1.37973984,,
2005-12-12,1116.367,17.5037994384766,3.2389,0.8611,54.62027523,0.25954735,,36.018352
2005-12-13,1117.846,17.5251998901367,3.2956,0.8216,51.92940064,0.13248331,,
2005-12-14,1125.387,17.6275005340576,3.2309,1.086,70.2288683,0.67460097,,
2005-12-15,1123.555,17.5986003875732,3.2145,1.2153,76.06544017,-0.16278845,,
2005-12-16,1127.508,17.6527996063232,3.1767,0.9115,58.10025373,0.35182968,,
2005-12-19,1131.751,17.7299003601074,3.1542,0.8801,52.14816936,0.37631662,3.7918,3.791774
2005-12-20,1136.342,17.7866992950439,3.1905,0.8481,52.241666018,0.4056546,,
2005-12-21,1130.759,17.690299987793,3.1296,0.8895,55.501128486,-0.49131335,,
2005-12-22,1135.238,17.7541999816895,3.2789,0.8051,51.87955186,0.39610562,,
2005-12-23,1144.871,17.8995990753174,3.1474,1.0459,66.20143433,0.84854453,13.1586,13.15856
2005-12-26,1156.823,18.0911998748779,3.2171,1.3468,85.83105017,1.04396041,,
2005-12-27,1154.288,18.0287990570068,3.2485,1.1341,70.9174232,-0.21913465,,
2005-12-28,1157.034,18.0727005004883,3.1641,1.0631,65.85027623,0.23789557,5.7863,5.786275
2005-12-29,1169.862,18.264799118042,3.1746,1.5754,106.81224369,1.10869689,,
2005-12-30,1161.057,18.1004009246826,3.2236,1.4434,101.96713879,-0.75265288,,
2006-01-04,1180.963,18.3941993713379,3.072,1.6774,119.70425061,1.71447224,,
2006-01-05,1197.269,18.6312999725342,2.9971,2.1133,147.67201439,1.38073758,,
2006-01-06,1209.422,18.8162002563477,3.0848,2.4581,171.30467144,1.01506011,,
2006-01-09,1215.668,18.9071006774902,3.0634,2.0407,142.06400329,0.51644505,,
2006-01-10,1220.618,18.9825000762939,3.0476,1.8978,134.96372621,0.40718354,,
2006-01-11,1211.053,18.8134002685547,3.0678,2.1704,150.823146856,-0.78361945,3.4576,3.457585
2006-01-12,1226.704,19.0475997924805,3.0432,1.9208,129.035352,1.29234641,,
2006-01-13,1221.459,18.9542007446289,3.0229,1.9835,132.05628835,-0.42756851,,
2006-01-16,1202.869,18.6693992614746,3.0311,1.8106,119.84845911,-1.52195039,,
2006-01-17,1208.438,18.7604999542236,3.0129,1.4033,94.52655647,0.46297643,,
2006-01-18,1233.35,19.1718997955322,2.9972,1.839,124.58427115,2.06150419,,
2006-01-19,1251.576,19.4489002227783,2.9916,2.2587,153.71377903,1.47776381,,28.232182
2006-01-20,1255.308,19.4997005462646,3.0439,2.3023,162.20854852,0.29818405,3.1349,50.547487
2006-01-23,1255.774,19.4850997924805,3.0789,2.0304,141.14136705,0.03712236,,
2006-01-24,1252.062,19.4113998413086,2.9676,2.0542,157.79296164,-0.29559459,,
2006-01-25,1258.046,19.5074996948242,2.9589,1.8553,136.82169584,0.4779316,,
2006-02-06,1287.626,19.9692001342773,3.0107,2.0463,149.10754752,2.35126538,,
2006-02-07,1282.096,19.8763008117676,2.9412,2.6908,196.70593231,-0.42947253,,
2006-02-08,1290.055,20.0069999694824,2.9715,2.3311,163.40287483,0.62078035,,
2006-02-09,1269.454,19.6805000305176,2.8715,2.0344,141.99096185,-1.59690866,,
2006-02-10,1282.656,19.9167995452881,2.8673,1.8605,131.58590273,1.03997467,,
2006-02-13,1279.64,19.8512992858887,2.8475,1.8457,129.980107063,-0.23513709,,
2006-02-14,1286.327,19.9430999755859,2.8723,1.6076,111.146396884,0.52256885,,
2006-02-15,1299.166,20.1702995300293,2.9109,2.163,147.78787079,0.99811323,,
2006-02-16,1270.633,19.7173004150391,2.875,2.3098,157.11529868,-2.19625514,,
2006-02-17,1267.408,19.6313991546631,2.9412,1.8531,126.12954599,-0.2538105,,
2006-02-20,1267.542,19.6149997711182,2.9124,1.5332,104.69048156,0.01057276,,
2006-02-21,1288.419,19.929500579834,2.9955,1.8948,129.32889821,1.64704602,,
2006-02-22,1284.226,19.8731994628906,2.9172,2.0337,135.83894019,-0.32543761,,
2006-02-23,1288.847,19.944299697876,2.9937,1.6382,106.38933798,0.35982763,,
2006-02-24,1296.866,20.042200088501,2.9451,1.6697,113.77200957,0.62218401,,
2006-02-27,1297.186,20.0167999267578,2.9225,1.9138,132.7827312,0.02467487,,
2006-02-28,1299.03,19.9416999816895,2.9266,1.6742,116.98977879,0.14215386,,
2006-03-01,1306.586,20.0604991912842,2.9,1.6781,117.13886696,0.58166478,,
2006-03-02,1285.666,19.6641998291016,2.9,2.0143,146.19800282,-1.60111925,,
2006-03-03,1293.297,19.7703990936279,2.87,1.7563,125.0559509,0.59354451,,
2006-03-06,1288.955,19.6798992156982,2.93,1.437,96.97600044,-0.33573108,,
2006-03-07,1259.916,19.2360000610352,2.9,1.5828,106.11752964,-2.2529103,,
2006-03-08,1250.384,19.0555000305176,2.88,1.389,93.28367193,-0.75655837,,
2006-03-09,1245.166,18.9727001190186,2.88,1.0854,75.72686312,-0.4173118,,
2006-03-10,1245.653,18.9235000610352,2.89,0.996,70.34995133,0.03911125,,
2006-03-13,1259.674,19.1357002258301,2.9,0.9607,67.62688354,1.12559437,,
2006-03-14,1259.044,19.1096992492676,2.9,1.0489,71.56890163,-0.05001294,,
2006-03-15,1274.812,19.3264999389648,2.91,1.2995,94.02430272,1.25237879,,
2006-03-16,1274.19,19.3066005706787,2.91,1.2886,92.94380361,-0.04879151,,
2006-03-17,1269.462,19.2297992706299,2.92,1.3139,92.58870711,-0.37105926,24.589,24.588957
2006-03-20,1288.418,19.4888000488281,2.93,1.4184,98.30202798,1.49323099,,88.398958
2006-03-21,1290.395,19.4946002960205,2.92,1.702,120.44252255,0.15344399,,
2006-03-22,1296.706,19.6135997772217,2.93,1.567,109.77859993,0.48907505,,
2006-03-23,1302.457,19.6933994293213,2.912,1.7867,126.67480395,0.4435084,,41.04914
2006-03-24,1294.704,19.5268001556396,2.9,1.7061,124.20500927,-0.59525957,56.9021,56.902079
2006-03-27,1295.915,19.7045993804932,2.92,1.4429,103.10244141,0.09353489,,89.77114
2006-03-28,1298.791,19.733699798584,2.92,1.7545,117.98730437,0.22192814,,
2006-03-29,1305.567,19.7789001464844,2.94,2.3842,172.99640364,0.52171597,,
2006-03-30,1294.718,19.558500289917,2.94,1.8202,135.23584681,-0.83097995,,
2006-03-31,1298.295,19.5473003387451,2.94,1.8638,139.57859426,0.27627638,,
2006-04-03,1319.471,19.1441993713379,2.92,2.2885,175.13531782,1.63106228,,51.3279
2006-04-04,1329.798,19.2858009338379,2.92,2.5787,199.32253313,0.78266214,,
2006-04-05,1340.162,19.3924999237061,2.91,2.6282,200.09046302,0.77936649,,
2006-04-06,1339.737,19.3537998199463,2.94,2.8962,220.0660901,-0.03171258,27.2888,27.28874
2006-04-07,1342.965,19.3826007843018,2.9291,2.8312,207.81669076,0.24094281,,
2006-04-10,1359.081,19.6194000244141,2.93,2.8876,205.11655727,1.20003127,,
2006-04-11,1362.229,19.5983009338379,2.97,3.0512,227.53839588,0.23162711,,
2006-04-12,1360.132,19.6343994140625,2.98,2.5853,186.49703738,-0.15393888,,25.8554
2006-04-13,1332.33,19.2271995544434,2.9405,2.8741,202.05465519,-2.04406631,10.7282,67.271237
2006-04-14,1359.538,19.5979995727539,2.95,2.6423,179.6427884,2.04213671,,
2006-04-17,1378.614,19.8775997161865,2.94,2.9435,202.38073703,1.40312371,,
2006-04-18,1385.114,19.5683994293213,3.01,2.5452,181.76065111,0.47148803,,
2006-04-19,1396.702,19.6606998443604,3.01,2.8048,214.47388326,0.83660984,26.5868,26.586827
2006-04-20,1385.9,19.641300201416,3.0,2.9781,237.59758641,-0.77339332,,
2006-04-21,1416.793,20.1291999816895,3.048,3.1409,248.23370139,2.22909301,,
2006-04-24,1409.786,20.3698997497559,3.05,3.5563,285.52131603,-0.49456766,,21.5278
2006-04-25,1399.767,20.6252994537354,3.06,2.9194,245.11654296,-0.71067524,,76.606146
2006-04-26,1417.477,21.0410995483398,3.05,3.2527,278.97759764,1.26521057,64.3574,125.819942
2006-04-27,1416.732,21.1296005249023,3.01,2.487,210.64881066,-0.05255817,,17.295823
2006-04-28,1440.223,21.8173999786377,3.01,2.9219,250.76312386,1.65811177,,25.177105
2006-05-08,1497.104,23.8187007904053,3.02,3.3609,292.60804835,3.94945783,,
2006-05-09,1531.161,24.359899520874,3.0,4.2,363.27086951,2.27485866,,
2006-05-10,1545.687,24.578800201416,3.0,4.0746,359.31317922,0.94869187,,
2006-05-11,1537.377,24.4398994445801,3.0,4.7437,429.35467052,-0.53762502,,
2006-05-12,1602.832,25.4867992401123,3.02,4.4442,414.92555026,4.25757638,43.3467,43.346686
2006-05-15,1664.088,26.457799911499,3.03,5.6999,524.36501253,3.82173553,,7.976
2006-05-16,1613.251,25.6268005371094,3.02,5.7353,534.44626423,-3.05494661,,
2006-05-17,1625.146,25.7845001220703,3.0,4.6216,429.70463943,0.73733102,184.1798,184.179767
2006-05-18,1617.281,25.3896999359131,3.0,3.958,355.59097672,-0.48395652,,
2006-05-19,1659.545,25.8209991455078,2.99,5.046,414.34527437,2.613275,,
2006-05-22,1657.689,25.892599105835,3.0,5.0526,436.95717352,-0.11183788,,
2006-05-23,1604.552,25.1000003814697,3.02,4.5671,389.19582105,-3.20548667,29.2192,29.219192
2006-05-24,1590.924,24.891300201416,3.0,3.7438,328.75831903,-0.84933365,,24.373953
2006-05-25,1591.425,24.8432998657227,3.0,2.6821,230.23859744,0.03149113,25.6431,25.643126
2006-05-26,1613.894,25.1735992431641,3.0,2.8622,243.08642696,1.41187929,,
2006-05-29,1648.538,25.7028999328613,3.03,3.3869,293.14321548,2.14660938,,
2006-05-30,1657.288,25.8181991577148,3.02,3.4617,319.90664242,0.53077333,,
2006-05-31,1641.3,25.5452003479004,3.02,3.7308,330.89439916,-0.96470861,23.6476,23.6476
2006-06-01,1684.195,26.1965007781982,3.03,4.4379,384.6578074,2.61347712,,
2006-06-02,1669.399,25.948600769043,3.05,5.1197,449.15922444,-0.8785206,,
2006-06-05,1684.624,26.1954002380371,3.03,4.3993,362.76144297,0.91200486,,35.18813
2006-06-06,1679.126,26.0828990936279,3.02,3.8225,321.73005462,-0.32636363,,
2006-06-07,1589.545,24.7003002166748,3.05,4.2593,371.92981975,-5.33497784,,
2006-06-08,1591.49,24.7120990753174,3.05,3.5714,302.37702269,0.12236206,39.6597,39.659673
2006-06-09,1551.384,24.0620994567871,3.03,3.0729,259.69107035,-2.5200284,98.3493,98.34926
2006-06-12,1552.798,24.0695991516113,3.05,2.0543,183.50032485,0.09114442,,
2006-06-13,1548.495,23.9678993225098,3.08,2.1209,182.52967087,-0.27711267,117.9105,117.910508
2006-06-14,1531.327,23.6476993560791,3.09,2.1194,174.89724134,-1.1086894,99.2912,99.2912
2006-06-15,1533.98,23.6676998138428,3.1,1.8626,157.49530844,0.17324843,23.3981,30.831446
2006-06-16,1574.467,24.3047008514404,3.1,2.1959,187.73707627,2.63934341,,
2006-06-19,1586.286,24.4515991210938,3.12,2.3292,206.35199195,0.75066673,,
2006-06-20,1592.332,24.5217990875244,3.1,2.3295,206.58724979,0.38114186,,
2006-06-21,1598.116,24.6429996490479,3.15,2.6022,224.26544922,0.36324083,,8.521328
2006-06-22,1596.066,24.5828990936279,3.12,2.1288,183.10093415,-0.12827605,,
2006-06-23,1605.711,24.6697998046875,3.13,2.2906,209.32009516,0.60429832,,
2006-06-26,1633.449,25.0839004516602,3.15,2.5793,239.27245405,1.72745905,,
2006-06-27,1639.551,25.1842002868652,3.15,2.3836,214.81437567,0.37356538,,
2006-06-28,1639.286,25.2208003997803,3.15,2.1768,186.52269253,-0.01616296,59.2309,59.230885
2006-06-29,1671.618,25.7113990783691,3.15,3.3936,290.18734654,1.9723221,,
2006-06-30,1672.211,25.8183002471924,3.165,3.2611,285.8834244,0.03547461,,
2006-07-03,1697.282,26.1875991821289,3.159,3.1819,284.46545731,1.49927252,,
2006-07-04,1681.547,25.9358005523682,3.15,3.549,327.1865823,-0.92707046,,
2006-07-05,1718.555,27.1868000030518,3.18,3.8813,325.21556379,2.20083054,,10.958075
2006-07-06,1741.47,27.49169921875,3.172,3.1956,297.869504836,1.33338764,,
2006-07-07,1730.19,27.3024005889893,3.18,3.1574,295.5954978,-0.64772864,,12.596045
2006-07-10,1734.329,27.3080997467041,3.1729,2.4857,237.9327043,0.23922228,,
2006-07-11,1745.806,27.4801998138428,3.1689,2.5599,243.72507915,0.66175449,,30.976551
2006-07-12,1740.0,27.3652000427246,3.2,3.1132,304.94774621,-0.33256845,,
2006-07-13,1655.773,26.0739002227783,3.23,4.3063,396.10592999,-4.84063218,83.6991,83.699145
2006-07-14,1665.208,26.1744995117188,3.235,2.6495,246.14810238,0.56982449,,
2006-07-17,1682.887,26.4253005981445,3.2,2.0522,198.21153547,1.06166917,,31.203904
2006-07-18,1684.252,26.3689002990723,3.2,2.0055,185.2821623,0.08111062,18.7675,54.98964
2006-07-19,1645.16,25.7493000030518,3.19,2.2316,206.03536378,-2.32103034,,
2006-07-20,1655.122,25.8838005065918,3.2,1.8287,165.18086761,0.60553381,,42.066715
2006-07-21,1665.328,25.9409999847412,3.2,1.9103,166.64622053,0.61663128,55.2287,55.228653
2006-07-24,1665.944,25.9009990692139,3.25,1.9873,173.299018,0.03698971,,
2006-07-25,1685.461,26.2113990783691,3.24,2.1791,195.80630097,1.17152797,52.5787,52.578687
2006-07-26,1686.654,26.2854995727539,3.25,1.9868,175.43497636,0.07078182,,
2006-07-27,1675.168,26.1026992797852,3.275,2.3066,206.6813164,-0.68099326,,
2006-07-28,1662.031,25.8553009033203,3.25,2.115,188.052658294,-0.78421985,,
2006-07-31,1612.733,25.039400100708,3.26,2.1272,195.58733734,-2.96612999,,
2006-08-01,1600.614,24.5988006591797,3.25,2.0281,179.00862636,-0.75145731,,9.6451
2006-08-02,1600.872,24.6264991760254,3.25,1.7447,150.48503237,0.01611881,,4.899895
2006-08-03,1601.058,24.6152000427246,3.24,1.3052,119.0913705,0.01161867,,
2006-08-04,1570.15,24.1504001617432,3.25,1.6234,144.01225366,-1.93047347,,
2006-08-07,1547.436,23.7889995574951,3.25,1.509,127.61218135,-1.44661338,49.3578,49.357756
2006-08-08,1580.577,24.2674007415771,3.25,1.4526,123.14675828,2.14167177,,
2006-08-09,1578.566,24.1200008392334,3.26,1.3473,114.68884429,-0.12723202,18.4645,23.4646
2006-08-10,1606.065,24.5046005249023,3.26,1.6387,138.71479464,1.74202409,,
2006-08-11,1605.926,24.4934005737305,3.255,1.4579,123.06050027,-0.00865469,,
2006-08-14,1570.738,23.9592990875244,3.245,1.5867,137.83639473,-2.19113459,63.2708,63.270806
2006-08-15,1595.657,24.2915000915527,3.245,1.2487,109.42039814,1.58645172,,
2006-08-16,1616.41,24.5645999908447,3.24,1.7539,153.16278123,1.3005928,36.5711,36.571108
2006-08-17,1603.332,24.3715991973877,3.24,1.4331,121.66972236,-0.8090769,,13.320652
2006-08-18,1598.018,24.1056003570557,3.2,1.4581,117.27798675,-0.33143479,,
2006-08-21,1601.15,24.1137008666992,3.26,1.4008,119.99189734,0.19599279,,
2006-08-22,1613.355,24.2483997344971,3.254,1.5855,151.63018059,0.76226462,14.1655,14.165481
2006-08-23,1612.396,24.1005992889404,3.251,1.6099,154.554064558,-0.05944135,,
2006-08-24,1623.017,24.2460994720459,3.248,1.4794,135.93692271,0.65870915,,
2006-08-25,1623.034,24.2161998748779,3.2389,1.6145,152.95238081,0.00104743,,
2006-08-28,1650.438,24.1669006347656,3.256,2.2701,216.33007225,1.68844276,,
2006-08-29,1651.024,24.3411998748779,3.25,2.7813,270.6362304,0.03550573,,
2006-08-30,1655.195,24.4346008300781,3.24,1.8126,172.30948829,0.25263109,,
2006-08-31,1658.638,24.4867992401123,3.238,2.0185,190.87552042,0.20801174,,
2006-09-01,1636.691,24.1762008666992,3.23,2.0687,197.2446161,-1.32319409,,
2006-09-04,1657.52,24.4680004119873,3.23,1.8967,176.23874081,1.27262874,,
2006-09-05,1664.078,24.5562000274658,3.225,2.3269,219.46288123,0.39565133,,
2006-09-06,1672.121,24.6837997436523,3.21,1.9275,182.55683944,0.48333071,16.8422,16.842244
2006-09-07,1661.19,24.5368995666504,3.201,1.8121,175.24649397,-0.65372063,,
2006-09-08,1667.984,24.6392002105713,3.2,1.5236,141.02795458,0.40898392,61.1472,61.147247
2006-09-11,1674.966,24.7369995117188,3.2,1.7537,167.97589963,0.41858915,,
2006-09-12,1695.862,25.0702991485596,3.18,2.1436,198.305455258,1.24754771,,
2006-09-13,1689.389,24.9843006134033,3.18,2.4709,227.1690485,-0.38169379,11.1296,11.129644
2006-09-14,1689.692,24.9834003448486,3.172,1.9397,185.76806075,0.01793548,4.0991,4.099136
2006-09-15,1721.045,25.4687004089355,3.17,2.7024,241.14644117,1.85554527,,33.5374
2006-09-18,1732.987,25.6193008422852,3.155,2.5286,237.08204949,0.69388075,,
2006-09-19,1735.241,25.6436004638672,3.15,2.3879,232.10633077,0.13006445,,
2006-09-20,1732.453,25.5902004241943,3.13,2.1592,208.20855409,-0.16066932,87.7041,87.704173
2006-09-21,1740.901,25.5872001647949,3.11,2.2125,214.8409821,0.48763228,,
2006-09-22,1725.361,25.4069995880127,3.05,2.4983,255.09820056,-0.89264122,,
2006-09-25,1722.366,25.3556995391846,3.0,2.1886,229.60247666,-0.17358686,,
2006-09-26,1712.637,25.2145004272461,3.0,1.8402,185.19170788,-0.56486252,,
2006-09-27,1725.039,25.3782997131348,3.0,1.6334,163.91910536,0.72414645,31.2923,31.292304
2006-09-28,1736.963,25.5333995819092,3.0,1.9145,199.16525552,0.69123075,15.8808,15.880768
2006-09-29,1752.424,25.7392997741699,3.0,2.3061,234.62273288,0.89011683,12.4897,12.489741
2006-10-09,1785.385,26.207799911499,3.0,2.9792,290.824499694,1.88088043,,
2006-10-10,1784.862,25.4705009460449,2.99,3.1297,314.59190759,-0.0292934,,
2006-10-11,1790.104,25.5452995300293,2.97,2.7847,263.10183677,0.29369217,79.3889,79.388959
2006-10-12,1778.181,25.3836994171143,2.9552,3.029,281.32397477,-0.66605069,,
2006-10-13,1784.656,25.4792995452881,2.9541,2.4107,233.93102981,0.36413616,,
2006-10-16,1771.299,25.3066005706787,2.9567,2.6525,247.79036364,-0.74843555,,
2006-10-17,1763.901,25.0137004852295,2.9533,2.2265,217.55132346,-0.41765958,,
2006-10-18,1787.185,25.3202991485596,2.9535,2.0738,204.045563696,1.32002873,,
2006-10-19,1792.253,25.3840999603271,2.954,2.3354,227.21449361,0.28357445,22.1809,22.180859
2006-10-20,1790.364,25.3027000427246,2.9523,2.35,235.49793776,-0.10539807,,
2006-10-23,1759.394,24.7884006500244,2.9492,2.4913,245.7674821,-1.72981584,69.3636,69.36364
2006-10-24,1805.181,25.3682994842529,2.9385,2.2299,225.16170673,2.60243015,,
2006-10-25,1806.646,25.2731990814209,2.9498,2.4836,259.10017033,0.0811553,,
2006-10-26,1810.646,25.3351001739502,2.9374,2.7118,255.37889302,0.22140475,,
2006-10-27,1807.175,25.4244003295898,2.9397,3.9017,344.85707333,-0.19169954,,
2006-10-30,1809.656,25.1287994384766,2.9406,2.3656,231.52813096,0.1372861,,
2006-10-31,1837.993,24.7768001556396,2.9512,2.4218,247.79224821,1.56587771,,
2006-11-01,1855.713,25.0093994140625,2.9545,2.4848,270.78206744,0.96409508,,19.3798
2006-11-02,1851.314,24.9368000030518,2.9557,2.6846,282.82302794,-0.23705174,1.9658,
2006-11-03,1866.362,25.1555004119873,2.9561,2.5827,267.89660853,0.81282808,,
2006-11-06,1886.307,25.4237003326416,2.9844,2.5778,276.19541168,1.06865656,,
2006-11-07,1889.53,25.4654998779297,2.989,2.8543,317.60892168,0.17086296,61.1399,61.1399
2006-11-08,1866.817,25.1502990722656,2.9781,1.9509,220.90043828,-1.20204495,,
2006-11-09,1896.482,25.607400894165,2.972,2.2937,256.51081781,1.58906845,5.8062,5.806171
2006-11-10,1883.347,25.4685001373291,2.9595,3.2742,347.16751193,-0.69259819,,
2006-11-13,1863.765,25.2497997283936,2.9494,2.5932,277.55542406,-1.03974467,,
2006-11-14,1888.239,25.5795001983643,2.9682,2.2451,236.97796962,1.31314839,,
2006-11-15,1922.935,26.0287990570068,2.9688,2.4294,267.82036849,1.83747926,93.4276,93.427664
2006-11-16,1941.547,26.3581008911133,2.9725,3.3417,349.48670497,0.96789543,175.485,175.485072
2006-11-17,1971.793,26.7730007171631,2.9632,2.5692,275.37479764,1.55782992,22.2299,22.229851
2006-11-20,2017.279,27.4148006439209,2.9806,3.0691,333.69678548,2.30683444,,
2006-11-21,2037.552,27.6805992126465,2.9785,2.7954,326.48156626,1.00496758,68.0682,68.068245
2006-11-22,2041.355,27.7066993713379,3.0518,3.3673,390.66635219,0.18664554,40.3142,40.314249
2006-11-23,2062.363,27.9307994842529,3.0609,3.1457,347.78737367,1.02912036,,
2006-11-24,2050.812,27.725700378418,3.0655,3.168,362.24819025,-0.56008569,141.0203,141.020251
2006-11-27,2047.277,27.6259002685547,3.02,2.9865,355.82112455,-0.17237075,32.7084,32.708392
2006-11-28,2038.721,27.5013999938965,2.9886,2.8486,335.74996024,-0.41792098,,
2006-11-29,2054.091,27.6947994232178,2.9811,2.9021,343.40079911,0.75390404,,35.1881
2006-11-30,2099.289,28.3150997161865,2.9781,3.7708,440.83104303,2.20038937,4.9175,4.917481
2006-12-01,2102.049,28.2516994476318,2.9936,3.9415,486.97920467,0.13147308,85.4034,85.40343
2006-12-04,2161.648,29.0512008666992,2.9895,4.513,532.76474821,2.83528119,,
2006-12-05,2173.285,29.183500289917,2.9912,4.5435,551.24102072,0.53833927,,
2006-12-06,2156.604,29.0405006408691,2.9851,5.3813,626.89425147,-0.76754774,153.3616,153.361635
2006-12-07,2156.75,29.0536994934082,2.9947,5.1182,593.1311357,0.0067699,,
2006-12-08,2093.638,28.2597999572754,3.0351,4.1677,472.01607038,-2.92625478,,
2006-12-11,2180.496,29.4284992218018,3.0527,3.2425,370.29535708,4.14866371,,
2006-12-12,2218.951,30.0025997161865,3.0393,3.6386,423.34761708,1.76358957,419.1695,419.169515
2006-12-13,2223.455,30.0624008178711,3.0461,2.9826,363.14222631,0.20297879,,
2006-12-14,2249.11,30.3906993865967,3.0335,3.0194,372.12845062,1.15383491,,
2006-12-15,2273.908,30.710599899292,3.0402,3.134,404.12388756,1.10256946,37.3587,37.358768
2006-12-18,2332.434,31.5294990539551,3.0307,4.0448,523.85973003,2.57380686,,
2006-12-19,2364.177,32.0069007873535,3.0232,4.4992,562.75481965,1.36093883,,
2006-12-20,2373.205,31.9666996002197,3.0267,4.0476,495.96491204,0.3818665,,
2006-12-21,2342.938,31.5625991821289,3.0199,4.3024,530.18987605,-1.27536391,,
2006-12-22,2343.668,31.6366004943848,3.0364,3.626,460.72199874,0.03115746,,
2006-12-25,2435.762,32.9858016967773,3.0408,3.8046,478.15717709,3.92948148,,
2006-12-26,2479.732,33.6596984863281,3.0419,3.7149,448.11517138,1.80518458,,
2006-12-27,2536.387,34.4360008239746,3.0408,3.6995,451.40881916,2.2847227,,
2006-12-28,2567.594,34.9813995361328,3.026,4.0374,505.19293376,1.23037218,,
2006-12-29,2675.474,36.5620002746582,3.0202,4.4598,590.92790025,4.20159885,,
2007-01-04,2715.719,37.1128997802734,3.0239,6.1709,839.45528499,1.50421944,,
2007-01-05,2641.334,35.856201171875,3.0211,5.4534,701.28701903,-2.73905364,108.39,117.9412
2007-01-08,2707.199,36.7061004638672,3.0356,5.4688,721.65879334,2.49362633,,
2007-01-09,2807.804,38.0844993591309,3.0231,5.5103,862.21973479,3.71620261,110.2273,110.227289
2007-01-10,2825.576,38.2546005249023,3.0102,5.6914,790.50663285,0.63295016,,
2007-01-11,2770.11,37.4443016052246,3.0047,6.1666,839.86726404,-1.96299799,,
2007-01-12,2668.11,36.0544013977051,3.0202,5.4027,734.34040933,-3.68216425,,
2007-01-15,2794.701,37.755298614502,3.0167,4.6198,669.39480996,4.74459449,,
2007-01-16,2821.017,38.0441017150879,3.0175,5.5932,833.2576912,0.9416392,97.6082,106.1203
2007-01-17,2778.9,37.467098236084,3.0176,6.4734,967.77586679,-1.49297222,,
2007-01-18,2756.983,37.1128997802734,3.0273,5.7055,841.33817337,-0.78869337,,
2007-01-19,2832.207,38.0856018066406,3.032,6.2269,896.44076248,2.7284898,95.6831,95.68309
2007-01-22,2933.19,39.293098449707,3.0277,7.0761,1030.38439662,3.56552328,,
2007-01-23,2949.144,44.1679992675781,3.0373,7.2796,1090.27312169,0.54391294,,
2007-01-24,2975.129,44.4813995361328,3.0267,6.2258,975.16182441,0.88110313,44.6288,44.62883
2007-01-25,2857.365,42.6365013122559,3.032,5.9753,929.60236879,-3.95828215,,
2007-01-26,2882.558,42.9053001403809,3.0374,5.5136,846.24396173,0.88168645,,
2007-01-29,2945.263,43.7961006164551,3.0427,5.7126,891.80333979,2.17532483,68.747,68.747041
2007-01-30,2930.562,43.5826988220215,3.0559,5.7021,876.64383244,-0.49914048,,
2007-01-31,2786.335,41.4976997375488,3.0671,5.8111,861.36968599,-4.92147922,,
2007-02-01,2785.432,41.4584999084473,3.0676,4.7451,696.72869128,-0.03240816,,
2007-02-02,2673.212,39.6907997131348,3.0598,4.3499,650.92192884,-4.02881851,,
2007-02-05,2612.537,38.7044982910156,3.0765,3.4449,545.4180888,-2.26974142,,
2007-02-06,2675.697,39.644401550293,3.0705,4.3598,687.61575724,2.41757342,,
2007-02-07,2716.175,40.2028999328613,3.0704,4.7994,773.15160656,1.51280208,,
2007-02-08,2737.732,40.4548988342285,3.0814,4.496,695.975965923,0.79365284,,
2007-02-09,2730.386,40.3244018554688,3.1171,4.1205,629.74673374,-0.26832429,,
2007-02-12,2807.174,41.4077987670898,3.1355,4.0131,634.55731276,2.81234961,79.3482,90.7524
2007-02-13,2831.872,41.5696983337402,3.1367,4.0136,622.0974142,0.87981721,,
2007-02-14,2905.093,42.6304016113281,3.137,4.768,743.26325636,2.58560415,,
2007-02-15,2993.008,43.8941993713379,3.1365,5.525,869.18918782,3.02623703,,
2007-02-16,2998.474,43.9210014343262,3.1361,5.9801,940.64924145,0.18262564,,
2007-02-26,3040.599,44.3843994140625,3.12,5.6973,910.5456739,1.40488128,,
2007-02-27,2771.791,40.4970016479492,3.1468,8.1787,1292.12458933,-8.84062647,,
2007-02-28,2881.073,42.1231002807617,3.1466,6.0421,954.21808386,3.94264936,,
2007-03-01,2797.19,40.8767013549805,3.1553,6.3659,1066.13522204,-2.91151942,96.5866,96.586557
2007-03-02,2831.526,41.3670997619629,3.1683,4.7069,749.31594415,1.22751762,,
2007-03-05,2785.306,40.6660003662109,3.1726,5.3636,849.60180858,-1.63233536,,
2007-03-06,2840.175,41.4516983032227,3.179,3.8799,639.93290687,1.96994513,,
2007-03-07,2896.594,42.2136993408203,3.19,4.423,738.44900601,1.9864621,,
2007-03-08,2928.015,42.5499992370605,3.2192,4.5134,737.8247971,1.08475679,83.3437,83.343679
2007-03-09,2937.91,42.6341018676758,3.223,5.4171,897.25963598,0.33794226,,
2007-03-12,2954.914,42.7939987182617,3.2278,5.1576,854.96576412,0.57877879,99.9899,99.98993
2007-03-13,2964.794,42.8535995483398,3.2051,5.4421,886.5728653,0.33435829,97.451,97.451026
2007-03-14,2906.334,41.9719009399414,3.2332,5.777,938.29876757,-1.97180647,,24.506727
2007-03-15,2951.698,43.3498001098633,3.2876,5.1622,866.41125812,1.56086671,,
2007-03-16,2930.481,42.9132995605469,3.3042,6.2188,1046.17575822,-0.7188066,,
2007-03-19,3014.442,44.0945014953613,3.337,5.5192,948.19910156,2.8650928,67.7772,67.777236
2007-03-20,3032.195,43.9398002624512,3.36,4.643,816.27441324,0.58893155,,
2007-03-21,3057.38,44.2997016906738,3.4,4.9688,893.06939186,0.83058642,,
2007-03-22,3071.225,44.4062004089355,3.395,6.3108,1126.47268966,0.45283871,87.5687,87.568667
2007-03-23,3074.286,41.8967018127441,3.4235,5.9059,1046.09177836,0.09966707,,
2007-03-26,3122.811,42.5088005065918,3.42,6.1041,1098.28277574,1.57841528,,
2007-03-27,3138.826,42.6445999145508,3.42,6.2023,1140.54540595,0.51283923,,
2007-03-28,3173.018,42.9389991760254,3.4245,8.3245,1511.16615356,1.08932448,,
2007-03-29,3197.537,43.4976005554199,3.4386,7.4518,1403.62614712,0.77273435,,
2007-03-30,3183.983,42.9869003295898,3.4338,4.4446,829.99416777,-0.42388876,96.0797,96.079655
2007-04-02,3252.595,43.5741004943848,3.43,4.8116,933.215406448,2.154911,108.7494,108.749395
2007-04-03,3291.299,44.1124000549316,3.4277,5.3582,1071.36258679,1.18994218,,
2007-04-04,3291.542,42.2751007080078,3.44,5.556,1132.58217174,0.0073831,,
2007-04-05,3319.14,42.6319007873535,3.4441,5.6418,1144.95514905,0.83845201,,
2007-04-06,3323.585,42.6025009155273,3.4615,5.8637,1219.8147322,0.13392023,,
2007-04-09,3398.95,43.5279998779297,3.488,6.7542,1399.36999342,2.26758154,138.6528,138.652855
2007-04-10,3444.291,43.5362014770508,3.4829,7.241,1529.42402328,1.33397079,98.8348,110.4232
2007-04-11,3495.224,44.1846008300781,3.493,7.2371,1562.07584313,1.47876588,98.5876,106.848
2007-04-12,3531.029,44.2207984924316,3.4936,6.6261,1483.68251482,1.02439786,98.8316,132.0134
2007-04-13,3518.267,43.8848991394043,3.5202,7.3562,1664.87192088,-0.36142439,98.8479,98.847996
2007-04-16,3596.441,43.1801986694336,3.5327,6.3809,1455.3644609,2.2219462,,
2007-04-17,3611.87,42.8202018737793,3.5391,7.801,1761.13092872,0.42900745,,
2007-04-18,3612.396,42.0214996337891,3.56,7.3294,1674.18751167,0.01456309,,
2007-04-19,3449.016,40.0443992614746,3.57,8.416,1877.59225246,-4.52275996,79.0698,79.069754
2007-04-20,3584.204,41.6282997131348,3.58,6.7476,1561.3018515,3.91961069,,
2007-04-23,3710.886,42.9497985839844,3.59,7.9076,1831.65718568,3.53445284,,
2007-04-24,3720.532,42.8432006835938,3.6139,8.4,2039.1779327,0.25993792,99.6466,111.3059
2007-04-25,3743.959,42.9235992431641,3.6349,7.2758,1754.52455896,0.62966802,93.8424,118.8392
2007-04-26,3783.063,42.8535995483398,3.5931,5.477,1421.65936663,1.04445588,,
2007-04-27,3759.867,41.3810997009277,3.5914,5.7303,1628.22800052,-0.61315394,47.5736,60.9586
2007-04-30,3841.272,41.2825012207031,3.5916,6.5004,1859.61936585,2.16510318,17.7216,30.5959
2007-05-08,3950.011,43.5210990905762,3.5933,7.2295,2051.92339656,2.83080709,,
2007-05-09,4013.085,44.2963981628418,3.5906,9.2744,2553.28664201,1.59680568,,
2007-05-10,4049.701,44.6831016540527,3.63,7.6449,2077.40725045,0.91241526,,
2007-05-11,4021.678,44.3582000732422,3.68,6.242,1832.54862139,-0.69197701,,36.809075
2007-05-14,4046.392,44.6199989318848,3.7,6.2246,1850.82326446,0.61451961,106.4527,122.4933
2007-05-15,3899.178,42.9790000915527,3.7992,6.4793,2055.07368279,-3.63815468,30.3377,30.337729
2007-05-16,3986.043,43.8914985656738,3.83,5.7275,1724.19779033,2.22777724,,
2007-05-17,4048.293,44.529598236084,3.83,6.1255,1878.06273477,1.56169916,,
2007-05-18,4030.258,45.032901763916,3.83,5.7308,1736.49089627,-0.44549641,88.848,88.84797
2007-05-21,4072.225,45.4631996154785,3.966,6.892,2096.02322753,1.0412981,,
2007-05-22,4110.379,45.9062995910645,4.05,7.6194,2330.94574157,0.93693251,,41.0491
2007-05-23,4173.709,46.6040000915527,4.064,7.1307,2193.07694388,1.54073384,,
2007-05-24,4151.133,46.3823013305664,4.03,8.1113,2516.32502277,-0.54090978,,
2007-05-25,4179.776,46.4875984191895,4.05,6.7839,2209.97704706,0.69000439,,
2007-05-28,4272.111,47.5093994140625,4.07,7.967,2581.125644944,2.20908967,,
2007-05-29,4334.924,48.4057006835938,4.08,7.7002,2486.30290478,1.47030356,89.2131,89.213157
2007-05-30,4053.088,45.3465003967285,4.07,8.3704,2712.94175494,-6.50152113,,
2007-05-31,4109.654,46.0209999084473,4.06,7.7467,2395.21892168,1.39562724,,
2007-06-01,4000.742,44.904598236084,4.08,7.2381,2283.47542954,-2.65015011,,
2007-06-04,3670.401,41.1697006225586,4.1393,5.1311,1459.77950826,-8.25699333,,
2007-06-05,3767.101,42.2513999938965,4.1309,7.0066,1792.14278122,2.63458952,,
2007-06-06,3776.317,42.3218994140625,4.1442,6.4962,1752.06331662,0.24464436,,
2007-06-07,3890.803,43.5234985351562,4.1427,6.4102,1777.70803142,3.03168405,,
2007-06-08,3913.135,43.7587013244629,4.1624,6.1282,1793.9032404,0.57396892,,
2007-06-11,3995.68,44.6618003845215,4.1376,6.0313,1792.27722557,2.109434,,
2007-06-12,4072.138,45.4324989318848,4.2199,6.7423,2050.09208962,1.9135166,98.6642,120.7777
2007-06-13,4176.48,46.5996017456055,4.232,7.4975,2204.7879574,2.56233949,148.517,148.517002
2007-06-14,4115.209,45.907600402832,4.2669,6.2284,1859.06871485,-1.46704881,99.9854,99.985401
2007-06-15,4132.869,46.0891990661621,4.3483,4.9113,1519.99781738,0.42913981,,
2007-06-18,4253.348,47.448600769043,4.3496,5.8419,1822.21260895,2.915142,147.2238,147.223788
2007-06-19,4269.524,47.5741996765137,4.3969,5.6552,1793.01809545,0.38031217,,
2007-06-20,4181.323,46.6134986877441,4.4408,6.1237,1919.196778776,-2.06582748,,
2007-06-21,4230.823,47.2184982299805,4.47,5.0886,1617.82945038,1.18383583,,
2007-06-22,4091.445,45.7351989746094,4.44,5.3936,1675.18680484,-3.29434722,,47.4126
2007-06-25,3941.081,44.1593017578125,4.42,4.5914,1405.94187155,-3.67508301,,
2007-06-26,3973.371,44.456901550293,4.4,3.9683,1224.51664941,0.81931835,,
2007-06-27,4078.599,45.7238006591797,4.3985,4.2307,1264.25584928,2.6483306,,
2007-06-28,3914.204,43.9303016662598,4.4538,4.3402,1273.78548981,-4.03067328,,
2007-06-29,3820.703,42.9434013366699,4.45,3.8469,1047.60685168,-2.38876155,,
2007-07-02,3836.294,43.1095008850098,4.45,3.3104,895.85502319,0.40806626,,
2007-07-03,3899.724,43.8227005004883,4.4726,3.1231,855.06976105,1.65341864,,
2007-07-04,3816.165,42.8917999267578,4.4745,2.5364,722.63450687,-2.1426901,,
2007-07-05,3615.872,40.6795997619629,4.475,2.8365,737.55081221,-5.2485414,,
2007-07-06,3781.348,42.5125999450684,4.4261,3.6109,923.06322869,4.57637881,135.0578,153.8157
2007-07-09,3883.216,43.6455001831055,4.4172,3.7413,994.1061215,2.69395993,,
2007-07-10,3853.021,44.0171012878418,4.4896,3.4408,937.39497988,-0.77757714,,
2007-07-11,3865.723,44.1497001647949,4.4773,2.3111,622.99661081,0.3296634,72.3812,72.38123
2007-07-12,3915.991,44.712100982666,4.4777,2.3111,702.86328137,1.30035184,,
2007-07-13,3914.395,44.6795997619629,4.4634,2.0136,563.75761355,-0.04075597,,
2007-07-16,3821.916,43.6907005310059,4.454,2.0898,588.81864137,-2.36253623,,
2007-07-17,3896.191,44.5330009460449,4.4542,2.1638,605.23645457,1.94339698,60.0034,120.006659
2007-07-18,3930.06,44.9920997619629,4.4547,2.8032,800.28948085,0.8692849,58.4055,58.405453
2007-07-19,3912.941,44.7486991882324,4.455,2.0478,629.65662464,-0.43559131,,
2007-07-20,4058.853,46.3841018676758,4.4551,3.6342,1047.14346682,3.72895988,,
2007-07-23,4213.361,48.0521011352539,4.477,5.3729,1543.32859452,3.8066912,,
2007-07-24,4210.329,47.9679985046387,4.4651,4.9152,1416.18784339,-0.07196155,,
2007-07-25,4323.966,49.2692985534668,4.33,4.1538,1256.82739549,2.69900523,,
2007-07-26,4346.458,49.1515998840332,4.3086,4.3669,1327.86189694,0.5201706,,
2007-07-27,4345.357,49.0740013122559,4.3399,4.4395,1375.5870308,-0.02533097,,
2007-07-30,4440.769,49.9734992980957,4.2848,4.9921,1535.10486546,2.19572293,,
2007-07-31,4471.032,50.2019996643066,4.3401,4.7801,1504.12365425,0.68148107,,
2007-08-01,4300.563,48.3199996948242,4.2857,5.5484,1710.68701901,-3.8127439,46.7431,46.743051
2007-08-02,4407.73,49.4873008728027,4.2594,4.3335,1409.22818869,2.49192955,98.5357,111.2598
2007-08-03,4560.774,51.2492980957031,4.2855,5.1057,1736.72679984,3.47217275,118.687,118.687009
2007-08-06,4628.108,51.940601348877,4.3861,4.9634,1676.99345034,1.47637221,113.8532,113.85318
2007-08-07,4651.225,52.1377983093262,4.3775,5.169,1801.46927827,0.49949137,,
2007-08-08,4663.162,52.3522987365723,4.3166,5.2673,1589.19476892,0.25664207,117.4388,117.438857
2007-08-09,4754.095,53.220401763916,4.3178,4.3218,1380.9112949,1.95002876,,
2007-08-10,4749.369,52.9734992980957,4.3378,4.5046,1472.23396486,-0.09940904,,
2007-08-13,4820.064,53.8672981262207,4.357,5.0668,1616.92702667,1.48851353,,
2007-08-14,4872.785,54.3717002868652,4.3568,3.8957,1280.66264836,1.09378216,,
2007-08-15,4869.883,53.7167015075684,4.3541,3.956,1313.10547353,-0.05955526,49.8927,49.892652
2007-08-16,4765.448,52.3591003417969,4.3529,3.942,1283.04423995,-2.14450737,,
2007-08-17,4656.574,49.9897003173828,4.3038,3.9379,1337.77847778,-2.28465403,149.5663,149.56625
2007-08-20,4904.855,52.2244987487793,4.2636,4.2753,1453.14066768,5.33183839,,
2007-08-21,4955.207,51.7994003295898,4.2445,4.4755,1558.44669025,1.02657469,,
2007-08-22,4980.075,51.9109001159668,4.227,4.6086,1621.98413502,0.50185593,,
2007-08-23,5032.494,52.176399230957,4.2064,4.2305,1533.67600804,1.05257451,,
2007-08-24,5107.668,49.9799003601074,4.2164,4.6262,1653.31338354,1.49377227,99.0597,99.059736
2007-08-27,5150.118,49.7761993408203,4.136,4.9211,1761.76629643,0.83110335,,
2007-08-28,5194.689,48.2981986999512,4.2049,4.4579,1669.41754838,0.86543648,,
2007-08-29,5109.427,47.1254997253418,4.2766,4.2562,1618.7246982,-1.64133021,,
2007-08-30,5167.884,47.2947006225586,4.2739,4.2494,1550.42610345,1.14410089,,
2007-08-31,5218.825,47.6889991760254,4.2743,4.3313,1567.7507773,0.98572259,,
2007-09-03,5321.055,48.5686988830566,4.235,5.2548,1888.62012219,1.95887005,,
2007-09-04,5294.045,48.385799407959,4.2328,5.0414,1864.24946747,-0.5076061,,
2007-09-05,5310.716,48.5639991760254,4.244,4.0276,1508.17120044,0.31490099,,
2007-09-06,5393.66,49.3688011169434,4.2677,4.483,1652.01384851,1.5618233,,45.802
2007-09-07,5277.176,48.2993011474609,4.2872,5.0066,1866.45691031,-2.1596467,,
2007-09-10,5355.287,49.0102005004883,4.2946,4.2709,1530.01820686,1.48016666,49.9911,49.991129
2007-09-11,5113.968,46.8306007385254,4.3615,4.5992,1699.72939289,-4.5061824,,
2007-09-12,5172.627,47.3767013549805,4.3788,4.0551,1492.428113959,1.14703494,,
2007-09-13,5273.592,48.2928009033203,4.3892,3.6216,1406.52710546,1.95190954,,
2007-09-14,5312.182,48.6265983581543,4.4893,3.8953,1521.31382146,0.7317593,,
2007-09-17,5421.392,49.6120986938477,4.5421,4.3918,1671.22485776,2.05584071,,
2007-09-18,5425.208,49.6712989807129,4.5436,4.2842,1678.49067362,0.07038783,,
2007-09-19,5395.265,49.4543991088867,4.5474,3.5413,1502.48633276,-0.55192354,299.9815,
2007-09-20,5470.065,50.2403984069824,4.5477,3.5217,1431.85150061,1.38640085,,
2007-09-21,5454.674,50.1419982910156,4.495,3.8186,1506.83711889,-0.28136777,,
2007-09-24,5485.013,50.4394989013672,4.493,3.3799,1418.49593011,0.55620189,,
2007-09-25,5425.88,50.1352005004883,4.4859,2.8482,1417.09668222,-1.07808313,,
2007-09-26,5338.52,49.2876014709473,4.445,2.4324,1055.2867105,-1.61006141,,
2007-09-27,5409.403,49.9807014465332,4.42,2.1541,961.537078234,1.327765,,
2007-09-28,5552.301,51.3417015075684,4.39,3.0282,1388.11825691,2.64165935,,
2007-10-08,5692.755,52.8031005859375,4.3664,3.7179,1558.8038186,2.52965392,,
2007-10-09,5715.892,53.0264015197754,4.37,3.1142,1624.93057164,0.40642887,300.5564,
2007-10-10,5771.464,53.6799011230469,4.3737,3.6558,1654.50578824,0.9722367,,
2007-10-11,5913.23,55.1458015441895,4.3732,3.7064,1779.8852988,2.45632651,,
2007-10-12,5903.264,55.0245018005371,4.3723,4.6957,2192.94974982,-0.16853733,297.5033,
2007-10-15,6030.086,56.1549987792969,4.3746,3.9166,1934.69592287,2.14833692,,
2007-10-16,6092.057,55.0264015197754,4.3743,3.5128,1635.47657218,1.02769679,,
2007-10-17,6036.281,54.4346008300781,4.45,2.8304,1337.00992265,-0.91555283,,
2007-10-18,5825.282,52.5420989990234,4.46,2.7636,1303.46998328,-3.49551321,,
2007-10-19,5818.047,52.7228012084961,4.47,2.1859,1032.71964173,-0.1242,,
2007-10-22,5667.332,51.2251014709473,4.48,2.1424,955.60238034,-2.59047409,295.7216,
2007-10-23,5773.387,53.2006988525391,4.485,2.3239,1012.06050738,1.87133911,,
2007-10-24,5843.109,53.5914993286133,4.485,2.3997,1086.57305244,1.20764466,,
2007-10-25,5562.394,51.1249008178711,4.485,2.8372,1197.53910611,-4.80420612,108.2386,122.5662
2007-10-26,5589.631,49.5588989257812,4.485,2.0242,874.0504502,0.48966326,,
2007-10-29,5747.997,50.5783996582031,4.48,1.9624,821.05126018,2.83321028,,
2007-10-30,5897.193,51.6395988464355,4.484,2.1136,906.5058678,2.59561722,,
2007-10-31,5954.765,51.4747009277344,4.4937,2.7503,1194.57835269,0.97626108,,
2007-11-01,5914.285,51.3368988037109,4.5,2.5205,1107.68490996,-0.67979173,,
2007-11-02,5777.809,50.2201995849609,4.5,2.3127,1060.29855991,-2.3075655,,
2007-11-05,5634.452,48.8642997741699,4.5263,1.8909,1549.01016951,-2.48116544,,
2007-11-06,5536.569,47.956298828125,4.5248,1.6165,835.89505627,-1.73722307,,
2007-11-07,5601.783,48.6436996459961,4.5441,1.5755,763.04024271,1.17787749,,
2007-11-08,5330.023,46.3879013061523,4.5441,1.841,837.61375849,-4.85131252,,
2007-11-09,5315.54,46.4109992980957,4.5743,1.7774,807.62049342,-0.27172491,92.6415,111.9049
2007-11-12,5187.735,45.3740997314453,4.5863,1.9888,874.30687524,-2.40436531,,
2007-11-13,5158.118,45.0080986022949,4.5861,1.8679,830.44466239,-0.57090426,,
2007-11-14,5412.694,47.2055015563965,4.5922,1.9348,880.6409007,4.93544351,,
2007-11-15,5365.267,46.9268989562988,4.5973,1.8309,809.51217494,-0.87621802,,
2007-11-16,5316.274,46.456600189209,4.5974,1.4136,616.36813413,-0.9131512,,
2007-11-19,5269.817,47.0765991210938,4.5822,1.58,631.56668415,-0.87386391,,
2007-11-20,5293.703,47.2673988342285,4.5569,1.8846,793.27370646,0.45326052,,
2007-11-21,5214.225,46.584098815918,4.545,1.5816,660.885484396,-1.5013687,,
2007-11-22,4984.161,44.532600402832,4.55,1.547,647.31749501,-4.41223768,124.2408,142.4722
2007-11-23,5032.13,44.973201751709,4.54,1.1774,502.07938687,0.96242878,,
2007-11-26,4958.849,44.320499420166,4.535,1.4042,604.73397752,-1.45626206,,
2007-11-27,4861.111,43.5133018493652,4.5247,1.1786,527.67856408,-1.97098157,,
2007-11-28,4803.394,42.9770011901855,4.5089,1.2552,532.58090316,-1.18732117,,
2007-11-29,5003.333,44.8541984558105,4.5084,1.9216,811.96484501,4.16245263,,
2007-11-30,4871.778,43.7128982543945,4.5086,1.6513,705.00393741,-2.62934728,,
2007-12-03,4868.611,43.7480010986328,4.5085,1.3116,700.353181314,-0.06500707,,56.543
2007-12-04,4915.889,44.1530990600586,4.5085,1.3403,607.74976314,0.97107779,,
2007-12-05,5042.654,45.2756004333496,4.5096,1.7674,797.41842432,2.57867905,,
2007-12-06,5035.073,45.1679992675781,4.5038,1.4759,644.6719803,-0.1503375,,
2007-12-07,5091.756,45.6463012695312,4.5043,1.7273,716.63449303,1.12576322,,
2007-12-10,5161.919,46.2098007202148,4.4996,2.5205,1074.81990143,1.37797255,,
2007-12-11,5175.076,46.2089996337891,4.5116,2.4856,1064.37709227,0.25488583,48.5932,88.3852
2007-12-12,5095.543,45.4494018554688,4.5118,2.2931,1129.55426499,-1.536847,,
2007-12-13,4958.043,44.2789001464844,4.5067,2.2602,1050.88959342,-2.69843665,,
2007-12-14,5007.911,44.6674003601074,4.4251,1.866,816.2933425,1.00580007,,
2007-12-17,4876.761,43.5480003356934,4.4282,2.3491,1015.23460518,-2.61885645,,
2007-12-18,4836.174,43.2663993835449,4.4279,1.5049,648.59941016,-0.83225321,118.3291,140.9452
2007-12-19,4941.784,44.2228012084961,4.428,2.0323,864.06307943,2.18375104,,
2007-12-20,5043.535,45.0811004638672,4.4282,2.0864,878.42464925,2.05899327,,
2007-12-21,5101.779,45.6435012817383,4.4526,2.3703,1034.77896461,1.15482494,,
2007-12-24,5234.262,46.7874984741211,4.4517,3.1102,1401.85415559,2.59680006,,
2007-12-25,5201.181,46.4118995666504,4.4528,2.507,1250.73744033,-0.63200887,,
2007-12-26,5233.351,46.7560997009277,4.4541,2.7457,1228.51642524,0.61851337,,
2007-12-27,5308.889,47.505500793457,4.4005,3.2412,1470.376865809,1.4433964,,
2007-12-28,5261.563,47.0845985412598,4.4357,2.8787,1336.8040163,-0.89144829,,
2008-01-02,5272.814,47.1514015197754,4.4363,2.8529,1330.28308559,0.2138338,,
2008-01-03,5319.861,47.4333000183105,4.4263,3.6789,1704.29834596,0.89225601,,
2008-01-04,5361.574,47.8456001281738,4.4013,3.0217,1455.45035009,0.78409943,,
2008-01-07,5393.343,48.0177993774414,4.3948,3.4416,1622.25795991,0.59253122,,
2008-01-08,5386.531,48.1118011474609,4.4024,3.8376,1846.00542474,-0.12630385,,
2008-01-09,5435.807,48.4906997680664,4.4022,2.8743,1394.48986314,0.91480027,,
2008-01-10,5456.541,49.1072998046875,4.4067,3.624,1741.38308162,0.3814337,28.7178,46.2565
2008-01-11,5484.677,49.4334983825684,4.3893,3.2956,1558.74958853,0.51563802,,41.955511
2008-01-14,5497.901,49.5121002197266,4.402,2.9556,1422.50729123,0.24110809,,
2008-01-15,5443.791,49.0744018554688,4.4022,3.0313,1515.30590943,-0.98419379,,
2008-01-16,5290.606,47.6856994628906,4.4028,3.353,1619.54601902,-2.81393977,,
2008-01-17,5151.626,46.4131011962891,4.3978,3.714,1747.40177317,-2.62692024,,
2008-01-18,5180.514,46.6683006286621,4.403,2.5772,1183.66922122,0.56075499,,
2008-01-21,4914.435,44.0657997131348,4.3777,2.8402,1303.41708797,-5.13615058,,
2008-01-22,4559.751,40.864200592041,4.3679,3.4593,1548.37414462,-7.21718773,,
2008-01-23,4703.047,42.038200378418,4.2883,3.2967,1403.48152222,3.14262774,,
2008-01-24,4717.734,42.0387992858887,4.2433,3.3852,1492.35591805,0.31228691,,
2008-01-25,4761.688,42.4967994689941,4.244,2.9302,1294.23208424,0.9316761,,
2008-01-28,4419.294,39.4171981811523,4.2226,2.6041,1088.08414751,-7.19060132,,
2008-01-29,4457.944,39.7317008972168,4.2539,1.8903,795.64816524,0.87457408,,
2008-01-30,4417.849,39.3279991149902,4.2502,2.0696,925.66887273,-0.89940565,,
2008-01-31,4383.393,39.0150985717773,4.1937,1.6966,761.89312094,-0.77992706,,
2008-02-01,4320.767,38.5898017883301,4.1308,1.9994,964.52528237,-1.42871059,,
2008-02-04,4672.17,41.5209007263184,4.1311,2.2448,1091.91656646,8.13288474,,
2008-02-05,4599.696,40.8368988037109,4.1458,1.88,934.10147326,-1.551185,,
2008-02-13,4490.721,39.8493995666504,4.1559,1.3347,615.49818317,-2.36917831,,
2008-02-14,4552.316,40.3680992126465,4.1561,1.2723,575.16976567,1.37160603,31.5582,
2008-02-15,4497.127,39.8572998046875,4.1791,1.5176,669.80796512,-1.21232797,,
2008-02-18,4568.151,40.4258003234863,4.1924,2.0486,925.38618784,1.57931942,,
2008-02-19,4664.295,41.2498016357422,4.2176,2.2322,1033.56946603,2.10465897,,
2008-02-20,4567.026,40.3550987243652,4.1744,2.4432,1147.82705284,-2.08539554,,
2008-02-21,4527.177,39.9261016845703,4.1818,2.2672,1002.95840122,-0.87253718,,
2008-02-22,4370.285,38.8106002807617,4.16,2.503,1098.24503736,-3.46555922,,
2008-02-25,4192.533,37.2122993469238,4.1439,2.1723,930.47459921,-4.06728623,,
2008-02-26,4238.179,37.5968017578125,4.1413,2.0579,898.72770426,1.08874516,,
2008-02-27,4334.047,38.4711990356445,4.1436,1.869,829.67322693,2.26200923,,
2008-02-28,4299.513,38.0923004150391,4.1283,1.7701,755.27784888,-0.79680723,,
2008-02-29,4348.543,38.4384994506836,4.1283,1.7668,755.15513728,1.14036171,,
2008-03-03,4438.265,39.1222991943359,4.1285,2.9044,1253.29686545,2.06326579,,
2008-03-04,4335.446,38.1487998962402,4.1521,3.1714,1359.123526104,-2.31664851,,
2008-03-05,4292.654,37.7319984436035,4.1635,2.7048,1135.43589985,-0.98702648,,
2008-03-06,4360.986,38.3652992248535,4.1768,3.0981,1331.86791752,1.59183573,,50.499818
2008-03-07,4300.515,37.806999206543,4.176,2.0682,922.03521887,-1.38663596,,
2008-03-10,4146.299,36.4103012084961,4.1768,1.9862,973.55257733,-3.58598912,,93.226905
2008-03-11,4165.878,36.5559997558594,4.1953,1.6812,796.20807574,0.47220425,,
2008-03-12,4070.116,35.7472991943359,4.1954,1.9592,886.63903703,-2.2987231,,
2008-03-13,3971.257,34.9169998168945,4.17,2.1843,963.43796125,-2.42889883,,
2008-03-14,3962.673,34.8325996398926,4.15,1.4253,642.86805172,-0.21615322,,
2008-03-17,3820.048,33.4995994567871,4.1248,1.7276,736.13176802,-3.59921195,,
2008-03-18,3668.897,32.1595001220703,4.1151,2.0336,795.35892251,-3.95678274,,
2008-03-19,3761.605,32.8353004455566,4.075,2.1674,882.77827839,2.52686298,46.427,76.398795
2008-03-20,3804.054,33.060001373291,4.08,2.5832,1062.43521692,1.12848106,,
2008-03-21,3796.576,32.9748001098633,4.08,2.3211,964.09712739,-0.19657975,62.1706,62.170552
2008-03-24,3626.188,31.6240005493164,4.077,2.1295,885.37601514,-4.48793861,,
2008-03-25,3629.619,31.6523990631104,4.0511,1.9058,778.2967342,0.09461727,,
2008-03-26,3606.857,30.8985996246338,4.0404,1.6526,705.0784957,-0.62711816,,
2008-03-27,3411.493,29.1557006835938,4.0008,1.968,769.38808872,-5.41646092,,48.281069
2008-03-28,3580.146,30.5725994110107,4.0116,2.2591,902.91919963,4.94367129,,
2008-03-31,3472.713,29.5969009399414,4.046,1.6801,668.2547321,-3.00079941,,103.228071
2008-04-01,3329.162,28.512300491333,4.0563,1.9517,730.93942416,-4.13368453,,
2008-04-02,3347.882,28.7441005706787,4.0517,2.3332,864.30288924,0.56230367,,
2008-04-03,3446.244,29.5879001617432,4.0444,1.8129,664.130441071,2.93803665,46.5203,46.520286
2008-04-07,3599.618,31.1187992095947,4.045,2.1703,845.896963503,4.45046839,,
2008-04-08,3612.539,31.2001991271973,4.0451,2.3296,927.19515545,0.35895476,,
2008-04-09,3413.907,29.4755001068115,4.0451,2.1254,812.03386749,-5.49840431,,
2008-04-10,3471.743,29.7938003540039,4.0405,1.6137,596.99251858,1.69412934,,25.927544
2008-04-11,3492.893,29.9811000823975,4.0457,1.5377,589.85569081,0.60920408,,
2008-04-14,3296.672,27.6688003540039,4.0436,1.7678,669.52393975,-5.61772147,,48.290647
2008-04-15,3348.353,28.0233001708984,4.0244,1.5679,590.30368651,1.56767188,0.53,5.9747
2008-04-16,3291.599,27.5547008514404,4.0184,1.4086,532.05727029,-1.69498258,17.3316,17.331636
2008-04-17,3222.741,27.0170993804932,4.0185,1.4912,625.07958609,-2.09193161,,
2008-04-18,3094.668,25.9011993408203,4.0085,1.4819,545.81267325,-3.97403949,,6.850273
2008-04-21,3116.977,26.0550003051758,4.0087,2.0324,795.71085184,0.72088508,,
2008-04-22,3147.793,26.2950992584229,4.009,1.6657,587.97233746,0.98865022,,
2008-04-23,3278.33,26.5969009399414,4.0244,2.2479,861.13923613,4.14693724,31.7306,31.730642
2008-04-24,3583.028,29.0209007263184,4.0601,4.8352,1895.95479677,9.29430533,,
2008-04-25,3557.749,28.4452991485596,4.0654,4.0685,1847.227942104,-0.70552058,,
2008-04-28,3474.722,28.2350997924805,4.0707,2.5578,1091.62265895,-2.3336947,,
2008-04-29,3523.405,28.4939994812012,4.0736,2.2188,995.743111419,1.40106173,,
2008-04-30,3693.106,29.0944004058838,4.0725,3.3784,1563.13294426,4.8163921,13.887,45.194584
2008-05-05,3761.009,29.505500793457,4.0631,3.2083,1475.66887306,1.83864205,,
2008-05-06,3733.503,29.2147998809814,4.0632,3.1773,1483.01709482,-0.7313463,,
2008-05-07,3579.147,28.0137996673584,4.135,2.9572,1335.46608663,-4.13434782,4.6271,
2008-05-08,3656.839,28.570499420166,4.1253,2.4595,1088.17352061,2.1706848,2.485,2.48496
2008-05-09,3613.494,28.1870002746582,4.121,2.8865,1289.33582104,-1.18531333,,
2008-05-12,3626.982,28.2672004699707,4.1517,2.6279,1167.11982652,0.37326754,,
2008-05-13,3560.243,27.8281993865967,4.1486,3.0234,1226.56336249,-1.84006979,,
2008-05-14,3657.432,28.6205997467041,4.1653,2.9512,1223.18730759,2.72984176,,
2008-05-15,3637.324,28.433500289917,4.1691,2.7983,1125.78312553,-0.54978466,,10.73778
2008-05-16,3624.233,28.346700668335,4.1493,2.16,895.46567714,-0.35990745,,
2008-05-19,3604.761,28.1555995941162,4.1669,1.616,675.98479751,-0.5372723,,
2008-05-20,3443.162,26.9097003936768,4.1676,2.2143,889.32320454,-4.48293243,8.5729,8.572908
2008-05-21,3544.186,27.6550998687744,4.1677,2.4548,965.699452584,2.93404725,14.2332,21.690314
2008-05-22,3485.63,27.1893997192383,4.1631,2.2848,938.94974589,-1.65217063,,
2008-05-23,3473.091,27.1506004333496,4.1632,1.9987,761.83956591,-0.35973411,,24.5067
2008-05-26,3364.544,26.3216991424561,4.1636,1.7561,672.26185653,-3.12537161,3.7025,3.702493
2008-05-27,3375.407,26.4023990631104,4.1618,1.4157,552.13458044,0.32286693,18.1082,18.108232
2008-05-28,3459.026,27.0641994476318,4.1676,1.7463,687.19496471,2.47730126,8.1841,36.759147
2008-05-29,3401.437,26.6103992462158,4.1636,1.7165,673.04826867,-1.66489064,,
2008-05-30,3433.354,26.8603992462158,4.1589,1.6165,649.03877746,0.93833871,,
2008-06-02,3459.044,27.0655002593994,4.1626,1.6409,619.59616293,0.74824792,,
2008-06-03,3436.398,26.8738994598389,4.1588,1.8891,693.90159037,-0.65468956,3.2935,3.293464
2008-06-04,3369.913,26.3623008728027,4.1589,1.6009,591.71321561,-1.93472933,13.0407,13.040746
2008-06-05,3351.645,26.2437992095947,4.1591,1.3799,533.40180661,-0.54209115,,18.8737
2008-06-06,3329.67,26.073299407959,4.1617,1.1522,427.63182367,-0.6556482,,
2008-06-10,3072.333,24.05299949646,4.2069,1.6877,607.2753356,-7.72860374,,
2008-06-11,3024.24,23.690299987793,4.3193,1.5616,541.810275061,-1.56535766,4.6902,4.690201
2008-06-12,2957.532,23.2061996459961,4.3009,1.6511,568.31225894,-2.20577732,,31.8691
2008-06-13,2868.8,22.5303001403809,4.3128,1.3683,451.80876477,-3.00020422,,
2008-06-16,2874.103,22.5921001434326,4.3179,1.3442,432.20736527,0.18485081,,
2008-06-17,2794.751,22.007999420166,4.3354,1.4412,438.4053256,-2.76093098,,
2008-06-18,2941.115,23.1254005432129,4.3356,2.2092,690.29288629,5.23710341,11.3977,11.397659
2008-06-19,2748.874,21.6646995544434,4.3358,1.8929,596.26570997,-6.53633061,25.9861,25.986039
2008-06-20,2831.736,22.296199798584,4.4213,2.4693,792.17445723,3.0143979,,
2008-06-23,2760.417,21.7693996429443,4.4716,1.3557,419.00494874,-2.51856105,,
2008-06-24,2803.019,22.0916004180908,4.4626,1.611,499.428945864,1.54331755,,
2008-06-25,2905.014,22.8567008972168,4.4582,2.1571,675.10404559,3.63875521,4.9682,64.660525
2008-06-26,2901.85,22.8164005279541,4.5182,2.1829,691.86564916,-0.10891514,,
2008-06-27,2748.432,21.6352996826172,4.558,2.0121,617.18685224,-5.28690318,3.5384,3.538355
2008-06-30,2736.103,21.5133991241455,4.5285,1.282,405.56340534,-0.44858305,,
2008-07-01,2651.605,20.8391990661621,4.5309,1.3559,429.9649025,-3.08826093,,
2008-07-02,2651.725,20.8169994354248,4.536,1.3397,435.62554259,0.00452556,,
2008-07-03,2703.529,21.1758003234863,4.5311,2.271,740.72058329,1.95359624,7.5921,7.592107
2008-07-04,2669.892,20.9214000701904,4.5313,1.9097,620.00179306,-1.24418861,3.8326,3.832556
2008-07-07,2792.397,21.8666000366211,4.5529,2.5798,820.375821278,4.58838784,,
2008-07-08,2814.947,22.0065002441406,4.5331,2.6764,874.78469673,0.80754993,7.418,7.417995
2008-07-09,2920.546,22.8477001190186,4.5059,3.2379,1058.32317684,3.75136725,,
2008-07-10,2875.45,22.5391998291016,4.4725,3.0342,995.05895387,-1.54409484,,
2008-07-11,2856.634,22.3915004730225,4.4562,2.1635,697.89668086,-0.65436714,,
2008-07-14,2878.256,22.5562992095947,4.4328,1.8186,594.588112647,0.7569048,,
2008-07-15,2779.448,21.7633991241455,4.4332,2.3652,751.830811798,-3.43291215,,
2008-07-16,2705.867,21.1975002288818,4.4338,2.0007,603.60593512,-2.64732422,16.4915,16.491539
2008-07-17,2684.778,21.0653991699219,4.434,1.6938,514.51570182,-0.77938051,,
2008-07-18,2778.367,21.7852993011475,4.4236,1.9293,591.02962351,3.48591206,,
2008-07-21,2861.418,22.4402008056641,4.419,2.2095,696.69133677,2.98920193,,
2008-07-22,2846.117,22.3360004425049,4.4135,2.0464,651.30356244,-0.53473488,,
2008-07-23,2837.849,22.3129005432129,4.4136,2.0444,642.21812151,-0.29050106,3.3487,3.348739
2008-07-24,2910.292,22.8735008239746,4.4137,2.413,779.7569679,2.55274329,,
2008-07-25,2865.101,22.497200012207,4.4342,2.0787,638.67379951,-1.55279951,6.0354,6.035423
2008-07-28,2903.012,22.7744998931885,4.4374,2.0724,644.91646958,1.32319943,,
2008-07-29,2850.311,22.3061008453369,4.44,1.9467,592.63834809,-1.81539036,,
2008-07-30,2836.668,22.2082004547119,4.4351,1.6215,489.12863306,-0.47864952,5.3385,5.33846
2008-07-31,2775.717,21.7343006134033,4.4401,1.4719,435.77577265,-2.14868289,,
2008-08-01,2801.817,21.9556007385254,4.4601,1.6253,507.43916853,0.94029759,,
2008-08-04,2741.74,21.4925994873047,4.4612,1.2262,375.66055948,-2.1442157,82.7834,82.783445
2008-08-05,2690.746,21.107400894165,4.4565,1.397,425.11686405,-1.85991378,,
2008-08-06,2719.368,21.3691005706787,4.4411,1.3394,411.30300096,1.06371988,,27.637143
2008-08-07,2727.577,21.4057006835938,4.5238,1.3021,387.241227478,0.30187161,,
2008-08-08,2605.719,20.4221992492676,4.4988,1.5922,463.04907775,-4.46762823,,
2008-08-11,2470.074,19.4148006439209,4.5596,1.5348,415.10408325,-5.20566492,,
2008-08-12,2457.198,19.3390007019043,4.5139,1.1917,310.555603756,-0.52127993,,
2008-08-13,2446.297,19.18869972229,4.5038,1.3358,353.22519426,-0.44363539,,
2008-08-14,2437.082,19.0862007141113,4.4736,1.0209,277.31353273,-0.37669179,,
2008-08-15,2450.61,19.1350994110107,4.4133,1.0192,272.01868924,0.55509006,,
2008-08-18,2319.868,18.1581001281738,4.4141,1.1571,358.66644284,-5.33507984,,
2008-08-19,2344.469,18.2805995941162,4.4042,1.0258,276.99092385,1.06044827,,
2008-08-20,2523.282,19.6368007659912,4.3944,2.1299,590.38931806,7.6270149,3.5806,3.58064
2008-08-21,2431.716,18.8099994659424,4.3689,1.8259,519.140517796,-3.62884529,,
2008-08-22,2405.226,18.395299911499,4.3554,1.3376,363.47766917,-1.08935418,5.0843,
2008-08-25,2413.374,18.1121997833252,4.3431,0.9982,268.48283368,0.33876234,,
2008-08-26,2350.084,17.6315994262695,4.3292,1.2473,313.28604047,-2.62246962,,
2008-08-27,2342.147,17.3349990844727,4.3096,1.1708,325.69013745,-0.33773261,,12.895521
2008-08-28,2350.143,17.7807998657227,4.2753,0.9759,286.02903066,0.34139616,,
2008-08-29,2397.369,18.0559005737305,4.2234,1.3278,373.16396862,2.00949474,,
2008-09-01,2325.135,17.612699508667,4.1363,1.0771,286.78403216,-3.01305306,,
2008-09-02,2304.891,17.4461002349854,4.1714,1.017,259.57452208,-0.87065912,,
2008-09-03,2276.672,17.2290992736816,4.1411,1.2571,324.636488247,-1.22430952,3.7441,3.744091
2008-09-04,2277.411,17.2154006958008,4.1643,1.0146,258.34811543,0.03245966,,
2008-09-05,2202.446,16.659200668335,4.1703,1.146,279.70605054,-3.29167638,,
2008-09-08,2143.421,16.2980003356934,4.1705,1.118,276.6931484,-2.6799749,,
2008-09-09,2145.779,16.3062992095947,4.1429,0.913,217.686718366,0.11001105,,
2008-09-10,2150.759,16.3269004821777,4.1015,1.1591,285.046352164,0.23208355,,45.797758
2008-09-11,2078.981,15.7554998397827,4.0631,1.0831,272.36533726,-3.33733347,,
2008-09-12,2079.673,15.7459001541138,3.9712,0.9011,227.16506569,0.03328554,,
2008-09-16,1986.636,14.9376001358032,3.8,1.372,338.20604474,-4.473636,,
2008-09-17,1929.047,14.3970003128052,3.7119,1.3602,320.05441357,-2.89881991,,
2008-09-18,1895.837,14.1673002243042,3.712,1.9675,434.37772051,-1.72157547,,
2008-09-19,2075.091,15.5193004608154,3.69,1.7164,415.55012476,9.45513776,,
2008-09-22,2236.41,16.7779998779297,3.7594,4.1167,1136.924492293,7.7740687,,
2008-09-23,2201.51,16.5674991607666,3.7612,2.9536,776.004308178,-1.56053675,3.8505,3.850457
2008-09-24,2216.811,16.6371002197266,3.7601,1.9051,490.21260469,0.69502296,,
2008-09-25,2297.501,17.2310009002686,3.7276,2.9858,835.12907025,3.63991337,,
2008-09-26,2293.784,17.1909008026123,3.7282,2.3098,666.35113113,-0.16178448,,22.941263
2008-10-06,2173.738,16.2597007751465,3.6809,1.798,473.82162302,-5.2335355,,
2008-10-07,2157.839,16.1669006347656,3.5309,1.6782,471.676090959,-0.73141289,4.9005,4.900509
2008-10-08,2092.224,15.6330995559692,3.3499,1.497,407.61269633,-3.04077366,,13.621445
2008-10-09,2074.583,15.5040998458862,3.15,1.3281,358.75033524,-0.84316976,4.6371,12.9028
2008-10-10,2000.572,14.9576997756958,3.051,1.5936,384.54349969,-3.56751212,11.4534,11.453394
2008-10-13,2073.568,15.5609998703003,3.126,1.6694,419.431616576,3.64875646,,
2008-10-14,2017.321,15.1570997238159,3.1593,2.0055,533.53969208,-2.7125708,,
2008-10-15,1994.667,15.0143995285034,3.1062,1.2051,296.04089452,-1.12297448,,
2008-10-16,1909.941,14.3486003875732,3.1267,1.4932,351.48740345,-4.2476263,,
2008-10-17,1930.651,14.4995002746582,3.1768,1.1401,261.52709555,1.08432669,,
2008-10-20,1974.006,14.7649002075195,3.182,1.3142,321.16330025,2.2456156,,10.7378
2008-10-21,1958.529,14.6357002258301,3.1826,1.5968,386.97702629,-0.78404017,,
2008-10-22,1895.822,14.2437000274658,3.1922,1.4212,323.51379326,-3.20173967,18.1629,72.560536
2008-10-23,1875.561,14.0397996902466,3.1978,1.4082,329.72464819,-1.06871848,15.8377,15.837658
2008-10-24,1839.621,13.7540998458862,3.1931,1.3587,317.04770169,-1.91622666,,62.530544
2008-10-27,1723.351,12.8760995864868,3.1522,1.4787,322.07683928,-6.32032359,,
2008-10-28,1771.821,13.4926996231079,3.1042,1.7507,397.53246751,2.8125437,,
2008-10-29,1719.812,13.1774997711182,3.0694,1.5263,354.216221834,-2.93534166,,13.660248
2008-10-30,1763.607,13.453800201416,3.0703,1.5649,354.0767267,2.54649927,,
2008-10-31,1728.786,13.2152996063232,3.0751,1.1737,251.55807719,-1.97441947,,
2008-11-03,1719.774,13.1881999969482,3.0549,1.0477,231.35444532,-0.52129066,,
2008-11-04,1706.703,13.1173000335693,3.0569,1.1465,238.069453884,-0.76004173,,
2008-11-05,1760.609,13.539999961853,3.0676,1.7591,375.719252964,3.15848745,2.3872,25.080305
2008-11-06,1717.722,13.210000038147,3.0424,1.3346,270.71743415,-2.43591848,,
2008-11-07,1747.713,13.4488000869751,2.9767,1.3658,286.42256304,1.74597519,,
2008-11-10,1874.801,14.4270000457764,2.9005,2.6594,568.672921,7.27167447,,
2008-11-11,1843.607,14.1919002532959,2.9221,2.6515,567.34541228,-1.66385659,,
2008-11-12,1859.11,14.3095998764038,2.8969,1.9239,409.908018625,0.8409059,,22.105604
2008-11-13,1927.613,14.8185997009277,2.8639,3.5335,781.794249295,3.68472011,3.605,36.825815
2008-11-14,1986.438,15.2414999008179,2.9482,3.8084,878.49964183,3.05170177,,
2008-11-17,2030.485,15.5453996658325,2.9984,3.9938,902.12326456,2.2173861,,
2008-11-18,1902.43,14.5778999328613,2.9974,4.5743,1014.52985712,-6.30662132,,
2008-11-19,2017.474,15.4278001785278,3.0885,3.7576,842.00307899,6.0472133,,
2008-11-20,1983.76,15.1561002731323,3.0531,3.8124,860.46868699,-1.6710996,3.4176,9.0556
2008-11-21,1969.389,15.0705995559692,3.0049,3.7059,837.803745348,-0.72443239,,
2008-11-24,1897.06,14.5227003097534,3.0638,2.4675,548.075064989,-3.67266193,,
2008-11-25,1888.715,14.4696998596191,3.1728,2.0282,457.579367363,-0.4398912,5.1021,5.102069
2008-11-26,1897.884,14.5390996932983,3.1034,1.9023,422.37583203,0.48546234,10.5801,10.580102
2008-11-27,1917.861,14.683500289917,2.9064,3.5688,839.69160784,1.05259331,,
2008-11-28,1871.156,14.2951002120972,2.9905,2.2701,505.07472568,-2.43526512,,
2008-12-01,1894.615,14.4381999969482,3.0378,2.3888,522.363083522,1.25371695,,
2008-12-02,1889.638,14.3779001235962,3.0306,3.0414,675.663464118,-0.26269189,2.9111,2.911087
2008-12-03,1965.414,14.9654998779297,2.9467,3.9325,890.00038968,4.01008024,7.464,51.581133
2008-12-04,2001.504,15.2627000808716,2.9343,5.1357,1228.216921588,1.83625435,3.6702,27.460409
2008-12-05,2018.656,15.3793001174927,2.9061,3.3684,809.978631236,0.85695557,,
2008-12-08,2090.773,15.9165000915527,2.9053,4.7725,1165.052883073,3.57252548,,
2008-12-09,2037.74,15.5078001022339,3.0072,4.1715,1040.215618989,-2.53652596,,
2008-12-10,2079.117,15.8400001525879,3.013,3.7109,930.77445907,2.03053383,,10.191423
2008-12-11,2031.681,15.4746999740601,3.004,3.5108,877.73804505,-2.28154548,,
2008-12-12,1954.215,14.8853998184204,2.9237,3.1279,733.759109478,-3.81290173,,
2008-12-15,1964.374,14.9493999481201,2.9186,2.3607,552.104244148,0.51985068,,
2008-12-16,1975.006,15.0023002624512,2.9243,2.2673,528.326859031,0.54124113,,
2008-12-17,1976.819,15.0053997039795,2.81,2.8167,683.94891292,0.09179719,,
2008-12-18,2015.694,15.3099002838135,2.7043,2.6795,649.30771691,1.96654322,,10.7484
2008-12-19,2018.463,15.3582000732422,2.7384,2.9875,729.540186447,0.13737204,,
2008-12-22,1987.755,15.1120004653931,2.739,2.5378,604.303665241,-1.52135561,,
2008-12-23,1897.225,14.4562997817993,2.6887,2.8903,669.827722985,-4.55438422,,59.198221
2008-12-24,1863.8,14.2166004180908,2.7045,2.1727,483.335981317,-1.76178366,2.5953,2.595292
2008-12-25,1852.419,14.1391000747681,2.7047,1.8865,421.696352663,-0.61063419,,
2008-12-26,1851.518,14.1393995285034,2.7301,1.5563,348.64413054,-0.0486391,,
2008-12-29,1850.48,14.1150999069214,2.7559,1.6078,370.956294958,-0.05606211,,8.193568
2008-12-30,1832.91,13.9721002578735,2.7566,1.6502,378.5262705,-0.94948338,6.5369,14.249661
2008-12-31,1820.805,13.8987998962402,2.7521,1.4708,335.26169693,-0.66042523,,
2009-01-05,1880.716,14.3406000137329,2.73,1.9606,461.0095912,3.29035784,,
2009-01-06,1937.145,14.7411003112793,2.6909,2.8905,690.125677,3.00039985,,
2009-01-07,1924.012,14.6178998947144,2.6711,2.6971,639.31164743,-0.67795648,,
2009-01-08,1878.181,14.2512998580933,2.6716,2.3458,550.76814286,-2.38205375,,
2009-01-09,1904.861,14.447699546814,2.6722,2.0799,501.31264137,1.42052337,,
2009-01-12,1900.347,14.4049997329712,2.7,2.4409,595.072325905,-0.23697267,,
2009-01-13,1863.367,14.1260004043579,2.8257,2.1546,492.681857722,-1.9459604,,
2009-01-14,1928.869,14.6149997711182,2.8818,2.5668,641.872168995,3.51524955,,
2009-01-15,1920.206,14.5254001617432,2.9897,3.3859,832.24642461,-0.44912329,4.8575,4.857512
2009-01-16,1954.438,14.8064002990723,2.994,3.8824,1000.32422206,1.7827254,,
2009-01-19,1986.672,15.1282997131348,3.0123,3.1975,811.24780622,1.64927207,,38.329629
2009-01-20,1994.107,15.1791000366211,3.0995,2.18,555.59942647,0.37424396,,
2009-01-21,1985.016,15.1559000015259,3.1398,2.5501,680.74243539,-0.45589329,8.2606,57.824332
2009-01-22,2004.951,15.2940998077393,3.0619,2.5789,665.06084656,1.00427402,,
2009-01-23,1990.657,15.1837997436523,3.0367,2.5087,629.32392432,-0.71293513,15.1252,27.578095
2009-02-02,2011.683,15.3329000473022,3.1433,2.4741,618.18715778,1.0562342,,
2009-02-03,2060.808,15.6989002227783,3.1766,3.9228,967.12688416,2.44198514,,
2009-02-04,2107.749,16.0632991790771,3.2946,4.4275,1106.96114257,2.27779589,,
2009-02-05,2098.018,15.992600440979,3.4013,4.8209,1245.00738451,-0.46167736,,
2009-02-06,2181.239,16.6156997680664,3.2967,4.6907,1206.65866588,3.96664852,,
2009-02-09,2224.714,16.9344997406006,3.269,5.6059,1504.69045877,1.99313326,,
2009-02-10,2265.161,17.2247009277344,3.3001,5.0214,1356.81439569,1.81807639,,
2009-02-11,2260.82,17.2101001739502,3.2323,6.0983,1723.21488293,-0.19164201,,
2009-02-12,2248.091,17.0753002166748,3.1271,5.0692,1421.038900288,-0.5630258,,
2009-02-13,2320.792,17.6205005645752,3.1321,5.8195,1644.95583304,3.23389934,,
2009-02-16,2389.387,18.1583995819092,3.1547,6.1601,1779.4362611,2.95567203,,
2009-02-17,2319.441,17.6445007324219,3.1897,5.7675,1692.08652582,-2.9273617,,22.582084
2009-02-18,2209.862,16.81369972229,3.1703,4.724,1352.71731039,-4.72437109,,
2009-02-19,2227.125,16.9547004699707,3.1385,3.7777,1083.396202344,0.78118,,
2009-02-20,2261.478,17.1907997131348,3.1583,3.7474,1091.657916151,1.5424819,,
2009-02-23,2305.777,17.5044994354248,3.1555,4.657,1386.32957867,1.95885169,,
2009-02-24,2200.654,16.6961002349854,3.1508,5.3387,1583.80699143,-4.55911391,,
2009-02-25,2206.574,16.7688999176025,3.1412,4.4284,1317.14313649,0.26901094,,
2009-02-26,2121.251,16.1623001098633,3.1447,4.3178,1274.05686884,-3.86676359,,
2009-02-27,2082.852,15.9159002304077,3.1508,3.5661,981.02105132,-1.81020539,,
2009-03-02,2093.447,15.9979000091553,3.1582,2.536,722.11341961,0.50867752,,
2009-03-03,2071.431,15.8544998168945,3.1755,2.8325,799.94309141,-1.05166264,,
2009-03-04,2198.107,16.8257999420166,3.2075,4.4823,1278.92955266,6.11538593,10.405,22.247379
2009-03-05,2221.076,17.0337009429932,3.231,5.282,1544.47113373,1.04494458,36.0642,36.064218
2009-03-06,2193.007,16.8034992218018,3.2291,3.5859,1054.56001984,-1.26375685,,
2009-03-09,2118.748,16.2754001617432,3.2036,3.5931,1037.89266862,-3.3861725,,
2009-03-10,2158.568,16.5935001373291,3.178,2.4213,692.10911838,1.8794118,11.6784,11.678381
2009-03-11,2139.025,16.4612007141113,3.1331,2.9885,881.40678287,-0.90536874,,66.163448
2009-03-12,2133.881,16.4232997894287,3.1524,2.5092,708.44692359,-0.2404834,,
2009-03-13,2128.848,16.3990001678467,3.148,2.4038,710.86096888,-0.23586132,,
2009-03-16,2153.291,16.5851001739502,3.1534,2.1089,613.50177745,1.14817967,,
2009-03-17,2218.326,17.0687007904053,3.1249,3.7534,1122.32753418,3.02026062,7.7669,7.766879
2009-03-18,2223.725,17.1039009094238,3.1,4.213,1258.65348762,0.24338172,,31.8008
2009-03-19,2265.759,17.4141998291016,3.0768,4.1588,1277.762685734,1.89025172,,
2009-03-20,2281.087,17.5233001708984,3.0772,4.2945,1336.89859544,0.6765062,29.6122,29.612228
2009-03-23,2325.48,17.8743991851807,3.0831,4.5463,1504.81167191,1.94613358,,14.748065
2009-03-24,2338.42,17.980899810791,3.1295,4.6159,1496.575053602,0.55644426,,
2009-03-25,2291.555,17.7893009185791,3.1297,4.1056,1321.41017349,-2.00413099,46.706,46.706087
2009-03-26,2361.704,18.5634002685547,3.1606,4.4877,1421.15262683,3.06119644,40.9175,40.917454
2009-03-27,2374.438,18.7231998443604,3.1594,5.2668,1623.72580277,0.53918696,27.1858,27.185765
2009-03-30,2358.04,18.9790000915527,3.1608,3.8987,1269.66646898,-0.69060552,,
2009-03-31,2373.213,19.1986999511719,3.1612,3.957,1352.18694641,0.64345813,,
2009-04-01,2408.017,19.2805004119873,3.1618,4.9911,1665.4211099,1.46653503,,
2009-04-02,2425.291,19.4379005432129,3.1714,5.2257,1725.22522032,0.71735374,,
2009-04-03,2419.778,19.4319000244141,3.1805,4.6844,1572.19614576,-0.22731293,39.918,39.917991
2009-04-07,2439.182,19.6046009063721,3.1805,3.4157,1167.89605458,0.80189174,,
2009-04-08,2347.385,18.8733997344971,3.1869,4.0348,1356.41110591,-3.76343381,64.6552,76.062433
2009-04-09,2379.876,19.2800998687744,3.1949,3.0899,1066.192085,1.38413596,12.9488,12.948843
2009-04-10,2444.226,19.8987998962402,3.1954,4.2994,1555.14586753,2.70392239,44.7068,44.706791
2009-04-13,2513.701,20.5337009429932,3.1953,5.2003,1877.11671009,2.8424131,,27.548687
2009-04-14,2527.181,20.6553993225098,3.2044,4.487,1619.80251307,0.53626107,,
2009-04-15,2536.056,20.8332996368408,3.2114,4.8929,1743.288232067,0.35118181,,
2009-04-16,2534.134,21.2168998718262,3.1841,5.0135,1753.85575261,-0.07578697,,
2009-04-17,2503.935,21.2180004119873,3.1634,4.3017,1576.22439851,-1.19168915,,
2009-04-20,2557.456,21.8048992156982,3.1412,3.9268,1405.14630572,2.13747561,,26.3663
2009-04-21,2535.828,21.61669921875,3.1616,4.3575,1549.817607269,-0.84568415,,
2009-04-22,2461.346,21.0597991943359,3.1609,5.1249,1776.8405827,-2.93718659,40.3044,40.304405
2009-04-23,2463.954,21.9475002288818,3.1618,3.3194,1132.89481806,0.10595828,,
2009-04-24,2448.595,21.8568992614746,3.1571,2.9912,1087.073189975,-0.62334768,6.9269,28.450996
2009-04-27,2405.348,21.8927993774414,3.1579,2.9576,1031.295761749,-1.76619653,26.7298,26.729795
2009-04-28,2401.438,22.2649002075195,3.1532,2.4742,908.32146512,-0.16255444,,
2009-04-29,2468.192,23.326099395752,3.1286,3.2693,1211.621101544,2.77975113,,
2009-04-30,2477.569,24.5414009094238,3.1072,3.3614,1284.15988396,0.37991372,26.6532,26.653192
2009-05-04,2559.911,25.2651996612549,3.1092,3.9398,1465.56669901,3.32349977,,
2009-05-05,2567.337,25.3227996826172,3.1036,4.0708,1514.83744824,0.29008821,,
2009-05-06,2592.52,25.5571002960205,3.0795,4.128,1547.39266204,0.98089966,10.4862,33.88567
2009-05-07,2597.447,25.6480007171631,3.0739,4.6699,1749.5068406,0.19004675,,
2009-05-08,2625.645,25.9501991271973,3.0701,4.1583,1562.18401008,1.08560444,,
2009-05-11,2579.747,25.5165996551514,3.0698,4.5793,1723.21991665,-1.74806571,,
2009-05-12,2618.172,25.8586006164551,3.0662,3.1584,1135.35287089,1.48948715,146.8673,293.734665
2009-05-13,2663.766,26.2710990905762,3.0365,3.7455,1448.528979218,1.74144403,,
2009-05-14,2639.887,26.0072002410889,3.0318,3.2038,1214.54136801,-0.8964376,,
2009-05-15,2645.263,26.0634002685547,3.0321,2.8411,1066.08365472,0.20364508,,
2009-05-18,2652.779,26.1432991027832,3.0277,3.0546,1177.56928327,0.28413054,16.4007,16.400747
2009-05-19,2676.682,26.3729000091553,3.0384,3.7815,1482.78271701,0.90105508,,
2009-05-20,2651.414,26.1187992095947,3.0386,3.5457,1377.263782404,-0.94400455,,
2009-05-21,2610.622,25.7203998565674,3.0388,3.5612,1388.364417439,-1.53849983,,
2009-05-22,2597.601,25.6060009002686,3.0434,2.5409,991.18250412,-0.49877002,,
2009-05-25,2610.01,25.7120990753174,3.0441,2.8655,1127.83408613,0.47771001,,
2009-05-26,2588.575,25.4918994903564,3.0546,2.9347,1181.3129455,-0.82126122,,
2009-05-27,2632.93,25.9188003540039,3.039,2.6484,1032.79252705,1.71349101,19.092,35.221638
2009-06-01,2721.28,26.7964000701904,3.0615,3.7998,1565.83372908,3.35557725,,
2009-06-02,2724.302,26.8069000244141,3.0515,4.0183,1615.33528208,0.11105068,,79.64474
2009-06-03,2778.589,27.3840999603271,3.065,4.001,1599.331373322,1.99269391,,
2009-06-04,2767.244,27.2886009216309,3.1349,4.3904,1795.304747521,-0.40830076,8.3699,8.36989
2009-06-05,2753.891,27.1408004760742,3.1474,3.7645,1540.08004633,-0.48253786,,
2009-06-08,2768.336,27.3945007324219,3.1543,3.421,1390.55628783,0.52453056,,
2009-06-09,2787.887,27.6291999816895,3.1481,3.4037,1333.68340831,0.70623653,,
2009-06-10,2816.247,27.8988990783691,3.166,3.7299,1441.64564779,1.01725787,,82.271384
2009-06-11,2797.32,27.7437000274658,3.17,3.4359,1326.79466773,-0.67206463,,
2009-06-12,2743.762,27.2092990875244,3.1868,3.2687,1238.56774521,-1.91461828,14.6422,14.64221
2009-06-15,2789.549,27.7982997894287,3.1947,2.7264,1086.112246611,1.66876719,,14.8173
2009-06-16,2776.022,27.6490993499756,3.1476,2.6503,1082.769589643,-0.4849171,70.7089,70.708933
2009-06-17,2810.123,27.9598007202148,3.1332,2.8404,1179.779301978,1.22841245,,
2009-06-18,2853.903,28.4757995605469,3.1536,3.5696,1472.68582093,1.55793892,,
2009-06-19,2880.492,28.757999420166,3.1543,3.9336,1513.20731399,0.93167147,44.753,44.753043
2009-06-22,2896.302,28.9792003631592,3.1876,3.7765,1480.19601217,0.54886457,,
2009-06-23,2892.697,29.0312995910645,3.2325,3.7118,1445.29047278,-0.12446906,,
2009-06-24,2922.299,29.2315998077393,3.2397,3.6168,1465.82080264,1.02333566,53.0391,71.051536
2009-06-25,2925.046,29.2747001647949,3.2525,3.0752,1293.17186939,0.09400133,,
2009-06-26,2928.211,29.324499130249,3.2628,2.8168,1152.88196396,0.10820343,,
2009-06-29,2975.314,29.7485008239746,3.2456,3.2994,1368.97820377,1.6085931,,
2009-06-30,2959.362,29.5599002838135,3.2403,3.2284,1437.023588921,-0.53614509,19.6463,19.646317
2009-07-01,3008.15,30.0149002075195,3.23,3.5461,1537.87572534,1.64859858,157.0186,180.78738
2009-07-02,3060.254,30.5666999816895,3.2277,4.1625,1811.06412986,1.73209448,,
2009-07-03,3088.367,30.8393993377686,3.2534,4.0989,1774.37706878,0.91864924,,
2009-07-06,3124.667,31.2451000213623,3.2702,4.7139,2039.06252979,1.17537844,,
2009-07-07,3089.45,30.8346996307373,3.2706,4.6037,1880.90901952,-1.1270641,,
2009-07-08,3080.774,30.6548004150391,3.2709,3.9997,1707.67100176,-0.28082668,,
2009-07-09,3123.035,31.0366992950439,3.3068,4.3072,1843.789103794,1.37176567,,
2009-07-10,3113.932,30.9302997589111,3.3056,4.1493,1781.67055826,-0.29147928,247.7196,247.719572
2009-07-13,3080.556,30.5625991821289,3.306,4.0285,1727.73199116,-1.07182816,31.3218,31.321759
2009-07-14,3145.157,31.1840991973877,3.3322,4.1548,1783.10252201,2.09705651,,
2009-07-15,3188.551,31.5890007019043,3.3816,5.0433,2176.483970385,1.37970855,12.0513,12.051342
2009-07-16,3183.742,31.5951995849609,3.4421,4.9088,2184.0553951,-0.15082086,,
2009-07-17,3189.741,31.6093997955322,3.451,4.2195,1866.274718807,0.18842607,,
2009-07-20,3266.92,32.3613014221191,3.478,5.1052,2341.37657902,2.41960084,,
2009-07-21,3213.206,31.8502998352051,3.4697,5.0673,2322.83940772,-1.64417861,,15.909337
2009-07-22,3296.615,32.6347999572754,3.4522,4.314,2059.04362464,2.59581863,,80.4985
2009-07-23,3328.49,32.9632987976074,3.4511,4.2704,1953.9967787,0.9669009,,14.179435
2009-07-24,3372.603,33.3657989501953,3.4588,4.8695,2235.86942026,1.32531568,7.1473,7.147317
2009-07-27,3435.212,34.0080986022949,3.5091,4.9846,2405.90664404,1.85639994,,
2009-07-28,3438.371,34.0265998840332,3.4866,5.2287,2436.39209473,0.09195939,,
2009-07-29,3266.432,32.4445991516113,3.502,5.9881,2969.25811659,-5.00059476,,11.759868
2009-07-30,3321.56,33.0966987609863,3.4905,4.5706,2198.052374992,1.68771308,9.8449,9.844854
2009-07-31,3412.062,33.9641990661621,3.503,4.6456,2239.20521469,2.72468358,,
2009-08-03,3462.59,34.4365005493164,3.5034,4.8993,2363.21894339,1.48086406,22.4963,22.496323
2009-08-04,3471.442,34.4995994567871,3.515,5.1931,2511.25070516,0.25564678,,
2009-08-05,3428.501,34.0452003479004,3.5165,5.0189,2409.42030832,-1.23697875,,14.551603
2009-08-06,3356.33,33.3321990966797,3.5167,4.3234,2169.77962162,-2.10503074,,
2009-08-07,3260.69,32.3634986877441,3.5168,3.7686,1849.65518564,-2.84954102,,
2009-08-10,3249.76,32.2430000305176,3.5177,3.1029,1530.92244813,-0.33520513,,
2009-08-11,3264.726,32.3387985229492,3.518,2.4506,1225.90680056,0.46052632,88.035,88.035013
2009-08-12,3112.719,30.851900100708,3.5209,3.3218,1575.0277785,-4.65604158,,12.82501
2009-08-13,3140.56,31.2343997955322,3.5187,2.8932,1386.22307559,0.89442703,,
2009-08-14,3046.972,30.3307991027832,3.518,3.1086,1463.17184929,-2.97997809,,
2009-08-17,2870.63,28.6005992889404,3.5231,3.0834,1375.05293033,-5.78745062,,
2009-08-18,2910.884,28.9867000579834,3.5242,2.5656,1178.84729885,1.40227058,101.0361,101.036118
2009-08-19,2785.584,27.8036003112793,3.5255,2.7864,1222.681958385,-4.30453429,,
2009-08-20,2911.582,29.0718994140625,3.5162,2.6772,1220.97426942,4.52321668,,
2009-08-21,2960.771,29.6791000366211,3.5276,3.0913,1379.11220115,1.6894252,,
2009-08-24,2993.429,29.0928001403809,3.4886,3.0003,1388.33922716,1.1030235,,
2009-08-25,2915.803,28.4270992279053,3.4966,3.5329,1609.501718605,-2.59321333,,
2009-08-26,2967.595,28.808500289917,3.485,3.1619,1437.33812897,1.77625169,244.8001,244.800135
2009-08-27,2946.395,28.6937007904053,3.4847,3.31,1452.46643819,-0.7143832,,
2009-08-28,2860.688,28.2985992431641,3.48,2.9735,1337.538806072,-2.90887678,,
2009-08-31,2667.745,26.4724998474121,3.4805,2.8383,1246.36800426,-6.74463626,,
2009-09-01,2683.724,26.736400604248,3.481,2.3631,1017.2142993,0.59897029,,
2009-09-02,2714.974,27.1212005615234,3.4982,2.0253,881.88217136,1.16442674,,
2009-09-03,2845.024,28.3906993865967,3.4862,3.129,1388.754824101,4.79010112,24.2383,24.238322
2009-09-04,2861.609,28.5331001281738,3.4698,3.1089,1422.347758063,0.58294763,35.5775,35.577458
2009-09-07,2881.116,28.7203998565674,3.4317,3.1617,1467.362915672,0.68167943,,
2009-09-08,2930.475,29.2199993133545,3.4268,3.0856,1486.28212322,1.71319031,30.862,30.861969
2009-09-09,2946.259,29.3432998657227,3.4323,3.1507,1533.008242682,0.53861575,30.1456,30.145648
2009-09-10,2924.883,29.1574993133545,3.451,2.5463,1169.59730787,-0.72553024,,
2009-09-11,2989.792,29.8565998077393,3.4652,2.9712,1379.63303016,2.21919988,4.1206,4.120639
2009-09-14,3026.741,30.1879005432129,3.4631,3.4632,1571.01544675,1.23583848,,
2009-09-15,3033.728,30.2301998138428,3.4581,3.481,1600.373785066,0.23084235,,50.4998
2009-09-16,2999.71,29.8540992736816,3.4535,3.5517,1683.336949775,-1.12132663,,
2009-09-17,3060.26,30.4505004882812,3.4636,3.8745,1781.51709267,2.01852846,,
2009-09-18,2962.667,29.4908008575439,3.4741,4.0557,1814.5861911,-3.18904276,,
2009-09-21,2967.011,29.5195007324219,3.5132,2.924,1457.66672557,0.14662465,,
2009-09-22,2897.553,28.8610000610352,3.5212,2.8184,1378.30598065,-2.34100918,12.1899,19.902621
2009-09-23,2842.721,28.3353004455566,3.5126,2.4991,1167.86681731,-1.89235538,,89.7711
2009-09-24,2853.554,28.4855995178223,3.5096,2.3618,1109.45106642,0.38107855,,
2009-09-25,2838.842,28.3455009460449,3.5101,1.7372,810.71372398,-0.5155676,42.325,42.32502
2009-09-28,2763.525,27.5711002349854,3.4917,1.6631,754.89556691,-2.65308883,,
2009-09-29,2754.54,27.5046005249023,3.5,1.7155,743.03751663,-0.32512823,180.1207,180.12071
2009-09-30,2779.426,27.7728004455566,3.5132,1.5092,681.362999489,0.90345393,,
2009-10-09,2911.715,29.0762996673584,3.5542,1.9938,931.67970429,4.75957986,,
2009-10-12,2894.483,28.9083003997803,3.6043,2.0805,999.51801231,-0.59181616,,
2009-10-13,2936.191,29.3432006835938,3.6305,1.9199,885.478875243,1.44094818,,
2009-10-14,2970.532,29.6566009521484,3.6787,3.1109,1415.68371243,1.1695765,24.0675,24.06745
2009-10-15,2979.788,29.7388000488281,3.7,2.33,1104.55323561,0.31159402,,
2009-10-16,2976.633,29.6865997314453,3.7058,2.1913,1047.58646006,-0.10588002,,
2009-10-19,3038.273,30.281099319458,3.6789,2.8813,1405.91460034,2.0707961,45.1437,51.1129
2009-10-20,3084.454,30.7518005371094,3.6773,3.4349,1671.61044184,1.51997533,9.3403,9.340327
2009-10-21,3070.589,30.3985996246338,3.6933,3.2284,1551.55390566,-0.4495123,,
2009-10-22,3051.412,30.1529006958008,3.6587,2.4565,1195.671593282,-0.62453816,,
2009-10-23,3107.847,30.7787990570068,3.692,3.308,1572.63682642,1.84947165,,
2009-10-26,3109.566,30.5550003051758,3.6925,2.7335,1313.63244643,0.0553116,,
2009-10-27,3021.459,29.4500999450684,3.6905,2.8761,1398.16121666,-2.83341791,21.0974,21.097356
2009-10-28,3031.329,28.9085998535156,3.6855,2.3938,1141.90894895,0.32666338,46.7554,46.755396
2009-10-29,2960.466,28.2429008483887,3.6818,2.5792,1173.01802962,-2.33768753,,
2009-10-30,2995.848,28.0284004211426,3.6886,2.4494,1174.02756234,1.19514968,20.8715,20.871489
2009-11-02,3076.649,28.5289001464844,3.692,3.1827,1548.5907644,2.69709945,,
2009-11-03,3114.227,28.8484001159668,3.6944,3.4871,1703.22179775,1.2213938,,
2009-11-04,3128.537,28.9703006744385,3.7038,3.3709,1639.21599336,0.45950408,,
2009-11-05,3155.053,29.2110996246338,3.7247,3.3683,1553.31704831,0.84755271,53.2641,53.264134
2009-11-06,3164.037,29.2758007049561,3.7303,3.788,1809.5132634,0.28474957,,
2009-11-09,3175.585,29.3708992004395,3.7313,3.2264,1587.69551518,0.36497677,,
2009-11-10,3178.61,29.409200668335,3.7281,3.3004,1629.87782577,0.09525804,,
2009-11-11,3175.192,29.3591003417969,3.6988,2.935,1444.89851068,-0.10753128,,
2009-11-12,3172.945,29.3211994171143,3.6918,3.1841,1525.74674584,-0.07076737,,
2009-11-13,3187.647,29.4857006072998,3.6921,3.4429,1655.44017397,0.46335502,,
2009-11-16,3275.048,30.2970008850098,3.6927,4.5867,2282.37188524,2.74186571,,
2009-11-17,3282.889,30.4106006622314,3.6956,3.7841,1947.559037325,0.23941634,,
2009-11-18,3303.234,30.6277008056641,3.6885,3.6344,1815.417594236,0.61972854,,
2009-11-19,3320.612,30.7600002288818,3.6866,4.0228,1947.27737478,0.52609049,,
2009-11-20,3308.346,30.6196002960205,3.6648,4.0504,2005.670085758,-0.36938974,,
2009-11-23,3338.663,30.8763008117676,3.6703,3.9047,2037.283718226,0.91637936,,
2009-11-24,3223.526,29.8318996429443,3.6504,5.7602,2907.76929008,-3.44859604,22.9871,22.987109
2009-11-25,3290.165,30.3973007202148,3.651,4.3556,2180.05084013,2.06727044,12.5183,12.518327
2009-11-26,3170.98,29.351900100708,3.6459,5.0297,2544.706561149,-3.6224627,86.358,86.357972
2009-11-27,3096.265,28.6802997589111,3.5759,3.4322,1720.27222269,-2.35621164,,
2009-11-30,3195.301,29.5447998046875,3.5569,3.2032,1602.53602392,3.19856343,,
2009-12-01,3235.363,29.9540996551514,3.5723,3.8127,1912.24194302,1.2537786,207.9434,254.388632
2009-12-02,3269.752,30.2702007293701,3.5725,4.0459,2038.81129622,1.0629101,,
2009-12-03,3264.628,30.2127990722656,3.5929,3.6823,1891.42807262,-0.15670913,17.6639,17.663986
2009-12-04,3317.044,30.7882995605469,3.5983,4.9944,2574.247401636,1.60557344,41.2754,41.275385
2009-12-07,3331.897,30.919900894165,3.62,3.2345,1717.77187507,0.4477782,,
2009-12-08,3296.664,30.569299697876,3.6292,3.1712,1627.02744971,-1.05744565,,
2009-12-09,3239.568,30.0356006622314,3.6251,2.6633,1363.31900863,-1.73193264,32.7236,32.723567
2009-12-10,3254.264,30.1774997711182,3.6258,2.182,1126.2083972,0.45364073,,
2009-12-11,3247.318,30.1179008483887,3.6257,2.1184,1076.09651876,-0.21344304,209.4402,209.440222
2009-12-14,3302.904,30.6742992401123,3.6348,2.7332,1393.30189849,1.71175105,,
2009-12-15,3274.46,30.3910999298096,3.6314,2.3491,1260.68871832,-0.86118155,,
2009-12-16,3255.213,30.2212009429932,3.6339,2.1922,1231.69006871,-0.58779157,34.8991,34.899093
2009-12-17,3179.078,29.5571994781494,3.6365,2.3578,1238.04680795,-2.33886385,6.9894,6.989394
2009-12-18,3113.886,28.9747009277344,3.6393,2.2993,1165.115370695,-2.05065745,,
2009-12-21,3122.973,29.0342998504639,3.6508,1.6859,902.29874547,0.29182186,,
2009-12-22,3050.52,28.3838996887207,3.6507,1.938,994.79570549,-2.32000085,61.0098,61.009873
2009-12-23,3073.777,28.6011009216309,3.6589,1.813,908.94879435,0.76239461,,42.5375
2009-12-24,3153.41,29.327600479126,3.6565,2.3288,1233.13719077,2.59072145,,
2009-12-25,3141.353,29.2336006164551,3.6543,1.898,1014.84901559,-0.382348,26.2696,26.269628
2009-12-28,3188.785,29.6611003875732,3.65,2.0606,1106.10272388,1.50992264,8.7117,8.711701
2009-12-29,3211.761,29.8469009399414,3.6426,2.0961,1170.618365728,0.72052522,33.131,36.741085
2009-12-30,3262.6,30.4073009490967,3.6429,2.8955,1577.570610703,1.58290109,60.5295,60.529495
2009-12-31,3277.139,30.5669994354248,3.6422,2.5529,1389.77370791,0.44562619,,
2010-01-04,3243.76,30.2367992401123,3.6603,2.4574,1337.73495629,-1.01854087,,
2010-01-05,3282.179,30.6042003631592,3.6606,2.8609,1618.58172982,1.18439712,,
2010-01-06,3254.215,30.3188991546631,3.6425,2.8196,1580.40114736,-0.85199497,,
2010-01-07,3192.776,29.6396999359131,3.6543,2.8004,1572.29581955,-1.8879822,,
2010-01-08,3195.997,29.6660995483398,3.6614,2.1846,1217.39882072,0.100884,,
2010-01-11,3212.75,29.8628005981445,3.6696,3.0767,1775.57637091,0.52418698,,
2010-01-12,3273.966,30.3873996734619,3.6694,3.2019,1739.49587794,1.90540814,,
2010-01-13,3172.658,29.3313007354736,3.7053,3.6177,1973.29891934,-3.09435101,,
2010-01-14,3215.55,29.6966991424561,3.6868,3.1081,1680.04201475,1.35192637,,
2010-01-15,3224.152,29.7549991607666,3.6871,2.7588,1514.41932665,0.26751256,,
2010-01-18,3237.098,29.5543994903564,3.6852,3.0759,1697.60710358,0.40153194,,
2010-01-19,3246.874,29.6459999084473,3.6559,2.9619,1626.72571501,0.30199889,,
2010-01-20,3151.85,28.7924995422363,3.64,3.6003,1926.61666821,-2.92663035,,
2010-01-21,3158.863,28.9134006500244,3.6558,2.596,1421.0316304,0.22250424,5.9207,
2010-01-22,3128.588,28.7171993255615,3.63,3.1389,1635.7068034,-0.95841447,,
2010-01-25,3094.411,28.3843002319336,3.6,1.7887,951.45982252,-1.09240974,,
2010-01-26,3019.394,27.7366008758545,3.5838,2.1339,1092.56964462,-2.42427396,,
2010-01-27,2986.607,27.3915996551514,3.5648,1.7497,903.24580783,-1.08588015,,
2010-01-28,2994.143,27.4102001190186,3.5879,1.6101,856.54271668,0.25232647,36.1742,36.174193
2010-01-29,2989.292,27.3290004730225,3.58,1.8054,956.56890361,-0.16201631,,
2010-02-01,2941.36,26.9137001037598,3.5406,2.001,1037.60395664,-1.6034566,,
2010-02-02,2934.713,26.8840007781982,3.4956,1.8486,976.858647262,-0.2259839,18.6983,18.698293
2010-02-03,3003.835,27.5151996612549,3.4648,2.277,1190.46397347,2.35532401,44.1297,44.129669
2010-02-04,2995.308,27.403299331665,3.5006,2.2335,1146.01290078,-0.28387045,,
2010-02-05,2939.402,26.8756008148193,3.4733,2.1863,1108.82284808,-1.86645246,26.3072,26.307236
2010-02-08,2935.174,26.8337001800537,3.4706,1.4228,731.59983988,-0.14383878,2.8124,2.812414
2010-02-09,2948.842,26.9519996643066,3.4743,1.3696,681.12416249,0.46566234,,
2010-02-10,2982.5,27.2374992370605,3.4615,1.2442,670.17903257,1.1413972,33.4308,46.077336
2010-02-11,2985.499,27.2963008880615,3.4516,1.27,648.92509384,0.10055323,75.4568,75.45684
2010-02-12,3018.133,27.6303005218506,3.457,1.2582,669.3156983,1.0930836,,
2010-02-22,3003.398,27.4808006286621,3.5149,1.5458,787.44835875,-0.48821573,,
2010-02-23,2982.575,27.255500793457,3.51,1.8087,982.23524247,-0.69331471,,
2010-02-24,3022.177,27.5949001312256,3.4646,2.0949,1055.686583542,1.32777885,,
2010-02-25,3060.618,27.9472007751465,3.4448,2.6856,1389.61506697,1.27196389,,
2010-02-26,3051.943,27.8575992584229,3.3753,2.22,1214.68972399,-0.28343949,,
2010-03-01,3087.842,28.1800994873047,3.3613,2.4962,1313.01895672,1.17626705,,
2010-03-02,3073.108,28.051399230957,3.3414,2.3712,1245.58675162,-0.47716172,,
2010-03-03,3097.005,28.2383003234863,3.3169,2.635,1365.22058159,0.77761667,,
2010-03-04,3023.373,27.5925006866455,3.3518,2.8504,1449.39960281,-2.3775228,,
2010-03-05,3031.065,27.5905990600586,3.3537,2.0499,1057.64004552,0.25441783,,
2010-03-08,3053.232,27.7616996765137,3.3602,1.8188,927.515406,0.73132711,,
2010-03-09,3069.141,27.9232006072998,3.3817,2.0782,1074.89645816,0.52105441,,
2010-03-10,3048.927,27.6993007659912,3.403,1.9051,987.55804134,-0.65862077,,
2010-03-11,3051.282,27.7332000732422,3.4559,1.7881,961.85690107,0.07724029,,
2010-03-12,3013.412,27.4218006134033,3.4526,1.6152,843.5294394,-1.24111767,,
2010-03-15,2976.939,26.9811992645264,3.4484,1.4399,747.79819309,-1.21035557,,
2010-03-16,2992.841,27.121000289917,3.4331,1.3434,699.31647603,0.53417285,,
2010-03-17,3050.479,27.6273994445801,3.3829,1.961,1050.10317229,1.92586242,,
2010-03-18,3046.089,27.5454006195068,3.3639,2.0551,1085.41262602,-0.14391182,,
2010-03-19,3067.75,27.7738990783691,3.3805,1.933,1032.12258498,0.71110857,,
2010-03-22,3074.576,27.692699432373,3.4216,2.1406,1134.3865797,0.22250835,,
2010-03-23,3053.125,27.3586006164551,3.4062,2.0441,1087.1826088,-0.6976897,,
2010-03-24,3056.808,26.8001003265381,3.3961,1.9641,1035.20051664,0.1206305,,
2010-03-25,3019.176,26.9668006896973,3.4168,1.9776,1052.850068423,-1.23108812,102.8283,102.828272
2010-03-26,3059.715,27.0669994354248,3.4582,2.0149,1089.57224524,1.34271735,7.4326,7.432556
2010-03-29,3123.798,26.9596996307373,3.4784,2.8731,1551.871581434,2.09441075,27.5248,27.524781
2010-03-30,3128.468,26.890100479126,3.4959,2.231,1251.8459868,0.1494975,21.7325,21.732541
2010-03-31,3109.105,26.3976993560791,3.4818,2.1976,1228.04448409,-0.61892914,20.8894,20.889425
2010-04-01,3147.416,26.7007007598877,3.4742,2.7879,1540.14263544,1.23221956,,
2010-04-02,3157.957,26.6700992584229,3.48,2.7099,1500.508547934,0.33490965,,
2010-04-06,3158.681,26.6583995819092,3.5021,2.5759,1440.82622107,0.02292621,,
2010-04-07,3148.222,26.5471992492676,3.5182,2.2791,1267.71627756,-0.33111922,,
2010-04-08,3118.709,25.7686004638672,3.5549,2.5059,1421.79596675,-0.93744977,,
2010-04-09,3145.347,25.9843006134033,3.5468,2.315,1340.94153792,0.85413548,17.2317,17.231713
2010-04-12,3129.263,25.8099994659424,3.5343,3.0328,1750.038448283,-0.51135852,,
2010-04-13,3161.251,25.9696998596191,3.5031,3.1824,1846.89462068,1.02222153,,
2010-04-14,3166.183,25.8430995941162,3.5043,2.355,1379.19385514,0.15601419,27.7475,27.747489
2010-04-15,3164.966,25.8409996032715,3.5071,2.3529,1368.12954005,-0.03843745,,
2010-04-16,3130.302,25.4584007263184,3.4813,1.7915,1029.04446773,-1.09524083,9.8214,9.821389
2010-04-19,2980.297,23.8999004364014,3.4116,2.8581,1563.94431347,-4.79202965,42.2625,42.262469
2010-04-20,2979.533,23.3920993804932,3.4086,2.2465,1247.83817742,-0.02563503,,
2010-04-21,3033.278,23.6107997894287,3.4354,2.5707,1460.27651593,1.80380617,,
2010-04-22,2999.484,23.2709007263184,3.4093,2.6894,1533.37726573,-1.11410824,33.2897,33.289674
2010-04-23,2983.537,22.5818996429443,3.4106,2.2828,1358.81395938,-0.53165811,38.6098,38.60982
2010-04-26,2969.503,22.2315998077393,3.3715,1.9645,1162.54419534,-0.4703813,,
2010-04-27,2907.928,21.5401992797852,3.3768,2.385,1311.5855473,-2.07357932,,
2010-04-28,2900.331,20.8969993591309,3.3456,1.8251,1048.50717861,-0.26125131,14.2856,14.28556
2010-04-29,2868.432,20.2572994232178,3.3607,1.9531,1122.06328594,-1.09983998,,
2010-04-30,2870.611,19.5702991485596,3.3565,1.9394,1059.89977974,0.07596485,,4.7373
2010-05-04,2835.277,19.3253002166748,3.3826,1.4455,787.629121,-1.23088778,,
2010-05-05,2857.151,19.4461002349854,3.3636,2.0698,1141.55797825,0.77149428,14.0753,14.075314
2010-05-06,2739.702,18.6688995361328,3.3485,2.0129,1132.01237644,-4.11070328,,
2010-05-07,2688.383,18.3568000793457,3.2721,1.9981,1085.024595909,-1.87315993,19.7643,19.764335
2010-05-10,2698.757,18.4477996826172,3.3027,1.7706,954.39351165,0.38588252,,
2010-05-11,2647.574,18.1067008972168,3.2983,1.9027,1009.80560603,-1.89653978,18.0569,62.390487
2010-05-12,2655.714,18.2119998931885,3.2781,1.7853,905.820420843,0.30745127,14.8616,14.861571
2010-05-13,2710.507,18.5757007598877,3.2686,1.7987,907.361161339,2.06321163,,
2010-05-14,2696.629,18.4708003997803,3.2687,1.587,825.76727206,-0.51200753,,
2010-05-17,2559.931,17.5730991363525,3.2257,1.7849,882.07607273,-5.0692179,,
2010-05-18,2594.783,17.8101005554199,3.2118,1.7857,846.5976922,1.36144295,22.6421,22.642064
2010-05-19,2587.807,17.7548999786377,3.1865,1.5411,766.31733602,-0.26884714,22.3388,22.338792
2010-05-20,2555.94,17.5440006256104,3.2078,1.4334,719.616606705,-1.23142877,,
2010-05-21,2583.522,17.7219009399414,3.1972,1.8101,869.98295724,1.07913331,,
2010-05-24,2673.423,18.3097991943359,3.2277,2.4272,1217.71226188,3.47978457,,
2010-05-25,2622.63,17.9437999725342,3.203,2.0134,1016.97412562,-1.89992381,,
2010-05-26,2625.793,17.9631004333496,3.2272,1.4756,752.02475317,0.12060413,,
2010-05-27,2655.918,18.1566009521484,3.2416,1.8928,965.162792062,1.14727246,,
2010-05-28,2655.767,18.1534004211426,3.2529,1.8747,986.48768129,-0.00568542,28.1608,28.160796
2010-05-31,2592.147,17.7455005645752,3.243,1.6958,872.0375075,-2.39554148,,21.716149
2010-06-01,2568.283,17.5935001373291,3.2726,1.606,798.14661764,-0.9206268,34.223,34.222968
2010-06-02,2571.423,17.5848999023438,3.2748,1.3971,696.92518811,0.12226067,,
2010-06-03,2552.656,17.4687004089355,3.2478,1.4964,744.62434053,-0.72982936,,
2010-06-04,2553.593,17.4547004699707,3.2512,1.2163,606.45956512,0.03670687,,
2010-06-07,2511.729,17.1467990875244,3.226,1.4142,701.5378399,-1.63941552,39.3174,39.317375
2010-06-08,2513.947,17.1615009307861,3.2432,1.3513,693.42653326,0.0883057,6.6646,6.664603
2010-06-09,2583.87,17.6452007293701,3.2845,2.0558,1026.62530102,2.78140311,,
2010-06-10,2562.58,17.4876003265381,3.2891,1.5962,805.69289039,-0.82395786,,
2010-06-11,2569.942,17.5466995239258,3.332,1.4183,739.20367266,0.28728859,,
2010-06-17,2560.245,17.5006008148193,3.3296,1.1693,616.50699807,-0.37732369,,
2010-06-18,2513.222,17.2115001678467,3.3836,1.4275,728.40913127,-1.83666016,9.9918,9.991842
2010-06-21,2586.21,17.7226009368896,3.3925,1.6681,816.94028137,2.90416048,,
2010-06-22,2588.698,17.737699508667,3.3807,1.3496,658.98436607,0.09620255,25.6776,44.708536
2010-06-23,2569.872,17.5946998596191,3.4129,1.2449,618.94821153,-0.72723817,,
2010-06-24,2566.745,17.574499130249,3.4179,1.0358,510.20728774,-0.12167921,12.022,12.021975
2010-06-25,2552.817,17.4953994750977,3.3822,1.0564,516.87997768,-0.54263279,,21.166368
2010-06-28,2535.278,17.3840999603271,3.3435,0.9107,452.57330899,-0.68704494,3.6357,25.978309
2010-06-29,2427.053,16.6618995666504,3.2909,1.5481,713.61871446,-4.26876264,12.0974,35.06222
2010-06-30,2398.37,16.4939002990723,3.279,1.1545,511.543513444,-1.18180361,32.3564,32.35643
2010-07-01,2373.792,16.3441009521484,3.2848,1.046,464.1515848,-1.02477933,,
2010-07-02,2382.901,16.4232006072998,3.2665,1.4294,615.45270262,0.38373202,,28.8017
2010-07-05,2363.947,16.304500579834,3.2517,0.9929,429.99668091,-0.79541701,,
2010-07-06,2409.424,16.6275005340576,3.2168,1.2731,556.182573408,1.92377409,,
2010-07-07,2421.117,16.6973991394043,3.2233,1.1671,524.93745444,0.48530271,,
2010-07-08,2415.15,16.611499786377,3.2382,1.1267,504.492025469,-0.24645649,,
2010-07-09,2470.923,16.9804992675781,3.2347,1.7828,818.34661782,2.30929756,,
2010-07-12,2490.718,17.1095008850098,3.2146,1.7257,815.80605523,0.80111764,,
2010-07-13,2450.286,16.824499130249,3.1767,1.3794,633.920431605,-1.62330701,,
2010-07-14,2470.44,16.959400177002,3.1744,1.5127,702.21217635,0.82251623,,
2010-07-15,2424.304,16.6487007141113,3.1817,1.3512,721.863401639,-1.86752158,,
2010-07-16,2424.271,16.6462993621826,3.1976,1.1749,559.922427573,-0.00136122,6.6068,6.606827
2010-07-19,2475.421,17.00830078125,3.1901,1.5904,794.752967907,2.10991263,,
2010-07-20,2528.73,17.3419990539551,3.2086,2.2637,1116.417508541,2.15353267,,
2010-07-21,2535.394,17.3773002624512,3.2144,2.2133,1057.72525998,0.2635315,3.4774,3.477406
2010-07-22,2562.406,17.5589008331299,3.2161,1.9515,957.549005389,1.06539654,,
2010-07-23,2572.028,17.6298999786377,3.2528,1.9748,1011.68593466,0.37550646,,
2010-07-26,2588.683,17.7325000762939,3.2813,1.7687,885.887751588,0.64754349,,
2010-07-27,2575.368,17.6417007446289,3.2816,1.6947,851.5695125,-0.51435421,,21.490212
2010-07-28,2633.663,18.0284004211426,3.2982,2.4714,1219.47192665,2.26356,5.9476,35.536245
2010-07-29,2648.116,17.8728008270264,3.2993,2.7849,1312.003110882,0.5487794,,
2010-07-30,2637.503,17.7975006103516,3.2996,1.8948,941.209398319,-0.40077549,5.2414,5.241364
2010-08-02,2672.516,18.0400009155273,3.3131,2.2582,1102.28613036,1.3275056,,
2010-08-03,2627.002,17.7271003723145,3.3105,2.5374,1303.9749977,-1.70303938,,
2010-08-04,2638.522,17.7896003723145,3.2971,2.2267,1128.45728863,0.4385227,8.9892,8.989159
2010-08-05,2620.757,17.6529006958008,3.2967,2.2593,1154.263813338,-0.67329361,15.7885,15.788484
2010-08-06,2658.392,17.8843002319336,3.2922,2.4094,1233.69598864,1.43603547,,
2010-08-09,2672.533,17.9552993774414,3.2975,2.391,1265.64688624,0.5319381,,19.873132
2010-08-10,2595.274,17.423999786377,3.2972,2.5308,1295.67701182,-2.89085298,,
2010-08-11,2607.497,17.4911003112793,3.2685,1.7314,887.597121223,0.47097147,,
2010-08-12,2575.475,17.234899520874,3.223,1.8445,960.05861114,-1.22807428,4.4063,4.406306
2010-08-13,2606.7,17.4195003509521,3.2374,1.7695,913.46885772,1.21239771,12.7686,12.768582
2010-08-16,2661.708,17.7654991149902,3.2504,2.4059,1307.470364988,2.11025434,,140.525198
2010-08-17,2671.893,17.8134002685547,3.2461,2.3823,1285.97720021,0.38264904,,
2010-08-18,2666.301,17.75,3.245,2.2518,1288.31042371,-0.20928982,,
2010-08-19,2687.979,17.801399230957,3.2501,2.3523,1332.33657249,0.81303649,,
2010-08-20,2642.307,17.4993000030518,3.2389,2.2078,1198.17337632,-1.69912042,63.7273,63.727324
2010-08-23,2639.366,17.3747005462646,3.2346,1.6581,914.92887899,-0.11130425,,
2010-08-24,2650.307,17.4011001586914,3.2229,2.0161,1063.18342843,0.41453137,,
2010-08-25,2596.58,17.005199432373,3.2154,2.0814,1082.65742167,-2.02719911,40.9318,40.931756
2010-08-26,2603.481,16.878999710083,3.2322,1.5386,818.05454776,0.26577267,,
2010-08-27,2610.742,16.6527996063232,3.2379,1.3613,751.83467794,0.27889583,15.5641,15.564122
2010-08-30,2652.664,16.6376991271973,3.2304,2.1427,1208.62400138,1.6057504,,
2010-08-31,2638.798,16.4911994934082,3.2301,2.1496,1247.53743788,-0.5227198,,
2010-09-01,2622.882,16.4123001098633,3.2358,2.4959,1384.939706,-0.60315341,39.1718,84.001456
2010-09-02,2655.776,16.6044006347656,3.2418,2.4393,1420.65830978,1.25411665,,
2010-09-03,2655.394,16.6002006530762,3.2406,2.5456,1459.780319706,-0.01438374,,
2010-09-06,2696.25,16.8591003417969,3.258,2.8378,1602.43816004,1.53860406,,
2010-09-07,2698.363,16.8640995025635,3.2739,2.2061,1236.19813535,0.0783681,,
2010-09-08,2695.291,16.8309993743896,3.2632,2.2325,1309.61458932,-0.1138468,,59.857016
2010-09-09,2656.352,16.5970993041992,3.2681,2.6146,1561.5883353,-1.44470486,,59.985108
2010-09-10,2663.209,16.6264991760254,3.2989,2.2192,1341.30260641,0.25813597,,
2010-09-13,2688.32,16.7693004608154,3.3251,2.3177,1407.96348382,0.94288507,,
2010-09-14,2688.522,16.763599395752,3.3205,2.3737,1410.33358692,0.00751399,,
2010-09-15,2652.503,16.5506000518799,3.3443,2.3977,1384.74774688,-1.33973239,37.1628,37.162829
2010-09-16,2602.465,16.2413997650146,3.3401,2.3359,1285.03047305,-1.88644461,,
2010-09-17,2598.689,16.2213001251221,3.3504,1.6331,946.65866014,-0.14509321,,
2010-09-20,2588.713,16.1832008361816,3.3388,1.5597,897.68763349,-0.38388587,,
2010-09-21,2591.55,16.2094993591309,3.3391,1.1384,663.52718905,0.10959114,40.8472,40.847191
2010-09-27,2627.967,16.4178009033203,3.3378,1.5044,905.40412834,1.40522081,,
2010-09-28,2611.354,16.3159999847412,3.3371,1.7619,1150.12769894,-0.63216167,7.3263,7.326336
2010-09-29,2610.678,16.3281002044678,3.331,1.7109,1058.83851592,-0.02588695,,22.660657
2010-09-30,2655.658,16.5951995849609,3.3183,1.7349,1070.81515676,1.72292408,,
2010-10-08,2738.744,17.114200592041,3.3342,2.6259,1676.21124086,3.12864081,31.4026,31.40264
2010-10-11,2806.942,17.5538005828857,3.404,4.0079,2534.69816331,2.49011956,,
2010-10-12,2841.407,17.7723999023438,3.4179,3.2405,2117.87463158,1.22784867,,
2010-10-13,2861.361,17.9039993286133,3.4271,3.5595,2283.8538787,0.70225772,,
2010-10-14,2879.636,18.0571994781494,3.4275,4.3986,2646.86127446,0.63868208,,
2010-10-15,2971.16,18.6840991973877,3.4247,4.506,2729.50778561,3.17831837,,64.899053
2010-10-18,2955.227,18.6368007659912,3.4182,4.989,3012.31086926,-0.5362552,,
2010-10-19,3001.853,18.9430999755859,3.4205,3.2702,1996.31322929,1.57774682,,
2010-10-20,3003.951,18.9699993133545,3.6201,3.9911,2620.64859268,0.06989016,,
2010-10-21,2983.533,18.8162994384766,3.637,3.1,2050.73033662,-0.67970483,,
2010-10-22,2975.043,18.755500793457,3.6358,2.8219,1949.01562538,-0.28456196,7.1248,6.171751
2010-10-25,3051.419,19.1672992706299,3.6407,3.6849,2517.1140946,2.5672234,,
2010-10-26,3041.543,19.0562000274658,3.6944,3.8177,2603.61924704,-0.3236527,,
2010-10-27,2997.048,18.7789993286133,3.6975,3.3906,2301.053023239,-1.46290879,,
2010-10-28,2992.579,18.3425006866455,3.6863,2.7141,1856.81185122,-0.14911339,,
2010-10-29,2978.835,17.7649993896484,3.6821,2.7963,1945.603859502,-0.45926941,,
2010-11-01,3054.021,17.9311008453369,3.6941,3.5527,2510.47187658,2.52400687,,
2010-11-02,3045.434,17.8990001678467,3.7497,4.2816,3065.094806932,-0.2811703,29.5548,29.554761
2010-11-03,3030.988,17.839599609375,3.8113,3.6297,2439.678845657,-0.47434947,,45.656276
2010-11-04,3086.939,18.1576995849609,3.8434,3.3802,2281.030709539,1.84596574,,
2010-11-05,3129.497,18.4139995574951,3.8458,4.0336,2731.78387115,1.37864726,6.0744,6.07444
2010-11-08,3159.512,18.5632991790771,3.8392,3.8939,2592.42023181,0.95909982,,
2010-11-09,3135.0,18.4204998016357,3.8445,3.65,2480.89377252,-0.77581601,144.3242,171.115352
2010-11-10,3115.356,18.3066997528076,3.9204,3.5118,2489.768909328,-0.62660287,,
2010-11-11,3147.744,18.4881992340088,3.953,3.9966,2869.844489268,1.03962436,,
2010-11-12,2985.435,17.5919990539551,3.9534,4.4173,2984.05913627,-5.1563596,,
2010-11-15,3014.413,17.7066993713379,3.945,2.9068,1970.940953906,0.97064582,18.4884,18.488416
2010-11-16,2894.538,17.0083999633789,3.9065,3.2443,2216.74190365,-3.97672781,53.8822,53.882207
2010-11-17,2838.857,16.7080993652344,3.86,2.3407,1587.019930892,-1.92365759,,
2010-11-18,2865.452,16.9057998657227,3.8336,1.9285,1277.70552361,0.9368207,3.2467,32.009215
2010-11-19,2888.566,17.0207004547119,3.87,2.3309,1557.75076597,0.80664412,,
2010-11-22,2884.371,16.9680004119873,3.9161,2.393,1626.854787,-0.14522777,,
2010-11-23,2828.282,16.6434001922607,3.9317,2.1895,1450.79505569,-1.94458341,74.8112,162.105884
2010-11-24,2859.936,16.792200088501,3.9533,2.1838,1478.816329874,1.11919533,,91.652433
2010-11-25,2898.261,17.0177001953125,3.9674,2.4541,1671.85489071,1.34006495,,
2010-11-26,2871.698,16.8570003509521,4.0123,2.078,1435.639278548,-0.91651511,9.4211,9.421094
2010-11-29,2866.356,16.8337001800537,3.9959,1.9191,1339.72620547,-0.18602235,,
2010-11-30,2820.181,16.6021995544434,3.971,2.6038,1730.85021719,-1.61093039,,
2010-12-01,2823.449,16.635799407959,3.8919,1.5215,1042.578870564,0.11587909,12.942,12.942024
2010-12-02,2843.607,16.7837009429932,3.8609,1.9536,1322.16371807,0.7139495,,37.098808
2010-12-03,2842.431,16.7772998809814,3.8699,1.565,1059.26905638,-0.04135593,37.5727,128.189581
2010-12-06,2857.178,16.8714008331299,3.8696,1.6116,1108.32357331,0.51881646,,
2010-12-07,2875.861,16.9708003997803,3.8435,1.5861,1112.666976839,0.65389696,99.495,99.495018
2010-12-08,2848.546,16.8022003173828,3.8609,1.6067,1102.271809463,-0.94980251,22.4864,96.018205
2010-12-09,2810.949,16.5925998687744,3.9023,1.7616,1087.47831204,-1.31986635,9.4609,9.460861
2010-12-10,2841.04,16.7688007354736,3.8888,1.5027,982.03063221,1.07049256,22.1552,22.155225
2010-12-13,2922.954,17.2287006378174,3.8509,2.4068,1599.49594345,2.88323994,,
2010-12-14,2927.077,17.2658004760742,3.8521,2.2592,1529.67337117,0.14105593,,
2010-12-15,2911.414,17.1811008453369,3.815,2.027,1433.70183685,-0.53510721,7.0719,7.071928
2010-12-16,2898.138,17.1550006866455,3.8044,1.6193,1097.70051796,-0.45599836,12.4702,12.470193
2010-12-17,2893.74,17.1238994598389,3.8058,1.3654,938.57086844,-0.15175261,,
2010-12-20,2852.916,16.8922004699707,3.785,2.1205,1466.054020031,-1.41076945,32.416,32.416015
2010-12-21,2904.115,17.1973991394043,3.7956,1.996,1364.653675253,1.79461996,36.2861,63.623617
2010-12-22,2877.9,17.0447998046875,3.8004,1.8376,1260.67397506,-0.90268464,26.5978,26.59781
2010-12-23,2855.22,16.9302005767822,3.8108,1.6621,1093.729406218,-0.78807464,,
2010-12-24,2835.157,16.8215007781982,3.8136,1.5145,958.86756271,-0.7026779,,
2010-12-27,2781.402,16.5200996398926,3.8913,1.8195,1233.90148345,-1.89601493,,
2010-12-28,2732.99,16.2506008148193,3.9118,1.5562,969.90632639,-1.74056106,12.718,12.717989
2010-12-29,2751.527,16.3843002319336,3.9019,1.1817,762.02882885,0.67826812,12.5212,12.521218
2010-12-30,2759.575,16.4389991760254,3.88,1.3517,860.567034424,0.29249213,,
2010-12-31,2808.077,16.7192993164062,3.8799,1.5274,1084.41746,1.75758948,,
2011-01-04,2852.648,16.9778003692627,3.8606,2.0293,1456.62396301,1.5872428,,
2011-01-05,2838.593,16.8936996459961,3.8132,1.9219,1352.64799913,-0.49270012,,
2011-01-06,2824.197,16.7905006408691,3.8339,1.5511,1132.515898837,-0.50715266,,
2011-01-07,2838.801,16.9109992980957,3.8237,2.0102,1371.63500551,0.51710274,,
2011-01-10,2791.809,16.6527996063232,3.8449,1.6396,1107.96771365,-1.65534675,,
2011-01-11,2804.047,16.7332000732422,3.8703,1.445,944.848340248,0.43835377,,
2011-01-12,2821.305,16.8426990509033,3.855,1.438,880.93030259,0.61546757,,
2011-01-13,2827.713,16.8938999176025,3.8831,1.3575,879.30916312,0.22712894,,
2011-01-14,2791.344,16.6914005279541,3.9156,1.3968,906.44705328,-1.28616306,,
2011-01-17,2706.66,16.1275005340576,3.9651,1.6877,1048.49169131,-3.03380737,,
2011-01-18,2708.979,16.1205997467041,3.9954,1.096,677.38468875,0.08567755,,31.255069
2011-01-19,2758.097,16.3920001983643,3.9752,1.4255,899.43624641,1.81315544,,
2011-01-20,2677.652,15.9268999099731,3.9749,1.5631,958.50318768,-2.91668495,,
2011-01-21,2715.294,16.1753997802734,3.9837,1.7616,1028.4343098,1.40578387,,
2011-01-24,2695.72,16.0606994628906,3.9918,1.6159,961.91099722,-0.72087958,,
2011-01-25,2677.432,15.9584999084473,4.0152,1.2775,755.78247321,-0.67840874,10.6305,10.63047
2011-01-26,2708.814,16.1306991577148,3.9991,1.1179,672.954160313,1.17209326,35.3974,88.920218
2011-01-27,2749.15,16.3943004608154,4.0058,1.943,1152.47052003,1.48906496,9.5333,28.484152
2011-01-28,2752.75,16.3990001678467,4.0096,1.5603,984.802839585,0.13094957,57.389,57.388927
2011-01-31,2790.694,16.6145000457764,4.0187,1.6783,1068.41488912,1.37840341,,
2011-02-01,2798.96,16.6534004211426,4.0186,1.3406,900.93971271,0.29619872,19.7655,19.765498
2011-02-09,2774.065,16.4669990539551,4.1006,1.598,1048.39248014,-0.88943751,,6.992905
2011-02-10,2818.163,16.7147006988525,4.1158,1.7935,1171.486370648,1.58965273,4.0186,28.053262
2011-02-11,2827.328,16.7667007446289,4.1062,1.9721,1277.245386863,0.32521185,3.7425,9.17584
2011-02-14,2899.134,17.1874008178711,4.0552,2.8302,1798.009602775,2.53971241,,
2011-02-15,2899.237,17.1858005523682,4.0454,2.7936,1873.33867986,0.00355279,,
2011-02-16,2923.896,17.3083992004395,4.045,2.343,1600.67647859,0.85053412,,
2011-02-17,2926.964,17.324800491333,4.0449,2.393,1690.476180193,0.10492849,,
2011-02-18,2899.792,17.2091007232666,4.045,2.0895,1420.267666405,-0.92833393,,
2011-02-21,2932.246,17.3796997070312,4.0702,2.1806,1462.23076327,1.11918372,,
2011-02-22,2855.516,16.9363994598389,4.04,2.7962,1917.81551912,-2.61676544,,
2011-02-23,2862.634,16.9685001373291,3.9946,2.032,1376.312149434,0.24927194,,
2011-02-24,2878.603,17.0506992340088,3.9132,2.0084,1373.217081195,0.55784288,,
2011-02-25,2878.565,17.0573997497559,3.9566,1.8289,1242.4693803,-0.00132008,,
2011-02-28,2905.053,17.176399230957,3.9314,2.1694,1483.370628678,0.92018072,,
2011-03-01,2918.92,17.2311992645264,3.9259,2.4807,1722.289264315,0.47734069,,
2011-03-02,2913.808,17.2073001861572,3.9233,2.421,1654.392981471,-0.17513327,,
2011-03-03,2902.978,17.1765003204346,3.9279,2.7326,1776.96887629,-0.37167857,,
2011-03-04,2942.306,17.403600692749,3.9388,2.1503,1444.912169643,1.35474675,,
2011-03-07,2996.211,17.6959991455078,3.9351,2.9215,2079.10763343,1.83206641,,
2011-03-08,2999.942,17.7154006958008,3.9078,2.3097,1686.56782308,0.12452394,,
2011-03-09,3002.154,17.7126998901367,3.8879,2.2668,1653.177641701,0.07373476,,37.744076
2011-03-10,2957.143,17.4416007995605,3.9321,2.2567,1664.66133706,-1.49929018,,
2011-03-11,2933.796,17.2954998016357,3.9328,2.1128,1526.526576037,-0.78951204,,
2011-03-14,2937.627,17.2928009033203,3.9074,2.1325,1525.259933518,0.13058168,,
2011-03-15,2896.256,17.0247001647949,3.8659,2.826,1876.46016838,-1.40831358,,74.479813
2011-03-16,2930.804,17.2145004272461,3.86,2.3905,1658.119137722,1.19285036,,
2011-03-17,2897.298,17.0328006744385,3.8326,2.5081,1705.858116166,-1.14323578,43.2902,60.143939
2011-03-18,2906.886,16.8199996948242,3.8489,1.8373,1274.871900989,0.33092902,,
2011-03-21,2909.137,16.8474998474121,3.8774,1.7668,1224.05131566,0.07743682,,
2011-03-22,2919.142,16.8999996185303,3.8987,1.7377,1201.90606777,0.34391643,20.6259,20.625896
2011-03-23,2948.477,17.1212997436523,3.9037,2.0592,1383.18531071,1.00491857,,60.489072
2011-03-24,2946.706,17.1123008728027,3.8762,1.99,1372.660058041,-0.06006491,,
2011-03-25,2977.814,17.2089996337891,3.8714,2.4867,1711.368703511,1.05568727,,15.74217
2011-03-28,2984.005,17.0606002807617,3.8807,2.8462,1963.35110544,0.20790419,,
2011-03-29,2958.077,16.8791999816895,3.9044,3.0745,1996.00754521,-0.86889935,56.2265,68.602699
2011-03-30,2955.771,16.67799949646,3.9069,2.3102,1525.471801763,-0.07795605,,
2011-03-31,2928.111,16.3286991119385,3.912,1.9981,1344.081828965,-0.93579645,15.4981,15.498106
2011-04-01,2967.41,16.4993000030518,3.9126,1.8274,1257.191960251,1.34212808,2.9365,2.936549
2011-04-06,3001.36,16.6868000030518,3.9203,2.5971,1764.87792733,1.14409536,,
2011-04-07,3007.909,16.7173004150391,3.9167,2.2816,1529.41715634,0.21820108,22.2685,22.26846
2011-04-08,3030.021,16.8159008026123,3.9081,2.0906,1471.22038469,0.73512862,,
2011-04-11,3022.746,16.7903995513916,3.8928,2.69,1827.51284055,-0.24009735,,
2011-04-12,3021.369,16.7812995910645,3.87,2.6669,1656.0247186,-0.0455546,32.9755,49.758613
2011-04-13,3050.398,16.9489002227783,3.8703,2.3412,1473.785356859,0.96078963,,
2011-04-14,3042.635,16.9174995422363,3.8707,2.3614,1486.47665913,-0.25449138,,18.689437
2011-04-15,3050.526,16.964599609375,3.8709,2.3435,1486.838284492,0.25934757,,
2011-04-18,3057.329,17.0056991577148,3.896,2.5027,1608.12208617,0.22301072,,
2011-04-19,2999.041,16.6459999084473,3.8911,2.5853,1661.27877517,-1.90650074,,26.248139
2011-04-20,3007.037,16.6898002624512,3.8913,2.1835,1437.9757909,0.26661856,,16.721161
2011-04-21,3026.668,16.7787990570068,3.8912,2.2177,1473.87019394,0.65283533,26.51,26.50998
2011-04-22,3010.517,16.6758995056152,3.8966,2.1609,1374.06934391,-0.53362311,47.714,55.47549
2011-04-25,2964.951,16.406400680542,3.8961,2.1337,1405.04366096,-1.51356063,,30.456141
2011-04-26,2938.981,16.2994995117188,3.896,1.7298,1124.51141163,-0.8758998,,
2011-04-27,2925.408,16.2063007354736,3.8812,1.9041,1148.411309589,-0.46182674,3.8085,18.292307
2011-04-28,2887.044,15.7958002090454,3.87,1.8935,1157.90131501,-1.31140682,,
2011-04-29,2911.511,15.3928003311157,3.8713,1.5817,932.21530227,0.84747583,,
2011-05-03,2932.188,15.4237003326416,3.8752,1.7456,1027.08976573,0.71018107,,
2011-05-04,2866.017,15.0804996490479,3.8772,2.0198,1253.556944872,-2.25671069,,
2011-05-05,2872.404,15.1239004135132,3.8715,1.6531,988.122363903,0.22285283,11.8128,11.812832
2011-05-06,2863.886,15.0673999786377,3.8308,1.6495,1051.810083986,-0.29654603,49.9691,49.969063
2011-05-09,2872.46,15.1000003814697,3.8378,1.4638,940.063764978,0.29938343,,
2011-05-10,2890.634,15.1954002380371,3.8326,1.4569,960.5670512,0.63269811,17.0784,17.078368
2011-05-11,2883.42,15.1562004089355,3.8334,1.66,1071.06378144,-0.24956463,,
2011-05-12,2844.083,14.9509000778198,3.8211,1.7986,1142.04493322,-1.36424801,,
2011-05-13,2871.031,15.1056995391846,3.8363,1.669,1039.059831702,0.94751103,,58.653375
2011-05-16,2849.067,14.9827003479004,3.8432,1.5116,957.862457028,-0.76502135,,26.27358
2011-05-17,2852.773,15.0041999816895,3.8318,1.6913,1097.988301324,0.13007767,23.1454,60.751977
2011-05-18,2872.771,15.1122999191284,3.8338,1.356,903.283300457,0.70100215,,
2011-05-19,2859.574,15.0499000549316,3.8309,1.3676,912.05057076,-0.45938225,,
2011-05-20,2858.459,15.0544004440308,3.8429,1.2438,840.032207551,-0.03899182,,
2011-05-23,2774.569,14.6247997283936,3.84,1.7469,1114.38407056,-2.93479809,13.6688,83.763166
2011-05-24,2767.056,14.585599899292,3.8414,1.3273,888.42176414,-0.2707808,,30.321116
2011-05-25,2741.741,14.4495000839233,3.8382,1.3178,862.36385809,-0.91487126,,29.274136
2011-05-26,2736.527,14.4370002746582,3.8352,1.3942,925.949263146,-0.19017114,,
2011-05-27,2709.947,14.3145999908447,3.8217,1.4556,919.015559688,-0.97130414,,
2011-05-30,2706.361,14.319299697876,3.8256,1.1529,711.168096808,-0.13232731,,
2011-05-31,2743.472,14.5029001235962,3.8311,1.1969,777.97110768,1.37125092,40.4903,51.067697
2011-06-01,2743.572,14.5012998580933,3.8311,1.2126,776.24943889,0.00364502,4.3155,4.315518
2011-06-02,2705.181,14.2839002609253,3.8337,1.521,942.78924971,-1.39930718,,52.712357
2011-06-03,2728.02,14.4145002365112,3.8337,1.2036,782.73698792,0.84426883,7.1829,7.18294
2011-06-07,2744.3,14.4933996200562,3.8341,1.1471,791.44376103,0.59676982,,
2011-06-08,2750.288,14.5176000595093,3.8572,1.3068,875.03873943,0.21819772,,
2011-06-09,2703.345,14.2884998321533,3.8726,1.4662,951.28112398,-1.70683943,12.8307,12.830617
2011-06-10,2705.143,14.28600025177,3.894,1.2816,831.70621045,0.06651019,6.9271,86.963604
2011-06-13,2700.379,14.2667999267578,3.9036,1.1112,731.68505455,-0.17610899,8.3492,8.349198
2011-06-14,2730.04,14.4109001159668,3.9406,1.4604,952.02692908,1.09840137,14.2993,14.299304
2011-06-15,2705.431,14.2819004058838,3.9986,1.3147,854.33282733,-0.90141536,13.6114,13.611394
2011-06-16,2664.283,14.0818996429443,3.9839,1.2471,765.84465459,-1.52094066,4.8577,26.352666
2011-06-17,2642.818,13.9899997711182,3.9803,1.1299,743.8954941,-0.80565766,,9.227409
2011-06-20,2621.253,13.8923997879028,3.9413,1.0524,652.10745084,-0.81598506,,
2011-06-21,2646.483,14.0190000534058,3.9003,1.1358,732.87995236,0.96251678,,67.508907
2011-06-22,2649.321,14.0458002090454,3.9555,1.0097,646.1459627,0.10723666,19.1769,32.056673
2011-06-23,2688.249,14.2503004074097,3.9691,1.2858,824.54849436,1.46935762,,
2011-06-24,2746.211,14.5251998901367,3.8963,2.1958,1426.46189157,2.15612467,,12.729661
2011-06-27,2758.23,14.584400177002,3.8703,1.7681,1161.69106755,0.43765756,9.5286,9.528553
2011-06-28,2759.202,14.5846996307373,3.88,1.5379,1040.45742069,0.03523999,,14.291315
2011-06-29,2728.483,14.4259996414185,3.8833,1.5365,990.011178397,-1.11332914,,26.094352
2011-06-30,2762.076,14.5902004241943,3.8857,1.5702,1030.37468871,1.23119697,,
2011-07-01,2759.362,14.5691995620728,3.8775,1.596,1054.532315054,-0.09825943,,20.048467
2011-07-04,2812.818,14.8373003005981,3.8842,2.1056,1438.186505882,1.93725941,,
2011-07-05,2816.355,14.8447999954224,3.8909,1.8957,1286.54526186,0.12574578,,
2011-07-06,2810.479,14.8030996322632,3.9116,1.7781,1220.888847149,-0.20863847,,
2011-07-07,2794.267,14.7101001739502,3.9021,2.0102,1400.65119725,-0.57684117,,
2011-07-08,2797.774,14.7301998138428,3.8881,1.4878,1027.65056015,0.12550698,,
2011-07-11,2802.692,14.7321996688843,3.8923,1.4825,1014.42076053,0.1757826,,
2011-07-12,2754.582,14.4858999252319,3.8899,1.6659,1115.35233112,-1.71656393,,
2011-07-13,2795.476,14.710000038147,3.8913,1.5821,1076.95952064,1.48458096,9.8962,9.8962
2011-07-14,2810.444,14.7908000946045,3.9204,1.8031,1256.48830383,0.53543654,,
2011-07-15,2820.169,14.8357000350952,3.9278,1.8379,1277.20321009,0.34603073,,
2011-07-18,2816.688,14.8142004013062,3.9558,1.8485,1295.81321226,-0.12343232,,
2011-07-19,2796.983,14.7131004333496,4.0088,1.5835,1101.2038351,-0.6995805,,
2011-07-20,2794.205,14.7007999420166,4.0715,1.4311,996.77739096,-0.0993213,,
2011-07-21,2765.894,14.5578002929688,4.0889,1.392,957.69511827,-1.01320411,7.2639,7.263914
2011-07-22,2770.79,14.5712003707886,4.0671,1.1951,824.98349719,0.17701329,,
2011-07-25,2688.746,14.1599998474121,4.0663,1.881,1208.56437817,-2.96103277,,
2011-07-26,2703.026,14.2320003509521,4.0753,1.2402,794.82934662,0.5311026,,
2011-07-27,2723.492,14.3218002319336,4.0855,1.3684,920.82368241,0.75715143,5.7525,9.973769
2011-07-28,2708.777,14.2382001876831,4.0627,1.335,904.51815581,-0.540299,,
2011-07-29,2701.729,14.2082996368408,4.0477,1.2845,837.84760931,-0.26019122,5.2413,5.241329
2011-08-01,2703.783,14.2125997543335,4.0502,1.0035,660.73995356,0.07602539,17.3741,17.374078
2011-08-02,2679.259,14.0799999237061,4.0615,1.1898,779.94116095,-0.90702545,10.1406,10.140567
2011-08-03,2678.485,14.075400352478,4.1201,1.0878,733.81007588,-0.02888858,14.93369,14.93369
2011-08-04,2684.039,14.0971002578735,4.0911,1.0002,693.38641969,0.20735602,13.4664,13.466449
2011-08-05,2626.423,13.7908000946045,4.0423,1.3337,877.77759968,-2.1466156,,3.357456
2011-08-08,2526.816,13.2779998779297,4.0007,1.8598,1175.50544112,-3.79249649,,
2011-08-09,2526.07,13.247200012207,3.9554,1.7547,1077.45074507,-0.02952332,18.8582,18.85817
2011-08-10,2549.176,13.3503999710083,3.9639,1.5746,1040.38322989,0.91470149,10.3974,78.627027
2011-08-11,2581.508,13.5115003585815,3.9291,1.5515,1000.89141534,1.26833141,,
2011-08-12,2593.173,13.5565996170044,3.9268,1.5443,1000.34768305,0.45186767,,
2011-08-15,2626.77,13.7301998138428,3.9231,1.4516,909.97350623,1.29559424,,
2011-08-16,2608.166,13.5725002288818,3.9492,1.3857,902.47920858,-0.70824625,24.1206,26.897327
2011-08-17,2601.261,13.5158004760742,3.9432,1.1287,722.00596507,-0.26474542,17.3112,17.311222
2011-08-18,2559.472,13.2845001220703,3.956,1.1065,760.87950237,-1.60649008,3.4735,3.473474
2011-08-19,2534.358,13.1021003723145,3.9331,1.1201,737.71901698,-0.981218,,
2011-08-22,2515.863,12.9040002822876,3.9325,0.9648,655.24542977,-0.72977062,,
2011-08-23,2554.019,13.0888996124268,3.9356,0.9665,632.10700214,1.51661676,,
2011-08-24,2541.091,13.0340995788574,3.9501,1.065,706.90689369,-0.50618261,,
2011-08-25,2615.261,13.3599004745483,3.975,1.7006,1045.70297571,2.91882502,,
2011-08-26,2612.188,13.1774997711182,3.9886,1.2699,815.03341252,-0.11750261,,
2011-08-29,2576.413,12.961799621582,4.0994,1.188,784.06747865,-1.36954155,,
2011-08-30,2566.595,12.900899887085,4.1303,1.2342,795.41815163,-0.38107244,,
2011-08-31,2567.34,12.9224004745483,4.105,0.9691,622.36266864,0.02902678,,
2011-09-01,2556.042,12.8765001296997,4.0708,0.9406,598.81555987,-0.44006637,8.056,22.789127
2011-09-02,2528.28,12.7379999160767,4.07,0.8934,559.69022194,-1.08613239,14.6503,14.650329
2011-09-05,2478.739,12.4977998733521,4.0501,0.9039,564.02274346,-1.95947443,,
2011-09-06,2470.524,12.4629001617432,4.0107,0.8084,501.40331683,-0.33141852,12.8842,12.884199
2011-09-07,2516.09,12.6829996109009,4.05,0.979,619.51469219,1.84438605,,
2011-09-08,2498.943,12.605299949646,4.065,0.8898,600.46842303,-0.68149391,13.1745,13.174537
2011-09-09,2497.753,12.6089000701904,4.0452,0.8371,535.35159299,-0.04762013,,
2011-09-13,2471.305,12.4806003570557,4.0208,0.817,518.51701382,-1.05887171,,
2011-09-14,2484.827,12.5411996841431,4.021,0.8842,547.61652533,0.54716031,,36.659417
2011-09-15,2479.055,12.5031995773315,4.0495,0.9172,558.60904582,-0.23228981,,
2011-09-16,2482.343,12.5243997573853,4.0752,0.7854,495.84868842,0.13263118,8.52,8.519979
2011-09-19,2437.795,12.3100004196167,4.0801,0.795,485.99667204,-1.79459486,,
2011-09-20,2447.755,12.3575000762939,4.0801,0.7565,479.5637239,0.40856594,52.572,52.572017
2011-09-21,2512.963,12.6723003387451,4.0908,1.4176,881.88034883,2.66399211,10.5268,10.526846
2011-09-22,2443.057,12.3264999389648,4.0676,1.2222,748.91290554,-2.78181573,3.3233,5.44282
2011-09-23,2433.159,12.2835998535156,3.9662,1.1012,679.47197759,-0.40514814,,
2011-09-26,2393.183,12.0735998153687,3.8878,0.9392,589.15927605,-1.64296702,,11.364385
2011-09-27,2415.054,12.1883001327515,3.9158,0.9035,553.15102091,0.91388749,,
2011-09-28,2392.062,12.0778999328613,3.9203,0.9016,557.20881056,-0.9520284,15.0063,15.006273
2011-09-29,2365.343,11.9640998840332,3.884,0.9522,570.21447534,-1.1169861,,
2011-09-30,2359.22,11.9392004013062,3.8605,0.7889,461.04608498,-0.25886309,,
2011-10-10,2344.787,11.9057998657227,3.7706,0.6766,399.2641316,-0.61176999,,
2011-10-11,2348.516,11.9469003677368,3.7593,1.0263,627.7351601,0.15903364,,
2011-10-12,2420.0,12.2968997955322,3.8005,1.4844,844.38390265,3.04379446,4.5549,4.554873
2011-10-13,2438.79,12.3923997879028,3.8205,1.4214,821.92311755,0.77644628,,
2011-10-14,2431.375,12.3631000518799,3.7707,0.9812,582.7606353,-0.30404422,,
2011-10-17,2440.402,12.4064998626709,3.7906,0.9392,577.04518652,0.3712714,,
2011-10-18,2383.485,12.1371002197266,3.7407,1.0576,693.38909189,-2.33227968,,
2011-10-19,2377.512,12.1027002334595,3.7311,0.8239,531.73514652,-0.25059944,,
2011-10-20,2331.366,11.8736000061035,3.7266,0.9842,578.67763724,-1.94093658,3.554,3.553998
2011-10-21,2317.275,11.817099571228,3.7385,0.7466,437.25376635,-0.6044096,,
2011-10-24,2370.333,12.0818004608154,3.7533,1.0972,629.71553897,2.28967214,6.3183,6.318265
2011-10-25,2409.672,12.2769002914429,3.796,1.4021,836.35006493,1.65964023,,
2011-10-26,2427.48,12.3409004211426,3.7918,1.6874,985.78021068,0.73902174,12.0399,12.03991
2011-10-27,2435.614,12.2988004684448,3.8032,1.3089,750.98560018,0.33508,,
2011-10-28,2473.41,12.3516998291016,3.787,1.7425,1041.86688309,1.55180583,,
2011-10-31,2468.25,12.1895999908447,3.7607,1.3315,817.83447175,-0.20861887,,
2011-11-01,2470.019,12.207799911499,3.7395,1.435,850.52779138,0.07167021,,
2011-11-02,2504.108,12.3717002868652,3.7208,1.6985,1020.82766289,1.38011084,,11.550142
2011-11-03,2508.09,12.3872003555298,3.7233,2.1983,1363.05609736,0.1590187,,
2011-11-04,2528.294,12.4835996627808,3.7158,1.6412,999.81183331,0.80555323,,
2011-11-07,2509.799,12.3922996520996,3.7333,1.2619,788.93506771,-0.73152094,,
2011-11-08,2503.836,12.3746004104614,3.6988,1.2643,769.14038706,-0.23758875,14.5738,14.573786
2011-11-09,2524.919,12.4711999893188,3.6436,1.2572,781.4160324,0.84202799,3.3655,3.365495
2011-11-10,2479.536,12.2369003295898,3.5563,1.4008,854.63858302,-1.79740419,,
2011-11-11,2481.084,12.2547998428345,3.5916,1.0639,650.05133543,0.06243104,,
2011-11-14,2528.714,12.4889001846313,3.5807,1.304,825.23780186,1.91972541,,
2011-11-15,2529.761,12.4876003265381,3.6563,1.271,804.97345503,0.04140445,4.2192,4.219228
2011-11-16,2466.959,12.1801996231079,3.626,1.4994,923.96963052,-2.48252701,5.5328,5.532811
2011-11-17,2463.046,12.1658000946045,3.636,1.067,659.02701975,-0.15861634,,
2011-11-18,2416.562,11.9475002288818,3.6412,1.1572,705.66565864,-1.88725667,,
2011-11-21,2415.13,11.9378004074097,3.6598,0.8074,495.11107897,-0.05925774,,
2011-11-22,2412.625,11.9221000671387,3.6412,0.8277,506.89583452,-0.10372112,45.2446,45.244601
2011-11-23,2395.065,11.8453998565674,3.5914,0.8135,500.4335984,-0.72783794,30.4573,63.815406
2011-11-24,2397.554,11.8662996292114,3.6103,0.8392,514.11098473,0.10392202,,
2011-11-25,2380.224,11.7793998718262,3.6115,0.7291,462.46206878,-0.72282001,,
2011-11-28,2383.034,11.7903995513916,3.6402,0.7405,464.14831572,0.11805612,,
2011-11-29,2412.393,11.9287996292114,3.6315,0.886,570.68884953,1.23200089,7.1136,7.113586
2011-11-30,2333.414,11.5661001205444,3.6091,1.1828,722.15263538,-3.27388614,,9.85834
2011-12-01,2386.86,11.8331003189087,3.5005,1.5538,952.00516876,2.29046367,24.9404,40.981506
2011-12-02,2360.664,11.7123003005981,3.472,0.9401,573.20156584,-1.09750886,,
2011-12-05,2333.229,11.6122999191284,3.442,0.8272,486.4121575,-1.16217302,,2.781717
2011-12-06,2325.905,11.5682001113892,3.479,0.7252,426.25594847,-0.31389975,6.232,43.240578
2011-12-07,2332.73,11.5966997146606,3.489,0.6585,397.67464564,0.29343417,,
2011-12-08,2329.82,11.5824003219604,3.4953,0.805,492.19492855,-0.12474654,21.0211,84.355838
2011-12-09,2315.27,11.5195999145508,3.4817,0.6309,388.85194063,-0.62451176,6.7457,13.241257
2011-12-12,2291.545,11.4069995880127,3.4927,0.5918,365.16062508,-1.0247185,,
2011-12-13,2248.59,11.2126998901367,3.4982,0.9019,515.93326502,-1.87449952,6.5004,83.170678
2011-12-14,2228.525,11.1307001113892,3.4807,0.6902,386.21178573,-0.89233698,,
2011-12-15,2180.895,10.904899597168,3.489,0.8873,473.05130387,-2.13728812,,
2011-12-16,2224.84,11.1103000640869,3.4637,0.8819,505.68967344,2.01499843,,
2011-12-19,2218.235,11.0750999450684,3.4702,0.9029,497.17681273,-0.29687528,,
2011-12-20,2215.93,11.0572004318237,3.4655,0.8294,465.64369385,-0.10391144,22.558,34.396573
2011-12-21,2191.148,10.9409999847412,3.4709,0.8009,461.25532122,-1.11835663,,
2011-12-22,2186.297,10.9237003326416,3.4752,0.9308,480.23419137,-0.2213908,,
2011-12-23,2204.784,11.0160999298096,3.4803,0.8267,434.78781866,0.84558502,,
2011-12-26,2190.11,10.9492998123169,3.4653,0.6973,364.03330902,-0.66555273,13.1357,13.135703
2011-12-27,2166.205,10.8403997421265,3.4603,0.7292,374.00003602,-1.09149769,,34.298967
2011-12-28,2170.013,10.8638000488281,3.4603,0.7919,400.07345153,0.1757913,3.3587,35.219141
2011-12-29,2173.561,10.8790998458862,3.4453,0.7142,359.8965976,0.16350132,,5.396999
2011-12-30,2199.417,11.048999786377,3.4303,0.83,426.98835641,1.18956864,,
2012-01-04,2169.39,10.9082002639771,3.4395,0.7869,406.32918502,-1.36522542,,
2012-01-05,2148.452,10.8134002685547,3.4304,0.9382,466.03965319,-0.9651561,,
2012-01-06,2163.395,10.8943996429443,3.397,0.8073,394.65868149,0.69552403,,
2012-01-09,2225.89,11.2013998031616,3.3806,1.2245,621.32963469,2.88874662,,
2012-01-10,2285.744,11.4792003631592,3.403,1.7489,910.45903375,2.68899182,,
2012-01-11,2276.046,11.417799949646,3.4208,1.3482,742.64707833,-0.42428198,,
2012-01-12,2275.01,11.4043998718262,3.402,1.1422,639.45881028,-0.04551753,,
2012-01-13,2244.58,11.2737998962402,3.4108,1.1405,640.30025661,-1.33757654,,
2012-01-16,2206.193,11.0974998474121,3.4233,0.7244,428.84791206,-1.71020859,,
2012-01-17,2298.376,11.5424995422363,3.4045,1.3892,774.0684662,4.17837424,,
2012-01-18,2266.384,11.3899002075195,3.3957,1.4206,806.55237044,-1.39193935,,
2012-01-19,2296.075,11.5333995819092,3.3758,1.1451,638.86737692,1.31006043,,
2012-01-20,2319.118,11.643500328064,3.3808,1.1044,629.06415725,1.0035822,,
2012-01-30,2285.038,11.4642000198364,3.4005,0.9221,518.68459382,-1.46952419,9.6594,9.659428
2012-01-31,2292.61,11.5032997131348,3.4064,0.7694,437.77519937,0.33137304,3.413,3.412998
2012-02-01,2268.08,11.3828001022339,3.4318,0.8453,485.54972307,-1.06995957,24.7402,24.740222
2012-02-02,2312.556,11.6134996414185,3.441,1.0023,576.82360382,1.96095376,,
2012-02-03,2330.405,11.6962995529175,3.436,1.2463,702.49339901,0.77182996,,
2012-02-06,2331.136,11.6934995651245,3.4785,1.1953,673.05626604,0.03136794,,
2012-02-07,2291.902,11.5047998428345,3.481,1.0627,580.91080366,-1.68304209,,
2012-02-08,2347.53,11.7728996276855,3.5098,1.3753,808.85696801,2.42715439,,
2012-02-09,2349.589,11.7889995574951,3.5409,1.5475,896.58695587,0.08770921,,
2012-02-10,2351.981,11.7885999679565,3.521,1.5229,822.2246807,0.10180504,,
2012-02-13,2351.855,11.7813997268677,3.5148,1.3624,777.15389643,-0.00535719,,
2012-02-14,2344.771,11.7388000488281,3.516,1.1549,662.94933778,-0.30120905,,
2012-02-15,2366.702,11.8435001373291,3.5335,1.5583,876.32869277,0.93531522,9.259,9.258977
2012-02-16,2356.86,11.792799949646,3.5361,1.492,837.58449953,-0.41585295,,8.074137
2012-02-17,2357.181,11.8010997772217,3.5361,1.1192,651.21696783,0.01361982,,
2012-02-20,2363.597,11.8276996612549,3.5116,1.3796,823.06945828,0.27218953,,
2012-02-21,2381.43,11.9201002120972,3.5164,1.2385,745.38521268,0.75448564,,
2012-02-22,2403.587,12.0178003311157,3.5276,1.859,1090.92241265,0.93040736,,4.677129
2012-02-23,2409.554,12.0408000946045,3.5254,1.7299,1054.69685126,0.24825396,,
2012-02-24,2439.628,12.1916999816895,3.5164,2.0977,1215.50205544,1.2481148,,
2012-02-27,2447.057,12.2243003845215,3.5501,2.4646,1446.85593339,0.30451364,,
2012-02-28,2451.857,12.2543001174927,3.5464,1.8508,1070.00289102,0.19615399,5.544,5.543972
2012-02-29,2428.487,12.1496000289917,3.534,1.494,919.08381829,-0.9531551,,20.620326
2012-03-01,2426.115,12.1312999725342,3.55,1.1683,710.67886558,-0.09767398,,12.817615
2012-03-02,2460.693,12.2932996749878,3.5616,1.6127,964.53866915,1.42524159,,
2012-03-05,2445.002,12.2115001678467,3.5614,1.7645,1076.04373438,-0.63766589,6.422,6.422019
2012-03-06,2410.445,12.0493001937866,3.5465,1.6188,1006.7433599,-1.41337308,,
2012-03-07,2394.794,11.9732999801636,3.5316,1.4814,917.30684728,-0.6492992,2.6723,2.672254
2012-03-08,2420.276,12.1009998321533,3.5316,1.516,934.10826914,1.06405812,14.676,14.675991
2012-03-09,2439.462,12.1857004165649,3.5367,1.4913,1004.11480219,0.79271951,16.0956,25.864855
2012-03-12,2434.859,12.1611003875732,3.5242,1.6297,1081.58111406,-0.18868915,,22.077572
2012-03-13,2455.795,12.2750997543335,3.5401,1.6154,1025.76931855,0.85984445,23.7258,68.763667
2012-03-14,2391.23,11.9823999404907,3.5451,2.7864,1707.36655188,-2.62908753,,
2012-03-15,2373.774,11.9011001586914,3.5589,1.8597,1122.60876485,-0.73000088,10.3843,28.48966
2012-03-16,2404.736,12.0431003570557,3.5483,1.5927,1024.06003302,1.30433647,17.4744,17.474404
2012-03-19,2410.184,12.078800201416,3.559,1.6014,1029.8166754,0.22655294,,
2012-03-20,2376.839,11.9069004058838,3.5601,1.5402,946.20915242,-1.38350433,24.592,24.59198
2012-03-21,2378.195,11.9219999313354,3.5608,1.5082,949.49639342,0.05705056,5.6792,29.747059
2012-03-22,2375.772,11.9145002365112,3.5502,1.2437,769.00869341,-0.10188399,6.6499,6.649962
2012-03-23,2349.539,11.766300201416,3.5267,1.215,741.38712972,-1.10418845,8.0911,8.091092
2012-03-26,2350.599,11.7599000930786,3.5247,0.8772,540.51832906,0.04511523,,
2012-03-27,2347.179,11.8189001083374,3.5403,0.9646,651.59971554,-0.14549483,4.3688,4.368792
2012-03-28,2284.881,11.5720996856689,3.5223,1.3244,782.31139045,-2.65416485,,
2012-03-29,2252.16,11.4270000457764,3.5143,1.1509,680.18095501,-1.43206583,17.297,17.297009
2012-03-30,2262.788,11.5538997650146,3.5054,0.977,559.62029859,0.47190253,,3.738841
2012-04-05,2302.241,11.7188997268677,3.5191,1.2654,746.02339783,1.74355706,9.9393,9.939292
2012-04-06,2306.553,11.7353000640869,3.5203,1.1368,688.63352285,0.18729577,4.8732,4.873217
2012-04-09,2285.777,11.6322002410889,3.5352,0.9439,551.29724461,-0.90073803,,
2012-04-10,2305.863,11.7333002090454,3.5366,1.0641,631.33960653,0.87873839,12.1979,12.197922
2012-04-11,2308.925,11.746600151062,3.5308,1.1833,675.16502992,0.13279193,,
2012-04-12,2350.864,11.9593000411987,3.5407,1.5426,873.15827,1.81638641,,
2012-04-13,2359.161,11.9970998764038,3.5277,1.5592,923.21434038,0.35293407,,7.289686
2012-04-16,2357.026,11.9850997924805,3.5318,1.3475,737.5283349,-0.09049827,3.3483,18.062697
2012-04-17,2334.985,11.8875999450684,3.5291,1.3383,724.70714424,-0.93511909,,
2012-04-18,2380.848,12.1215000152588,3.5366,1.7175,931.23038358,1.96416679,,
2012-04-19,2378.634,12.1155996322632,3.5518,1.5012,899.60919583,-0.09299208,,
2012-04-20,2406.863,12.253999710083,3.5414,1.8405,1017.72111696,1.18677359,5.2325,5.232541
2012-04-23,2388.588,12.1757001876831,3.5407,1.9344,1094.12433183,-0.75928709,,
2012-04-24,2388.834,12.2103996276855,3.5302,2.1143,1174.9469349,0.01029897,16.3048,16.304844
2012-04-25,2406.813,12.2875995635986,3.5369,2.0733,1130.70083354,0.7526266,5.8336,106.877661
2012-04-26,2404.697,12.2852001190186,3.5357,1.8244,1048.2322817,-0.08791709,24.3344,24.334351
2012-04-27,2396.316,12.2847003936768,3.5389,1.4333,840.16072396,-0.34852624,,
2012-05-02,2438.436,12.3360004425049,3.5449,2.0204,1239.75243894,1.75769807,,
2012-05-03,2440.08,12.3367004394531,3.5454,1.6048,1021.85836407,0.06742026,,84.006947
2012-05-04,2452.014,12.3929996490479,3.5512,1.6084,1023.78296014,0.48908233,329.6863,329.686339
2012-05-07,2451.947,12.3864002227783,3.5518,1.7057,1113.95001265,-0.00273245,205.6386,221.178045
2012-05-08,2448.884,12.3687000274658,3.552,1.6427,1049.69661883,-0.12492113,7.845,7.019966
2012-05-09,2408.587,12.1781997680664,3.5414,1.5412,995.21226356,-1.64552506,,426.638014
2012-05-10,2410.23,12.183500289917,3.5287,1.2841,810.54861426,0.06821427,,
2012-05-11,2394.983,12.1087999343872,3.4907,1.1774,758.15758028,-0.63259523,,
2012-05-14,2380.725,12.0319004058838,3.4461,1.4241,893.64340585,-0.59532782,4.1354,4.135375
2012-05-15,2374.843,12.0087003707886,3.405,1.2286,773.34728771,-0.24706759,,
2012-05-16,2346.192,11.8594999313354,3.3618,1.2053,741.81725328,-1.20643765,,
2012-05-17,2378.886,12.0190000534058,3.4116,1.3682,814.58439849,1.39349209,14.908,31.126505
2012-05-18,2344.52,11.8521003723145,3.3614,1.4011,789.56446671,-1.44462576,,
2012-05-21,2348.3,11.8760004043579,3.3866,1.1672,700.52964572,0.16122703,,
2012-05-22,2373.307,11.9939002990723,3.3948,1.2017,753.74527235,1.06489801,7.5241,7.524134
2012-05-23,2363.437,11.93630027771,3.3825,1.3205,848.86660758,-0.4158754,9.5528,64.818316
2012-05-24,2350.973,11.8788003921509,3.3619,1.2412,768.40602473,-0.52736756,,
2012-05-25,2333.553,11.7953996658325,3.3019,1.1561,680.2454781,-0.7409698,7.5624,7.562412
2012-05-28,2361.367,11.9259996414185,3.3418,1.4833,867.35892422,1.19191636,36.057772,36.057772
2012-05-29,2389.636,12.0642004013062,3.3718,1.8221,1113.63644314,1.19714555,3.6702,61.063359
2012-05-30,2384.668,12.0340995788574,3.3766,1.3946,848.284013,-0.20789777,,
2012-05-31,2372.234,11.9687004089355,3.3443,1.2083,753.83460178,-0.5214143,4.0632,4.063194
2012-06-01,2373.436,11.9778995513916,3.3416,1.2023,770.781448,0.05066954,,
2012-06-04,2308.55,11.6676998138428,3.3469,1.4087,869.03299584,-2.73384241,,32.798762
2012-06-05,2311.916,11.6892995834351,3.3568,1.031,640.99737588,0.14580581,3.9347,3.678114
2012-06-06,2309.555,11.6854000091553,3.36,0.9138,585.62081283,-0.10212309,,
2012-06-07,2293.13,11.608699798584,3.3751,0.9399,596.46400379,-0.71117596,,
2012-06-08,2281.447,11.5454998016357,3.3101,1.0589,637.55911203,-0.50947831,,
2012-06-11,2305.856,11.6588001251221,3.3491,0.9915,601.77220468,1.06989117,,
2012-06-12,2289.791,11.5811996459961,3.3747,0.9265,552.98586708,-0.69670439,18.4622,203.763151
2012-06-13,2318.924,11.7232999801636,3.3909,1.2174,739.4558188,1.27229952,6.6909,25.290226
2012-06-14,2295.946,11.603099822998,3.4009,1.1132,689.28753615,-0.9908906,,55.274736
2012-06-15,2306.85,11.6701002120972,3.3932,1.0666,678.55914889,0.47492406,10.717268,10.717268
2012-06-18,2316.052,11.713399887085,3.4107,0.94,603.09396127,0.39889893,,
2012-06-19,2300.795,11.6461000442505,3.4093,0.9326,578.69602291,-0.65875032,,34.811426
2012-06-20,2292.877,11.6180000305176,3.4101,0.8397,505.68121867,-0.34414192,10.037,43.442704
2012-06-21,2260.877,11.4686002731323,3.4001,0.9147,546.96856218,-1.39562654,,48.088095
2012-06-25,2224.114,11.2560997009277,3.3677,0.9252,548.09336014,-1.62605042,11.2896,31.679457
2012-06-26,2222.067,11.246600151062,3.3653,0.8205,472.81397826,-0.09203665,5.8862,20.504025
2012-06-27,2216.934,11.2222995758057,3.3252,0.7918,452.20313771,-0.23100114,3.4121,3.412098
2012-06-28,2195.843,11.1215000152588,3.3253,0.8409,502.99744713,-0.95135895,10.6326,7.453943
2012-06-29,2225.431,11.2705001831055,3.3253,0.9524,559.64660552,1.34745517,,
2012-07-02,2226.11,11.2688999176025,3.3353,0.9617,606.38957821,0.03051094,,
2012-07-03,2229.193,11.2824001312256,3.3204,0.9649,604.41034732,0.13849271,,
2012-07-04,2227.315,11.2813997268677,3.3195,0.8536,523.67380262,-0.08424573,,
2012-07-05,2201.353,11.1694002151489,3.3193,0.8934,520.88149213,-1.16561869,2.4887,2.48872
2012-07-06,2223.579,11.2639999389648,3.296,1.1256,707.66413523,1.00965179,,
2012-07-09,2170.814,11.0072002410889,3.2709,1.1297,693.13222932,-2.37297618,,
2012-07-10,2164.437,10.9828996658325,3.2549,0.8959,532.25562146,-0.29376077,,131.497419
2012-07-11,2175.383,11.0228004455566,3.2398,0.879,534.13031939,0.50572043,,
2012-07-12,2185.491,11.0611000061035,3.2502,1.2506,796.27358213,0.46465381,,
2012-07-13,2185.895,11.0693998336792,3.2591,0.8768,561.14765517,0.01848555,,36.076773
2012-07-16,2147.955,10.8929996490479,3.2752,1.0298,627.14719943,-1.73567349,,
2012-07-17,2161.186,10.9644002914429,3.285,0.8364,520.50624697,0.61598125,109.3742,109.3742
2012-07-18,2169.099,11.0003995895386,3.2858,1.0076,592.8211714,0.36614155,,
2012-07-19,2184.841,11.0809001922607,3.286,1.2027,683.50742556,0.72573912,,5.431114
2012-07-20,2168.638,11.0037002563477,3.281,0.9869,545.49966992,-0.74161003,,122.816826
2012-07-23,2141.402,10.8603000640869,3.276,0.8537,479.84498101,-1.25590347,,
2012-07-24,2146.589,10.8734998703003,3.2759,0.8335,466.50467118,0.24222449,,
2012-07-25,2136.151,10.819899559021,3.276,0.7392,411.12394801,-0.48625983,8.9505,15.013142
2012-07-26,2126.004,10.7795000076294,3.2763,0.8085,449.06166094,-0.47501324,3.3615,9.581208
2012-07-27,2128.765,10.8015003204346,3.2764,0.7979,466.80223948,0.12986805,35.729,46.3481
2012-07-30,2109.914,10.7138996124268,3.2755,0.7888,424.06106639,-0.88553692,,
2012-07-31,2103.634,10.7020998001099,3.2915,0.8103,434.70814409,-0.29764246,7.2893,35.175118
2012-08-01,2123.36,10.7985000610352,3.2921,0.8191,444.0756524,0.93771065,2.6373,2.63728
2012-08-02,2111.182,10.7448997497559,3.2861,0.8156,417.81302309,-0.57352498,4.1242,23.280401
2012-08-03,2132.796,10.8416996002197,3.2902,0.8126,437.55341373,1.02378667,11.4469,11.446904
2012-08-06,2154.916,10.9371004104614,3.31,1.0959,611.62418837,1.03713623,,
2012-08-07,2157.62,10.941499710083,3.33,1.147,619.39172451,0.12548053,,
2012-08-08,2160.99,10.9640998840332,3.3545,1.0942,623.24848205,0.15619062,,
2012-08-09,2174.102,11.027099609375,3.3023,1.0976,652.69645651,0.60675894,30.4524,49.901102
2012-08-10,2168.814,10.9834995269775,3.2825,1.0221,609.29040657,-0.24322686,,33.469434
2012-08-13,2136.078,10.8340997695923,3.3029,1.0662,630.97889074,-1.50939638,,7.756735
2012-08-14,2142.525,10.8655996322632,3.3105,1.0145,596.76955655,0.30181482,11.1139,81.208512
2012-08-15,2118.945,10.7434997558594,3.3402,0.8185,459.74551736,-1.10057059,,
2012-08-16,2112.197,10.71399974823,3.3467,0.6788,389.83892616,-0.31846037,13.8836,13.883643
2012-08-17,2114.891,10.743800163269,3.3342,0.6624,391.57482604,0.12754492,,
2012-08-20,2106.957,10.707799911499,3.3564,0.7003,392.5812549,-0.37514936,,45.600801
2012-08-21,2118.268,10.7634000778198,3.3578,0.9163,514.76983797,0.53684057,13.5771,5.029778
2012-08-22,2107.711,10.7231998443604,3.3935,0.8828,489.51230033,-0.49837886,,392.524061
2012-08-23,2113.072,10.7458000183105,3.3702,0.8833,503.32396315,0.25435176,11.7992,11.799245
2012-08-24,2092.104,10.6642999649048,3.3364,0.9047,496.73673016,-0.99229936,5.4106,5.410583
2012-08-27,2055.708,10.5108995437622,3.3498,0.9103,478.63250945,-1.73968407,,
2012-08-28,2073.154,10.5829000473022,3.3634,0.8218,420.97864049,0.84866139,7.7749,200.280881
2012-08-29,2053.235,10.5094003677368,3.3943,0.7871,416.22140056,-0.96080658,2.8569,98.142112
2012-08-30,2052.585,10.4788999557495,3.3904,0.9135,507.64221756,-0.03165736,,
2012-08-31,2047.522,10.4518003463745,3.3928,0.7001,352.69787928,-0.24666457,,
2012-09-03,2059.147,10.4956998825073,3.4001,0.9201,479.11475436,0.56775947,,23.862905
2012-09-04,2043.649,10.4083995819092,3.3836,0.8716,475.74484927,-0.75264175,10.6649,10.664822
2012-09-05,2037.681,10.3725996017456,3.3887,0.8749,448.86467552,-0.29202666,,34.438223
2012-09-06,2051.918,10.4420003890991,3.3963,0.8399,427.28537035,0.6986864,3.4452,3.445203
2012-09-07,2127.762,10.8241996765137,3.4162,2.1167,1111.36695813,3.69624907,3.0084,25.337312
2012-09-10,2134.893,10.8484001159668,3.4611,1.569,861.10737817,0.33514087,4.9743,4.635711
2012-09-11,2120.554,10.7712001800537,3.4714,1.2181,657.62864356,-0.67164959,10.192763,73.020555
2012-09-12,2126.554,10.7952995300293,3.4909,1.2755,691.57408695,0.28294493,,
2012-09-13,2110.379,10.7210998535156,3.4834,1.1993,645.90831355,-0.76062023,8.4406,8.440627
2012-09-14,2123.847,10.7951002120972,3.5485,1.3844,761.79406828,0.63817921,,
2012-09-17,2078.5,10.5740995407104,3.5717,1.1563,624.61134375,-2.13513497,,
2012-09-18,2059.543,10.4757995605469,3.5216,0.8161,436.32379817,-0.91205196,,42.910946
2012-09-19,2067.831,10.513500213623,3.5166,0.7925,435.5087613,0.40241937,42.190073,42.190073
2012-09-20,2024.837,10.3105001449585,3.5171,1.0252,539.5907102,-2.07918345,4.0109,76.34065
2012-09-21,2026.69,10.3205003738403,3.4998,0.9158,476.95123366,0.09151354,3.4236,18.263419
2012-09-24,2033.192,10.347900390625,3.4956,0.8757,455.75601287,0.32081867,,97.767856
2012-09-25,2029.293,10.3275995254517,3.4676,0.7328,384.45162494,-0.19176743,6.604,47.790509
2012-09-26,2004.172,10.2116003036499,3.4444,0.7652,384.15066392,-1.23791882,,
2012-09-27,2056.323,10.476900100708,3.4525,1.1645,603.38935875,2.60212197,6.4339,6.433855
2012-09-28,2086.169,10.6253004074097,3.4575,1.2063,648.02323507,1.45142568,,
2012-10-08,2074.419,10.5701999664307,3.4814,0.8362,447.9373247,-0.56323337,,
2012-10-09,2115.23,10.7755002975464,3.4921,1.2555,675.20373269,1.96734604,,6.324343
2012-10-10,2119.942,10.7940998077393,3.5036,1.175,605.31573749,0.22276537,,
2012-10-11,2102.868,10.7167997360229,3.499,1.1119,567.444359,-0.80539939,,
2012-10-12,2104.932,10.7374000549316,3.4807,1.0245,514.34044796,0.09815167,,
2012-10-15,2098.703,10.7144002914429,3.473,0.8098,423.08632843,-0.29592405,,
2012-10-16,2098.808,10.7158002853394,3.4903,0.8705,472.42197205,0.00500309,,
2012-10-17,2105.618,10.7444000244141,3.5036,0.9019,470.70596465,0.32446989,,
2012-10-18,2131.688,10.8667001724243,3.519,1.314,657.11759568,1.23811632,,17.083659
2012-10-19,2128.302,10.850700378418,3.535,1.0211,506.0560028,-0.15884126,,148.194421
2012-10-22,2132.758,10.8814001083374,3.5293,0.9073,475.34435094,0.20936878,,
2012-10-23,2114.447,10.8155002593994,3.5454,1.1027,540.13091665,-0.85855967,,
2012-10-24,2115.99,10.8183002471924,3.5478,1.1059,497.28088898,0.07297416,,25.698783
2012-10-25,2101.58,10.7734003067017,3.5672,1.2953,556.90216572,-0.68100511,4.7091,25.23239
2012-10-26,2066.209,10.5539999008179,3.5727,1.1919,542.48873731,-1.68306703,,163.828563
2012-10-29,2058.943,10.5243997573853,3.5668,0.8134,390.78111019,-0.35165852,,
2012-10-30,2062.347,10.579400062561,3.5648,0.9196,427.67334901,0.16532755,,
2012-10-31,2068.88,10.6336002349854,3.5739,0.9033,431.59088527,0.31677501,,
2012-11-01,2104.428,10.815299987793,3.5984,1.2574,626.06643902,1.71822435,,
2012-11-02,2117.046,10.8859996795654,3.5852,1.1624,558.69885523,0.59959286,,
2012-11-05,2114.027,10.8685998916626,3.5872,1.0797,532.22132005,-0.14260436,,94.924005
2012-11-06,2105.999,10.8346996307373,3.5771,1.0758,536.9799881,-0.37974917,,31.198374
2012-11-07,2105.73,10.8353996276855,3.5644,0.8962,471.63781132,-0.01277304,3.0054,3.005379
2012-11-08,2071.509,10.6775999069214,3.5609,1.0039,492.76099893,-1.62513713,,13.837081
2012-11-09,2069.067,10.6726999282837,3.5594,0.8172,390.65354573,-0.11788508,,
2012-11-12,2079.274,10.7217998504639,3.5585,0.855,420.83753188,0.49331414,,
2012-11-13,2047.889,10.5747995376587,3.547,0.9203,446.05159107,-1.50942108,,
2012-11-14,2055.419,10.6061000823975,3.5356,0.7248,358.83690655,0.36769571,5.3203,44.318219
2012-11-15,2030.29,10.4783000946045,3.5279,0.7621,370.82797748,-1.22257311,,181.379485
2012-11-16,2014.725,10.4011001586914,3.5133,0.7469,368.21292718,-0.76663925,,
2012-11-19,2016.982,10.4133996963501,3.501,0.6829,360.90720201,0.11202521,,
2012-11-20,2008.923,10.3663997650146,3.5111,0.6414,333.72963548,-0.39955736,13.24,61.902517
2012-11-21,2030.319,10.4704999923706,3.5205,0.8026,396.58621481,1.06504829,,32.02458
2012-11-22,2015.611,10.3996000289917,3.5357,0.687,337.27413953,-0.72441818,,18.609537
2012-11-23,2027.384,10.4576997756958,3.5428,0.7768,382.7837809,0.58409088,,
2012-11-26,2017.464,10.4126996994019,3.5511,0.6745,331.10722038,-0.4893005,,45.816662
2012-11-27,1991.165,10.2952003479004,3.557,0.8522,390.89182618,-1.30356725,,51.952354
2012-11-28,1973.523,10.2187995910645,3.5535,0.7598,344.92569662,-0.88601397,6.1306,6.130652
2012-11-29,1963.488,10.1702003479004,3.5311,0.7455,331.79657979,-0.50848153,,97.118707
2012-11-30,1980.117,10.2517004013062,3.5332,0.8554,377.39106755,0.84691121,,
2012-12-03,1959.767,10.1623001098633,3.5397,0.9283,430.27553647,-1.02771705,,
2012-12-04,1975.143,10.2358999252319,3.5498,0.9385,430.54547446,0.78458307,,22.589969
2012-12-05,2031.907,10.5228996276855,3.5622,1.8045,854.75970222,2.8739185,,
2012-12-06,2029.237,10.5176000595093,3.558,1.2266,584.52526304,-0.13140365,,23.227056
2012-12-07,2061.786,10.6736001968384,3.5689,1.733,821.58975512,1.6040019,,80.199706
2012-12-10,2083.77,10.7863998413086,3.5707,1.7378,814.69437287,1.06626003,6.6279,6.627831
2012-12-11,2074.704,10.7439002990723,3.5658,1.4062,679.30370635,-0.43507681,10.9537,88.535949
2012-12-12,2082.726,10.7873001098633,3.5666,1.182,571.15139819,0.38665757,,161.587221
2012-12-13,2061.476,10.6780004501343,3.5649,1.0862,521.79639438,-1.02029744,,33.885251
2012-12-14,2150.625,11.1388998031616,3.5781,2.4173,1177.07099283,4.32452282,,
2012-12-17,2160.342,11.1883001327515,3.5814,2.1666,1105.56699913,0.45182214,,
2012-12-18,2162.464,11.2019996643066,3.5843,1.8922,990.28894174,0.09822519,7.5259,160.793867
2012-12-19,2162.239,11.1981000900269,3.5942,1.4174,758.1318071,-0.0104048,5.461,47.527761
2012-12-20,2168.353,11.224100112915,3.6086,1.4931,800.73490883,0.28276245,,176.59181
2012-12-21,2153.31,11.132399559021,3.606,1.5518,845.74353484,-0.69375235,,107.390645
2012-12-24,2159.053,11.1635999679565,3.6009,1.18,679.70651968,0.26670568,19.4364,65.253054
2012-12-25,2213.611,11.4530000686646,3.5955,2.1537,1148.73959457,2.52694121,6.0281,11.257793
2012-12-26,2219.132,11.4760999679565,3.5925,1.8259,971.53766055,0.24941148,,56.388463
2012-12-27,2205.897,11.4075002670288,3.5803,1.9336,1003.93985354,-0.59640436,,57.973723
2012-12-28,2233.252,11.5431995391846,3.5752,1.7346,919.70152857,1.2400851,,
2012-12-31,2269.128,11.7347002029419,3.5738,1.9185,1055.4183182,1.60644656,,
2013-01-04,2276.992,11.7978000640869,3.6062,2.0872,1146.27763955,0.34656485,,
2013-01-07,2285.364,11.835599899292,3.5965,1.7624,968.72865891,0.36767806,,34.616724
2013-01-08,2276.07,11.7673997879028,3.5943,1.8262,1064.28762687,-0.40667482,,
2013-01-09,2275.34,11.7645998001099,3.575,1.8213,1028.23099451,-0.03207283,,
2013-01-10,2283.658,11.8115997314453,3.595,1.797,982.36402918,0.36557174,,
2013-01-11,2242.997,11.6233997344971,3.5999,1.8721,1015.50951798,-1.78052055,,
2013-01-14,2311.74,11.9679002761841,3.6023,2.1659,1236.14926882,3.06478341,,47.873261
2013-01-15,2325.682,12.025899887085,3.6008,2.4815,1410.13966842,0.6030955,,81.706982
2013-01-16,2309.499,11.9344997406006,3.6047,2.3,1331.07693476,-0.6958389,,
2013-01-17,2284.909,11.8035001754761,3.5986,1.7833,1032.14052378,-1.06473309,,
2013-01-18,2317.07,11.9631004333496,3.5834,1.8785,1053.91533545,1.40753964,,38.247611
2013-01-21,2328.221,11.9948997497559,3.5743,2.0087,1130.1606151,0.48125434,,
2013-01-22,2315.139,11.9292001724243,3.5705,2.2251,1233.70049377,-0.56188824,,58.022814
2013-01-23,2320.911,11.9589996337891,3.5682,1.7609,969.56218661,0.24931548,,5.710974
2013-01-24,2302.598,11.9441995620728,3.5816,2.4028,1356.04340878,-0.78904361,,53.649406
2013-01-25,2291.304,11.8762998580933,3.5837,1.3827,802.67388572,-0.49048944,,5.733588
2013-01-28,2346.505,12.1581001281738,3.6042,1.92,1169.16369692,2.40915217,,154.323498
2013-01-29,2358.977,12.2167997360229,3.6116,2.1224,1249.16965356,0.53151389,,79.005214
2013-01-30,2382.475,12.353099822998,3.6053,2.2457,1248.5603703,0.99610975,4.6411,12.453848
2013-01-31,2385.422,12.3847999572754,3.6054,2.0909,1162.0503697,0.1236949,8.3276,58.452539
2013-02-01,2419.02,12.5711002349854,3.6004,2.107,1255.54958223,1.40847196,,
2013-02-04,2428.154,12.6232004165649,3.6016,2.5092,1525.33693371,0.37759093,,108.275963
2013-02-05,2433.13,12.6206998825073,3.591,2.2585,1270.96113122,0.20492934,13.1926,224.871948
2013-02-06,2434.477,12.6326999664307,3.5922,1.7415,1045.8353694,0.05536079,53.9862,75.909255
2013-02-07,2418.53,12.5271997451782,3.5928,1.7917,1093.35068114,-0.65504829,16.0203,118.638343
2013-02-08,2432.402,12.5894002914429,3.5859,1.621,989.65224617,0.57357155,,
2013-02-18,2421.558,12.540599822998,3.5929,1.7374,1036.57025088,-0.44581447,39.592,39.592
2013-02-19,2382.914,12.34850025177,3.5931,1.8359,1063.30944989,-1.5958321,8.4311,8.4311
2013-02-20,2397.178,12.4083995819092,3.5632,1.6513,972.22298954,0.59859483,,
2013-02-21,2325.951,12.0375995635986,3.5623,2.1551,1266.27831357,-2.9712854,,
2013-02-22,2314.164,11.9697999954224,3.5708,1.4501,875.79820983,-0.50676046,,
2013-02-25,2325.819,12.0240001678467,3.5821,1.3144,776.42340941,0.5036376,,
2013-02-26,2293.341,11.858699798584,3.5948,1.7502,1059.17189188,-1.39641133,,
2013-02-27,2313.22,11.9615001678467,3.5904,1.4556,882.62924234,0.86681396,,
2013-02-28,2365.593,12.2271003723145,3.5957,1.8865,1159.18268401,2.26407346,,
2013-03-01,2359.506,12.1857995986938,3.5878,1.7886,1115.31114205,-0.25731392,,30.002709
2013-03-04,2273.404,11.7278995513916,3.5785,2.4049,1430.4650868,-3.64915368,,38.601796
2013-03-05,2326.306,11.9954996109009,3.576,1.9503,1167.21195608,2.32699511,,54.236288
2013-03-06,2347.179,12.0925998687744,3.5802,2.0986,1253.64797765,0.89725943,26.812,132.044926
2013-03-07,2324.293,11.9666996002197,3.5813,2.0774,1260.858922,-0.97504281,32.0631,32.063092
2013-03-08,2318.611,11.9542999267578,3.5816,1.4687,884.38607018,-0.24446143,,87.121013
2013-03-11,2310.593,11.9111995697021,3.583,1.2501,739.19947382,-0.34581049,,
2013-03-12,2286.605,11.7941999435425,3.5897,1.7463,1006.37092926,-1.03817505,,
2013-03-13,2263.968,11.6829996109009,3.5898,1.3508,776.88955841,-0.98998297,,64.691595
2013-03-14,2270.277,11.7166004180908,3.5919,1.1926,692.18592825,0.27867002,,99.68796
2013-03-15,2278.401,11.7805004119873,3.5919,1.7273,1015.78107326,0.3578418,,
2013-03-18,2240.016,11.5642004013062,3.5971,1.3826,814.86175707,-1.68473416,2.662,2.662045
2013-03-19,2257.434,11.6520004272461,3.5922,1.3004,755.12072273,0.77758373,15.0955,99.48051
2013-03-20,2317.374,11.954400062561,3.5722,1.9468,1139.74254023,2.65522713,,10.054178
2013-03-21,2324.242,11.9847002029419,3.5819,1.7653,1047.86065215,0.29636994,,
2013-03-22,2328.278,12.016300201416,3.5816,1.4996,859.5132152,0.17364801,5.4032,5.403112
2013-03-25,2326.715,11.9196996688843,3.577,1.4383,854.18622369,-0.06713116,12.9109,12.910907
2013-03-26,2297.669,11.7628002166748,3.5717,1.5459,918.11327564,-1.24836948,9.7142,62.509923
2013-03-27,2301.259,11.6878995895386,3.5611,1.428,857.08419365,0.15624531,3.1476,24.172541
2013-03-28,2236.302,11.271900177002,3.5505,1.893,1075.9350839,-2.82267229,57.0645,81.858727
2013-03-29,2236.621,11.3608999252319,3.5392,1.2681,733.58185133,0.01426462,4.1499,112.330501
2013-04-01,2234.395,11.3487997055054,3.5303,1.1478,669.97534038,-0.09952513,,22.01044
2013-04-02,2227.74,11.3240003585815,3.5106,1.3296,775.96667316,-0.29784349,,
2013-04-03,2225.295,11.3212003707886,3.5005,1.2112,688.01356871,-0.10975248,,
2013-04-08,2211.592,11.2517004013062,3.4905,1.2771,736.66169988,-0.61578353,,
2013-04-09,2225.775,11.3185997009277,3.4705,1.2281,731.35035445,0.64130274,3.8158,3.815846
2013-04-10,2226.126,11.3111000061035,3.4624,1.194,710.90219578,0.01576979,,
2013-04-11,2219.553,11.2850999832153,3.4705,1.0911,621.32700158,-0.29526631,4.2504,4.250383
2013-04-12,2206.78,11.2079000473022,3.4655,0.9897,561.96878022,-0.57547623,9.8518,44.454115
2013-04-15,2181.942,11.0975999832153,3.4405,1.0569,581.62177672,-1.12553132,,
2013-04-16,2194.846,11.1478004455566,3.4005,1.1832,669.55845024,0.59139977,,
2013-04-17,2193.796,11.1252002716064,3.4131,1.0118,599.86556162,-0.04783935,,
2013-04-18,2197.602,11.1274003982544,3.4431,1.0599,618.88122713,0.17348924,9.370364,51.237278
2013-04-19,2244.643,11.3654003143311,3.4503,1.62,953.83012019,2.14056048,42.704377,42.704377
2013-04-22,2242.169,11.3427000045776,3.4867,1.4071,822.44998209,-0.11021797,,
2013-04-23,2184.538,11.0651998519897,3.4629,1.4259,822.17516673,-2.57032365,2.435089,107.07332
2013-04-24,2218.318,11.2117004394531,3.4498,1.3527,789.7721175,1.54632238,6.2268,78.542386
2013-04-25,2199.307,11.108099937439,3.4314,1.4269,844.83236302,-0.85700066,12.5834,118.229747
2013-04-26,2177.912,10.9383001327515,3.4313,1.1308,652.51506871,-0.97280643,2.7295,2.729525
2013-05-02,2174.123,10.7700996398926,3.4119,1.0069,598.77609929,-0.17397397,,63.403898
2013-05-03,2205.497,10.9271001815796,3.4212,1.3067,783.15703425,1.44306463,8.4641,53.2296
2013-05-06,2231.166,11.0431003570557,3.4354,1.3607,816.25607393,1.16386465,,
2013-05-07,2235.575,11.058500289917,3.4261,1.276,790.40924815,0.19760968,14.3172,16.823521
2013-05-08,2246.3,11.1168003082275,3.4345,1.3344,813.90848352,0.47974235,,12.985916
2013-05-09,2232.971,11.0530004501343,3.4317,1.4554,911.65292599,-0.59337577,,74.444245
2013-05-10,2246.831,11.1191997528076,3.4212,1.3307,812.80141888,0.62069772,3.085,22.916936
2013-05-13,2241.92,11.0924997329712,3.4238,1.2716,791.91481239,-0.21857452,,
2013-05-14,2217.01,10.9547996520996,3.4248,1.2301,756.60470722,-1.1111012,4.7642,83.905962
2013-05-15,2224.797,10.9865999221802,3.4218,1.0608,666.58263971,0.35123883,17.7209,17.720942
2013-05-16,2251.806,11.1178998947144,3.4219,1.6271,1022.55271577,1.2139984,,54.415729
2013-05-17,2282.87,11.2747001647949,3.4213,1.8626,1112.48809084,1.37951493,,33.878129
2013-05-20,2299.986,11.3618001937866,3.4253,2.0537,1288.43530373,0.74975798,2.577367,2.577367
2013-05-21,2305.114,11.385199546814,3.4253,1.8319,1130.25213273,0.22295788,,63.470392
2013-05-22,2302.403,11.3731002807617,3.4153,1.893,1152.90459249,-0.11760807,3.3907,64.473347
2013-05-23,2275.667,11.2362003326416,3.413,1.8272,1110.52052962,-1.16122156,29.4618,29.4618
2013-05-24,2288.533,11.2875003814697,3.4181,1.4944,920.21526802,0.5653727,,44.543903
2013-05-27,2293.077,11.3059997558594,3.4166,1.5806,999.20157617,0.19855514,,8.229519
2013-05-28,2321.318,11.4511995315552,3.4206,1.954,1203.5250144,1.23157661,44.0039,44.003919
2013-05-29,2324.017,11.4581003189087,3.434,1.8451,1143.11551701,0.11627015,8.504,40.368161
2013-05-30,2317.749,11.4240999221802,3.434,1.6478,1035.46766846,-0.26970543,,5.286536
2013-05-31,2300.595,11.3409004211426,3.4399,1.5887,1007.03985157,-0.74011465,,
2013-06-03,2299.252,11.33899974823,3.4478,1.4244,916.48607743,-0.0583762,,
2013-06-04,2272.416,11.2193002700806,3.4603,1.4963,923.77181551,-1.16716219,,32.805684
2013-06-05,2270.931,11.2101001739502,3.4615,1.1213,711.42676053,-0.06534895,32.788,59.872977
2013-06-06,2242.11,11.0754995346069,3.4651,1.1987,752.61584761,-1.26912707,,
2013-06-07,2210.898,10.9322004318237,3.4822,1.3201,810.58352191,-1.39208157,16.7313,16.731333
2013-06-13,2148.355,10.6343002319336,3.4591,1.3806,797.14527238,-2.82885054,,
2013-06-14,2162.041,10.6975002288818,3.4689,1.1404,687.47761906,0.63704555,12.4335,123.282895
2013-06-17,2156.215,10.6633996963501,3.4785,1.1101,684.40143896,-0.2694676,,
2013-06-18,2159.291,10.6760997772217,3.4818,1.0205,635.82678086,0.14265739,,21.650478
2013-06-19,2143.454,10.5931997299194,3.5516,1.1053,670.80569348,-0.73343519,,
2013-06-20,2084.021,10.3059997558594,3.7016,1.1357,681.64538356,-2.77276769,,9.427555
2013-06-21,2073.095,10.1983995437622,3.6014,1.1629,674.4006622,-0.52427495,,
2013-06-24,1963.235,9.67809963226318,3.5999,1.5943,879.69841712,-5.29932299,,12.140573
2013-06-25,1959.508,9.67119979858398,3.5999,2.0132,1047.43632278,-0.18983973,15.3275,36.765892
2013-06-26,1951.495,9.62530040740967,3.55,1.4765,808.92689202,-0.40892918,2.3203,18.651162
2013-06-27,1950.013,9.63679981231689,3.5231,1.5434,842.60408505,-0.07594178,14.4907,60.947608
2013-06-28,1979.206,9.79399967193604,3.5125,1.47,775.13874673,1.49706694,,
2013-07-01,1995.242,9.88710021972656,3.5245,1.1389,627.11812201,0.8102239,,
2013-07-02,2006.56,9.94099998474121,3.5243,1.2594,739.80843793,0.56724949,,
2013-07-03,1994.268,9.87880039215088,3.5302,1.3609,766.82437035,-0.6125907,2.214961,2.214961
2013-07-04,2006.098,9.92590045928955,3.5102,1.4534,826.85489823,0.59320011,,
2013-07-05,2007.199,9.94690036773682,3.5127,1.3174,751.3750812,0.05488266,,
2013-07-08,1958.273,9.72109985351562,3.5177,1.217,671.87833865,-2.43752612,3.2492,3.249207
2013-07-09,1965.454,9.76029968261719,3.5202,0.9328,522.23185846,0.36670066,,
2013-07-10,2008.126,9.94939994812012,3.5802,1.2964,728.07806791,2.17110144,,
2013-07-11,2072.991,10.2631998062134,3.5902,2.3095,1310.49067827,3.230126,,34.248974
2013-07-12,2039.486,10.0998001098633,3.6001,1.7504,1029.72652426,-1.61626365,,
2013-07-15,2059.39,10.1785001754761,3.6102,1.4668,880.23339258,0.97593217,18.4928,18.4928
2013-07-16,2065.72,10.2098999023438,3.619,1.3965,828.70901045,0.30737257,,
2013-07-17,2044.922,10.1037998199463,3.669,1.4903,879.93978106,-1.00681603,6.3023,17.497029
2013-07-18,2023.396,9.99759960174561,3.6903,1.3299,766.18528707,-1.05265629,4.3928,20.581077
2013-07-19,1992.648,9.86530017852783,3.7051,1.5086,874.8151997,-1.51962344,13.0658,26.509788
2013-07-22,2004.762,9.91499996185303,3.7401,1.1957,696.49507412,0.60793477,,
2013-07-23,2043.876,10.0911998748779,3.7602,1.5792,927.11261462,1.95105454,,18.415262
2013-07-24,2033.329,10.0307998657227,3.7952,1.5391,937.00581451,-0.51602935,,76.376478
2013-07-25,2021.174,9.97480010986328,3.7102,1.4199,862.49516075,-0.59778816,,36.411322
2013-07-26,2010.85,9.92720031738281,3.7152,1.0636,655.38619606,-0.51079224,3.2313,2.900796
2013-07-29,1976.306,9.7632999420166,3.7228,1.1339,658.66980367,-1.7178805,13.9472,13.947229
2013-07-30,1990.064,9.84169960021973,3.7227,1.1125,661.57865325,0.69614726,,29.618298
2013-07-31,1993.799,9.84479999542236,3.7214,1.0107,593.94334168,0.18768241,,3.138926
2013-08-01,2029.067,10.0089998245239,3.7053,1.3136,773.95281406,1.76888443,5.4649,26.595248
2013-08-02,2029.418,10.0078001022339,3.7034,1.3454,789.06252081,0.01729859,3.3319,3.331864
2013-08-05,2050.481,10.1077003479004,3.7104,1.2298,732.77096081,1.03788377,,
2013-08-06,2060.5,10.1451997756958,3.7153,1.519,886.90559153,0.48861706,,
2013-08-07,2046.778,10.0770998001099,3.7703,1.5502,912.60307563,-0.66595487,22.3938,25.170521
2013-08-08,2044.895,10.0706996917725,3.8455,1.2115,719.54924316,-0.09199825,,32.065947
2013-08-09,2052.235,10.0972003936768,3.8407,1.3721,830.36019695,0.35894264,,9.389267
2013-08-12,2101.283,10.3347997665405,3.8513,1.9448,1164.89710186,2.38997971,,19.449106
2013-08-13,2106.156,10.3467998504639,3.9252,1.6856,964.30370026,0.23190594,17.044,20.48736
2013-08-14,2100.137,10.3187999725342,3.9516,1.6362,957.91169735,-0.2857813,,33.353885
2013-08-15,2081.88,10.2363004684448,3.9602,1.4209,847.35663149,-0.86932424,,3.860331
2013-08-16,2068.452,10.1782999038696,3.9401,2.189,1231.25127254,-0.64499395,3.372,3.37198
2013-08-19,2085.602,10.2312002182007,4.0103,1.3918,815.01386164,0.82912245,,
2013-08-20,2072.595,10.1682996749878,4.0881,1.5329,891.17930477,-0.62365686,,1.979819
2013-08-21,2072.961,10.1774997711182,4.0382,1.2473,728.60722876,0.01765902,18.5965,67.0055
2013-08-22,2067.124,10.1331996917725,4.0302,1.2959,760.1837498,-0.2815779,,6.584847
2013-08-23,2057.458,10.0317001342773,3.9916,1.6032,945.71635944,-0.4676062,31.2409,47.610512
2013-08-26,2096.474,10.2009000778198,3.9555,1.7054,991.57897686,1.89632061,2.2101,6.506472
2013-08-27,2103.567,10.2208003997803,3.9654,1.7944,1045.91620277,0.33832998,,
2013-08-28,2101.301,10.2082996368408,4.0222,2.2956,1322.39100468,-0.10772179,,6.765079
2013-08-29,2097.227,10.1169996261597,4.03,1.8959,1052.59324003,-0.19387989,5.0066,5.006602
2013-08-30,2098.382,10.0052003860474,4.0354,2.4205,1320.55680824,0.05507272,11.7108,11.426691
2013-09-02,2098.448,9.99409961700439,4.0356,2.1244,1210.84660314,0.00314528,,3.039185
2013-09-03,2123.112,10.1100997924805,4.0404,1.9811,1124.21234241,1.17534483,11.858782,11.858782
2013-09-04,2127.618,10.1273002624512,4.055,2.0248,1164.57424329,0.21223562,6.4231,6.423137
2013-09-05,2122.43,10.1194000244141,4.055,1.8023,1057.76493159,-0.24384076,,19.723982
2013-09-06,2139.993,10.197699546814,4.0455,2.0315,1191.52339949,0.8274949,,13.521871
2013-09-09,2212.516,10.5514001846313,4.055,3.126,1788.81745254,3.38893632,,23.7363
2013-09-10,2237.984,10.6531000137329,4.065,3.3774,1910.83879038,1.15108772,,22.968736
2013-09-11,2241.268,10.6834001541138,4.1341,3.4685,1954.27637455,0.14673921,44.9032,57.615026
2013-09-12,2255.605,10.7643995285034,4.1291,2.9797,1673.00577632,0.63968254,6.9047,35.455901
2013-09-13,2236.217,10.6625995635986,4.1406,2.4382,1406.00125813,-0.85954766,,12.832153
2013-09-16,2231.401,10.6392002105713,4.1201,2.2003,1335.80632777,-0.21536371,,20.804301
2013-09-17,2185.56,10.4268999099731,4.0721,2.1955,1324.60428878,-2.05435957,11.1495,117.498293
2013-09-18,2191.851,10.4514999389648,4.0502,1.6325,1013.33088776,0.28784385,6.5087,15.303089
2013-09-23,2221.044,10.5797996520996,4.0095,1.8869,1214.68259676,1.33188798,5.2117,5.211737
2013-09-24,2207.531,10.5031995773315,4.0201,2.2757,1433.3095811,-0.60840758,9.3848,74.054662
2013-09-25,2198.515,10.4637002944946,4.0202,2.2719,1437.79983393,-0.40842009,,7.254402
2013-09-26,2155.809,10.2677001953125,3.9901,1.9901,1256.80363387,-1.942493,,
2013-09-27,2160.027,10.2896995544434,4.0002,1.494,978.11678182,0.19565741,11.3205,11.32046
2013-09-30,2174.665,10.3531999588013,3.9954,1.3159,889.82759154,0.67767671,,
2013-10-08,2198.199,10.4556999206543,3.9903,1.7984,1149.92017832,1.08218967,,
2013-10-09,2211.769,10.5164003372192,4.0316,1.8526,1179.66138817,0.61732355,,
2013-10-10,2190.929,10.4162998199463,4.0166,2.1188,1365.75144087,-0.94223221,,
2013-10-11,2228.146,10.5984001159668,4.0265,2.2175,1422.71932986,1.69868581,,
2013-10-14,2237.773,10.6331996917725,4.0663,2.349,1516.2693677,0.43206325,,
2013-10-15,2233.412,10.5999002456665,4.0791,2.1758,1385.41635496,-0.19488125,,
2013-10-16,2193.074,10.4268999099731,4.0966,2.1888,1381.65496489,-1.80611549,,7.7405
2013-10-17,2188.542,10.4061002731323,4.0966,1.7952,1131.38850979,-0.20665057,,
2013-10-18,2193.78,10.4275999069214,4.1055,1.4695,908.14173242,0.23933742,,3.000332
2013-10-21,2229.237,10.5784997940063,4.1105,1.9355,1239.36339046,1.6162514,,68.728274
2013-10-22,2210.652,10.4928998947144,4.1305,2.1084,1349.94866709,-0.83369332,6.4054,21.099396
2013-10-23,2183.107,10.3683004379272,4.1491,2.0697,1257.89855034,-1.24601249,,
2013-10-24,2164.322,10.2720003128052,4.194,1.457,900.01867021,-0.86047088,,6.896606
2013-10-25,2132.955,10.1265001296997,4.214,1.61,996.7169906,-1.44927603,,12.294836
2013-10-28,2133.869,10.0384998321533,4.204,1.2502,778.89328547,0.04285135,,
2013-10-29,2128.864,10.0080995559692,4.2173,2.0218,1173.47750184,-0.23455048,31.3642,39.223729
2013-10-30,2160.463,10.0211000442505,4.2173,1.6923,952.33751781,1.48431276,,
2013-10-31,2141.614,9.77719974517822,4.1806,1.5271,886.38835793,-0.87245188,5.0072,12.614629
2013-11-01,2149.562,9.82260036468506,4.1556,1.2601,762.71865039,0.37112197,,
2013-11-04,2149.634,9.81789970397949,4.1731,1.0775,663.05997105,0.00334952,,
2013-11-05,2157.24,9.84589958190918,4.2106,1.2993,779.63321579,0.35382767,12.2367,58.464786
2013-11-06,2139.607,9.76710033416748,4.2206,1.4211,865.47130819,-0.81738703,12.0532,25.746063
2013-11-07,2129.4,9.73540019989014,4.2945,1.156,701.77472947,-0.47705022,,35.670275
2013-11-08,2106.127,9.63759994506836,4.3186,1.1729,703.25214666,-1.09293698,2.3738,4.890011
2013-11-11,2109.471,9.65690040588379,4.4034,0.9846,599.34058729,0.15877485,2.2709,2.270902
2013-11-12,2126.772,9.73040008544922,4.4146,1.1226,679.51266386,0.82015823,20.1153,27.366496
2013-11-13,2087.941,9.55379962921143,4.4628,1.2475,733.76066494,-1.82581866,,14.477985
2013-11-14,2100.506,9.60770034790039,4.5006,1.1832,720.89883154,0.60178904,,34.30664
2013-11-15,2135.827,9.75940036773682,4.6006,1.7771,1133.64460531,1.68154721,,
2013-11-18,2197.219,10.0385999679565,4.6619,2.2248,1432.46233995,2.87439011,,
2013-11-19,2193.125,10.0155000686646,4.6722,1.7671,1159.41880393,-0.18632644,,45.704331
2013-11-20,2206.613,10.0768003463745,4.7222,1.6794,1048.20413196,0.61501282,,6.25549
2013-11-21,2205.766,10.0769996643066,4.7009,1.9374,1200.05002487,-0.03838462,,46.552001
2013-11-22,2196.378,10.0453996658325,4.6509,1.6087,1024.5020095,-0.42561178,,5.609462
2013-11-25,2186.115,9.99180030822754,4.6159,1.528,967.47311934,-0.4672693,15.2115,15.211452
2013-11-26,2183.073,9.97220039367676,4.6059,1.4176,845.36640855,-0.13915096,,13.837335
2013-11-27,2201.07,10.0502996444702,4.5511,1.6301,1021.63491519,0.82438837,,6.420186
2013-11-28,2219.372,10.1337003707886,4.4313,1.8979,1196.45440104,0.83150468,15.0015,44.900002
2013-11-29,2220.504,10.1338996887207,4.3612,1.5107,978.34025505,0.05100542,,8.034612
2013-12-02,2207.371,10.1127996444702,4.4812,2.4577,1519.36160363,-0.5914423,,14.125584
2013-12-03,2222.67,10.1719999313354,4.4412,1.6017,1007.76657089,0.69308693,,17.441146
2013-12-04,2251.762,10.2938003540039,4.4262,2.2156,1354.97944375,1.30887626,5.4828,43.124201
2013-12-05,2247.063,10.2672004699707,4.4962,1.721,1058.37303362,-0.20868102,,13.633472
2013-12-06,2237.108,10.2256002426147,4.5162,1.4625,922.54759114,-0.44302274,21.5553,21.55529
2013-12-09,2238.2,10.2245998382568,4.5413,1.3135,844.32480333,0.04881302,,47.186928
2013-12-10,2237.492,10.2225999832153,4.6012,1.5312,955.56296184,-0.03163256,,20.108621
2013-12-11,2204.166,10.065899848938,4.6213,1.5433,943.89298201,-1.48943549,9.9013,46.112265
2013-12-12,2202.796,10.0565004348755,4.5913,1.2149,760.03328922,-0.06215503,2.3592,2.359234
2013-12-13,2196.075,10.0222997665405,4.5411,1.201,726.37502087,-0.30511223,16.1989,22.048573
2013-12-16,2160.861,9.86870002746582,4.5539,1.4308,864.22957339,-1.60349715,,5.45248
2013-12-17,2151.079,9.82619953155518,4.5639,1.1097,669.21600555,-0.45268992,2.137,12.137834
2013-12-18,2148.285,9.80780029296875,4.5814,0.9063,554.20595199,-0.1298883,,56.435606
2013-12-19,2127.792,9.71770000457764,4.6016,0.9922,614.96944001,-0.95392371,5.201,35.911663
2013-12-20,2084.794,9.5004997253418,4.6016,1.2205,721.98200223,-2.02078023,2.6319,2.631864
2013-12-23,2089.707,9.55640029907227,4.6017,0.9405,584.35623902,0.23565877,18.8775,24.041735
2013-12-24,2092.905,9.5689001083374,4.5566,0.9736,616.97067271,0.15303581,,30.008174
2013-12-25,2106.354,9.63099956512451,4.5666,0.9058,581.36846617,0.64259964,2.719,2.718985
2013-12-26,2073.099,9.48040008544922,4.5579,1.0979,667.67122191,-1.57879445,5.1257,5.12573
2013-12-27,2101.251,9.60760021209717,4.5437,1.0729,663.9444469,1.35796699,,
2013-12-30,2097.529,9.58370018005371,4.5437,1.0329,630.38943336,-0.17713257,14.8855,41.698923
2013-12-31,2115.978,9.67660045623779,4.5518,1.126,714.56281495,0.87955876,10.567,10.567056
2014-01-02,2109.387,9.64050006866455,4.6018,0.9596,619.21354651,-0.31148717,4.6416,4.641647
2014-01-03,2083.136,9.535400390625,4.6415,1.1892,723.72229162,-1.24448477,,
2014-01-06,2045.709,9.36979961395264,4.6569,1.2576,728.95394974,-1.79666618,,
2014-01-07,2047.317,9.36670017242432,4.642,0.89,546.38641623,0.07860356,2.4162,2.4162
2014-01-08,2044.34,9.35000038146973,4.5919,1.0067,629.41429756,-0.14540982,,
2014-01-09,2027.622,9.26700019836426,4.5969,1.0668,676.05664108,-0.81777004,,
2014-01-10,2013.298,9.20580005645752,4.6016,1.0613,610.445532,-0.70644331,,2.064487
2014-01-13,2009.564,9.2003002166748,4.597,0.934,556.16750648,-0.18546683,,
2014-01-14,2026.842,9.269700050354,4.602,0.9881,566.87625248,0.85978849,,
2014-01-15,2023.348,9.24699974060059,4.5523,0.9468,577.40358255,-0.1723864,,
2014-01-16,2023.701,9.25010013580322,4.5871,1.021,628.29760799,0.01744633,,
2014-01-17,2004.949,9.17339992523193,4.5969,0.9371,570.39564098,-0.9266191,,4.312794
2014-01-20,1991.253,9.109299659729,4.5923,0.7867,482.98781024,-0.68310965,,118.704574
2014-01-21,2008.313,9.18280029296875,4.5423,0.8362,520.17917403,0.85674698,,10.784885
2014-01-22,2051.749,9.36909961700439,4.5023,1.3763,841.26659381,2.16281028,,5.721912
2014-01-23,2042.18,9.3257999420166,4.4825,1.1735,760.83326567,-0.46638258,15.8611,15.861081
2014-01-24,2054.392,9.37339973449707,4.5123,1.284,823.46176543,0.59798842,,18.87074
2014-01-27,2033.3,9.28339958190918,4.4802,1.2291,819.14219452,-1.02667845,3.0817,157.792189
2014-01-28,2038.513,9.31779956817627,4.5027,0.9942,657.51604445,0.25638125,22.3286,37.141584
2014-01-29,2049.914,9.37069988250732,4.5102,0.9876,676.94123639,0.55928022,,
2014-01-30,2033.083,9.29669952392578,4.5019,0.8528,582.64498308,-0.82105883,,
2014-02-07,2044.497,9.34200000762939,4.4781,1.0103,678.29921866,0.56141338,8.7909,8.79091
2014-02-10,2086.067,9.51529979705811,4.4831,1.7076,1127.22921002,2.03326295,11.9254,11.92544
2014-02-11,2103.671,9.60330009460449,4.4881,1.9542,1252.66774385,0.84388469,3.7806,3.780606
2014-02-12,2109.955,9.63360023498535,4.4783,1.7295,1108.04071445,0.29871591,,
2014-02-13,2098.401,9.59259986877441,4.4783,2.0222,1243.77063737,-0.54759462,,
2014-02-14,2115.848,9.6633996963501,4.4781,1.5385,973.99672623,0.83144261,,3.000562
2014-02-17,2135.415,9.73639965057373,4.5135,1.9259,1262.13748935,0.92478288,3.52,5.536921
2014-02-18,2119.066,9.63329982757568,4.5385,1.9812,1297.86966518,-0.7656123,,
2014-02-19,2142.554,9.75039958953857,4.5535,2.1015,1278.18451163,1.10841286,,
2014-02-20,2138.782,9.73499965667725,4.5336,2.1814,1309.38438484,-0.17605157,,
2014-02-21,2113.693,9.62370014190674,4.5234,1.6341,995.14289373,-1.17305083,,
2014-02-24,2076.686,9.45390033721924,4.4836,1.7158,1072.02449712,-1.7508219,,
2014-02-25,2034.219,9.29689979553223,4.4336,1.9457,1278.23834204,-2.04494083,10.2987,10.298736
2014-02-26,2041.254,9.32950019836426,4.4496,1.5281,961.17707808,0.34583297,21.4306,25.133212
2014-02-27,2047.354,9.36820030212402,4.3896,1.8358,1128.75752328,0.29883591,,41.877742
2014-02-28,2056.302,9.3971004486084,4.4276,1.5503,956.84072094,0.43705192,25.673,25.673018
2014-03-03,2075.235,9.43330001831055,4.4576,1.77,1049.80599523,0.92073052,,
2014-03-04,2071.473,9.41950035095215,4.5026,1.6109,1011.1631134,-0.18128067,25.2922,25.292215
2014-03-05,2053.084,9.33590030670166,4.5176,1.497,916.23332621,-0.88772579,9.537,11.156214
2014-03-06,2059.578,9.35760021209717,4.5145,1.5171,925.61446561,0.31630464,,
2014-03-07,2057.908,9.3499002456665,4.5142,1.4413,893.3213392,-0.08108457,8.4109,8.410949
2014-03-10,1999.065,9.09770011901855,4.5043,1.6053,950.32992605,-2.85936009,,7.60152
2014-03-11,2001.157,9.11839962005615,4.5125,1.2876,768.70326506,0.10464892,7.4126,17.414849
2014-03-12,1997.692,9.11069965362549,4.5024,1.4083,792.93072715,-0.17314983,26.5887,26.588665
2014-03-13,2019.111,9.20450019836426,4.5024,1.4037,779.79057254,1.0721873,23.0555,54.916879
2014-03-14,2004.339,9.12919998168945,4.4924,1.2201,699.25888157,-0.73160911,29.6817,29.681704
2014-03-17,2023.673,9.21870040893555,4.482,1.1985,720.17781997,0.96460728,,2.024589
2014-03-18,2025.196,9.21739959716797,4.5095,1.3443,835.80456683,0.07525919,13.2991,13.299116
2014-03-19,2021.734,9.2185001373291,4.5095,1.322,794.73241174,-0.17094642,37.2649,54.046909
2014-03-20,1993.479,9.10499954223633,4.5195,1.5319,886.30977588,-1.39756269,14.9342,21.59353
2014-03-21,2047.619,9.32229995727539,4.5044,2.0064,1094.38064673,2.71585505,9.2534,17.987857
2014-03-24,2066.279,9.42910003662109,4.5148,2.0512,1102.44496617,0.91130235,,3.163468
2014-03-25,2067.311,9.42560005187988,4.5192,1.8329,1001.73660038,0.04994485,5.1033,65.629163
2014-03-26,2063.67,9.430100440979,4.4992,1.4282,804.63446277,-0.17612251,,
2014-03-27,2046.588,9.35159969329834,4.5109,1.6579,949.96460806,-0.82774862,,
2014-03-28,2041.712,9.29409980773926,4.5104,1.6913,942.21958284,-0.2382502,,
2014-03-31,2033.306,9.17010021209717,4.5004,1.3139,715.7368875,-0.41171331,23.4418,23.441832
2014-04-01,2047.46,9.25010013580322,4.4954,1.1584,645.12636953,0.69610772,9.9458,9.945764
2014-04-02,2058.988,9.30389976501465,4.4904,1.4281,779.40636053,0.56303908,,8.122037
2014-04-03,2043.702,9.23200035095215,4.4904,1.5104,794.80900734,-0.74240355,,
2014-04-04,2058.831,9.30049991607666,4.4904,1.1539,663.68648237,0.74027427,9.8173,62.319938
2014-04-08,2098.284,9.47599983215332,4.4499,1.851,1079.66361324,1.91628162,,
2014-04-09,2105.237,9.50030040740967,4.4771,1.461,873.66776078,0.33136601,,
2014-04-10,2134.3,9.64550018310547,4.4571,2.1749,1298.42345861,1.38050965,4.3392,4.339201
2014-04-11,2130.542,9.62320041656494,4.4521,1.8272,1116.3680984,-0.17607647,,
2014-04-14,2131.539,9.62220001220703,4.4248,1.4149,865.91714588,0.0467956,4.3351,4.335075
2014-04-15,2101.601,9.46909999847412,4.4001,1.4865,911.35360828,-1.40452509,,
2014-04-16,2105.122,9.48859977722168,4.3601,1.2349,750.9947774,0.16753894,2.1113,2.111297
2014-04-17,2098.885,9.44999980926514,4.2749,1.2424,742.57033528,-0.29627737,,3.828386
2014-04-18,2097.748,9.43939971923828,4.2997,1.2185,725.55982418,-0.05417162,,
2014-04-21,2065.826,9.2996997833252,4.2997,1.3317,816.54552342,-1.52172711,2.0099,2.009912
2014-04-22,2072.831,9.33160018920898,4.2997,1.3635,824.68105678,0.33908955,,
2014-04-23,2067.382,9.29829978942871,4.3297,1.0848,661.56169573,-0.2628772,25.5536,29.829301
2014-04-24,2057.033,9.24899959564209,4.3394,1.0793,644.0753237,-0.5005848,,
2014-04-25,2036.519,9.14500045776367,4.3294,1.2842,741.55877478,-0.99726159,,61.292427
2014-04-28,2003.487,8.98649978637695,4.3301,1.2398,685.41492566,-1.62198339,,
2014-04-29,2020.341,9.01360034942627,4.3202,1.0124,567.7648098,0.84123331,3.617,8.830725
2014-04-30,2026.358,8.97669982910156,4.3002,1.0054,576.77357948,0.29782101,4.8785,24.315013
2014-05-05,2027.353,8.9778995513916,4.3002,1.0901,600.93487736,0.04910287,8.0755,8.075529
2014-05-06,2028.038,8.97760009765625,4.2803,1.0216,575.4811085,0.0337879,5.0374,15.185892
2014-05-07,2010.083,8.90470027923584,4.2803,1.02,575.58051925,-0.88533844,3.4164,14.354923
2014-05-08,2015.274,8.92899990081787,4.2303,1.0648,595.29365546,0.25824804,,
2014-05-09,2011.135,8.91460037231445,4.1205,1.046,575.05383717,-0.2053815,3.9162,6.596803
2014-05-12,2052.871,9.09249973297119,4.1205,1.5939,880.97002894,2.07524607,43.3857,45.387355
2014-05-13,2050.728,9.08199977874756,4.1505,1.3401,737.41718051,-0.10439039,,
2014-05-14,2047.91,9.07229995727539,4.1704,0.9925,564.55292293,-0.13741462,11.9448,15.694464
2014-05-15,2024.974,8.98400020599365,4.1915,1.0442,597.73445331,-1.11997109,,
2014-05-16,2026.504,8.99090003967285,4.1919,0.9141,516.25885302,0.07555653,19.5389,35.909751
2014-05-19,2005.183,8.90180015563965,4.1708,0.8991,529.75245931,-1.05210747,3.113,3.11299
2014-05-20,2008.119,8.91479969024658,4.177,0.8445,495.49015106,0.14642055,7.164,16.268813
2014-05-21,2024.951,8.98789978027344,4.177,0.8499,484.15094175,0.83819734,14.7605,14.862734
2014-05-22,2021.285,8.97509956359863,4.177,1.0274,595.01663401,-0.18104142,5.4185,10.818498
2014-05-23,2034.569,9.03489971160889,4.1574,0.8694,514.64939986,0.65720569,,18.1948
2014-05-26,2041.476,9.04300022125244,4.1674,0.9582,598.40433362,0.33948222,8.6349,13.527269
2014-05-27,2034.565,9.01500034332275,4.1574,0.9215,559.20518535,-0.33852957,6.1817,6.181686
2014-05-28,2050.228,9.08530044555664,4.1457,1.1121,686.02224952,0.76984515,,27.329883
2014-05-29,2040.595,9.05389976501465,4.1159,1.1037,694.72513686,-0.46985018,10.7298,12.718175
2014-05-30,2039.212,9.04399967193604,4.0714,1.0218,623.53642382,-0.06777435,5.9298,38.468948
2014-06-03,2038.305,9.04619979858398,4.0214,0.9702,592.96437014,-0.04447797,8.3816,43.310761
2014-06-04,2024.834,8.98900032043457,4.0114,0.978,574.6754643,-0.66089226,,
2014-06-05,2040.878,9.06130027770996,4.0314,0.9335,563.76142155,0.79236125,56.6385,93.420708
2014-06-06,2029.956,9.01189994812012,4.0614,0.9071,551.24242502,-0.53516183,2.869,2.868974
2014-06-09,2030.502,9.02159976959229,4.0714,0.8902,551.39842258,0.02689713,11.9419,11.941909
2014-06-10,2052.532,9.12110042572021,4.0614,1.0934,654.06104835,1.08495338,24.389,35.7323
2014-06-11,2054.948,9.12930011749268,4.0614,1.0221,631.77390287,0.11770827,,5.609481
2014-06-12,2051.713,9.11489963531494,4.064,1.1213,693.06421819,-0.15742491,,5.006485
2014-06-13,2070.715,9.19979953765869,4.084,1.3339,825.46974059,0.92615293,15.7847,15.784733
2014-06-16,2085.983,9.26959991455078,4.064,1.3172,799.53076117,0.73732986,,
2014-06-17,2066.698,9.18319988250732,4.054,1.202,709.23265343,-0.92450418,2.3472,21.178885
2014-06-18,2055.519,9.13510036468506,4.054,1.1936,704.72931939,-0.54091115,,35.229573
2014-06-19,2023.735,9.0024995803833,4.0408,1.2714,746.28946056,-1.54627615,,
2014-06-20,2026.674,9.01220035552979,4.0515,0.9185,532.24269342,0.14522652,6.2989,6.298916
2014-06-23,2024.365,8.99730014801025,4.0515,0.9627,577.72730103,-0.11393051,,6.163195
2014-06-24,2033.931,9.03750038146973,4.0515,0.9723,616.84910986,0.47254324,8.2686,11.318775
2014-06-25,2025.502,8.99989986419678,4.0557,0.9218,559.89137975,-0.41441917,,4.139872
2014-06-26,2038.677,9.05480003356934,4.0472,1.0982,665.34274736,0.65045604,5.5616,53.184382
2014-06-27,2036.51,9.03439998626709,4.0485,1.3234,767.10586646,-0.10629443,,8.831614
2014-06-30,2048.327,9.08619976043701,4.0612,1.3115,800.1116957,0.5802574,,
2014-07-01,2050.381,9.09160041809082,4.0812,1.335,834.99762384,0.10027696,,
2014-07-02,2059.418,9.14039993286133,4.1212,1.4871,893.04983545,0.44074735,,
2014-07-03,2063.229,9.1628999710083,4.1503,1.6691,961.82469062,0.18505228,28.1143,28.1143
2014-07-04,2059.375,9.15299987792969,4.1747,1.4251,835.96436667,-0.18679458,,
2014-07-07,2059.927,9.15830039978027,4.1212,1.3099,814.71314663,0.02680425,,
2014-07-08,2064.021,9.17850017547607,4.1162,1.2781,815.84449261,0.19874491,,
2014-07-09,2038.612,9.06960010528564,4.1276,1.5285,971.8349231,-1.23104368,,
2014-07-10,2038.342,9.02700042724609,4.1298,1.3206,847.48630822,-0.01324431,,
2014-07-11,2046.961,9.05830001831055,4.1198,1.4189,862.53717656,0.42284366,,
2014-07-14,2066.646,9.1387996673584,4.1298,1.555,963.57013657,0.96166952,,
2014-07-15,2070.357,9.16279983520508,4.1571,1.6795,1028.9391447,0.17956631,,
2014-07-16,2067.276,9.15380001068115,4.2171,1.8513,1020.29806233,-0.14881491,,
2014-07-17,2055.591,9.10970020294189,4.267,1.409,791.06281032,-0.56523657,,2.516579
2014-07-18,2059.067,9.11890029907227,4.3019,1.4367,825.10264416,0.16909979,14.9065,14.906453
2014-07-21,2054.479,9.09860038757324,4.3017,1.2647,757.06180211,-0.22281936,,
2014-07-22,2075.481,9.18290042877197,4.2717,1.6595,987.02436643,1.0222543,,
2014-07-23,2078.489,9.20310020446777,4.2967,1.8479,1067.02129235,0.14493026,,
2014-07-24,2105.062,9.32759952545166,4.2967,2.2309,1286.77982604,1.27847682,16.7026,34.006515
2014-07-25,2126.614,9.42450046539307,4.2711,1.9175,1114.11572985,1.02381783,,15.025598
2014-07-28,2177.948,9.66499996185303,4.2713,3.1752,1804.14429611,2.41388423,,4.744316
2014-07-29,2183.192,9.68560028076172,4.2805,2.6913,1592.82497674,0.2407771,,
2014-07-30,2181.243,9.67080020904541,4.2905,2.4852,1495.66550479,-0.08927295,28.009839,28.009839
2014-07-31,2201.562,9.75539970397949,4.2655,2.2113,1324.38451526,0.93153308,10.7538,24.44551
2014-08-01,2185.303,9.6879997253418,4.2569,2.5738,1518.84026694,-0.7385211,,3.976638
2014-08-04,2223.331,9.8503999710083,4.253,2.3387,1400.88823113,1.74017059,,
2014-08-05,2219.945,9.83189964294434,4.2576,2.3553,1414.74534802,-0.15229401,,9.109261
2014-08-06,2217.465,9.81330013275146,4.2463,2.3856,1403.62855726,-0.11171448,6.1605,71.689757
2014-08-07,2187.669,9.6806001663208,4.2563,2.3511,1373.06468554,-1.34369652,,
2014-08-08,2194.425,9.70359992980957,4.2712,1.814,1097.2899206,0.30882186,,
2014-08-11,2224.654,9.8326997756958,4.2815,2.0182,1260.96838922,1.37753626,,5.106581
2014-08-12,2221.595,9.81750011444092,4.2815,2.07,1323.93972973,-0.13750453,15.1856,36.950816
2014-08-13,2222.877,9.82610034942627,4.255,2.3707,1464.90786502,0.05770629,13.9046,29.741616
2014-08-14,2206.466,9.74219989776611,4.21,2.2681,1417.06657539,-0.73827747,,
2014-08-15,2226.734,9.82069969177246,4.2002,2.0018,1294.06906433,0.91857296,,
2014-08-18,2239.466,9.8745002746582,4.2153,2.1877,1414.92842935,0.57177912,4.0688,4.068763
2014-08-19,2245.33,9.88889980316162,4.2422,2.3764,1554.45477469,0.26184814,,10.829845
2014-08-20,2240.211,9.84319972991943,4.2523,2.239,1396.28054173,-0.22798431,14.1446,14.144544
2014-08-21,2230.458,9.79640007019043,4.2512,2.214,1408.79627721,-0.43536078,,2.015277
2014-08-22,2240.812,9.84290027618408,4.256,2.1449,1403.53020934,0.46420959,,
2014-08-25,2229.274,9.76840019226074,4.2524,2.1732,1344.5023451,-0.51490263,,10.830531
2014-08-26,2207.106,9.67930030822754,4.2462,2.19,1341.23068194,-0.99440446,16.6036,16.603606
2014-08-27,2209.465,9.652099609375,4.231,1.6185,1040.90409512,0.10688204,,33.982111
2014-08-28,2195.818,9.54310035705566,4.2254,1.6632,1092.66624772,-0.61766084,,2.014417
2014-08-29,2217.2,9.6003999710083,4.2361,1.4034,930.4387285,0.97376012,,29.161768
2014-09-01,2235.511,9.61719989776611,4.2405,1.7225,1172.15899895,0.82586145,,2.013276
2014-09-02,2266.046,9.74810028076172,4.249,2.5597,1709.31776839,1.36590694,4.099,25.093729
2014-09-03,2288.627,9.8459997177124,4.264,2.8264,1875.58381475,0.99649345,15.9643,18.710965
2014-09-04,2306.862,9.92319965362549,4.2814,2.6494,1793.85894224,0.79676592,2.6686,24.269227
2014-09-05,2326.432,10.007399559021,4.2928,2.8299,1858.39820854,0.84833857,,2.263401
2014-09-09,2326.527,10.0048999786377,4.2868,2.6218,1729.08499146,0.00408351,,
2014-09-10,2318.305,9.96249961853027,4.2934,2.526,1634.54522872,-0.3534023,43.7759,49.593747
2014-09-11,2311.679,9.93439960479736,4.2937,2.9558,1972.32656997,-0.28581226,12.3337,14.458056
2014-09-12,2331.95,10.016900062561,4.2793,2.5695,1621.02898337,0.87689511,2.586,8.909838
2014-09-15,2339.14,10.0921001434326,4.2597,2.8538,1853.93630086,0.30832565,6.372,9.511773
2014-09-16,2296.555,9.92910003662109,4.2634,4.0229,2376.59243986,-1.82054088,27.9446,33.028972
2014-09-17,2307.893,9.97369956970215,4.2008,2.8022,1591.21789572,0.49369599,12.2484,89.853651
2014-09-18,2315.928,10.0066995620728,4.1438,2.5133,1445.18521039,0.34815306,6.303,3.618089
2014-09-19,2329.451,10.0601997375488,4.031,2.3216,1443.45453358,0.5839128,25.4806,25.480653
2014-09-22,2289.866,9.88949966430664,4.011,2.3291,1478.41746377,-1.69932744,,2.83924
2014-09-23,2309.718,9.97119998931885,3.9911,2.0792,1353.96857174,0.86695029,25.6906,33.162906
2014-09-24,2343.575,10.1236000061035,4.0425,2.9509,1856.90667976,1.46584994,,6.892961
2014-09-25,2345.103,10.128399848938,4.0025,2.9934,1892.60377942,0.06519953,,2.039899
2014-09-26,2347.718,10.1396999359131,4.0092,2.3187,1482.20808326,0.11150896,8.6145,23.998367
2014-09-29,2357.711,10.1738996505737,3.9925,2.6523,1711.30878152,0.42564737,108.2516,110.341671
2014-09-30,2363.87,10.2042999267578,3.9824,2.5541,1669.33430197,0.26122795,22.0165,22.016515
2014-10-08,2382.794,10.2803001403809,3.993,2.6946,1803.37576241,0.80055164,,
2014-10-09,2389.371,10.3078002929688,4.0014,3.1076,2002.71758742,0.2760205,,
2014-10-10,2374.54,10.2430000305176,4.0131,2.9549,1922.48234095,-0.62070729,,
2014-10-13,2366.009,10.2025003433228,3.9953,2.6363,1754.25070607,-0.35926958,,
2014-10-14,2359.475,10.1787996292114,3.9015,2.5856,1701.60085096,-0.27616125,49.1883,49.188348
2014-10-15,2373.67,10.2377004623413,3.8215,2.6641,1717.66747014,0.60161689,,12.000268
2014-10-16,2356.499,10.1751003265381,3.8116,3.2606,2038.05884862,-0.72339457,,
2014-10-17,2341.184,10.1138000488281,3.811,2.7645,1794.33162591,-0.6499048,,2.268619
2014-10-20,2356.728,10.181300163269,3.7441,2.0888,1418.20259831,0.66393756,,60.531927
2014-10-21,2339.657,10.1173000335693,3.7323,2.2084,1467.86313155,-0.72435173,,223.008525
2014-10-22,2326.553,10.0650997161865,3.7929,1.9995,1385.24537529,-0.5600821,21.343,31.057524
2014-10-23,2302.418,9.96570014953613,3.8108,2.1298,1405.96503776,-1.0373716,9.4991,9.499135
2014-10-24,2302.28,9.95600032806396,3.8013,1.7288,1143.30696149,-0.0059937,,32.201565
2014-10-27,2290.437,9.90480041503906,3.7756,1.7041,1133.79981592,-0.51440311,,
2014-10-28,2337.871,10.0874996185303,3.7424,2.3378,1581.47958704,2.07095851,,37.594791
2014-10-29,2373.03,10.1900997161865,3.7176,3.4783,2250.67075637,1.50388965,,
2014-10-30,2391.076,10.2299003601074,3.7688,3.8591,2266.11178101,0.76046236,35.7923,37.497885
2014-10-31,2420.178,10.2938003540039,3.7559,4.2683,2499.15443128,1.21710895,15.3735,15.373518
2014-11-03,2430.032,10.3242998123169,3.7007,3.9119,2271.96589983,0.40716013,,
2014-11-04,2430.677,10.3332004547119,3.6412,4.0468,2265.03880876,0.02654286,7.3526,19.910645
2014-11-05,2419.254,10.2825002670288,3.6117,3.4505,2018.59409074,-0.46995138,43.5349,43.5349
2014-11-06,2425.864,10.3077001571655,3.6223,2.9054,1796.44372908,0.27322472,28.7062,28.706222
2014-11-07,2418.171,10.2819995880127,3.5631,3.8118,2441.57568362,-0.31712413,,
2014-11-10,2473.673,10.5186996459961,3.5132,3.9336,2452.33684265,2.29520576,,
2014-11-11,2469.673,10.5450000762939,3.4981,5.3878,3312.57388545,-0.16170286,,
2014-11-12,2494.476,10.6326999664307,3.556,3.306,2157.38617221,1.004303,,
2014-11-13,2485.606,10.6015996932983,3.5924,3.8586,2583.11915771,-0.3555857,31.0712,111.834404
2014-11-14,2478.824,10.4118003845215,3.6466,2.9196,1919.24993741,-0.27285097,10.4062,13.839087
2014-11-17,2474.009,10.3695001602173,3.6609,2.8468,1992.64903886,-0.19424534,,
2014-11-18,2456.366,10.456600189209,3.607,2.6184,1746.59491329,-0.71313403,40.5619,50.889511
2014-11-19,2450.986,10.43869972229,3.6154,2.4325,1670.6937056,-0.21902274,10.2819,10.281829
2014-11-20,2452.66,10.4476003646851,3.6521,2.161,1507.99911527,0.06829904,7.1462,18.58816
2014-11-21,2486.791,10.5963001251221,3.6514,2.7695,1978.09793269,1.39159117,,
2014-11-24,2532.879,10.7882995605469,3.4767,4.7435,3302.91406342,1.85331216,,10.693108
2014-11-25,2567.597,10.9314002990723,3.5216,4.0868,2821.68802821,1.37069319,10.7745,46.487568
2014-11-26,2604.345,11.1036996841431,3.5228,4.396,3165.2125672,1.43122149,18.4489,18.448935
2014-11-27,2630.486,11.2214002609253,3.5243,4.7468,3389.60830485,1.00374566,9.6993,9.699297
2014-11-28,2682.835,11.4968996047974,3.5249,6.0756,4019.51167919,1.99008852,7.2024,11.22402
2014-12-01,2680.155,11.5040998458862,3.5145,5.8235,4011.20189405,-0.09989433,46.5881,46.588096
2014-12-02,2763.545,11.8971004486084,3.5553,5.7041,3972.38914606,3.11138721,4.2158,44.045312
2014-12-03,2779.525,11.9315996170044,3.6238,7.3188,5297.77452652,0.5782428,20.3258,20.325828
2014-12-04,2899.456,12.4694995880127,3.6633,6.9337,5092.18572463,4.31480199,,2.004084
2014-12-05,2937.647,12.7075004577637,3.7759,8.3359,6391.91009221,1.31717812,,38.563874
2014-12-08,3020.258,13.0918998718262,3.7918,7.6464,5934.78048925,2.81214863,54.2798,68.436159
2014-12-09,2856.269,12.3410997390747,3.7532,10.0435,7933.61276853,-5.42963548,8.1942,8.194231
2014-12-10,2940.006,12.6861000061035,3.7111,6.662,5349.89954982,2.93169166,57.8252,61.445027
2014-12-11,2925.743,12.595100402832,3.7282,6.2646,4798.01444631,-0.48513506,3.5774,81.580508
2014-12-12,2938.173,12.6434001922607,3.7513,5.3147,4204.10249999,0.42484935,29.8642,29.864209
2014-12-15,2953.421,12.6814002990723,3.7815,5.1787,4114.87142093,0.51896195,,20.484203
2014-12-16,3021.518,13.0221004486084,3.7522,5.8804,4927.16183751,2.30569905,6.4052,11.059689
2014-12-17,3061.02,13.2448997497559,3.7377,7.0102,5803.38604916,1.3073561,80.4928,118.704194
2014-12-18,3057.521,13.2143001556396,3.7614,5.6323,4665.24526293,-0.1143083,,2.503709
2014-12-19,3108.596,13.4729995727539,3.7106,6.7282,5155.80288301,1.67047095,18.3756,174.119128
2014-12-22,3127.445,13.6511001586914,3.703,8.754,6244.81484209,0.60635091,,
2014-12-23,3032.612,13.2293996810913,3.6604,5.6325,4194.67701001,-3.03228354,40.9689,55.15124
2014-12-24,2972.532,12.9169998168945,3.5975,4.8416,3787.26756676,-1.98113046,6.5957,13.748123
2014-12-25,3072.536,13.3940000534058,3.6305,4.8468,3790.17700926,3.36426992,9.7527,9.75266
2014-12-26,3157.603,13.7810001373291,3.6339,5.9218,4889.15101899,2.76862501,13.6168,43.616848
2014-12-29,3168.016,13.8400001525879,3.6213,6.5402,5559.04355449,0.32977547,,
2014-12-30,3165.815,13.8733997344971,3.6213,5.1012,4372.63253561,-0.06947566,15.6859,15.685943
2014-12-31,3234.677,14.1950998306274,3.6219,5.2041,4323.19844015,2.17517448,,
2015-01-05,3350.519,14.7349996566772,3.6251,6.8079,5497.60106398,3.58125402,,
2015-01-06,3351.446,14.743800163269,3.6353,6.3453,5323.98463844,0.02766736,,
2015-01-07,3373.954,14.8190002441406,3.6408,4.936,4364.16698934,0.67159071,,
2015-01-08,3293.456,14.4391002655029,3.6415,4.6765,3992.30297448,-2.38586537,3.5483,3.548281
2015-01-09,3285.412,14.4263000488281,3.6348,5.1711,4586.48012598,-0.24424191,,
2015-01-12,3229.316,14.1830997467041,3.6371,4.0531,3662.73059514,-1.70742665,,
2015-01-13,3235.301,14.2031002044678,3.5836,2.9032,2735.88773806,0.18533336,17.076,22.689206
2015-01-14,3222.437,14.1735000610352,3.5411,3.0242,2672.04528501,-0.3976137,3.0394,46.380593
2015-01-15,3336.455,14.7042999267578,3.5464,3.5559,3306.10537916,3.53825381,,
2015-01-16,3376.495,14.8745002746582,3.5017,4.2812,3922.53901947,1.20007613,6.6483,9.587202
2015-01-19,3116.351,13.6838998794556,3.475,5.043,4098.85991967,-7.70455754,5.3048,7.898671
2015-01-20,3173.052,13.8944997787476,3.4711,4.4921,4162.95210514,1.8194677,0.2023,21.364547
2015-01-21,3323.611,14.5932998657227,3.4672,5.1698,4737.58667167,4.74492697,24.4241,24.424096
2015-01-22,3343.344,14.6578998565674,3.4521,4.4435,4078.74066619,0.59372171,34.0563,62.879591
2015-01-23,3351.764,14.6911001205444,3.452,4.5959,4209.79534063,0.25184366,50.8037,50.803778
2015-01-26,3383.182,14.8014001846313,3.4341,3.9822,3584.27470856,0.93735716,70.0963,70.096293
2015-01-27,3352.96,14.6487998962402,3.4309,4.7009,4182.98870196,-0.89330104,54.1507,69.852468
2015-01-28,3305.738,14.4090995788574,3.4767,3.7819,3415.64300104,-1.40836753,,8.107871
2015-01-29,3262.305,14.210000038147,3.4966,3.4384,2964.24499722,-1.31386698,56.5136,56.513592
2015-01-30,3210.363,13.986499786377,3.5019,3.2314,2842.65652114,-1.59218712,28.6779,46.47347
2015-02-02,3128.3,13.6190996170044,3.4729,3.1295,2668.49961763,-2.55619069,44.77,44.769948
2015-02-03,3204.907,13.9693002700806,3.4533,3.1037,2833.55954757,2.44883803,31.7899,59.069046
2015-02-04,3174.126,13.8308000564575,3.4589,3.1072,2901.55154574,-0.96043349,53.5096,53.509575
2015-02-05,3136.531,13.6687002182007,3.4018,3.8129,3482.66954936,-1.18442053,19.3336,21.352246
2015-02-06,3075.907,13.407600402832,3.4325,3.0569,2665.02786486,-1.93283599,59.0961,59.096122
2015-02-09,3095.124,13.5032997131348,3.4236,2.5612,2407.19679061,0.62475881,,
2015-02-10,3141.593,13.7168998718262,3.4299,2.4074,2250.84911951,1.5013615,35.504,48.938337
2015-02-11,3157.704,13.8177995681763,3.3955,2.1486,2108.62549367,0.512829,40.2127,40.212655
2015-02-12,3173.416,13.8858003616333,3.3865,2.4182,2296.91579784,0.49757672,76.6363,110.269886
2015-02-13,3203.827,14.0276002883911,3.3552,3.2378,2930.17678939,0.95830487,67.368,73.019179
2015-02-16,3222.363,14.1104001998901,3.3374,2.7645,2659.50695641,0.57855808,36.9029,39.088612
2015-02-17,3246.906,14.2538995742798,3.3373,2.8189,2633.4005408,0.76164603,12.5784,20.925476
2015-02-25,3228.843,14.1641998291016,3.349,2.881,2651.43351568,-0.55631423,37.4225,37.422478
2015-02-26,3298.359,14.4767999649048,3.3594,3.7201,3343.47476047,2.15296935,34.2065,34.206502
2015-02-27,3310.303,14.5235996246338,3.3745,3.6934,3350.19568776,0.36211947,,
2015-03-02,3336.285,14.6272001266479,3.3883,4.2721,4102.59559474,0.78488283,,8.093943
2015-03-03,3263.052,14.2871999740601,3.4022,4.7015,4415.93480102,-2.19504629,,
2015-03-04,3279.533,14.3429002761841,3.3869,3.6013,3467.8976932,0.50507929,,
2015-03-05,3248.476,14.1858997344971,3.4369,3.9304,3735.79996448,-0.94699459,,
2015-03-06,3241.187,14.1682996749878,3.4753,3.4655,3283.4415293,-0.22438214,,2.000042
2015-03-09,3302.408,14.4674997329712,3.4922,3.9066,3599.27522111,1.88884504,,2.3784
2015-03-10,3286.068,14.3815002441406,3.5228,3.4734,3299.55974292,-0.49479047,,
2015-03-11,3290.9,14.4170999526978,3.4466,3.4453,3275.73066473,0.14704504,,
2015-03-12,3349.323,14.7079000473022,3.4412,4.361,4071.92390375,1.77528943,92.2044,129.877301
2015-03-13,3372.911,14.8035001754761,3.4879,4.0078,3740.41421892,0.70426173,,
2015-03-16,3449.305,15.1268997192383,3.5301,4.8701,4793.55307996,2.26492783,32.5453,35.722503
2015-03-17,3502.847,15.3622999191284,3.5428,6.3575,6015.00660539,1.55225473,113.9821,112.893795
2015-03-18,3577.301,15.6926002502441,3.5519,6.6565,6173.66988734,2.12552818,62.0606,62.060556
2015-03-19,3582.271,15.6999998092651,3.5348,6.5728,6122.49692064,0.13893156,58.0127,58.012622
2015-03-20,3617.318,15.8452997207642,3.4958,6.3173,6517.71976728,0.97834586,20.0048,20.00476
2015-03-23,3687.728,16.3015003204346,3.4933,6.5679,6615.74620089,1.94646973,43.1529,45.384991
2015-03-24,3691.41,16.3022994995117,3.4841,7.8354,7548.8473476,0.09984467,226.2616,226.261615
2015-03-25,3660.727,16.0953006744385,3.5037,6.3917,6454.98915766,-0.8312,59.0545,59.05458
2015-03-26,3682.095,16.281099319458,3.544,5.9509,6195.15611668,0.58370919,92.1456,92.145504
2015-03-27,3691.096,16.5018005371094,3.5678,4.9758,5092.9846295,0.24445323,169.4459,167.723282
2015-03-30,3786.568,16.9346008300781,3.5849,6.8214,6921.25351313,2.58654882,0.0592,83.132735
2015-03-31,3747.899,16.7215003967285,3.6483,6.7974,7212.94947424,-1.02121499,119.289,191.476449
2015-04-01,3810.294,16.993200302124,3.5997,5.4244,5924.18305846,1.6647994,,
2015-04-02,3825.784,17.0510005950928,3.5438,5.8096,6320.28908257,0.40653031,,
2015-04-03,3863.929,17.201000213623,3.572,5.7317,6356.51328025,0.99705054,,2.386025
2015-04-07,3961.378,17.6986999511719,3.5987,6.9397,7464.2400204,2.52201839,138.5612,140.821105
2015-04-08,3994.811,17.8687992095947,3.6938,7.518,8391.59306737,0.84397399,137.9358,137.935783
2015-04-09,3957.534,17.6996002197266,3.704,7.1109,8167.10896323,-0.93313551,192.5507,222.435266
2015-04-10,4034.31,18.0375995635986,3.6947,5.8769,6685.0417593,1.93999597,152.281,152.281133
2015-04-13,4121.715,18.4636993408203,3.6685,7.1754,7816.67346039,2.16654149,108.1327,108.132716
2015-04-14,4135.565,18.502799987793,3.6211,7.3716,8146.45192545,0.33602517,61.6479,64.281161
2015-04-15,4084.163,18.3274002075195,3.5954,7.4273,7731.25881558,-1.24292569,207.0219,200.290467
2015-04-16,4194.823,18.843599319458,3.56,6.6786,7120.82436676,2.70949029,104.184,102.916987
2015-04-17,4287.296,19.2486991882324,3.5627,8.5065,9156.3303783,2.20445535,298.4237,289.078604
2015-04-20,4217.077,18.8791007995605,3.4554,10.3903,11476.00604263,-1.63783886,,2.637
2015-04-21,4293.623,19.193000793457,3.4055,7.6861,8624.47782633,1.81514352,232.6126,267.345403
2015-04-22,4398.494,19.6331005096436,3.4052,8.231,9768.76960434,2.44248272,169.3612,169.361159
2015-04-23,4414.508,19.6648006439209,3.4151,8.0741,9630.24929251,0.36407916,41.7797,44.286457
2015-04-24,4393.686,19.5762996673584,3.4454,7.5985,9168.72935533,-0.47167204,89.3176,89.317652
2015-04-27,4527.396,20.2367000579834,3.3952,8.1104,9752.4209376,3.04323067,5.0002,5.00023
2015-04-28,4476.215,20.2266998291016,3.3804,9.2741,10611.72124953,-1.13047323,230.9872,230.987261
2015-04-29,4476.62,20.0694999694824,3.4,6.2756,7524.0178594,0.00904782,172.7099,194.387994
2015-04-30,4441.655,19.7155990600586,3.3503,6.3579,7743.49211674,-0.78105803,259.1602,259.160104
2015-05-04,4480.464,19.888500213623,3.3804,5.9607,7175.40809442,0.87375089,75.3174,94.266328
2015-05-05,4298.706,19.0758991241455,3.4006,6.9071,8055.66079218,-4.05667806,43.4671,43.467201
2015-05-06,4229.266,18.7840995788574,3.456,5.7895,7165.36206667,-1.61536983,3.1158,133.234417
2015-05-07,4112.214,18.2779006958008,3.4401,4.7319,5402.06291394,-2.76766701,68.3656,70.210394
2015-05-08,4205.917,18.6812000274658,3.3703,4.776,5596.48658845,2.27865087,47.4748,47.474872
2015-05-11,4333.584,19.2320003509521,3.3752,5.8482,7152.46611473,3.03541416,,
2015-05-12,4401.219,19.5130004882812,3.4002,6.2443,7934.63723357,1.56071741,37.8595,76.047035
2015-05-13,4375.76,19.418399810791,3.4002,6.0943,7807.54937529,-0.57845338,97.7076,97.707625
2015-05-14,4378.311,19.422700881958,3.3803,5.35,6698.82275551,0.05829844,0.0822,553.984571
2015-05-15,4308.691,19.0953998565674,3.3907,5.164,6659.65618548,-1.59011089,150.9693,186.917529
2015-05-18,4283.491,18.959400177002,3.4109,4.4586,5945.59493076,-0.58486441,70.4137,68.952354
2015-05-19,4417.552,19.555700302124,3.4311,5.1288,6938.12586577,3.12971359,157.1042,157.104161
2015-05-20,4446.288,19.5242004394531,3.4282,6.0701,8060.80531967,0.65049602,337.1764,336.591703
2015-05-21,4529.422,19.8582000732422,3.4257,5.4898,7290.80613491,1.86973943,113.7646,103.763324
2015-05-22,4657.596,20.4365005493164,3.416,7.7354,10071.73224928,2.82980919,128.3428,149.011376
2015-05-25,4813.798,21.111499786377,3.431,8.0466,10792.95626027,3.35370436,189.0099,198.973553
2015-05-26,4910.897,21.4990997314453,3.5214,8.3027,11385.09334979,2.01709752,130.2208,172.575948
2015-05-27,4941.714,21.6469993591309,3.5055,8.0165,11162.61779774,0.62752283,439.8834,478.310711
2015-05-28,4620.266,20.2856006622314,3.5652,9.2014,12479.26031294,-6.50478761,,
2015-05-29,4611.744,20.2852001190186,3.5954,7.1368,9553.65592128,-0.18444825,264.0439,318.824945
2015-06-01,4828.738,21.44700050354,3.6404,6.9181,9344.55504512,4.70524817,21.5594,21.559427
2015-06-02,4910.527,21.7688007354736,3.588,7.272,9987.45749729,1.6937966,137.3339,152.291711
2015-06-03,4909.978,21.7637996673584,3.6111,7.1227,10101.79934631,-0.01118006,143.2008,142.027037
2015-06-04,4947.102,21.9888000488281,3.5912,7.8237,10522.70232997,0.756093,108.0283,117.253446
2015-06-05,5023.096,22.3050003051758,3.5814,8.9451,12323.0066713,1.53613166,279.775,279.77495
2015-06-08,5131.881,22.8990993499756,3.5613,9.8888,13099.24508026,2.16569622,4.1593,4.159305
2015-06-09,5113.534,22.7996006011963,3.5565,8.4445,11508.0858864,-0.35751024,234.4421,316.404833
2015-06-10,5106.0359,22.7313995361328,3.5912,6.8922,10054.32283129,-0.14663245,66.7982,172.024115
2015-06-11,5121.5925,22.7819995880127,3.6197,6.4997,9746.65767598,0.30467079,53.7594,53.759438
2015-06-12,5166.35,22.9754009246826,3.6226,7.1951,10601.6460681,0.87389811,52.6743,58.353209
2015-06-15,5062.9929,22.4997997283936,3.6681,7.3305,10649.87693351,-2.00058262,108.6496,109.191892
2015-06-16,4887.432,21.7670993804932,3.6099,6.3228,8954.20555855,-3.46753202,87.0485,83.474869
2015-06-17,4967.8983,22.1389999389648,3.6052,6.1504,8302.66749716,1.64639222,,
2015-06-18,4785.356,21.3470993041992,3.573,5.8125,7858.4507522,-3.67443714,345.6217,345.621707
2015-06-19,4478.3643,20.0014991760254,3.5825,5.1662,6854.58198736,-6.41523222,391.123,400.790494
2015-06-23,4576.4922,20.4839992523193,3.6054,5.4014,6936.17191338,2.19115493,29.0845,64.359025
2015-06-24,4690.1497,21.0445995330811,3.6079,6.1983,8150.62691654,2.48350691,124.0815,139.199252
2015-06-25,4527.7789,20.4020004272461,3.6028,6.5094,8653.79730764,-3.46195346,41.3424,63.593349
2015-06-26,4192.8734,18.9643993377686,3.608,6.3975,7878.35743033,-7.39668406,55.0749,55.324378
2015-06-29,4053.0304,18.443000793457,3.603,7.5819,9042.7139504,-3.33525453,189.6869,192.210216
2015-06-30,4277.2219,19.4832992553711,3.5976,7.956,9415.24659857,5.5314537,17.2618,19.273074
2015-07-01,4053.6997,18.4479007720947,3.6127,6.7092,8380.70926187,-5.22587336,91.0025,116.329684
2015-07-02,3912.7668,17.9223003387451,3.6223,6.5822,7360.06857593,-3.47664875,7.3296,7.329633
2015-07-03,3686.9153,17.0025005340576,3.5719,6.1384,6480.54100385,-5.77216869,30.0774,30.077298
2015-07-06,3775.9122,17.5230007171631,3.4917,9.3305,9434.20425904,2.413858,35.3699,35.369934
2015-07-07,3727.1248,17.4722003936768,3.4361,7.8658,7760.72544948,-1.29206924,,
2015-07-08,3507.1923,16.425500869751,3.4307,7.6834,7002.48338565,-5.90086224,30.1256,34.994357
2015-07-09,3709.3304,17.3314990997314,3.4358,7.353,6733.10983764,5.76353056,8.5853,11.195585
2015-07-10,3877.8034,18.0944004058838,3.4885,6.5993,6804.34151219,4.54187095,31.0441,31.044089
2015-07-13,3970.3878,18.4116992950439,3.5014,7.2287,7824.3054334,2.38754755,800.2099,800.209911
2015-07-14,3924.4871,18.1109008789062,3.5341,7.5366,8300.74682766,-1.15607599,6.4852,30.166253
2015-07-15,3805.7033,17.6450996398926,3.5495,6.7586,7005.36523044,-3.02673437,2.0145,2.014514
2015-07-16,3823.1755,17.701000213623,3.5208,5.5281,5698.5893811,0.45910568,0.2,3.64948
2015-07-17,3957.3516,18.2401008605957,3.5123,5.3995,5930.66980721,3.50954593,2.404,2.403982
2015-07-20,3992.1096,18.3474998474121,3.5009,6.0349,6882.55569389,0.87831468,,
2015-07-21,4017.6748,18.42919921875,3.5214,5.6474,6464.16846829,0.64039324,,8.207137
2015-07-22,4026.045,18.3862991333008,3.5145,5.8305,6788.31919275,0.20833443,,
2015-07-23,4123.9234,18.8110008239746,3.4751,6.3051,7435.31874268,2.4311303,18.1704,19.486063
2015-07-24,4070.908,18.5372009277344,3.4602,7.0193,8430.22070389,-1.28555734,,19.1534
2015-07-27,3725.5582,16.974100112915,3.4602,6.2156,7212.98088691,-8.48336047,97.5343,127.288763
2015-07-28,3663.0024,16.698299407959,3.4401,6.2594,6850.57523948,-1.67909872,2.9215,2.921423
2015-07-29,3789.168,17.2148990631104,3.4302,4.827,5574.91964594,3.44432207,2.8191,2.819129
2015-07-30,3705.7656,16.8731002807617,3.4402,5.093,6159.77923152,-2.20107422,,
2015-07-31,3663.7256,16.6846008300781,3.4752,3.9028,4604.72253774,-1.13444844,1223.3237,1224.81674
2015-08-03,3622.9051,16.5410003662109,3.47,4.0447,4459.91593475,-1.11418006,,
2015-08-04,3756.5449,17.1033992767334,3.47,4.033,4640.36242967,3.68874691,13.976,17.320498
2015-08-05,3694.5733,16.8108005523682,3.4701,4.0713,4838.50277393,-1.64969677,,
2015-08-06,3661.5392,16.6312999725342,3.46,3.0465,3575.15147167,-0.8941249,48.0851,54.601844
2015-08-07,3744.2045,16.9803009033203,3.4553,3.7844,4454.85029431,2.2576653,20.8061,20.806093
2015-08-10,3928.4154,17.7963008880615,3.4755,5.5217,6526.22008945,4.9198942,,
2015-08-11,3927.9083,17.7735996246338,3.5256,5.9847,7122.89933154,-0.01290851,,
2015-08-12,3886.3198,17.5723991394043,3.5402,4.913,5970.50259293,-1.05879508,,
2015-08-13,3954.5561,17.8542003631592,3.5153,4.773,5786.85519561,1.75580764,22.8566,23.54804
2015-08-14,3965.3349,17.8903999328613,3.5052,5.1955,6474.66472559,0.27256662,84.8355,84.835549
2015-08-17,3993.6677,17.9615993499756,3.5176,5.1131,6263.27680299,0.71451216,4.5035,3.64651
2015-08-18,3748.1639,16.8997001647949,3.5126,6.0363,7224.67247365,-6.14732668,5.4286,5.428511
2015-08-19,3794.1094,17.0659008026123,3.5201,5.2669,5995.13277258,1.22581352,,
2015-08-20,3664.2907,16.4979991912842,3.5051,4.3212,5011.94992628,-3.42158558,5.5937,5.593702
2015-08-21,3507.744,15.7908000946045,3.4951,4.0956,4506.16485183,-4.27222382,2.6273,2.627269
2015-08-24,3209.905,14.4499998092651,3.4701,3.6993,3588.18882677,-8.49089899,6.048103,9.08679
2015-08-25,2964.9674,13.3235998153687,3.4577,3.8926,3587.35780116,-7.63068066,9.918385,9.918385
2015-08-26,2927.288,13.1969003677368,3.429,5.1593,4617.8898139,-1.27082004,7.06575,53.046448
2015-08-27,3083.5912,13.8444995880127,3.3902,4.4117,4042.89306103,5.33952245,11.062697,28.589102
2015-08-28,3232.3495,14.5200996398926,3.3803,4.8835,4746.31023331,4.82419005,2.403482,2.403482
2015-08-31,3205.9855,14.3059997558594,3.3252,4.3699,4310.68601209,-0.81562962,,3.604935
2015-09-01,3166.6239,14.2395000457764,3.3002,4.7584,4204.11621758,-1.22775353,15.725412,15.725412
2015-09-02,3160.167,14.2805004119873,3.3002,4.8218,4232.62356087,-0.20390486,12.708233,23.284088
2015-09-07,3080.4201,13.8472003936768,3.3353,3.2593,3026.89722336,-2.52350271,,
2015-09-08,3170.4522,14.2341003417969,3.3603,2.8056,2639.10382052,2.92272148,13.136083,16.989687
2015-09-09,3243.0889,14.5401000976562,3.3478,4.1206,4129.91428267,2.29105173,,
2015-09-10,3197.8932,14.3641996383667,3.3453,2.9966,2995.81090523,-1.3936004,3.066918,34.987401
2015-09-11,3200.2337,14.361499786377,3.3404,2.4608,2527.69467178,0.07318881,,
2015-09-14,3114.798,14.0385999679565,3.3303,3.7924,3735.76802407,-2.66967066,4.96942,4.96942
2015-09-15,3005.1722,13.5854997634888,3.3104,2.727,2439.04590423,-3.51951555,,
2015-09-16,3152.2632,14.1998996734619,3.3103,3.0355,2819.92256964,4.89459473,,
2015-09-17,3086.0611,13.9118003845215,3.3204,3.4691,3373.93270978,-2.10014506,11.1506,11.1506
2015-09-18,3097.9172,13.9531002044678,3.3105,2.283,2184.42429993,0.38418228,,
2015-09-21,3156.5399,14.18630027771,3.3204,2.6184,2597.96673584,1.89232624,,5.549491
2015-09-22,3185.6187,14.3213996887207,3.3255,3.0008,3050.713245,0.9212239,,
2015-09-23,3115.8881,14.0026998519897,3.3354,2.5797,2575.60036032,-2.18891859,8.159234,11.260295
2015-09-24,3142.6869,14.1091003417969,3.318,2.3228,2313.69054767,0.8600694,,
2015-09-25,3092.347,13.914400100708,3.3101,2.5741,2489.71120664,-1.60181086,2.473768,4.505486
2015-09-28,3100.7559,13.9329996109009,3.2906,1.707,1664.22394798,0.27192615,,
2015-09-29,3038.1368,13.6539001464844,3.2457,1.776,1696.86597162,-2.01947854,2.088537,45.379624
2015-09-30,3052.7814,13.7201995849609,3.2362,1.5927,1565.6919754,0.48202569,12.102392,26.611996
2015-10-08,3143.3573,14.1149997711182,3.2409,2.5413,2588.30338655,2.96699593,,
2015-10-09,3183.1516,14.2920999526978,3.1486,2.5493,2563.79112141,1.2659808,,
2015-10-12,3287.6624,14.7491998672485,3.1488,4.1844,4355.41019182,3.28324922,,
2015-10-13,3293.2301,14.7580003738403,3.1064,3.2175,3348.06099305,0.16935133,,
2015-10-14,3262.4414,14.6211996078491,3.0414,3.1933,3302.77519398,-0.93490886,,
2015-10-15,3338.073,14.9440002441406,3.0814,3.4204,3625.65554134,2.3182516,,
2015-10-16,3391.3516,15.1766004562378,3.1216,4.2737,4594.47813308,1.59608852,,4.990497
2015-10-19,3386.7003,15.1619997024536,3.1214,4.0869,4533.03626902,-0.13715181,,
2015-10-20,3425.3303,15.3177995681763,3.0615,3.4463,3835.82515358,1.14063828,3.409141,8.957404
2015-10-21,3320.6761,14.920599937439,3.0616,4.9538,5185.09230404,-3.05530243,3.708106,6.25879
2015-10-22,3368.7388,15.1054000854492,3.0516,3.4949,3754.52024664,1.44737694,,2.004655
2015-10-23,3412.4338,15.2917003631592,3.04,3.7464,4252.63086325,1.29707296,,9.497
2015-10-26,3429.5809,15.3656997680664,3.02,3.9445,4539.42506416,0.50248887,,2.102272
2015-10-27,3434.336,15.4003000259399,2.98,3.5408,4088.87226414,0.13864959,12.715221,12.715221
2015-10-28,3375.1961,15.1429004669189,2.987,3.1732,3616.56185764,-1.72201846,14.419872,84.217016
2015-10-29,3387.3154,16.0751991271973,3.05,2.545,2945.0841423,0.35906951,49.637435,49.637435
2015-10-30,3382.5612,15.622200012207,3.06,2.6253,3072.66773445,-0.14035304,,2.508058
2015-11-02,3325.0846,15.3942003250122,3.0525,2.4987,2860.19328065,-1.69920355,,27.165827
2015-11-03,3316.6954,15.3429002761841,3.08,2.083,2443.60566383,-0.25230035,0.208556,7.161958
2015-11-04,3459.6396,15.9975004196167,3.1351,3.6609,4261.04385846,4.30983804,4.588953,11.379574
2015-11-05,3522.8185,16.3050003051758,3.115,5.9809,6786.74611498,1.82616999,,2.006136
2015-11-06,3590.0324,16.6023998260498,3.125,4.6394,5432.82200893,1.90795807,5.61561,9.635696
2015-11-09,3646.8811,16.8953990936279,3.2099,5.4302,6361.84062179,1.58351496,29.792291,34.178598
2015-11-10,3640.4853,16.8542003631592,3.2001,4.6436,5600.55120132,-0.17537726,10.895823,32.857228
2015-11-11,3650.2494,16.8785991668701,3.1226,3.9002,4678.22205458,0.26820875,13.355219,31.710151
2015-11-12,3632.9016,16.7794990539551,3.1351,3.9061,4828.32626445,-0.47524972,,
2015-11-13,3580.8388,16.5508995056152,3.1251,3.73,4686.68655554,-1.43309139,6.702012,6.702012
2015-11-16,3606.9574,16.6611995697021,3.1352,2.9737,3694.21833778,0.72939893,26.474762,87.982817
2015-11-17,3604.7951,16.6571006774902,3.1252,4.1255,5215.20359621,-0.05994803,216.90817,237.804188
2015-11-18,3568.4676,16.5088005065918,3.1402,3.2014,3923.38754802,-1.00775492,10.145059,10.145059
2015-11-19,3617.062,16.7240009307861,3.1402,2.6653,3284.42613169,1.36177221,126.330138,141.797642
2015-11-20,3630.4995,16.7828998565674,3.1251,3.342,4139.10905746,0.37150317,,
2015-11-23,3610.3195,16.6986999511719,3.1302,3.3966,4141.48234284,-0.55584638,15.190017,32.452562
2015-11-24,3616.1125,16.7180995941162,3.1077,2.676,3277.58498321,0.16045671,18.142021,114.598332
2015-11-25,3647.93,16.859899520874,3.0853,2.933,3808.02940006,0.87988136,36.497805,38.498351
2015-11-26,3635.5521,16.8068008422852,3.0503,3.2985,4262.47412274,-0.33931298,30.500992,55.351084
2015-11-27,3436.303,15.9252004623413,3.0603,3.8046,4643.11247676,-5.48057336,7.637741,9.638081
2015-11-30,3445.4048,15.9758996963501,3.0404,3.2601,3875.03652774,0.26487187,2.370378,16.969882
2015-12-01,3456.3085,16.0091991424561,3.0504,2.704,3302.56746807,0.3164708,,
2015-12-02,3536.9051,16.4319000244141,3.0454,3.2382,3691.83037702,2.33186939,2.000818,243.903406
2015-12-03,3584.8237,16.6714000701904,3.0304,3.0148,3388.59090634,1.35481724,,19.654152
2015-12-04,3524.992,16.3645992279053,3.0254,2.6787,3197.66835715,-1.66902768,,
2015-12-07,3536.9272,16.4046993255615,3.028,2.2182,2805.61587976,0.338588,14.642757,17.00635
2015-12-08,3470.0698,16.1086006164551,3.0005,2.3976,2978.21727299,-1.89026791,8.955916,101.141279
2015-12-09,3472.4394,16.1291999816895,2.9968,2.0757,2678.54865116,0.06828681,56.135999,62.785861
2015-12-10,3455.4951,16.048999786377,3.0018,2.1309,2794.9970567,-0.48796532,8.665029,4.842864
2015-12-11,3434.5813,15.9518995285034,2.9931,1.945,2450.76424379,-0.6052331,20.313388,42.821278
2015-12-14,3520.6682,16.3572006225586,3.0306,2.2955,2792.13529503,2.50647437,,53.95372
2015-12-15,3510.354,16.2859001159668,3.0157,2.1311,2762.74949122,-0.29296143,7.321263,56.619394
2015-12-16,3516.1867,16.3279991149902,3.0007,2.0617,2652.88652705,0.16615703,,2.002313
2015-12-17,3579.999,16.605899810791,2.9857,3.0255,3814.39613286,1.81481546,7.818461,9.882603
2015-12-18,3578.964,16.6355991363525,2.9408,2.9252,3653.85805992,-0.02891062,14.153638,44.099948
2015-12-21,3642.472,16.9344997406006,2.8811,3.2041,3983.16970721,1.77447999,4.949793,116.158041
2015-12-22,3651.767,16.9629001617432,2.861,2.7881,3608.46042356,0.25518384,,
2015-12-23,3636.089,16.9101009368896,2.846,3.1853,4199.02925873,-0.42932641,19.826595,64.695789
2015-12-24,3612.485,16.8143005371094,2.801,2.4298,3154.21252147,-0.64915903,,136.140148
2015-12-25,3627.914,16.8770999908447,2.8061,2.1144,2746.60042605,0.42710212,8.411297,12.084507
2015-12-28,3533.779,16.4423999786377,2.7961,2.8572,3690.42819409,-2.59474177,11.367975,13.370585
2015-12-29,3563.736,16.5813999176025,2.8061,1.9347,2509.38907269,0.8477327,2.015251,62.223798
2015-12-30,3572.876,16.6163005828857,2.8261,1.9916,2677.87665269,0.25647242,39.644745,117.899312
2015-12-31,3539.182,16.4734001159668,2.8212,1.8728,2540.31073828,-0.9430498,0.1,0.1
2016-01-04,3296.258,15.3850002288818,2.871,1.9467,2409.29155215,-6.86384594,49.783951,49.783951
2016-01-05,3287.711,15.3438997268677,2.8911,2.8177,3284.17226081,-0.25929402,,
2016-01-06,3361.84,15.6884002685547,2.8861,2.5258,2852.43223391,2.25472981,,
2016-01-07,3125.002,14.645299911499,2.8511,0.7443,799.81988654,-7.04489208,,2.001226
2016-01-08,3186.412,14.9337997436523,2.8362,3.0167,3241.67135447,1.96511874,,6.81011
2016-01-11,3016.704,14.1653003692627,2.8187,2.8585,2863.79628143,-5.32599049,29.859101,29.859101
2016-01-12,3022.861,14.1949996948242,2.7887,2.1885,2241.35432095,0.20409692,29.779842,29.779842
2016-01-13,2949.597,13.8593997955322,2.7237,2.0465,2083.76044623,-2.4236642,5.064097,53.415229
2016-01-14,3007.649,14.1049995422363,2.7513,2.2431,2180.13656655,1.96813327,,
2016-01-15,2900.9698,13.6140003204346,2.7464,2.0943,2066.03969247,-3.54692984,3.002724,19.889977
2016-01-18,2913.8367,13.66100025177,2.7764,1.734,1736.19962653,0.44353788,,10.075532
2016-01-19,3007.7393,14.0913000106812,2.7964,2.1594,2226.74800351,3.22264456,,1.045784
2016-01-20,2976.694,13.9541997909546,2.8114,2.2782,2345.62924579,-1.03218055,19.089971,19.089971
2016-01-21,2880.482,13.5318002700806,2.7914,2.0151,2036.34572945,-3.23217637,29.323839,42.066194
2016-01-22,2916.562,13.6983003616333,2.7741,1.6773,1700.6224538,1.25256815,4.027087,51.384243
2016-01-25,2938.515,13.8021001815796,2.859,1.6054,1640.23396461,0.7527013,,
2016-01-26,2749.785,12.9388999938965,2.8616,2.2104,2126.0815065,-6.42263184,8.888728,20.49547
2016-01-27,2735.558,12.8729000091553,2.9016,2.2607,2074.26675004,-0.5173859,12.275394,21.832634
2016-01-28,2655.661,12.5127000808716,2.8866,1.7951,1673.5741339,-2.92068382,,
2016-01-29,2737.6,12.8825998306274,2.8419,1.9589,1800.06812612,3.08544652,18.62825,68.501072
2016-02-01,2688.854,12.6988000869751,2.8368,1.641,1528.30741554,-1.78061075,52.000937,52.000937
2016-02-02,2749.57,12.9765996932983,2.8818,1.657,1589.36802659,2.25806236,,3.256477
2016-02-03,2739.247,12.9156999588013,2.8918,1.5561,1466.27121739,-0.37544052,48.267811,150.688473
2016-02-04,2781.023,13.1020002365112,2.855,1.7857,1753.47388383,1.52509065,32.79519,139.847341
2016-02-05,2763.492,13.024299621582,2.8535,1.4791,1455.53630916,-0.63037954,,3.016183
2016-02-15,2746.196,12.9358997344971,2.8371,1.3533,1293.2105601,-0.6258748,,
2016-02-16,2836.571,13.3583002090454,2.8376,2.0537,1989.69133397,3.29091587,2.198095,51.905119
2016-02-17,2867.338,13.4939002990723,2.8351,2.2736,2259.64250083,1.08465468,2.647901,18.873695
2016-02-18,2862.893,13.480299949646,2.8351,2.2949,2307.75052843,-0.15502184,19.850369,19.850369
2016-02-19,2860.021,13.4612998962402,2.8251,1.7117,1784.24845383,-0.1003181,,
2016-02-22,2927.175,13.7806997299194,2.8426,2.4327,2386.82816535,2.34802472,7.921823,87.941427
2016-02-23,2903.331,13.6627998352051,2.8451,2.0931,2115.48952172,-0.81457378,9.708074,12.236999
2016-02-24,2928.896,13.7789001464844,2.8676,2.2316,2278.5164359,0.88054032,,
2016-02-25,2741.245,12.9263000488281,2.8651,2.8221,2717.67143332,-6.40688505,2.029632,4.032017
2016-02-26,2767.21,13.061900138855,2.8551,1.9994,1900.6898776,0.94719735,,4.002838
2016-02-29,2687.979,12.7264995574951,2.8502,2.1677,1946.40196395,-2.86320879,,
2016-03-01,2733.17,12.9317998886108,2.8527,1.9561,1821.85538136,1.68122593,8.508883,28.359602
2016-03-02,2849.681,13.4591999053955,2.8752,2.8317,2593.18766547,4.26285229,19.31708,42.141432
2016-03-03,2859.758,13.5116996765137,2.9002,3.006,2799.71936075,0.35361853,2.796629,2.796629
2016-03-04,2874.147,13.6209001541138,2.8952,3.2692,2949.82112798,0.50315446,3.187201,5.305117
2016-03-07,2897.34,13.7033996582031,2.9303,2.2748,2085.59323364,0.80695246,,7.740427
2016-03-08,2901.387,13.7185001373291,2.9352,2.4418,2205.13953726,0.13967984,2.506295,2.506295
2016-03-09,2862.556,13.5558004379272,2.8928,1.9177,1770.72557883,-1.33835989,3.446939,98.782131
2016-03-10,2804.726,13.285400390625,2.8653,1.4536,1418.12410338,-2.02022249,3.963256,3.963256
2016-03-11,2810.307,13.3086996078491,2.8453,1.3312,1284.50313771,0.19898557,16.826683,104.34428
2016-03-14,2859.499,13.527099609375,2.8504,2.0354,2027.93146786,1.75041374,10.002982,10.002982
2016-03-15,2864.368,13.5495004653931,2.8404,1.7084,1702.19522403,0.17027458,8.680844,19.138245
2016-03-16,2870.43,13.6066999435425,2.8054,1.9504,1901.93858282,0.21163482,,22.04529
2016-03-17,2904.832,13.7628002166748,2.8154,2.0919,2138.4363313,1.19849639,,
2016-03-18,2955.15,13.8664999008179,2.8229,3.2663,3282.41161496,1.73221722,4.520854,14.524814
2016-03-21,3018.802,14.1579999923706,2.8305,3.6697,3808.23080412,2.15393466,29.865696,29.865696
2016-03-22,2999.363,14.0732002258301,2.8304,2.8158,3110.25315982,-0.64393094,11.820049,56.266786
2016-03-23,3009.96,14.1329002380371,2.8307,2.2569,2563.28163094,0.35330835,13.040729,24.680674
2016-03-24,2960.97,13.9839000701904,2.8309,2.467,2747.95125597,-1.62759638,11.372373,18.02391
2016-03-25,2979.434,14.0626001358032,2.8311,1.822,2008.18437456,0.62357944,9.889539,15.892761
2016-03-28,2957.82,13.9609003067017,2.8665,2.0992,2323.23731401,-0.7254398,10.005025,44.957219
2016-03-29,2919.832,13.809100151062,2.851,1.8997,2016.25833179,-1.28432427,18.219011,66.632974
2016-03-30,3000.645,14.097900390625,2.8362,2.1862,2344.10621024,2.76772773,17.074201,66.044603
2016-03-31,3003.915,14.2089996337891,2.8419,2.2961,2522.19758272,0.10897657,,
2016-04-01,3009.53,14.2396001815796,2.8422,2.1475,2175.2053402,0.18692273,0.311301,9.279349
2016-04-05,3053.065,14.4282999038696,2.8637,2.6694,2766.54687085,1.44657139,,
2016-04-06,3050.592,14.4119997024536,2.8689,2.4202,2549.1455428,-0.08100057,8.051044,25.716917
2016-04-07,3008.42,14.2132997512817,2.9049,2.3007,2439.61813691,-1.3824202,1.44213,35.002414
2016-04-08,2984.958,14.1008996963501,2.9158,1.9569,2073.37095111,-0.77987781,17.676911,17.676911
2016-04-11,3033.957,14.3508996963501,2.9091,2.2931,2523.28393482,1.64153063,,
2016-04-12,3023.646,14.2958002090454,2.91,1.904,2070.79807862,-0.3398532,5.000886,25.041839
2016-04-13,3066.638,14.5,2.9271,3.2306,3314.20683224,1.42185957,10.476009,114.984062
2016-04-14,3082.362,14.5769996643066,2.9352,2.1694,2350.56056274,0.51274392,,
2016-04-15,3078.117,14.5938997268677,2.9151,1.975,2241.41313373,-0.13771906,27.960696,48.006745
2016-04-18,3033.66,14.4343996047974,2.9047,1.9088,2086.13086291,-1.44429208,,10.003782
2016-04-19,3042.823,14.4598999023438,2.906,1.6301,1809.48014276,0.3020444,2.923433,48.624175
2016-04-20,2972.584,14.1583003997803,2.9258,2.9482,3111.54870354,-2.30834984,2.024777,4.030104
2016-04-21,2952.891,14.0684995651245,2.9208,1.9732,2064.7712688,-0.66248759,5.469559,9.47537
2016-04-22,2959.24,14.086799621582,2.9309,1.4305,1488.00430845,0.21500963,10.002529,66.912063
2016-04-25,2946.67,14.0389995574951,2.9362,1.3114,1406.3875629,-0.42477123,9.958656,20.735405
2016-04-26,2964.7,14.149299621582,2.9212,1.2255,1342.92458713,0.61187714,13.542124,53.054433
2016-04-27,2953.671,14.1097002029419,2.9108,1.3625,1502.86301521,-0.37201066,,
2016-04-28,2945.589,14.0857000350952,2.8863,1.4422,1546.14698978,-0.2736256,25.696504,154.778853
2016-04-29,2938.324,14.299599647522,2.8913,1.1349,1285.02732169,-0.24663998,4.13915,58.183733
2016-05-03,2992.643,14.5458002090454,2.889,1.7547,1958.16604813,1.84863888,10.016678,10.016678
2016-05-04,2991.272,14.5385999679565,2.8965,1.7211,1890.46374911,-0.04581235,8.451259,56.701943
2016-05-05,2997.842,14.5691995620728,2.9017,1.5065,1631.13776353,0.219639,10.812162,332.89359
2016-05-06,2913.248,14.1814002990723,2.9016,2.1507,2340.77433966,-2.82182984,,
2016-05-09,2832.113,13.808500289917,2.8818,1.8737,1887.05685662,-2.78503581,7.969391,12.074242
2016-05-10,2832.591,13.8142995834351,2.9,1.2554,1285.352661,0.01687786,,
2016-05-11,2837.037,13.8416996002197,2.9075,1.4068,1460.22521906,0.15695877,29.239628,72.763364
2016-05-12,2835.862,13.8436002731323,2.8975,1.4135,1408.38630936,-0.04141645,,
2016-05-13,2827.109,13.805100440979,2.905,1.1861,1236.92646942,-0.30865395,11.564983,41.739124
2016-05-16,2850.862,13.9125995635986,2.9275,1.1895,1268.44299054,0.84018692,,
2016-05-17,2843.684,13.8804998397827,2.93,1.2786,1400.00997865,-0.2517835,0.51489,33.690955
2016-05-18,2807.514,13.7294998168945,2.955,1.4489,1493.96820878,-1.27194161,,2.003292
2016-05-19,2806.906,13.7353000640869,2.96,1.1516,1241.5105218,-0.02165617,9.295092,28.486141
2016-05-20,2825.483,13.8217000961304,2.95,1.1225,1237.94592281,0.66183192,5.111077,26.838809
2016-05-23,2843.645,13.9045000076294,2.955,1.2458,1399.50365055,0.64279275,,
2016-05-24,2821.666,13.8065004348755,2.935,1.1507,1210.96058813,-0.77291645,12.167027,17.809773
2016-05-25,2815.0863,13.805100440979,2.9401,1.0678,1177.676287,-0.23318493,15.850682,86.144484
2016-05-26,2822.443,13.8214998245239,2.9401,1.1826,1271.0518333,0.26133124,11.961545,29.699708
2016-05-27,2821.046,13.8190002441406,2.9451,1.1322,1238.58864609,-0.04949613,11.269643,21.728917
2016-05-30,2822.451,13.8358001708984,2.9776,1.0951,1155.87479346,0.04980422,,
2016-05-31,2916.616,14.2812995910645,2.9851,2.2113,2365.28504779,3.33628467,6.706968,8.707723
2016-06-01,2913.508,14.2655000686646,2.9952,1.9374,2198.68045396,-0.10656185,16.984252,67.70024
2016-06-02,2925.229,14.3180999755859,3.0127,1.6427,1850.84899734,0.40229853,7.685716,14.120738
2016-06-03,2938.682,14.3836002349854,3.0152,1.7666,2113.02476506,0.45989562,44.209348,100.15193
2016-06-06,2934.098,14.3649997711182,3.0041,1.4544,1724.26791396,-0.1559883,3.765408,62.879071
2016-06-07,2936.045,14.37619972229,3.0071,1.363,1636.05603318,0.0663577,,
2016-06-08,2927.159,14.3360004425049,3.0077,1.4616,1773.77309482,-0.30265204,2.574491,74.287386
2016-06-13,2833.071,13.9035997390747,2.9979,1.7266,1985.47765495,-3.21431121,12.340635,16.914762
2016-06-14,2842.189,13.953800201416,2.9654,1.2207,1385.31751701,0.32184156,,
2016-06-15,2887.21,14.1517000198364,2.9604,1.6996,1971.99330848,1.58402555,,5.216145
2016-06-16,2872.817,14.0817003250122,2.9455,1.7721,2019.57154966,-0.49850894,14.372729,34.044577
2016-06-17,2885.105,14.1386995315552,2.9379,1.7448,1954.32492227,0.42773348,2.003696,31.007672
2016-06-20,2888.809,14.1570997238159,2.9481,1.3871,1637.3443957,0.12838354,29.873619,36.882088
2016-06-21,2878.558,14.1190004348755,2.9405,1.6659,1982.01921486,-0.35485212,6.566174,49.363372
2016-06-22,2905.55,14.2590999603271,2.9307,1.3219,1563.39384142,0.93769172,,2.000271
2016-06-23,2891.96,14.2059001922607,2.9307,1.3775,1636.80266691,-0.46772556,8.785806,20.732311
2016-06-24,2854.286,14.022500038147,2.8808,1.9238,2149.13449682,-1.30271511,3.051392,41.291778
2016-06-27,2895.703,14.2131996154785,2.831,1.5745,1898.54731207,1.4510459,49.946105,49.946105
2016-06-28,2912.557,14.2896995544434,2.861,1.7457,2110.79306343,0.58203483,24.795766,83.800599
2016-06-29,2931.592,14.3929004669189,2.8586,1.9367,2234.06351275,0.65354944,,
2016-06-30,2929.606,14.3561000823975,2.8411,1.5457,1874.597981,-0.06774476,28.261573,40.379329
2016-07-01,2932.476,14.3733997344971,2.8038,1.4106,1730.06184794,0.09796539,2.108016,2.108016
2016-07-04,2988.604,14.6422996520996,2.8314,2.2159,2531.50365202,1.91401396,2.013548,2.013548
2016-07-05,3006.392,14.7276000976562,2.8514,2.3484,2704.18011629,0.59519428,3.2253,26.541234
2016-07-06,3017.292,14.7715997695923,2.8365,2.1205,2464.97840951,0.36256084,11.646056,11.646056
2016-07-07,3016.847,14.7813997268677,2.8066,2.2203,2701.97134238,-0.01474832,,
2016-07-08,2988.094,14.6345996856689,2.8016,1.6808,2096.72668129,-0.95308115,,
2016-07-11,2994.917,14.6759996414185,2.8268,2.2311,2719.16499904,0.22833954,7.713711,12.233344
2016-07-12,3049.381,14.9528999328613,2.8368,2.5758,2886.56744057,1.81854789,,
2016-07-13,3060.689,15.0183000564575,2.8494,2.5184,2793.50871891,0.37082936,14.322968,28.977697
2016-07-14,3054.018,14.979100227356,2.8395,1.786,2089.3903131,-0.21795746,,
2016-07-15,3054.296,14.9942998886108,2.8271,1.7122,2028.4054958,0.00910276,0.33857,105.600459
2016-07-18,3043.564,14.9650001525879,2.8271,1.7552,2066.67709265,-0.35137393,,
2016-07-19,3036.598,14.9303998947144,2.8197,1.5268,1872.06723214,-0.22887641,1.367443,56.659971
2016-07-20,3027.9,14.9012002944946,2.7996,1.3655,1714.72917221,-0.28643897,,
2016-07-21,3039.009,14.9562997817993,2.7806,1.6164,2002.78455546,0.36688794,13.188794,76.484905
2016-07-22,3012.816,14.8655004501343,2.7907,1.5999,1975.1735036,-0.86189281,6.63243,8.640335
2016-07-25,3015.828,14.9060001373291,2.8068,1.4235,1754.22000819,0.09997292,,
2016-07-26,3050.166,15.0708999633789,2.7913,1.5464,1854.74467705,1.13859278,12.187945,16.188864
2016-07-27,2991.999,14.8292999267578,2.7967,2.7594,3168.11388907,-1.90701096,18.638646,121.733981
2016-07-28,2994.323,14.8207998275757,2.7867,1.8756,2176.26998763,0.07767382,157.211783,159.212495
2016-07-29,2979.339,14.7812004089355,2.7768,1.4779,1701.98566552,-0.50041362,,
2016-08-01,2953.385,14.6909999847412,2.783,1.4506,1623.72674323,-0.87113283,63.315222,70.429668
2016-08-02,2971.279,14.7615003585815,2.7792,1.1341,1292.66872711,0.60588105,,
2016-08-03,2978.461,14.7996997833252,2.7718,1.3867,1590.88262525,0.24171409,27.875139,68.937303
2016-08-04,2982.426,14.8144998550415,2.7694,1.3175,1533.07963507,0.13312244,76.212873,108.226071
2016-08-05,2976.696,14.7911996841431,2.7534,1.3423,1617.95980405,-0.19212547,16.210657,16.210657
2016-08-08,3004.277,14.9224996566772,2.7472,1.4913,1720.89654259,0.92656422,,
2016-08-09,3025.681,15.0251998901367,2.7125,1.6257,1877.16865344,0.71245095,34.70216,64.019209
2016-08-10,3018.746,14.9996995925903,2.695,1.5774,1845.25184723,-0.2292046,14.57778,14.57778
2016-08-11,3002.638,14.93869972229,2.6875,1.5551,1798.61525628,-0.53359905,38.465463,38.465463
2016-08-12,3050.667,15.190299987793,2.6701,1.6091,1793.04885162,1.59956012,19.302641,19.302641
2016-08-15,3125.195,15.5594997406006,2.6401,2.8698,3279.91129268,2.44300673,,66.709604
2016-08-16,3110.037,15.4533004760742,2.6651,2.7237,3085.44861178,-0.48502573,28.002952,30.005443
2016-08-17,3109.555,15.4310998916626,2.6901,2.0933,2434.05250612,-0.01549821,26.294817,30.312909
2016-08-18,3104.114,15.3705997467041,2.6801,2.2434,2569.69677017,-0.17497681,,
2016-08-19,3108.102,15.3924999237061,2.7001,1.9032,2120.50971111,0.12847466,51.940129,55.94332
2016-08-22,3084.805,15.3402996063232,2.6801,1.8146,2076.38874518,-0.74955713,10.05267,10.05267
2016-08-23,3089.706,15.4259004592896,2.7201,1.5671,1791.83487675,0.15887552,,
2016-08-24,3085.88,15.3893995285034,2.7301,1.3992,1683.62528488,-0.12383055,41.461938,129.461024
2016-08-25,3068.329,15.3151998519897,2.7201,1.6841,2008.59751351,-0.56875186,16.01523,58.530141
2016-08-26,3070.309,15.4749002456665,2.6927,1.4503,1763.09498242,0.06453024,4.082658,20.128761
2016-08-29,3070.027,15.5650997161865,2.7064,1.4034,1663.97346222,-0.00918474,,
2016-08-30,3074.677,15.6796998977661,2.7527,1.3736,1638.78823044,0.15146447,98.670063,144.767917
2016-08-31,3085.491,15.7402000427246,2.7425,1.3711,1689.86117678,0.35171174,4.242506,6.242529
2016-09-01,3063.305,15.6464996337891,2.7452,1.5044,1770.9329528,-0.71904277,10.693394,10.693394
2016-09-02,3067.352,15.6816997528076,2.7452,1.4614,1705.92139865,0.13211221,13.044525,66.562095
2016-09-05,3072.095,15.7069997787476,2.7503,1.408,1612.43675297,0.15462849,5.84004,9.456117
2016-09-06,3090.713,15.789400100708,2.7628,1.6788,1930.57729108,0.60603595,,
2016-09-07,3091.928,15.8060998916626,2.7853,1.8144,2071.62121474,0.03931132,61.60616,70.822837
2016-09-08,3095.954,15.826000213623,2.7753,1.4148,1659.44472734,0.13021002,,
2016-09-09,3078.855,15.7468996047974,2.7678,1.5581,1820.5623252,-0.55230149,8.087305,59.089241
2016-09-12,3021.977,15.4638996124268,2.7916,1.9956,2218.46569008,-1.84737508,,
2016-09-13,3023.51,15.4651002883911,2.7654,1.3128,1527.91306018,0.05072838,50.375916,67.988149
2016-09-14,3002.849,15.3626003265381,2.7579,1.293,1481.48969909,-0.68334485,,
2016-09-19,3026.051,15.4869003295898,2.7605,1.1552,1331.68828076,0.77266622,,4.035727
2016-09-20,3023.0,15.4687004089355,2.7431,1.1419,1396.62303158,-0.10082447,19.524507,35.284721
2016-09-21,3025.874,15.4900999069214,2.7518,1.1147,1341.33726403,0.09507112,,
2016-09-22,3042.313,15.5804004669189,2.7456,1.344,1590.31064132,0.54328105,66.584818,112.874376
2016-09-23,3033.896,15.5454998016357,2.7318,1.2091,1473.77736332,-0.2766645,20.906355,64.91624
2016-09-26,2980.43,15.2829999923706,2.7157,1.3902,1622.57246419,-1.76228849,10.84012,32.946733
2016-09-27,2998.172,15.3809995651245,2.7144,1.1756,1333.72708394,0.59528323,78.813257,133.54888
2016-09-28,2987.858,15.3337001800537,2.7244,1.0093,1164.37377488,-0.34400962,,306.684317
2016-09-29,2998.483,15.3916997909546,2.7282,1.0852,1227.2857007,0.35560592,115.810001,231.33686
2016-09-30,3004.703,15.4257001876831,2.7258,0.9676,1127.94538478,0.20743823,,
2016-10-10,3048.143,15.6532001495361,2.6735,1.5414,1755.2179258,1.44573357,10.652,18.651236
2016-10-11,3065.25,15.7839002609253,2.6835,1.611,1837.8764835,0.56122695,7.588346,7.588346
2016-10-12,3058.498,15.7461004257202,2.7098,1.3607,1599.82961361,-0.22027567,2.329584,4.332813
2016-10-13,3061.346,15.753999710083,2.701,1.4837,1663.35869075,0.0931176,2.010298,52.184641
2016-10-14,3063.809,15.7812004089355,2.6952,1.4964,1637.92994643,0.08045481,11.057067,11.057067
2016-10-17,3041.166,15.6625003814697,2.6904,1.5671,1805.94077051,-0.73904738,9.613289,29.62676
2016-10-18,3083.875,15.8782997131348,2.6965,1.7353,1960.36127966,1.40436267,,42.975027
2016-10-19,3084.719,15.8818998336792,2.6664,1.7478,1974.81136362,0.02736817,8.000932,15.0024
2016-10-20,3084.458,15.8915004730225,2.6518,1.5407,1776.7454271,-0.00846106,8.43466,15.994397
2016-10-21,3090.941,15.9275999069214,2.6451,1.7934,2019.53662395,0.21018279,9.314694,11.315939
2016-10-24,3128.247,16.1319007873535,2.6595,2.3007,2503.54393568,1.20694636,,2.000151
2016-10-25,3131.939,16.1399993896484,2.6859,1.9475,2208.61464075,0.11802137,36.700346,165.323673
2016-10-26,3116.312,16.0186996459961,2.72,1.8386,2157.67706369,-0.49895608,10.880169,71.972226
2016-10-27,3112.35,15.9984998703003,2.7068,1.5159,1822.37125269,-0.12713746,11.463299,56.833785
2016-10-28,3104.27,15.7772998809814,2.7027,1.7461,2125.93009855,-0.2596109,,
2016-10-31,3100.492,15.5586004257202,2.7425,1.4537,1784.27745444,-0.12170333,19.892561,71.905021
2016-11-01,3122.436,15.664999961853,2.7375,1.5292,1958.31592265,0.70775864,5.983579,28.212304
2016-11-02,3102.733,15.5635995864868,2.7372,1.7402,2216.76542065,-0.63101373,28.471537,116.86467
2016-11-03,3128.936,15.8252000808716,2.7301,2.1328,2658.20360415,0.84451353,,
2016-11-04,3125.317,15.9067001342773,2.7339,1.8921,2390.43257281,-0.11566232,2.603643,167.778815
2016-11-07,3133.333,15.7562999725342,2.7475,1.7197,2106.02324385,0.25648598,46.728974,78.485313
2016-11-08,3147.888,15.8065004348755,2.7634,1.8291,2215.8511719,0.46452133,16.941839,338.922135
2016-11-09,3128.37,15.6968002319336,2.7651,2.3104,2772.29392735,-0.62003477,,
2016-11-10,3171.282,15.9118995666504,2.7926,2.3429,2859.92810523,1.37170475,65.525993,97.315214
2016-11-11,3196.044,16.0459995269775,2.815,2.9831,3437.73951274,0.78081987,39.301083,117.955488
2016-11-14,3210.371,16.1187000274658,2.8577,3.1641,3469.74628517,0.44827293,,
2016-11-15,3206.986,16.0970001220703,2.8501,2.3108,2670.03870859,-0.10543953,31.018357,46.173057
2016-11-16,3205.057,16.0890998840332,2.8652,2.1272,2448.54511188,-0.06014994,10.488495,260.489131
2016-11-17,3208.453,16.1278991699219,2.9055,2.0548,2267.7585118,0.10595755,9.321284,297.27391
2016-11-18,3192.856,16.0300998687744,2.8901,1.9879,2353.52062308,-0.48612213,36.052185,48.120605
2016-11-21,3218.148,16.1678009033203,2.8851,2.1925,2631.77808131,0.79214346,,
2016-11-22,3248.352,16.323600769043,2.8689,2.4965,2924.8483064,0.93855224,39.819774,98.513649
2016-11-23,3241.137,16.2985000610352,2.8451,2.3845,2779.42467717,-0.22211263,34.611914,92.461868
2016-11-24,3241.736,16.3104000091553,2.8502,2.2185,2672.24712392,0.01848117,,
2016-11-25,3261.938,16.4321002960205,2.865,2.242,2591.170404,0.62318461,16.791319,32.798925
2016-11-28,3277.0,16.5118007659912,2.8502,2.6996,3004.60150894,0.46175004,5.526693,44.066097
2016-11-29,3282.924,16.5506992340088,2.8906,3.0711,3481.4934967,0.1807751,,
2016-11-30,3250.034,16.3412990570068,2.9502,2.3361,2628.08738181,-1.00185079,28.805324,39.398865
2016-12-01,3273.309,16.453800201416,2.9893,2.2816,2615.53934531,0.71614635,37.753243,339.794195
2016-12-02,3243.843,16.3544006347656,2.9895,2.4897,2815.59095557,-0.90018999,9.305055,15.645286
2016-12-05,3204.709,16.1730003356934,3.0302,2.1337,2385.98033019,-1.20640857,4.000585,18.003801
2016-12-06,3199.647,16.1431999206543,3.1151,1.5091,1771.70154406,-0.15795506,9.798706,164.941178
2016-12-07,3222.242,16.2513008117676,3.0877,1.6171,1894.43846603,0.70617165,39.343223,339.969196
2016-12-08,3215.366,16.2233009338379,3.0753,1.628,1978.02065189,-0.21339179,,
2016-12-09,3232.883,16.343599319458,3.0853,1.9481,2263.87156318,0.54479024,48.584671,63.585651
2016-12-12,3152.97,15.9820003509521,3.1458,2.6244,2942.60138539,-2.47188036,,
2016-12-13,3155.037,15.9746999740601,3.1863,1.7386,2031.75456917,0.06555724,32.661485,44.984917
2016-12-14,3140.531,15.9118003845215,3.2186,1.8941,2192.06160238,-0.45977274,27.167471,30.159217
2016-12-15,3117.677,15.7582998275757,3.3315,1.7853,2128.63239254,-0.72771133,16.278655,20.347489
2016-12-16,3122.982,15.7727003097534,3.2803,1.557,1898.44752856,0.17015874,9.112508,44.503763
2016-12-19,3118.0846,15.7503004074097,3.3316,1.4578,1745.002406,-0.15681807,19.894516,41.211346
2016-12-20,3102.8759,15.6850996017456,3.3739,1.5003,1716.118811,-0.48775777,,2.000053
2016-12-21,3137.4297,15.8627004623413,3.2815,1.78,2042.478051,1.11360561,44.808297,52.809272
2016-12-22,3139.558,15.8732995986938,3.1908,1.5986,1859.815569,0.06783578,19.423946,64.72957
2016-12-23,3110.1544,15.7376003265381,3.1769,1.5749,1892.811774,-0.93655222,6.002631,15.905707
2016-12-26,3122.569,15.8072996139526,3.1551,1.4495,1705.556108,0.39916346,8.355058,43.424052
2016-12-27,3114.664,15.7722997665405,3.1628,1.3467,1621.939085,-0.25315694,11.161613,175.294654
2016-12-28,3102.2357,15.7156000137329,3.1223,1.2836,1543.29653,-0.39902538,2.231125,
2016-12-29,3096.0968,15.7012996673584,3.0471,1.2586,1499.191828,-0.19788632,57.670007,121.802988
2016-12-30,3103.6373,15.7530002593994,3.0115,1.2637,1517.327817,0.24354859,4.113125,6.115541
2017-01-03,3135.9208,15.921799659729,3.1054,1.3322,1598.871394,1.04018276,,2.000189
2017-01-04,3158.794,16.0543003082275,3.1823,1.5792,1959.142926,0.72939342,4.695268,8.79824
2017-01-05,3165.4109,16.0921993255615,3.2086,1.6465,1996.920267,0.20947552,6.697414,10.501392
2017-01-06,3154.321,16.0436000823975,3.1953,1.7349,2072.960384,-0.3503463,,7.146955
2017-01-09,3171.2362,16.12619972229,3.1692,1.6218,1921.105793,0.53625487,,
2017-01-10,3161.6713,16.0904006958008,3.1792,1.6568,1949.632165,-0.30161424,26.173653,26.173653
2017-01-11,3136.7535,15.9787998199463,3.2055,1.6631,1891.864593,-0.78812114,14.953631,21.960895
2017-01-12,3119.2886,15.9208002090454,3.1888,1.387,1619.222964,-0.55678267,,
2017-01-13,3112.7644,15.9084997177124,3.2022,1.4585,1744.385539,-0.20915666,14.001756,29.256864
2017-01-16,3103.428,15.8934001922607,3.2496,2.4159,2628.260418,-0.29993918,4.627296,4.627296
2017-01-17,3108.7746,15.9204998016357,3.2692,1.2725,1547.575547,0.17228046,,
2017-01-18,3113.0123,15.9388999938965,3.2682,1.2345,1445.467192,0.13631416,28.736283,39.59399
2017-01-19,3101.2992,15.8908996582031,3.2584,1.1618,1392.804614,-0.37626257,,
2017-01-20,3123.1389,16.0069007873535,3.244,1.1486,1414.718113,0.70421132,12.003571,26.799856
2017-01-23,3136.7748,16.0590000152588,3.2429,1.2482,1481.457358,0.43660882,25.774074,29.867103
2017-01-24,3142.5533,16.1229000091553,3.2837,1.187,1345.538521,0.18421788,,5.418946
2017-01-25,3149.5547,16.1835994720459,3.3463,1.0466,1267.658299,0.22279336,85.101375,107.536481
2017-01-26,3159.166,16.2546005249023,3.3465,1.0434,1250.131939,0.30516377,,
2017-02-03,3140.17,16.1471996307373,3.4214,0.852,1080.236598,-0.60129794,3.084385,3.084385
2017-02-06,3156.9838,16.2259006500244,3.4905,1.1813,1500.676947,0.53544235,,
2017-02-07,3153.0878,16.1965999603271,3.4866,1.1938,1525.590861,-0.12340893,6.951514,6.951514
2017-02-08,3166.9818,16.263599395752,3.4591,1.3462,1708.541262,0.44064742,,
2017-02-09,3183.1794,16.3472995758057,3.4148,1.7915,2097.231586,0.51145226,9.173,13.175844
2017-02-10,3196.699,16.4340000152588,3.4368,2.2343,2457.721639,0.42472001,14.001328,20.034423
2017-02-13,3216.8394,16.5541000366211,3.4192,2.0755,2361.587668,0.63003742,6.000187,15.110345
2017-02-14,3217.928,16.4986000061035,3.4107,1.7868,2042.538218,0.03384067,2.0028,2.0028
2017-02-15,3212.9857,16.4927997589111,3.4058,2.2856,2579.652444,-0.15358641,,
2017-02-16,3229.6184,16.5750999450684,3.3559,2.054,2265.876119,0.51767115,29.025297,65.340108
2017-02-17,3202.0756,16.4316005706787,3.3311,2.1389,2485.727515,-0.85281902,2.040373,27.717364
2017-02-20,3239.9613,16.6336994171143,3.2812,2.1819,2502.761318,1.1831607,5.507927,5.507927
2017-02-21,3253.3257,16.694299697876,3.3013,1.9909,2335.51176,0.41248641,,
2017-02-22,3261.2184,16.7266998291016,3.2839,1.9517,2348.153258,0.24260405,18.71535,22.257342
2017-02-23,3251.375,16.6812992095947,3.2714,1.9703,2368.225822,-0.30183198,18.309542,72.665329
2017-02-24,3253.4327,16.6795997619629,3.2916,1.7551,2138.390368,0.06328707,26.190075,42.392607
2017-02-27,3228.6602,16.5730991363525,3.2871,1.7154,2113.957158,-0.76142654,11.260835,15.261376
2017-02-28,3241.7331,16.6224002838135,3.2921,1.4226,1860.192888,0.4049017,12.00149,925.550744
2017-03-01,3246.9335,16.6443996429443,3.3252,1.7924,2259.409679,0.16042036,77.843631,121.944259
2017-03-02,3230.0281,16.568000793457,3.3483,1.7039,2230.439587,-0.52065741,38.446636,86.451737
2017-03-03,3218.3118,16.5049991607666,3.3573,1.4768,1927.07923,-0.36273059,38.953819,63.68476
2017-03-06,3233.8657,16.5716991424561,3.3615,1.467,1937.691723,0.48329376,,2.002097
2017-03-07,3242.4063,16.6219005584717,3.3643,1.5411,2099.312083,0.26409878,6.000773,57.043592
2017-03-08,3240.6646,16.576099395752,3.4088,1.5093,1982.257825,-0.05371628,28.427496,54.679182
2017-03-09,3216.7457,16.4629993438721,3.4151,1.5717,1992.176468,-0.73808626,11.466781,46.493022
2017-03-10,3212.7601,16.4312992095947,3.4156,1.2837,1736.631702,-0.12390162,39.949466,140.863498
2017-03-13,3237.0244,16.5550994873047,3.3851,1.537,2069.197419,0.7552478,9.908895,26.940109
2017-03-14,3239.3278,16.570499420166,3.3653,1.3782,1915.351266,0.07115794,,
2017-03-15,3241.7597,16.5762004852295,3.3524,1.3514,1857.272503,0.07507422,41.814084,148.924522
2017-03-16,3268.9354,16.6846008300781,3.3097,1.7772,2445.083444,0.83830088,21.634907,28.696699
2017-03-17,3237.4471,16.5230007171631,3.3124,1.8819,2621.840464,-0.96325856,14.420202,134.811096
2017-03-20,3250.8082,16.5431003570557,3.3141,1.6005,2139.517595,0.41270481,33.300389,143.223544
2017-03-21,3261.6108,16.593900680542,3.3141,1.5265,2191.212697,0.33230506,10.711606,14.712131
2017-03-22,3245.2198,16.5324993133545,3.3068,1.7789,2445.45459,-0.5025431,6.270328,6.270328
2017-03-23,3248.5495,16.5445995330811,3.3034,1.8041,2582.46691,0.10260322,21.047396,89.660775
2017-03-24,3269.4451,16.5963001251221,3.2529,2.0595,2670.941643,0.64322862,18.625053,25.646274
2017-03-27,3266.9552,16.5179004669189,3.2451,1.8921,2491.855403,-0.07615665,23.379892,25.95254
2017-03-28,3252.9479,16.3974990844727,3.2626,1.5153,2034.524817,-0.42875703,,2.000339
2017-03-29,3241.3144,16.42799949646,3.2695,2.0229,2453.718526,-0.35762946,91.65141,104.255758
2017-03-30,3210.2369,16.2681999206543,3.289,2.3109,2656.948716,-0.95879314,5.111053,9.1135
2017-03-31,3222.5142,16.3281002044678,3.2828,1.8385,2140.361599,0.38244218,2.106538,7.108015
2017-04-05,3270.3054,16.6109008789062,3.3102,2.3169,2732.011556,1.48304079,,
2017-04-06,3281.0047,16.6457004547119,3.3109,2.2918,2623.355875,0.32716516,4.499275,4.499275
2017-04-07,3286.616,16.6686992645264,3.2966,2.208,2667.383228,0.17102383,,14.244245
2017-04-10,3269.3926,16.5764999389648,3.3166,2.1675,2794.151953,-0.52404662,6.626288,8.683438
2017-04-11,3288.9657,16.6690998077393,3.3209,2.6225,3266.224069,0.59867695,3.094843,3.094843
2017-04-12,3273.8301,16.6117000579834,3.3283,2.5147,3115.055237,-0.46019331,13.120137,13.120137
2017-04-13,3275.9603,16.6285991668701,3.322,1.9353,2232.872147,0.06506752,,2.303079
2017-04-14,3246.0668,16.5009994506836,3.3599,1.9974,2241.066794,-0.91251106,42.942598,86.280092
2017-04-17,3222.1673,16.3752002716064,3.416,1.9827,2272.146813,-0.73626026,4.081635,14.723553
2017-04-18,3196.7133,16.2479991912842,3.4064,1.7583,2118.667676,-0.78996519,8.66367,8.66367
2017-04-19,3170.6867,16.1154003143311,3.4065,1.9819,2258.060565,-0.81416748,,2.00055
2017-04-20,3172.1003,16.1268997192383,3.424,1.7703,2200.982327,0.0445834,7.206172,84.658952
2017-04-21,3173.1512,16.1473007202148,3.4614,1.5268,1841.314407,0.03312947,,0.574961
2017-04-24,3129.5312,15.934700012207,3.4991,1.7305,1978.452535,-1.37465873,6.335966,
2017-04-25,3134.5674,15.9076995849609,3.4568,1.4215,1741.292496,0.16092506,4.044849,32.55998
2017-04-26,3140.8471,15.9263000488281,3.4519,1.5783,1971.12873,0.20033705,9.914649,15.658805
2017-04-27,3152.1869,15.9077997207642,3.4494,1.9662,2357.483193,0.36104273,20.846634,20.846634
2017-04-28,3154.6584,15.4855003356934,3.4668,1.5143,1831.957698,0.07840588,2.000288,2.000288
2017-05-02,3143.7121,15.2477998733521,3.487,1.4315,1763.899166,-0.34698844,5.642263,5.642263
2017-05-03,3135.346,15.2089996337891,3.5219,1.5206,1902.366006,-0.2661217,4.687323,4.687323
2017-05-04,3127.3687,15.1746997833252,3.5517,1.6484,2001.708515,-0.25443125,7.703844,10.045277
2017-05-05,3103.0378,15.0851001739502,3.5592,1.6358,2002.739081,-0.77799909,,
2017-05-08,3078.6129,14.9891004562378,3.6042,1.6789,1981.716894,-0.78712866,15.966387,15.966387
2017-05-09,3080.5269,14.9958000183105,3.6325,1.255,1527.959016,0.06217086,2.238916,2.238916
2017-05-10,3052.785,14.8872995376587,3.69,1.4954,1816.241516,-0.90055698,5.710503,5.710503
2017-05-11,3061.5003,14.9426002502441,3.64,1.7804,1976.040701,0.28548686,,
2017-05-12,3083.5132,15.0763998031616,3.6525,1.4863,1751.072457,0.71902328,14.916238,14.915669
2017-05-15,3090.2289,15.1038999557495,3.61,1.2615,1582.696077,0.21779378,5.864056,10.864306
2017-05-16,3112.9642,15.1953001022339,3.6225,1.6157,1932.921045,0.73571573,2.330345,2.330345
2017-05-17,3104.4415,15.1434001922607,3.6275,1.5676,1945.605941,-0.27378085,12.202918,12.202918
2017-05-18,3090.139,15.0847997665405,3.6075,1.3785,1681.495141,-0.46071089,9.288264,12.779969
2017-05-19,3090.6309,15.0895004272461,3.625,1.187,1501.642262,0.01591838,18.67624,23.683584
2017-05-22,3075.6756,15.045599937439,3.6601,1.4113,1703.409826,-0.48389149,5.23736,9.537755
2017-05-23,3061.947,15.0125999450684,3.6725,1.6449,1950.736536,-0.44636047,,47.553215
2017-05-24,3064.0759,15.0207004547119,3.6601,1.2894,1526.692015,0.06952766,6.173022,19.266682
2017-05-25,3107.8311,15.2544002532959,3.6476,1.7681,2019.10125,1.4280064,15.849291,28.961746
2017-05-26,3110.0587,15.2589998245239,3.6501,1.4336,1713.273846,0.071677,4.202489,6.702833
2017-05-31,3117.1778,15.2982997894287,3.6102,1.4056,1779.133099,0.22890565,5.657844,5.657844
2017-06-01,3102.6232,15.253399848938,3.6152,1.4957,1807.826247,-0.46691594,5.632212,10.515633
2017-06-02,3105.54,15.2531003952026,3.6277,1.3072,1544.543479,0.09401077,32.432648,53.041559
2017-06-05,3091.6561,15.1561002731323,3.6152,1.2166,1434.29802,-0.44706879,2.073645,2.073645
2017-06-06,3102.126,15.2104997634888,3.6328,1.0326,1278.046242,0.33865021,2.052389,4.05268
2017-06-07,3140.3249,15.3837995529175,3.6427,1.5816,1942.879455,1.23137809,20.405721,25.906524
2017-06-08,3150.3336,15.4416999816895,3.6478,1.3894,1788.942985,0.31871543,10.912257,27.507232
2017-06-09,3158.4004,15.4910001754761,3.6303,1.4595,1815.848847,0.25606177,14.376879,16.877374
2017-06-12,3139.8766,15.4174003601074,3.5841,1.3342,1693.92918451,-0.58649309,,6.283192
2017-06-13,3153.7429,15.4773998260498,3.5754,1.1645,1484.5787,0.44161927,5.844148,9.932895
2017-06-14,3130.674,15.3638000488281,3.5354,1.2572,1606.412296,-0.73147687,4.401043,7.871754
2017-06-15,3132.4863,15.3531999588013,3.5554,1.3372,1711.245293,0.05788849,13.039554,46.729147
2017-06-16,3123.1662,15.3104000091553,3.568,1.1803,1492.154776,-0.29753043,10.26411,63.866779
2017-06-19,3144.3739,15.4121999740601,3.5006,1.2262,1517.417978,0.67904487,,55.34537
2017-06-20,3140.0136,15.3978996276855,3.4881,1.2774,1624.980145,-0.1386699,2.17861,2.17861
2017-06-21,3156.2118,15.4794998168945,3.5406,1.2364,1670.482159,0.51586401,30.814102,139.420687
2017-06-22,3147.4532,15.461799621582,3.5607,1.7316,2204.384395,-0.27750356,,2.500537
2017-06-23,3157.873,15.5178003311157,3.5457,1.4015,1755.685241,0.33105496,6.697165,71.804411
2017-06-26,3185.4439,15.6344995498657,3.5134,1.5682,2004.193022,0.87308451,,
2017-06-27,3191.1969,15.6686000823975,3.5084,1.3397,1675.238003,0.18060277,4.403967,20.650101
2017-06-28,3173.2014,15.5936002731323,3.5333,1.3257,1620.810997,-0.56391068,9.663545,30.763395
2017-06-29,3188.0625,15.6768999099731,3.5483,1.1588,1472.497981,0.46833145,7.51868,11.428359
2017-06-30,3192.4269,15.6680002212524,3.5683,1.0799,1431.956034,0.13689819,,
2017-07-03,3195.9116,15.6784000396729,3.6033,1.2567,1565.757843,0.1091552,12.953732,12.953732
2017-07-04,3182.8039,15.6171998977661,3.6009,1.2621,1614.545623,-0.41013963,14.292027,16.292117
2017-07-05,3207.1342,15.7372999191284,3.576,1.325,1735.54012,0.76442975,20.890885,20.890885
2017-07-06,3212.444,15.7684001922607,3.566,1.5729,2022.096169,0.16556214,2.580941,2.580941
2017-07-07,3217.9567,15.7871999740601,3.5897,1.5818,2019.383132,0.17160455,17.441349,17.441349
2017-07-10,3212.6319,15.7791004180908,3.5911,1.789,2228.283117,-0.16547146,,
2017-07-11,3203.0375,15.7555999755859,3.5836,1.691,2054.933662,-0.2986461,,
2017-07-12,3197.5439,15.7360000610352,3.5749,1.6851,2017.996221,-0.1715122,6.814316,15.042627
2017-07-13,3218.1632,15.8477001190186,3.5643,1.7581,2108.208963,0.64484807,9.744605,15.194385
2017-07-14,3222.4168,15.8737001419067,3.5637,1.4369,1743.121381,0.13217478,21.358355,40.767614
2017-07-17,3176.4648,15.7199001312256,3.5626,2.3908,2746.5325,-1.42601044,,
2017-07-18,3187.5672,15.7520999908447,3.5851,1.7118,1964.523615,0.34952064,7.611453,7.611453
2017-07-19,3230.9762,15.9582996368408,3.5901,2.4454,2697.710195,1.36182227,,
2017-07-20,3244.8647,16.0212001800537,3.574,2.0839,2458.254219,0.42985461,4.529929,58.989199
2017-07-21,3237.9817,15.9806995391846,3.5829,1.8479,2219.569099,-0.21211978,10.769219,24.337385
2017-07-24,3250.5989,16.0589008331299,3.5769,2.0889,2506.311942,0.38966249,16.078306,18.07861
2017-07-25,3243.6894,16.0335998535156,3.592,1.8431,2134.054989,-0.21256083,9.65419,49.582729
2017-07-26,3247.6748,16.0825996398926,3.617,1.9155,2284.605185,0.12286626,2.031777,2.031777
2017-07-27,3249.7814,16.0823993682861,3.6021,2.0486,2425.720814,0.06486487,5.600113,40.242221
2017-07-28,3253.2404,16.0976009368896,3.6034,1.6332,1984.28584,0.10643793,2.224361,19.625891
2017-07-31,3273.0283,16.1774997711182,3.626,2.2021,2535.259208,0.60825201,11.958731,11.958731
2017-08-01,3292.6383,16.286600112915,3.6373,2.123,2564.199422,0.59913934,31.472116,36.47977
2017-08-02,3285.0568,16.285400390625,3.6311,2.3806,2793.523417,-0.23025608,0.212585,3.22262
2017-08-03,3272.9286,16.2180004119873,3.6262,2.0773,2435.495427,-0.36919301,13.311724,70.620029
2017-08-04,3262.0809,16.1664009094238,3.6262,2.4625,2856.347603,-0.33143711,16.253757,46.83345
2017-08-07,3279.4566,16.2427997589111,3.6626,2.0611,2318.743718,0.53265693,,
2017-08-08,3281.8728,16.2553997039795,3.6538,2.2501,2557.701845,0.07367684,0.865503,0.865503
2017-08-09,3275.573,16.1928005218506,3.66,2.1039,2378.151255,-0.19195747,14.948761,35.284984
2017-08-10,3261.7494,16.1201992034912,3.6375,2.1483,2518.540397,-0.42202082,14.265554,52.144964
2017-08-11,3208.5413,15.8720998764038,3.6163,2.346,2669.982624,-1.63127492,22.657252,232.947275
2017-08-14,3237.3602,16.0074005126953,3.5925,1.6946,2090.960787,0.89819321,,10.948231
2017-08-15,3251.2617,16.0963001251221,3.5801,1.6223,2045.958586,0.4294085,,
2017-08-16,3246.4512,16.0708999633789,3.5988,1.574,2008.325337,-0.14795795,16.647775,21.612501
2017-08-17,3268.4298,16.172399520874,3.5926,1.8135,2283.769442,0.67700386,,25.56413
2017-08-18,3268.7243,16.138500213623,3.5951,1.7014,2184.377407,0.00901044,11.687129,16.153332
2017-08-21,3286.9055,16.2206993103027,3.6181,1.6603,2097.185929,0.55621699,,
2017-08-22,3290.2257,16.2292995452881,3.6201,1.665,2229.274915,0.10101294,4.895056,42.598454
2017-08-23,3287.7049,16.2248992919922,3.6152,1.6055,2043.304214,-0.0766148,29.254668,33.792462
2017-08-24,3271.5117,16.1200008392334,3.6252,1.46,1862.450566,-0.49253812,5.293092,14.729142
2017-08-25,3331.5221,16.4512996673584,3.6327,1.8381,2271.410294,1.83433243,13.714609,26.894868
2017-08-28,3362.6514,16.492000579834,3.6502,2.2971,3053.198831,0.93438672,,
2017-08-29,3365.2261,16.4794998168945,3.6303,1.9577,2689.160948,0.07656756,15.541043,15.541043
2017-08-30,3363.6266,16.3946990966797,3.6303,2.1987,2796.407966,-0.04753024,29.501132,54.994129
2017-08-31,3360.8103,16.1910991668701,3.6265,2.0885,2691.331078,-0.08372808,2.005551,102.563963
2017-09-01,3367.1194,16.2028007507324,3.6353,2.5279,3137.220927,0.18772556,5.762349,13.709959
2017-09-04,3379.583,16.2670993804932,3.6454,2.3909,2963.484323,0.37015616,,
2017-09-05,3384.317,16.3178997039795,3.6641,1.9369,2455.966083,0.14007645,2.179508,3.679552
2017-09-06,3385.3888,16.3194999694824,3.6554,2.038,2620.346535,0.03166961,41.814512,68.961266
2017-09-07,3365.4974,16.2306003570557,3.6155,1.9692,2640.370235,-0.58756619,4.004785,6.006898
2017-09-08,3365.2426,16.2289009094238,3.6005,1.7614,2351.602274,-0.00757095,2.271824,19.757266
2017-09-11,3376.4188,16.2698993682861,3.6156,1.9478,2568.888105,0.33210681,,
2017-09-12,3379.488,16.2886009216309,3.6181,2.4274,3250.24952,0.09090105,13.874095,46.205651
2017-09-13,3384.147,16.3050003051758,3.6356,1.7232,2307.334089,0.13786112,9.72325,61.723573
2017-09-14,3371.4256,16.2273006439209,3.5982,1.9604,2567.444213,-0.37591157,,
2017-09-15,3353.6192,16.1436004638672,3.5982,1.9497,2529.106878,-0.5281564,16.147696,40.807231
2017-09-18,3362.8587,16.1742992401123,3.622,1.6835,2279.386354,0.27550832,,1.418323
2017-09-19,3356.8446,16.1557006835938,3.6158,1.6918,2207.2873,-0.17883891,,
2017-09-20,3365.9959,16.1889991760254,3.6209,1.7017,2258.390693,0.27261613,9.390915,52.816349
2017-09-21,3357.8123,16.1881008148193,3.6334,1.7476,2319.461244,-0.24312567,15.251004,15.251004
2017-09-22,3352.5294,16.1777992248535,3.6209,1.5867,2065.83469,-0.15733161,,
2017-09-25,3341.5487,16.1546001434326,3.5985,1.5007,2024.016905,-0.32753479,,
2017-09-26,3343.5826,16.1597003936768,3.6172,1.1727,1590.39634,0.06086699,62.734705,65.49232
2017-09-27,3345.2717,16.1511001586914,3.6235,1.2652,1689.813377,0.05051767,40.166409,51.046792
2017-09-28,3339.6421,16.1271991729736,3.6136,1.3217,1819.556274,-0.16828528,13.458499,15.458906
2017-09-29,3348.9431,16.171199798584,3.6136,1.2802,1758.92823,0.2785029,35.989651,86.089641
2017-10-09,3374.3781,16.2896003723145,3.6477,1.6845,2274.405939,0.75949335,9.808874,9.808874
2017-10-10,3382.9879,16.3318004608154,3.647,1.5796,2311.486151,0.2551522,,
2017-10-11,3388.2838,16.3624000549316,3.654,1.5979,2311.545059,0.15654505,,
2017-10-12,3386.1,16.3500995635986,3.6765,1.4226,2016.678641,-0.06445151,,
2017-10-13,3390.5233,16.3591995239258,3.674,1.2307,1811.184582,0.13063111,4.390924,19.492759
2017-10-16,3378.4704,16.3162994384766,3.7054,1.5338,2216.506898,-0.3554879,,2.037477
2017-10-17,3372.0407,16.2877998352051,3.7409,1.0937,1629.108282,-0.19031394,,15.103681
2017-10-18,3381.7937,16.3610992431641,3.7366,1.3781,1942.987667,0.28923138,,15.103681
2017-10-19,3370.1721,16.3164005279541,3.7167,1.3925,1879.212923,-0.34365195,33.031808,33.031808
2017-10-20,3378.6481,16.3342990875244,3.7217,1.1167,1550.650939,0.25150051,,
2017-10-23,3380.699,16.3323001861572,3.7231,1.1481,1643.694418,0.06070179,4.339996,4.339996
2017-10-24,3388.2477,16.3666000366211,3.722,1.2286,1785.528789,0.22328814,2.419621,2.419621
2017-10-25,3396.8975,16.3964996337891,3.7768,1.0789,1600.606967,0.2552883,,80.09999
2017-10-26,3407.5671,16.3647994995117,3.7769,1.6122,2385.961268,0.31409838,38.448678,67.086409
2017-10-27,3416.8124,16.2660007476807,3.8266,1.4902,2123.77188,0.27131674,,
2017-10-30,3390.3371,15.9373998641968,3.9115,1.7724,2577.766529,-0.77485378,2.009956,2.009956
2017-10-31,3393.3417,15.6879997253418,3.8917,1.2863,1999.295845,0.08862246,,
2017-11-01,3395.9125,15.6926002502441,3.863,1.5551,2319.783782,0.07576013,78.214334,81.314324
2017-11-02,3383.3095,15.6697998046875,3.8718,1.4205,2100.149707,-0.37112264,5.507229,41.694199
2017-11-03,3371.7441,15.6234998703003,3.8816,1.4735,2074.379462,-0.34183689,29.009233,97.01947
2017-11-06,3388.1742,15.6733999252319,3.8694,1.3197,2043.112255,0.48728787,68.398011,89.992679
2017-11-07,3413.5748,15.8183002471924,3.8813,1.6357,2425.959494,0.749684,,
2017-11-08,3415.4602,15.8270998001099,3.8725,1.592,2420.255941,0.05523242,,
2017-11-09,3427.7946,15.87380027771,3.8863,1.3612,2054.336723,0.36113435,20.463118,40.344259
2017-11-10,3432.6731,15.8853998184204,3.9,1.6247,2557.7211,0.14232183,25.765046,28.791288
2017-11-13,3447.8358,15.9695997238159,3.95,1.7621,2667.381298,0.44171698,,
2017-11-14,3429.5482,15.8966999053955,3.9525,1.6815,2674.354233,-0.53040809,2.301174,32.405277
2017-11-15,3402.5245,15.7765998840332,3.95,1.4425,2397.341891,-0.78796676,51.340316,53.546414
2017-11-16,3399.2503,15.768500328064,3.9225,1.3391,2208.62463,-0.09622855,27.970459,27.970459
2017-11-17,3382.9075,15.7609996795654,3.92,2.1337,3137.503561,-0.4807766,4.030216,204.2302
2017-11-20,3392.3988,15.8263998031616,3.94,1.5085,2283.081368,0.28056635,,
2017-11-21,3410.4977,15.9147996902466,3.95,1.6798,2653.038499,0.53351334,,2.061391
2017-11-22,3430.4643,16.0359992980957,3.985,1.8223,2736.747334,0.58544534,43.89172,43.89172
2017-11-23,3351.9182,15.6851997375488,3.9851,1.8289,2704.69024,-2.28966382,,
2017-11-24,3353.8207,15.6949996948242,3.9463,1.3545,2076.238849,0.05675855,27.819289,108.022037
2017-11-27,3322.2298,15.5476999282837,3.9501,1.41,2058.033985,-0.94193765,8.430411,21.231069
2017-11-28,3333.657,15.5740995407104,3.9601,1.174,1670.629334,0.34396176,,4.094772
2017-11-29,3337.862,15.5995998382568,3.9101,1.5632,2177.694381,0.12613775,20.607674,20.607674
2017-11-30,3317.1884,15.5044002532959,3.8901,1.3329,1920.767851,-0.61936653,17.716929,17.716929
2017-12-01,3317.6174,15.4891004562378,3.8852,1.1873,1774.90258,0.01293264,67.75494,67.75494
2017-12-04,3309.6183,15.4716997146606,3.8902,1.2599,1850.253596,-0.24110978,54.052592,56.330215
2017-12-05,3303.6751,15.4874000549316,3.8752,1.7767,2434.896001,-0.17957358,5.114258,5.114258
2017-12-06,3293.9648,15.4350004196167,3.8752,1.293,1791.743789,-0.29392418,75.285591,177.626361
2017-12-07,3272.0542,15.3239002227783,3.8927,1.1253,1617.645889,-0.66517408,3.942352,6.443202
2017-12-08,3289.9924,15.3991003036499,3.9102,1.1354,1657.616498,0.54822442,2.477846,2.477846
2017-12-11,3322.1956,15.5425996780396,3.9303,1.1216,1729.864314,0.97882293,2.64858,5.067933
2017-12-12,3280.8136,15.3440999984741,3.9378,1.0606,1609.786152,-1.24562202,,
2017-12-13,3303.0373,15.4546003341675,3.9303,0.9506,1452.95312,0.67738381,23.636311,86.037307
2017-12-14,3292.4385,15.4114999771118,3.9104,1.0255,1513.460877,-0.32088042,14.631905,14.631905
2017-12-15,3266.1371,15.2959995269775,3.8904,1.1156,1618.779174,-0.79884256,0.131759,0.131759
2017-12-18,3267.9224,15.3242998123169,3.8904,1.0277,1497.382241,0.0546609,9.904208,9.904208
2017-12-19,3296.5384,15.4804000854492,3.9005,0.9806,1507.865827,0.87566339,4.220496,4.220496
2017-12-20,3287.6057,15.4492998123169,3.9005,1.1737,1679.618479,-0.27097212,23.242845,136.995643
2017-12-21,3300.0593,15.5038003921509,3.9005,1.1464,1737.400956,0.37880455,,
2017-12-22,3297.063,15.4861001968384,3.878,1.0225,1520.994439,-0.09079534,5.207903,7.34848
2017-12-25,3280.461,15.4437999725342,3.8731,1.176,1772.935899,-0.50353906,59.748671,74.848661
2017-12-26,3306.1246,15.5759000778198,3.8881,1.1629,1746.792638,0.78231688,15.70271,59.507316
2017-12-27,3275.7828,15.4305000305176,3.8956,1.3158,1982.646752,-0.91774521,34.308809,108.623296
2017-12-28,3296.3847,15.5392999649048,3.8857,1.4388,2080.198596,0.62891532,2.52228,38.322081
2017-12-29,3307.1721,15.6352996826172,3.8807,1.1994,1703.567551,0.32724943,5.696229,38.096494
2018-01-02,3348.3259,15.8495998382568,3.9008,1.7132,2277.884611,1.24438036,0.160362,0.160362
2018-01-03,3369.1084,15.9308004379272,3.9162,1.8101,2583.665232,0.62068331,,
2018-01-04,3385.7102,15.9861001968384,3.9319,1.7515,2430.907687,0.49276539,2.039964,2.039964
2018-01-05,3391.7501,16.0184993743896,3.9212,1.8031,2481.878405,0.17839389,,
2018-01-08,3409.4795,16.0869998931885,3.911,1.995,2862.132191,0.52272129,,
2018-01-09,3413.8996,16.1068000793457,3.8909,1.6179,2382.499751,0.12964149,,
2018-01-10,3421.8343,16.1669998168945,3.9201,1.7663,2545.154413,0.23242336,9.082486,109.182476
2018-01-11,3425.3449,16.1944999694824,3.9546,1.4674,2184.141341,0.1025941,,
2018-01-12,3428.9407,16.2152004241943,3.9337,1.4663,2159.614557,0.10497629,27.527705,29.658221
2018-01-15,3410.4882,16.1464996337891,3.965,1.9584,2863.627329,-0.53813996,,
2018-01-16,3436.594,16.2726993560791,3.9596,1.7848,2665.788152,0.76545639,19.645899,19.645899
2018-01-17,3444.6713,16.3271007537842,3.9597,2.2038,3165.326789,0.23503795,78.173853,178.273853
2018-01-18,3474.754,16.5277004241943,3.9797,1.8576,2676.926405,0.87331119,,
2018-01-19,3487.864,16.6012001037598,3.9754,2.0877,2941.890724,0.3772929,116.251444,186.054416
2018-01-22,3501.3622,16.6473007202148,3.9522,1.8332,2612.957141,0.38700477,,
2018-01-23,3546.5048,16.9381008148193,3.9414,2.0109,2820.918893,1.28928678,329.564547,333.664517
2018-01-24,3559.4653,16.9664001464844,3.9507,2.1182,3076.292171,0.36544431,54.650084,61.353061
2018-01-25,3548.307,16.8913993835449,3.9435,2.0402,2879.89535,-0.31348248,30.758214,55.147254
2018-01-26,3558.1288,16.9505996704102,3.9365,1.8669,2581.495146,0.27680243,10.808223,12.878415
2018-01-29,3523.0007,16.778600692749,3.9368,1.9797,2854.170044,-0.98726331,49.758906,62.058948
2018-01-30,3488.009,16.5977993011475,3.9292,1.5629,2246.816925,-0.99323568,3.783946,61.025392
2018-01-31,3480.8334,16.6147003173828,3.914,1.7433,2426.579586,-0.20572195,97.210859,97.210859
2018-02-01,3446.9799,16.5030994415283,3.9066,2.19,2928.822563,-0.97256881,145.454308,161.75666
2018-02-02,3462.0808,16.5687999725342,3.9092,1.7499,2362.787556,0.43809075,8.404703,52.848189
2018-02-05,3487.497,16.7294006347656,3.9167,1.8317,2521.987693,0.73413076,,
2018-02-06,3370.652,16.1800003051758,3.8825,2.3604,3188.185418,-3.35039715,44.109656,49.709616
2018-02-07,3309.2598,15.8276996612549,3.87,2.1928,2952.644299,-1.82137462,17.568661,89.306421
2018-02-08,3262.0504,15.5549001693726,3.8801,1.6782,2223.486853,-1.42658488,107.920092,122.701463
2018-02-09,3129.8508,14.9285001754761,3.88,2.1449,2720.950868,-4.05265351,12.005439,16.62194
2018-02-12,3154.1254,15.0088996887207,3.875,1.2792,1710.031822,0.7755833,4.047433,2.484981
2018-02-13,3184.9587,15.1534004211426,3.87,1.2623,1720.45207,0.97755467,99.51199,101.87997
2018-02-14,3199.1589,15.2045001983643,3.8702,0.8399,1145.52203,0.44585194,,
2018-02-22,3268.5589,15.5481996536255,3.8752,1.1625,1573.038825,2.16932019,3.893371,3.893371
2018-02-23,3289.0241,15.6463003158569,3.8702,1.2225,1595.025148,0.62612303,2.437902,17.738591
2018-02-26,3329.5737,15.8055000305176,3.8452,1.5815,2133.330349,1.23287634,,
2018-02-27,3292.0679,15.601300239563,3.8201,1.4607,2043.943815,-1.12644451,2.068978,2.068978
2018-02-28,3259.408,15.5678997039795,3.8202,1.265,1802.338152,-0.99207857,,
2018-03-01,3273.7549,15.6233997344971,3.8201,1.3322,1852.77782,0.44016889,,82.1
2018-03-02,3254.5283,15.5247001647949,3.8352,1.2644,1786.029919,-0.58729504,6.219135,26.319125
2018-03-05,3256.9263,15.5371999740601,3.8453,1.1928,1741.486345,0.07368195,2.117314,2.117314
2018-03-06,3289.6419,15.6798000335693,3.8253,1.6261,2243.817895,1.0044931,,11.591151
2018-03-07,3271.6683,15.6198997497559,3.8203,1.3874,1934.893354,-0.5463695,106.20721,151.30721
2018-03-08,3288.4055,15.6850996017456,3.8203,1.2416,1758.953912,0.51157998,6.824953,62.624928
2018-03-09,3307.1656,15.770899772644,3.8278,1.3954,2023.491819,0.57049229,2.037273,56.237264
2018-03-12,3326.6992,15.8473997116089,3.8243,1.7099,2478.941762,0.59064475,32.96547,43.065662
2018-03-13,3310.2389,15.7430000305176,3.8362,1.4692,2023.75117,-0.49479376,,
2018-03-14,3291.3819,15.6513996124268,3.8413,1.3111,1834.576304,-0.56965677,15.534205,62.375111
2018-03-15,3291.112,15.6513004302979,3.8257,1.2433,1795.166181,-0.0082002,,107.556608
2018-03-16,3269.8821,15.529899597168,3.8154,1.1811,1677.615349,-0.64506769,2.020299,12.120319
2018-03-19,3279.2517,15.5907001495361,3.8104,1.1546,1697.72207,0.28654244,23.215633,35.718607
2018-03-20,3290.6399,15.6410999298096,3.7906,1.1708,1669.798814,0.34728045,,
2018-03-21,3280.9521,15.4911003112793,3.763,1.4093,2086.176867,-0.29440474,133.347451,153.447431
2018-03-22,3263.4803,15.4029998779297,3.748,1.2593,1844.717288,-0.53252225,41.172547,44.272557
2018-03-23,3152.7608,14.8621997833252,3.7005,2.2973,2934.05066,-3.39268173,32.59451,60.660748
2018-03-26,3133.7218,14.7056999206543,3.7307,1.5546,2159.102591,-0.60388343,34.417059,45.753696
2018-03-27,3166.6488,14.8275995254517,3.7432,1.5753,2270.850873,1.05073143,22.840167,44.941902
2018-03-28,3122.2895,14.5570001602173,3.7406,1.3617,2086.178517,-1.4008279,13.523824,13.523824
2018-03-29,3160.5306,14.7596998214722,3.7456,1.4299,2109.202233,1.22477752,7.429282,49.529621
2018-03-30,3168.8966,14.7196998596191,3.7407,1.3003,1960.066969,0.26470239,6.839203,48.040172
2018-04-02,3163.179,14.6346998214722,3.7357,1.4945,2262.535664,-0.18042873,21.847842,21.847842
2018-04-03,3136.6332,14.5109996795654,3.7507,1.2795,1896.927152,-0.8392127,27.989811,30.000173
2018-04-04,3131.1114,14.457799911499,3.7234,1.2353,1934.928242,-0.17604226,9.221304,20.437314
2018-04-09,3138.2936,14.5380001068115,3.6959,1.1727,1772.369201,0.22938181,,
2018-04-10,3190.3216,14.7988996505737,3.7159,1.4126,2060.874131,1.65784361,2.058403,44.364016
2018-04-11,3208.0818,14.8803997039795,3.7109,1.4749,2114.20424,0.55668996,,
2018-04-12,3180.1583,14.7158002853394,3.7109,1.2432,1850.400546,-0.8704111,,33.40004
2018-04-13,3159.0521,14.6219997406006,3.7062,1.0692,1636.517506,-0.66368394,49.169684,69.371964
2018-04-16,3110.6489,14.3535003662109,3.6561,1.2921,1922.333492,-1.53220645,,50.200382
2018-04-17,3066.7967,14.15149974823,3.6512,1.2343,1854.280293,-1.40974444,10.66486,20.76485
2018-04-18,3091.3987,14.2552003860474,3.5013,1.3331,2022.3897,0.80220512,,
2018-04-19,3117.376,14.3613996505737,3.5064,1.3408,1961.989847,0.84030895,41.576035,46.676045
2018-04-20,3071.5425,14.1403999328613,3.5215,1.2965,1851.390691,-1.47025896,,
2018-04-23,3068.012,14.1075000762939,3.6019,1.0989,1578.547951,-0.11494225,84.515663,92.115941
2018-04-24,3128.9271,14.37380027771,3.5855,1.3553,1955.450061,1.98549093,,52.002864
2018-04-25,3117.9739,14.3142995834351,3.6118,1.0629,1612.981417,-0.35006249,17.837802,17.837802
2018-04-26,3075.0301,14.0542001724243,3.6344,1.1185,1637.837746,-1.37729825,38.526465,69.826445
2018-04-27,3082.2316,13.9553003311157,3.6364,1.0927,1795.2026,0.23419283,18.189837,18.189837
2018-05-02,3081.1773,13.8250999450684,3.6665,1.1161,1682.46153,-0.03420574,,
2018-05-03,3100.8586,13.9072999954224,3.6467,1.1637,1734.449591,0.63875909,,5.38847
2018-05-04,3091.0334,13.8562002182007,3.6319,0.9891,1484.363634,-0.31685418,16.878753,21.163922
2018-05-07,3136.6448,14.0535001754761,3.6518,1.158,1782.4387,1.4756036,,
2018-05-08,3161.4976,14.1824998855591,3.6922,1.2259,1890.116474,0.79233709,0.100009,0.100009
2018-05-09,3159.1502,14.1766996383667,3.7074,1.0199,1534.564262,-0.07424962,17.586188,37.786168
2018-05-10,3174.4127,14.2400999069214,3.6924,1.1068,1654.403639,0.48312043,22.70872,22.70872
2018-05-11,3163.2632,14.2112998962402,3.6882,1.0868,1673.642904,-0.35123032,0.11039,0.11039
2018-05-14,3174.032,14.2651996612549,3.6937,1.0754,1724.106911,0.34043326,5.063625,9.163663
2018-05-15,3192.1183,14.3402004241943,3.7151,1.0379,1629.9079,0.56982097,3.958858,20.893189
2018-05-16,3169.5652,14.2237997055054,3.7076,1.0869,1745.909798,-0.70652457,8.917738,27.759939
2018-05-17,3154.2825,14.1545000076294,3.712,0.9487,1505.988422,-0.48217024,32.853589,36.854762
2018-05-18,3193.3034,14.3421001434326,3.7099,1.1352,1680.380575,1.23707689,4.573681,4.573681
2018-05-21,3213.8404,14.4182996749878,3.6939,1.3666,2026.634645,0.64312711,63.975494,66.907064
2018-05-22,3214.3497,14.417799949646,3.67,1.1965,1857.216678,0.01584708,4.700186,4.700186
2018-05-23,3168.9642,14.2124996185303,3.64,1.3115,1993.58101,-1.41196523,7.421961,10.73786
2018-05-24,3154.6506,14.1422004699707,3.6501,1.0301,1606.581855,-0.45168071,,
2018-05-25,3141.3032,14.0949001312256,3.6126,1.0675,1665.540499,-0.42310232,8.484518,18.578785
2018-05-28,3135.0821,14.0691003799438,3.6101,1.0618,1681.912584,-0.19804201,,
2018-05-29,3120.4605,13.9877996444702,3.6001,1.1229,1778.261064,-0.46638651,4.760756,6.860848
2018-05-30,3041.4434,13.6345996856689,3.5976,1.2807,1919.951967,-2.53222561,12.896614,12.896614
2018-05-31,3095.4737,13.8690996170044,3.6129,1.1573,1851.99037,1.77646903,36.744468,39.144655
2018-06-01,3075.1372,13.782600402832,3.6202,1.0719,1665.488818,-0.65697538,,5.09999
2018-06-04,3091.1909,13.8675003051758,3.6532,0.9454,1546.716133,0.52204825,,4.573105
2018-06-05,3114.2055,13.9596004486084,3.6602,0.9797,1648.063075,0.74452212,,0.078581
2018-06-06,3115.1803,13.9541997909546,3.6602,0.9916,1628.799567,0.03130172,21.226073,45.769962
2018-06-07,3109.4988,13.9376001358032,3.6702,1.0526,1671.743041,-0.1823811,13.47698,46.98371
2018-06-08,3067.1478,13.7396001815796,3.6453,1.1088,1611.787829,-1.36198798,23.362224,63.563114
2018-06-11,3052.7831,13.6893997192383,3.6502,0.8932,1430.373238,-0.46834065,,40.19998
2018-06-12,3079.8018,13.8102998733521,3.6853,0.9302,1544.690923,0.88505141,,
2018-06-13,3049.7965,13.6873998641968,3.6627,0.9314,1559.352631,-0.97426075,15.874256,80.537479
2018-06-14,3044.1597,13.6777000427246,3.6227,0.92,1475.88827,-0.18482545,2.506271,11.21649
2018-06-15,3021.9008,13.6062002182007,3.6028,1.1685,1621.960164,-0.73120014,12.466217,16.466657
2018-06-19,2907.8221,13.1445999145508,3.5603,1.8743,2412.036411,-3.77506436,,
2018-06-20,2915.7314,13.1527004241943,3.6054,1.1677,1533.342781,0.27200082,12.828613,45.7407
2018-06-21,2875.8099,12.9806995391846,3.5753,1.2468,1597.131618,-1.36917619,21.506312,52.607522
2018-06-22,2889.7603,13.0350999832153,3.5604,1.014,1271.614739,0.48509465,4.184998,4.184998
2018-06-25,2859.3364,12.9372997283936,3.5803,0.9754,1323.504716,-1.05281743,5.874819,36.001222
2018-06-26,2844.5081,12.8599004745483,3.5804,1.0142,1384.472468,-0.51859236,3.411919,23.481646
2018-06-27,2813.1775,12.7119998931885,3.5529,1.0187,1424.134944,-1.10144176,3.545089,46.245061
2018-06-28,2786.8966,12.5871000289917,3.5304,0.9386,1296.874314,-0.93420696,,
2018-06-29,2847.4181,12.8655996322632,3.4756,1.0132,1356.523779,2.17164498,1.611184,1.611184
2018-07-02,2775.557,12.5143995285034,3.4668,1.1027,1475.6276,-2.52372843,,32.216467
2018-07-03,2786.8878,12.5740995407104,3.4955,1.1481,1616.680286,0.40823518,,
2018-07-04,2759.126,12.5020999908447,3.5107,0.9982,1310.16165,-0.99615779,10.740659,10.740659
2018-07-05,2733.8819,12.4160995483398,3.5005,1.0452,1329.936682,-0.91493103,2.594738,1051.786843
2018-07-06,2747.2285,12.4820003509521,3.5259,1.0935,1481.9304,0.48819227,,
2018-07-09,2815.1095,12.8131999969482,3.5432,0.9756,1356.545248,2.47089021,,
2018-07-10,2827.6252,12.8596000671387,3.5431,0.9346,1326.331131,0.44459017,8.604174,8.604174
2018-07-11,2777.7711,12.6494998931885,3.5107,1.0163,1383.181743,-1.76310849,4.356622,6.456612
2018-07-12,2837.6586,12.9282999038696,3.5158,1.1823,1703.190865,2.15595518,,
2018-07-13,2831.1837,12.8936996459961,3.4858,0.9467,1463.008806,-0.22817755,2.627678,2.627678
2018-07-16,2814.0418,12.7868003845215,3.4808,0.8665,1294.111927,-0.6054676,,2.09999
2018-07-17,2798.1259,12.68630027771,3.4808,0.8476,1240.351978,-0.56558861,,
2018-07-18,2787.257,12.6415996551514,3.4708,0.9714,1385.571478,-0.38843499,,
2018-07-19,2772.5454,12.5769996643066,3.4409,0.9192,1293.745683,-0.52781642,7.555567,10.655552
2018-07-20,2829.2712,12.8769998550415,3.5135,1.1712,1556.611243,2.04598273,2.341296,12.441296
2018-07-23,2859.5424,13.0246000289917,3.5186,1.3939,1869.968447,1.06992925,,
2018-07-24,2905.5618,13.2192001342773,3.5615,1.8386,2287.018755,1.60932742,,
2018-07-25,2903.6467,13.1957998275757,3.5614,1.3435,1664.120771,-0.06591152,2.124066,21.963167
2018-07-26,2882.2254,13.0992002487183,3.5361,1.3481,1574.966818,-0.73773782,4.573101,13.410726
2018-07-27,2873.5938,13.0618000030518,3.5212,1.1715,1324.193718,-0.29947693,8.071316,8.071316
2018-07-30,2869.0495,13.0689001083374,3.5213,1.2132,1459.885854,-0.15813996,8.106979,8.106979
2018-07-31,2876.4009,13.1034002304077,3.4812,0.9485,1195.287679,0.2562312,,
2018-08-01,2824.5337,12.8534002304077,3.4638,1.1932,1516.92873,-1.80319788,6.129777,15.000553
2018-08-02,2768.0239,12.5886001586914,3.4713,1.3909,1697.693154,-2.00067714,4.651142,14.714121
2018-08-03,2740.4429,12.4855003356934,3.4567,1.0153,1291.346875,-0.99641481,13.091597,15.192805
2018-08-06,2705.1565,12.3555002212524,3.4568,1.0371,1329.937997,-1.28761668,,3.500286
2018-08-07,2779.374,12.6848001480103,3.4876,1.1954,1472.594864,2.74355661,4.555111,4.555111
2018-08-08,2744.0696,12.5179004669189,3.5222,1.1795,1399.697628,-1.27022848,22.069644,24.179679
2018-08-09,2794.3818,12.7412996292114,3.5476,1.2104,1510.798802,1.83348848,8.030412,31.343445
2018-08-10,2795.3099,12.7217998504639,3.5525,0.9699,1231.125943,0.03321307,11.560462,18.929493
2018-08-13,2785.872,12.6536998748779,3.5826,1.019,1294.605404,-0.33763341,,
2018-08-14,2780.9646,12.6303997039795,3.5519,0.8745,1124.65397,-0.1761531,0.116258,0.116258
2018-08-15,2723.2576,12.3576002120972,3.5829,0.9271,1187.076741,-2.07507136,5.109704,7.474527
2018-08-16,2705.1917,12.279899597168,3.6141,0.9601,1175.80995,-0.66339299,2.101347,12.99356
2018-08-17,2668.966,12.1124000549316,3.6524,0.8978,1154.99397,-1.33911767,,
2018-08-20,2698.4658,12.2565002441406,3.6326,0.8842,1140.476164,1.10528946,0.202079,4.90249
2018-08-21,2733.8264,12.4004001617432,3.63,0.9067,1222.602163,1.31039645,,
2018-08-22,2714.6082,12.250599861145,3.6075,0.7476,984.639699,-0.70297807,8.452882,10.579908
2018-08-23,2724.6244,12.2660999298096,3.6101,0.7859,1078.260172,0.36897406,32.462852,32.462852
2018-08-24,2729.4308,12.3149995803833,3.6278,0.8028,1026.658005,0.17640597,4.746162,6.846241
2018-08-27,2780.899,12.4706001281738,3.6303,1.0647,1414.296796,1.88567521,,
2018-08-28,2777.9808,12.4316997528076,3.6101,0.9527,1251.185767,-0.10493729,2.276346,11.661397
2018-08-29,2769.2947,12.3154001235962,3.6101,0.7985,1012.206649,-0.31267675,,
2018-08-30,2737.7367,12.1702003479004,3.5801,0.8438,1064.004013,-1.13956814,2.745976,11.530399
2018-08-31,2725.2499,12.0706996917725,3.5751,0.8733,1148.133539,-0.45609938,2.555069,10.492549
2018-09-03,2720.7344,12.0538997650146,3.5951,0.8116,1048.17688,-0.16569123,7.20553,9.879912
2018-09-04,2750.5804,12.1851997375488,3.6101,0.8686,1137.08888,1.09698323,6.729999,6.729999
2018-09-05,2704.3368,11.967399597168,3.6101,0.8476,1072.694469,-1.68123062,39.357358,43.752607
2018-09-06,2691.5929,11.9078998565674,3.6101,0.7981,1062.660802,-0.47123938,14.332642,35.530157
2018-09-07,2702.3007,11.9556999206543,3.6301,0.8671,1138.400713,0.39782391,5.050166,5.050166
2018-09-10,2669.4845,11.8170003890991,3.6551,0.8355,1028.607166,-1.21438003,0.107704,0.107704
2018-09-11,2664.7997,11.7944002151489,3.6751,0.8049,968.845822,-0.17549456,,
2018-09-12,2656.1101,11.7532997131348,3.6551,0.7095,934.482062,-0.3260883,6.55072,14.65071
2018-09-13,2686.5784,11.897500038147,3.6526,0.8541,1124.641432,1.1471023,4.459682,12.586748
2018-09-14,2681.6431,11.8900995254517,3.6351,0.8075,1049.9236,-0.18370207,4.005248,16.326121
2018-09-17,2651.7886,11.7622003555298,3.6327,0.7107,869.625992,-1.11329133,4.003667,6.504497
2018-09-18,2699.9501,11.9732999801636,3.6452,0.9326,1130.318886,1.81618927,4.117756,4.117756
2018-09-19,2730.8503,12.1112003326416,3.6727,1.1401,1401.070103,1.144473,5.862563,70.518336
2018-09-20,2729.2438,12.1113996505737,3.7003,0.8974,1048.758689,-0.05882783,7.063509,23.971997
2018-09-21,2797.4848,12.4405002593994,3.6752,1.2739,1489.763572,2.50036292,14.657501,57.958451
2018-09-25,2781.1385,12.3615999221802,3.6754,0.8986,1085.280478,-0.58432132,,
2018-09-26,2806.8133,12.4730997085571,3.6503,1.1201,1450.587694,0.92317589,2.327386,25.984792
2018-09-27,2791.7748,12.3964004516602,3.6253,0.9793,1234.477116,-0.53578555,27.49386,31.844505
2018-09-28,2821.3501,12.546799659729,3.6153,1.0693,1253.699894,1.0593727,,
2018-10-08,2716.5104,12.078200340271,3.6155,1.1931,1415.315518,-3.71594082,,
2018-10-09,2721.013,12.0954999923706,3.6156,0.9325,1102.924578,0.16574941,3.506702,3.506702
2018-10-10,2725.8367,12.1230001449585,3.6156,0.9077,1113.124553,0.17727589,5.088791,8.307008
2018-10-11,2583.4575,11.5114002227783,3.5806,1.5768,1700.577625,-5.22332097,,4.100135
2018-10-12,2606.9125,11.6422996520996,3.5831,1.3589,1428.032089,0.90789185,2.369727,66.827299
2018-10-15,2568.0984,11.4666996002197,3.5857,0.9486,1052.147383,-1.48889155,,
2018-10-16,2546.3296,11.391900062561,3.5757,0.9554,1067.922455,-0.84766222,,
2018-10-17,2561.614,11.4540004730225,3.5807,1.0431,1173.883557,0.60025222,0.545044,88.520701
2018-10-18,2486.4186,11.1287002563477,3.5508,1.0066,1065.767611,-2.93546959,,
2018-10-19,2550.4652,11.4215002059937,3.5658,1.1821,1300.959223,2.5758575,411.098083,487.207844
2018-10-22,2654.8762,11.8650999069214,3.591,1.6998,1973.09813,4.09380218,72.661777,72.661777
2018-10-23,2594.8255,11.5812997817993,3.5709,1.431,1669.194123,-2.26190208,9.016019,15.115291
2018-10-24,2603.2951,11.6298999786377,3.5409,1.2824,1420.821687,0.32640345,2.65522,2.65522
2018-10-25,2603.7995,11.62619972229,3.5409,1.2984,1376.301809,0.01937544,5.820831,15.769639
2018-10-26,2598.8468,11.6321001052856,3.541,1.2744,1334.154928,-0.1902105,2.916731,9.666069
2018-10-29,2542.1033,11.3538999557495,3.5111,1.0729,1225.000405,-2.18341073,,16.435741
2018-10-30,2568.0481,11.4356002807617,3.5161,1.3312,1523.85935,1.02060369,,
2018-10-31,2602.7832,11.4826002120972,3.5086,1.4424,1548.947353,1.35258759,7.422054,11.643385
2018-11-01,2606.2372,11.4899997711182,3.4936,1.6053,1802.538056,0.1327041,,
2018-11-02,2676.4762,11.7981004714966,3.5461,1.7793,2078.61569,2.69503482,25.190109,59.134342
2018-11-05,2665.4306,11.7379999160767,3.5312,1.5312,1685.889134,-0.41269188,2.865405,2.865405
2018-11-06,2659.3564,11.7089996337891,3.5113,1.2931,1388.009364,-0.22788813,4.976107,8.880396
2018-11-07,2641.342,11.6302995681763,3.4813,1.3692,1472.618087,-0.67739698,25.61216,60.369931
2018-11-08,2635.6322,11.6097002029419,3.4813,1.2619,1286.688167,-0.21617042,,49.78217
2018-11-09,2598.8715,11.4258003234863,3.4763,1.2037,1212.604941,-1.39475834,,
2018-11-12,2630.5195,11.5504999160767,3.4865,1.382,1423.514284,1.21775932,,
2018-11-13,2654.8795,11.6470003128052,3.474,1.9669,1896.072235,0.92605282,4.141095,15.522941
2018-11-14,2632.2425,11.5392999649048,3.4218,1.8813,1769.704307,-0.8526564,67.563897,346.335218
2018-11-15,2668.1704,11.6928997039795,3.3915,1.639,1718.824916,1.36491604,6.38582,26.186041
2018-11-16,2679.1097,11.7354001998901,3.3515,1.9093,2049.836039,0.40999256,6.554163,8.554169
2018-11-19,2703.5116,11.8477001190186,3.3772,1.8262,1965.627067,0.91082123,,
2018-11-20,2645.8545,11.6070995330811,3.3771,1.7018,1808.704118,-2.13267441,,22.102375
2018-11-21,2651.5053,11.6275997161865,3.3716,1.4394,1493.757824,0.21357183,,52.251516
2018-11-22,2645.4339,11.5973997116089,3.3917,1.1772,1255.701738,-0.22897937,9.878879,100.15723
2018-11-23,2579.4831,11.3304996490479,3.3917,1.4575,1499.756439,-2.49300502,5.648886,5.648886
2018-11-26,2575.8101,11.3219995498657,3.4151,1.0248,1081.58093,-0.14239287,,20.30059
2018-11-27,2574.6792,11.3121995925903,3.4,0.9514,1022.265614,-0.04390463,2.284183,7.360927
2018-11-28,2601.7365,11.4246997833252,3.37,1.131,1195.784917,1.05089986,,
2018-11-29,2567.4434,11.2843999862671,3.36,1.223,1294.72448,-1.31808506,7.522681,55.178951
2018-11-30,2588.1875,11.4163999557495,3.355,1.0971,1122.198272,0.80796718,5.64241,11.30875
2018-12-03,2654.798,11.7009000778198,3.35,1.6341,1878.317891,2.57363502,6.236647,8.621376
2018-12-04,2665.9577,11.7468004226685,3.305,1.323,1441.434,0.42035967,,
2018-12-05,2649.8051,11.6733999252319,3.275,1.2156,1337.30209,-0.60588358,23.757167,162.769378
2018-12-06,2605.1813,11.4798002243042,3.2751,1.1154,1290.929797,-1.68404084,,
2018-12-07,2605.8876,11.4827995300293,3.2853,0.8588,977.276626,0.02711136,118.830339,154.292038
2018-12-10,2584.5822,11.3878002166748,3.2678,0.8902,991.48143,-0.81758707,,59.32003
2018-12-11,2594.0881,11.4272003173828,3.2652,0.7967,854.041234,0.36779252,,
2018-12-12,2602.1526,11.4687004089355,3.2703,0.8134,889.981958,0.31087996,,121.853593
2018-12-13,2634.0491,11.6099996566772,3.3311,1.1853,1323.96107,1.22577362,7.251932,85.408946
2018-12-14,2593.7407,11.4336004257202,3.3468,1.1468,1237.249852,-1.53028279,5.034106,7.084103
2018-12-17,2597.9737,11.4575004577637,3.3713,0.9221,1029.608485,0.16320059,,
2018-12-18,2576.6495,11.3634004592896,3.3714,0.9192,993.065364,-0.82080123,,
2018-12-19,2549.5634,11.2468004226685,3.3412,0.8458,937.13175,-1.05121399,15.771279,147.72803
2018-12-20,2536.2675,11.1736001968384,3.3003,0.9469,1035.049827,-0.52149713,4.632184,4.632184
2018-12-21,2516.2506,11.0811004638672,3.3168,0.9084,1013.606228,-0.78922669,4.967888,18.499579
2018-12-24,2527.0071,11.1232004165649,3.3483,0.7643,857.609358,0.42748127,,75.758596
2018-12-25,2504.819,11.0313997268677,3.3113,1.1046,1147.660088,-0.87803869,28.91397,155.22951
2018-12-26,2498.2939,11.0041999816895,3.3011,0.8542,939.895326,-0.26050186,8.19106,29.314723
2018-12-27,2483.0864,10.9420003890991,3.2709,1.0636,1124.797605,-0.60871541,5.20698,60.774225
2018-12-28,2493.8962,10.9876003265381,3.2315,0.9349,1059.80853,0.43533725,,2.501645
2019-01-02,2465.291,10.8536996841431,3.1734,0.8598,975.92572,-1.14700844,,
2019-01-03,2464.3628,10.8582000732422,3.141,0.9731,1069.227895,-0.03765073,4.305574,6.305672
2019-01-04,2514.8682,11.075400352478,3.1513,1.3219,1392.98675,2.04943038,,
2019-01-07,2533.0887,11.1408996582031,3.1507,1.3875,1455.132416,0.72451113,,23.698442
2019-01-08,2526.4622,11.1105003356934,3.1211,1.2224,1233.790398,-0.26159763,,
2019-01-09,2544.3449,11.1950998306274,3.1106,1.4979,1608.12527,0.70781585,,
2019-01-10,2535.0985,11.1569995880127,3.1006,1.2305,1326.923315,-0.36340985,2.687469,33.822622
2019-01-11,2553.8313,11.2370004653931,3.1058,1.1482,1223.756634,0.73893776,,
2019-01-14,2535.7653,11.1536998748779,3.1297,1.0965,1162.434168,-0.70740773,5.703243,5.703243
2019-01-15,2570.3449,11.3055000305176,3.1383,1.2272,1373.749813,1.3636751,7.182173,9.192515
2019-01-16,2570.4221,11.3090000152588,3.0745,1.1501,1268.763144,0.00300349,,
2019-01-17,2559.637,11.2739000320435,3.076,1.2615,1275.461267,-0.41958478,11.315933,28.332947
2019-01-18,2596.0056,11.4433002471924,3.091,1.4547,1512.704306,1.42084991,7.805672,75.092521
2019-01-21,2610.5094,11.5115995407104,3.1037,1.2436,1399.154862,0.55869679,,43.108048
2019-01-22,2579.7041,11.378399848938,3.1071,1.1705,1229.954354,-1.18004938,20.718759,22.748761
2019-01-23,2581.0041,11.3892002105713,3.119,1.0057,1051.013236,0.05039338,,102.748762
2019-01-24,2591.6935,11.4384002685547,3.1338,1.163,1315.750403,0.41415665,7.906567,39.882052
2019-01-25,2601.7234,11.5009002685547,3.1398,1.2188,1354.151677,0.38700178,11.123621,53.873055
2019-01-28,2596.9767,11.5318002700806,3.1397,1.125,1274.656367,-0.18244445,,35.931716
2019-01-29,2594.2536,11.5339002609253,3.1246,1.1947,1267.490494,-0.10485654,35.402871,102.361746
2019-01-30,2575.5756,11.4575996398926,3.1151,0.9116,1011.039275,-0.71997587,23.895177,70.299371
2019-01-31,2584.5724,11.5436000823975,3.1037,1.1797,1260.132474,0.34931221,39.126925,61.225549
2019-02-01,2618.2323,11.6756000518799,3.1032,1.0125,1115.226283,1.30233922,,
2019-02-11,2653.896,11.8180999755859,3.067,1.1916,1373.0719,1.36212894,,
2019-02-12,2671.8937,11.8739995956421,3.0748,1.4154,1567.415404,0.67816147,,6.384247
2019-02-13,2721.0683,12.1093997955322,3.0719,1.8971,2071.253159,1.84043998,2.523194,13.024593
2019-02-14,2719.6999,12.0920000076294,3.0726,1.5272,1703.308371,-0.05028907,,
2019-02-15,2682.385,11.9107999801636,3.0794,1.5198,1698.232603,-1.3720227,,
2019-02-18,2754.3566,12.2237997055054,3.1094,2.0189,2241.840772,2.68311969,,2.859965
2019-02-19,2755.6459,12.230899810791,3.1279,2.2332,2471.210505,0.04680948,,
2019-02-20,2761.2189,12.2603998184204,3.1196,1.9079,2054.469293,0.20223934,5.802006,31.969526
2019-02-21,2751.8012,12.2171001434326,3.1361,2.315,2530.333769,-0.34107039,,
2019-02-22,2804.2262,12.4427003860474,3.1451,2.3366,2645.188792,1.90511582,3.300052,32.129462
2019-02-25,2961.2834,13.1583995819092,3.1787,4.0955,4659.914326,5.60073221,0.235967,4.236014
2019-02-26,2941.5163,13.0496997833252,3.1878,4.3825,4923.965452,-0.66751801,,2.684391
2019-02-27,2953.8242,13.1129999160767,3.1689,3.682,4118.376187,0.41842025,,
2019-02-28,2940.9538,13.039999961853,3.1731,2.7144,2987.639531,-0.43571991,13.578114,17.692546
2019-03-01,2994.005,13.3030996322632,3.187,2.6807,3073.376667,1.80387737,,2.500757
2019-03-04,3027.5755,13.4401998519897,3.2023,4.0737,4806.036555,1.12125731,,2.014697
2019-03-05,3054.2466,13.538800239563,3.2149,3.2861,3827.685372,0.88093922,21.629498,32.290934
2019-03-06,3102.0991,13.733699798584,3.2021,4.3009,4854.783213,1.56675299,37.433931,153.004048
2019-03-07,3106.4179,13.729700088501,3.1572,4.5238,5257.252247,0.13922186,28.247539,54.689605
2019-03-08,2969.8614,13.1280002593994,3.1423,4.4759,5255.982464,-4.3959475,3.37,19.164613
2019-03-11,3026.9925,13.3397998809814,3.1374,3.2804,4043.684203,1.92369583,,2.000967
2019-03-12,3060.3073,13.4750003814697,3.1424,3.9436,4870.666302,1.10059077,68.539817,83.566179
2019-03-13,3026.9513,13.3166999816895,3.1375,3.5004,4512.473037,-1.0899559,18.485572,134.486852
2019-03-14,2990.685,13.1749000549316,3.1475,2.88,3562.403512,-1.1981131,,21.369894
2019-03-15,3021.7512,13.3176002502441,3.1376,2.6419,3447.215027,1.03876537,2.454819,13.188072
2019-03-18,3096.4176,13.6420001983643,3.1377,3.083,3984.696048,2.47096452,,
2019-03-19,3090.975,13.6121997833252,3.1377,2.7214,3532.167913,-0.17577087,36.385537,44.069484
2019-03-20,3090.6403,13.6089000701904,3.1453,2.7802,3492.954055,-0.0108283,105.518426,156.168079
2019-03-21,3101.455,13.6497001647949,3.1291,3.2101,4039.398347,0.34991778,5.505617,159.639802
2019-03-22,3104.1487,13.6484003067017,3.108,2.8235,3566.78335,0.08685278,,
2019-03-25,3043.0313,13.3731002807617,3.0831,2.941,3753.756628,-1.96889408,47.600543,91.904663
2019-03-26,2997.0954,13.141900062561,3.0633,2.7327,3414.448266,-1.50954412,129.696738,137.483681
2019-03-27,3022.7196,13.2580003738403,3.0882,2.2532,2950.759548,0.85496778,,
2019-03-28,2994.9434,13.1977996826172,3.0634,2.2285,2895.545655,-0.91891421,28.780249,89.667195
2019-03-29,3090.758,13.6033000946045,3.0683,2.8976,3866.996087,3.19921238,8.388201,8.388201
2019-04-01,3170.361,13.9918003082275,3.1332,3.6004,4800.859384,2.57551707,0.678683,0.678683
2019-04-02,3176.8227,14.0256996154785,3.1681,3.4537,4626.620818,0.20381591,,
2019-04-03,3216.2952,14.2065000534058,3.2331,3.3254,4426.22041,1.24251504,54.718708,62.662551
2019-04-04,3246.5714,14.3570003509521,3.2679,3.6229,4751.563821,0.94133772,7.941618,13.041608
2019-04-08,3244.8103,14.3494997024536,3.2482,3.8967,5064.312368,-0.05424492,,
2019-04-09,3239.6639,14.3206996917725,3.2882,2.8094,3802.729759,-0.15860403,69.554092,69.554092
2019-04-10,3241.9299,14.3252000808716,3.2932,2.9353,3956.699749,0.06994553,,18.288624
2019-04-11,3189.9619,14.1063995361328,3.2784,2.7255,3606.845559,-1.6029958,,6.96308
2019-04-12,3188.6256,14.0775003433228,3.3334,2.2371,2889.089712,-0.04189078,,
2019-04-15,3177.7866,14.0543003082275,3.3736,2.6882,3556.661277,-0.33992702,4.969043,102.858797
2019-04-16,3253.5978,14.4279003143311,3.3937,2.7567,3601.666336,2.38566051,46.410107,113.718789
2019-04-17,3263.1179,14.4640998840332,3.3938,2.7518,3545.098881,0.29260224,,67.564752
2019-04-18,3250.2012,14.3801002502441,3.3589,2.5047,3235.081786,-0.39583921,4.608207,6.608225
2019-04-19,3270.7973,14.474100112915,3.3741,2.4255,3151.319202,0.63368692,,
2019-04-22,3215.0426,14.2147998809814,3.4091,2.717,3591.542971,-1.70462107,16.279311,26.292929
2019-04-23,3198.5938,14.1522998809814,3.3993,2.5253,3248.701834,-0.51161997,,
2019-04-24,3201.6137,14.1662998199463,3.4343,2.1125,2784.108525,0.09441336,55.722543,94.525817
2019-04-25,3123.8261,13.8415002822876,3.4193,2.5043,3090.760837,-2.42963728,11.612069,108.448277
2019-04-26,3086.3989,13.6287002563477,3.4043,2.1568,2747.764023,-1.19812047,94.015351,158.760376
2019-04-29,3062.4985,13.6038999557495,3.4268,2.2443,2890.632789,-0.77437819,15.331166,81.511562
2019-04-30,3078.3389,13.7177000045776,3.3869,1.7099,2254.981292,0.5172378,0.2,48.447266
2019-05-06,2906.464,12.9715995788574,3.355,2.5111,3143.365194,-5.58336511,72.864874,74.886837
2019-05-07,2926.3908,13.0453996658325,3.3551,1.9467,2454.442152,0.68560285,9.886725,9.886725
2019-05-08,2893.7567,12.891900062561,3.3426,1.7761,2188.926183,-1.11516548,29.850064,33.950177
2019-05-09,2850.9537,12.6995000839233,3.3116,1.5349,1974.468807,-1.47914992,,10.10017
2019-05-10,2939.2106,13.0832004547119,3.3017,2.1665,2741.76262,3.09569742,4.662465,4.862455
2019-05-13,2903.7131,12.9201002120972,3.2709,1.6271,2026.24125,-1.20772224,,
2019-05-14,2883.6107,12.8346996307373,3.2859,1.597,2012.233154,-0.6922998,4.231418,12.34506
2019-05-15,2938.6781,13.0750999450684,3.2762,1.7673,2262.627856,1.90966832,4.496799,34.297259
2019-05-16,2955.711,13.1450996398926,3.2662,1.9042,2262.030689,0.57961095,2.776614,2.776614
2019-05-17,2882.2962,12.832799911499,3.2665,2.0161,2478.751777,-2.48382876,3.253987,5.259011
2019-05-20,2870.6046,12.7938995361328,3.2717,1.5882,1992.107762,-0.40563492,2.494402,71.131285
2019-05-21,2905.9688,12.942099571228,3.299,1.603,2027.777741,1.23194257,5.450152,180.179611
2019-05-22,2891.7046,12.881199836731,3.3264,1.5214,1936.293666,-0.49085868,,
2019-05-23,2852.5153,12.7165002822876,3.31,1.501,1928.694873,-1.35523179,50.321215,58.422277
2019-05-24,2852.9948,12.7208003997803,3.3125,1.2751,1626.893162,0.01680973,,
2019-05-27,2892.3782,12.8794002532959,3.35,1.5014,1937.687143,1.38042313,38.012643,287.03105
2019-05-28,2909.9106,12.9555997848511,3.31,1.7006,2272.538137,0.60615863,,
2019-05-29,2914.6964,12.9809999465942,3.2875,1.5142,2028.550392,0.16446553,8.372672,17.261271
2019-05-30,2905.8054,12.9632997512817,3.275,1.5739,1971.055558,-0.30504035,39.466893,62.839984
2019-05-31,2898.6961,12.9298000335693,3.2751,1.4934,1912.804036,-0.2446585,0.12256,0.12256
2019-06-03,2890.0809,12.9010000228882,3.2401,1.6495,2080.733203,-0.29720949,10.85251,18.701329
2019-06-04,2862.2803,12.792799949646,3.2101,1.4373,1811.189155,-0.96193155,,5.758337
2019-06-05,2861.4181,12.7987003326416,3.21,1.3849,1752.008442,-0.03012284,28.032318,32.822229
2019-06-06,2827.7978,12.6659002304077,3.2136,1.3521,1648.505467,-1.17495238,4.674202,14.774202
2019-06-10,2852.1302,12.7817001342773,3.2251,1.2714,1624.898314,0.86047171,9.889414,12.605593
2019-06-11,2925.7162,13.0897998809814,3.2651,1.9871,2544.799858,2.58003649,44.032428,68.715338
2019-06-12,2909.3796,13.0142002105713,3.2601,1.8327,2230.639533,-0.55837952,51.896478,57.220838
2019-06-13,2910.7406,13.0155000686646,3.2451,1.6222,1917.482067,0.04677973,,
2019-06-14,2881.9743,12.896900177002,3.2302,1.6378,1943.031118,-0.98828113,7.968459,35.341402
2019-06-17,2887.6221,12.9258003234863,3.2252,1.1705,1431.416373,0.19596983,,60.308969
2019-06-18,2890.158,12.9474000930786,3.2302,1.1217,1369.352317,0.08781966,,
2019-06-19,2917.8029,13.0773000717163,3.2427,1.7172,2255.67258,0.95651864,13.232723,204.304138
2019-06-20,2987.1186,13.3943004608154,3.2352,2.1977,2882.965464,2.37561283,,
2019-06-21,3001.9802,13.4413003921509,3.2303,2.1571,2766.624585,0.49752293,10.454543,38.006456
2019-06-24,3008.1479,13.4707002639771,3.2453,1.5823,2112.37183,0.20545439,,11.001529
2019-06-25,2982.0738,13.3472995758057,3.2353,1.8427,2443.150774,-0.86678251,2.374479,129.765974
2019-06-26,2976.2837,13.3233003616333,3.2453,1.3058,1725.160552,-0.19416354,8.969733,33.523028
2019-06-27,2996.7926,13.4167003631592,3.2553,1.4736,2086.186481,0.68907746,31.208809,135.934002
2019-06-28,2978.8784,13.3486003875732,3.2254,1.3697,1836.417673,-0.59777911,16.826956,16.826956
2019-07-01,3044.9028,13.6284999847412,3.2254,1.8946,2665.410569,2.2164181,,
2019-07-02,3043.9428,13.6234998703003,3.1704,1.6134,2295.666165,-0.0315281,28.98457,28.98457
2019-07-03,3015.2633,13.5018997192383,3.1554,1.514,2186.579944,-0.94218262,0.485476,0.485476
2019-07-04,3005.2488,13.4617004394531,3.1479,1.4113,2022.663886,-0.33212688,,
2019-07-05,3011.0588,13.4906997680664,3.1705,1.1347,1631.808428,0.19332842,22.495976,28.246127
2019-07-08,2933.3634,13.1554002761841,3.1805,1.5512,2055.688135,-2.58033486,,32.877794
2019-07-09,2928.2295,13.1230001449585,3.168,1.0746,1542.514218,-0.17501752,6.615171,9.616361
2019-07-10,2915.3022,13.0445003509521,3.1706,1.0231,1412.362586,-0.44147154,,
2019-07-11,2917.7609,13.0640001296997,3.168,1.0859,1521.81408,0.08433774,23.853542,118.572233
2019-07-12,2930.5462,13.1365003585815,3.1531,1.0404,1429.188696,0.43818875,2.011303,93.619597
2019-07-15,2942.1853,13.1816997528076,3.1782,1.2664,1765.332012,0.39716487,8.874946,8.874946
2019-07-16,2937.6168,13.1583003997803,3.1732,0.9956,1407.66389,-0.15527574,24.282483,41.022853
2019-07-17,2931.6926,13.1268997192383,3.1757,1.1304,1521.629626,-0.20166687,,
2019-07-18,2901.1766,13.0122003555298,3.1608,1.1314,1490.888431,-1.0409004,5.725284,46.169523
2019-07-19,2924.2006,13.1099996566772,3.1559,1.1288,1490.71212,0.79360905,,22.10326
2019-07-22,2886.974,12.9512996673584,3.1484,1.245,2042.894342,-1.2730522,10.372897,10.372897
2019-07-23,2899.9446,13.006199836731,3.1484,0.9217,1480.773493,0.44928011,72.023292,76.618465
2019-07-24,2923.2775,13.1141004562378,3.171,1.1239,1788.58104,0.80459813,,8.874668
2019-07-25,2937.3601,13.1565999984741,3.1635,1.043,1753.563817,0.4817401,,
2019-07-26,2944.541,13.1809997558594,3.1661,1.0125,1587.746661,0.24446781,71.154902,93.136874
2019-07-29,2941.007,13.1543998718262,3.1836,0.9282,1474.391345,-0.12001871,,
2019-07-30,2952.3383,13.2135000228882,3.1761,1.0794,1708.663499,0.3852864,,
2019-07-31,2932.5058,13.1189002990723,3.1552,1.0232,1646.078735,-0.67175567,56.852211,135.203038
2019-08-01,2908.766,13.0114002227783,3.1487,1.0224,1711.156357,-0.80953975,30.913605,33.013605
2019-08-02,2867.8376,12.8266000747681,3.0914,1.3083,2163.274006,-1.4070709,2.806303,9.113236
2019-08-05,2821.4957,12.6152000427246,3.0563,1.1983,1968.914831,-1.61591786,5.253518,31.623537
2019-08-06,2777.5559,12.4271001815796,3.0613,1.6584,2552.092312,-1.55732295,,
2019-08-07,2768.6795,12.3858003616333,3.0514,1.1339,1764.757284,-0.31957593,,62.673877
2019-08-08,2794.5523,12.5094003677368,3.0465,1.0808,1781.561484,0.93448158,7.666752,7.666752
2019-08-09,2774.7532,12.433500289917,3.0216,1.0775,1711.403388,-0.70848916,5.153099,35.618532
2019-08-12,2814.9944,12.5979995727539,3.0391,0.9555,1625.232598,1.45026232,,4.201386
2019-08-13,2797.2596,12.5123996734619,3.0041,0.9556,1539.575106,-0.63001191,,
2019-08-14,2808.9146,12.557900428772,3.0105,1.0535,1739.448833,0.41665779,13.386476,50.723697
2019-08-15,2815.7976,12.582799911499,3.0115,1.1217,1736.705392,0.24504127,,
2019-08-16,2823.8238,12.5317001342773,3.0217,1.0915,1861.393703,0.28504179,5.002374,21.602339
2019-08-19,2883.096,12.7723999023438,3.0191,1.5825,2470.922163,2.0990049,,
2019-08-20,2880.0012,12.7544002532959,3.0317,1.4009,2097.743444,-0.10734294,,7.823583
2019-08-21,2880.3307,12.7631998062134,3.0567,1.1619,1831.872752,0.01144097,53.471813,144.443962
2019-08-22,2883.4358,12.7694997787476,3.0543,1.0992,1696.621672,0.10780359,,
2019-08-23,2897.4253,12.809700012207,3.0644,1.1675,1925.671327,0.48516773,12.63502,61.562054
2019-08-26,2863.5673,12.6171998977661,3.0494,1.2585,1910.366679,-1.16855472,2.690334,127.825235
2019-08-27,2902.1932,12.7687997817993,3.052,1.5467,2309.996929,1.34887348,,
2019-08-28,2893.7564,12.722900390625,3.052,1.3597,2018.050506,-0.29070429,10.545834,28.181082
2019-08-29,2890.9192,12.6788997650146,3.0321,1.3224,1963.327705,-0.09804557,9.946315,131.302994
2019-08-30,2886.2365,12.6414003372192,3.0573,1.4397,2247.511699,-0.16197962,1.359748,12.830483
2019-09-02,2924.1063,12.861499786377,3.0723,1.508,2260.436933,1.31208236,17.6857,37.029057
2019-09-03,2930.1538,12.8851003646851,3.0624,1.3886,2250.701573,0.20681533,0.142464,0.142464
2019-09-04,2957.4116,13.0170001983643,3.0473,1.6728,2512.12694,0.93025151,68.813945,309.288173
2019-09-05,2985.8648,13.145899772644,3.0173,2.2712,3402.006666,0.96209807,,
2019-09-06,2999.6013,13.2089996337891,3.0173,1.6079,2583.187449,0.46005097,56.258841,107.302577
2019-09-09,3024.7388,13.3058996200562,3.025,1.8106,2862.365321,0.83802804,2.618153,11.970739
2019-09-10,3021.2024,13.2847995758057,3.0425,1.7841,2753.217516,-0.11691588,32.774481,104.699202
2019-09-11,3008.8118,13.2510995864868,3.0525,1.7094,2633.89555,-0.41012148,37.842485,41.381262
2019-09-12,3031.2351,13.3505001068115,3.0876,1.461,2245.760253,0.74525432,10.612716,12.614235
2019-09-16,3030.7544,13.3437004089355,3.0926,1.6523,2374.422654,-0.01585822,,
2019-09-17,2978.1178,13.1153001785278,3.1076,1.66,2377.389359,-1.73674911,64.260573,126.436771
2019-09-18,2985.6586,13.1423997879028,3.1278,1.2451,1999.536316,0.25320691,78.53773,83.123267
2019-09-19,2999.2789,13.1951999664307,3.1053,1.2047,1932.065495,0.4561908,3.045953,5.056263
2019-09-20,3006.4467,13.2270002365112,3.098,1.3522,2183.905869,0.23898411,445.384066,447.590023
2019-09-23,2977.0767,13.0953998565674,3.1005,1.2486,1991.305488,-0.97690074,64.946681,64.946681
2019-09-24,2985.3406,13.131799697876,3.1205,1.2118,2062.458056,0.27758438,60.154551,140.35084
2019-09-25,2955.4325,13.0141000747681,3.1157,1.2465,2037.827542,-1.00183209,,8.500328
2019-09-26,2929.0875,12.9195003509521,3.1381,1.3933,2162.775629,-0.89140929,63.801303,164.836457
2019-09-27,2932.167,12.9340000152588,3.1482,0.9824,1533.110024,0.10513513,29.895208,60.555797
2019-09-30,2905.1892,12.81369972229,3.1411,0.8524,1425.917025,-0.92006356,,
2019-10-08,2913.5704,12.8585996627808,3.1063,0.9248,1519.80792,0.28849068,66.014372,74.89346
2019-10-09,2924.8566,12.9125995635986,3.1089,0.9469,1509.402308,0.38736665,,
2019-10-10,2947.7106,13.0041999816895,3.1289,0.974,1571.599768,0.78137164,,5.09999
2019-10-11,2973.6558,13.1260004043579,3.1564,1.172,1827.473931,0.88018139,,
2019-10-14,3007.8834,13.2776002883911,3.1641,1.5165,2212.017557,1.15102763,8.67184,10.671884
2019-10-15,2991.0459,13.2125997543335,3.1668,1.1291,1695.319325,-0.55977901,,13.226302
2019-10-16,2978.7124,13.1521997451782,3.1693,1.0859,1667.915494,-0.4123474,,2.005098
2019-10-17,2977.3342,13.1478996276855,3.1569,0.8867,1360.512521,-0.04626831,132.830805,139.084533
2019-10-18,2938.1413,12.9715995788574,3.187,1.0845,1620.182723,-1.31637557,0.221467,0.221467
2019-10-21,2939.6179,12.9956998825073,3.2196,0.9556,1456.858812,0.05025626,2.261187,4.641068
2019-10-22,2954.3799,13.0493001937866,3.2196,0.849,1303.817412,0.50217411,,6.432762
2019-10-23,2941.6188,12.987099647522,3.2122,0.8858,1396.536505,-0.43193836,5.802109,8.111109
2019-10-24,2940.9215,12.9867000579834,3.2196,0.9104,1416.67233,-0.02370464,6.586701,8.671802
2019-10-25,2954.9327,12.9748001098633,3.2372,0.9876,1602.240906,0.4764221,8.969432,19.069422
2019-10-28,2980.0498,13.0380001068115,3.2924,1.2535,1988.170122,0.85000582,,
2019-10-29,2954.176,12.9343996047974,3.3029,1.168,1952.880816,-0.86823381,,28.301726
2019-10-30,2939.3209,12.8086996078491,3.3125,1.1235,1815.295013,-0.50285088,27.529157,46.990008
2019-10-31,2929.0561,12.7600002288818,3.288,1.1508,1818.019374,-0.34922352,,442.297583
2019-11-01,2958.1992,12.8830995559692,3.2757,1.151,1756.308391,0.99496558,50.105672,50.105672
2019-11-04,2975.4919,12.9738998413086,3.2954,1.2073,1887.100947,0.58456848,8.967928,8.967928
2019-11-05,2991.5622,13.0457000732422,3.2454,1.2912,2036.916302,0.54008885,149.350114,266.519364
2019-11-06,2978.5955,13.0051002502441,3.2555,1.1844,1839.852362,-0.43344243,234.862087,254.046644
2019-11-07,2978.7144,13.0020999908447,3.2736,0.9784,1558.348777,0.00399181,9.811719,209.284807
2019-11-08,2964.1849,12.927300453186,3.2765,1.0637,1738.672272,-0.48777755,2.186076,95.386952
2019-11-11,2909.9746,12.6963996887207,3.2463,1.1318,1662.851403,-1.8288434,,
2019-11-12,2914.8232,12.7027997970581,3.255,0.9366,1390.607262,0.16662001,,
2019-11-13,2905.2409,12.6561002731323,3.237,0.935,1469.436367,-0.32874378,67.520198,192.491681
2019-11-14,2909.8697,12.6669998168945,3.2555,0.9309,1515.761834,0.15932586,7.601137,12.601673
2019-11-15,2891.3431,12.592399597168,3.2355,0.9738,1525.763927,-0.63668143,23.754862,27.982343
2019-11-18,2909.2002,12.6710996627808,3.1993,0.8921,1446.774137,0.61760571,15.963315,15.963315
2019-11-19,2933.9908,12.7688999176025,3.1743,0.9778,1557.707413,0.85214486,74.692375,316.537474
2019-11-20,2911.0534,12.666600227356,3.1747,0.9874,1585.431956,-0.78178159,15.778237,197.012102
2019-11-21,2903.6379,12.6321001052856,3.1749,0.8838,1398.512079,-0.25473597,10.686618,34.893321
2019-11-22,2885.2884,12.559100151062,3.1747,1.1424,1805.938292,-0.63194863,0.22529,16.078089
2019-11-25,2906.1688,12.6653995513916,3.1875,1.2934,1742.345833,0.72368502,5.009869,77.11002
2019-11-26,2907.0602,12.6646003723145,3.1675,1.1642,1654.967662,0.03067268,39.528824,382.167731
2019-11-27,2903.1947,12.6482000350952,3.17,0.9372,1374.496972,-0.13296938,0.406398,12.641974
2019-11-28,2889.6934,12.5862998962402,3.165,0.8425,1226.165452,-0.46504976,13.94187,143.680355
2019-11-29,2871.9813,12.5116996765137,3.165,0.8696,1403.713164,-0.61294046,19.487952,219.700488
2019-12-02,2875.8072,12.5276002883911,3.2062,0.9112,1393.517615,0.13321466,,
2019-12-03,2884.6988,12.5677003860474,3.1746,0.8773,1352.786119,0.30918623,51.593413,80.236275
2019-12-04,2878.1157,12.538200378418,3.1751,0.8942,1358.792215,-0.22820753,2.761112,138.559607
2019-12-05,2899.4685,12.6266002655029,3.1776,1.0216,1597.365923,0.74190207,5.082084,236.731691
2019-12-06,2912.0136,12.6743001937866,3.1751,0.9562,1495.073333,0.43266895,13.392093,18.492083
2019-12-09,2914.4775,12.6801996231079,3.1903,1.1435,1745.464782,0.08461156,15.458156,237.82014
2019-12-10,2917.3157,12.6652002334595,3.1776,1.0854,1806.172915,0.09738281,40.250825,158.851854
2019-12-11,2924.4173,12.7016000747681,3.1702,1.1497,1757.160917,0.24342926,2.974888,47.396383
2019-12-12,2915.6983,12.620400428772,3.1652,1.0741,1660.441634,-0.29814486,,86.999947
2019-12-13,2967.6764,12.8509998321533,3.1828,1.5205,2340.365414,1.78269816,4.740597,33.871404
2019-12-16,2984.3925,12.9076995849609,3.1854,1.5205,2376.667632,0.56327233,20.909499,82.061285
2019-12-17,3022.4219,13.0694999694824,3.2133,2.0854,3020.908975,1.27427609,83.220432,89.981175
2019-12-18,3017.0444,13.0497999191284,3.2139,1.7375,2591.736318,-0.17792023,36.227122,75.906532
2019-12-19,3017.0658,13.0530996322632,3.2139,1.493,2206.882924,0.0007093,44.217801,103.392543
2019-12-20,3004.9376,13.0094003677368,3.1808,1.54,2233.05036,-0.40198659,0.107838,224.412038
2019-12-23,2962.7513,12.8324003219604,3.1661,1.4656,2184.842731,-1.40389937,7.619213,21.546464
2019-12-24,2982.6806,12.8263998031616,3.1535,1.1649,1673.666673,0.67266193,116.825797,297.180933
2019-12-25,2981.8805,12.8184995651245,3.1463,1.2335,1896.085627,-0.02682486,55.181354,359.3679
2019-12-26,3007.3546,12.9286003112793,3.1137,1.2968,1955.860791,0.85429647,43.370325,258.384749
2019-12-27,3005.0355,12.9228000640869,3.1292,1.7688,2581.187394,-0.07711429,111.882106,312.31565
2019-12-30,3040.0239,13.0698003768921,3.1322,1.7798,2673.829944,1.16432568,72.393622,81.704267
2019-12-31,3050.124,13.1145000457764,3.1365,1.562,2267.639913,0.33223752,8.672816,22.875856
2020-01-02,3085.1976,13.2727003097534,3.1485,2.1005,3271.971226,1.14990735,,30.100079
2020-01-03,3083.7858,13.2711000442505,3.1428,1.8734,2899.917084,-0.04576044,67.229008,67.229008
2020-01-06,3083.4083,13.2604999542236,3.1352,2.2416,3311.825499,-0.01224145,,
2020-01-07,3104.8015,13.3435001373291,3.1379,1.9792,2881.592277,0.69381664,9.915275,9.915275
2020-01-08,3066.8925,13.1758003234863,3.1337,2.1296,3065.173945,-1.22097983,113.204313,125.214853
2020-01-09,3094.8819,13.2677001953125,3.1184,1.737,2717.160209,0.91263062,,
2020-01-10,3092.2907,13.2701997756958,3.0819,1.4978,2415.556681,-0.08372533,79.804839,161.905204
2020-01-13,3115.5696,13.3648996353149,3.084,1.501,2585.24058,0.75280439,62.221999,222.218982
2020-01-14,3106.8204,13.3311996459961,3.0994,1.6378,2715.424414,-0.28082184,140.001444,143.074388
2020-01-15,3090.0379,13.2553997039795,3.0897,1.4432,2329.134467,-0.5401825,73.047145,93.34744
2020-01-16,3074.0814,13.1766996383667,3.0918,1.3439,2368.433601,-0.51638525,33.49362,36.463761
2020-01-17,3075.4955,13.1830997467041,3.0832,1.2732,2422.730453,0.04600073,6.739611,102.70156
2020-01-20,3095.7873,13.2541999816895,3.0776,1.4283,2711.224554,0.65978962,170.562364,279.108122
2020-01-21,3052.1419,13.072699546814,3.0337,1.5934,2862.680982,-1.409832,123.987378,141.355039
2020-01-22,3060.7545,13.118800163269,3.0282,1.5388,2784.56924,0.28218216,159.271827,159.271827
2020-01-23,2976.5281,12.7683000564575,2.9932,1.8942,3274.903604,-2.75181822,,
2020-02-03,2746.6056,11.7895002365112,2.8231,1.5037,2570.195974,-7.72451972,5.079551,5.079551
2020-02-04,2783.2875,11.9638004302979,2.8551,2.5482,3740.684668,1.33553576,14.546994,14.546994
2020-02-05,2818.0878,12.0970001220703,2.844,2.1528,3491.841148,1.25033077,,2.122918
2020-02-06,2866.5097,12.2884998321533,2.8392,2.2113,3585.825897,1.71825377,,
2020-02-07,2875.9636,12.3886003494263,2.8024,2.1844,3623.841625,0.32980527,,47.888533
2020-02-10,2890.4878,12.443699836731,2.7872,2.0775,3415.203983,0.5050203,99.954392,99.954392
2020-02-11,2901.6744,12.4989004135132,2.834,1.8997,3029.568472,0.38701426,,
2020-02-12,2926.8991,12.59850025177,2.8333,1.7543,2975.344205,0.86931532,14.517936,14.517936
2020-02-13,2906.0735,12.5069999694824,2.8201,1.932,3345.263274,-0.71152436,58.865992,58.865992
2020-02-14,2917.0077,12.5566997528076,2.8631,1.7638,3080.803687,0.37625339,,
2020-02-17,2983.6224,12.8340997695923,2.8928,2.2126,3670.143401,2.28366555,85.838757,100.538937
2020-02-18,2984.9716,12.8285999298096,2.8664,2.2038,3749.985626,0.0452202,79.202837,82.747373
2020-02-19,2975.4019,12.7938003540039,2.8776,2.2293,3813.311604,-0.32059602,3.57635,8.709995
2020-02-20,3030.1542,13.0480003356934,2.8857,2.4538,4137.613641,1.84016485,172.408556,209.939047
2020-02-21,3039.6692,13.1178998947144,2.847,2.5872,4450.620767,0.31401042,376.255585,376.255585
2020-02-24,3031.2333,13.0662002563477,2.812,2.6311,4516.013631,-0.27752691,,
2020-02-25,3013.0501,12.9819002151489,2.822,3.1379,5131.286446,-0.59986145,64.059939,107.160145
2020-02-26,2987.9287,12.8900995254517,2.7973,3.3273,4953.414473,-0.83375315,40.958959,81.152456
2020-02-27,2991.3288,12.9031000137329,2.7702,2.4762,3959.556415,0.11379455,213.513505,254.067563
2020-02-28,2880.3038,12.4413995742798,2.7376,2.8375,4326.57775,-3.71156123,24.284978,40.166106
2020-03-02,2970.9312,12.8190002441406,2.7428,2.594,3972.442012,3.14645282,98.206396,98.206396
2020-03-03,2992.8968,12.8983001708984,2.7478,2.899,4470.536815,0.73935068,2.897973,
2020-03-04,3011.6657,12.9776000976562,2.673,2.5023,3898.939175,0.62711484,73.848772,73.848772
2020-03-05,3071.6771,13.233099937439,2.6829,3.1577,4827.704714,1.99263152,109.883987,187.694038
2020-03-06,3034.5113,13.068699836731,2.628,2.5685,3773.885427,-1.2099514,163.106538,219.930998
2020-03-09,2943.2907,12.691499710083,2.5205,2.9388,4381.438546,-3.00610513,,
2020-03-10,2996.7618,12.9107999801636,2.613,2.7837,4250.171848,1.81671148,107.765005,121.971368
2020-03-11,2968.5174,12.7973003387451,2.6079,2.49,3787.66619,-0.94249733,,
2020-03-12,2923.4856,12.6155996322632,2.6379,2.1811,3282.092024,-1.51697949,34.77605,83.777344
2020-03-13,2887.4265,12.4541997909546,2.6759,2.5961,3930.196652,-1.23342834,202.319793,214.519816
2020-03-16,2789.2537,12.0530996322632,2.6758,2.4945,3756.270008,-3.40001036,159.749036,182.250216
2020-03-17,2779.6407,12.0148000717163,2.7135,2.1686,3230.128228,-0.34464416,,
2020-03-18,2728.7563,11.7973003387451,2.7136,2.0614,3186.113916,-1.8306107,137.967028,236.235062
2020-03-19,2702.1296,11.6625995635986,2.7299,2.1396,3305.180085,-0.97578153,,1.102593
2020-03-20,2745.6182,11.8493003845215,2.6815,1.7836,2815.833697,1.60941947,162.104611,164.118619
2020-03-23,2660.1674,11.4804000854492,2.6315,1.7635,2684.23242,-3.11226084,50.098192,58.904163
2020-03-24,2722.4381,11.7573003768921,2.6289,1.8191,2789.993066,2.34085644,,
2020-03-25,2781.5913,12.0017995834351,2.6289,1.9336,2931.912044,2.17280239,77.751968,115.67852
2020-03-26,2764.9109,11.8898000717163,2.594,1.6555,2482.79785,-0.59967113,41.250062,146.509911
2020-03-27,2772.2033,11.9053001403809,2.609,1.7027,2536.307259,0.2637481,32.958625,42.958615
2020-03-30,2747.2138,11.7417001724243,2.6142,1.6848,2506.871442,-0.901431,,47.616774
2020-03-31,2750.2962,11.6977996826172,2.5899,1.5342,2242.710616,0.11220095,3.849812,3.849812
2020-04-01,2734.5215,11.6667995452881,2.555,1.525,2256.246466,-0.57356368,23.872515,49.837067
2020-04-02,2780.6379,11.8478002548218,2.5854,1.526,2331.115757,1.68645227,,
2020-04-03,2763.9874,11.7518997192383,2.5965,1.4079,2140.62212,-0.59880145,9.198284,24.748668
2020-04-07,2820.7634,11.9787998199463,2.5112,1.8968,2866.277943,2.05413382,,
2020-04-08,2815.3686,11.9493999481201,2.4824,1.7089,2531.596681,-0.19125319,,
2020-04-09,2825.9036,11.9892997741699,2.5226,1.6686,2473.92988,0.37419612,34.287247,76.297443
2020-04-10,2796.6312,11.8780002593994,2.5403,1.6336,2463.763072,-1.03585982,9.362343,14.159983
2020-04-13,2783.0476,11.8175001144409,2.5658,1.2401,1841.202841,-0.48571295,92.505003,123.341553
2020-04-14,2827.283,12.0082998275757,2.5591,1.4215,2236.056973,1.58945898,,
2020-04-15,2811.1741,11.9428997039795,2.5455,1.4404,2316.316322,-0.5697661,42.992652,67.793484
2020-04-16,2819.935,11.9679002761841,2.5276,1.4201,2224.326009,0.31164559,,
2020-04-17,2838.4945,12.0373001098633,2.559,1.7164,2800.252291,0.65815347,24.62467,58.383794
2020-04-20,2852.5528,12.0931997299194,2.592,1.4594,2337.593132,0.49527311,,
2020-04-21,2827.0133,11.9921998977661,2.5791,1.6196,2486.885857,-0.89532085,62.5482,137.70079
2020-04-22,2843.9804,12.0384998321533,2.5567,1.5063,2327.967778,0.60017758,29.266899,40.768966
2020-04-23,2838.4994,12.0111999511719,2.5227,1.7152,2626.620405,-0.19272285,56.315814,74.28599
2020-04-24,2808.5293,11.9946002960205,2.51,1.629,2441.222915,-1.0558431,6.886685,22.053872
2020-04-27,2815.4947,12.0929002761841,2.5345,1.454,2252.937063,0.24800881,2.417601,57.232646
2020-04-28,2810.0243,12.1225004196167,2.5254,1.754,2705.347526,-0.19429623,,
2020-04-29,2822.4424,12.2871999740601,2.5009,1.3979,2227.202217,0.44192145,69.44972,257.66152
2020-04-30,2860.0822,12.9914999008179,2.538,1.6588,2774.40934,1.33358966,34.281919,34.281919
2020-05-06,2878.1402,13.0475997924805,2.5809,1.7119,3038.90031,0.63138045,,
2020-05-07,2871.5232,13.0138998031616,2.6298,1.5506,2686.074853,-0.22990541,29.025286,29.025286
2020-05-08,2895.3444,13.1174001693726,2.6207,1.5592,2765.62717,0.82956669,48.094977,50.187996
2020-05-11,2894.802,13.1258001327515,2.6698,1.5326,2719.306415,-0.01873352,4.851855,4.851855
2020-05-12,2891.5564,13.1048002243042,2.6603,1.3368,2384.762188,-0.1121182,,
2020-05-13,2898.0495,13.1344995498657,2.7076,1.2587,2238.669069,0.22455381,9.932534,21.997961
2020-05-14,2870.3422,13.0071001052856,2.6989,1.3429,2373.369747,-0.95606718,52.048531,87.129543
2020-05-15,2868.4587,12.9201002120972,2.682,1.2849,2468.781911,-0.06561935,17.702776,41.20414
2020-05-18,2875.4176,12.9548997879028,2.7253,1.5372,2890.895955,0.24260067,133.234922,141.23807
2020-05-19,2898.576,13.0628004074097,2.7272,1.3385,2562.778031,0.80539258,,
2020-05-20,2883.7378,13.0051002502441,2.69,1.4259,2691.765536,-0.51191344,71.110306,90.947825
2020-05-21,2867.9237,12.938099861145,2.685,1.3789,2505.699376,-0.54838897,9.119511,52.557363
2020-05-22,2813.7654,12.6925001144409,2.6176,1.4242,2452.296037,-1.88841495,440.024714,468.627495
2020-05-25,2817.9697,12.7062997817993,2.6852,1.1531,2021.153526,0.149419,123.793442,286.852115
2020-05-26,2846.5473,12.8243999481201,2.7402,1.1595,2074.278337,1.0141202,0.229453,0.229453
2020-05-27,2836.8036,12.7898998260498,2.7527,1.3352,2279.343957,-0.3422989,66.898848,83.814469
2020-05-28,2846.2217,12.8410997390747,2.7201,1.3917,2392.342606,0.3319969,79.878788,131.180943
2020-05-29,2852.3512,12.832799911499,2.7053,1.3624,2337.989966,0.21535568,63.777552,80.847086
2020-06-01,2915.4311,13.1014995574951,2.7253,1.7538,3074.162151,2.21150537,30.908051,40.908051
2020-06-02,2921.398,13.1415996551514,2.7852,1.7437,2944.027459,0.20466613,49.688179,55.465898
2020-06-03,2923.3711,13.1563997268677,2.7901,1.7374,3004.47817,0.06753958,10.805635,23.300454
2020-06-04,2919.2506,13.1337995529175,2.8301,1.5341,2543.459845,-0.14095029,29.985441,42.059628
2020-06-05,2930.7993,13.1894998550415,2.8475,1.4777,2531.411425,0.39560495,18.57506,31.15482
2020-06-08,2937.7712,13.2278995513916,2.8101,1.5608,2746.118156,0.23788391,3.502562,29.950163
2020-06-09,2956.1116,13.3059997558594,2.8031,1.4204,2514.146962,0.62429641,83.532933,86.544223
2020-06-10,2943.7525,13.2434997558594,2.8201,1.3909,2439.684965,-0.41808638,27.523753,27.523753
2020-06-11,2920.8968,13.1386003494263,2.7701,1.5813,2890.232561,-0.77641378,33.23864,179.039913
2020-06-12,2919.7408,13.1394996643066,2.7451,1.6009,2743.217262,-0.03957689,355.725665,373.968758
2020-06-15,2890.0306,13.0008001327515,2.7878,1.6448,2933.615568,-1.01756293,14.859612,86.334425
2020-06-16,2931.7493,13.1805000305176,2.8402,1.4711,2709.485585,1.44353835,226.494452,257.899631
2020-06-17,2935.873,13.2174997329712,2.8802,1.5855,2780.071107,0.14065664,235.952806,267.665945
2020-06-18,2939.3151,13.234299659729,2.8527,1.7561,2893.677278,0.11724281,180.244331,214.62841
2020-06-19,2967.6341,13.3615999221802,2.8752,1.798,3190.891066,0.96345574,13.502422,97.987633
2020-06-22,2965.2717,13.3677997589111,2.9153,1.8007,3460.287484,-0.0796055,72.922142,85.022216
2020-06-23,2970.6203,13.3853998184204,2.9127,1.5163,3053.787705,0.1803747,79.362365,162.269418
2020-06-24,2979.5505,13.433500289917,2.8614,1.4345,2970.087841,0.30061735,31.177473,352.36763
2020-06-29,2961.5164,13.3493995666504,2.8504,1.4955,2938.86016,-0.60526244,38.806944,59.37719
2020-06-30,2984.6741,13.453800201416,2.823,1.4507,2973.123284,0.78195414,57.652588,67.655876
2020-07-01,3025.981,13.6433000564575,2.8456,1.8515,3698.838023,1.38396685,5.017138,12.257973
2020-07-02,3090.5693,13.9455003738403,2.8584,2.6701,4782.164823,2.13445821,,79.994735
2020-07-03,3152.8126,14.2481002807617,2.8974,3.1389,5354.893347,2.01397522,5.657438,25.263994
2020-07-06,3332.8807,15.1035003662109,2.9959,4.3985,7241.536757,5.71134802,27.470684,31.029538
2020-07-07,3345.3369,15.1431999206543,3.0158,4.4886,7936.383724,0.37373675,136.705144,148.904807
2020-07-08,3403.4401,15.3992004394531,3.0632,3.9926,6968.076345,1.73684151,353.335635,514.911178
2020-07-09,3450.5935,15.583399772644,3.0809,4.2224,7514.068304,1.3854629,,79.990125
2020-07-10,3383.3222,15.2076997756958,3.0305,3.7904,7031.975504,-1.94955737,313.055001,313.055001
2020-07-13,3443.2863,15.4819002151489,3.0557,3.8042,7173.970531,1.77234376,44.735084,55.272587
2020-07-14,3414.6186,15.3432998657227,3.0057,3.6884,7073.270052,-0.832568,91.75335,91.75335
2020-07-15,3361.3044,15.1021003723145,2.9559,3.3354,6747.274098,-1.56135154,85.005157,177.735435
2020-07-16,3210.0986,14.4621000289917,2.9459,3.2952,6794.683406,-4.49842627,595.239525,776.960483
2020-07-17,3214.1287,14.4659004211426,2.9507,2.4249,4865.361183,0.12554443,214.893916,320.306093
2020-07-20,3314.149,14.9258003234863,2.9311,2.8289,5440.456562,3.11189468,,
2020-07-21,3320.8947,14.9376001358032,2.9011,2.4278,4888.621804,0.20354245,123.26358,209.227996
2020-07-22,3333.1635,14.7906999588013,2.8861,2.6948,5405.770406,0.36944261,205.13894,368.248128
2020-07-23,3325.1102,14.7442998886108,2.9064,2.7746,5468.870897,-0.24161131,323.432911,485.512888
2020-07-24,3196.7684,14.1844997406006,2.8612,2.9169,5843.11865,-3.85977584,125.582583,383.189071
2020-07-27,3205.2268,14.2089004516602,2.8791,2.051,4022.319193,0.26459221,200.277239,424.03266
2020-07-28,3227.9604,14.2981004714966,2.9214,1.9857,3898.736962,0.7092665,89.083983,169.076452
2020-07-29,3294.5521,14.5857000350952,2.9415,2.2014,4530.943995,2.06296521,173.199014,407.215821
2020-07-30,3286.822,14.5290002822876,2.9364,2.3234,4769.740056,-0.2346328,10.778759,118.246819
2020-07-31,3310.0065,14.6183996200562,2.9664,2.3912,4957.780407,0.70537741,49.77281,272.176369
2020-08-03,3367.9658,14.8656997680664,2.9466,2.7818,5724.307598,1.75103282,17.679516,380.853652
2020-08-04,3371.6875,14.9083995819092,2.9365,3.0368,6049.421415,0.1105029,114.97906,277.756884
2020-08-05,3377.5648,14.9158000946045,2.9592,2.638,5265.150547,0.17431331,48.619751,138.83758
2020-08-06,3386.4631,14.9614000320435,2.9816,2.8348,5704.882481,0.26345312,277.239872,394.852656
2020-08-07,3354.0352,14.8250999450684,2.9918,2.7501,5614.356496,-0.95757429,3.431562,253.895957
2020-08-10,3379.2524,14.9524002075195,2.9543,2.6113,5270.839446,0.75184661,160.237471,320.237714
2020-08-11,3340.29,14.7742004394531,2.9544,2.75,5140.207641,-1.15298875,209.198615,227.898692
2020-08-12,3319.2656,14.6979999542236,2.962,2.5905,4807.312461,-0.6294184,,0.158176
2020-08-13,3320.7261,14.6899995803833,2.9555,2.2142,3871.622886,0.0440007,132.259343,228.075487
2020-08-14,3360.0988,14.8747997283936,2.9369,2.1002,3674.674217,1.18566539,141.888944,154.139044
2020-08-17,3438.801,15.2319002151489,2.9421,2.9786,5374.250751,2.34225851,179.151919,262.302025
2020-08-18,3451.0894,15.2608995437622,2.9771,2.5678,4930.521553,0.35734548,31.505781,37.190531
2020-08-19,3408.1288,15.0606002807617,2.9921,2.7482,4982.621583,-1.2448417,,
2020-08-20,3363.8988,14.8808002471924,2.9973,2.2765,4018.155501,-1.29777959,122.924041,213.77204
2020-08-21,3380.6825,14.9464998245239,2.9823,1.946,3612.817527,0.49893594,80.108195,89.087952
2020-08-24,3385.6383,14.9933996200562,2.9998,1.7961,3456.8338,0.1465917,146.837806,336.801697
2020-08-25,3373.5781,14.9334001541138,3.0424,1.863,3559.977908,-0.35621643,,
2020-08-26,3329.7388,14.7601003646851,3.0511,1.9704,3819.289066,-1.2994897,157.225232,287.629277
2020-08-27,3350.1128,14.8354997634888,3.0599,1.5911,3171.533915,0.61187983,146.784813,230.784739
2020-08-28,3403.8066,15.4208002090454,3.0672,1.8316,3793.670464,1.60274603,307.810498,368.664092
2020-08-31,3395.6775,16.1644992828369,3.0177,2.1992,4369.301254,-0.23882379,14.363145,75.664786
2020-09-01,3410.6068,16.2297992706299,3.0478,1.6599,3268.509553,0.439656,50.044428,132.695266
2020-09-02,3404.8017,16.1938991546631,3.1027,1.7564,3456.389823,-0.17020725,34.732065,86.832043
2020-09-03,3384.9806,16.0998992919922,3.1051,1.7117,3507.065639,-0.58215138,98.321536,103.028869
2020-09-04,3355.3666,15.9650001525879,3.1228,1.4787,3081.796576,-0.87486469,,
2020-09-07,3292.5907,15.6906003952026,3.1454,1.7442,3577.264639,-1.87091032,50.538083,66.582234
2020-09-08,3316.417,15.8262996673584,3.123,1.8334,3202.299013,0.72363382,,
2020-09-09,3254.6279,15.5539999008179,3.0805,2.3888,3410.545341,-1.86312819,148.842648,211.843827
2020-09-10,3234.8234,15.4644002914429,3.0833,2.1205,3096.767436,-0.60850274,402.493297,456.027399
2020-09-11,3260.3461,15.5748996734619,3.1346,1.4841,2548.449943,0.78899825,7.162875,62.368957
2020-09-14,3278.8138,15.6171998977661,3.1532,1.4384,2692.199197,0.56643373,130.93579,130.93579
2020-09-15,3295.6795,15.6947002410889,3.1083,1.3247,2517.638685,0.5143842,39.689165,39.689165
2020-09-16,3283.9244,15.6455001831055,3.126,1.3272,2422.708935,-0.35668213,,
2020-09-17,3270.435,15.586199760437,3.1334,1.3325,2793.110534,-0.41077072,71.272526,166.746024
2020-09-18,3338.0897,15.9228000640869,3.1162,1.7097,3370.258929,2.06867588,220.136368,245.792473
2020-09-21,3316.9351,15.8156003952026,3.0999,1.4534,2876.913081,-0.63373372,35.127637,35.127637
2020-09-22,3274.3015,15.6245002746582,3.0863,1.432,2691.132937,-1.28533115,,
2020-09-23,3279.7105,15.6395998001099,3.089,1.1151,2407.424288,0.16519554,75.792578,187.390896
2020-09-24,3223.1764,15.3839998245239,3.084,1.3761,2582.599197,-1.72375275,217.131463,390.27662
2020-09-25,3219.4179,15.3775997161865,3.1295,1.0982,2206.74477,-0.11660857,,63.505955
2020-09-28,3217.5346,15.3802995681763,3.1092,1.03,2096.723876,-0.05849815,211.80742,291.480647
2020-09-29,3224.3593,15.4098997116089,3.1292,1.0001,2073.078138,0.21210961,185.288347,206.359334
2020-09-30,3218.0521,15.3950004577637,3.1482,1.0249,2057.628573,-0.19561095,133.577364,135.761511
2020-10-09,3272.0762,15.6370000839233,3.1873,1.2612,2641.710438,1.67878264,120.018164,120.018164
2020-10-12,3358.4652,16.0379009246826,3.1861,1.7406,3557.001137,2.64018913,99.109971,99.109971
2020-10-13,3359.7499,16.031099319458,3.195,1.3503,2885.058375,0.03825259,240.066516,253.589957
2020-10-14,3340.7782,15.947699546814,3.215,1.3152,2811.599847,-0.56467596,147.646154,147.646154
2020-10-15,3332.1832,15.915599822998,3.23,1.2675,2638.48674,-0.25727539,5.187887,5.187887
2020-10-16,3336.3582,15.957799911499,3.2202,1.305,2534.480295,0.12529323,2.649388,2.649388
2020-10-19,3312.6671,15.8642997741699,3.2005,1.4383,2838.827902,-0.71008862,213.922515,213.922515
2020-10-20,3328.1029,15.8985004425049,3.1955,1.0867,2278.233671,0.46596291,65.49011,145.596
2020-10-21,3325.0247,15.9057998657227,3.1855,1.1732,2468.48139,-0.09249113,60.11357,160.054661
2020-10-22,3312.5005,15.8458995819092,3.1707,1.1034,2364.282489,-0.37666487,21.844623,21.844623
2020-10-23,3277.9972,15.6836996078491,3.1957,1.1598,2499.128833,-1.0416089,97.592503,97.592503
2020-10-26,3251.1188,15.546799659729,3.1934,1.1169,2354.624684,-0.81996409,26.647852,26.647852
2020-10-27,3254.3157,15.5296001434326,3.1609,0.9743,2174.874209,0.0983323,121.458008,121.458008
2020-10-28,3269.238,15.5283002853394,3.181,1.1467,2562.134582,0.4585388,238.093982,260.375072
2020-10-29,3272.7274,15.3058996200562,3.186,1.2215,2786.056652,0.10673435,,122.989848
2020-10-30,3224.5325,14.8734998703003,3.181,1.5212,3289.172416,-1.47262189,117.240286,151.125461
2020-11-02,3225.1196,14.8409996032715,3.1785,1.4881,3253.218691,0.01820729,34.12951,202.155369
2020-11-03,3271.0744,15.0496997833252,3.1762,1.4109,3037.301478,1.4249022,,
2020-11-04,3277.4402,15.0819997787476,3.1687,1.2372,2707.238465,0.19460884,377.171897,474.496466
2020-11-05,3320.1333,15.2797002792358,3.1912,1.5013,3162.9271,1.30263551,35.237611,35.237611
2020-11-06,3312.159,15.2805004119873,3.2063,1.5565,3254.850567,-0.24018012,64.184099,146.13853
2020-11-09,3373.7337,15.5599002838135,3.2363,2.0519,4299.489219,1.85905024,42.079079,42.079079
2020-11-10,3360.1485,15.5148000717163,3.2241,1.8395,3900.083917,-0.40267553,69.503915,229.505814
2020-11-11,3342.2025,15.4554004669189,3.2391,1.7796,3558.020655,-0.53408354,61.71066,141.700604
2020-11-12,3338.6788,15.4244003295898,3.2614,1.4001,2869.274364,-0.10543048,154.334403,156.456211
2020-11-13,3310.1046,15.2791004180908,3.2715,1.4995,3015.279669,-0.85585352,2.529687,2.529687
2020-11-16,3346.9692,15.453800201416,3.2741,1.8598,3337.506001,1.11369894,66.709023,66.709023
2020-11-17,3339.895,15.4373998641968,3.2866,1.8714,3536.233699,-0.21136137,,
2020-11-18,3347.3034,15.5302000045776,3.324,1.8886,3587.453674,0.22181536,303.152856,363.743036
2020-11-19,3363.0876,15.6028003692627,3.3487,1.6534,3195.201945,0.47154973,,172.952544
2020-11-20,3377.7267,15.6623001098633,3.31,1.7183,3126.597891,0.4352875,,
2020-11-23,3414.4899,15.8445997238159,3.265,2.5001,4315.043756,1.08840067,251.378008,411.268363
2020-11-24,3402.8225,15.7840995788574,3.29,1.9935,3595.058049,-0.34170258,149.623869,168.370593
2020-11-25,3362.3274,15.6211004257202,3.2675,2.1462,3834.777852,-1.19004444,18.379253,161.381328
2020-11-26,3369.7334,15.6721000671387,3.285,1.6891,3173.08635,0.22026409,56.578306,134.078287
2020-11-27,3408.3071,15.8784999847412,3.3,1.8493,3260.695472,1.14471074,269.107307,269.107307
2020-11-30,3391.7551,15.8137998580933,3.25,2.5636,4545.005718,-0.48563699,24.803361,104.806603
2020-12-01,3451.9384,16.1030006408691,3.2725,2.0946,3852.507513,1.77439993,54.11602,134.106142
2020-12-02,3449.3805,16.0877990722656,3.2925,2.0621,3833.408451,-0.0741004,97.29723,97.29723
2020-12-03,3442.1359,16.048999786377,3.2851,1.9701,3524.222866,-0.21002612,27.172928,194.788414
2020-12-04,3444.5814,16.0389003753662,3.2651,1.6926,3293.932083,0.071046,,
2020-12-07,3416.6037,15.8893995285034,3.2701,1.6734,3368.368003,-0.81222351,81.417432,81.417432
2020-12-08,3410.1771,15.8380002975464,3.2551,1.4905,3046.350335,-0.18809908,49.913832,64.213904
2020-12-09,3371.964,15.6726999282837,3.2726,1.7161,3393.178063,-1.12056057,64.472212,88.9854
2020-12-10,3373.2758,15.6618995666504,3.2601,1.6284,3216.163572,0.03890314,28.149289,188.050162
2020-12-11,3347.191,15.5412998199463,3.2951,1.9623,3798.488036,-0.77327801,167.861649,338.959654
2020-12-14,3369.1201,15.6386003494263,3.2851,1.5755,3162.291329,0.65514935,12.554183,82.612368
2020-12-15,3367.2326,15.6145000457764,3.2777,1.462,3152.897413,-0.05602353,,
2020-12-16,3366.9832,15.618200302124,3.2752,1.4266,3088.233853,-0.00740668,421.830534,524.75901
2020-12-17,3404.8732,15.7960996627808,3.2802,1.7954,3647.404772,1.12533974,120.753154,123.05329
2020-12-18,3394.896,15.7498998641968,3.2902,1.844,3540.273769,-0.29302706,2.002165,54.103445
2020-12-21,3420.5693,15.8537998199463,3.2652,1.8684,3838.989516,0.7562323,24.814955,29.816408
2020-12-22,3356.7822,15.546799659729,3.2278,2.1246,4321.995565,-1.86480946,117.893693,267.177547
2020-12-23,3382.3195,15.6858997344971,3.2153,1.9492,4132.547791,0.76076726,43.667263,133.241009
2020-12-24,3363.1133,15.6082000732422,3.2303,1.7924,3633.211443,-0.56784109,105.963138,105.963138
2020-12-25,3396.5626,15.7510004043579,3.1878,1.9145,3590.944447,0.99459331,58.031066,58.031066
2020-12-28,3397.2854,15.7622995376587,3.1629,2.0837,3981.599688,0.02128034,4.42896,83.428913
2020-12-29,3379.0362,15.6868000030518,3.1554,2.0477,3821.025638,-0.53717006,,
2020-12-30,3414.4527,15.836199760437,3.1204,1.9101,3775.423509,1.04812431,266.02713,291.242282
2020-12-31,3473.0693,16.1021003723145,3.1429,2.1818,4504.823189,1.71672022,,9.99998
2021-01-04,3502.9584,16.221700668335,3.178,2.5188,5233.677008,0.86059613,9.164984,9.164984
2021-01-05,3528.6767,16.3241004943848,3.1305,2.6958,5680.194622,0.73418799,23.530692,32.328386
2021-01-06,3550.8767,16.4435997009277,3.1256,2.4316,5217.995298,0.62913103,380.268336,384.114395
2021-01-07,3576.2046,16.5660991668701,3.1256,2.6672,5457.096281,0.71328582,94.536119,94.536119
2021-01-08,3570.1082,16.5487003326416,3.1456,2.2666,5021.708156,-0.17047123,354.110115,384.210105
2021-01-11,3531.4978,16.3717994689941,3.1632,2.3904,5268.959273,-1.08149103,215.013514,275.126411
2021-01-12,3608.3389,16.7278003692627,3.1457,2.1257,4857.711863,2.17587846,394.302732,437.502712
2021-01-13,3598.6518,16.6958999633789,3.1157,2.5731,5548.534391,-0.26846425,526.721712,526.721712
2021-01-14,3565.9046,16.5436992645264,3.1059,2.296,5113.251037,-0.90998523,221.452057,221.452057
2021-01-15,3566.3778,16.5223007202148,3.1508,2.1437,4803.43781,0.01327013,168.209162,170.259195
2021-01-18,3596.2237,16.6553993225098,3.1658,1.9819,4517.407004,0.83686871,,2.240083
2021-01-19,3566.3814,16.5401000976562,3.1609,2.1407,4674.025824,-0.82982324,275.843516,275.843516
2021-01-20,3583.092,16.5914993286133,3.161,1.7955,3971.447662,0.46855897,619.343177,687.61161
2021-01-21,3621.2641,16.7469005584717,3.1335,2.1069,4698.552266,1.06533966,136.424836,216.424761
2021-01-22,3606.7496,16.6434001922607,3.1185,2.0951,4854.521924,-0.40081308,170.713813,170.713813
2021-01-25,3624.2381,16.7024002075195,3.1323,2.1133,5272.573477,0.48488257,226.89977,226.89977
2021-01-26,3569.429,16.4554996490479,3.1585,1.7878,4363.266646,-1.51229303,236.690507,239.251779
2021-01-27,3573.3412,16.4750003814697,3.1636,1.6876,3962.703896,0.10960296,177.904935,185.02586
2021-01-28,3505.1759,16.1380996704102,3.1961,1.7413,3915.74388,-1.90760681,252.773913,270.123283
2021-01-29,3483.0692,16.0426998138428,3.1786,1.8916,4165.28621,-0.63068732,16.298101,16.298101
2021-02-01,3505.2836,16.1256008148193,3.1712,1.7879,3714.730663,0.63778233,172.416826,172.416826
2021-02-02,3533.6849,16.2397003173828,3.1862,1.7112,3841.278511,0.81024257,248.101486,279.348847
2021-02-03,3517.308,16.1650009155273,3.2112,1.9032,4137.31472,-0.46345106,304.296357,304.296357
2021-02-04,3501.8592,15.9888000488281,3.2347,1.9184,4187.425528,-0.43922227,216.934442,216.934442
2021-02-05,3496.3329,15.9993000030518,3.2164,1.8608,3973.919196,-0.15781046,163.113693,300.130419
2021-02-08,3532.4467,16.1478996276855,3.237,1.6,3591.873192,1.03290508,145.309353,202.063757
2021-02-09,3603.489,16.4428997039795,3.2303,1.6012,3715.679725,2.01113579,687.370303,687.370303
2021-02-10,3655.088,16.6828002929688,3.2449,1.6462,3926.433896,1.43191779,20.163433,20.163433
2021-02-18,3675.3571,16.8094997406006,3.2831,2.1793,4835.465646,0.55454479,12.160774,12.160774
2021-02-19,3696.168,16.9090003967285,3.2578,2.3214,4849.902058,0.56622797,86.913915,86.913915
2021-02-22,3642.4449,16.729700088501,3.2736,3.1488,5993.231021,-1.45348101,64.40457,64.40457
2021-02-23,3636.3573,16.7141990661621,3.2635,2.5673,4796.318102,-0.1671295,67.705679,69.735966
2021-02-24,3564.0799,16.380199432373,3.2627,2.3271,4844.304146,-1.98763196,188.493674,188.493674
2021-02-25,3585.0458,16.5088005065918,3.2723,2.3303,4447.350171,0.58825561,78.504572,154.006902
2021-02-26,3509.0804,16.1569004058838,3.2798,2.1258,4244.859139,-2.11895201,197.216765,197.216765
2021-03-01,3551.3998,16.346399307251,3.2475,2.0057,4024.770442,1.20599688,159.370959,159.370959
2021-03-02,3508.5912,16.1408996582031,3.2474,2.1696,4276.804531,-1.20540075,235.3516,255.454002
2021-03-03,3576.9045,16.4913005828857,3.2553,2.2261,4154.903457,1.94702934,116.709209,116.709209
2021-03-04,3503.4916,16.1781997680664,3.2655,2.5142,4622.337342,-2.05241432,263.754345,265.886711
2021-03-05,3501.9867,16.1611003875732,3.2457,2.283,4088.499019,-0.04295429,166.080083,210.680579
2021-03-08,3421.4141,15.7981004714966,3.2404,2.485,4538.592033,-2.3007683,79.327169,79.327169
2021-03-09,3359.292,15.5150003433228,3.2478,2.6148,4561.961903,-1.81568492,348.025152,358.025672
2021-03-10,3357.7372,15.4884004592896,3.2353,1.9145,3395.716915,-0.04628356,80.304048,82.504047
2021-03-11,3436.8313,15.851300239563,3.2506,2.0726,3698.053655,2.35557744,5.714265,35.915669
2021-03-12,3453.0777,15.9125995635986,3.2613,2.3101,3819.642812,0.4727145,10.721931,12.761857
2021-03-15,3419.9456,15.6868000030518,3.274,2.3945,3816.464913,-0.95949477,92.241401,92.241401
2021-03-16,3446.7334,15.8006000518799,3.2614,2.0432,3323.884847,0.78328147,140.397896,282.289072
2021-03-17,3445.5509,15.7695999145508,3.2564,1.8038,3066.304721,-0.03430785,9.636791,91.755804
2021-03-18,3463.0681,15.832799911499,3.2592,1.8052,3165.291741,0.50840056,63.81663,81.369629
2021-03-19,3404.6634,15.5532999038696,3.2364,1.9658,3399.922928,-1.68650163,30.402597,87.294262
2021-03-22,3443.4392,15.730299949646,3.2309,1.9745,3325.350358,1.1389026,19.881711,19.881711
2021-03-23,3411.5088,15.5846996307373,3.2105,2.0614,3434.771677,-0.92728224,180.497927,182.653221
2021-03-24,3367.0606,15.3823003768921,3.193,2.008,3448.000382,-1.30288979,74.346741,76.994885
2021-03-25,3363.5915,15.3291997909546,3.1882,1.6898,2902.234426,-0.10303052,73.327701,108.196662
2021-03-26,3418.3267,15.5556001663208,3.1985,1.7333,3224.086199,1.62728441,12.610953,12.610953
2021-03-29,3435.2958,15.3696002960205,3.1962,1.7823,3279.441197,0.4964154,11.338302,11.338302
2021-03-30,3456.6766,15.4187002182007,3.206,1.7866,3316.256512,0.622386,114.364118,114.364118
2021-03-31,3441.9115,15.2423000335693,3.1887,1.8064,3141.741202,-0.42714728,6.855545,9.324523
2021-04-01,3466.3315,15.3388996124268,3.196,1.7386,2926.519123,0.70948948,6.156392,6.156392
2021-04-02,3484.3924,15.3963003158569,3.2013,1.6529,3179.532008,0.52103788,8.486075,8.486075
2021-04-06,3482.9674,15.395899772644,3.2087,1.4735,2863.296727,-0.04089666,7.749899,150.346303
2021-04-07,3479.6256,15.3823003768921,3.2215,1.8734,3236.50987,-0.09594692,65.956517,76.056517
2021-04-08,3482.5548,15.4440002441406,3.2221,2.0982,3480.113268,0.08418147,18.514593,33.07992
2021-04-09,3450.6772,15.2987003326416,3.2121,1.7528,3064.222263,-0.91535099,22.047769,22.047769
2021-04-12,3412.9477,15.1265001296997,3.1948,1.9457,3388.903396,-1.09339407,22.498945,22.498945
2021-04-13,3396.47,15.0510997772217,3.1626,1.702,2905.398799,-0.48279966,12.979916,98.079901
2021-04-14,3416.7212,15.1330003738403,3.1651,1.474,2690.100706,0.59624257,6.968231,36.146648
2021-04-15,3398.9875,15.0511999130249,3.1728,1.4753,2725.691968,-0.51902684,10.559747,10.559747
2021-04-16,3426.6178,15.1501998901367,3.1631,1.6243,2959.510947,0.81289796,24.835184,34.837798
2021-04-19,3477.5485,15.3225002288818,3.1559,1.8971,3684.724675,1.48632567,,
2021-04-20,3472.9427,15.2859001159668,3.1554,1.7715,3589.827682,-0.13244388,91.448589,93.97818
2021-04-21,3472.9298,15.266300201416,3.153,1.5913,3239.141462,-0.00037144,61.159649,61.159649
2021-04-22,3465.1138,15.1628999710083,3.1614,1.5682,3170.810349,-0.22505494,11.658136,103.287594
2021-04-23,3474.166,15.1639003753662,3.1719,1.5682,3230.159353,0.26123817,2.080317,11.136626
2021-04-26,3441.1658,14.9561996459961,3.2024,1.7445,3881.616756,-0.94987401,2.053854,69.165713
2021-04-27,3442.6111,14.867600440979,3.2078,1.5855,3270.4602,0.0420003,215.448613,215.448613
2021-04-28,3457.0683,14.8114004135132,3.1979,1.5671,3496.692073,0.41994868,34.762863,181.757077
2021-04-29,3474.9011,14.5066003799438,3.1872,1.7738,3716.115899,0.51583592,91.357273,93.407652
2021-04-30,3446.8564,13.9188003540039,3.164,1.9315,4014.423347,-0.8070647,79.222513,79.222513
2021-05-06,3441.2826,13.9031000137329,3.1507,1.958,4005.251696,-0.16170677,19.001205,19.001205
2021-05-07,3418.8741,13.8376998901367,3.1589,2.2492,4110.788416,-0.6511671,44.681531,50.521182
2021-05-10,3427.9909,13.8851003646851,3.146,2.371,3997.17549,0.26666089,152.146456,152.146456
2021-05-11,3441.8454,13.932900428772,3.138,2.2154,3903.262738,0.40415802,97.601045,99.703877
2021-05-12,3462.7513,14.016300201416,3.131,1.9608,3438.604064,0.60740381,5.20516,9.330323
2021-05-13,3429.5361,13.8832998275757,3.1366,2.01,3563.769178,-0.95921414,8.818476,13.918568
2021-05-14,3490.3762,14.1270999908447,3.1422,2.111,4111.169428,1.77400378,78.523424,78.523424
2021-05-17,3517.6158,14.2026996612549,3.1524,1.9884,4244.767834,0.78042017,44.207629,64.307619
2021-05-18,3529.0144,14.252799987793,3.1457,1.6714,3360.287747,0.32404335,21.312324,97.465844
2021-05-19,3510.9647,14.174599647522,3.1298,1.6957,3499.731523,-0.51146575,37.152361,40.407007
2021-05-20,3506.9444,14.1597995758057,3.1001,1.3478,3903.553215,-0.11450699,14.201072,67.09202
2021-05-21,3486.5569,14.0783004760742,3.0876,1.4508,3560.259313,-0.58134654,12.838365,23.466391
2021-05-24,3497.2821,14.121000289917,3.085,1.4675,3671.816279,0.3076158,59.322734,61.750844
2021-05-25,3581.3418,14.4575004577637,3.085,1.743,4722.135314,2.40357219,190.783584,195.708745
2021-05-26,3593.357,14.5080995559692,3.06,2.0739,4558.312567,0.33549437,19.669837,70.205665
2021-05-27,3608.8507,14.5569000244141,3.0725,1.8699,4290.042393,0.4311762,56.027339,56.027339
2021-05-28,3600.7844,14.5361995697021,3.0825,2.0266,4524.45032,-0.22351437,46.622878,116.722873
2021-05-31,3615.4773,14.5750999450684,3.045,1.9079,4496.94381,0.4080472,21.670165,43.718032
2021-06-01,3624.7138,14.5974998474121,3.04,2.0667,4716.631048,0.25547111,109.54938,109.54938
2021-06-02,3597.1379,14.4961996078491,3.065,2.0311,4546.780664,-0.76077455,100.549067,104.651296
2021-06-03,3584.2121,14.4401998519897,3.055,2.0911,4435.065273,-0.35933568,17.440123,23.175273
2021-06-04,3591.8447,14.4707002639771,3.0925,1.9122,4352.805199,0.21295057,11.862378,11.862378
2021-06-07,3599.541,14.4953002929688,3.11,1.7685,4322.199522,0.21427151,64.0,66.452955
2021-06-08,3580.1063,14.4312000274658,3.11,1.7735,4431.61808,-0.53992162,309.054091,412.10137
2021-06-09,3591.3965,14.47350025177,3.1051,1.7522,4032.363228,0.31535935,163.353021,274.294021
2021-06-10,3610.859,14.5479001998901,3.1,1.8603,4421.172854,0.54192011,102.375954,119.475829
2021-06-11,3589.7481,14.4677000045776,3.1276,2.1349,4953.726931,-0.58465036,38.01801,63.271598
2021-06-15,3556.559,14.306300163269,3.1176,1.8217,4447.192042,-0.92455234,48.497592,92.548269
2021-06-16,3518.3292,14.1690998077393,3.1301,1.6388,4106.093147,-1.07490977,122.074723,182.453092
2021-06-17,3525.6042,14.1871004104614,3.1401,1.5186,3887.610417,0.20677428,96.908807,169.805943
2021-06-18,3525.0968,14.1812000274658,3.1202,1.6827,4462.974014,-0.01439186,61.336123,70.43861
2021-06-21,3529.1826,14.1932001113892,3.0953,1.611,4265.627891,0.11590604,25.131621,28.382277
2021-06-22,3557.412,14.3201999664307,3.0877,1.7186,4370.922592,0.79988494,186.565835,204.359609
2021-06-23,3566.2199,14.3566999435425,3.0853,1.7605,4703.476356,0.24759291,21.074873,31.074863
2021-06-24,3566.6539,14.3621997833252,3.0828,1.6948,4612.735956,0.01216975,103.435619,203.445256
2021-06-25,3607.5618,14.5270004272461,3.0827,1.86,4838.989709,1.14695457,36.032272,166.727252
2021-06-28,3606.3722,14.5059995651245,3.0903,1.728,4560.295944,-0.03297518,70.063212,70.063212
2021-06-29,3573.1779,14.3747997283936,3.0853,1.6324,4408.987052,-0.92043467,102.445985,259.751854
2021-06-30,3591.197,14.4469003677368,3.0778,1.454,4146.983789,0.50428779,90.705146,144.018752
2021-07-01,3588.7816,14.4483003616333,3.0878,1.6091,4506.39037,-0.06725891,15.29641,15.502394
2021-07-02,3518.7595,14.1743001937866,3.0803,1.6438,4522.631943,-1.95113851,2.451346,2.451346
2021-07-05,3534.3222,14.2355003356934,3.0754,1.6345,4454.319421,0.44227802,4.219963,4.219963
2021-07-06,3530.2589,14.268500328064,3.0854,1.726,4928.869012,-0.11496688,107.600616,110.487511
2021-07-07,3553.7155,14.3557996749878,3.0554,1.7832,4576.076532,0.66444419,14.653789,144.73815
2021-07-08,3525.5039,14.229700088501,2.983,1.973,5268.58673,-0.79386209,25.200448,125.331241
2021-07-09,3524.0881,14.2245998382568,3.0105,1.9683,4930.208393,-0.0401588,30.614098,30.614098
2021-07-12,3547.8362,14.3092002868652,2.9431,2.3322,5647.592827,0.67387929,3.636894,3.636894
2021-07-13,3566.5225,14.3784999847412,2.9256,2.0703,5119.172307,0.52669568,125.923568,180.483157
2021-07-14,3528.5011,14.2166996002197,2.9356,2.1485,5077.164154,-1.06606365,108.350087,110.360178
2021-07-15,3564.5902,14.3674001693726,2.9557,2.1163,5074.818413,1.0227884,43.011781,83.011787
2021-07-16,3539.3038,14.3795003890991,2.9432,2.1406,5186.406301,-0.70937748,64.808619,64.808619
2021-07-19,3539.1225,14.3779001235962,2.9483,1.9723,4869.524594,-0.00512248,100.475556,173.475906
2021-07-20,3536.7905,14.3732995986938,2.9258,1.7185,4226.498886,-0.06589204,262.99988,262.99988
2021-07-21,3562.6611,14.4679002761841,2.9184,2.0007,5172.399892,0.73147109,128.00319,130.414956
2021-07-22,3574.7344,14.5502004623413,2.9284,2.2516,5667.694992,0.33888432,26.853873,26.853873
2021-07-23,3550.3964,14.4518995285034,2.9134,2.6431,6041.951527,-0.6808338,190.948018,225.348286
2021-07-26,3467.4409,14.1281995773315,2.8711,2.6218,6390.611938,-2.33651375,2.653664,2.653664
2021-07-27,3381.1833,13.8020000457764,2.911,2.7537,7027.410875,-2.48764442,315.764528,420.126343
2021-07-28,3361.5895,13.7351999282837,2.9312,2.3327,5646.977201,-0.57949535,156.676236,177.877635
2021-07-29,3411.724,13.9142999649048,2.884,2.0368,5397.488554,1.49139269,65.320431,65.320431
2021-07-30,3397.3574,13.8388996124268,2.8363,2.2321,5688.209697,-0.42109502,29.135285,66.98422
2021-08-02,3464.2854,14.1005001068115,2.8212,2.5634,6578.857839,1.97000174,40.287517,70.489333
2021-08-03,3447.9914,14.021900177002,2.8337,2.3812,6034.191985,-0.47034231,150.233679,152.605402
2021-08-04,3477.2186,14.1294002532959,2.8338,2.0642,5468.20756,0.84765873,12.412273,59.162118
2021-08-05,3466.5491,14.0921001434326,2.7988,2.0531,5404.011109,-0.30684007,60.376817,62.528969
2021-08-06,3458.2277,14.0544996261597,2.8139,1.9822,5164.066431,-0.24004853,49.847805,100.851599
2021-08-09,3494.6348,14.1983995437622,2.8615,2.0731,5394.989296,1.05276758,30.496531,66.138081
2021-08-10,3529.9309,14.3338003158569,2.8766,2.0326,5534.403118,1.01000826,217.174163,277.586726
2021-08-11,3532.6213,14.3608999252319,2.8841,2.2475,5419.427326,0.07621679,50.276454,55.747977
2021-08-12,3524.7374,14.3439998626709,2.8566,2.2478,5381.634499,-0.22317422,117.303858,122.76822
2021-08-13,3516.2989,14.3302001953125,2.8792,2.2344,5329.078543,-0.23940791,33.515846,55.92969
2021-08-16,3517.3447,14.2344999313354,2.8943,2.2731,5354.589414,0.0297415,30.877101,38.867479
2021-08-17,3446.976,13.9539003372192,2.8819,2.4716,5704.30624,-2.00061996,137.466847,181.940959
2021-08-18,3485.2859,14.0853004455566,2.8494,2.2849,5354.630681,1.11140606,58.482251,81.546028
2021-08-19,3465.5546,13.9896001815796,2.8395,2.2234,5379.265244,-0.56613146,34.571071,44.751508
2021-08-20,3427.3338,13.8273000717163,2.852,2.0747,5526.676026,-1.10287687,99.85513,117.860215
2021-08-23,3477.1321,13.9973001480103,2.8672,2.2528,5643.081555,1.4529749,57.896605,57.896605
2021-08-24,3514.471,14.1162996292114,2.8522,2.526,6160.841379,1.07384186,308.635828,325.513108
2021-08-25,3540.3837,14.1719999313354,2.8547,2.5487,5986.118687,0.73731438,58.7848,93.038566
2021-08-26,3501.6643,13.9798002243042,2.8848,2.9409,6223.93476,-1.09364982,169.1602,218.188231
2021-08-27,3522.1567,13.9371004104614,2.8698,2.6602,5955.186926,0.58521886,51.104932,51.104932
2021-08-30,3528.1512,13.6209001541138,2.8505,3.0352,6991.162428,0.17019402,62.991774,62.991774
2021-08-31,3543.9402,13.4926996231079,2.845,3.1685,7035.048189,0.44751483,168.774797,171.262839
2021-09-01,3567.1008,13.5994997024536,2.8226,4.0837,8425.289844,0.65352683,56.222387,64.363722
2021-09-02,3597.0426,13.7115001678467,2.8301,3.4336,6911.132928,0.83938755,27.382369,81.483407
2021-09-03,3581.7344,13.6693000793457,2.8327,3.6545,7438.407806,-0.42557739,22.739236,22.739236
2021-09-06,3621.8593,13.8204002380371,2.8354,3.1071,6540.857329,1.12026453,78.215708,78.215708
2021-09-07,3676.5866,14.0271997451782,2.8604,3.2977,6588.679248,1.51102778,194.034447,222.308383
2021-09-08,3675.1865,14.0389995574951,2.8705,3.5106,6743.484827,-0.03808152,17.874167,209.861691
2021-09-09,3693.1296,14.1111001968384,2.873,3.68,6794.654244,0.48822284,26.414522,130.302101
2021-09-10,3703.1103,14.1546001434326,2.8656,3.8793,7590.846381,0.27025047,34.58836,66.702796
2021-09-13,3715.3723,14.2052001953125,2.8908,3.4219,6961.923547,0.33112705,172.992206,172.992206
2021-09-14,3662.6015,13.9946002960205,2.8858,3.4757,6937.780883,-1.4203368,99.598209,104.707912
2021-09-15,3656.2232,13.9643001556396,2.9009,2.8532,6042.315441,-0.17414671,101.279852,163.928339
2021-09-16,3607.0922,13.7812004089355,2.8885,3.3367,6739.553404,-1.3437637,103.027134,177.2427
2021-09-17,3613.9663,13.8031997680664,2.8785,3.0656,6288.343943,0.19057179,83.094893,166.525018
2021-09-22,3628.4897,13.8649997711182,2.8639,2.7912,5598.747296,0.40186872,78.222522,78.322547
2021-09-23,3642.2204,13.9156999588013,2.8565,3.2226,6332.189291,0.37841364,143.909628,143.909628
2021-09-24,3613.0673,13.7987003326416,2.8719,3.0519,6067.886091,-0.80042108,53.770806,55.367125
2021-09-27,3582.8307,13.6892004013062,2.8825,3.0955,6406.736482,-0.83686789,33.402684,53.502718
2021-09-28,3602.2184,13.7795000076294,2.8769,2.6431,5000.819961,0.541128,172.098406,189.519462
2021-09-29,3536.2944,13.5445995330811,2.8646,2.7062,5111.069263,-1.83009448,101.979257,110.232963
2021-09-30,3568.1668,13.6531000137329,2.8776,2.3709,4457.347031,0.90129374,,
2021-10-08,3592.1666,13.7585000991821,2.9131,2.4675,4929.648264,0.67260869,12.74316,12.74316
2021-10-11,3591.7087,13.7714996337891,2.958,2.3767,4686.738314,-0.01274718,37.172635,57.272625
2021-10-12,3546.9362,13.6077995300293,2.9657,2.4401,4619.834921,-1.24655154,15.315815,70.515804
2021-10-13,3561.7623,13.6478996276855,2.9578,1.9411,4050.200088,0.41799737,2.952419,2.952419
2021-10-14,3558.2795,13.6330995559692,2.9581,1.7506,3775.192631,-0.09778306,22.247285,24.310849
2021-10-15,3572.3662,13.6819000244141,2.9683,1.9123,4259.247209,0.39588515,11.155557,138.057766
2021-10-18,3568.1379,13.6554002761841,3.0426,2.0417,4557.878934,-0.11836133,2.69236,2.69236
2021-10-19,3593.1533,13.7391996383667,3.0102,2.017,4401.815318,0.70107716,3.816093,3.816093
2021-10-20,3587.0009,13.7097997665405,2.9978,2.0466,4504.829509,-0.17122565,3.26422,8.6757
2021-10-21,3594.7831,13.7400999069214,2.9702,2.1134,4535.716725,0.21695562,40.691543,45.773375
2021-10-22,3582.6036,13.6913995742798,2.9953,2.1307,4554.412501,-0.33881043,33.009986,37.381549
2021-10-25,3609.8626,13.7534999847412,2.9879,1.9329,4439.616288,0.76087123,63.446612,63.446612
2021-10-26,3597.6377,13.7027997970581,2.978,2.0217,4651.795937,-0.33865278,138.127328,218.415066
2021-10-27,3562.3052,13.5704002380371,2.9781,2.0611,4707.777941,-0.98210278,45.508851,201.21387
2021-10-28,3518.4166,13.4135999679565,2.9682,2.2514,5029.827681,-1.23202807,79.700165,79.700165
2021-10-29,3547.3361,13.6590995788574,2.9732,2.1663,5272.318314,0.82194644,227.922641,235.929514
2021-11-01,3544.4795,13.4777002334595,2.9435,2.259,5641.002551,-0.08052803,70.881558,70.881558
2021-11-02,3505.6283,13.3521003723145,2.9259,2.4942,5855.194698,-1.09610452,75.231126,141.397025
2021-11-03,3498.5368,13.3256998062134,2.9385,1.8305,4491.151267,-0.20228899,102.41009,125.416645
2021-11-04,3526.8657,13.4188003540039,2.9261,1.8762,4688.291796,0.80973566,15.695733,15.695733
2021-11-05,3491.5677,13.2895002365112,2.8911,2.0949,4858.232235,-1.00083199,16.271763,22.92286
2021-11-08,3498.6308,13.3149995803833,2.9013,1.7736,4219.680754,0.20229022,,32.372911
2021-11-09,3507.0018,13.3468999862671,2.8988,1.6985,4212.007033,0.23926503,130.244216,130.244216
2021-11-10,3492.4616,13.2919998168945,2.9139,1.8357,4431.127423,-0.41460486,81.585703,115.924214
2021-11-11,3532.7858,13.4534997940063,2.9365,1.9288,4648.038592,1.15460683,2.381338,14.993213
2021-11-12,3539.1002,13.4657001495361,2.9391,1.8143,4433.98367,0.17873713,56.086045,197.396248
2021-11-15,3533.3026,13.4435997009277,2.9269,1.8496,4640.654057,-0.16381565,115.295293,115.295293
2021-11-16,3521.7867,13.4006996154785,2.9244,1.8116,4447.007828,-0.32592453,81.074101,114.484147
2021-11-17,3537.3662,13.4513998031616,2.9295,1.6107,4015.523179,0.44237489,26.850267,30.893517
2021-11-18,3520.7106,13.3882999420166,2.9146,1.8077,4328.983142,-0.47084749,10.287804,45.148816
2021-11-19,3560.3734,13.5342998504639,2.9302,1.8738,4405.93606,1.12655667,2.818971,5.11865
2021-11-22,3582.0797,13.6077003479004,2.8876,1.9173,5091.23407,0.60966358,7.981929,18.327558
2021-11-23,3589.0894,13.6330995559692,2.8875,2.1082,5080.838938,0.195688,145.995723,195.995722
2021-11-24,3592.7025,13.6581001281738,2.86,1.9492,4810.2042,0.10066899,28.045385,98.620437
2021-11-25,3584.1788,13.6240997314453,2.855,1.7887,4505.588431,-0.23725037,43.661934,68.763207
2021-11-26,3564.0894,13.5434999465942,2.82,1.7586,4346.252361,-0.56050217,51.006566,211.006532
2021-11-29,3562.6968,13.5345001220703,2.825,1.9538,4900.381702,-0.03907309,7.847507,44.362279
2021-11-30,3563.8872,13.5403995513916,2.825,2.0528,4936.05518,0.03341289,39.245109,126.240165
2021-12-01,3576.8853,13.5958003997803,2.8401,1.9321,4675.227906,0.36471693,61.490018,73.690154
2021-12-02,3573.8358,13.5944995880127,2.8601,2.0679,4684.248282,-0.08525574,75.652371,301.765219
2021-12-03,3607.4322,13.7184000015259,2.8701,2.1838,4935.655548,0.94006557,18.190203,49.852836
2021-12-06,3589.3061,13.6633996963501,2.8176,2.46,5282.296708,-0.50246544,128.908109,128.908109
2021-12-07,3595.0882,13.6978998184204,2.8451,2.3708,5241.194594,0.16109242,156.459619,215.927252
2021-12-08,3637.5675,13.8473997116089,2.8551,2.0829,4860.343521,1.18159271,71.493547,118.293255
2021-12-09,3673.0412,13.9827003479004,2.8526,2.4959,5685.293896,0.9752039,22.8407,147.916495
2021-12-10,3666.3479,13.9570999145508,2.8426,2.3937,5563.242405,-0.18222774,88.446926,229.930909
2021-12-13,3681.082,14.0089998245239,2.8552,2.4361,5741.879617,0.40187403,26.806309,141.336156
2021-12-14,3661.5253,13.9268999099731,2.8477,2.1202,4874.685213,-0.53127586,75.657988,157.796107
2021-12-15,3647.6303,13.8823003768921,2.8502,2.1913,4811.343703,-0.37948666,29.509215,91.15403
2021-12-16,3675.016,13.996000289917,2.8577,2.242,4659.113595,0.75078058,14.666284,175.485339
2021-12-17,3632.3638,13.8453998565674,2.8512,2.3983,4919.529235,-1.16059903,39.27278,61.274999
2021-12-20,3593.6019,13.7084999084473,2.8533,2.4897,4918.289876,-1.06712604,8.930117,198.573341
2021-12-21,3625.1251,13.8295001983643,2.8508,2.428,4283.793923,0.87720345,208.849262,228.949252
2021-12-22,3622.6178,13.8173999786377,2.8303,2.3322,4324.513066,-0.06916451,19.821693,120.091391
2021-12-23,3643.3391,13.8983001708984,2.8143,2.228,4499.881527,0.57199796,36.010974,163.378233
2021-12-24,3618.0535,13.807900428772,2.8203,2.2637,4762.611463,-0.69402269,4.530804,107.463726
2021-12-27,3615.9741,13.7999000549316,2.8128,1.8956,4074.826484,-0.05747289,5.109128,27.629989
2021-12-28,3630.1115,13.8554000854492,2.8004,1.8352,4087.613697,0.39097072,140.848104,166.979875
2021-12-29,3597.0002,13.734299659729,2.7854,1.7736,4104.253395,-0.91212901,91.591795,94.970742
2021-12-30,3619.1886,13.8179998397827,2.7654,1.801,4139.476928,0.61685846,18.117491,28.90069
2021-12-31,3639.7754,13.895299911499,2.7754,1.9078,4334.898031,0.56882363,3.223112,3.223112
2022-01-04,3632.3289,13.87619972229,2.7855,2.3994,5102.510606,-0.2045868,22.548005,22.548005
2022-01-05,3595.1761,13.7655000686646,2.8045,2.4387,5389.636317,-1.02283689,35.266992,35.266992
2022-01-06,3586.0792,13.7298002243042,2.8205,2.1647,4742.8429,-0.25303072,20.555451,30.50335
2022-01-07,3579.5427,13.7306003570557,2.8181,2.5612,5028.914354,-0.18227428,5.135818,7.647394
2022-01-10,3593.5187,13.7883996963501,2.8056,2.0858,4434.008486,0.39044094,16.63841,16.63841
2022-01-11,3567.4409,13.6826000213623,2.7957,2.103,4413.005669,-0.72568984,45.404201,45.404201
2022-01-12,3597.4321,13.7743997573853,2.7957,2.0006,4358.17893,0.84069227,8.296234,2.841098
2022-01-13,3555.2585,13.617600440979,2.7858,2.1659,4570.054193,-1.17232511,99.343597,102.393776
2022-01-14,3521.2559,13.474100112915,2.7935,2.2044,4631.976419,-0.95640303,20.517232,20.517232
2022-01-17,3541.666,13.521900177002,2.786,1.8322,4382.729816,0.57962558,2.581893,2.581893
2022-01-18,3569.9144,13.6433000564575,2.7415,2.2145,4708.320386,0.79760203,98.970852,116.570852
2022-01-19,3558.1796,13.6036996841431,2.7314,1.9584,4207.633642,-0.32871376,110.79504,124.412358
2022-01-20,3555.0629,13.611499786377,2.7271,2.2162,4597.018434,-0.08759254,59.652033,91.811931
2022-01-21,3522.5679,13.4890003204346,2.71,1.8999,4177.689226,-0.91404852,99.214969,126.277577
2022-01-24,3524.105,13.4996004104614,2.6751,1.6449,3580.096943,0.04363578,4.543119,7.305064
2022-01-25,3433.0612,13.1606998443604,2.6979,1.9006,3837.277375,-2.58345878,243.002315,247.266762
2022-01-26,3455.6679,13.2337999343872,2.7146,1.5501,3383.123615,0.65849977,70.50997,72.69031
2022-01-27,3394.2474,13.0268001556396,2.7348,1.5956,3465.339579,-1.77738434,47.190506,64.739578
2022-01-28,3361.4397,12.9001998901367,2.7021,1.6654,3537.746126,-0.96656773,17.538358,17.538358
2022-02-07,3429.5809,13.1935997009277,2.7256,1.8703,3571.404229,2.02714331,16.119431,16.119431
2022-02-08,3452.6288,13.3045997619629,2.7227,2.1259,3879.698657,0.67203255,23.520214,23.520214
2022-02-09,3479.9458,13.4026002883911,2.7328,2.0086,3937.199898,0.79119423,14.405186,14.405186
2022-02-10,3485.9071,13.4312000274658,2.7328,2.0484,4049.694194,0.17130439,,
2022-02-11,3462.9479,13.355899810791,2.7891,2.0662,4262.979235,-0.65862914,15.721583,15.721583
2022-02-14,3428.8821,13.2055997848511,2.8018,1.824,3616.778551,-0.98372257,2.954865,2.954865
2022-02-15,3446.0885,13.2523002624512,2.7968,1.5925,3416.388765,0.50180786,4.635898,19.223922
2022-02-16,3465.8305,13.3207998275757,2.7892,1.5904,3255.634125,0.5728814,14.162321,16.262301
2022-02-17,3468.0354,13.3277997970581,2.7799,1.7205,3557.831257,0.06361823,4.126749,6.129118
2022-02-18,3490.7573,13.4180002212524,2.7975,1.7189,3272.203933,0.65518074,13.432819,13.432819
2022-02-21,3490.6123,13.4098997116089,2.83,1.7206,3453.985861,-0.00415383,3.479543,3.479543
2022-02-22,3457.146,13.2821998596191,2.82,1.8881,3876.789276,-0.95875156,28.646548,28.646548
2022-02-23,3489.1465,13.3821001052856,2.79,1.886,4156.303398,0.92563346,21.263448,39.57489
2022-02-24,3429.9564,13.1428003311157,2.7875,2.8233,5697.940442,-1.69640627,12.046338,12.046338
2022-02-25,3451.4061,13.210000038147,2.775,2.2039,4416.594906,0.62536363,42.528975,42.528975
2022-02-28,3462.3064,13.2566003799438,2.775,1.9942,4138.045267,0.31582201,4.264391,43.520546
2022-03-01,3488.8347,13.3561000823975,2.8025,1.8795,4125.624712,0.76620313,35.064757,74.766726
2022-03-02,3484.1916,13.3290004730225,2.8175,1.9178,3801.438162,-0.13308455,78.704794,81.066086
2022-03-03,3481.1125,13.3347997665405,2.83,2.4301,4436.217772,-0.08837344,26.616652,195.017234
2022-03-04,3447.649,13.1991996765137,2.8125,2.3025,4306.690553,-0.96128752,12.04265,12.04265
2022-03-07,3372.8552,12.9040002822876,2.8126,2.3022,4581.568948,-2.16941458,7.509737,7.509737
2022-03-08,3293.5301,12.6001996994019,2.8276,2.4289,4856.23581,-2.35186794,72.097898,74.641299
2022-03-09,3256.3884,12.4491996765137,2.8426,2.7153,5198.332996,-1.12771704,19.16041,85.262781
2022-03-10,3296.0922,12.5951995849609,2.8502,2.2067,4660.840084,1.21925873,4.74564,12.343422
2022-03-11,3309.7467,12.6000003814697,2.7902,2.2421,4586.870547,0.41426329,9.136698,9.136698
2022-03-14,3223.5328,12.2783002853394,2.7677,1.9815,4180.555961,-2.60484888,2.007608,2.007608
2022-03-15,3063.9652,11.6798000335693,2.8177,2.7191,5081.584101,-4.95008458,49.786574,58.492874
2022-03-16,3170.7103,12.0766000747681,2.7952,2.5799,5223.053425,3.48388748,2.483015,22.995794
2022-03-17,3215.0445,12.2323999404907,2.7876,2.4526,5325.49484,1.3982419,7.100409,38.205733
2022-03-18,3251.0724,12.447699546814,2.7927,2.1683,4284.150816,1.12060346,4.447315,29.715233
2022-03-21,3253.6857,12.454400062561,2.8127,2.0631,4210.762897,0.08038271,4.839935,23.170859
2022-03-22,3259.8619,12.4990997314453,2.8302,2.0962,4027.98964,0.18982165,13.889328,18.458311
2022-03-23,3271.0325,12.5628004074097,2.8302,2.0261,4054.220335,0.34267096,23.770621,29.645739
2022-03-24,3250.2644,12.4959001541138,2.8052,1.9024,3907.275165,-0.63490962,4.675662,39.779733
2022-03-25,3212.2399,12.3666000366211,2.7972,1.9835,3897.70396,-1.16988944,18.682396,113.623828
2022-03-28,3214.5027,12.3924999237061,2.7903,2.0201,3744.7228,0.07044306,5.083316,63.002673
2022-03-29,3203.9393,12.3533000946045,2.7853,1.8497,3639.644687,-0.32861693,22.384432,97.794494
2022-03-30,3266.5959,12.5513000488281,2.7703,2.1327,4130.089413,1.95561133,19.810508,82.653858
2022-03-31,3252.2029,12.527099609375,2.7878,2.3684,4280.890336,-0.44061159,5.68325,32.193341
2022-04-01,3282.7166,12.6187000274658,2.7743,2.2028,4056.757154,0.93824712,11.923795,11.923795
2022-04-06,3283.4261,12.6297998428345,2.7604,2.5036,4335.563925,0.0216132,4.884386,4.884386
2022-04-07,3236.6951,12.4526996612549,2.7394,2.3511,3980.818455,-1.42323898,24.264119,26.447049
2022-04-08,3251.8502,12.5201997756958,2.7529,2.4083,4140.372584,0.46822761,6.483162,80.587204
2022-04-11,3167.1259,12.2130002975464,2.768,2.4813,4351.295051,-2.60541829,2.677833,2.677833
2022-04-12,3213.3295,12.3787002563477,2.7705,2.4387,4224.55849,1.45884949,,20.009991
2022-04-13,3186.8244,12.2906999588013,2.7631,2.3193,3982.168985,-0.82484849,17.543467,17.543467
2022-04-14,3225.6412,12.43630027771,2.7656,2.197,4011.916321,1.21804013,6.111769,6.111769
2022-04-15,3211.2448,12.3696002960205,2.7578,2.4224,4134.988199,-0.44631126,7.31883,48.926419
2022-04-18,3195.524,12.2920999526978,2.8107,2.05,3663.808079,-0.4895547,,
2022-04-19,3194.0287,12.2861995697021,2.8208,2.013,3627.698767,-0.04679358,15.117983,47.76426
2022-04-20,3151.0498,12.1444997787476,2.833,2.1428,3735.727081,-1.34560156,0.464428,96.272776
2022-04-21,3079.8077,11.8921003341675,2.8259,2.2598,3965.420339,-2.26090048,10.541138,57.004312
2022-04-22,3086.9193,11.9323997497559,2.8409,1.9791,3487.936311,0.23091052,3.91972,113.059316
2022-04-25,2928.5118,11.3481998443604,2.816,2.5172,4270.772104,-5.13157244,,2.000483
2022-04-26,2886.4257,11.2147998809814,2.826,2.3538,3959.859613,-1.4371156,10.342079,34.331414
2022-04-27,2958.282,11.4742002487183,2.8411,2.4776,4229.283465,2.48945608,17.568008,113.803264
2022-04-28,2975.4848,11.5396003723145,2.8486,2.1501,3887.430219,0.58151319,17.944198,130.20218
2022-04-29,3047.0624,11.8985004425049,2.8386,2.4577,4404.227288,2.40557774,11.642236,12.478603
2022-05-05,3067.7587,11.9695997238159,2.8282,2.2573,4093.520032,0.6792214,0.105,5.56045
2022-05-06,3001.5605,11.7181997299194,2.8273,2.0095,3462.143977,-2.15786854,26.000535,40.538862
2022-05-09,3004.1409,11.7293996810913,2.8154,1.7095,2999.832589,0.08596862,2.259879,24.900832
2022-05-10,3035.8442,11.8442001342773,2.8089,2.1855,3840.12598375,1.05532001,8.115122,112.389627
2022-05-11,3058.7027,11.9275999069214,2.824,2.4921,4729.633822,0.75295366,8.860315,150.879655
2022-05-12,3054.994,11.9167003631592,2.8055,2.0207,3688.796523,-0.12125075,,0.1
2022-05-13,3084.2845,12.0260000228882,2.814,1.961,3409.421927,0.95877439,0.330191,0.330191
2022-05-16,3073.7488,11.9674997329712,2.8216,1.9894,3489.577055,-0.341593,,2.000265
2022-05-17,3093.6965,12.0417003631592,2.8178,1.9251,3516.712985,0.64896975,3.832861,6.904307
2022-05-18,3085.9768,12.0118999481201,2.7801,1.8476,3388.491622,-0.24952997,25.972444,132.677108
2022-05-19,3096.9648,12.0500001907349,2.7774,1.9666,3600.182107,0.3560623,5.102894,7.456798
2022-05-20,3146.5673,12.2392997741699,2.79,2.1735,4153.062182,1.60164881,0.137315,46.407862
2022-05-23,3146.8573,12.2388000488281,2.7675,2.0725,3811.785692,0.00921639,2.703068,2.703068
2022-05-24,3070.9272,11.9626998901367,2.765,2.4462,4386.053765,-2.41288666,26.143911,48.446391
2022-05-25,3107.4641,12.1077003479004,2.7575,1.9812,3423.221677,1.1897677,2.39117,7.39176
2022-05-26,3123.1079,12.1667003631592,2.71,2.1601,3773.646553,0.50342657,6.086265,82.298076
2022-05-27,3130.2394,12.2065000534058,2.6974,2.0957,3726.315955,0.22834626,2.382216,2.382216
2022-05-30,3149.0607,12.2855997085571,2.7225,2.039,3766.676942,0.6012735,,174.168734
2022-05-31,3186.4271,12.4194002151489,2.7426,2.1844,4325.280219,1.18658875,13.891305,67.940908
2022-06-01,3182.1566,12.4013004302979,2.7551,2.1286,4024.199412,-0.13402158,11.208049,13.228919
2022-06-02,3195.458,12.4471998214722,2.7601,2.0732,4137.292639,0.41799954,34.313102,173.825708
2022-06-06,3236.3719,12.592399597168,2.7776,2.4302,5173.143469,1.28037671,4.456908,110.377399
2022-06-07,3241.7635,12.614800453186,2.7576,2.3204,4822.031969,0.16659396,11.876521,80.123416
2022-06-08,3263.7934,12.7075004577637,2.7661,2.5343,5084.085349,0.6795653,13.390168,276.099661
2022-06-09,3238.9543,12.6180000305176,2.7576,2.4791,4684.582143,-0.76105001,14.904125,244.368947
2022-06-10,3284.8341,12.8121004104614,2.7526,2.563,5041.536811,1.41650038,9.860501,109.871113
2022-06-13,3255.5511,12.6911001205444,2.7652,2.5674,5119.661718,-0.89146055,7.919726,8.375228
2022-06-14,3288.9066,12.8305997848511,2.7702,2.6354,5138.449895,1.02457307,27.212272,62.285224
2022-06-15,3305.4066,12.9112997055054,2.7827,3.2006,6219.725277,0.50168649,,145.168357
2022-06-16,3285.3845,12.819299697876,2.7728,2.522,5060.539938,-0.60573788,7.157405,69.145983
2022-06-17,3316.7857,12.9344997406006,2.7752,2.3076,4972.521702,0.95578463,9.276302,90.156788
2022-06-20,3315.4302,12.9165000915527,2.7853,2.4113,5277.51758,-0.04086788,,10.1
2022-06-21,3306.7186,12.8961000442505,2.7853,2.307,4717.936454,-0.26275926,23.511841,191.726396
2022-06-22,3267.2016,12.7447996139526,2.7773,2.1847,4408.509943,-1.1950518,4.114458,10.836369
2022-06-23,3320.1487,12.9545001983643,2.7803,2.3436,4742.001075,1.62056422,2.008024,89.246513
2022-06-24,3349.747,13.0572996139526,2.7978,2.2773,5096.159985,0.89147513,5.814425,8.780687
2022-06-27,3379.1852,13.1723003387451,2.8329,2.4157,5415.738461,0.87881861,2.454683,199.013439
2022-06-28,3409.2103,13.2841997146606,2.8414,2.404,5255.125093,0.88853076,61.336763,208.647885
2022-06-29,3361.5177,13.1106004714966,2.8294,2.5691,5613.069768,-1.39893394,13.094186,155.351722
2022-06-30,3398.6161,13.2504997253418,2.8205,2.2098,5103.072029,1.10362055,13.296615,15.316261
2022-07-01,3387.6373,13.2110996246338,2.8255,2.0373,4584.352885,-0.32303737,9.240445,9.240445
2022-07-04,3405.4267,13.2714996337891,2.8445,2.0853,4893.479553,0.52512706,12.16947,14.500041
2022-07-05,3404.0252,13.2740001678467,2.8333,2.3981,5166.057039,-0.0411549,5.157751,5.157751
2022-07-06,3355.3497,13.0854997634888,2.8356,2.225,4874.746669,-1.42993947,,
2022-07-07,3364.398,13.1196002960205,2.8356,1.9374,4382.031129,0.26966787,101.8546,209.121108
2022-07-08,3356.0778,13.0701999664307,2.8384,1.8764,4218.839331,-0.2473013,,2.884186
2022-07-11,3313.584,12.9235000610352,2.8266,1.9947,4249.422663,-1.26617446,126.359616,134.361018
2022-07-12,3281.4665,12.8027000427246,2.8117,1.9511,4109.505607,-0.96926772,7.330194,17.930875
2022-07-13,3284.2918,12.7996997833252,2.8067,1.9372,3941.346175,0.0860987,26.127172,168.299706
2022-07-14,3281.744,12.769100189209,2.7907,2.0771,4319.693535,-0.07757532,11.797191,13.897265
2022-07-15,3228.0609,12.5538997650146,2.7857,2.2075,4608.770191,-1.63581011,0.895176,0.895176
2022-07-18,3278.1033,12.7483997344971,2.7837,2.0201,4233.572723,1.55023098,9.353627,9.353627
2022-07-19,3279.4313,12.7551002502441,2.7859,1.8322,3960.423583,0.04051123,26.275313,31.575916
2022-07-20,3304.7243,12.8523998260498,2.771,1.749,3834.227468,0.77126177,28.481195,58.328452
2022-07-21,3272.0012,12.7216997146606,2.7635,1.9264,4206.965767,-0.99019153,28.267561,28.267561
2022-07-22,3269.9739,12.7165002822876,2.787,1.7366,3835.760116,-0.06195902,7.757635,11.234463
2022-07-25,3250.388,12.6462001800537,2.779,1.5635,3482.81871,-0.59896197,,10.101101
2022-07-26,3277.4356,12.7468004226685,2.77,1.4904,3344.21587,0.8321345,84.252351,113.313754
2022-07-27,3275.7553,12.7384004592896,2.7701,1.4218,3397.682411,-0.05126874,95.304699,181.185626
2022-07-28,3282.5758,12.7611999511719,2.785,1.6527,3959.255555,0.20821152,172.619607,174.971635
2022-07-29,3253.2382,12.6527004241943,2.756,1.7718,4105.530934,-0.89373717,41.4084,58.858171
2022-08-01,3259.9585,12.6740999221802,2.7292,1.6841,3990.002397,0.20657264,8.800741,21.016235
2022-08-02,3186.2664,12.4026002883911,2.7314,2.2674,4759.626962,-2.26052264,81.151141,85.108856
2022-08-03,3163.6741,12.3099002838135,2.7218,1.8682,4554.097649,-0.70905245,8.071801,8.071801
2022-08-04,3189.0391,12.4140996932983,2.7192,1.4924,3711.469161,0.80175768,,
2022-08-05,3227.0267,12.5662002563477,2.7339,1.5606,4140.556415,1.19119267,33.412226,35.577674
2022-08-08,3236.9337,12.6003999710083,2.7409,1.4529,3922.771785,0.30700087,0.101017,195.215283
2022-08-09,3247.4318,12.6387996673584,2.74,1.4781,3914.155603,0.32432237,16.93825,22.70998
2022-08-10,3230.02,12.5682001113892,2.7366,1.4771,3900.661201,-0.53617138,8.654728,9.02563
2022-08-11,3281.6654,12.7791004180908,2.7317,1.7341,4273.991496,1.59891889,4.907075,157.447637
2022-08-12,3276.8877,12.7631998062134,2.7347,1.7169,4039.061563,-0.14558766,2.596065,62.795262
2022-08-15,3276.087,12.7406997680664,2.6582,1.6491,3872.577446,-0.02443477,36.892717,36.892717
2022-08-16,3277.8847,12.7481002807617,2.6346,1.7238,4092.100823,0.05487339,19.069175,33.000916
2022-08-17,3292.526,12.8046998977661,2.6124,1.8702,4238.590114,0.44666916,6.712579,90.015049
2022-08-18,3277.5438,12.7334003448486,2.58,1.7177,4180.751997,-0.45503665,26.905122,28.908073
2022-08-19,3258.0784,12.6506004333496,2.5875,1.9038,4578.633611,-0.59390206,15.116236,125.40268
2022-08-22,3277.7943,12.7200002670288,2.5925,1.7878,4276.532958,0.60513891,3.676354,98.764906
2022-08-23,3276.2234,12.7011003494263,2.6075,1.7927,4183.11744,-0.04792552,85.306335,95.278266
2022-08-24,3215.2033,12.4580001831055,2.61,2.0799,4583.602784,-1.8625134,14.121305,30.923466
2022-08-25,3246.2481,12.5993003845215,2.639,1.913,4194.64277,0.96556258,2.457891,196.214482
2022-08-26,3236.2226,12.5476999282837,2.643,1.7621,3975.562513,-0.30883345,,73.698586
2022-08-29,3240.7275,12.5457000732422,2.6225,1.687,3637.299798,0.13920241,,
2022-08-30,3227.2203,12.4799995422363,2.613,1.6728,3537.756738,-0.4167953,38.797985,253.627637
2022-08-31,3202.1378,12.4235000610352,2.6225,1.9698,4317.580074,-0.77721685,14.667045,18.292373
2022-09-01,3184.9797,12.3599004745483,2.6125,1.5669,3369.786412,-0.53583266,71.406447,80.233026
2022-09-02,3186.4781,12.3622999191284,2.6226,1.4231,3133.376041,0.04704583,4.965246,14.965277
2022-09-05,3199.9118,12.4195995330811,2.618,1.6017,3395.915363,0.42158457,3.575186,40.08117
2022-09-06,3243.4466,12.5799999237061,2.614,1.8293,3786.360703,1.3605,35.469032,45.420977
2022-09-07,3246.2943,12.6034002304077,2.6215,1.7204,3686.087415,0.08779858,70.735354,115.262173
2022-09-08,3235.5862,12.5631999969482,2.6256,1.6053,3286.570916,-0.32985611,,86.714018
2022-09-09,3262.0542,12.6716995239258,2.635,1.6228,3385.667133,0.81802797,,14.750038
2022-09-13,3263.7972,12.6843996047974,2.6427,1.5733,3390.218906,0.05343259,2.285655,22.285645
2022-09-14,3237.5419,12.5945997238159,2.6625,1.4388,3064.528222,-0.8044403,43.981525,159.663082
2022-09-15,3199.9187,12.4663000106812,2.6625,1.8501,3924.905915,-1.16209152,2.171605,17.001675
2022-09-16,3126.3977,12.1834001541138,2.673,1.8127,3550.853429,-2.29758962,13.527467,123.849458
2022-09-19,3115.6019,12.1493997573853,2.675,1.4111,2899.188171,-0.34531115,0.370983,23.550409
2022-09-20,3122.4058,12.1673002243042,2.664,1.2503,2686.003002,0.21838156,16.537008,90.475591
2022-09-21,3117.1774,12.152099609375,2.6451,1.3165,2695.137545,-0.16744781,22.323552,177.391599
2022-09-22,3108.9096,12.1225004196167,2.6501,1.2548,2699.785976,-0.26523354,4.857458,47.93731
2022-09-23,3088.3695,12.0580997467041,2.6802,1.3748,2855.529152,-0.66068502,9.037702,34.72
2022-09-26,3051.226,11.9081001281738,2.7154,1.4662,2935.364408,-1.20268964,10.089519,12.100604
2022-09-27,3093.8618,12.0649003982544,2.7051,1.3054,2900.657027,1.3973334,40.498995,146.817114
2022-09-28,3045.0668,11.8906002044678,2.7401,1.292,2760.397416,-1.57715513,32.721191,53.225209
2022-09-29,3041.2046,11.8677997589111,2.7501,1.3009,2764.410594,-0.12683466,16.913307,34.144829
2022-09-30,3024.3905,11.8163003921509,2.7601,1.1304,2402.627684,-0.55287632,18.522136,27.495806
2022-10-10,2974.1454,11.6337003707886,2.7402,1.3703,2901.200242,-1.66132978,,0.282033
2022-10-11,2979.7926,11.6504001617432,2.7426,1.1745,2467.15637,0.18987639,4.771964,92.042006
2022-10-12,3025.5055,11.8197002410889,2.7352,1.3977,3068.713288,1.5340967,22.000416,71.511322
2022-10-13,3016.3561,11.7774000167847,2.7252,1.4105,3177.647867,-0.30240897,,2.09999
2022-10-14,3071.9868,11.9762001037598,2.6977,1.5598,3720.506946,1.84430147,11.502117,11.502117
2022-10-17,3084.9423,12.0500001907349,2.7002,1.4552,3492.144697,0.42173033,0.112356,15.212439
2022-10-18,3080.9574,12.0240001678467,2.7002,1.3536,3260.029054,-0.12917259,99.65962,117.741506
2022-10-19,3044.3777,11.8815002441406,2.7052,1.277,3131.083487,-1.18728354,8.451063,20.464564
2022-10-20,3035.0504,11.8466997146606,2.7175,1.351,3400.913378,-0.30637788,10.560514,10.660514
2022-10-21,3038.9291,11.836199760437,2.7278,1.355,3151.109858,0.12779689,6.81171,12.21242
2022-10-24,2977.5554,11.5993995666504,2.7153,1.6669,3947.259425,-2.01958315,,53.758139
2022-10-25,2976.283,11.5887002944946,2.7278,1.4268,3375.192808,-0.04273304,10.264261,57.617175
2022-10-26,2999.5036,11.6810998916626,2.7025,1.4921,3728.452746,0.78018791,4.90546,81.239611
2022-10-27,2982.9029,11.6386995315552,2.6953,1.476,3813.303711,-0.55344824,5.891179,18.087054
2022-10-28,2915.9257,11.3798999786377,2.6653,1.635,3852.613619,-2.24536977,2.502197,35.003121
2022-10-31,2893.4829,11.3620004653931,2.6433,1.6696,3966.541621,-0.76966296,4.450487,6.553849
2022-11-01,2969.1995,11.6428003311157,2.6629,1.7733,4310.159029,2.61679791,10.059914,48.405274
2022-11-02,3003.3699,11.7664003372192,2.6854,1.8149,4575.81522,1.1508287,5.060789,94.40952
2022-11-03,2997.8057,11.7407999038696,2.6776,1.4488,3706.532838,-0.18526522,27.039864,49.640693
2022-11-04,3070.7964,12.0232000350952,2.7023,1.8409,4587.700937,2.43480423,7.442373,9.717482
2022-11-07,3077.817,12.0522003173828,2.7003,1.7878,4244.291315,0.22862473,,2.010348
2022-11-08,3064.4928,12.0018997192383,2.6853,1.4307,3389.66942,-0.43291073,23.038659,80.267214
2022-11-09,3048.1676,11.9406003952026,2.6953,1.301,3068.608957,-0.53272111,5.049087,161.857595
2022-11-10,3036.1318,11.9027004241943,2.7028,1.4931,3359.259177,-0.39485362,2.222459,7.816687
2022-11-11,3087.2926,12.1029996871948,2.7354,2.2756,5137.845973,1.68506519,8.1909,63.241124
2022-11-14,3083.4013,12.1087999343872,2.8354,2.0285,4545.467314,-0.12604247,0.593299,2.649526
2022-11-15,3134.0778,12.3030004501343,2.8155,1.8495,4464.600079,1.64352593,17.398302,88.306368
2022-11-16,3119.9804,12.2482995986938,2.8329,1.6884,3869.929051,-0.44981015,3.959571,131.069698
2022-11-17,3115.4347,12.2371997833252,2.8026,1.5831,3779.001093,-0.14569643,2.22992,22.403265
2022-11-18,3097.2432,12.1703996658325,2.825,1.6567,3892.073865,-0.5839153,19.875033,32.075037
2022-11-21,3085.0444,12.1192998886108,2.818,1.419,3450.254965,-0.39385993,0.278604,2.47942
2022-11-22,3088.9426,12.1521997451782,2.8276,1.8142,3741.428211,0.12635799,32.70799,63.872929
2022-11-23,3096.9073,12.1871004104614,2.7975,1.8155,3564.008443,0.25784552,18.486383,65.998844
2022-11-24,3089.3096,12.1574001312256,2.795,1.4756,3081.901858,-0.24533185,25.747508,35.5507
2022-11-25,3101.6932,12.2243995666504,2.83,1.7297,3254.263384,0.40085332,0.370073,29.250304
2022-11-28,3078.5485,12.1328001022339,2.86,1.6888,3385.493508,-0.74619566,2.216848,86.650458
2022-11-29,3149.7478,12.4212999343872,2.88,2.1751,4391.026193,2.31275551,28.666071,145.266207
2022-11-30,3151.3353,12.4294004440308,2.885,2.0657,4045.043793,0.05040086,17.100934,272.724156
2022-12-01,3165.4711,12.4756002426147,2.86,2.1213,4621.84974,0.44856541,25.668754,40.505971
2022-12-02,3156.1442,12.4329996109009,2.8676,1.6884,3663.186788,-0.29464493,,80.850122
2022-12-05,3211.8144,12.6684999465942,2.8902,2.4893,4792.036174,1.76386744,5.803542,122.17918
2022-12-06,3212.5334,12.6736001968384,2.9152,2.0719,4352.487002,0.0223861,3.481351,197.493367
2022-12-07,3199.6194,12.6176996231079,2.8702,1.9685,4021.461331,-0.40198804,0.532372,114.174091
2022-12-08,3197.3499,12.6180000305176,2.8853,1.7729,3649.356227,-0.07093031,0.207822,88.585841
2022-12-09,3206.9502,12.6568002700806,2.8903,2.0811,4477.50222,0.30025804,14.637578,78.232692
2022-12-12,3179.0417,12.5468997955322,2.8902,1.8496,3949.196152,-0.8702505,11.754899,11.754899
2022-12-13,3176.3255,12.5488004684448,2.8952,1.59,3335.39763,-0.08544084,20.907458,108.354506
2022-12-14,3176.5253,12.5530004501343,2.8655,1.4632,3339.506711,0.00629029,10.920393,41.594731
2022-12-15,3168.6478,12.601300239563,2.8829,1.329,3052.049986,-0.2479911,9.506036,46.626141
2022-12-16,3167.8576,12.6115999221802,2.8856,1.43,3072.277384,-0.02493808,9.361405,48.199853
2022-12-19,3107.115,12.3697004318237,2.8632,1.5478,3079.346215,-1.91746624,2.0846,2.0846
2022-12-20,3073.7659,12.2463998794556,2.8732,1.2059,2617.160734,-1.07331399,10.945112,72.336954
2022-12-21,3068.4105,12.2335996627808,2.8606,1.0427,2268.527926,-0.17422927,54.802371,162.323431
2022-12-22,3054.4313,12.1925001144409,2.8503,1.2397,2663.154774,-0.45558441,12.472144,17.234219
2022-12-23,3045.8664,12.1660003662109,2.8251,1.0618,2333.352462,-0.28040899,74.238069,222.578206
2022-12-26,3065.5626,12.2267999649048,2.8378,1.1343,2554.702653,0.64665344,5.855506,5.855506
2022-12-27,3095.5678,12.3568000793457,2.8657,1.224,2679.467854,0.97878282,12.684934,43.090446
2022-12-28,3087.3997,12.3354997634888,2.8503,1.2324,2605.085257,-0.26386435,21.460169,81.660156
2022-12-29,3073.7016,12.2778997421265,2.8376,1.182,2539.169812,-0.44367757,14.914589,39.315388
2022-12-30,3089.2579,12.3437004089355,2.8353,1.192,2503.559509,0.50610964,0.632225,3.268619
2023-01-03,3116.5119,12.4455003738403,2.8228,1.544,3313.921389,0.88221835,,
2023-01-04,3123.5164,12.4860000610352,2.8103,1.5129,3163.912287,0.22475448,5.003151,5.003151
2023-01-05,3155.2162,12.5972995758057,2.8304,1.4195,3356.359345,1.01487541,4.473554,4.473554
2023-01-06,3157.6365,12.6282997131348,2.8328,1.4163,3385.398437,0.0767079,0.125066,0.125066
2023-01-09,3176.0845,12.6975002288818,2.8428,1.4237,3426.93771,0.58423444,,2.061247
2023-01-10,3169.5072,12.6653995513916,2.8602,1.2819,3103.576986,-0.20708832,0.378592,2.378843
2023-01-11,3161.8376,12.6571998596191,2.8603,1.3059,3092.488929,-0.24198084,19.870108,26.995328
2023-01-12,3163.4509,12.6803998947144,2.8778,1.1935,2753.718433,0.05102413,2.945148,63.863282
2023-01-13,3195.3059,12.8049001693726,2.901,1.2109,2880.624991,1.00696995,9.098329,9.098329
2023-01-16,3227.5916,12.9050998687744,2.9167,1.6936,4132.19641,1.0104103,18.127898,20.148237
2023-01-17,3224.2448,12.8887996673584,2.9017,1.2401,3026.117785,-0.10369342,27.848512,55.288005
2023-01-18,3224.406,12.904899597168,2.9222,1.1672,2660.681767,0.00499962,44.900359,150.016868
2023-01-19,3240.2794,12.9665002822876,2.9145,1.2472,2968.155573,0.49228912,39.842663,42.942658
2023-01-20,3264.8138,13.0811004638672,2.9331,1.5169,3290.281684,0.75716927,2.165563,2.165563
2023-01-30,3269.318,13.1141004562378,2.9133,1.9644,4531.770141,0.13796193,2.688292,6.788957
2023-01-31,3255.6692,13.0715999603271,2.8977,1.6628,3752.607496,-0.41748157,4.49386,4.49386
2023-02-01,3284.9213,13.1891002655029,2.9101,1.8747,4133.951877,0.8984973,9.391907,17.168397
2023-02-02,3285.6705,13.1850996017456,2.897,1.8376,4286.628034,0.02280724,,
2023-02-03,3263.4059,13.1097002029419,2.8943,1.6206,3786.48523,-0.67762729,,
2023-02-06,3238.6978,13.0158004760742,2.9017,1.4802,3491.272649,-0.75712617,,
2023-02-07,3248.094,13.0469999313354,2.8964,1.385,3212.576419,0.29012278,27.680099,84.185041
2023-02-08,3232.1063,12.9872999191284,2.8973,1.2835,2933.327361,-0.4922179,,2.117387
2023-02-09,3270.3826,13.1388998031616,2.8912,1.3824,3517.608317,1.18425251,16.951715,16.951715
2023-02-10,3260.6734,13.1033000946045,2.9003,1.4192,3417.49872,-0.2968827,,
2023-02-13,3284.1599,13.1899003982544,2.8943,1.6387,3970.114134,0.720296,4.876437,4.876437
2023-02-14,3293.2825,13.230899810791,2.8914,1.4891,3555.580524,0.27777576,22.601238,22.601238
2023-02-15,3280.4919,13.1826000213623,2.8918,1.4825,3576.218161,-0.38838454,6.323434,170.011108
2023-02-16,3249.0295,13.0804996490479,2.8907,2.0947,4683.825122,-0.95907568,20.316699,20.316699
2023-02-17,3224.0243,12.9778003692627,2.892,1.537,3556.258425,-0.76962059,67.075331,72.034545
2023-02-20,3290.3383,13.2606000900269,2.917,1.7967,3977.203153,2.05687035,0.939653,0.939653
2023-02-21,3306.5236,13.3225002288818,2.919,1.7979,3906.912716,0.49190383,23.493283,23.493283
2023-02-22,3291.1477,13.2531003952026,2.9175,1.4068,3205.1562,-0.4650171,25.142426,114.500236
2023-02-23,3287.477,13.2384004592896,2.922,1.454,3343.645344,-0.11153252,17.54337,62.015427
2023-02-24,3267.1597,13.1519002914429,2.9126,1.2913,3080.043477,-0.61802105,11.729392,31.729382
2023-02-27,3258.0344,13.1220998764038,2.9117,1.3406,3246.050909,-0.27930376,8.74865,41.643552
2023-02-28,3279.6053,13.2279996871948,2.9017,1.3886,3180.301373,0.66208325,65.426657,199.411939
2023-03-01,3312.3478,13.3849000930786,2.8977,1.7578,3843.874138,0.99836709,35.514103,112.289522
2023-03-02,3310.6536,13.3871002197266,2.9111,1.7993,3893.906269,-0.05114801,42.813151,42.958872
2023-03-03,3328.3927,13.4793996810913,2.9026,1.8939,3888.600067,0.53581867,24.646936,51.997597
2023-03-06,3322.0259,13.4684000015259,2.8826,1.8865,4316.168111,-0.19128752,9.520971,125.286479
2023-03-07,3285.0988,13.333399772644,2.8726,2.1634,4300.811452,-1.11158375,64.13872,144.157969
2023-03-08,3283.2479,13.3107004165649,2.8828,1.4305,3128.221757,-0.05634229,15.925253,97.353075
2023-03-09,3276.0937,13.2912998199463,2.8752,1.4511,3288.256955,-0.21790009,,6.300772
2023-03-10,3230.0766,13.105299949646,2.8627,1.547,3421.985776,-1.40463321,9.635003,89.630473
2023-03-13,3268.6955,13.2911996841431,2.8703,1.6229,3644.142065,1.19560323,,
2023-03-14,3245.3123,13.2073001861572,2.8652,1.7661,4099.762761,-0.71536795,74.997547,74.997547
2023-03-15,3263.3148,13.2978000640869,2.8652,1.6834,3732.763844,0.55472319,10.178154,31.833532
2023-03-16,3226.8912,13.206600189209,2.8552,1.8112,3929.102084,-1.11615343,4.683962,61.24462
2023-03-17,3250.546,13.3128995895386,2.8602,1.8919,4319.830577,0.7330523,21.41741,28.517962
2023-03-20,3234.9103,13.2190999984741,2.8504,2.1685,4802.924049,-0.48101765,2.219912,16.333119
2023-03-21,3255.6505,13.2937002182007,2.8604,1.6614,3880.470559,0.64113679,31.918387,141.238909
2023-03-22,3265.7475,13.3173999786377,2.8577,1.5918,3825.090813,0.31013771,18.361756,66.362138
2023-03-23,3286.6491,13.4121999740601,2.8652,1.6678,4265.647926,0.64002499,24.812721,24.812721
2023-03-24,3265.6537,13.3190002441406,2.8676,1.7739,4307.615989,-0.63880869,0.53334,0.53334
2023-03-27,3251.3971,13.2449998855591,2.8551,1.8472,4535.857687,-0.4365619,6.639828,72.640447
2023-03-28,3245.376,13.2498998641968,2.8556,1.6111,3968.829434,-0.18518501,40.638567,72.350774
2023-03-29,3240.0568,13.230299949646,2.8532,1.5992,4055.427769,-0.16390089,7.080035,24.905264
2023-03-30,3261.2485,13.2603998184204,2.8603,1.6199,4016.342711,0.65405335,27.113131,126.644195
2023-03-31,3272.8602,13.3145999908447,2.8528,1.542,3966.892863,0.35605076,5.689578,5.689578
2023-04-03,3296.396,13.4502000808716,2.8604,1.9506,5133.905655,0.71912024,4.4537,4.4537
2023-04-04,3312.5578,13.5509996414185,2.8584,2.102,5558.11064,0.49028697,14.063128,14.063128
2023-04-06,3312.628,13.5612001419067,2.8605,1.7745,5065.001672,0.00211921,6.014396,6.014396
2023-04-07,3327.6457,13.6225004196167,2.8464,1.5313,4363.727989,0.45334701,9.395651,11.499682
2023-04-10,3315.3578,13.5860996246338,2.8455,1.8142,5164.343254,-0.36926708,0.188305,0.188305
2023-04-11,3313.5705,13.5524997711182,2.8203,1.7318,4668.958493,-0.05390972,9.253812,21.961183
2023-04-12,3327.1816,13.6340999603271,2.8158,1.8614,4820.661701,0.41076838,2.001824,4.119998
2023-04-13,3318.3638,13.5965003967285,2.8277,1.8864,4775.879434,-0.26502311,8.084174,44.531868
2023-04-14,3338.1525,13.6904001235962,2.8281,1.8169,4783.454175,0.59633908,2.197069,2.197069
2023-04-17,3385.6095,13.9299001693726,2.8432,2.1937,5237.90271,1.42165464,6.18022,6.18022
2023-04-18,3393.3312,14.0179004669189,2.8319,1.8922,4742.873889,0.22807415,12.6741,72.688838
2023-04-19,3370.1283,13.9272003173828,2.8333,1.8806,4764.96941,-0.68377941,4.409598,8.354251
2023-04-20,3367.031,13.9462003707886,2.8332,1.8941,4996.723942,-0.09190451,3.437592,11.820363
2023-04-21,3301.2575,13.4695997238159,2.8258,2.0946,5305.178578,-1.95345692,2.996032,2.996032
2023-04-24,3275.413,13.4099998474121,2.8176,1.9308,4732.659863,-0.78286835,,
2023-04-25,3264.8717,13.3533000946045,2.8157,2.0782,4942.401314,-0.32183117,63.963925,240.753842
2023-04-26,3264.1006,13.3120002746582,2.8058,1.9573,4804.181494,-0.02361808,35.008271,152.483655
2023-04-27,3285.8844,13.3368997573853,2.7852,1.8676,4661.753504,0.66737526,70.088893,70.088893
2023-04-28,3323.2746,13.5251998901367,2.7788,2.2054,5149.046207,1.13790369,7.354178,13.56354
2023-05-04,3350.4587,13.6892004013062,2.7613,2.6648,5504.948503,0.81799139,9.766975,9.766975
2023-05-05,3334.5028,13.6280002593994,2.7338,2.3778,4992.944305,-0.47623031,82.838913,82.838913
2023-05-08,3395.0036,13.9385004043579,2.7484,2.9364,5646.619935,1.81438744,4.462849,4.462849
2023-05-09,3357.6707,13.7650995254517,2.7383,3.155,6191.084775,-1.09964243,0.799142,0.799142
2023-05-10,3319.1506,13.5719995498657,2.721,2.4321,4895.536673,-1.14722686,0.54999,0.54999
2023-05-11,3309.5512,13.5150995254517,2.701,1.9066,4013.139534,-0.28921255,2.915185,12.923012
2023-05-12,3272.3619,13.3570995330811,2.7058,1.8844,3870.811993,-1.12369617,0.273742,5.791042
2023-05-15,3310.7367,13.5150995254517,2.719,2.1094,4317.068633,1.17269425,,20.100684
2023-05-16,3290.9874,13.4272003173828,2.7129,1.7404,3853.860112,-0.59652282,16.795634,52.905355
2023-05-17,3284.232,13.3715000152588,2.721,1.5403,3404.826615,-0.2052697,11.709781,60.710383
2023-05-18,3297.3199,13.4439001083374,2.7184,1.6679,3684.35071,0.39850717,24.664112,30.759376
2023-05-19,3283.5417,13.3860998153687,2.7151,1.5247,3595.079565,-0.41786058,10.711076,13.629223
2023-05-22,3296.4696,13.4484996795654,2.7132,1.4735,3424.484016,0.39371816,2.96437,3.064384
2023-05-23,3246.238,13.2201995849609,2.6962,1.4851,3246.679329,-1.52379989,15.065672,19.515715
2023-05-24,3204.7494,13.0293998718262,2.7037,1.5572,3426.773257,-1.2780517,64.71747,69.020314
2023-05-25,3201.2605,13.0139999389648,2.7065,1.5249,3477.092317,-0.10886655,4.868549,52.715456
2023-05-26,3212.5038,13.0763998031616,2.7205,1.4072,3333.19266,0.35121478,0.179389,0.179389
2023-05-29,3221.4484,13.1410999298096,2.695,1.6131,3778.759961,0.2784308,9.349913,9.349913
2023-05-30,3224.2133,13.1568002700806,2.7,1.6402,3766.225729,0.08582785,42.947701,125.534645
2023-05-31,3204.5644,13.0691003799438,2.685,1.5775,3849.991902,-0.60941688,5.305205,103.611316
2023-06-01,3204.6345,13.0839996337891,2.6825,1.6777,4009.814832,0.0021875,12.036646,12.036646
2023-06-02,3230.0686,13.1038999557495,2.6951,1.5877,3775.079277,0.79366617,26.53754,26.53754
2023-06-05,3232.441,13.1169004440308,2.6926,1.4988,3578.100906,0.07344736,,
2023-06-06,3195.3404,12.9884004592896,2.6826,1.659,3874.922288,-1.14775799,6.252999,6.252999
2023-06-07,3197.7587,12.9970998764038,2.6827,1.389,3310.838667,0.07568208,,36.150513
2023-06-08,3213.5855,13.0876998901367,2.6822,1.5798,3535.516332,0.49493415,6.1744,70.381235
2023-06-09,3231.4055,13.1746997833252,2.6703,1.6829,4133.417684,0.5545208,12.428532,36.27024
2023-06-12,3228.8336,13.0903997421265,2.6704,1.6918,4032.416196,-0.07959075,0.196723,0.196723
2023-06-13,3233.6734,13.0945997238159,2.6227,1.5036,3771.934914,0.14989314,35.267851,45.27806
2023-06-14,3228.9887,13.0571002960205,2.6178,1.6306,4040.095178,-0.14487239,6.714104,145.8347
2023-06-15,3252.9751,13.1406002044678,2.6482,1.6689,4375.229815,0.74284559,2.140402,92.149164
2023-06-16,3273.3341,13.2061996459961,2.6626,1.7334,4443.756324,0.62585785,6.683478,123.184651
2023-06-19,3255.8057,13.1295003890991,2.6876,1.7541,4552.261782,-0.53549071,4.873746,7.110732
2023-06-20,3240.3648,13.0485000610352,2.6751,1.5959,4332.439815,-0.47425742,25.339447,195.49429
2023-06-21,3197.9011,12.8856000900269,2.6701,1.5843,4062.345614,-1.31046048,35.073679,35.073679
2023-06-26,3150.6189,12.7259998321533,2.6677,1.6623,3988.596574,-1.47853853,42.139301,46.510622
2023-06-27,3189.4427,12.8901996612549,2.6676,1.5449,3544.878106,1.23225948,7.453727,20.389599
2023-06-28,3189.3758,12.8844995498657,2.6651,1.474,3601.181925,-0.00209755,2.238692,46.83901
2023-06-29,3182.3812,12.8620004653931,2.6526,1.3409,3406.367109,-0.21930937,8.976389,117.298482
2023-06-30,3202.0623,12.9358997344971,2.6351,1.4288,3597.395634,0.61843943,1.863913,1.863913
2023-07-03,3243.975,13.120400428772,2.6402,1.6955,4213.534724,1.30892831,,
2023-07-04,3245.3492,13.128999710083,2.6477,1.5043,3871.159441,0.04236161,3.086419,3.086419
2023-07-05,3222.9469,13.0409002304077,2.6402,1.4135,3512.349847,-0.69028935,4.916911,18.910015
2023-07-06,3205.5748,12.9730997085571,2.6392,1.3057,3208.083126,-0.53901291,2.665382,24.667145
2023-07-07,3196.6092,12.9398002624512,2.6403,1.3592,3136.074532,-0.27968775,15.201387,15.201387
2023-07-10,3203.6958,12.9630002975464,2.6403,1.2638,3114.624956,0.22169116,3.330373,43.431663
2023-07-11,3221.3666,13.0349998474121,2.6353,1.2114,3099.502547,0.55157546,16.848394,17.018475
2023-07-12,3196.1337,12.930100440979,2.6378,1.448,3654.331823,-0.783298,,42.000004
2023-07-13,3236.48,13.1022996902466,2.6413,1.4714,3732.425178,1.26234707,11.369611,90.972105
2023-07-14,3237.7012,13.0938997268677,2.6444,1.449,3683.378291,0.03773235,,
2023-07-17,3209.6298,12.9861001968384,2.6364,1.344,3220.744971,-0.86701639,,
2023-07-18,3197.8201,12.9351997375488,2.6234,1.2608,3073.316493,-0.36794586,26.261936,42.914759
2023-07-19,3198.8358,12.9455995559692,2.6233,1.1638,2812.060912,0.03176226,25.434203,27.43502
2023-07-20,3169.522,12.831600189209,2.6214,1.2764,3023.760241,-0.91638964,,23.328941
2023-07-21,3167.7452,12.8220996856689,2.6079,1.202,2806.731904,-0.05605893,,2.501117
2023-07-24,3164.1608,12.8197002410889,2.5934,1.1583,2601.190889,-0.11315304,0.263388,18.946579
2023-07-25,3231.5213,13.0901002883911,2.663,1.8848,4108.466011,2.12885831,21.9454,92.62893
2023-07-26,3223.0279,13.0335998535156,2.643,1.7091,3283.069294,-0.26282977,5.949443,5.949443
2023-07-27,3216.6709,13.0205001831055,2.6395,1.763,3321.450683,-0.19723689,60.000107,110.013424
2023-07-28,3275.9257,13.2665004730225,2.6533,2.222,4369.236174,1.84211571,7.187103,9.187386
2023-07-31,3291.0398,13.3245000839233,2.6597,2.4818,5115.053484,0.46136883,10.947522,10.947522
2023-08-01,3290.9493,13.3270998001099,2.6607,2.4782,4410.233186,-0.00274989,24.14639,50.895301
2023-08-02,3261.6903,13.1956996917725,2.6525,2.19,3889.52704,-0.88907477,4.941033,26.174188
2023-08-03,3280.4626,13.2516002655029,2.6435,2.0735,3895.30672,0.57553901,5.055548,5.055548
2023-08-04,3288.0842,13.3078002929688,2.6469,2.5533,4971.880894,0.23233309,,51.000329
2023-08-07,3268.8311,13.2313995361328,2.6462,1.933,3930.569342,-0.58554157,,2.0002
2023-08-08,3260.6196,13.2037000656128,2.6454,1.7003,3557.503253,-0.251206,2.605844,2.757904
2023-08-09,3244.4867,13.140700340271,2.6461,1.4481,3097.782996,-0.49478019,3.275891,90.600409
2023-08-10,3254.5597,13.2014999389648,2.6475,1.5246,3072.632917,0.31046513,11.37514,11.37514
2023-08-11,3189.248,12.9397001266479,2.6381,1.7675,3391.871298,-2.00677529,2.543325,24.544502
2023-08-14,3178.4272,12.9306001663208,2.6212,1.6006,3226.320544,-0.33929001,,
2023-08-15,3176.1758,12.9419002532959,2.5759,1.4405,3008.279854,-0.07083378,16.699807,131.750985
2023-08-16,3150.1277,12.8281002044678,2.5649,1.4836,3036.113326,-0.82010889,0.819901,27.822344
2023-08-17,3163.7393,12.8727998733521,2.5678,1.5614,3207.854741,0.43209677,6.946749,6.946749
2023-08-18,3131.953,12.7931995391846,2.5639,1.5451,3204.490069,-1.00470668,5.46106,5.561065
2023-08-21,3092.9777,12.6614999771118,2.5403,1.4012,2937.210616,-1.24444077,3.1311,13.23109
2023-08-22,3120.3338,12.8309001922607,2.5564,1.6285,3486.376876,0.88445837,34.055312,47.025723
2023-08-23,3078.4021,12.6784000396729,2.5535,1.4361,2979.863644,-1.34382097,27.006482,165.756857
2023-08-24,3082.2439,12.694899559021,2.5543,1.592,3324.478313,0.12479851,0.100085,0.100085
2023-08-25,3064.0747,12.6393995285034,2.5702,1.5554,3177.571734,-0.58947963,16.272484,37.8038
2023-08-28,3098.6363,12.8765001296997,2.5837,2.6072,5172.341209,1.12796206,0.238248,0.238248
2023-08-29,3135.8867,13.002799987793,2.57,2.1282,4439.79437,1.20215464,21.739838,58.24635
2023-08-30,3137.1375,13.1003999710083,2.56,1.8399,4147.294696,0.03988665,,5.362926
2023-08-31,3119.8764,13.0496997833252,2.5575,1.6495,3625.071288,-0.55021815,3.038477,7.143687
2023-09-01,3133.2467,13.0909996032715,2.585,1.537,3347.396329,0.42855223,2.417069,17.708175
2023-09-04,3177.0603,13.2812995910645,2.6124,1.9553,4045.00273,1.39834505,5.588388,8.257818
2023-09-05,3154.3693,13.1829996109009,2.615,1.5571,3427.606134,-0.7142137,9.558672,73.560041
2023-09-06,3158.0769,13.1955995559692,2.6375,1.4167,3240.011297,0.11753855,92.863321,92.863321
2023-09-07,3122.3523,13.0604000091553,2.635,1.4353,3171.869633,-1.13121375,3.420861,41.288698
2023-09-08,3116.7191,13.0425996780396,2.6375,1.2051,2700.067149,-0.18041526,3.12717,83.127085
2023-09-11,3142.779,13.1482000350952,2.63,1.5532,3518.83736,0.83613246,2.892842,52.907857
2023-09-12,3137.0593,13.1267004013062,2.623,1.2634,2818.975018,-0.18199498,4.074525,72.058288
2023-09-13,3123.0669,13.0820999145508,2.615,1.342,2820.155572,-0.44603556,29.990793,32.165977
2023-09-14,3126.5511,13.1211996078491,2.6075,1.4193,2816.418555,0.11156341,10.776212,34.783178
2023-09-15,3117.7434,13.0894002914429,2.64,1.5736,3260.914559,-0.28170657,,30.801239
2023-09-18,3125.9319,13.1070003509521,2.65,1.3947,2996.447254,0.26264188,5.000698,13.753849
2023-09-19,3124.9567,13.1224002838135,2.6625,1.3649,2740.626644,-0.0311971,11.871315,63.630828
2023-09-20,3108.5679,13.0640001296997,2.665,1.2144,2430.199987,-0.52444887,11.159334,52.440566
2023-09-21,3084.701,12.981499671936,2.6576,1.2218,2435.362775,-0.76777799,5.315946,55.416827
2023-09-22,3132.4316,13.1632995605469,2.6776,1.5233,3214.437789,1.54733311,6.660275,37.350781
2023-09-25,3115.6071,13.0958003997803,2.6976,1.3843,2946.358296,-0.5371067,5.224511,53.661377
2023-09-26,3102.2726,13.0411996841431,2.6951,1.1921,2700.06131,-0.42799042,54.173452,98.844909
2023-09-27,3107.3156,13.0572004318237,2.6877,1.2908,2934.210224,0.16255825,0.42535,145.946724
2023-09-28,3110.4753,13.0745000839233,2.6751,1.2701,2883.962228,0.10168584,8.234588,8.234588
2023-10-09,3096.9224,13.0361003875732,2.6702,1.4275,3026.621621,-0.43571798,5.162393,5.162393
2023-10-10,3075.2361,12.9411001205444,2.6811,1.3774,2936.532917,-0.70025326,5.40343,7.477705
2023-10-11,3078.9556,12.9661998748779,2.6976,1.4042,3265.623862,0.12095006,5.255966,5.255966
2023-10-12,3107.9007,13.0994997024536,2.6911,1.4853,3258.658944,0.94009475,,
2023-10-13,3088.0991,13.0469999313354,2.6702,1.374,3095.380853,-0.63713747,0.100099,3.099781
2023-10-16,3073.813,12.9934997558594,2.6777,1.421,3143.94203,-0.46261793,2.172542,6.172542
2023-10-17,3083.4964,13.0566997528076,2.6882,1.412,3000.262285,0.31502892,0.262365,2.264361
2023-10-18,3058.7098,12.9500999450684,2.7052,1.4647,3103.060358,-0.80384722,10.265068,90.259199
2023-10-19,3005.3934,12.722900390625,2.7177,1.666,3550.69177,-1.74310096,2.531776,82.442341
2023-10-20,2983.0585,12.6194000244141,2.7052,1.4681,3073.883933,-0.74316061,2.229989,4.362529
2023-10-23,2939.2913,12.4490995407104,2.7047,1.5279,3040.289625,-1.46719215,3.303509,3.303509
2023-10-24,2962.2437,12.5155000686646,2.7177,1.7094,3399.021769,0.78088211,3.940824,170.045736
2023-10-25,2974.1135,12.5047998428345,2.7052,1.8355,3628.466355,0.40070302,,17.049706
2023-10-26,2988.2992,12.5940999984741,2.7152,1.6093,3322.58828,0.47697238,0.849055,6.351184
2023-10-27,3017.7842,12.6528997421265,2.7133,1.781,3856.923181,0.98668165,16.801134,77.971819
2023-10-30,3021.5534,12.6288003921509,2.7141,2.0057,4395.879748,0.12489959,6.35421,6.35421
2023-10-31,3018.7706,12.6176996231079,2.6938,1.7787,3862.772264,-0.09209832,38.735174,51.325227
2023-11-01,3023.0765,12.6395998001099,2.6853,1.5542,3471.214565,0.14263754,6.351878,58.354406
2023-11-02,3009.4058,12.5968999862671,2.6553,1.487,3119.364008,-0.45221151,13.16698,119.880974
2023-11-03,3030.7977,12.667799949646,2.6613,1.486,3293.004775,0.71083468,0.642075,0.642075
2023-11-06,3058.4105,12.7431001663208,2.6554,2.0903,4476.381599,0.91107368,2.36728,2.36728
2023-11-07,3057.2697,12.7416000366211,2.6632,1.824,4010.655739,-0.03730042,14.606388,70.557058
2023-11-08,3052.3726,12.7204999923706,2.6464,1.868,4152.892601,-0.16017887,57.840505,67.9405
2023-11-09,3053.2792,12.7295999526978,2.6494,1.7548,3885.567471,0.02970149,6.809003,94.043358
2023-11-10,3038.9699,12.6809997558594,2.6444,1.5897,3469.130845,-0.46865351,2.581434,2.681784
2023-11-13,3046.5329,12.6934995651245,2.6454,1.6184,3441.200172,0.24886722,,1.09999
2023-11-14,3056.0703,12.7265996932983,2.6573,1.6416,3582.498402,0.31305751,16.720092,24.82401
2023-11-15,3072.8348,12.789999961853,2.6633,1.6864,3895.15978,0.54856395,0.400411,2.400567
2023-11-16,3050.9257,12.7161998748779,2.6558,1.5111,3293.643827,-0.7129931,4.191059,193.771373
2023-11-17,3054.3655,12.7171001434326,2.6524,1.4894,3285.685988,0.11274611,8.041779,10.162385
2023-11-20,3068.3191,12.7672004699707,2.6584,1.5992,3671.093102,0.4568412,0.122605,0.122605
2023-11-21,3067.9328,12.7645998001099,2.6684,1.8456,3915.580349,-0.01258996,13.733339,38.239337
2023-11-22,3043.611,12.6795997619629,2.6823,1.6141,3303.854827,-0.79277486,6.85534,109.55233
2023-11-23,3061.8562,12.75,2.7023,1.5396,3156.125156,0.599459,25.697038,118.407732
2023-11-24,3040.9717,12.6810998916626,2.7053,1.6073,3115.093559,-0.68208625,0.732222,124.135311
2023-11-27,3031.7002,12.6338996887207,2.7108,1.7371,3507.058355,-0.3048861,2.341287,43.046691
2023-11-28,3038.5545,12.6542997360229,2.6898,1.4963,3173.036977,0.22608766,6.545627,63.929119
2023-11-29,3021.6874,12.5886001586914,2.6826,1.5513,3221.412061,-0.55510276,28.295837,44.097029
2023-11-30,3029.6727,12.6429004669189,2.668,1.5731,3267.556961,0.26426625,29.674821,110.324816
2023-12-01,3031.6358,12.6625003814697,2.6625,1.6005,3355.471764,0.06479578,39.058485,41.393105
2023-12-04,3022.9138,12.6268997192383,2.6725,1.6136,3442.79696,-0.28769947,26.664945,45.466675
2023-12-05,2972.2959,12.4271001815796,2.665,1.6322,3404.544881,-1.67447381,21.285913,105.955426
2023-12-06,2968.9334,12.4022998809814,2.6725,1.6423,3362.189064,-0.11312804,2.569111,87.21199
2023-12-07,2966.2061,12.3956003189087,2.664,1.6536,3480.39624,-0.09186127,4.798569,118.787473
2023-12-08,2969.5594,12.423999786377,2.6636,2.0661,4234.923119,0.11305013,16.756793,50.731734
2023-12-11,2991.4385,12.5106000900269,2.644,2.0152,4053.515832,0.73677934,,
2023-12-12,3003.4378,12.5680999755859,2.6375,1.608,3331.705764,0.4011214,7.420503,187.877264
2023-12-13,2968.7606,12.4287004470825,2.6226,1.5772,3314.766147,-1.15458359,2.944607,212.535241
2023-12-14,2958.9856,12.3950996398926,2.6376,1.5171,3126.581246,-0.32926198,,8.292927
2023-12-15,2942.5568,12.3252000808716,2.6227,1.612,3220.836908,-0.5552173,14.412054,79.412414
2023-12-18,2930.8036,12.2981004714966,2.6126,1.632,3049.15893,-0.39942135,4.236068,157.292831
2023-12-19,2932.3908,12.3155002593994,2.6191,1.4725,2832.341262,0.0541558,15.542129,84.752848
2023-12-20,2902.1096,12.1978998184204,2.6222,1.4705,2908.384021,-1.03264544,10.326232,89.526371
2023-12-21,2918.7149,12.250599861145,2.5901,1.5676,3159.437755,0.57218032,5.322717,111.022986
2023-12-22,2914.7752,12.2600002288818,2.5877,1.6219,3274.980196,-0.13498064,19.342305,41.34567
2023-12-25,2918.8126,12.2878999710083,2.5678,1.2533,2614.87251,0.13851497,75.973646,167.672539
2023-12-26,2898.8787,12.2249002456665,2.5804,1.2482,2602.205528,-0.68294552,26.621604,162.804453
2023-12-27,2914.6138,12.3073997497559,2.5577,1.3607,2790.48608,0.54279953,8.796053,170.978574
2023-12-28,2954.7035,12.4524002075195,2.5694,1.8719,3924.490735,1.37547211,2.971132,2.971132
2023-12-29,2974.9348,12.5382995605469,2.5553,1.6043,3490.029673,0.68471507,3.677011,3.677011
2024-01-02,2962.2762,12.4982004165649,2.5601,1.6862,3459.507292,-0.42550849,4.427943,4.427943
2024-01-03,2967.2472,12.5255002975464,2.5531,1.5827,3210.183913,0.16781015,2.464289,2.464289
2024-01-04,2954.3486,12.4909000396729,2.5368,1.4619,2962.913469,-0.43469921,0.307936,0.307936
2024-01-05,2929.1833,12.3915004730225,2.5175,1.6632,3259.170012,-0.85180537,0.401109,0.401109
2024-01-08,2887.5379,12.2479000091553,2.5136,1.4836,2907.305896,-1.421741,,
2024-01-09,2893.2513,12.2627000808716,2.4862,1.4491,2944.463737,0.19786407,2.336237,2.336237
2024-01-10,2877.7023,12.1851997375488,2.4982,1.3447,2811.921924,-0.53742307,2.776479,2.776479
2024-01-11,2886.6502,12.2003002166748,2.4992,1.4644,2985.525329,0.31093904,7.185676,7.185676
2024-01-12,2881.9769,12.1870002746582,2.5172,1.4216,2828.774663,-0.16189353,4.430289,4.430289
2024-01-15,2886.2908,12.2184000015259,2.5212,1.3416,2692.297371,0.14968545,2.112969,2.112969
2024-01-16,2893.9886,12.2541999816895,2.5252,1.5742,3008.379192,0.26670216,12.193027,12.193027
2024-01-17,2833.6152,12.0142002105713,2.5077,1.4343,2830.739398,-2.08616579,6.166025,10.932639
2024-01-18,2845.7839,12.0696001052856,2.5092,2.1628,4007.099047,0.42944081,2.905146,83.00785
2024-01-19,2832.2793,12.0153999328613,2.5027,1.4602,2967.170438,-0.47454763,0.243068,8.243438
2024-01-22,2756.3399,11.7298002243042,2.4922,1.9431,3599.189896,-2.68121156,2.341005,4.342559
2024-01-23,2770.9763,11.7769002914429,2.5042,1.6874,3121.913302,0.53100853,28.088149,70.151196
2024-01-24,2820.7719,11.9980001449585,2.5042,2.0212,3573.161816,1.79704171,10.349557,173.547756
2024-01-25,2906.1087,12.362099647522,2.4984,2.4409,4376.798113,3.02529956,7.131295,7.131295
2024-01-26,2910.2227,12.4040002822876,2.4994,2.3284,4024.002313,0.14156387,6.530801,20.251989
2024-01-29,2883.356,12.3252000808716,2.494,2.2685,3970.147314,-0.92318365,,
2024-01-30,2830.5266,12.1111001968384,2.4557,1.8517,3292.540059,-1.83221912,11.858354,50.194102
2024-01-31,2788.5482,11.9680004119873,2.433,2.0927,3556.369998,-1.48305972,2.616612,93.272637
2024-02-01,2770.7403,11.8865003585815,2.4354,1.9638,3375.479605,-0.63860829,12.687516,15.723944
2024-02-02,2730.152,11.7523002624512,2.4244,2.3642,3926.611423,-1.46489009,28.91349,28.91349
2024-02-05,2702.185,11.6817998886108,2.4002,2.6749,4248.774183,-1.0243752,3.092468,14.946181
2024-02-06,2789.486,12.0016002655029,2.4525,2.7944,4412.150541,3.23075585,21.004905,219.070497
2024-02-07,2829.6956,12.1391000747681,2.4153,3.0471,4959.198781,1.44146986,7.101532,17.101532
2024-02-08,2865.9032,12.2624998092651,2.4379,2.9505,4829.39732,1.27955813,2.026272,2.026272
2024-02-19,2910.544,12.4851999282837,2.4344,2.5461,4421.484546,1.55765205,,2.054346
2024-02-20,2922.7302,12.5445995330811,2.4134,1.94,3570.57492,0.41869149,4.967813,4.967813
2024-02-21,2950.9556,12.6578998565674,2.4119,2.4638,4509.220507,0.96572034,,
2024-02-22,2988.3578,12.8116998672485,2.4033,1.9562,3652.642179,1.26746062,,
2024-02-23,3004.881,12.8621997833252,2.4009,2.0891,3982.322207,0.55291906,,
2024-02-26,2977.0221,12.7385997772217,2.3789,2.2444,4275.648958,-0.92712157,2.87922,11.86425
2024-02-27,3015.4807,12.8956003189087,2.3809,2.0516,4126.149785,1.29184798,0.972409,0.972409
2024-02-28,2957.8524,12.6686000823975,2.3376,3.0014,5765.552217,-1.91108171,9.635963,36.384713
2024-02-29,3015.1712,12.8959999084473,2.3375,2.2663,4528.087461,1.93785194,2.30024,2.30024
2024-03-01,3027.0204,12.9387998580933,2.3675,2.093,4429.842482,0.39298598,,80.06239
2024-03-04,3039.3055,13.0060997009277,2.3475,2.1428,4617.275166,0.40584794,23.54048,119.297639
2024-03-05,3047.7931,13.0605001449585,2.3169,2.128,4589.004768,0.27926117,19.915321,19.915321
2024-03-06,3039.9309,13.0240001678467,2.265,1.8892,4013.346356,-0.2579637,20.001133,20.001133
2024-03-07,3027.4013,12.9893999099731,2.2776,2.0763,4233.91257,-0.41216726,15.478415,15.478415
2024-03-08,3046.0192,13.0970001220703,2.2825,1.7604,3706.474748,0.61497959,,103.454896
2024-03-11,3068.4554,13.15149974823,2.305,2.0033,4278.513613,0.73657448,,80.004178
2024-03-12,3055.935,13.040599822998,2.3476,2.3022,4945.585028,-0.40803591,25.825897,55.682115
2024-03-13,3043.8346,12.9736003875732,2.3326,2.0237,4424.539463,-0.39596392,2.642276,140.598248
2024-03-14,3038.2339,12.9764995574951,2.3425,2.017,4363.388383,-0.18400146,5.205912,74.992374
2024-03-15,3054.6359,13.0325002670288,2.32,2.0001,4059.17704,0.5398531,21.20474,25.20474
2024-03-18,3084.9262,13.148699760437,2.2926,2.2588,4855.206365,0.99161736,7.695169,36.203794
2024-03-19,3062.7558,13.061900138855,2.2801,2.1198,4469.306578,-0.71866873,37.479088,170.379746
2024-03-20,3079.6859,13.145899772644,2.2951,1.9222,4074.325697,0.55277342,20.90562,162.353226
2024-03-21,3077.113,13.1254997253418,2.2851,2.0173,4376.346163,-0.08354423,,8.202641
2024-03-22,3048.0336,13.069899559021,2.3051,2.1775,4567.624666,-0.94502217,6.916188,127.283128
2024-03-25,3026.3055,13.0018997192383,2.3151,2.1347,4434.723413,-0.71285631,7.998202,39.5831
2024-03-26,3031.4809,13.0314998626709,2.3175,1.9109,3964.107161,0.1710138,29.195571,44.651795
2024-03-27,2993.1388,12.8938999176025,2.2876,1.8961,3762.428961,-1.26479768,17.341703,56.012695
2024-03-28,3010.6636,12.9329996109009,2.3026,1.9583,3929.290887,0.58549908,4.425023,9.627824
2024-03-29,3041.1669,13.0857000350952,2.2901,1.8521,3645.712101,1.0131753,2.633159,2.633159
2024-04-01,3077.3786,13.2154998779297,2.3082,2.0856,4209.020068,1.19071729,12.763105,12.763105
2024-04-02,3074.9586,13.2309999465942,2.2927,2.0294,3967.058133,-0.07863836,9.13581,48.451138
2024-04-03,3069.2959,13.2054996490479,2.2837,2.0079,3927.04394,-0.18415532,0.288329,0.288329
2024-04-08,3047.0526,13.1408996582031,2.2822,2.2293,4218.083997,-0.72470367,6.778726,6.778726
2024-04-09,3048.5369,13.1344995498657,2.2802,1.8469,3478.346635,0.04871265,0.444128,43.944273
2024-04-10,3027.3349,13.0514001846313,2.2972,1.9311,3647.178335,-0.69548117,,111.02601
2024-04-11,3034.2464,13.0626001358032,2.2928,1.8852,3641.478365,0.22830312,0.100173,2.184115
2024-04-12,3019.4735,12.9945001602173,2.2837,1.8435,3631.19193,-0.48687213,3.52136,54.587328
2024-04-15,3057.3776,13.1925001144409,2.2798,2.5533,4598.490433,1.2553215,3.192062,179.965424
2024-04-16,3007.0681,13.0159997940063,2.2723,2.4844,4351.708055,-1.6455115,5.87785,66.915487
2024-04-17,3071.3806,13.2695999145508,2.2608,2.2903,4162.546608,2.13871113,6.413029,86.112782
2024-04-18,3074.2246,13.2754001617432,2.2537,2.3112,4414.320758,0.0925968,5.656454,82.0581
2024-04-19,3065.261,13.2617998123169,2.254,2.0806,3966.149411,-0.29157271,10.111994,22.487915
2024-04-22,3044.5952,13.1861000061035,2.2435,1.9849,3821.922592,-0.67419381,2.082995,37.140109
2024-04-23,3021.9775,13.0936002731323,2.226,1.8112,3486.517654,-0.74288037,68.711417,99.216904
2024-04-24,3044.8223,13.1715002059937,2.2727,1.6937,3351.573627,0.75595533,12.86111,30.673475
2024-04-25,3052.9,13.1953001022339,2.2612,1.6151,3157.976612,0.26529299,11.129923,169.648928
2024-04-26,3088.6357,13.3392000198364,2.3084,2.4442,4841.60093,1.17054931,10.486729,141.42997
2024-04-29,3113.0432,13.4093999862671,2.353,2.8166,5549.188112,0.79023564,12.400682,176.670136
2024-04-30,3104.8245,13.6107997894287,2.3028,2.4626,4738.032285,-0.26400854,21.992959,25.496527
2024-05-06,3140.7204,13.7334003448486,2.3081,2.5152,5112.561356,1.15613298,10.565042,10.565042
2024-05-07,3147.738,13.7659997940063,2.2896,2.1127,4269.516659,0.22343918,16.685382,81.687361
2024-05-08,3128.4798,13.6923999786377,2.2955,1.8629,3672.201165,-0.61181077,5.850193,5.850193
2024-05-09,3154.3201,13.785400390625,2.3186,2.0059,3989.790669,0.82596985,2.949004,82.849409
2024-05-10,3154.5472,13.8163003921509,2.3122,2.1357,4067.078228,0.00719965,0.107289,62.41164
2024-05-13,3148.0207,13.7811002731323,2.29,2.2029,4259.630882,-0.20689182,,
2024-05-14,3145.7743,13.7613000869751,2.2938,1.9014,3700.696749,-0.07135912,10.017919,16.415908
2024-05-15,3119.9021,13.6519002914429,2.302,1.7702,3330.056222,-0.82244298,0.1,105.108689
2024-05-16,3122.401,13.6700000762939,2.3147,2.0387,3775.029215,0.08009546,0.2841,0.2841
2024-05-17,3154.0263,13.7931995391846,2.3077,2.1328,3895.725493,1.01285197,2.264631,2.264631
2024-05-20,3171.1451,13.87380027771,2.3105,2.3675,4488.16915,0.54276022,,30.704472
2024-05-21,3157.9657,13.8246002197266,2.3141,1.862,3465.842008,-0.41560381,12.049194,19.721685
2024-05-22,3158.5399,13.8246002197266,2.3123,1.9609,3641.378307,0.01818259,13.610864,15.930586
2024-05-23,3116.387,13.6521997451782,2.3063,1.9526,3566.894629,-1.33456918,13.842719,13.842719
2024-05-24,3088.8705,13.5408000946045,2.3134,1.6911,3227.486064,-0.88296158,5.136517,59.246429
2024-05-27,3124.0427,13.707200050354,2.3084,1.7684,3453.837678,1.13867512,3.65848,6.016147
2024-05-28,3109.5721,13.6529998779297,2.2994,1.7133,3209.854065,-0.4632011,33.997148,43.041336
2024-05-29,3111.0176,13.6639995574951,2.2776,1.6018,2975.121773,0.0464855,1.151554,173.179282
2024-05-30,3091.6778,13.5790004730225,2.2826,1.6738,3184.75183,-0.62165511,6.890885,176.803965
2024-05-31,3086.8134,13.5578002929688,2.2926,1.5214,3011.218813,-0.15733852,21.254768,101.258048
2024-06-03,3078.4887,13.5454998016357,2.2853,1.9787,3676.083525,-0.26968588,,79.918853
2024-06-04,3091.1992,13.5961999893188,2.2854,1.7105,3255.896919,0.41288116,47.59989,112.234562
2024-06-05,3065.4034,13.4886999130249,2.2808,1.5862,2997.227644,-0.83449168,2.144117,146.550923
2024-06-06,3048.7939,13.4331998825073,2.2828,2.039,3713.17019,-0.54183733,2.371156,195.115527
2024-06-07,3051.2787,13.4596004486084,2.2833,1.7438,3189.110975,0.08150108,2.326722,5.109119
2024-06-11,3028.0451,13.3559999465942,2.2791,1.708,3326.833778,-0.76143815,,74.876899
2024-06-12,3037.4675,13.4017000198364,2.276,1.5279,3120.586015,0.31117106,32.836069,63.578228
2024-06-13,3028.9187,13.3712997436523,2.2678,1.6313,3368.710371,-0.28144499,9.798267,152.06026
2024-06-14,3032.6333,13.3807001113892,2.2558,1.9257,3961.946983,0.12263782,3.250979,107.85607
2024-06-17,3015.8907,13.2593002319336,2.2609,1.6239,3381.468756,-0.55208126,0.211775,105.528365
2024-06-18,3030.2464,13.3242998123169,2.2537,1.4991,3173.199957,0.476002,20.010641,143.307148
2024-06-19,3018.0491,13.3065004348755,2.2429,1.4162,3002.902867,-0.40251842,3.077235,59.071041
2024-06-20,3005.4369,13.2763004302979,2.2445,1.5962,3241.012664,-0.41789247,11.382426,210.695869
2024-06-21,2998.1377,13.2541999816895,2.2571,1.3809,2802.753848,-0.24286652,2.395111,2.395111
2024-06-24,2963.0989,13.1291999816895,2.2451,1.6418,3185.958177,-1.16868548,2.973999,2.973999
2024-06-25,2949.9963,13.0773000717163,2.235,1.5103,2965.692973,-0.44219246,9.446785,17.452676
2024-06-26,2972.5251,13.1625003814697,2.2225,1.5462,2762.151755,0.76368909,36.332256,217.848614
2024-06-27,2945.8524,13.0825004577637,2.2081,1.4843,2666.709794,-0.89730781,13.359075,13.359075
2024-06-28,2967.4028,13.1963996887207,2.2058,1.7261,3133.470042,0.73155057,5.65427,39.323375
2024-07-01,2994.7303,13.331000328064,2.2486,1.6413,2943.218888,0.92092317,,
2024-07-02,2997.0111,13.3736000061035,2.2369,1.5566,2825.593695,0.07616045,8.411406,8.411406
2024-07-03,2982.3756,13.3141002655029,2.2426,1.3596,2578.402968,-0.48833653,0.100623,0.100623
2024-07-04,2957.567,13.2259998321533,2.2502,1.5063,2590.06711,-0.83184023,,
2024-07-05,2949.9333,13.1665000915527,2.2754,1.4498,2715.089294,-0.25810742,2.510008,4.510008
2024-07-08,2922.4498,13.0803003311157,2.2904,1.5125,2708.720229,-0.93166513,0.102781,0.102781
2024-07-09,2959.3724,13.2223997116089,2.2698,1.7307,3203.610928,1.26341263,4.107738,11.410383
2024-07-10,2939.3636,13.132399559021,2.2707,1.6562,3060.352554,-0.67611633,2.304584,7.387355
2024-07-11,2970.3874,13.2392997741699,2.2648,1.805,3376.531771,1.05545976,2.560416,14.561082
2024-07-12,2971.295,13.2433004379272,2.2604,1.6612,3025.81576,0.03055494,,2.005948
2024-07-15,2974.0107,13.2871999740601,2.2541,1.4697,2687.333395,0.09139786,,
2024-07-16,2976.3043,13.2938003540039,2.2613,1.4275,2791.213705,0.07712144,7.612001,94.414633
2024-07-17,2962.8549,13.2142000198364,2.2598,1.5535,3054.69106,-0.45188256,0.102237,89.702451
2024-07-18,2977.1334,13.2980003356934,2.2673,1.5188,3012.837506,0.48191695,,14.165473
2024-07-19,2982.3086,13.3126001358032,2.2614,1.5394,3191.124605,0.17383165,15.569337,15.569337
2024-07-22,2964.2155,13.207799911499,2.2461,1.527,3164.154599,-0.60668101,0.100027,0.100027
2024-07-23,2915.3685,13.0291004180908,2.2322,1.6093,3071.940499,-1.64788964,51.562631,79.643247
2024-07-24,2901.9518,12.9860000610352,2.2381,1.6741,2886.603616,-0.46020597,10.88478,10.88478
2024-07-25,2886.7416,12.9027996063232,2.2168,1.5076,2732.816225,-0.52413689,,58.982809
2024-07-26,2890.8973,12.8774995803833,2.1944,1.5305,2754.43435,0.14395816,,16.336078
2024-07-29,2891.8453,12.8994998931885,2.1574,1.4149,2600.948984,0.03279259,,2.998322
2024-07-30,2879.2996,12.8395004272461,2.148,1.4454,2694.774826,-0.43383026,10.105246,68.19879
2024-07-31,2938.7493,13.0602998733521,2.1494,2.279,4188.717234,2.06472782,9.348659,27.47377
2024-08-01,2932.3871,13.0465002059937,2.1297,1.9086,3525.861204,-0.21649346,2.680024,10.943616
2024-08-02,2905.3375,12.9366998672485,2.1277,1.7103,3149.179854,-0.92244302,6.468622,31.787348
2024-08-05,2860.6978,12.7419996261597,2.1376,1.9545,3568.630014,-1.5364721,,2.010063
2024-08-06,2867.2837,12.7473001480103,2.1491,1.637,2958.355588,0.23022005,6.099473,15.787088
2024-08-07,2869.8338,12.7714996337891,2.1414,1.4489,2637.936498,0.08893783,5.331946,69.634351
2024-08-08,2869.9014,12.7652997970581,2.181,1.5883,2711.079195,0.00235554,10.055426,10.055426
2024-08-09,2862.1941,12.7210998535156,2.1986,1.5595,2528.84027,-0.26855626,,59.991236
2024-08-12,2858.2046,12.7039003372192,2.2508,1.3382,2176.266845,-0.13938607,,
2024-08-13,2867.946,12.7519998550415,2.2255,1.2696,2109.085094,0.34082235,8.746653,64.112386
2024-08-14,2850.6539,12.6947002410889,2.1966,1.1843,2074.575524,-0.60294371,5.775548,23.781636
2024-08-15,2877.3579,12.8190002441406,2.205,1.4858,2549.871156,0.93676753,,59.501843
2024-08-16,2879.4298,12.8484001159668,2.1978,1.4471,2436.082654,0.07200703,0.916763,23.479411
2024-08-19,2893.6738,12.9175996780396,2.1816,1.4394,2429.948853,0.49468127,,
2024-08-20,2866.661,12.8016996383667,2.171,1.4376,2373.07804,-0.93351227,6.428175,19.705708
2024-08-21,2856.5839,12.7503004074097,2.167,1.2503,2099.091878,-0.35152744,4.023144,8.024661
2024-08-22,2848.7718,12.7283000946045,2.1582,1.3414,2301.240772,-0.273477,17.848837,39.944025
2024-08-23,2854.3675,12.743200302124,2.1547,1.2418,2145.819003,0.196425,7.837307,35.660912
2024-08-26,2855.5203,12.737099647522,2.1628,1.25,2168.06649,0.04038723,0.100109,2.142455
2024-08-27,2848.7312,12.7333002090454,2.1903,1.2636,2156.863262,-0.23775352,12.415684,18.593848
2024-08-28,2837.4293,12.6838998794556,2.1673,1.2444,2138.623687,-0.39673452,5.223547,10.223547
2024-08-29,2823.106,12.542799949646,2.1703,1.5226,2576.442288,-0.50479848,4.793513,12.793513
2024-08-30,2842.2142,12.5369997024536,2.1704,2.1897,3840.928921,0.67685025,2.430585,7.431896
2024-09-02,2811.035,12.5097999572754,2.1457,1.8829,3148.130367,-1.09700388,6.376918,6.376918
2024-09-03,2802.9787,12.4535999298096,2.1432,1.5156,2527.824825,-0.28659551,9.515601,79.215753
2024-09-04,2784.2783,12.3554000854492,2.1336,1.4033,2347.116973,-0.66716169,8.708337,73.391047
2024-09-05,2788.3141,12.358099937439,2.1338,1.3265,2275.145072,0.14494959,0.1,0.1
2024-09-06,2765.8066,12.2741003036499,2.1388,1.3841,2285.70135,-0.8072082,12.147828,12.147828
2024-09-09,2736.4876,12.1343002319336,2.1267,1.4261,2366.058485,-1.06005243,,79.912542
2024-09-10,2744.1921,12.1870002746582,2.1143,1.4409,2264.08493,0.28154705,2.992696,102.364768
2024-09-11,2721.7952,12.0662002563477,2.1044,1.3365,2197.559484,-0.81615642,2.31367,61.305008
2024-09-12,2717.1231,12.0437002182007,2.0998,1.3167,2185.710987,-0.17165509,0.149639,62.137272
2024-09-13,2704.0896,12.0131998062134,2.0724,1.3777,2278.188011,-0.47968014,2.52076,5.52076
2024-09-18,2717.2813,12.095100402832,2.0403,1.3625,2130.905886,0.48784256,2.208202,2.208202
2024-09-19,2736.0222,12.1611995697021,2.045,1.7309,2805.360462,0.68969304,14.747368,75.050924
2024-09-20,2736.8139,12.1803998947144,2.0431,1.5639,2554.333299,0.02893617,20.103287,40.061728
2024-09-23,2748.9177,12.2384004592896,2.0381,1.4134,2352.145059,0.44225879,,
2024-09-24,2863.1255,12.7410001754761,2.0728,2.6424,4427.952969,4.15464603,47.844224,51.200193
2024-09-25,2896.3057,12.8821001052856,2.0437,3.1412,5166.980936,1.15888039,60.001029,98.700883
2024-09-26,3000.9526,13.3114995956421,2.0787,3.1913,5246.690709,3.61311653,68.829767,73.829767
2024-09-27,3087.5286,13.6204996109009,2.1714,2.7139,4806.125595,2.8849506,27.352192,27.352192
2024-09-30,3336.4974,14.6778001785278,2.1518,6.079,11677.7255,8.06369211,,
2024-10-08,3489.7751,15.3133001327515,2.1928,7.2443,15105.132508,4.59397031,3.227357,3.227357
2024-10-09,3258.8578,14.3640003204346,2.176,5.4981,12643.114544,-6.61696795,2.764671,2.764671
2024-10-10,3301.9259,14.5784997940063,2.1441,4.6183,9477.88515,1.3215704,0.399091,0.399091
2024-10-11,3217.7377,14.2538003921509,2.1392,3.3494,6643.327945,-2.54966957,0.132262,0.132262
2024-10-14,3284.3225,14.5621995925903,2.1368,3.4983,7014.992426,2.06930478,,
2024-10-15,3201.2919,14.1753997802734,2.1254,3.1309,6190.914719,-2.52808913,1.506267,1.506267
2024-10-16,3202.948,14.1971998214722,2.1331,2.8531,5330.624089,0.05173224,2.32657,2.32657
2024-10-17,3169.3843,14.0516996383667,2.1084,2.9268,5573.473514,-1.04790025,,15.0
2024-10-18,3261.5633,14.4281997680664,2.1209,3.8355,8279.489221,2.90841978,3.515358,3.515358
2024-10-21,3268.11,14.4270000457764,2.1211,3.6931,8557.81454,0.20072276,,
2024-10-22,3285.8669,14.3837003707886,2.1458,3.1679,6988.614613,0.5433385,0.629274,4.296996
2024-10-23,3302.8028,14.4446001052856,2.1559,3.5884,7600.664196,0.51541649,,20.950789
2024-10-24,3280.2625,14.34850025177,2.1661,2.8565,5852.48947,-0.68245976,7.879414,23.215117
2024-10-25,3299.7003,14.4033002853394,2.1539,3.2763,6772.553213,0.59256843,0.12944,19.317906
2024-10-28,3322.1975,14.4884996414185,2.1617,3.6991,7175.10218,0.68179525,3.083617,9.083617
2024-10-29,3286.407,14.3929996490479,2.1598,3.996,8065.738223,-1.07731404,64.112653,79.807681
2024-10-30,3266.2378,14.2646999359131,2.1597,3.6906,7306.197867,-0.61371583,46.488393,106.484253
2024-10-31,3279.8244,14.0694999694824,2.1476,4.3257,8649.70969,0.41597094,39.103137,39.103137
2024-11-01,3272.0142,14.0677995681763,2.1406,4.7007,8781.127939,-0.2381286,27.885327,47.986209
2024-11-04,3310.2072,14.2089996337891,2.1275,3.67,6923.417633,1.16726266,24.128931,24.128931
2024-11-05,3386.9869,14.5233001708984,2.1106,4.533,9299.314294,2.3194832,141.329098,189.685391
2024-11-06,3383.8062,14.4927997589111,2.1234,4.9334,10268.076404,-0.09390943,59.16252,139.062581
2024-11-07,3470.6609,14.854100227356,2.1115,5.2855,10488.413061,2.56677525,40.973473,40.973473
2024-11-08,3452.2971,14.7632999420166,2.1067,5.3124,11079.322956,-0.52911536,49.031363,49.031363
2024-11-11,3470.0657,14.8101997375488,2.092,4.5011,10243.348995,0.51468919,174.295585,178.295585
2024-11-12,3421.9701,14.6035995483398,2.0729,4.4885,10396.008593,-1.3860141,229.416728,240.281964
2024-11-13,3439.2778,14.6999998092651,2.0876,3.6878,8294.35317,0.50578174,33.375377,153.268252
2024-11-14,3379.8389,14.4729995727539,2.0808,3.4646,7628.841988,-1.72823783,,2.058898
2024-11-15,3330.7263,14.2885999679565,2.0948,3.4627,7459.371224,-1.45310476,3.810679,12.011105
2024-11-18,3323.8486,14.2763996124268,2.1117,4.1085,7558.096445,-0.2064925,32.18807,32.18807
2024-11-19,3346.0098,14.3528003692627,2.0947,3.4493,6515.753763,0.66673314,41.797982,98.889832
2024-11-20,3367.9893,14.4334001541138,2.1025,3.1141,6278.583232,0.6568869,20.111845,20.111845
2024-11-21,3370.4039,14.4413995742798,2.0843,2.9092,6145.174337,0.07169263,39.998465,54.544768
2024-11-22,3267.1916,14.0292997360229,2.0832,3.4675,7076.264603,-3.0623125,60.162093,60.162093
2024-11-25,3263.7597,14.0152997970581,2.0682,2.9657,5965.020883,-0.10504128,10.963503,10.963503
2024-11-26,3259.7572,14.0160999298096,2.0657,2.5955,5094.905963,-0.12263464,76.612525,93.316926
2024-11-27,3309.7789,14.2238998413086,2.0553,2.8095,5716.17596,1.53452226,7.421348,7.421348
2024-11-28,3295.6983,14.1612997055054,2.0304,2.8206,5581.641317,-0.42542419,,2.0
2024-11-29,3326.4557,14.279899597168,2.0206,3.1946,6638.51511,0.93325897,17.527884,17.628233
2024-12-02,3363.9823,14.4141998291016,1.981,3.6877,7095.095178,1.12812565,,52.733862
2024-12-03,3378.8063,14.4961996078491,1.9886,3.661,6839.825928,0.44066819,17.444637,82.832055
2024-12-04,3364.6498,14.4643001556396,1.9612,3.4151,6534.675467,-0.41897933,0.141514,119.147367
2024-12-05,3368.8553,14.4687995910645,1.9462,2.9941,5655.511283,0.12499072,,59.979818
2024-12-06,3404.0764,14.6150999069214,1.9539,3.8497,6859.810581,1.04549162,10.532047,14.532047
2024-12-09,3402.5343,14.6106996536255,1.9168,3.8255,6494.431913,-0.04530157,,50.007664
2024-12-10,3422.6607,14.6930999755859,1.8468,4.3802,8604.839948,0.59151204,37.945603,154.371121
2024-12-11,3432.4902,14.708399772644,1.8218,3.7617,6929.296187,0.28718885,5.204703,124.898733
2024-12-12,3461.4998,14.836199760437,1.8172,3.8588,7341.689827,0.84514735,2.671461,6.671461
2024-12-13,3391.8782,14.5620002746582,1.7771,4.2914,8507.14863,-2.01131313,,
2024-12-16,3386.3312,14.5712995529175,1.7215,3.4517,6752.374929,-0.16353771,5.700155,65.700155
2024-12-17,3361.485,14.4819002151489,1.7237,3.1338,5847.893373,-0.73372032,26.900235,120.040538
2024-12-18,3382.2081,14.5790004730225,1.7564,2.8269,5397.906844,0.61648646,7.3718,7.3718
2024-12-19,3370.0331,14.524299621582,1.7417,2.8295,5591.30979,-0.35997194,4.19229,108.359939
2024-12-20,3368.0693,14.5107002258301,1.7018,2.7012,5968.219386,-0.05827242,6.717332,101.933108
2024-12-23,3351.2571,14.4973001480103,1.7019,3.0638,6231.177893,-0.49916431,12.175429,15.9983
2024-12-24,3393.5281,14.6817998886108,1.7166,2.5928,5307.580376,1.26134757,87.625414,134.358823
2024-12-25,3393.3501,14.7024002075195,1.7365,2.5922,5221.682419,-0.00524528,40.424986,118.425588
2024-12-26,3398.0765,14.7023000717163,1.7122,2.3177,5189.370226,0.13928418,2.507402,38.267983
2024-12-27,3400.142,14.7103996276855,1.6929,2.7539,5860.904389,0.06078439,7.923044,7.923044
2024-12-30,3407.3259,14.7648000717163,1.7128,2.5051,5222.453302,0.21128235,94.213405,94.213405
2024-12-31,3351.763,14.5543003082275,1.6752,2.698,5625.842374,-1.63068933,2.34692,2.34692
2025-01-02,3262.5607,14.1646995544434,1.6077,3.094,6033.405267,-2.66135464,2.782711,2.782711
2025-01-03,3211.4299,13.9657001495361,1.6041,2.8428,5231.597547,-1.56719843,0.285295,17.457436
2025-01-06,3206.9228,13.9305000305176,1.5966,2.3701,4441.882128,-0.14034558,2.17329,2.17329
2025-01-07,3229.6439,14.0347003936768,1.6093,2.2508,4363.883866,0.70850162,9.223872,11.347539
2025-01-08,3230.1679,14.0544004440308,1.6069,2.6015,5081.484449,0.0162247,5.48917,5.48917
2025-01-09,3211.3933,13.9621000289917,1.6368,2.1029,4344.455103,-0.58122675,21.141723,47.193166
2025-01-10,3168.5238,13.7781000137329,1.6338,2.2151,4659.39368,-1.33491902,2.44316,2.44316
2025-01-13,3160.755,13.7402000427246,1.6592,2.0499,4117.739918,-0.24518673,,37.000573
2025-01-14,3240.94,14.0593004226685,1.6446,2.575,5389.83836,2.53689388,25.246489,33.489625
2025-01-15,3227.1167,13.9940004348755,1.633,2.2204,4662.161669,-0.42652132,26.129852,26.129852
2025-01-16,3236.032,14.0424003601074,1.6394,2.3638,4990.554424,0.27626209,8.990703,164.985595
2025-01-17,3241.8212,14.0574998855591,1.6593,2.0999,4565.53133,0.17889811,33.504193,33.504193
2025-01-20,3244.3776,14.0440998077393,1.6747,2.2159,4697.410314,0.07885691,2.792458,2.792458
2025-01-21,3242.6226,14.0249004364014,1.6496,2.111,4682.633789,-0.05409358,26.721291,126.869703
2025-01-22,3213.6237,13.9041004180908,1.6602,2.0032,4523.128674,-0.89430389,49.451724,104.029826
2025-01-23,3230.1637,13.9977998733521,1.6645,2.5156,5398.005872,0.51468378,48.176791,152.037669
2025-01-24,3252.6264,14.0673999786377,1.6565,2.177,4806.85058,0.69540438,2.229529,2.229529
2025-01-27,3250.6007,14.0732002258301,1.6299,2.1228,4502.315358,-0.0622789,,
2025-02-05,3229.4876,13.9652004241943,1.6207,2.2273,5211.030293,-0.6495138,13.442068,13.442068
2025-02-06,3270.6594,14.1183004379272,1.5958,2.528,5904.216978,1.27487097,11.025131,11.025131
2025-02-07,3303.6666,14.2378997802734,1.6032,3.2795,7576.138112,1.00919099,,
2025-02-10,3322.1698,14.3169002532959,1.6342,2.999,6770.381555,0.56008073,,
2025-02-11,3318.0569,14.3190002441406,1.6274,2.7999,6321.666709,-0.12380162,,
2025-02-12,3346.3854,14.4388999938965,1.6336,2.8132,6473.875785,0.85376776,0.100059,0.100059
2025-02-13,3332.4826,14.3853998184204,1.6346,3.1168,7057.99792,-0.41545723,2.69633,2.69633
2025-02-14,3346.7242,14.4495000839233,1.6546,2.9138,6675.553764,0.42735707,2.332263,39.90958
2025-02-17,3355.8296,14.4829998016357,1.6934,3.2285,7501.130549,0.27206903,,4.0
2025-02-18,3324.4906,14.3692998886108,1.7006,3.0788,6967.987841,-0.93386744,2.387843,2.387843
2025-02-19,3351.5392,14.4666996002197,1.6626,2.7521,6751.463704,0.81361638,21.254708,21.254708
2025-02-20,3350.7833,14.4499998092651,1.685,2.7588,6700.990457,-0.02255382,22.13278,75.332891
2025-02-21,3379.1128,14.5708999633789,1.72,3.3298,8556.569548,0.84545903,60.133747,60.133747
2025-02-24,3373.0276,14.5201997756958,1.7625,3.2787,8028.470501,-0.18008277,14.20064,14.20064
2025-02-25,3346.0398,14.3877000808716,1.7275,2.8865,7275.097701,-0.80010611,34.800345,148.39771
2025-02-26,3380.2144,14.5192003250122,1.7251,3.0299,7478.873579,1.0213447,161.962272,182.916264
2025-02-27,3388.0622,14.5583000183105,1.7576,3.1391,7740.599801,0.23216871,0.10071,41.421622
2025-02-28,3320.8973,14.3331003189087,1.7152,3.0987,7580.548904,-1.98239867,40.637592,40.637592
2025-03-03,3316.9253,14.3121995925903,1.6955,2.7334,6439.80683,-0.11960623,6.3535,56.357085
2025-03-04,3324.2099,14.2793998718262,1.7079,2.3445,5687.284272,0.21961906,62.62633,74.767166
2025-03-05,3341.9649,14.37380027771,1.7083,2.5055,5877.675998,0.53411188,12.144301,12.144301
2025-03-06,3381.0983,14.5131998062134,1.7455,2.9183,7364.381067,1.17096981,27.010957,39.792309
2025-03-07,3372.5458,14.4795999526978,1.8002,2.7917,6878.79051,-0.25295035,6.522824,6.522824
2025-03-10,3366.163,14.4331998825073,1.8128,2.4247,5950.264339,-0.18925762,,
2025-03-11,3379.8284,14.4930000305176,1.8853,2.4033,5922.857779,0.4059637,55.053794,116.604467
2025-03-12,3371.9235,14.4513998031616,1.8334,2.6975,6485.016259,-0.23388466,15.449178,20.70998
2025-03-13,3358.7285,14.4071998596191,1.8565,2.7912,6362.116235,-0.39131967,6.607689,6.607689
2025-03-14,3419.5616,14.6765003204346,1.8317,3.1295,7500.416472,1.81119433,24.732424,27.506206
2025-03-17,3426.1285,14.7058000564575,1.8957,2.7572,6393.499804,0.19203924,,9.382253
2025-03-18,3429.7593,14.7260999679565,1.8885,2.4273,5863.382073,0.10597384,61.031347,93.188716
2025-03-19,3426.4291,14.7236003875732,1.8708,2.3348,5599.702079,-0.09709719,32.482659,92.142945
2025-03-20,3408.9482,14.6143999099731,1.8309,2.4026,5656.075966,-0.51017837,44.114049,113.585811
2025-03-21,3364.8307,14.4453001022339,1.8458,2.7784,6231.640073,-1.29416751,5.401563,10.401563
2025-03-24,3370.0283,14.430100440979,1.8413,2.737,5867.454744,0.1544684,5.794422,25.927964
2025-03-25,3369.9763,14.4481000900269,1.8183,2.4305,5164.356622,-0.00154301,31.112382,84.040133
2025-03-26,3368.6973,14.4158000946045,1.7943,2.2761,4851.856023,-0.03795279,56.357062,56.357062
2025-03-27,3373.7489,14.4277000427246,1.8062,2.1902,4964.571117,0.14995708,26.098623,98.745511
2025-03-28,3351.3068,14.3013000488281,1.8126,2.1976,4688.076153,-0.6651977,19.544744,36.409953
2025-03-31,3335.7462,14.2293996810913,1.8129,2.5305,5314.757758,-0.4643144,2.453698,2.453698
2025-04-01,3348.4351,14.2550001144409,1.8104,2.2505,4994.15666,0.38039165,22.926432,22.926432
2025-04-02,3350.1266,14.2688999176025,1.7887,1.8597,4116.660395,0.05051614,15.170115,15.170115
2025-04-03,3342.0077,14.2440004348755,1.718,2.1348,4865.10413,-0.24234607,4.209891,4.209891
2025-04-07,3096.5762,13.2722997665405,1.6318,3.536,7353.673275,-7.34383407,4.423786,4.423786
2025-04-08,3145.5491,13.5018997192383,1.6633,3.5346,7301.661607,1.58151768,141.491516,164.628478
2025-04-09,3186.8099,13.6552000045776,1.6508,3.644,7554.302474,1.31172011,35.511425,35.511425
2025-04-10,3223.6379,13.7869997024536,1.6444,3.138,6823.565448,1.15563843,,
2025-04-11,3238.2268,13.845100402832,1.6568,2.5261,5807.914022,0.45256013,0.122879,0.122879
2025-04-14,3262.8075,13.9428997039795,1.6584,2.4676,5438.114315,0.75907901,8.163948,15.410525
2025-04-15,3267.6623,13.9821996688843,1.6583,2.0989,4563.326104,0.14879211,11.926414,40.267178
2025-04-16,3276.0039,14.0438995361328,1.643,2.2829,4892.006927,0.2552773,25.197529,44.197591
2025-04-17,3280.3412,14.0586996078491,1.6522,2.0301,4425.96764,0.13239606,39.480446,98.272707
2025-04-18,3276.7304,14.0593996047974,1.6493,1.9032,3803.134726,-0.11007392,2.540459,2.540459
2025-04-21,3291.4341,14.0820999145508,1.6664,2.0255,4293.916878,0.44873084,2.262376,2.262376
2025-04-22,3299.7571,14.1272001266479,1.6509,2.1558,4526.75442,0.2528685,53.160295,65.536957
2025-04-23,3296.3552,14.086799621582,1.6611,2.1852,4862.093152,-0.10309547,51.567081,56.159397
2025-04-24,3297.2881,14.0982999801636,1.664,2.0863,4347.060372,0.02830095,7.173537,98.962748
2025-04-25,3295.06,14.0943002700806,1.6606,2.1858,4454.176273,-0.06757371,17.873051,22.873051
2025-04-28,3288.4147,14.1922998428345,1.6483,2.2061,4419.163831,-0.20167463,38.401349,98.31105
2025-04-29,3286.6548,14.2285003662109,1.6241,2.0691,4308.810335,-0.05351819,68.456855,101.24503
2025-04-30,3279.0314,14.2132997512817,1.6243,2.3642,5055.725842,-0.23195013,20.41905,20.41905
2025-05-06,3316.1135,14.3515996932983,1.6298,2.5853,5518.250656,1.13088579,5.432177,8.078244
2025-05-07,3342.6651,14.4718999862671,1.6418,2.7893,5952.300891,0.8006843,31.603695,31.603695
2025-05-08,3351.9958,14.5003004074097,1.6331,2.3323,5016.113755,0.27913954,19.031531,19.031531
2025-05-09,3341.9989,14.4589996337891,1.6351,2.1575,4648.623615,-0.29823725,4.736763,4.736763
2025-05-12,3369.2445,14.5380001068115,1.688,2.2712,5220.807024,0.81524862,,
2025-05-13,3374.8707,14.5710000991821,1.6704,2.3087,5066.089438,0.16698699,5.696662,5.696662
2025-05-14,3403.9481,14.6990003585815,1.6736,2.5342,5348.729446,0.8615856,12.963973,132.855097
2025-05-15,3380.8214,14.6015996932983,1.6798,2.3004,4612.922494,-0.67940813,2.469364,15.076682
2025-05-16,3367.4619,14.540599822998,1.6793,2.1476,4356.470427,-0.39515545,26.412442,86.411938
2025-05-19,3367.5829,14.5406999588013,1.6893,2.1909,4371.775692,0.00359321,2.317808,5.373813
2025-05-20,3380.478,14.6010999679565,1.7004,2.1944,4502.904772,0.38291856,24.237851,67.973784
2025-05-21,3387.5736,14.6367998123169,1.71,2.2408,4659.569934,0.20989931,48.105299,64.641449
2025-05-22,3380.1885,14.6101999282837,1.7186,2.132,4383.345153,-0.2180056,20.215269,20.215269
2025-05-23,3348.3717,14.4805002212524,1.7208,2.1758,4685.878696,-0.94127295,,6.022112
2025-05-26,3346.8388,14.4760999679565,1.7201,1.8894,4005.265684,-0.04578046,21.868994,50.647539
2025-05-27,3340.687,14.4569997787476,1.7261,1.8699,3944.087329,-0.18380927,21.074229,42.630121
2025-05-28,3339.9319,14.4483995437622,1.6832,1.8466,3893.412147,-0.02260314,32.739571,75.209063
2025-05-29,3363.4455,14.5361003875732,1.6877,2.129,4537.413822,0.70401435,4.462519,4.462519
2025-05-30,3347.4873,14.4895000457764,1.6712,2.0949,4433.589677,-0.4744599,12.115196,16.924692
2025-06-03,3361.9755,14.5572996139526,1.6764,2.1693,4682.926703,0.43280821,19.49995,83.900906
2025-06-04,3376.2029,14.608699798584,1.6704,2.0933,4468.446107,0.42318571,72.423561,120.656891
2025-06-05,3384.0985,14.6415996551514,1.6741,2.1959,4982.412289,0.23386035,25.542952,25.542952
2025-06-06,3385.3579,14.6423997879028,1.6547,2.0535,4527.437161,0.03721523,20.032325,80.032712
2025-06-09,3399.7716,14.6912002563477,1.6559,2.3171,5118.79937,0.42576591,,
2025-06-10,3384.8163,14.6314001083374,1.6569,2.5831,5574.27629,-0.43989132,2.913407,33.923956
2025-06-11,3402.3159,14.7018003463745,1.642,2.29,5018.073858,0.51700295,8.975468,8.975468
2025-06-12,3402.658,14.7069997787476,1.6475,2.2105,5016.245606,0.01005492,0.265435,39.368735
2025-06-13,3376.996,14.6163997650146,1.644,2.7568,6053.848394,-0.75417512,0.660795,7.076162
2025-06-16,3388.7293,14.6645002365112,1.6432,2.1837,4815.944095,0.34744785,2.469773,8.6605
2025-06-17,3387.4049,14.6570997238159,1.6364,2.1001,4580.381587,-0.0390825,13.57887,108.343218
2025-06-18,3388.8086,14.6723003387451,1.6384,2.0414,4410.110954,0.0414388,35.763751,35.763751
2025-06-19,3362.1082,14.6331996917725,1.6425,2.2355,4732.585954,-0.78789932,118.928195,154.044463
2025-06-20,3359.8954,14.6430997848511,1.6396,1.8903,4108.732726,-0.06581585,86.001244,145.932525
2025-06-23,3381.5816,14.7637996673584,1.6418,2.0815,4427.891785,0.64544271,,
2025-06-24,3420.566,14.9160995483398,1.648,2.4859,5448.820776,1.15284517,38.722839,49.79471
2025-06-25,3455.9736,15.0677003860474,1.6544,2.7573,6201.732776,1.03513863,49.41922,130.010525
2025-06-26,3448.4534,15.0671997070312,1.6462,2.6867,6030.951119,-0.21760004,20.273599,84.281205
2025-06-27,3424.2267,14.9343996047974,1.6462,2.8316,6057.316163,-0.70253813,50.627803,62.443108
2025-06-30,3444.4256,15.0136003494263,1.6469,2.4693,5671.37246,0.58988209,27.264653,35.787587
2025-07-01,3457.7474,15.0893001556396,1.6433,2.3988,5535.565362,0.38676405,8.800336,8.800336
2025-07-02,3454.7924,15.0790004730225,1.6396,2.7009,5431.307217,-0.08546026,4.99847,4.99847
2025-07-03,3461.1506,15.0930004119873,1.6407,2.3717,5002.117678,0.18404,0.886511,0.886511
2025-07-04,3472.3192,15.152099609375,1.6433,2.7159,5672.412779,0.3226846,0.658894,2.809193
2025-07-07,3473.1271,15.1478996276855,1.6406,2.3716,4761.974314,0.02326687,7.053181,7.053181
2025-07-08,3497.4753,15.2378997802734,1.6444,2.6694,5675.065248,0.70104546,11.940482,14.407312
2025-07-09,3493.0495,15.2329998016357,1.6446,2.8446,5959.625251,-0.12654271,10.387706,10.387706
2025-07-10,3509.6818,15.3118000030518,1.6616,3.0703,6131.605439,0.47615415,5.642829,295.519096
2025-07-11,3510.1772,15.2974004745483,1.6653,3.6191,7535.490491,0.01411524,0.414568,10.414568
2025-07-14,3519.6498,15.3354997634888,1.6726,3.1136,6231.024823,0.26986102,5.21307,20.21307
2025-07-15,3504.9988,15.2882995605469,1.6557,3.1081,6468.516651,-0.416263,29.498398,59.61448
2025-07-16,3503.7769,15.2818002700806,1.6617,2.4595,5724.193187,-0.03486164,75.147211,75.147211
2025-07-17,3516.8255,15.3219003677368,1.663,2.5119,6097.910103,0.37241526,16.172752,28.805726
2025-07-18,3534.4827,15.3900995254517,1.6652,2.6406,6436.275749,0.5020778,,31.065266
2025-07-21,3559.7912,15.4750003814697,1.6774,3.397,7309.058629,0.71604538,5.830422,16.307751
2025-07-22,3581.8611,15.5532999038696,1.6907,3.8484,8405.734419,0.61997737,52.50431,52.50431
2025-07-23,3582.298,15.5635995864868,1.7041,4.1475,8570.459595,0.01219757,115.776844,165.09241
2025-07-24,3605.7269,15.6414003372192,1.7376,4.1839,8522.396253,0.65401873,6.244494,19.81057
2025-07-25,3593.6553,15.5836000442505,1.7324,3.7775,8216.095759,-0.33478964,13.75104,17.419948
2025-07-28,3597.9369,15.5972995758057,1.7146,3.2286,7612.654384,0.11914331,11.681505,11.681505
2025-07-29,3609.7113,15.631799697876,1.7466,3.3184,7936.064237,0.32725421,27.825328,50.290318
2025-07-30,3615.7167,15.6679000854492,1.718,3.4608,8196.279491,0.16636788,17.472586,17.472586
2025-07-31,3573.2082,15.479100227356,1.7044,3.5475,8458.930581,-1.17565903,31.681039,40.706651
2025-08-01,3559.9518,15.4188995361328,1.7059,2.7686,6846.45226,-0.37099434,8.177936,8.177936
2025-08-04,3583.3088,15.5206003189087,1.7083,2.4878,6397.755985,0.65610439,20.721952,31.786678
2025-08-05,3617.5976,15.6688003540039,1.7061,2.7063,6563.825051,0.9569033,87.278686,164.661655
2025-08-06,3633.9949,15.7230997085571,1.6999,2.7734,7072.212516,0.4532649,38.213885,127.69214
2025-08-07,3639.6666,15.7242002487183,1.6894,2.8978,7496.999973,0.15607342,,73.150145
2025-08-08,3635.1281,15.6876001358032,1.6891,2.8464,7135.697311,-0.12469549,0.104436,0.104436
2025-08-11,3647.5467,15.7047996520996,1.7203,2.9894,7513.294468,0.34162758,6.000352,6.000352
2025-08-12,3665.9177,15.7881002426147,1.7271,2.9212,7781.610342,0.50365359,3.646439,15.27507
2025-08-13,3683.4648,15.8362998962402,1.7262,3.3472,8870.225957,0.47865504,13.533897,13.533897
2025-08-14,3666.4426,15.7771997451782,1.7341,3.519,9494.642736,-0.46212468,36.292226,36.292226
2025-08-15,3696.7705,15.8767995834351,1.7465,3.6865,9606.249889,0.82717509,28.354407,28.354407
2025-08-18,3728.0273,15.9839000701904,1.7872,4.2208,11339.419432,0.84551638,6.277028,12.725674
2025-08-19,3727.2879,15.972900390625,1.7725,3.7918,10608.992357,-0.01983355,70.489998,70.489998
2025-08-20,3766.2104,16.1264991760254,1.782,3.7097,10175.001641,1.04425794,72.623899,74.726605
2025-08-21,3771.0989,16.1606998443604,1.7667,3.7637,9977.419008,0.12979891,19.426733,19.426733
2025-08-22,3825.7592,16.4088001251221,1.7818,3.8085,10950.914957,1.44945284,26.365907,54.609267
2025-08-25,3883.5617,16.6315994262695,1.7643,4.812,13609.03869,1.51087659,56.519401,73.060037
2025-08-26,3868.382,16.5736999511719,1.7598,3.9955,11141.878953,-0.39087058,85.169051,116.61949
2025-08-27,3800.3499,16.288200378418,1.7988,4.6544,13268.48744,-1.75867068,40.57495,50.57495
2025-08-28,3843.5974,16.5659008026123,1.8478,4.2899,12651.855342,1.13798732,23.013255,23.115746
2025-08-29,3857.9274,16.5610008239746,1.8379,4.0255,12216.918516,0.37282781,18.683833,18.683833
2025-09-01,3875.5304,16.5914001464844,1.8257,4.0728,12083.479809,0.45628127,35.824486,35.824486
2025-09-02,3858.1334,16.5636005401611,1.8167,4.1567,12227.77664,-0.4488934,129.150757,150.329699
2025-09-03,3813.5566,16.3812999725342,1.7984,3.5145,10122.96084,-1.1553981,10.895935,22.161427
2025-09-04,3765.8759,16.1968002319336,1.806,3.8757,11078.920432,-1.2502948,55.056541,55.056541
2025-09-05,3812.5143,16.3428001403809,1.826,3.4434,9790.617102,1.23844761,12.355545,12.355545
2025-09-08,3826.8407,16.3976001739502,1.8514,3.631,10258.8375,0.37577302,23.441647,23.441647
2025-09-09,3807.2923,16.3103008270264,1.8641,3.2924,9177.953062,-0.51082346,93.211491,101.685058
2025-09-10,3812.2212,16.3432006835938,1.8992,2.9315,8211.135845,0.12945946,44.630716,47.040224
2025-09-11,3875.3094,16.585599899292,1.8743,3.3861,10167.940014,1.65489348,0.213087,22.012292
2025-09-12,3870.5984,16.5834007263184,1.867,3.852,10938.073007,-0.12156449,23.762859,23.762859
2025-09-15,3860.5036,16.5415000915527,1.8724,3.5501,9861.719939,-0.26080722,10.519484,10.519484
2025-09-16,3861.8651,16.5400009155273,1.8527,3.6989,9897.861379,0.03526742,176.036834,246.384059
2025-09-17,3876.3409,16.6053009033203,1.8349,3.6199,10066.790809,0.37483961,22.463745,430.321898
2025-09-18,3831.6562,16.400899887085,1.8546,4.8016,13659.624236,-1.15275465,26.78961,28.988127
2025-09-19,3820.0894,16.3658008575439,1.8789,3.7404,10163.483107,-0.30187468,2.443919,12.253566
2025-09-22,3828.5764,16.3827991485596,1.8647,3.1166,9417.999821,0.22216758,27.418308,27.418308
2025-09-23,3821.8327,16.3819007873535,1.877,3.8461,10716.978261,-0.17614119,120.387141,158.531238
2025-09-24,3853.6422,16.5090999603271,1.9022,3.2987,10157.078705,0.83231011,16.382433,84.365894
2025-09-25,3853.3021,16.5079002380371,1.884,3.2326,10012.113691,-0.00882542,19.454586,19.454586
2025-09-26,3828.106,16.4109001159668,1.8768,3.0216,9278.649034,-0.65388333,64.094805,64.094805
2025-09-29,3862.5317,16.5417003631592,1.887,3.3362,9682.123976,0.89928806,11.495008,17.199562
2025-09-30,3882.7774,16.6235008239746,1.8605,3.1243,9732.749516,0.52415622,46.034013,48.170958
2025-10-09,3933.9724,16.8332004547119,1.8466,3.9781,12168.887161,1.31851494,6.394867,9.008453
2025-10-10,3897.0281,16.6891002655029,1.846,3.943,11321.271517,-0.93910928,2.287381,2.287381
2025-10-13,3889.5022,16.6686992645264,1.8383,3.8917,10854.135913,-0.19311896,11.85156,11.85156
2025-10-14,3865.2289,16.5925998687744,1.8368,4.397,12099.838277,-0.62407215,40.190597,40.190597
2025-10-15,3912.2095,16.7754001617432,1.8449,3.5401,9615.521656,1.21546747,33.338361,33.338361
2025-10-16,3916.228,16.8176002502441,1.8407,3.2655,8692.645805,0.10271689,,
2025-10-17,3839.7553,16.5128993988037,1.8246,3.3748,8731.815979,-1.95271317,0.100009,0.100009
2025-10-20,3863.8926,16.5921993255615,1.8498,3.0019,7725.032196,0.62861558,24.533177,30.533177
2025-10-21,3916.3322,16.7921009063721,1.8357,3.2789,8379.383983,1.35717023,20.169244,20.169244
2025-10-22,3913.7576,16.8057994842529,1.8293,2.968,7415.247984,-0.06574008,37.832563,37.832563
2025-10-23,3922.4101,16.8486995697021,1.8391,3.0834,7189.31052,0.2210791,39.000682,39.000682
2025-10-24,3950.3115,16.9473991394043,1.8486,3.0977,8584.912532,0.71133307,13.904265,33.423056
2025-10-27,3996.9445,17.0898990631104,1.8423,3.4843,10434.040432,1.18048918,75.290204,75.290204
2025-10-28,3988.2239,17.0048999786377,1.8179,3.1503,9407.608645,-0.21818166,95.223695,185.13528
2025-10-29,4016.331,16.9601001739502,1.8208,3.3458,9682.157133,0.70475231,31.859265,31.859265
2025-10-30,3986.9008,16.81369972229,1.8098,3.6544,10700.585894,-0.73276331,40.640402,51.626948
2025-10-31,3954.79,16.4543991088867,1.7954,3.7026,10311.046168,-0.80540755,75.610209,106.766555
2025-11-03,3976.5207,16.5557994842529,1.7944,3.5179,9417.036993,0.54947797,7.010114,7.010114
2025-11-04,3960.186,16.5151996612549,1.7984,3.3671,8529.383684,-0.4107787,115.189345,151.827049
2025-11-05,3969.2483,16.5338001251221,1.7964,3.3587,8271.335769,0.22883521,78.226755,82.226867
2025-11-06,4007.7599,16.6909999847412,1.81,3.4303,9302.755544,0.9702492,17.936097,17.936097
2025-11-07,3997.5557,16.6466999053955,1.8142,3.26,8754.867464,-0.25461106,,
2025-11-10,4018.5972,16.7397994995117,1.8139,3.4673,9605.886458,0.52635914,0.138737,0.138737
2025-11-11,4002.7576,16.6760005950928,1.8119,3.1803,8583.621426,-0.39415744,74.464567,77.369995
2025-11-12,4000.1396,16.6951999664307,1.8071,3.2056,8404.672099,-0.06540491,20.559073,20.681354
2025-11-13,4029.5012,16.7931995391846,1.8126,3.3534,8764.009236,0.73401438,33.489551,33.489551
2025-11-14,3990.4921,16.6422004699707,1.814,3.4004,8379.695022,-0.96808756,10.054107,10.054107
2025-11-17,3972.0348,16.5629997253418,1.8109,3.2342,8057.331257,-0.46253193,50.952874,50.952874
2025-11-18,3939.8131,16.4452991485596,1.8121,3.238,7909.485984,-0.81121394,116.785366,120.785366
2025-11-19,3946.7424,16.4983005523682,1.8179,2.8946,7209.087592,0.1758789,16.566962,69.073718
2025-11-20,3931.0512,16.4647006988525,1.8135,2.9197,7113.41284,-0.39757345,2.247159,63.380794
2025-11-21,3834.8908,16.1002006530762,1.8166,3.4481,8249.311348,-2.44617521,34.418519,53.587134
2025-11-24,3836.7655,16.0879001617432,1.821,2.7617,7155.392474,0.04888536,2.531075,2.531075
2025-11-25,3870.0228,16.2236003875732,1.8301,2.6202,7227.887828,0.86680565,114.963098,155.050412
2025-11-26,3864.1844,16.1926002502441,1.8462,2.498,7010.198725,-0.15086216,5.84979,5.84979
2025-11-27,3875.2594,16.235200881958,1.8537,2.4217,6985.191072,0.28660641,6.793128,6.893327
2025-11-28,3888.5962,16.2703990936279,1.8412,2.4591,6457.558151,0.34415245,8.260541,8.260541
2025-12-01,3914.0061,16.3745002746582,1.8366,2.9296,7856.583419,0.65344661,,25.211476
2025-12-02,3897.7116,16.3145999908447,1.8442,2.4724,6274.406725,-0.41631259,94.894671,147.465068
2025-12-03,3877.9996,16.2236003875732,1.8519,2.6429,6471.665282,-0.50573265,18.103174,25.816638
2025-12-04,3875.7933,16.2220001220703,1.8718,2.4252,6237.125715,-0.05689273,8.560766,61.052344
2025-12-05,3902.8076,16.3269004821777,1.848,2.7347,7167.424489,0.69700053,26.32335,106.34351
2025-12-08,3924.0778,16.4015007019043,1.8499,2.9936,8394.390034,0.5449974,,
2025-12-09,3909.5216,16.3400001525879,1.8425,2.8571,7811.603994,-0.37094575,47.3923,83.566769
2025-12-10,3900.496,16.2924995422363,1.8447,2.7159,7303.598284,-0.23086201,40.815867,40.815867
2025-12-11,3873.3176,16.1769008636475,1.8404,2.8691,7643.501516,-0.69679343,2.84469,37.20268
2025-12-12,3889.3457,16.2397994995117,1.8396,3.1219,9099.509055,0.41380805,0.137295,2.290575
2025-12-15,3867.9209,16.1557006835938,1.8488,2.7372,7646.048155,-0.55085872,,
2025-12-16,3824.8119,15.9858999252319,1.8458,2.8011,7332.94004,-1.11452641,38.386238,63.127037
2025-12-17,3870.2775,16.1695995330811,1.834,2.8006,7668.205263,1.18870159,30.998475,87.94668
2025-12-18,3876.3705,16.2178993225098,1.8356,2.5144,7048.955952,0.15743057,16.097853,22.856295
2025-12-19,3890.4475,16.2612991333008,1.8308,2.809,7380.660048,0.36314898,9.278185,9.278185
2025-12-22,3917.3638,16.3633003234863,1.8415,2.8565,7897.563868,0.69185614,5.112315,5.112315
2025-12-23,3919.9786,16.3824005126953,1.8352,2.8456,8068.53443,0.06674897,83.102628,152.292294
2025-12-24,3940.947,16.4580993652344,1.8356,2.5912,7739.286245,0.53491108,25.806013,57.067268
2025-12-25,3959.6211,16.5207996368408,1.8386,2.5659,7850.186501,0.47384804,20.083709,27.119934
2025-12-26,3963.6789,16.5340995788574,1.8376,3.0361,8936.443639,0.1024795,30.159767,37.351703
2025-12-29,3965.2796,16.5578994750977,1.8584,3.0825,9038.197268,0.0403842,27.854194,28.059392
2025-12-30,3965.1159,16.565299987793,1.8582,2.875,8875.333186,-0.00412833,51.245014,78.14906
2025-12-31,3968.8401,16.5904006958008,1.8473,2.6808,8295.118975,0.09392411,12.948071,12.948071
2026-01-05,4023.4167,16.8040008544922,1.8584,3.2639,10673.341692,1.37512721,,
2026-01-06,4083.6672,17.0400009155273,1.8829,3.8432,11757.68705,1.4974959,,
2026-01-07,4085.7723,17.0244007110596,1.9019,3.7335,11974.227983,0.05154925,23.82207,23.82207
2026-01-08,4082.9788,17.0002994537354,1.8905,3.6353,11831.88756,-0.06837141,35.67967,47.664949
2026-01-09,4120.426,17.1354007720947,1.8782,3.9839,12892.059723,0.91715392,10.42116,10.42116
2026-01-12,4165.287,17.2887992858887,1.8585,4.5838,14462.30122,1.08874665,9.560105,9.560105
2026-01-13,4138.7585,17.2180995941162,1.8519,4.7481,14815.742186,-0.63689489,24.3562,34.956024
2026-01-14,4126.0932,17.1387996673584,1.8494,5.2162,16070.412378,-0.30601689,3.323857,3.323857
2026-01-15,4112.6012,17.0764007568359,1.8544,3.7134,11759.150974,-0.32699213,29.966327,69.970613
2026-01-16,4101.9127,17.0154991149902,1.8424,4.1443,13380.1728,-0.25989634,66.426735,66.426735
2026-01-19,4114.0001,17.0492992401123,1.8393,3.7595,11901.378136,0.29467716,26.497643,26.497643
2026-01-20,4113.649,17.0541000366211,1.8326,4.014,12214.856262,-0.00853427,157.133311,166.890555
2026-01-21,4116.94,17.0571994781494,1.8312,3.6438,11801.84557,0.08000196,37.560549,37.560549
2026-01-22,4122.576,17.0737991333008,1.8425,3.8804,12017.642102,0.13689779,40.032408,60.031299
2026-01-23,4136.1642,17.0976009368896,1.8298,4.2776,13368.570548,0.3296046,131.960664,153.56404
2026-01-26,4132.6052,17.1149997711182,1.8242,4.8458,14518.5984,-0.08604591,5.31694,28.849149
2026-01-27,4139.9041,17.1502990722656,1.8311,4.124,12894.323789,0.1766174,221.318876,221.318876
2026-01-28,4151.2378,17.233699798584,1.8164,4.4989,13655.260571,0.27376721,98.25299,113.30377
2026-01-29,4157.9845,17.2828006744385,1.8174,4.9479,14857.953954,0.16252261,25.91628,26.023382
2026-01-30,4117.9476,17.1140995025635,1.8112,4.3945,12698.55689,-0.962892,64.312009,64.312009
2026-02-02,4015.7464,16.6903991699219,1.82,4.0053,11635.326542,-2.481848,58.438267,58.438267
2026-02-03,4067.7379,16.8656997680664,1.8172,3.4833,11107.20213,1.29469082,44.051778,61.657853
2026-02-04,4102.202,17.0265998840332,1.8193,3.6857,10635.447699,0.84725469,61.36449,71.454428
2026-02-05,4075.9167,16.9242000579834,1.8169,3.2562,9469.888913,-0.64076074,12.257187,20.680849
2026-02-06,4065.5834,16.8899993896484,1.8102,3.0386,8986.55033,-0.25352088,93.285635,96.362092
2026-02-09,4123.0897,17.1063995361328,1.8114,3.1314,9497.26336,1.41446613,26.655831,38.04274
2026-02-10,4128.3731,17.1429004669189,1.8094,2.8577,8822.01747,0.12814177,247.582101,309.786022
2026-02-11,4131.985,17.1613998413086,1.7994,2.7221,8226.075473,0.08748967,100.882447,151.016337
2026-02-12,4134.0178,17.154899597168,1.7893,2.8863,8979.550348,0.04919669,52.4459,71.603351
2026-02-13,4082.0726,16.9321002960205,1.7928,2.7333,8468.083375,-1.25653063,8.682344,8.682344
2026-02-24,4117.4089,17.1028003692627,1.8023,3.0897,9386.11376,0.86564604,,
2026-02-25,4147.2305,17.1870994567871,1.8158,3.9505,10859.695612,0.72428075,8.592704,8.592704
2026-02-26,4146.6311,17.1587009429932,1.8288,3.5563,10671.987174,-0.01445302,0.206193,0.206193
2026-02-27,4162.8815,17.2003993988037,1.7877,3.7151,10723.678316,0.39189404,5.711126,5.711126
2026-03-02,4182.5909,17.3241004943848,1.7761,4.702,13458.924694,0.47345571,0.101559,0.101559
2026-03-03,4122.676,17.1664009094238,1.7807,5.026,14257.902023,-1.43248291,21.146751,43.195798
2026-03-04,4082.474,16.9923000335693,1.7768,4.1751,11130.819861,-0.97514333,0.886088,0.886088
2026-03-05,4108.567,17.0834007263184,1.7779,3.7559,10680.437348,0.63914675,4.335753,4.335753
2026-03-06,4124.194,17.1247005462646,1.781,3.5278,9788.059271,0.38035159,0.707187,50.582424
2026-03-09,4096.6023,17.0492000579834,1.8054,4.3467,11941.061932,-0.66902042,16.349069,16.349069
2026-03-10,4123.138,17.118200302124,1.8055,3.6743,10364.272053,0.64774899,58.881344,61.945924
2026-03-11,4133.4331,17.1798000335693,1.8075,3.8417,10636.008744,0.24969089,116.826669,126.339786
2026-03-12,4129.1026,17.1798992156982,1.8052,4.2713,10782.153298,-0.10476763,34.1275,34.1275
2026-03-13,4095.4485,17.0503005981445,1.8143,4.2851,10639.181694,-0.81504635,122.122366,122.122366
2026-03-16,4084.7858,17.0060005187988,1.8312,3.9722,10372.23834,-0.26035488,,2.849156
2026-03-17,4049.9073,16.8812999725342,1.8314,3.6528,9512.281293,-0.85386362,181.054286,247.340691
2026-03-18,4062.9844,16.9335994720459,1.8175,3.361,8763.274914,0.32289875,41.950797,63.794059
2026-03-19,4006.5523,16.7626991271973,1.8252,3.6123,9352.649561,-1.38893223,13.65076,16.880469
2026-03-20,3957.0527,16.5902996063232,1.8299,3.5892,9648.631086,-1.23546621,8.737121,10.957461
2026-03-23,3813.2829,16.0037002563477,1.8316,4.344,10862.48286,-3.63325462,18.892281,18.892281
2026-03-24,3881.2797,16.2730007171631,1.8272,3.6673,9314.188427,1.78315645,119.677742,146.18563
2026-03-25,3931.8375,16.4601993560791,1.8233,3.6929,9678.542612,1.30260646,28.24429,28.24429
2026-03-26,3889.0835,16.3444995880127,1.8194,3.3168,8483.613351,-1.08737963,2.153033,4.423196
2026-03-27,3913.7238,16.5182991027832,1.8172,3.0141,7996.964309,0.63357601,41.511687,59.510964
2026-03-30,3923.2869,16.5646991729736,1.8063,3.2237,8398.224347,0.24434785,2.311549,2.311549
2026-03-31,3891.8605,16.5519008636475,1.8171,3.2873,8919.453396,-0.80102222,14.16284,30.622097
2026-04-01,3948.5521,16.7553997039795,1.8244,3.0595,8972.782139,1.45667092,7.826593,7.927788
2026-04-02,3919.2852,16.6399002075195,1.8209,2.9501,8118.96567,-0.74120587,2.989839,5.222057
2026-04-03,3880.0967,16.4789009094238,1.8199,2.669,7138.303321,-0.99988896,5.153397,5.153397
2026-04-07,3890.1645,16.528299331665,1.8171,2.5729,7239.058373,0.25947291,13.661401,23.661401
2026-04-08,3994.9975,16.9099998474121,1.8136,3.494,10742.117013,2.69482177,22.241258,49.945547
2026-04-09,3966.1712,16.806999206543,1.8192,2.9373,9024.818401,-0.7215599,8.739643,11.298955
2026-04-10,3986.2247,16.8703994750977,1.8128,2.9492,9556.641072,0.50561358,3.694906,3.694906
2026-04-13,3988.558,16.8731994628906,1.7933,2.9437,9194.364818,0.05853408,2.41461,2.41461
2026-04-14,4026.6256,17.0161991119385,1.7829,3.0784,9984.35132,0.95442012,38.206825,41.0942
2026-04-15,4027.2095,17.023099899292,1.7809,3.0759,10288.518715,0.01450098,15.700948,15.700948
2026-04-16,4055.5468,17.113000869751,1.7812,2.9421,9765.654897,0.70364604,29.645878,36.545345
2026-04-17,4051.4254,17.1189002990723,1.7623,2.9613,10135.206602,-0.10162378,52.731085,52.731085
2026-04-20,4082.1271,17.2698993682861,1.7627,3.1857,10845.780064,0.75779996,12.986057,24.114746
2026-04-21,4085.0766,17.3139991760254,1.751,3.098,10333.490162,0.072254,59.492743,94.617192
2026-04-22,4106.2581,17.3311996459961,1.7389,3.1366,10936.258924,0.51850925,124.916261,169.378432
2026-04-23,4093.2501,17.279899597168,1.7548,3.6077,12343.962076,-0.31678476,10.505462,13.801325
2026-04-24,4079.9004,17.2339992523193,1.7601,3.2538,11430.001951,-0.32613937,9.505652,9.505652
2026-04-27,4086.3442,17.3255004882812,1.7697,3.1736,11360.519217,0.15794013,5.817804,5.817804
2026-04-28,4078.6374,17.3939990997314,1.7654,3.2321,11139.555619,-0.18859889,129.202839,167.190197
2026-04-29,4107.5144,17.4734001159668,1.7444,3.3099,11266.153711,0.70800606,50.845633,69.350952
2026-04-30,4112.1593,17.5594997406006,1.7473,3.533,12761.947391,0.11308299,55.229296,63.116666
2026-05-06,4160.1737,17.7203006744385,1.7654,3.7785,14659.031934,1.16762014,8.21856,11.454958
2026-05-07,4180.0922,17.7672996520996,1.7631,3.6872,13590.9951,0.4787901,89.56012,101.902422
2026-05-08,4179.9524,17.7586994171143,1.7648,3.7449,13316.730661,-0.00334442,3.130151,3.130151
2026-05-11,4225.0207,17.8920001983643,1.7622,4.1292,15843.667462,1.07820127,5.500089,5.500089
2026-05-12,4214.4891,17.8542003631592,1.7592,3.8668,14652.725906,-0.24926742,62.6636,62.6636
2026-05-13,4242.572,17.9444999694824,1.7514,3.7784,14474.639477,0.66634174,11.83804,33.040547
2026-05-14,4177.9175,17.7045993804932,1.7588,4.1118,14981.168006,-1.52394585,8.491538,8.491538
2026-05-15,4135.3894,17.5447998046875,1.7658,3.9505,15192.400265,-1.0179258,60.691876,60.691876
2026-05-18,4131.5276,17.5301990509033,1.7585,3.3807,13150.841954,-0.09338419,77.066777,83.005389
2026-05-19,4169.5378,17.6868000030518,1.7345,3.328,13065.22478,0.92000354,31.561845,31.561845
2026-05-20,4162.1845,17.6702995300293,1.7382,3.2992,13589.269392,-0.17635768,32.106964,32.106964
2026-05-21,4077.2765,17.3360004425049,1.7448,3.8928,15957.266947,-2.03998645,63.312745,63.312745
2026-05-22,4112.8996,17.4645004272461,1.7519,3.1644,12858.475217,0.87369841,22.902616,38.142616
2026-05-25,4152.5686,17.6445007324219,1.7484,3.3083,14456.553784,0.96450203,0.821539,78.139714
2026-05-26,4145.373,17.63330078125,1.7405,3.4999,14616.853777,-0.1732807,249.528009,258.663136
2026-05-27,4093.7266,17.4165000915527,1.7216,3.5275,14734.49051,-1.24588065,29.248829,31.349079
2026-05-28,4098.6358,17.4398994445801,1.7193,3.3217,13613.257329,0.11992007,76.115547,79.125541
2026-05-29,4068.5691,17.3302001953125,1.709,3.922,15320.67353,-0.73357823,17.725156,47.68234
2026-06-01,4057.74,17.2924995422363,1.7009,3.6222,13198.01914,-0.26616483,36.468704,76.468704
2026-06-02,4075.1016,17.3733997344971,1.7036,3.4504,12809.661762,0.42786379,94.880181,154.947146
2026-06-03,4083.974,17.4123001098633,1.7128,3.5512,14297.558446,0.21772218,23.390734,23.390734
2026-06-04,4057.7811,17.3015995025635,1.7081,3.3251,12746.521824,-0.64135815,3.70205,3.70205
2026-06-05,4027.7362,17.1660003662109,1.7207,3.5571,13638.878685,-0.74042683,9.774794,39.761662
2026-06-08,3959.3378,16.9260997772217,1.7275,3.5358,12672.772357,-1.6981847,3.825158,3.825158
2026-06-09,4010.0307,17.1033000946045,1.7376,3.0929,11730.889304,1.28033784,29.784479,45.327604
2026-06-10,3993.2258,17.0499992370605,1.7476,3.2073,12270.700671,-0.4190716,7.485074,7.485074
2026-06-11,3987.0147,17.0328998565674,1.7475,3.0519,11855.546107,-0.15554092,0.204782,0.204782
2026-06-12,4031.5129,17.2110996246338,1.7427,4.0062,15374.015194,1.11607815,2.812441,11.168454
2026-06-15,4096.4717,17.2413997650146,1.7446,3.6625,14035.862312,1.61127601,9.376579,9.376579
2026-06-16,4091.8917,17.1840991973877,1.7324,3.317,13696.129897,-0.11180353,247.640986,299.347443
2026-06-17,4108.0762,17.2457008361816,1.727,3.2735,14031.459099,0.39552611,26.996015,76.996015
2026-06-18,4090.4813,17.1417999267578,1.7299,3.5273,15604.739727,-0.42830023,52.322163,110.396224
2026-06-22,4163.0965,17.4435997009277,1.7375,4.0056,17040.004217,1.77522386,0.114332,2.609973
2026-06-23,4106.2517,17.2283000946045,1.7437,3.8305,15945.423624,-1.36544517,75.033961,86.96456
2026-06-24,4110.8134,17.2313995361328,1.7454,3.469,15141.93285,0.11109158,18.831051,31.476513
2026-06-25,4120.2806,17.2632999420166,1.7351,3.6057,16189.96555,0.23029992,17.239577,17.239577
2026-06-26,4027.2648,16.8841991424561,1.7314,3.546,16211.957087,-2.2575113,14.59783,24.890365
2026-06-29,4073.9017,17.0879001617432,1.717,3.5388,16662.203695,1.15802914,77.887206,80.360271
2026-06-30,4094.3972,17.1315002441406,1.733,3.2143,15303.259617,0.50309265,79.131518,87.479898
2026-07-01,4112.4453,17.198299407959,1.7448,3.6149,16984.875723,0.44079993,4.331641,4.331641
2026-07-02,4028.9038,16.8787994384766,1.741,3.5383,15771.837347,-2.03143128,1.907238,1.907238
2026-07-03,4043.6432,16.9409999847412,1.7463,3.2247,14655.631049,0.36584145,,2.992918
2026-07-06,4041.2382,16.976900100708,1.7379,3.1434,14321.128211,-0.05947607,2.531972,2.531972
2026-07-07,3990.2353,16.8043994903564,1.7406,2.7499,11963.710879,-1.26206122,15.916127,15.916127
2026-07-08,3970.8797,16.7950992584229,1.7385,2.6477,11923.557982,-0.48507415,10.451132,16.420946
2026-07-09,4036.5879,17.0485992431641,1.7376,2.9385,13641.765526,1.65475172,2.487704,5.486384
2026-07-10,3996.1616,16.8997001647949,1.7398,3.3605,15631.086915,-1.00149683,4.365211,33.28196
2026-07-13,3913.794,16.6319999694824,1.7442,3.1623,13348.719339,-2.0611679,2.53898,2.53898
2026-07-14,3967.1262,16.8370990753174,1.7402,3.0973,12717.968397,1.36267264,20.672659,46.825496
2026-07-15,3955.5781,16.8047008514404,1.7406,3.0832,12262.982699,-0.29109485,7.650427,9.678762
2026-07-16,3882.4126,16.5254001617432,1.7437,2.8422,11242.081662,-1.84967906,97.870905,122.486436
2026-07-17,3764.1547,16.0948009490967,1.7404,3.4649,12464.454528,-3.04599001,13.875122,16.097991
2026-07-20,3796.2814,16.317699432373,1.7453,3.7874,12946.518958,0.85349043,29.275547,29.275547
2026-07-21,3864.3671,16.5655994415283,1.745,3.9223,13965.176196,1.79348401,82.958828,111.530994
2026-07-22,3867.0336,16.5939998626709,1.7297,3.2891,12581.481282,0.06900224,7.348715,9.551314
2026-07-23,3876.7774,16.617000579834,1.7325,3.0056,10258.755177,0.25197092,10.929829,95.424683
2026-07-24,3814.1978,16.3642997741699,1.7282,2.7162,9153.663983,-1.614217,63.864178,72.82841
2026-07-27,3858.245,16.5111,2.1106,2.5486032,10313.1214,1.1548,6.3,8.37
2026-07-28,3858.245,16.5111,,,,,,
